bank,problem_id,variant,problem_family,problem_subtype,char_len_canonical,char_len_variant,char_similarity,n_tokens_canonical,n_tokens_variant,token_jaccard,text_identical_to_canonical,answer_identical_to_canonical,answer_expected,near_duplicate_vs_canonical,near_duplicate_w6_peer,near_dup_jaccard_floor,transform_status
ALGO,CC_01,W1,coin change,coin_change,375,303,0.4189,61,47,0.2703,False,True,identical,False,,0.85,transformed
ALGO,CC_01,W2,coin change,coin_change,375,621,0.2912,61,96,0.2841,False,True,identical,False,,0.85,transformed
ALGO,CC_01,W3,coin change,coin_change,375,452,0.2346,61,83,0.3068,False,False,identical,False,,0.85,answer_mismatch
ALGO,CC_01,W4,coin change,coin_change,375,497,0.2202,61,71,0.125,False,True,identical,False,,0.85,transformed
ALGO,CC_02,W1,coin change,coin_change,379,286,0.4391,64,47,0.338,False,True,identical,False,,0.85,transformed
ALGO,CC_02,W2,coin change,coin_change,379,622,0.2977,64,96,0.3182,False,True,identical,False,,0.85,transformed
ALGO,CC_02,W3,coin change,coin_change,379,451,0.2193,64,83,0.2826,False,False,identical,False,,0.85,answer_mismatch
ALGO,CC_02,W4,coin change,coin_change,379,500,0.2321,64,71,0.1443,False,True,identical,False,,0.85,transformed
ALGO,CC_03,W1,coin change,coin_change,383,306,0.3657,65,50,0.3857,False,True,identical,False,,0.85,transformed
ALGO,CC_03,W2,coin change,coin_change,383,626,0.2478,65,97,0.3258,False,True,identical,False,,0.85,transformed
ALGO,CC_03,W3,coin change,coin_change,383,457,0.2238,65,85,0.2766,False,False,identical,False,,0.85,answer_mismatch
ALGO,CC_03,W4,coin change,coin_change,383,504,0.2165,65,72,0.1531,False,True,identical,False,,0.85,transformed
ALGO,CC_04,W1,coin change,coin_change,389,298,0.4891,66,49,0.3944,False,True,identical,False,,0.85,transformed
ALGO,CC_04,W2,coin change,coin_change,389,628,0.3127,66,97,0.3371,False,True,identical,False,,0.85,transformed
ALGO,CC_04,W3,coin change,coin_change,389,467,0.2173,66,87,0.2842,False,False,identical,False,,0.85,answer_mismatch
ALGO,CC_04,W4,coin change,coin_change,389,493,0.2744,66,73,0.16,False,True,identical,False,,0.85,transformed
ALGO,CC_05,W1,coin change,coin_change,383,276,0.525,65,44,0.4462,False,True,identical,False,,0.85,transformed
ALGO,CC_05,W2,coin change,coin_change,383,622,0.2488,65,96,0.3295,False,True,identical,False,,0.85,transformed
ALGO,CC_05,W3,coin change,coin_change,383,459,0.2328,65,85,0.2903,False,False,identical,False,,0.85,answer_mismatch
ALGO,CC_05,W4,coin change,coin_change,383,487,0.2207,65,72,0.1515,False,True,identical,False,,0.85,transformed
ALGO,CC_06,W1,coin change,coin_change,384,303,0.5066,65,49,0.3971,False,True,identical,False,,0.85,transformed
ALGO,CC_06,W2,coin change,coin_change,384,627,0.3046,65,97,0.3258,False,True,identical,False,,0.85,transformed
ALGO,CC_06,W3,coin change,coin_change,384,459,0.2206,65,84,0.2935,False,False,identical,False,,0.85,answer_mismatch
ALGO,CC_06,W4,coin change,coin_change,384,505,0.261,65,72,0.1531,False,True,identical,False,,0.85,transformed
ALGO,CC_07,W1,coin change,coin_change,382,283,0.4421,65,45,0.4394,False,True,identical,False,,0.85,transformed
ALGO,CC_07,W2,coin change,coin_change,382,625,0.3019,65,97,0.3258,False,True,identical,False,,0.85,transformed
ALGO,CC_07,W3,coin change,coin_change,382,458,0.2214,65,85,0.2903,False,False,identical,False,,0.85,answer_mismatch
ALGO,CC_07,W4,coin change,coin_change,382,503,0.2305,65,72,0.1531,False,True,identical,False,,0.85,transformed
ALGO,CC_08,W1,coin change,coin_change,385,295,0.4765,65,48,0.3611,False,True,identical,False,,0.85,transformed
ALGO,CC_08,W2,coin change,coin_change,385,628,0.306,65,97,0.3258,False,True,identical,False,,0.85,transformed
ALGO,CC_08,W3,coin change,coin_change,385,461,0.2199,65,85,0.2903,False,False,identical,False,,0.85,answer_mismatch
ALGO,CC_08,W4,coin change,coin_change,385,506,0.2626,65,72,0.1531,False,True,identical,False,,0.85,transformed
ALGO,CC_09,W1,coin change,coin_change,392,287,0.5066,66,48,0.375,False,True,identical,False,,0.85,transformed
ALGO,CC_09,W2,coin change,coin_change,392,635,0.3155,66,98,0.3333,False,True,identical,False,,0.85,transformed
ALGO,CC_09,W3,coin change,coin_change,392,470,0.2181,66,87,0.2842,False,False,identical,False,,0.85,answer_mismatch
ALGO,CC_09,W4,coin change,coin_change,392,515,0.2734,66,73,0.1616,False,True,identical,False,,0.85,transformed
ALGO,CC_10,W1,coin change,coin_change,397,297,0.4726,67,47,0.4348,False,True,identical,False,,0.85,transformed
ALGO,CC_10,W2,coin change,coin_change,397,640,0.3221,67,99,0.3407,False,True,identical,False,,0.85,transformed
ALGO,CC_10,W3,coin change,coin_change,397,477,0.2151,67,89,0.2784,False,False,identical,False,,0.85,answer_mismatch
ALGO,CC_10,W4,coin change,coin_change,397,520,0.2814,67,74,0.17,False,True,identical,False,,0.85,transformed
ALGO,SP_001,W1,algorithmic,shortest_path,1191,1405,0.0971,263,287,0.4748,False,True,identical,False,,0.85,transformed
ALGO,SP_001,W2,algorithmic,shortest_path,1191,923,0.5156,263,245,0.3874,False,True,identical,False,,0.85,transformed
ALGO,SP_001,W3,algorithmic,shortest_path,1191,1128,0.0707,263,258,0.2349,False,False,identical,False,,0.85,answer_mismatch
ALGO,SP_001,W4,algorithmic,shortest_path,1191,767,0.049,263,143,0.1209,False,True,identical,False,,0.85,transformed
ALGO,SP_002,W1,algorithmic,shortest_path,2289,2339,0.0445,532,490,0.6099,False,True,identical,False,,0.85,transformed
ALGO,SP_002,W2,algorithmic,shortest_path,2289,1979,0.5698,532,546,0.3209,False,True,identical,False,,0.85,transformed
ALGO,SP_002,W3,algorithmic,shortest_path,2289,1048,0.0689,532,137,0.1592,False,False,identical,False,,0.85,answer_mismatch
ALGO,SP_002,W4,algorithmic,shortest_path,2289,1056,0.0317,532,168,0.0961,False,True,identical,False,,0.85,transformed
ALGO,SP_003,W1,algorithmic,shortest_path,3326,3684,0.1193,742,783,0.5375,False,True,identical,False,,0.85,transformed
ALGO,SP_003,W2,algorithmic,shortest_path,3326,2920,0.7067,742,786,0.4161,False,True,identical,False,,0.85,transformed
ALGO,SP_003,W3,algorithmic,shortest_path,3326,1417,0.0599,742,185,0.1373,False,False,identical,False,,0.85,answer_mismatch
ALGO,SP_003,W4,algorithmic,shortest_path,3326,1364,0.0303,742,200,0.0885,False,True,identical,False,,0.85,transformed
ALGO,SP_004,W1,algorithmic,shortest_path,1430,1462,0.2593,296,288,0.5085,False,True,identical,False,,0.85,transformed
ALGO,SP_004,W2,algorithmic,shortest_path,1430,1038,0.1143,296,237,0.2988,False,True,identical,False,,0.85,transformed
ALGO,SP_004,W3,algorithmic,shortest_path,1430,1376,0.1397,296,234,0.2624,False,False,identical,False,,0.85,answer_mismatch
ALGO,SP_004,W4,algorithmic,shortest_path,1430,838,0.0732,296,181,0.156,False,True,identical,False,,0.85,transformed
ALGO,SP_005,W1,algorithmic,shortest_path,1754,1995,0.184,395,392,0.3053,False,True,identical,False,,0.85,transformed
ALGO,SP_005,W2,algorithmic,shortest_path,1754,1679,0.081,395,384,0.1629,False,True,identical,False,,0.85,transformed
ALGO,SP_005,W3,algorithmic,shortest_path,1754,1389,0.0802,395,188,0.1239,False,False,identical,False,,0.85,answer_mismatch
ALGO,SP_005,W4,algorithmic,shortest_path,1754,857,0.0383,395,152,0.086,False,True,identical,False,,0.85,transformed
ALGO,WIS_001,W1,algorithmic,wis,691,791,0.5007,134,142,0.5969,False,True,identical,False,,0.85,transformed
ALGO,WIS_001,W2,algorithmic,wis,691,682,0.1092,134,183,0.328,False,True,identical,False,,0.85,transformed
ALGO,WIS_001,W3,algorithmic,wis,691,608,0.1016,134,108,0.2653,False,False,identical,False,,0.85,answer_mismatch
ALGO,WIS_001,W4,algorithmic,wis,691,463,0.078,134,101,0.0702,False,True,identical,False,,0.85,transformed
ALGO,WIS_002,W1,algorithmic,wis,851,792,0.2678,146,150,0.5899,False,True,identical,False,,0.85,transformed
ALGO,WIS_002,W2,algorithmic,wis,851,802,0.173,146,203,0.3015,False,True,identical,False,,0.85,transformed
ALGO,WIS_002,W3,algorithmic,wis,851,872,0.108,146,140,0.2632,False,False,identical,False,,0.85,answer_mismatch
ALGO,WIS_002,W4,algorithmic,wis,851,503,0.062,146,107,0.0585,False,True,identical,False,,0.85,transformed
ALGO,WIS_003,W1,algorithmic,wis,886,930,0.1718,155,165,0.5793,False,True,identical,False,,0.85,transformed
ALGO,WIS_003,W2,algorithmic,wis,886,858,0.0436,155,250,0.2535,False,True,identical,False,,0.85,transformed
ALGO,WIS_003,W3,algorithmic,wis,886,1087,0.0831,155,180,0.2766,False,False,identical,False,,0.85,answer_mismatch
ALGO,WIS_003,W4,algorithmic,wis,886,587,0.0353,155,119,0.0594,False,True,identical,False,,0.85,transformed
ALGO,WIS_004,W1,algorithmic,wis,878,882,0.4693,160,163,0.6643,False,True,identical,False,,0.85,transformed
ALGO,WIS_004,W2,algorithmic,wis,878,988,0.1125,160,302,0.2365,False,True,identical,False,,0.85,transformed
ALGO,WIS_004,W3,algorithmic,wis,878,1204,0.0615,160,180,0.2396,False,False,identical,False,,0.85,answer_mismatch
ALGO,WIS_004,W4,algorithmic,wis,878,673,0.0516,160,131,0.0558,False,True,identical,False,,0.85,transformed
ALGO,WIS_005,W1,algorithmic,wis,1262,1437,0.0667,213,218,0.7065,False,True,identical,False,,0.85,transformed
ALGO,WIS_005,W2,algorithmic,wis,1262,1256,0.1009,213,392,0.227,False,True,identical,False,,0.85,transformed
ALGO,WIS_005,W3,algorithmic,wis,1262,1581,0.045,213,248,0.2311,False,False,identical,False,,0.85,answer_mismatch
ALGO,WIS_005,W4,algorithmic,wis,1262,829,0.023,213,150,0.0324,False,True,identical,False,,0.85,transformed
ALGO,CC_031,W1,algorithmic,coin_change,378,367,0.4403,64,59,0.4306,False,True,identical,False,,0.85,transformed
ALGO,CC_031,W2,algorithmic,coin_change,378,67,0.0809,64,16,0.0645,False,True,identical,False,,0.85,transformed
ALGO,CC_031,W3,algorithmic,coin_change,378,425,0.3935,64,73,0.7258,False,True,identical,False,,0.85,transformed
ALGO,CC_031,W4,algorithmic,coin_change,378,369,0.0535,64,63,0.1209,False,True,identical,False,,0.85,transformed
ALGO,CC_031,W6,algorithmic,coin_change,378,380,0.9763,64,64,0.8545,False,False,different,True,CC_033,0.85,near_duplicate
ALGO,CC_032,W1,algorithmic,coin_change,382,351,0.0737,65,57,0.4521,False,True,identical,False,,0.85,transformed
ALGO,CC_032,W2,algorithmic,coin_change,382,71,0.0971,65,17,0.0794,False,True,identical,False,,0.85,transformed
ALGO,CC_032,W3,algorithmic,coin_change,382,452,0.5516,65,78,0.7344,False,True,identical,False,,0.85,transformed
ALGO,CC_032,W4,algorithmic,coin_change,382,373,0.0636,65,64,0.1304,False,True,identical,False,,0.85,transformed
ALGO,CC_032,W6,algorithmic,coin_change,382,383,0.8758,65,65,0.8571,False,False,different,True,CC_042,0.85,near_duplicate
ALGO,CC_033,W1,algorithmic,coin_change,379,374,0.3798,64,60,0.4054,False,True,identical,False,,0.85,transformed
ALGO,CC_033,W2,algorithmic,coin_change,379,68,0.085,64,16,0.0645,False,True,identical,False,,0.85,transformed
ALGO,CC_033,W3,algorithmic,coin_change,379,449,0.3937,64,77,0.7302,False,True,identical,False,,0.85,transformed
ALGO,CC_033,W4,algorithmic,coin_change,379,372,0.008,64,63,0.1209,False,True,identical,False,,0.85,transformed
ALGO,CC_033,W6,algorithmic,coin_change,379,379,0.8786,64,64,0.8545,False,False,different,True,CC_031,0.85,near_duplicate
ALGO,CC_034,W1,algorithmic,coin_change,382,349,0.394,64,56,0.4638,False,True,identical,False,,0.85,transformed
ALGO,CC_034,W2,algorithmic,coin_change,382,71,0.0971,64,16,0.0645,False,True,identical,False,,0.85,transformed
ALGO,CC_034,W3,algorithmic,coin_change,382,424,0.2655,64,72,0.7377,False,True,identical,False,,0.85,transformed
ALGO,CC_034,W4,algorithmic,coin_change,382,375,0.0079,64,63,0.1209,False,True,identical,False,,0.85,transformed
ALGO,CC_034,W6,algorithmic,coin_change,382,381,0.8729,64,64,0.8545,False,False,different,True,CC_031,0.85,near_duplicate
ALGO,CC_035,W1,algorithmic,coin_change,378,379,0.4571,64,62,0.4658,False,True,identical,False,,0.85,transformed
ALGO,CC_035,W2,algorithmic,coin_change,378,67,0.0809,64,16,0.0645,False,True,identical,False,,0.85,transformed
ALGO,CC_035,W3,algorithmic,coin_change,378,416,0.5693,64,72,0.7667,False,True,identical,False,,0.85,transformed
ALGO,CC_035,W4,algorithmic,coin_change,378,369,0.0535,64,63,0.1209,False,True,identical,False,,0.85,transformed
ALGO,CC_035,W6,algorithmic,coin_change,378,380,0.9815,64,64,0.8545,False,False,different,True,CC_031,0.85,near_duplicate
ALGO,CC_036,W1,algorithmic,coin_change,379,369,0.4439,64,58,0.411,False,True,identical,False,,0.85,transformed
ALGO,CC_036,W2,algorithmic,coin_change,379,68,0.085,64,16,0.0645,False,True,identical,False,,0.85,transformed
ALGO,CC_036,W3,algorithmic,coin_change,379,425,0.393,64,73,0.7258,False,True,identical,False,,0.85,transformed
ALGO,CC_036,W4,algorithmic,coin_change,379,372,0.0559,64,63,0.1209,False,True,identical,False,,0.85,transformed
ALGO,CC_036,W6,algorithmic,coin_change,379,380,0.9829,64,64,0.8545,False,False,different,True,CC_031,0.85,near_duplicate
ALGO,CC_037,W1,algorithmic,coin_change,381,330,0.4726,64,52,0.4848,False,True,identical,False,,0.85,transformed
ALGO,CC_037,W2,algorithmic,coin_change,381,70,0.0931,64,16,0.0645,False,True,identical,False,,0.85,transformed
ALGO,CC_037,W3,algorithmic,coin_change,381,428,0.398,64,73,0.7258,False,True,identical,False,,0.85,transformed
ALGO,CC_037,W4,algorithmic,coin_change,381,372,0.0611,64,63,0.1209,False,True,identical,False,,0.85,transformed
ALGO,CC_037,W6,algorithmic,coin_change,381,384,0.9699,64,64,0.8545,False,False,different,True,CC_031,0.85,near_duplicate
ALGO,CC_038,W1,algorithmic,coin_change,381,350,0.0711,64,56,0.4444,False,True,identical,False,,0.85,transformed
ALGO,CC_038,W2,algorithmic,coin_change,381,70,0.0931,64,16,0.0645,False,True,identical,False,,0.85,transformed
ALGO,CC_038,W3,algorithmic,coin_change,381,432,0.4084,64,74,0.7377,False,True,identical,False,,0.85,transformed
ALGO,CC_038,W4,algorithmic,coin_change,381,372,0.0611,64,63,0.1209,False,True,identical,False,,0.85,transformed
ALGO,CC_038,W6,algorithmic,coin_change,381,380,0.883,64,64,0.8889,False,False,different,True,CC_031,0.85,near_duplicate
ALGO,CC_039,W1,algorithmic,coin_change,381,357,0.4472,64,57,0.4571,False,True,identical,False,,0.85,transformed
ALGO,CC_039,W2,algorithmic,coin_change,381,70,0.0931,64,16,0.0645,False,True,identical,False,,0.85,transformed
ALGO,CC_039,W3,algorithmic,coin_change,381,440,0.5579,64,75,0.7302,False,True,identical,False,,0.85,transformed
ALGO,CC_039,W4,algorithmic,coin_change,381,374,0.0609,64,63,0.1209,False,True,identical,False,,0.85,transformed
ALGO,CC_039,W6,algorithmic,coin_change,381,381,0.9816,64,64,0.8889,False,False,different,True,CC_031,0.85,near_duplicate
ALGO,CC_040,W1,algorithmic,coin_change,380,347,0.4512,64,56,0.4638,False,True,identical,False,,0.85,transformed
ALGO,CC_040,W2,algorithmic,coin_change,380,69,0.0891,64,16,0.0645,False,True,identical,False,,0.85,transformed
ALGO,CC_040,W3,algorithmic,coin_change,380,418,0.5714,64,72,0.7667,False,True,identical,False,,0.85,transformed
ALGO,CC_040,W4,algorithmic,coin_change,380,371,0.0586,64,63,0.1209,False,True,identical,False,,0.85,transformed
ALGO,CC_040,W6,algorithmic,coin_change,380,380,0.8763,64,64,0.8545,False,False,different,True,CC_031,0.85,near_duplicate
ALGO,CC_041,W1,algorithmic,coin_change,381,367,0.4572,64,56,0.3784,False,True,identical,False,,0.85,transformed
ALGO,CC_041,W2,algorithmic,coin_change,381,70,0.0931,64,16,0.0645,False,True,identical,False,,0.85,transformed
ALGO,CC_041,W3,algorithmic,coin_change,381,440,0.4019,64,75,0.7302,False,True,identical,False,,0.85,transformed
ALGO,CC_041,W4,algorithmic,coin_change,381,374,0.045,64,63,0.1209,False,True,identical,False,,0.85,transformed
ALGO,CC_041,W6,algorithmic,coin_change,381,380,0.9724,64,64,0.8545,False,False,different,True,CC_031,0.85,near_duplicate
ALGO,CC_042,W1,algorithmic,coin_change,376,378,0.443,63,58,0.4167,False,True,identical,False,,0.85,transformed
ALGO,CC_042,W2,algorithmic,coin_change,376,65,0.0816,63,15,0.0492,False,True,identical,False,,0.85,transformed
ALGO,CC_042,W3,algorithmic,coin_change,376,414,0.5671,63,71,0.7627,False,True,identical,False,,0.85,transformed
ALGO,CC_042,W4,algorithmic,coin_change,376,367,0.2073,63,62,0.1111,False,True,identical,False,,0.85,transformed
ALGO,CC_042,W6,algorithmic,coin_change,376,377,0.8898,63,63,0.8868,False,False,different,True,CC_031,0.85,near_duplicate
ALGO,CC_043,W1,algorithmic,coin_change,380,374,0.435,64,60,0.4054,False,True,identical,False,,0.85,transformed
ALGO,CC_043,W2,algorithmic,coin_change,380,69,0.0891,64,16,0.0645,False,True,identical,False,,0.85,transformed
ALGO,CC_043,W3,algorithmic,coin_change,380,426,0.3945,64,73,0.7258,False,True,identical,False,,0.85,transformed
ALGO,CC_043,W4,algorithmic,coin_change,380,373,0.0584,64,63,0.1209,False,True,identical,False,,0.85,transformed
ALGO,CC_043,W6,algorithmic,coin_change,380,379,0.975,64,64,0.8545,False,False,different,True,CC_031,0.85,near_duplicate
ALGO,CC_044,W1,algorithmic,coin_change,376,345,0.0583,63,55,0.4366,False,True,identical,False,,0.85,transformed
ALGO,CC_044,W2,algorithmic,coin_change,376,65,0.0816,63,15,0.0492,False,True,identical,False,,0.85,transformed
ALGO,CC_044,W3,algorithmic,coin_change,376,446,0.545,63,76,0.7258,False,True,identical,False,,0.85,transformed
ALGO,CC_044,W4,algorithmic,coin_change,376,367,0.2073,63,62,0.1111,False,True,identical,False,,0.85,transformed
ALGO,CC_044,W6,algorithmic,coin_change,376,376,0.8856,63,63,0.8868,False,False,different,True,CC_031,0.85,near_duplicate
ALGO,CC_045,W1,algorithmic,coin_change,376,376,0.4309,63,59,0.3973,False,True,identical,False,,0.85,transformed
ALGO,CC_045,W2,algorithmic,coin_change,376,65,0.0816,63,15,0.0492,False,True,identical,False,,0.85,transformed
ALGO,CC_045,W3,algorithmic,coin_change,376,446,0.545,63,76,0.7258,False,True,identical,False,,0.85,transformed
ALGO,CC_045,W4,algorithmic,coin_change,376,367,0.2073,63,62,0.1111,False,True,identical,False,,0.85,transformed
ALGO,CC_045,W6,algorithmic,coin_change,376,376,0.8883,63,63,0.8868,False,False,different,True,CC_031,0.85,near_duplicate
ALGO,SP_019,W1,algorithmic,shortest_path,501,703,0.1611,130,152,0.6,False,True,identical,False,,0.85,transformed
ALGO,SP_019,W2,algorithmic,shortest_path,501,236,0.0163,130,50,0.0235,False,True,identical,False,,0.85,transformed
ALGO,SP_019,W3,algorithmic,shortest_path,501,651,0.375,130,130,0.6892,False,False,identical,False,,0.85,answer_mismatch
ALGO,SP_019,W4,algorithmic,shortest_path,501,235,0.0924,130,45,0.1111,False,True,identical,False,,0.85,transformed
ALGO,SP_019,W5,algorithmic,shortest_path,501,501,0.485,130,130,0.9677,False,False,different,False,,0.85,transformed
ALGO,SP_019,W6,algorithmic,shortest_path,501,325,0.1477,130,91,0.4286,False,False,different,False,SP_023,0.85,near_duplicate
ALGO,SP_020,W1,algorithmic,shortest_path,455,616,0.1811,116,137,0.525,False,True,identical,False,,0.85,transformed
ALGO,SP_020,W2,algorithmic,shortest_path,455,198,0.0184,116,42,0.0253,False,True,identical,False,,0.85,transformed
ALGO,SP_020,W3,algorithmic,shortest_path,455,556,0.4253,116,116,0.7246,False,False,identical,False,,0.85,answer_mismatch
ALGO,SP_020,W4,algorithmic,shortest_path,455,215,0.1015,116,43,0.1176,False,True,identical,False,,0.85,transformed
ALGO,SP_020,W5,algorithmic,shortest_path,455,455,0.5077,116,116,0.9661,False,False,different,False,,0.85,transformed
ALGO,SP_020,W6,algorithmic,shortest_path,455,295,0.1627,116,81,0.4324,False,False,different,False,SP_023,0.85,near_duplicate
ALGO,SP_021,W1,algorithmic,shortest_path,591,797,0.0807,158,189,0.5275,False,True,identical,False,,0.85,transformed
ALGO,SP_021,W2,algorithmic,shortest_path,591,310,0.0089,158,66,0.0215,False,True,identical,False,,0.85,transformed
ALGO,SP_021,W3,algorithmic,shortest_path,591,812,0.3065,158,158,0.6296,False,False,identical,False,,0.85,answer_mismatch
ALGO,SP_021,W4,algorithmic,shortest_path,591,273,0.0787,158,49,0.1031,False,True,identical,False,,0.85,transformed
ALGO,SP_021,W5,algorithmic,shortest_path,591,591,0.555,158,158,0.9692,False,False,different,False,,0.85,transformed
ALGO,SP_021,W6,algorithmic,shortest_path,591,374,0.1264,158,111,0.4756,False,False,different,False,SP_026,0.85,near_duplicate
ALGO,SP_023,W1,algorithmic,shortest_path,475,571,0.1491,123,135,0.5063,False,True,identical,False,,0.85,transformed
ALGO,SP_023,W2,algorithmic,shortest_path,475,214,0.0116,123,46,0.0256,False,True,identical,False,,0.85,transformed
ALGO,SP_023,W3,algorithmic,shortest_path,475,564,0.5525,123,123,0.7206,False,False,identical,False,,0.85,answer_mismatch
ALGO,SP_023,W4,algorithmic,shortest_path,475,222,0.0976,123,44,0.1176,False,True,identical,False,,0.85,transformed
ALGO,SP_023,W5,algorithmic,shortest_path,475,475,0.6653,123,123,0.9655,False,False,different,False,,0.85,transformed
ALGO,SP_023,W6,algorithmic,shortest_path,475,310,0.1554,123,86,0.4211,False,False,different,False,SP_019,0.85,near_duplicate
ALGO,SP_024,W1,algorithmic,shortest_path,566,782,0.0742,151,174,0.5,False,True,identical,False,,0.85,transformed
ALGO,SP_024,W2,algorithmic,shortest_path,566,289,0.0094,151,62,0.0227,False,True,identical,False,,0.85,transformed
ALGO,SP_024,W3,algorithmic,shortest_path,566,752,0.3263,151,151,0.6711,False,False,identical,False,,0.85,answer_mismatch
ALGO,SP_024,W4,algorithmic,shortest_path,566,261,0.0822,151,48,0.1075,False,True,identical,False,,0.85,transformed
ALGO,SP_024,W5,algorithmic,shortest_path,566,566,0.6078,151,151,0.9677,False,False,different,False,,0.85,transformed
ALGO,SP_024,W6,algorithmic,shortest_path,566,355,0.1325,151,106,0.48,False,False,different,False,SP_020,0.85,near_duplicate
ALGO,SP_026,W1,algorithmic,shortest_path,609,745,0.1581,165,184,0.5732,False,True,identical,False,,0.85,transformed
ALGO,SP_026,W2,algorithmic,shortest_path,609,324,0.0279,165,70,0.022,False,True,identical,False,,0.85,transformed
ALGO,SP_026,W3,algorithmic,shortest_path,609,777,0.3521,165,165,0.6456,False,False,identical,False,,0.85,answer_mismatch
ALGO,SP_026,W4,algorithmic,shortest_path,609,278,0.097,165,50,0.1042,False,True,identical,False,,0.85,transformed
ALGO,SP_026,W5,algorithmic,shortest_path,609,609,0.6535,165,165,0.9683,False,False,different,False,,0.85,transformed
ALGO,SP_026,W6,algorithmic,shortest_path,609,386,0.2573,165,116,0.4568,False,False,different,False,SP_021,0.85,near_duplicate
ALGO,SP_027,W1,algorithmic,shortest_path,496,594,0.1431,130,140,0.5769,False,True,identical,False,,0.85,transformed
ALGO,SP_027,W2,algorithmic,shortest_path,496,231,0.0165,130,50,0.0241,False,True,identical,False,,0.85,transformed
ALGO,SP_027,W3,algorithmic,shortest_path,496,610,0.4665,130,130,0.7083,False,False,identical,False,,0.85,answer_mismatch
ALGO,SP_027,W4,algorithmic,shortest_path,496,230,0.0964,130,45,0.1136,False,True,identical,False,,0.85,transformed
ALGO,SP_027,W5,algorithmic,shortest_path,496,496,0.7137,130,130,0.9667,False,False,different,False,,0.85,transformed
ALGO,SP_027,W6,algorithmic,shortest_path,496,321,0.1493,130,91,0.4211,False,False,different,False,SP_019,0.85,near_duplicate
ALGO,SP_028,W1,algorithmic,shortest_path,542,741,0.1138,144,172,0.5465,False,True,identical,False,,0.85,transformed
ALGO,SP_028,W2,algorithmic,shortest_path,542,269,0.0148,144,58,0.0227,False,True,identical,False,,0.85,transformed
ALGO,SP_028,W3,algorithmic,shortest_path,542,669,0.4509,144,144,0.6711,False,False,identical,False,,0.85,answer_mismatch
ALGO,SP_028,W4,algorithmic,shortest_path,542,250,0.0884,144,47,0.1087,False,True,identical,False,,0.85,transformed
ALGO,SP_028,W5,algorithmic,shortest_path,542,542,0.6919,144,144,0.9677,False,False,different,False,,0.85,transformed
ALGO,SP_028,W6,algorithmic,shortest_path,542,347,0.1372,144,101,0.4487,False,False,different,False,SP_020,0.85,near_duplicate
ALGO,SP_029,W1,algorithmic,shortest_path,542,675,0.1265,144,164,0.6154,False,True,identical,False,,0.85,transformed
ALGO,SP_029,W2,algorithmic,shortest_path,542,269,0.0148,144,58,0.0227,False,True,identical,False,,0.85,transformed
ALGO,SP_029,W3,algorithmic,shortest_path,542,675,0.3895,144,144,0.6711,False,False,identical,False,,0.85,answer_mismatch
ALGO,SP_029,W4,algorithmic,shortest_path,542,250,0.0884,144,47,0.1087,False,True,identical,False,,0.85,transformed
ALGO,SP_029,W5,algorithmic,shortest_path,542,542,0.6642,144,144,0.9677,False,False,different,False,,0.85,transformed
ALGO,SP_029,W6,algorithmic,shortest_path,542,349,0.1369,144,101,0.4359,False,False,different,False,SP_023,0.85,near_duplicate
ALGO,SP_030,W1,algorithmic,shortest_path,542,597,0.014,144,132,0.2418,False,True,identical,False,,0.85,transformed
ALGO,SP_030,W2,algorithmic,shortest_path,542,269,0.0148,144,58,0.0225,False,True,identical,False,,0.85,transformed
ALGO,SP_030,W3,algorithmic,shortest_path,542,701,0.3443,144,144,0.6842,False,False,identical,False,,0.85,answer_mismatch
ALGO,SP_030,W4,algorithmic,shortest_path,542,250,0.0884,144,47,0.1087,False,True,identical,False,,0.85,transformed
ALGO,SP_030,W5,algorithmic,shortest_path,542,542,0.655,144,144,0.9677,False,False,different,False,,0.85,transformed
ALGO,SP_030,W6,algorithmic,shortest_path,542,349,0.1369,144,101,0.4177,False,False,different,False,SP_020,0.85,near_duplicate
ALGO,SP_031,W1,algorithmic,shortest_path,456,662,0.1306,116,147,0.4694,False,True,identical,False,,0.85,transformed
ALGO,SP_031,W2,algorithmic,shortest_path,456,199,0.0244,116,42,0.0222,False,True,identical,False,,0.85,transformed
ALGO,SP_031,W3,algorithmic,shortest_path,456,562,0.6582,116,116,0.6538,False,False,identical,False,,0.85,answer_mismatch
ALGO,SP_031,W4,algorithmic,shortest_path,456,216,0.1071,116,43,0.1099,False,True,identical,False,,0.85,transformed
ALGO,SP_031,W5,algorithmic,shortest_path,456,456,0.5263,116,116,0.9231,False,False,different,False,,0.85,transformed
ALGO,SP_031,W6,algorithmic,shortest_path,456,297,0.162,116,81,0.4074,False,False,different,False,SP_024,0.85,near_duplicate
ALGO,SP_032,W1,algorithmic,shortest_path,432,585,0.4425,109,127,0.5357,False,True,identical,False,,0.85,transformed
ALGO,SP_032,W2,algorithmic,shortest_path,432,179,0.1178,109,38,0.023,False,True,identical,False,,0.85,transformed
ALGO,SP_032,W3,algorithmic,shortest_path,432,534,0.5631,109,109,0.68,False,False,identical,False,,0.85,answer_mismatch
ALGO,SP_032,W4,algorithmic,shortest_path,432,205,0.179,109,42,0.1149,False,True,identical,False,,0.85,transformed
ALGO,SP_032,W5,algorithmic,shortest_path,432,432,0.75,109,109,0.9516,False,False,different,False,,0.85,transformed
ALGO,SP_032,W6,algorithmic,shortest_path,432,283,0.1706,109,76,0.4286,False,False,different,False,SP_020,0.85,near_duplicate
ALGO,SP_033,W1,algorithmic,shortest_path,431,536,0.6122,109,124,0.5823,False,True,identical,False,,0.85,transformed
ALGO,SP_033,W2,algorithmic,shortest_path,431,178,0.1314,109,38,0.023,False,True,identical,False,,0.85,transformed
ALGO,SP_033,W3,algorithmic,shortest_path,431,539,0.6062,109,109,0.6579,False,False,identical,False,,0.85,answer_mismatch
ALGO,SP_033,W4,algorithmic,shortest_path,431,204,0.1291,109,42,0.1149,False,True,identical,False,,0.85,transformed
ALGO,SP_033,W5,algorithmic,shortest_path,431,431,0.6868,109,109,0.9677,False,False,different,False,,0.85,transformed
ALGO,SP_033,W6,algorithmic,shortest_path,431,282,0.1711,109,76,0.4211,False,False,different,False,SP_024,0.85,near_duplicate
ALGO,SP_034,W1,algorithmic,shortest_path,433,591,0.5,109,131,0.5172,False,True,identical,False,,0.85,transformed
ALGO,SP_034,W2,algorithmic,shortest_path,433,180,0.1533,109,38,0.023,False,True,identical,False,,0.85,transformed
ALGO,SP_034,W3,algorithmic,shortest_path,433,540,0.6105,109,109,0.68,False,False,identical,False,,0.85,answer_mismatch
ALGO,SP_034,W4,algorithmic,shortest_path,433,206,0.1815,109,42,0.1136,False,True,identical,False,,0.85,transformed
ALGO,SP_034,W5,algorithmic,shortest_path,433,433,0.8014,109,109,0.9365,False,False,different,False,,0.85,transformed
ALGO,SP_034,W6,algorithmic,shortest_path,433,284,0.1702,109,76,0.3625,False,False,different,False,SP_024,0.85,near_duplicate
ALGO,SP_035,W1,algorithmic,shortest_path,410,576,0.4625,102,123,0.5349,False,True,identical,False,,0.85,transformed
ALGO,SP_035,W2,algorithmic,shortest_path,410,161,0.1436,102,34,0.0244,False,True,identical,False,,0.85,transformed
ALGO,SP_035,W3,algorithmic,shortest_path,410,490,0.7111,102,102,0.7042,False,False,identical,False,,0.85,answer_mismatch
ALGO,SP_035,W4,algorithmic,shortest_path,410,196,0.1716,102,41,0.119,False,True,identical,False,,0.85,transformed
ALGO,SP_035,W5,algorithmic,shortest_path,410,410,0.8122,102,102,0.9344,False,False,different,False,,0.85,transformed
ALGO,SP_035,W6,algorithmic,shortest_path,410,273,0.1786,102,71,0.4,False,False,different,False,SP_019,0.85,near_duplicate
ALGO,SP_036,W1,algorithmic,shortest_path,431,589,0.5608,109,133,0.575,False,True,identical,False,,0.85,transformed
ALGO,SP_036,W2,algorithmic,shortest_path,431,178,0.1314,109,38,0.0235,False,True,identical,False,,0.85,transformed
ALGO,SP_036,W3,algorithmic,shortest_path,431,515,0.6406,109,109,0.6533,False,False,identical,False,,0.85,answer_mismatch
ALGO,SP_036,W4,algorithmic,shortest_path,431,204,0.1291,109,42,0.1163,False,True,identical,False,,0.85,transformed
ALGO,SP_036,W5,algorithmic,shortest_path,431,431,0.7216,109,109,0.9672,False,False,different,False,,0.85,transformed
ALGO,SP_036,W6,algorithmic,shortest_path,431,284,0.1706,109,76,0.4156,False,False,different,False,SP_028,0.85,near_duplicate
ALGO,SP_037,W1,algorithmic,shortest_path,500,666,0.1475,130,156,0.5529,False,True,identical,False,,0.85,transformed
ALGO,SP_037,W2,algorithmic,shortest_path,500,235,0.0163,130,50,0.0235,False,True,identical,False,,0.85,transformed
ALGO,SP_037,W3,algorithmic,shortest_path,500,625,0.3804,130,130,0.6892,False,False,identical,False,,0.85,answer_mismatch
ALGO,SP_037,W4,algorithmic,shortest_path,500,234,0.0926,130,45,0.1111,False,True,identical,False,,0.85,transformed
ALGO,SP_037,W5,algorithmic,shortest_path,500,500,0.49,130,130,0.9677,False,False,different,False,,0.85,transformed
ALGO,SP_037,W6,algorithmic,shortest_path,500,322,0.1484,130,91,0.4474,False,False,different,False,SP_029,0.85,near_duplicate
ALGO,SP_038,W1,algorithmic,shortest_path,591,759,0.123,158,172,0.6098,False,True,identical,False,,0.85,transformed
ALGO,SP_038,W2,algorithmic,shortest_path,591,310,0.0089,158,66,0.0213,False,True,identical,False,,0.85,transformed
ALGO,SP_038,W3,algorithmic,shortest_path,591,776,0.3131,158,158,0.6341,False,False,identical,False,,0.85,answer_mismatch
ALGO,SP_038,W4,algorithmic,shortest_path,591,273,0.0787,158,49,0.102,False,True,identical,False,,0.85,transformed
ALGO,SP_038,W5,algorithmic,shortest_path,591,591,0.5364,158,158,0.9697,False,False,different,False,,0.85,transformed
ALGO,SP_038,W6,algorithmic,shortest_path,591,373,0.1266,158,111,0.4268,False,False,different,False,SP_026,0.85,near_duplicate
ALGO,SP_039,W1,algorithmic,shortest_path,590,790,0.1116,158,189,0.5402,False,True,identical,False,,0.85,transformed
ALGO,SP_039,W2,algorithmic,shortest_path,590,309,0.0089,158,66,0.0215,False,True,identical,False,,0.85,transformed
ALGO,SP_039,W3,algorithmic,shortest_path,590,731,0.3422,158,158,0.6296,False,False,identical,False,,0.85,answer_mismatch
ALGO,SP_039,W4,algorithmic,shortest_path,590,272,0.0789,158,49,0.1031,False,True,identical,False,,0.85,transformed
ALGO,SP_039,W5,algorithmic,shortest_path,590,590,0.5559,158,158,0.9692,False,False,different,False,,0.85,transformed
ALGO,SP_039,W6,algorithmic,shortest_path,590,370,0.1271,158,111,0.4268,False,False,different,False,SP_021,0.85,near_duplicate
ALGO,SP_040,W1,algorithmic,shortest_path,544,758,0.1413,144,174,0.5109,False,True,identical,False,,0.85,transformed
ALGO,SP_040,W2,algorithmic,shortest_path,544,271,0.0098,144,58,0.0217,False,True,identical,False,,0.85,transformed
ALGO,SP_040,W3,algorithmic,shortest_path,544,704,0.3429,144,144,0.6582,False,False,identical,False,,0.85,answer_mismatch
ALGO,SP_040,W4,algorithmic,shortest_path,544,252,0.0854,144,47,0.1053,False,True,identical,False,,0.85,transformed
ALGO,SP_040,W5,algorithmic,shortest_path,544,544,0.6324,144,144,0.9692,False,False,different,False,,0.85,transformed
ALGO,SP_040,W6,algorithmic,shortest_path,544,345,0.1372,144,101,0.4625,False,False,different,False,SP_021,0.85,near_duplicate
ALGO,SP_042,W1,algorithmic,shortest_path,607,723,0.1609,165,181,0.5949,False,True,identical,False,,0.85,transformed
ALGO,SP_042,W2,algorithmic,shortest_path,607,322,0.028,165,70,0.022,False,True,identical,False,,0.85,transformed
ALGO,SP_042,W3,algorithmic,shortest_path,607,770,0.3544,165,165,0.6456,False,False,identical,False,,0.85,answer_mismatch
ALGO,SP_042,W4,algorithmic,shortest_path,607,276,0.0974,165,50,0.1042,False,True,identical,False,,0.85,transformed
ALGO,SP_042,W5,algorithmic,shortest_path,607,607,0.6639,165,165,0.9683,False,False,different,False,,0.85,transformed
ALGO,SP_042,W6,algorithmic,shortest_path,607,389,0.2349,165,116,0.45,False,False,different,False,SP_021,0.85,near_duplicate
ALGO,SP_044,W1,algorithmic,shortest_path,519,678,0.1855,137,160,0.6234,False,True,identical,False,,0.85,transformed
ALGO,SP_044,W2,algorithmic,shortest_path,519,250,0.0104,137,54,0.0235,False,True,identical,False,,0.85,transformed
ALGO,SP_044,W3,algorithmic,shortest_path,519,706,0.351,137,137,0.6986,False,False,identical,False,,0.85,answer_mismatch
ALGO,SP_044,W4,algorithmic,shortest_path,519,240,0.0896,137,46,0.1111,False,True,identical,False,,0.85,transformed
ALGO,SP_044,W5,algorithmic,shortest_path,519,519,0.6455,137,137,0.9672,False,False,different,False,,0.85,transformed
ALGO,SP_044,W6,algorithmic,shortest_path,519,332,0.1434,137,96,0.4474,False,False,different,False,SP_020,0.85,near_duplicate
ALGO,SP_045,W1,algorithmic,shortest_path,497,570,0.1668,130,136,0.5769,False,True,identical,False,,0.85,transformed
ALGO,SP_045,W2,algorithmic,shortest_path,497,232,0.0165,130,50,0.0238,False,True,identical,False,,0.85,transformed
ALGO,SP_045,W3,algorithmic,shortest_path,497,609,0.6438,130,130,0.6986,False,False,identical,False,,0.85,answer_mismatch
ALGO,SP_045,W4,algorithmic,shortest_path,497,231,0.0962,130,45,0.1124,False,True,identical,False,,0.85,transformed
ALGO,SP_045,W5,algorithmic,shortest_path,497,497,0.7203,130,130,0.9672,False,False,different,False,,0.85,transformed
ALGO,SP_045,W6,algorithmic,shortest_path,497,319,0.1495,130,91,0.4267,False,False,different,False,SP_020,0.85,near_duplicate
ALGO,SP_046,W1,algorithmic,shortest_path,541,697,0.1179,144,167,0.6203,False,True,identical,False,,0.85,transformed
ALGO,SP_046,W2,algorithmic,shortest_path,541,268,0.0148,144,58,0.0225,False,True,identical,False,,0.85,transformed
ALGO,SP_046,W3,algorithmic,shortest_path,541,674,0.5844,144,144,0.6842,False,False,identical,False,,0.85,answer_mismatch
ALGO,SP_046,W4,algorithmic,shortest_path,541,249,0.0886,144,47,0.1087,False,True,identical,False,,0.85,transformed
ALGO,SP_046,W5,algorithmic,shortest_path,541,541,0.6913,144,144,0.9677,False,False,different,False,,0.85,transformed
ALGO,SP_046,W6,algorithmic,shortest_path,541,345,0.1377,144,101,0.4231,False,False,different,False,SP_021,0.85,near_duplicate
ALGO,SP_047,W1,algorithmic,shortest_path,496,672,0.0959,130,154,0.5181,False,True,identical,False,,0.85,transformed
ALGO,SP_047,W2,algorithmic,shortest_path,496,231,0.0165,130,50,0.0238,False,True,identical,False,,0.85,transformed
ALGO,SP_047,W3,algorithmic,shortest_path,496,607,0.6238,130,130,0.7083,False,False,identical,False,,0.85,answer_mismatch
ALGO,SP_047,W4,algorithmic,shortest_path,496,230,0.0964,130,45,0.1136,False,True,identical,False,,0.85,transformed
ALGO,SP_047,W5,algorithmic,shortest_path,496,496,0.7137,130,130,0.9667,False,False,different,False,,0.85,transformed
ALGO,SP_047,W6,algorithmic,shortest_path,496,320,0.1495,130,91,0.4211,False,False,different,False,SP_020,0.85,near_duplicate
ALGO,SP_048,W1,algorithmic,shortest_path,541,570,0.1638,144,145,0.7042,False,True,identical,False,,0.85,transformed
ALGO,SP_048,W2,algorithmic,shortest_path,541,268,0.0148,144,58,0.0227,False,True,identical,False,,0.85,transformed
ALGO,SP_048,W3,algorithmic,shortest_path,541,674,0.3901,144,144,0.6711,False,False,identical,False,,0.85,answer_mismatch
ALGO,SP_048,W4,algorithmic,shortest_path,541,249,0.0886,144,47,0.1087,False,True,identical,False,,0.85,transformed
ALGO,SP_048,W5,algorithmic,shortest_path,541,541,0.6784,144,144,0.9677,False,False,different,False,,0.85,transformed
ALGO,SP_048,W6,algorithmic,shortest_path,541,348,0.1372,144,101,0.4615,False,False,different,False,SP_020,0.85,near_duplicate
ALGO,SP_049,W1,algorithmic,shortest_path,456,638,0.1097,116,133,0.4783,False,True,identical,False,,0.85,transformed
ALGO,SP_049,W2,algorithmic,shortest_path,456,199,0.0183,116,42,0.022,False,True,identical,False,,0.85,transformed
ALGO,SP_049,W3,algorithmic,shortest_path,456,551,0.4508,116,116,0.6795,False,False,identical,False,,0.85,answer_mismatch
ALGO,SP_049,W4,algorithmic,shortest_path,456,216,0.1012,116,43,0.1099,False,True,identical,False,,0.85,transformed
ALGO,SP_049,W5,algorithmic,shortest_path,456,456,0.5066,116,116,0.9091,False,False,different,False,,0.85,transformed
ALGO,SP_049,W6,algorithmic,shortest_path,456,297,0.162,116,81,0.4146,False,False,different,False,SP_024,0.85,near_duplicate
ALGO,SP_050,W1,algorithmic,shortest_path,432,583,0.4926,109,128,0.5181,False,True,identical,False,,0.85,transformed
ALGO,SP_050,W2,algorithmic,shortest_path,432,179,0.1342,109,38,0.0235,False,True,identical,False,,0.85,transformed
ALGO,SP_050,W3,algorithmic,shortest_path,432,507,0.6475,109,109,0.6892,False,False,identical,False,,0.85,answer_mismatch
ALGO,SP_050,W4,algorithmic,shortest_path,432,205,0.1381,109,42,0.1163,False,True,identical,False,,0.85,transformed
ALGO,SP_050,W5,algorithmic,shortest_path,432,432,0.6875,109,109,0.9355,False,False,different,False,,0.85,transformed
ALGO,SP_050,W6,algorithmic,shortest_path,432,284,0.1704,109,76,0.4103,False,False,different,False,SP_028,0.85,near_duplicate
ALGO,SP_051,W1,algorithmic,shortest_path,431,639,0.5009,109,140,0.4565,False,True,identical,False,,0.85,transformed
ALGO,SP_051,W2,algorithmic,shortest_path,431,178,0.1314,109,38,0.0233,False,True,identical,False,,0.85,transformed
ALGO,SP_051,W3,algorithmic,shortest_path,431,517,0.6371,109,109,0.6667,False,False,identical,False,,0.85,answer_mismatch
ALGO,SP_051,W4,algorithmic,shortest_path,431,204,0.1291,109,42,0.1163,False,True,identical,False,,0.85,transformed
ALGO,SP_051,W5,algorithmic,shortest_path,431,431,0.6659,109,109,0.9672,False,False,different,False,,0.85,transformed
ALGO,SP_051,W6,algorithmic,shortest_path,431,283,0.1709,109,76,0.4267,False,False,different,False,SP_040,0.85,near_duplicate
ALGO,SP_052,W1,algorithmic,shortest_path,454,627,0.4033,116,136,0.5294,False,True,identical,False,,0.85,transformed
ALGO,SP_052,W2,algorithmic,shortest_path,454,197,0.0707,116,42,0.0222,False,True,identical,False,,0.85,transformed
ALGO,SP_052,W3,algorithmic,shortest_path,454,551,0.4995,116,116,0.6538,False,False,identical,False,,0.85,answer_mismatch
ALGO,SP_052,W4,algorithmic,shortest_path,454,214,0.1557,116,43,0.1124,False,True,identical,False,,0.85,transformed
ALGO,SP_052,W5,algorithmic,shortest_path,454,454,0.7555,116,116,0.9375,False,False,different,False,,0.85,transformed
ALGO,SP_052,W6,algorithmic,shortest_path,454,297,0.1625,116,81,0.4051,False,False,different,False,SP_049,0.85,near_duplicate
ALGO,SP_053,W1,algorithmic,shortest_path,388,542,0.2,95,111,0.4938,False,True,identical,False,,0.85,transformed
ALGO,SP_053,W2,algorithmic,shortest_path,388,143,0.0226,95,30,0.0253,False,True,identical,False,,0.85,transformed
ALGO,SP_053,W3,algorithmic,shortest_path,388,462,0.5506,95,95,0.7246,False,False,identical,False,,0.85,answer_mismatch
ALGO,SP_053,W4,algorithmic,shortest_path,388,187,0.1217,95,40,0.122,False,True,identical,False,,0.85,transformed
ALGO,SP_053,W5,algorithmic,shortest_path,388,388,0.7655,95,95,0.9661,False,False,different,False,,0.85,transformed
ALGO,SP_053,W6,algorithmic,shortest_path,388,258,0.1889,95,66,0.4167,False,False,different,False,SP_019,0.85,near_duplicate
ALGO,SP_054,W1,algorithmic,shortest_path,431,572,0.1376,109,127,0.5556,False,True,identical,False,,0.85,transformed
ALGO,SP_054,W2,algorithmic,shortest_path,431,178,0.0197,109,38,0.0235,False,True,identical,False,,0.85,transformed
ALGO,SP_054,W3,algorithmic,shortest_path,431,522,0.4554,109,109,0.6533,False,False,identical,False,,0.85,answer_mismatch
ALGO,SP_054,W4,algorithmic,shortest_path,431,204,0.1102,109,42,0.1163,False,True,identical,False,,0.85,transformed
ALGO,SP_054,W5,algorithmic,shortest_path,431,431,0.7193,109,109,0.9672,False,False,different,False,,0.85,transformed
ALGO,SP_054,W6,algorithmic,shortest_path,431,283,0.1709,109,76,0.4189,False,False,different,False,SP_036,0.85,near_duplicate
ALGO,SP_055,W1,algorithmic,shortest_path,409,544,0.4953,102,120,0.494,False,True,identical,False,,0.85,transformed
ALGO,SP_055,W2,algorithmic,shortest_path,409,160,0.1406,102,34,0.0247,False,True,identical,False,,0.85,transformed
ALGO,SP_055,W3,algorithmic,shortest_path,409,497,0.6887,102,102,0.6901,False,False,identical,False,,0.85,answer_mismatch
ALGO,SP_055,W4,algorithmic,shortest_path,409,195,0.1755,102,41,0.1205,False,True,identical,False,,0.85,transformed
ALGO,SP_055,W5,algorithmic,shortest_path,409,409,0.7897,102,102,0.9661,False,False,different,False,,0.85,transformed
ALGO,SP_055,W6,algorithmic,shortest_path,409,272,0.1791,102,71,0.3867,False,False,different,False,SP_035,0.85,near_duplicate
ALGO,SP_056,W1,algorithmic,shortest_path,432,527,0.6507,109,119,0.5375,False,True,identical,False,,0.85,transformed
ALGO,SP_056,W2,algorithmic,shortest_path,432,179,0.1506,109,38,0.0235,False,True,identical,False,,0.85,transformed
ALGO,SP_056,W3,algorithmic,shortest_path,432,520,0.584,109,109,0.6757,False,False,identical,False,,0.85,answer_mismatch
ALGO,SP_056,W4,algorithmic,shortest_path,432,205,0.1758,109,42,0.1163,False,True,identical,False,,0.85,transformed
ALGO,SP_056,W5,algorithmic,shortest_path,432,432,0.7685,109,109,0.9355,False,False,different,False,,0.85,transformed
ALGO,SP_056,W6,algorithmic,shortest_path,432,282,0.1709,109,76,0.3947,False,False,different,False,SP_029,0.85,near_duplicate
ALGO,SP_057,W1,algorithmic,shortest_path,409,561,0.4928,102,121,0.5181,False,True,identical,False,,0.85,transformed
ALGO,SP_057,W2,algorithmic,shortest_path,409,160,0.1406,102,34,0.0244,False,True,identical,False,,0.85,transformed
ALGO,SP_057,W3,algorithmic,shortest_path,409,495,0.7102,102,102,0.6944,False,False,identical,False,,0.85,answer_mismatch
ALGO,SP_057,W4,algorithmic,shortest_path,409,195,0.1523,102,41,0.119,False,True,identical,False,,0.85,transformed
ALGO,SP_057,W5,algorithmic,shortest_path,409,409,0.7286,102,102,0.9667,False,False,different,False,,0.85,transformed
ALGO,SP_057,W6,algorithmic,shortest_path,409,271,0.1794,102,71,0.3867,False,False,different,False,SP_029,0.85,near_duplicate
ALGO,SP_058,W1,algorithmic,shortest_path,434,567,0.3556,109,124,0.6316,False,True,identical,False,,0.85,transformed
ALGO,SP_058,W2,algorithmic,shortest_path,434,181,0.052,109,38,0.0233,False,True,identical,False,,0.85,transformed
ALGO,SP_058,W3,algorithmic,shortest_path,434,566,0.452,109,109,0.7027,False,False,identical,False,,0.85,answer_mismatch
ALGO,SP_058,W4,algorithmic,shortest_path,434,207,0.1529,109,42,0.1149,False,True,identical,False,,0.85,transformed
ALGO,SP_058,W5,algorithmic,shortest_path,434,434,0.6774,109,109,0.9062,False,False,different,False,,0.85,transformed
ALGO,SP_058,W6,algorithmic,shortest_path,434,284,0.1699,109,76,0.35,False,False,different,False,SP_024,0.85,near_duplicate
ALGO,SP_059,W1,algorithmic,shortest_path,454,574,0.5195,116,133,0.5854,False,True,identical,False,,0.85,transformed
ALGO,SP_059,W2,algorithmic,shortest_path,454,197,0.1137,116,42,0.0222,False,True,identical,False,,0.85,transformed
ALGO,SP_059,W3,algorithmic,shortest_path,454,566,0.5608,116,116,0.6456,False,False,identical,False,,0.85,answer_mismatch
ALGO,SP_059,W4,algorithmic,shortest_path,454,214,0.1497,116,43,0.1111,False,True,identical,False,,0.85,transformed
ALGO,SP_059,W5,algorithmic,shortest_path,454,454,0.7775,116,116,0.9531,False,False,different,False,,0.85,transformed
ALGO,SP_059,W6,algorithmic,shortest_path,454,298,0.1622,116,81,0.425,False,False,different,False,SP_019,0.85,near_duplicate
ALGO,SP_060,W1,algorithmic,shortest_path,454,563,0.5801,116,122,0.561,False,True,identical,False,,0.85,transformed
ALGO,SP_060,W2,algorithmic,shortest_path,454,197,0.1137,116,42,0.0225,False,True,identical,False,,0.85,transformed
ALGO,SP_060,W3,algorithmic,shortest_path,454,602,0.4886,116,116,0.641,False,False,identical,False,,0.85,answer_mismatch
ALGO,SP_060,W4,algorithmic,shortest_path,454,214,0.1407,116,43,0.1124,False,True,identical,False,,0.85,transformed
ALGO,SP_060,W5,algorithmic,shortest_path,454,454,0.7225,116,116,0.9375,False,False,different,False,,0.85,transformed
ALGO,SP_060,W6,algorithmic,shortest_path,454,297,0.1625,116,81,0.4051,False,False,different,False,SP_029,0.85,near_duplicate
ALGO,SP_061,W1,algorithmic,shortest_path,432,601,0.453,109,121,0.4535,False,True,identical,False,,0.85,transformed
ALGO,SP_061,W2,algorithmic,shortest_path,432,179,0.1211,109,38,0.0233,False,True,identical,False,,0.85,transformed
ALGO,SP_061,W3,algorithmic,shortest_path,432,530,0.6195,109,109,0.68,False,False,identical,False,,0.85,answer_mismatch
ALGO,SP_061,W4,algorithmic,shortest_path,432,205,0.1319,109,42,0.1149,False,True,identical,False,,0.85,transformed
ALGO,SP_061,W5,algorithmic,shortest_path,432,432,0.6782,109,109,0.9516,False,False,different,False,,0.85,transformed
ALGO,SP_061,W6,algorithmic,shortest_path,432,284,0.1704,109,76,0.4211,False,False,different,False,SP_019,0.85,near_duplicate
ALGO,SP_062,W1,algorithmic,shortest_path,500,628,0.2057,130,145,0.5488,False,True,identical,False,,0.85,transformed
ALGO,SP_062,W2,algorithmic,shortest_path,500,235,0.0163,130,50,0.0235,False,True,identical,False,,0.85,transformed
ALGO,SP_062,W3,algorithmic,shortest_path,500,618,0.3828,130,130,0.6892,False,False,identical,False,,0.85,answer_mismatch
ALGO,SP_062,W4,algorithmic,shortest_path,500,234,0.0926,130,45,0.1111,False,True,identical,False,,0.85,transformed
ALGO,SP_062,W5,algorithmic,shortest_path,500,500,0.49,130,130,0.9677,False,False,different,False,,0.85,transformed
ALGO,SP_062,W6,algorithmic,shortest_path,500,321,0.1486,130,91,0.4359,False,False,different,False,SP_019,0.85,near_duplicate
ALGO,SP_063,W1,algorithmic,shortest_path,590,785,0.0727,158,188,0.5495,False,True,identical,False,,0.85,transformed
ALGO,SP_063,W2,algorithmic,shortest_path,590,309,0.0089,158,66,0.0211,False,True,identical,False,,0.85,transformed
ALGO,SP_063,W3,algorithmic,shortest_path,590,798,0.3084,158,158,0.6341,False,False,identical,False,,0.85,answer_mismatch
ALGO,SP_063,W4,algorithmic,shortest_path,590,272,0.0789,158,49,0.102,False,True,identical,False,,0.85,transformed
ALGO,SP_063,W5,algorithmic,shortest_path,590,590,0.5644,158,158,0.9697,False,False,different,False,,0.85,transformed
ALGO,SP_063,W6,algorithmic,shortest_path,590,371,0.127,158,111,0.4691,False,False,different,False,SP_021,0.85,near_duplicate
ALGO,SP_064,W1,algorithmic,shortest_path,501,656,0.1124,130,151,0.5476,False,True,identical,False,,0.85,transformed
ALGO,SP_064,W2,algorithmic,shortest_path,501,236,0.0163,130,50,0.0235,False,True,identical,False,,0.85,transformed
ALGO,SP_064,W3,algorithmic,shortest_path,501,629,0.3858,130,130,0.6892,False,False,identical,False,,0.85,answer_mismatch
ALGO,SP_064,W4,algorithmic,shortest_path,501,235,0.0924,130,45,0.1111,False,True,identical,False,,0.85,transformed
ALGO,SP_064,W5,algorithmic,shortest_path,501,501,0.481,130,130,0.9677,False,False,different,False,,0.85,transformed
ALGO,SP_064,W6,algorithmic,shortest_path,501,323,0.1481,130,91,0.4416,False,False,different,False,SP_019,0.85,near_duplicate
ALGO,SP_065,W1,algorithmic,shortest_path,500,695,0.2059,130,152,0.5476,False,True,identical,False,,0.85,transformed
ALGO,SP_065,W2,algorithmic,shortest_path,500,235,0.0163,130,50,0.0235,False,True,identical,False,,0.85,transformed
ALGO,SP_065,W3,algorithmic,shortest_path,500,671,0.3672,130,130,0.6892,False,False,identical,False,,0.85,answer_mismatch
ALGO,SP_065,W4,algorithmic,shortest_path,500,234,0.0926,130,45,0.1111,False,True,identical,False,,0.85,transformed
ALGO,SP_065,W5,algorithmic,shortest_path,500,500,0.49,130,130,0.9677,False,False,different,False,,0.85,transformed
ALGO,SP_065,W6,algorithmic,shortest_path,500,322,0.1484,130,91,0.4605,False,False,different,False,SP_019,0.85,near_duplicate
ALGO,SP_066,W1,algorithmic,shortest_path,518,719,0.1471,137,160,0.6026,False,True,identical,False,,0.85,transformed
ALGO,SP_066,W2,algorithmic,shortest_path,518,249,0.0104,137,54,0.0241,False,True,identical,False,,0.85,transformed
ALGO,SP_066,W3,algorithmic,shortest_path,518,677,0.3582,137,137,0.6944,False,False,identical,False,,0.85,answer_mismatch
ALGO,SP_066,W4,algorithmic,shortest_path,518,239,0.0898,137,46,0.1124,False,True,identical,False,,0.85,transformed
ALGO,SP_066,W5,algorithmic,shortest_path,518,518,0.6564,137,137,0.9667,False,False,different,False,,0.85,transformed
ALGO,SP_066,W6,algorithmic,shortest_path,518,333,0.1434,137,96,0.4286,False,False,different,False,SP_028,0.85,near_duplicate
ALGO,SP_068,W1,algorithmic,shortest_path,608,971,0.0798,165,209,0.5833,False,True,identical,False,,0.85,transformed
ALGO,SP_068,W2,algorithmic,shortest_path,608,323,0.0279,165,70,0.022,False,True,identical,False,,0.85,transformed
ALGO,SP_068,W3,algorithmic,shortest_path,608,841,0.2968,165,165,0.6456,False,False,identical,False,,0.85,answer_mismatch
ALGO,SP_068,W4,algorithmic,shortest_path,608,277,0.0972,165,50,0.1042,False,True,identical,False,,0.85,transformed
ALGO,SP_068,W5,algorithmic,shortest_path,608,608,0.6546,165,165,0.9683,False,False,different,False,,0.85,transformed
ALGO,SP_068,W6,algorithmic,shortest_path,608,383,0.2503,165,116,0.4625,False,False,different,False,SP_019,0.85,near_duplicate
ALGO,SP_069,W1,algorithmic,shortest_path,562,756,0.1184,151,180,0.5301,False,True,identical,False,,0.85,transformed
ALGO,SP_069,W2,algorithmic,shortest_path,562,285,0.0094,151,62,0.0233,False,True,identical,False,,0.85,transformed
ALGO,SP_069,W3,algorithmic,shortest_path,562,727,0.332,151,151,0.6667,False,False,identical,False,,0.85,answer_mismatch
ALGO,SP_069,W4,algorithmic,shortest_path,562,257,0.083,151,48,0.1087,False,True,identical,False,,0.85,transformed
ALGO,SP_069,W5,algorithmic,shortest_path,562,562,0.6192,151,151,0.9672,False,False,different,False,,0.85,transformed
ALGO,SP_069,W6,algorithmic,shortest_path,562,361,0.1322,151,106,0.443,False,False,different,False,SP_021,0.85,near_duplicate
ALGO,SP_070,W1,algorithmic,shortest_path,499,701,0.13,130,150,0.5443,False,True,identical,False,,0.85,transformed
ALGO,SP_070,W2,algorithmic,shortest_path,499,234,0.0109,130,50,0.0241,False,True,identical,False,,0.85,transformed
ALGO,SP_070,W3,algorithmic,shortest_path,499,612,0.4266,130,130,0.7083,False,False,identical,False,,0.85,answer_mismatch
ALGO,SP_070,W4,algorithmic,shortest_path,499,233,0.0929,130,45,0.1136,False,True,identical,False,,0.85,transformed
ALGO,SP_070,W5,algorithmic,shortest_path,499,499,0.6854,130,130,0.9667,False,False,different,False,,0.85,transformed
ALGO,SP_070,W6,algorithmic,shortest_path,499,323,0.1484,130,91,0.3974,False,False,different,False,SP_020,0.85,near_duplicate
ALGO,SP_071,W1,algorithmic,shortest_path,587,830,0.0861,158,196,0.4639,False,True,identical,False,,0.85,transformed
ALGO,SP_071,W2,algorithmic,shortest_path,587,306,0.009,158,66,0.022,False,True,identical,False,,0.85,transformed
ALGO,SP_071,W3,algorithmic,shortest_path,587,759,0.3507,158,158,0.6456,False,False,identical,False,,0.85,answer_mismatch
ALGO,SP_071,W4,algorithmic,shortest_path,587,269,0.0794,158,49,0.1053,False,True,identical,False,,0.85,transformed
ALGO,SP_071,W5,algorithmic,shortest_path,587,587,0.6388,158,158,0.9683,False,False,different,False,,0.85,transformed
ALGO,SP_071,W6,algorithmic,shortest_path,587,372,0.1272,158,111,0.4074,False,False,different,False,SP_021,0.85,near_duplicate
ALGO,SP_072,W1,algorithmic,shortest_path,497,619,0.086,130,146,0.5696,False,True,identical,False,,0.85,transformed
ALGO,SP_072,W2,algorithmic,shortest_path,497,232,0.0165,130,50,0.0238,False,True,identical,False,,0.85,transformed
ALGO,SP_072,W3,algorithmic,shortest_path,497,638,0.5903,130,130,0.7083,False,False,identical,False,,0.85,answer_mismatch
ALGO,SP_072,W4,algorithmic,shortest_path,497,231,0.0962,130,45,0.1136,False,True,identical,False,,0.85,transformed
ALGO,SP_072,W5,algorithmic,shortest_path,497,497,0.7042,130,130,0.9667,False,False,different,False,,0.85,transformed
ALGO,SP_072,W6,algorithmic,shortest_path,497,322,0.149,130,91,0.4156,False,False,different,False,SP_028,0.85,near_duplicate
ALGO,SP_073,W1,algorithmic,shortest_path,540,714,0.0893,144,168,0.5176,False,True,identical,False,,0.85,transformed
ALGO,SP_073,W2,algorithmic,shortest_path,540,267,0.0149,144,58,0.023,False,True,identical,False,,0.85,transformed
ALGO,SP_073,W3,algorithmic,shortest_path,540,667,0.5717,144,144,0.68,False,False,identical,False,,0.85,answer_mismatch
ALGO,SP_073,W4,algorithmic,shortest_path,540,248,0.0888,144,47,0.1099,False,True,identical,False,,0.85,transformed
ALGO,SP_073,W5,algorithmic,shortest_path,540,540,0.6444,144,144,0.9672,False,False,different,False,,0.85,transformed
ALGO,SP_073,W6,algorithmic,shortest_path,540,346,0.1377,144,101,0.4304,False,False,different,False,SP_019,0.85,near_duplicate
ALGO,WIS_006,W1,algorithmic,wis,538,585,0.1638,78,84,0.641,False,True,identical,False,,0.85,transformed
ALGO,WIS_006,W2,algorithmic,wis,538,290,0.0483,78,36,0.2078,False,True,identical,False,,0.85,transformed
ALGO,WIS_006,W3,algorithmic,wis,538,570,0.8303,78,78,0.7067,False,True,identical,False,,0.85,transformed
ALGO,WIS_006,W4,algorithmic,wis,538,281,0.1221,78,53,0.0594,False,True,identical,False,,0.85,transformed
ALGO,WIS_006,W6,algorithmic,wis,538,538,1.0,78,78,1.0,True,False,different,False,,0.85,identical_to_canonical
ALGO,WIS_007,W1,algorithmic,wis,504,535,0.1752,73,78,0.5769,False,True,identical,False,,0.85,transformed
ALGO,WIS_007,W2,algorithmic,wis,504,263,0.0522,73,32,0.1918,False,True,identical,False,,0.85,transformed
ALGO,WIS_007,W3,algorithmic,wis,504,527,0.7565,73,73,0.7286,False,True,identical,False,,0.85,transformed
ALGO,WIS_007,W4,algorithmic,wis,504,268,0.1295,73,50,0.0625,False,True,identical,False,,0.85,transformed
ALGO,WIS_007,W6,algorithmic,wis,504,504,1.0,73,73,1.0,True,False,different,False,,0.85,identical_to_canonical
ALGO,WIS_009,W1,algorithmic,wis,619,660,0.1298,88,95,0.6854,False,True,identical,False,,0.85,transformed
ALGO,WIS_009,W2,algorithmic,wis,619,357,0.043,88,44,0.2283,False,True,identical,False,,0.85,transformed
ALGO,WIS_009,W3,algorithmic,wis,619,660,0.7881,88,88,0.6854,False,True,identical,False,,0.85,transformed
ALGO,WIS_009,W4,algorithmic,wis,619,320,0.1065,88,59,0.0504,False,True,identical,False,,0.85,transformed
ALGO,WIS_009,W6,algorithmic,wis,619,619,1.0,88,88,1.0,True,False,different,False,,0.85,identical_to_canonical
ALGO,WIS_010,W1,algorithmic,wis,578,616,0.139,83,87,0.6471,False,True,identical,False,,0.85,transformed
ALGO,WIS_010,W2,algorithmic,wis,578,323,0.0444,83,40,0.2069,False,True,identical,False,,0.85,transformed
ALGO,WIS_010,W3,algorithmic,wis,578,611,0.841,83,83,0.6988,False,True,identical,False,,0.85,transformed
ALGO,WIS_010,W4,algorithmic,wis,578,300,0.1139,83,56,0.0536,False,True,identical,False,,0.85,transformed
ALGO,WIS_010,W6,algorithmic,wis,578,578,1.0,83,83,1.0,True,False,different,False,,0.85,identical_to_canonical
ALGO,WIS_012,W1,algorithmic,wis,624,639,0.1489,88,92,0.6264,False,True,identical,False,,0.85,transformed
ALGO,WIS_012,W2,algorithmic,wis,624,362,0.0426,88,44,0.2234,False,True,identical,False,,0.85,transformed
ALGO,WIS_012,W3,algorithmic,wis,624,676,0.8077,88,89,0.6889,False,True,identical,False,,0.85,transformed
ALGO,WIS_012,W4,algorithmic,wis,624,325,0.1054,88,59,0.0496,False,True,identical,False,,0.85,transformed
ALGO,WIS_012,W6,algorithmic,wis,624,624,1.0,88,88,1.0,True,False,different,False,,0.85,identical_to_canonical
ALGO,WIS_013,W1,algorithmic,wis,496,562,0.6163,73,85,0.5349,False,True,identical,False,,0.85,transformed
ALGO,WIS_013,W2,algorithmic,wis,496,255,0.4288,73,32,0.1974,False,True,identical,False,,0.85,transformed
ALGO,WIS_013,W3,algorithmic,wis,496,526,0.8376,73,74,0.726,False,True,identical,False,,0.85,transformed
ALGO,WIS_013,W4,algorithmic,wis,496,260,0.2989,73,50,0.06,False,True,identical,False,,0.85,transformed
ALGO,WIS_013,W6,algorithmic,wis,496,496,1.0,73,73,1.0,True,False,different,False,WIS_014,0.85,identical_to_canonical
ALGO,WIS_014,W1,algorithmic,wis,496,532,0.6518,73,76,0.64,False,True,identical,False,,0.85,transformed
ALGO,WIS_014,W2,algorithmic,wis,496,255,0.4288,73,32,0.2027,False,True,identical,False,,0.85,transformed
ALGO,WIS_014,W3,algorithmic,wis,496,524,0.8392,73,74,0.7222,False,True,identical,False,,0.85,transformed
ALGO,WIS_014,W4,algorithmic,wis,496,260,0.2989,73,50,0.0612,False,True,identical,False,,0.85,transformed
ALGO,WIS_014,W6,algorithmic,wis,496,496,1.0,73,73,1.0,True,False,different,False,WIS_013,0.85,identical_to_canonical
ALGO,WIS_015,W1,algorithmic,wis,496,533,0.6589,73,79,0.557,False,True,identical,False,,0.85,transformed
ALGO,WIS_015,W2,algorithmic,wis,496,255,0.4288,73,32,0.2027,False,True,identical,False,,0.85,transformed
ALGO,WIS_015,W3,algorithmic,wis,496,527,0.8368,73,74,0.7222,False,True,identical,False,,0.85,transformed
ALGO,WIS_015,W4,algorithmic,wis,496,260,0.2989,73,50,0.0612,False,True,identical,False,,0.85,transformed
ALGO,WIS_015,W6,algorithmic,wis,496,496,1.0,73,73,1.0,True,False,different,False,WIS_013,0.85,identical_to_canonical
ALGO,WIS_016,W1,algorithmic,wis,496,538,0.6151,73,80,0.6154,False,True,identical,False,,0.85,transformed
ALGO,WIS_016,W2,algorithmic,wis,496,255,0.4288,73,32,0.2027,False,True,identical,False,,0.85,transformed
ALGO,WIS_016,W3,algorithmic,wis,496,530,0.8343,73,74,0.7222,False,True,identical,False,,0.85,transformed
ALGO,WIS_016,W4,algorithmic,wis,496,260,0.2989,73,50,0.0612,False,True,identical,False,,0.85,transformed
ALGO,WIS_016,W6,algorithmic,wis,496,496,1.0,73,73,1.0,True,False,different,False,WIS_013,0.85,identical_to_canonical
ALGO,WIS_017,W1,algorithmic,wis,500,561,0.6183,73,83,0.5301,False,True,identical,False,,0.85,transformed
ALGO,WIS_017,W2,algorithmic,wis,500,259,0.4321,73,32,0.2083,False,True,identical,False,,0.85,transformed
ALGO,WIS_017,W3,algorithmic,wis,500,553,0.8205,73,77,0.6892,False,True,identical,False,,0.85,transformed
ALGO,WIS_017,W4,algorithmic,wis,500,264,0.2565,73,50,0.0625,False,True,identical,False,,0.85,transformed
ALGO,WIS_017,W6,algorithmic,wis,500,500,1.0,73,73,1.0,True,False,different,False,WIS_018,0.85,identical_to_canonical
ALGO,WIS_018,W1,algorithmic,wis,500,501,0.7872,73,71,0.6429,False,True,identical,False,,0.85,transformed
ALGO,WIS_018,W2,algorithmic,wis,500,259,0.4321,73,32,0.2083,False,True,identical,False,,0.85,transformed
ALGO,WIS_018,W3,algorithmic,wis,500,528,0.8444,73,73,0.7286,False,True,identical,False,,0.85,transformed
ALGO,WIS_018,W4,algorithmic,wis,500,264,0.2565,73,50,0.0625,False,True,identical,False,,0.85,transformed
ALGO,WIS_018,W6,algorithmic,wis,500,500,1.0,73,73,1.0,True,False,different,False,WIS_017,0.85,identical_to_canonical
ALGO,WIS_019,W1,algorithmic,wis,500,527,0.6855,73,78,0.6081,False,True,identical,False,,0.85,transformed
ALGO,WIS_019,W2,algorithmic,wis,500,259,0.4321,73,32,0.2143,False,True,identical,False,,0.85,transformed
ALGO,WIS_019,W3,algorithmic,wis,500,527,0.8413,73,73,0.7246,False,True,identical,False,,0.85,transformed
ALGO,WIS_019,W4,algorithmic,wis,500,264,0.2565,73,50,0.0638,False,True,identical,False,,0.85,transformed
ALGO,WIS_019,W6,algorithmic,wis,500,500,1.0,73,73,1.0,True,False,different,False,WIS_017,0.85,identical_to_canonical
ALGO,WIS_020,W1,algorithmic,wis,500,530,0.6388,73,77,0.6351,False,True,identical,False,,0.85,transformed
ALGO,WIS_020,W2,algorithmic,wis,500,259,0.4321,73,32,0.2083,False,True,identical,False,,0.85,transformed
ALGO,WIS_020,W3,algorithmic,wis,500,535,0.8386,73,73,0.7286,False,True,identical,False,,0.85,transformed
ALGO,WIS_020,W4,algorithmic,wis,500,264,0.2565,73,50,0.0625,False,True,identical,False,,0.85,transformed
ALGO,WIS_020,W6,algorithmic,wis,500,500,1.0,73,73,1.0,True,False,different,False,WIS_017,0.85,identical_to_canonical
ALGO,WIS_021,W1,algorithmic,wis,703,767,0.7265,98,109,0.57,False,True,identical,False,,0.85,transformed
ALGO,WIS_021,W2,algorithmic,wis,703,427,0.554,98,52,0.2105,False,True,identical,False,,0.85,transformed
ALGO,WIS_021,W3,algorithmic,wis,703,748,0.805,98,98,0.6452,False,True,identical,False,,0.85,transformed
ALGO,WIS_021,W4,algorithmic,wis,703,361,0.3233,98,65,0.0504,False,True,identical,False,,0.85,transformed
ALGO,WIS_021,W6,algorithmic,wis,703,703,1.0,98,98,1.0,True,False,different,False,,0.85,identical_to_canonical
ALGO,WIS_022,W1,algorithmic,wis,623,667,0.155,88,96,0.6023,False,True,identical,False,,0.85,transformed
ALGO,WIS_022,W2,algorithmic,wis,623,361,0.0427,88,44,0.1932,False,True,identical,False,,0.85,transformed
ALGO,WIS_022,W3,algorithmic,wis,623,658,0.8322,88,88,0.6867,False,True,identical,False,,0.85,transformed
ALGO,WIS_022,W4,algorithmic,wis,623,324,0.1056,88,59,0.0541,False,True,identical,False,,0.85,transformed
ALGO,WIS_022,W6,algorithmic,wis,623,623,1.0,88,88,1.0,True,False,different,False,,0.85,identical_to_canonical
ALGO,WIS_023,W1,algorithmic,wis,458,512,0.6392,68,76,0.6027,False,True,identical,False,,0.85,transformed
ALGO,WIS_023,W2,algorithmic,wis,458,224,0.393,68,28,0.1912,False,True,identical,False,,0.85,transformed
ALGO,WIS_023,W3,algorithmic,wis,458,487,0.8466,68,69,0.7424,False,True,identical,False,,0.85,transformed
ALGO,WIS_023,W4,algorithmic,wis,458,243,0.271,68,47,0.0659,False,True,identical,False,,0.85,transformed
ALGO,WIS_023,W6,algorithmic,wis,458,458,1.0,68,68,1.0,True,False,different,False,WIS_025,0.85,identical_to_canonical
ALGO,WIS_024,W1,algorithmic,wis,496,521,0.6804,73,79,0.6053,False,True,identical,False,,0.85,transformed
ALGO,WIS_024,W2,algorithmic,wis,496,255,0.4288,73,32,0.2083,False,True,identical,False,,0.85,transformed
ALGO,WIS_024,W3,algorithmic,wis,496,521,0.8417,73,74,0.7183,False,True,identical,False,,0.85,transformed
ALGO,WIS_024,W4,algorithmic,wis,496,260,0.2989,73,50,0.0625,False,True,identical,False,,0.85,transformed
ALGO,WIS_024,W6,algorithmic,wis,496,496,1.0,73,73,1.0,True,False,different,False,WIS_013,0.85,identical_to_canonical
ALGO,WIS_025,W1,algorithmic,wis,458,511,0.5882,68,77,0.6081,False,True,identical,False,,0.85,transformed
ALGO,WIS_025,W2,algorithmic,wis,458,224,0.393,68,28,0.1857,False,True,identical,False,,0.85,transformed
ALGO,WIS_025,W3,algorithmic,wis,458,487,0.8466,68,69,0.7463,False,True,identical,False,,0.85,transformed
ALGO,WIS_025,W4,algorithmic,wis,458,243,0.271,68,47,0.0645,False,True,identical,False,,0.85,transformed
ALGO,WIS_025,W6,algorithmic,wis,458,458,1.0,68,68,1.0,True,False,different,False,WIS_014,0.85,identical_to_canonical
ALGO,WIS_026,W1,algorithmic,wis,496,509,0.6985,73,75,0.6,False,True,identical,False,,0.85,transformed
ALGO,WIS_026,W2,algorithmic,wis,496,255,0.4288,73,32,0.2083,False,True,identical,False,,0.85,transformed
ALGO,WIS_026,W3,algorithmic,wis,496,529,0.8351,73,74,0.7183,False,True,identical,False,,0.85,transformed
ALGO,WIS_026,W4,algorithmic,wis,496,260,0.2989,73,50,0.0625,False,True,identical,False,,0.85,transformed
ALGO,WIS_026,W6,algorithmic,wis,496,496,1.0,73,73,1.0,True,False,different,False,WIS_013,0.85,identical_to_canonical
ALGO,WIS_027,W1,algorithmic,wis,500,540,0.6308,73,81,0.5949,False,True,identical,False,,0.85,transformed
ALGO,WIS_027,W2,algorithmic,wis,500,259,0.4321,73,32,0.2083,False,True,identical,False,,0.85,transformed
ALGO,WIS_027,W3,algorithmic,wis,500,527,0.8413,73,73,0.7286,False,True,identical,False,,0.85,transformed
ALGO,WIS_027,W4,algorithmic,wis,500,264,0.2565,73,50,0.0625,False,True,identical,False,,0.85,transformed
ALGO,WIS_027,W6,algorithmic,wis,500,500,1.0,73,73,1.0,True,False,different,False,WIS_017,0.85,identical_to_canonical
ALGO,WIS_028,W1,algorithmic,wis,458,496,0.6017,68,73,0.6081,False,True,identical,False,,0.85,transformed
ALGO,WIS_028,W2,algorithmic,wis,458,224,0.393,68,28,0.1857,False,True,identical,False,,0.85,transformed
ALGO,WIS_028,W3,algorithmic,wis,458,480,0.8529,68,69,0.7463,False,True,identical,False,,0.85,transformed
ALGO,WIS_028,W4,algorithmic,wis,458,243,0.271,68,47,0.0645,False,True,identical,False,,0.85,transformed
ALGO,WIS_028,W6,algorithmic,wis,458,458,1.0,68,68,1.0,True,False,different,False,WIS_023,0.85,identical_to_canonical
ALGO,WIS_029,W1,algorithmic,wis,496,540,0.6506,73,81,0.6026,False,True,identical,False,,0.85,transformed
ALGO,WIS_029,W2,algorithmic,wis,496,255,0.4288,73,32,0.2027,False,True,identical,False,,0.85,transformed
ALGO,WIS_029,W3,algorithmic,wis,496,524,0.8392,73,74,0.7222,False,True,identical,False,,0.85,transformed
ALGO,WIS_029,W4,algorithmic,wis,496,260,0.2989,73,50,0.0612,False,True,identical,False,,0.85,transformed
ALGO,WIS_029,W6,algorithmic,wis,496,496,1.0,73,73,1.0,True,False,different,False,WIS_013,0.85,identical_to_canonical
ALGO,WIS_030,W1,algorithmic,wis,621,665,0.1415,88,95,0.6552,False,True,identical,False,,0.85,transformed
ALGO,WIS_030,W2,algorithmic,wis,621,359,0.0429,88,44,0.2022,False,True,identical,False,,0.85,transformed
ALGO,WIS_030,W3,algorithmic,wis,621,663,0.8271,88,88,0.6744,False,True,identical,False,,0.85,transformed
ALGO,WIS_030,W4,algorithmic,wis,621,322,0.106,88,59,0.0531,False,True,identical,False,,0.85,transformed
ALGO,WIS_030,W6,algorithmic,wis,621,621,1.0,88,88,1.0,True,False,different,False,,0.85,identical_to_canonical
ALGO,WIS_031,W1,algorithmic,wis,621,636,0.7303,88,90,0.6517,False,True,identical,False,,0.85,transformed
ALGO,WIS_031,W2,algorithmic,wis,621,359,0.5163,88,44,0.2151,False,True,identical,False,,0.85,transformed
ALGO,WIS_031,W3,algorithmic,wis,621,663,0.7866,88,88,0.6854,False,True,identical,False,,0.85,transformed
ALGO,WIS_031,W4,algorithmic,wis,621,322,0.2397,88,59,0.0504,False,True,identical,False,,0.85,transformed
ALGO,WIS_031,W6,algorithmic,wis,621,621,1.0,88,88,1.0,True,False,different,False,,0.85,identical_to_canonical
ALGO,WIS_032,W1,algorithmic,wis,627,673,0.72,88,98,0.6129,False,True,identical,False,,0.85,transformed
ALGO,WIS_032,W2,algorithmic,wis,627,365,0.5202,88,44,0.2234,False,True,identical,False,,0.85,transformed
ALGO,WIS_032,W3,algorithmic,wis,627,651,0.8404,88,88,0.6889,False,True,identical,False,,0.85,transformed
ALGO,WIS_032,W4,algorithmic,wis,627,328,0.3099,88,59,0.0496,False,True,identical,False,,0.85,transformed
ALGO,WIS_032,W6,algorithmic,wis,627,627,1.0,88,88,1.0,True,False,different,False,,0.85,identical_to_canonical
BW,BW_001,W1,planning_suite,blocksworld,741,888,0.2112,167,169,0.5179,False,True,identical,False,,0.85,transformed
BW,BW_001,W2,planning_suite,blocksworld,741,875,0.2141,167,214,0.4272,False,True,identical,False,,0.85,transformed
BW,BW_001,W3,planning_suite,blocksworld,741,840,0.234,167,157,0.3106,False,False,identical,False,,0.85,answer_mismatch
BW,BW_001,W4,planning_suite,blocksworld,741,1225,0.1495,167,189,0.1684,False,True,identical,False,,0.85,transformed
BW,BW_001,W5,planning_suite,blocksworld,741,770,0.8498,167,174,0.9881,False,False,different,False,,0.85,transformed
BW,BW_001,W6,planning_suite,blocksworld,741,786,0.7963,167,179,0.8556,False,False,different,True,BW_010,0.85,near_duplicate
BW,BW_002,W1,planning_suite,blocksworld,713,855,0.2168,160,162,0.5,False,True,identical,False,,0.85,transformed
BW,BW_002,W2,planning_suite,blocksworld,713,807,0.2329,160,203,0.4433,False,True,identical,False,,0.85,transformed
BW,BW_002,W3,planning_suite,blocksworld,713,783,0.2487,160,145,0.3226,False,False,identical,False,,0.85,answer_mismatch
BW,BW_002,W4,planning_suite,blocksworld,713,1179,0.1554,160,184,0.1768,False,True,identical,False,,0.85,transformed
BW,BW_002,W5,planning_suite,blocksworld,713,738,0.7016,160,166,0.9875,False,False,different,False,,0.85,transformed
BW,BW_002,W6,planning_suite,blocksworld,713,712,0.7747,160,160,0.6915,False,False,different,False,,0.85,transformed
BW,BW_010,W1,planning_suite,blocksworld,663,795,0.2332,146,148,0.4857,False,True,identical,False,,0.85,transformed
BW,BW_010,W2,planning_suite,blocksworld,663,785,0.2348,146,178,0.4167,False,True,identical,False,,0.85,transformed
BW,BW_010,W3,planning_suite,blocksworld,663,760,0.2586,146,142,0.3445,False,False,identical,False,,0.85,answer_mismatch
BW,BW_010,W4,planning_suite,blocksworld,663,1123,0.1624,146,177,0.1667,False,True,identical,False,,0.85,transformed
BW,BW_010,W5,planning_suite,blocksworld,663,692,0.7469,146,153,0.987,False,False,different,False,,0.85,transformed
BW,BW_010,W6,planning_suite,blocksworld,663,708,0.8417,146,158,0.9012,False,False,different,True,BW_001,0.85,near_duplicate
BW,BW_011,W1,planning_suite,blocksworld,793,950,0.1974,181,183,0.5304,False,True,identical,False,,0.85,transformed
BW,BW_011,W2,planning_suite,blocksworld,793,935,0.2106,181,238,0.4245,False,True,identical,False,,0.85,transformed
BW,BW_011,W3,planning_suite,blocksworld,793,905,0.2179,181,167,0.295,False,False,identical,False,,0.85,answer_mismatch
BW,BW_011,W4,planning_suite,blocksworld,793,1293,0.1409,181,197,0.1709,False,True,identical,False,,0.85,transformed
BW,BW_011,W5,planning_suite,blocksworld,793,822,0.8211,181,188,0.9885,False,False,different,False,,0.85,transformed
BW,BW_011,W6,planning_suite,blocksworld,793,838,0.7382,181,193,0.871,False,False,different,True,BW_001,0.85,near_duplicate
BW,BW_014,W1,planning_suite,blocksworld,609,731,0.2522,132,134,0.4653,False,True,identical,False,,0.85,transformed
BW,BW_014,W2,planning_suite,blocksworld,609,687,0.2701,132,155,0.4444,False,True,identical,False,,0.85,transformed
BW,BW_014,W3,planning_suite,blocksworld,609,661,0.2913,132,125,0.367,False,False,identical,False,,0.85,answer_mismatch
BW,BW_014,W4,planning_suite,blocksworld,609,1043,0.1768,132,168,0.1728,False,True,identical,False,,0.85,transformed
BW,BW_014,W5,planning_suite,blocksworld,609,634,0.8109,132,138,0.9863,False,False,different,False,,0.85,transformed
BW,BW_014,W6,planning_suite,blocksworld,609,608,0.9071,132,132,0.8125,False,False,different,False,BW_010,0.85,near_duplicate
BW,BW_022,W1,planning_suite,blocksworld,661,793,0.2325,146,148,0.4857,False,True,identical,False,,0.85,transformed
BW,BW_022,W2,planning_suite,blocksworld,661,747,0.2415,146,179,0.4468,False,True,identical,False,,0.85,transformed
BW,BW_022,W3,planning_suite,blocksworld,661,725,0.2713,146,135,0.3419,False,False,identical,False,,0.85,answer_mismatch
BW,BW_022,W4,planning_suite,blocksworld,661,1111,0.1648,146,176,0.1744,False,True,identical,False,,0.85,transformed
BW,BW_022,W5,planning_suite,blocksworld,661,686,0.7513,146,152,0.987,False,False,different,False,,0.85,transformed
BW,BW_022,W6,planning_suite,blocksworld,661,660,0.8357,146,146,0.7386,False,False,different,False,BW_282,0.85,near_duplicate
BW,BW_080,W1,planning_suite,blocksworld,689,826,0.2244,153,155,0.5,False,True,identical,False,,0.85,transformed
BW,BW_080,W2,planning_suite,blocksworld,689,815,0.2261,153,190,0.4242,False,True,identical,False,,0.85,transformed
BW,BW_080,W3,planning_suite,blocksworld,689,785,0.2497,153,147,0.3306,False,False,identical,False,,0.85,answer_mismatch
BW,BW_080,W4,planning_suite,blocksworld,689,1157,0.1571,153,181,0.1667,False,True,identical,False,,0.85,transformed
BW,BW_080,W5,planning_suite,blocksworld,689,718,0.7463,153,160,0.9875,False,False,different,False,,0.85,transformed
BW,BW_080,W6,planning_suite,blocksworld,689,734,0.8039,153,165,0.7865,False,False,different,False,BW_001,0.85,near_duplicate
BW,BW_120,W1,planning_suite,blocksworld,637,764,0.2455,139,141,0.4808,False,True,identical,False,,0.85,transformed
BW,BW_120,W2,planning_suite,blocksworld,637,755,0.2443,139,166,0.4211,False,True,identical,False,,0.85,transformed
BW,BW_120,W3,planning_suite,blocksworld,637,726,0.2729,139,137,0.3534,False,False,identical,False,,0.85,answer_mismatch
BW,BW_120,W4,planning_suite,blocksworld,637,1089,0.1703,139,173,0.1647,False,True,identical,False,,0.85,transformed
BW,BW_120,W5,planning_suite,blocksworld,637,666,0.8411,139,146,0.9868,False,False,different,False,,0.85,transformed
BW,BW_120,W6,planning_suite,blocksworld,637,682,0.8431,139,151,0.8072,False,False,different,False,BW_001,0.85,near_duplicate
BW,BW_137,W1,planning_suite,blocksworld,819,981,0.2989,188,190,0.5385,False,True,identical,False,,0.85,transformed
BW,BW_137,W2,planning_suite,blocksworld,819,965,0.1939,188,250,0.4259,False,True,identical,False,,0.85,transformed
BW,BW_137,W3,planning_suite,blocksworld,819,942,0.2101,188,172,0.2867,False,False,identical,False,,0.85,answer_mismatch
BW,BW_137,W4,planning_suite,blocksworld,819,1327,0.1566,188,201,0.1716,False,True,identical,False,,0.85,transformed
BW,BW_137,W5,planning_suite,blocksworld,819,848,0.7954,188,195,0.9888,False,False,different,False,,0.85,transformed
BW,BW_137,W6,planning_suite,blocksworld,819,864,0.631,188,200,0.914,False,False,different,True,BW_001,0.85,near_duplicate
BW,BW_155,W1,planning_suite,blocksworld,663,795,0.2332,146,148,0.4906,False,True,identical,False,,0.85,transformed
BW,BW_155,W2,planning_suite,blocksworld,663,785,0.2459,146,178,0.4227,False,True,identical,False,,0.85,transformed
BW,BW_155,W3,planning_suite,blocksworld,663,726,0.2721,146,136,0.3475,False,False,identical,False,,0.85,answer_mismatch
BW,BW_155,W4,planning_suite,blocksworld,663,1123,0.1624,146,177,0.1657,False,True,identical,False,,0.85,transformed
BW,BW_155,W5,planning_suite,blocksworld,663,692,0.8428,146,153,0.9872,False,False,different,False,,0.85,transformed
BW,BW_155,W6,planning_suite,blocksworld,663,708,0.8665,146,158,0.8023,False,False,different,False,BW_001,0.85,near_duplicate
BW,BW_172,W1,planning_suite,blocksworld,819,981,0.3022,188,190,0.5385,False,True,identical,False,,0.85,transformed
BW,BW_172,W2,planning_suite,blocksworld,819,965,0.1939,188,250,0.4259,False,True,identical,False,,0.85,transformed
BW,BW_172,W3,planning_suite,blocksworld,819,923,0.2158,188,172,0.2867,False,False,identical,False,,0.85,answer_mismatch
BW,BW_172,W4,planning_suite,blocksworld,819,1327,0.1566,188,201,0.1716,False,True,identical,False,,0.85,transformed
BW,BW_172,W5,planning_suite,blocksworld,819,848,0.823,188,195,0.9888,False,False,different,False,,0.85,transformed
BW,BW_172,W6,planning_suite,blocksworld,819,864,0.6465,188,200,0.914,False,False,different,True,BW_001,0.85,near_duplicate
BW,BW_203,W1,planning_suite,blocksworld,635,762,0.2405,139,141,0.4757,False,True,identical,False,,0.85,transformed
BW,BW_203,W2,planning_suite,blocksworld,635,717,0.2633,139,167,0.4457,False,True,identical,False,,0.85,transformed
BW,BW_203,W3,planning_suite,blocksworld,635,697,0.2808,139,130,0.354,False,False,identical,False,,0.85,answer_mismatch
BW,BW_203,W4,planning_suite,blocksworld,635,1077,0.1694,139,172,0.1737,False,True,identical,False,,0.85,transformed
BW,BW_203,W5,planning_suite,blocksworld,635,660,0.8371,139,145,0.9867,False,False,different,False,,0.85,transformed
BW,BW_203,W6,planning_suite,blocksworld,635,634,0.87,139,139,0.7738,False,False,different,False,BW_001,0.85,near_duplicate
BW,BW_227,W1,planning_suite,blocksworld,767,919,0.204,174,176,0.5221,False,True,identical,False,,0.85,transformed
BW,BW_227,W2,planning_suite,blocksworld,767,905,0.2129,174,226,0.4231,False,True,identical,False,,0.85,transformed
BW,BW_227,W3,planning_suite,blocksworld,767,874,0.2255,174,162,0.3037,False,False,identical,False,,0.85,answer_mismatch
BW,BW_227,W4,planning_suite,blocksworld,767,1259,0.1451,174,193,0.1701,False,True,identical,False,,0.85,transformed
BW,BW_227,W5,planning_suite,blocksworld,767,796,0.8215,174,181,0.9882,False,False,different,False,,0.85,transformed
BW,BW_227,W6,planning_suite,blocksworld,767,812,0.76,174,186,0.828,False,False,different,False,BW_001,0.85,near_duplicate
BW,BW_282,W1,planning_suite,blocksworld,661,793,0.2325,146,148,0.4857,False,True,identical,False,,0.85,transformed
BW,BW_282,W2,planning_suite,blocksworld,661,747,0.25,146,179,0.4468,False,True,identical,False,,0.85,transformed
BW,BW_282,W3,planning_suite,blocksworld,661,724,0.27,146,135,0.3419,False,False,identical,False,,0.85,answer_mismatch
BW,BW_282,W4,planning_suite,blocksworld,661,1111,0.1648,146,176,0.1744,False,True,identical,False,,0.85,transformed
BW,BW_282,W5,planning_suite,blocksworld,661,686,0.7483,146,152,0.987,False,False,different,False,,0.85,transformed
BW,BW_282,W6,planning_suite,blocksworld,661,660,0.8357,146,146,0.7386,False,False,different,False,BW_022,0.85,near_duplicate
BW,BW_310,W1,planning_suite,blocksworld,686,824,0.1881,152,155,0.4766,False,True,identical,False,,0.85,transformed
BW,BW_310,W2,planning_suite,blocksworld,686,777,0.1312,152,191,0.4271,False,True,identical,False,,0.85,transformed
BW,BW_310,W3,planning_suite,blocksworld,686,753,0.1626,152,140,0.3223,False,False,identical,False,,0.85,answer_mismatch
BW,BW_310,W4,planning_suite,blocksworld,686,1145,0.0863,152,180,0.1695,False,True,identical,False,,0.85,transformed
BW,BW_310,W5,planning_suite,blocksworld,686,712,0.7124,152,159,0.962,False,False,different,False,,0.85,transformed
BW,BW_310,W6,planning_suite,blocksworld,686,685,0.8038,152,152,0.7222,False,False,different,False,BW_022,0.85,near_duplicate
BW,BW_331,W1,planning_suite,blocksworld,609,731,0.2507,132,134,0.4653,False,True,identical,False,,0.85,transformed
BW,BW_331,W2,planning_suite,blocksworld,609,687,0.2886,132,155,0.4444,False,True,identical,False,,0.85,transformed
BW,BW_331,W3,planning_suite,blocksworld,609,664,0.2907,132,125,0.367,False,False,identical,False,,0.85,answer_mismatch
BW,BW_331,W4,planning_suite,blocksworld,609,1043,0.1755,132,168,0.1728,False,True,identical,False,,0.85,transformed
BW,BW_331,W5,planning_suite,blocksworld,609,634,0.8158,132,138,0.9863,False,False,different,False,,0.85,transformed
BW,BW_331,W6,planning_suite,blocksworld,609,608,0.9071,132,132,0.8125,False,False,different,False,BW_010,0.85,near_duplicate
BW,BW_350,W1,planning_suite,blocksworld,791,948,0.1955,181,183,0.5263,False,True,identical,False,,0.85,transformed
BW,BW_350,W2,planning_suite,blocksworld,791,897,0.205,181,239,0.4466,False,True,identical,False,,0.85,transformed
BW,BW_350,W3,planning_suite,blocksworld,791,865,0.2246,181,160,0.2941,False,False,identical,False,,0.85,answer_mismatch
BW,BW_350,W4,planning_suite,blocksworld,791,1281,0.1419,181,196,0.1786,False,True,identical,False,,0.85,transformed
BW,BW_350,W5,planning_suite,blocksworld,791,816,0.7654,181,187,0.9884,False,False,different,False,,0.85,transformed
BW,BW_350,W6,planning_suite,blocksworld,791,790,0.6983,181,181,0.6132,False,False,different,False,,0.85,transformed
BW,BW_408,W1,planning_suite,blocksworld,739,886,0.2092,167,169,0.5091,False,True,identical,False,,0.85,transformed
BW,BW_408,W2,planning_suite,blocksworld,739,837,0.231,167,215,0.4444,False,True,identical,False,,0.85,transformed
BW,BW_408,W3,planning_suite,blocksworld,739,814,0.2408,167,150,0.3125,False,False,identical,False,,0.85,answer_mismatch
BW,BW_408,W4,planning_suite,blocksworld,739,1213,0.1506,167,188,0.1774,False,True,identical,False,,0.85,transformed
BW,BW_408,W5,planning_suite,blocksworld,739,764,0.7212,167,173,0.9878,False,False,different,False,,0.85,transformed
BW,BW_408,W6,planning_suite,blocksworld,739,738,0.7475,167,167,0.6633,False,False,different,False,,0.85,transformed
BW,BW_467,W1,planning_suite,blocksworld,715,857,0.2176,160,162,0.5046,False,True,identical,False,,0.85,transformed
BW,BW_467,W2,planning_suite,blocksworld,715,845,0.2218,160,202,0.42,False,True,identical,False,,0.85,transformed
BW,BW_467,W3,planning_suite,blocksworld,715,808,0.2495,160,152,0.3228,False,False,identical,False,,0.85,answer_mismatch
BW,BW_467,W4,planning_suite,blocksworld,715,1191,0.1532,160,185,0.1685,False,True,identical,False,,0.85,transformed
BW,BW_467,W5,planning_suite,blocksworld,715,744,0.7855,160,167,0.9877,False,False,different,False,,0.85,transformed
BW,BW_467,W6,planning_suite,blocksworld,715,760,0.739,160,172,0.7802,False,False,different,False,BW_001,0.85,near_duplicate
BW,BW_495,W1,planning_suite,blocksworld,661,793,0.2311,146,148,0.4857,False,True,identical,False,,0.85,transformed
BW,BW_495,W2,planning_suite,blocksworld,661,747,0.2585,146,179,0.4468,False,True,identical,False,,0.85,transformed
BW,BW_495,W3,planning_suite,blocksworld,661,719,0.2681,146,135,0.3419,False,False,identical,False,,0.85,answer_mismatch
BW,BW_495,W4,planning_suite,blocksworld,661,1111,0.1637,146,176,0.1744,False,True,identical,False,,0.85,transformed
BW,BW_495,W5,planning_suite,blocksworld,661,686,0.7439,146,152,0.987,False,False,different,False,,0.85,transformed
BW,BW_495,W6,planning_suite,blocksworld,661,660,0.8357,146,146,0.7386,False,False,different,False,BW_282,0.85,near_duplicate
BW,BW_E002,W1,planning_suite,blocksworld,653,783,0.2131,142,143,0.4381,False,True,identical,False,,0.85,transformed
BW,BW_E002,W2,planning_suite,blocksworld,653,725,0.2642,142,154,0.4239,False,True,identical,False,,0.85,transformed
BW,BW_E002,W3,planning_suite,blocksworld,653,698,0.2576,142,132,0.3391,False,False,identical,False,,0.85,answer_mismatch
BW,BW_E002,W4,planning_suite,blocksworld,653,1043,0.171,142,168,0.1718,False,True,identical,False,,0.85,transformed
BW,BW_E002,W5,planning_suite,blocksworld,653,636,0.8285,142,138,0.8961,False,False,different,False,,0.85,transformed
BW,BW_E002,W6,planning_suite,blocksworld,653,656,0.8388,142,144,0.9467,False,False,different,True,BW_001,0.85,near_duplicate
BW,BW_E015,W1,planning_suite,blocksworld,665,787,0.2107,145,146,0.4245,False,True,identical,False,,0.85,transformed
BW,BW_E015,W2,planning_suite,blocksworld,665,713,0.2642,145,150,0.4348,False,True,identical,False,,0.85,transformed
BW,BW_E015,W3,planning_suite,blocksworld,665,768,0.2428,145,144,0.3478,False,False,identical,False,,0.85,answer_mismatch
BW,BW_E015,W4,planning_suite,blocksworld,665,1021,0.172,145,166,0.1739,False,True,identical,False,,0.85,transformed
BW,BW_E015,W5,planning_suite,blocksworld,665,661,0.8054,145,144,0.9211,False,False,different,False,,0.85,transformed
BW,BW_E015,W6,planning_suite,blocksworld,665,665,1.0,145,145,1.0,True,True,different,False,BW_010,0.85,identical_to_canonical
BW,BW_E017,W1,planning_suite,blocksworld,653,783,0.2131,142,143,0.4327,False,True,identical,False,,0.85,transformed
BW,BW_E017,W2,planning_suite,blocksworld,653,725,0.2642,142,154,0.4286,False,True,identical,False,,0.85,transformed
BW,BW_E017,W3,planning_suite,blocksworld,653,698,0.2576,142,132,0.3482,False,False,identical,False,,0.85,answer_mismatch
BW,BW_E017,W4,planning_suite,blocksworld,653,1043,0.171,142,168,0.1728,False,True,identical,False,,0.85,transformed
BW,BW_E017,W5,planning_suite,blocksworld,653,636,0.8285,142,138,0.9079,False,False,different,False,,0.85,transformed
BW,BW_E017,W6,planning_suite,blocksworld,653,653,1.0,142,142,1.0,True,True,different,False,BW_010,0.85,identical_to_canonical
BW,BW_E019,W1,planning_suite,blocksworld,655,780,0.3638,143,144,0.4135,False,True,identical,False,,0.85,transformed
BW,BW_E019,W2,planning_suite,blocksworld,655,723,0.2467,143,155,0.4444,False,True,identical,False,,0.85,transformed
BW,BW_E019,W3,planning_suite,blocksworld,655,739,0.3544,143,138,0.3604,False,False,identical,False,,0.85,answer_mismatch
BW,BW_E019,W4,planning_suite,blocksworld,655,1030,0.1804,143,167,0.1677,False,True,identical,False,,0.85,transformed
BW,BW_E019,W5,planning_suite,blocksworld,655,676,0.7468,143,148,0.8701,False,False,different,False,,0.85,transformed
BW,BW_E019,W6,planning_suite,blocksworld,655,655,1.0,143,143,1.0,True,True,different,False,BW_120,0.85,identical_to_canonical
BW,BW_E100,W1,planning_suite,blocksworld,700,827,0.2004,154,155,0.4381,False,True,identical,False,,0.85,transformed
BW,BW_E100,W2,planning_suite,blocksworld,700,723,0.2558,154,155,0.4194,False,True,identical,False,,0.85,transformed
BW,BW_E100,W3,planning_suite,blocksworld,700,767,0.2372,154,146,0.3478,False,False,identical,False,,0.85,answer_mismatch
BW,BW_E100,W4,planning_suite,blocksworld,700,1030,0.1676,154,167,0.1728,False,True,identical,False,,0.85,transformed
BW,BW_E100,W5,planning_suite,blocksworld,700,671,0.8038,154,147,0.9342,False,False,different,False,,0.85,transformed
BW,BW_E100,W6,planning_suite,blocksworld,700,656,0.8097,154,144,0.973,False,False,different,True,BW_010,0.85,near_duplicate
BW,MBW_001,W1,planning_suite,mystery_blocksworld,631,664,0.4278,130,129,0.75,False,True,identical,False,,0.85,transformed
BW,MBW_001,W2,planning_suite,mystery_blocksworld,631,894,0.0603,130,215,0.5568,False,True,identical,False,,0.85,transformed
BW,MBW_001,W3,planning_suite,mystery_blocksworld,631,845,0.0515,130,138,0.41,False,False,identical,False,,0.85,answer_mismatch
BW,MBW_001,W4,planning_suite,mystery_blocksworld,631,1217,0.0065,130,178,0.1648,False,True,identical,False,,0.85,transformed
BW,MBW_001,W5,planning_suite,mystery_blocksworld,631,749,0.6928,130,154,0.9067,False,False,different,False,,0.85,transformed
BW,MBW_001,W6,planning_suite,mystery_blocksworld,631,631,1.0,130,130,1.0,True,True,different,False,MBW_185,0.85,identical_to_canonical
BW,MBW_002,W1,planning_suite,mystery_blocksworld,614,648,0.2171,126,126,0.7403,False,True,identical,False,,0.85,transformed
BW,MBW_002,W2,planning_suite,mystery_blocksworld,614,827,0.2554,126,205,0.5783,False,True,identical,False,,0.85,transformed
BW,MBW_002,W3,planning_suite,mystery_blocksworld,614,801,0.2191,126,132,0.4316,False,False,identical,False,,0.85,answer_mismatch
BW,MBW_002,W4,planning_suite,mystery_blocksworld,614,1177,0.1541,126,174,0.1716,False,True,identical,False,,0.85,transformed
BW,MBW_002,W5,planning_suite,mystery_blocksworld,614,614,0.8388,126,126,1.0,False,False,different,False,,0.85,transformed
BW,MBW_002,W6,planning_suite,mystery_blocksworld,614,614,0.8876,126,126,0.7407,False,False,different,False,,0.85,transformed
BW,MBW_010,W1,planning_suite,mystery_blocksworld,584,618,0.6955,118,118,0.726,False,True,identical,False,,0.85,transformed
BW,MBW_010,W2,planning_suite,mystery_blocksworld,584,771,0.0458,118,181,0.5823,False,True,identical,False,,0.85,transformed
BW,MBW_010,W3,planning_suite,mystery_blocksworld,584,736,0.047,118,122,0.4713,False,False,identical,False,,0.85,answer_mismatch
BW,MBW_010,W4,planning_suite,mystery_blocksworld,584,1097,0.0071,118,166,0.1698,False,True,identical,False,,0.85,transformed
BW,MBW_010,W5,planning_suite,mystery_blocksworld,584,584,0.5223,118,118,1.0,False,False,different,False,,0.85,transformed
BW,MBW_010,W6,planning_suite,mystery_blocksworld,584,584,0.4229,118,118,0.7945,False,False,different,False,,0.85,transformed
BW,MBW_014,W1,planning_suite,mystery_blocksworld,553,587,0.2316,110,110,0.7143,False,True,identical,False,,0.85,transformed
BW,MBW_014,W2,planning_suite,mystery_blocksworld,553,715,0.2934,110,157,0.5921,False,True,identical,False,,0.85,transformed
BW,MBW_014,W3,planning_suite,mystery_blocksworld,553,658,0.2576,110,112,0.5125,False,False,identical,False,,0.85,answer_mismatch
BW,MBW_014,W4,planning_suite,mystery_blocksworld,553,1017,0.1605,110,158,0.1667,False,True,identical,False,,0.85,transformed
BW,MBW_014,W5,planning_suite,mystery_blocksworld,553,553,0.8409,110,110,1.0,False,False,different,False,,0.85,transformed
BW,MBW_014,W6,planning_suite,mystery_blocksworld,553,553,0.7432,110,110,0.875,False,False,different,True,,0.85,near_duplicate
BW,MBW_037,W1,planning_suite,mystery_blocksworld,569,603,0.6382,114,114,0.7222,False,True,identical,False,,0.85,transformed
BW,MBW_037,W2,planning_suite,mystery_blocksworld,569,743,0.2637,114,169,0.5897,False,True,identical,False,,0.85,transformed
BW,MBW_037,W3,planning_suite,mystery_blocksworld,569,692,0.2443,114,117,0.4881,False,False,identical,False,,0.85,answer_mismatch
BW,MBW_037,W4,planning_suite,mystery_blocksworld,569,1057,0.1501,114,162,0.1677,False,True,identical,False,,0.85,transformed
BW,MBW_037,W5,planning_suite,mystery_blocksworld,569,569,0.7926,114,114,1.0,False,False,different,False,,0.85,transformed
BW,MBW_037,W6,planning_suite,mystery_blocksworld,569,569,0.9402,114,114,0.8261,False,False,different,False,,0.85,transformed
BW,MBW_10,W1,planning_suite,mystery_blocksworld,586,695,0.5199,118,138,0.6,False,True,identical,False,,0.85,transformed
BW,MBW_10,W2,planning_suite,mystery_blocksworld,586,811,0.0444,118,179,0.5556,False,True,identical,False,,0.85,transformed
BW,MBW_10,W3,planning_suite,mystery_blocksworld,586,742,0.0512,118,123,0.4713,False,False,identical,False,,0.85,answer_mismatch
BW,MBW_10,W4,planning_suite,mystery_blocksworld,586,1145,0.0058,118,169,0.1595,False,True,identical,False,,0.85,transformed
BW,MBW_10,W5,planning_suite,mystery_blocksworld,586,695,0.5902,118,139,0.8971,False,False,different,False,,0.85,transformed
BW,MBW_10,W6,planning_suite,mystery_blocksworld,586,586,1.0,118,118,1.0,True,True,different,False,,0.85,identical_to_canonical
BW,MBW_100,W1,planning_suite,mystery_blocksworld,571,600,0.2289,114,114,0.7971,False,True,identical,False,,0.85,transformed
BW,MBW_100,W2,planning_suite,mystery_blocksworld,571,782,0.272,114,167,0.5625,False,True,identical,False,,0.85,transformed
BW,MBW_100,W3,planning_suite,mystery_blocksworld,571,703,0.2433,114,118,0.4881,False,False,identical,False,,0.85,answer_mismatch
BW,MBW_100,W4,planning_suite,mystery_blocksworld,571,1057,0.1548,114,162,0.1603,False,True,identical,False,,0.85,transformed
BW,MBW_100,W5,planning_suite,mystery_blocksworld,571,677,0.9022,114,134,0.8955,False,False,different,False,,0.85,transformed
BW,MBW_100,W6,planning_suite,mystery_blocksworld,571,571,1.0,114,114,1.0,True,True,different,False,,0.85,identical_to_canonical
BW,MBW_127,W1,planning_suite,mystery_blocksworld,586,620,0.2222,118,118,0.7297,False,True,identical,False,,0.85,transformed
BW,MBW_127,W2,planning_suite,mystery_blocksworld,586,810,0.2636,118,179,0.561,False,True,identical,False,,0.85,transformed
BW,MBW_127,W3,planning_suite,mystery_blocksworld,586,720,0.2435,118,123,0.4659,False,False,identical,False,,0.85,answer_mismatch
BW,MBW_127,W4,planning_suite,mystery_blocksworld,586,1097,0.1497,118,166,0.1615,False,True,identical,False,,0.85,transformed
BW,MBW_127,W5,planning_suite,mystery_blocksworld,586,695,0.9024,118,139,0.8986,False,False,different,False,,0.85,transformed
BW,MBW_127,W6,planning_suite,mystery_blocksworld,586,586,1.0,118,118,1.0,True,True,different,False,,0.85,identical_to_canonical
BW,MBW_185,W1,planning_suite,mystery_blocksworld,661,695,0.556,138,138,0.759,False,True,identical,False,,0.85,transformed
BW,MBW_185,W2,planning_suite,mystery_blocksworld,661,951,0.2246,138,239,0.5495,False,True,identical,False,,0.85,transformed
BW,MBW_185,W3,planning_suite,mystery_blocksworld,661,906,0.2004,138,148,0.3832,False,False,identical,False,,0.85,answer_mismatch
BW,MBW_185,W4,planning_suite,mystery_blocksworld,661,1297,0.1379,138,186,0.1676,False,True,identical,False,,0.85,transformed
BW,MBW_185,W5,planning_suite,mystery_blocksworld,661,785,0.9032,138,164,0.9103,False,False,different,False,,0.85,transformed
BW,MBW_185,W6,planning_suite,mystery_blocksworld,661,661,1.0,138,138,1.0,True,True,different,False,MBW_001,0.85,identical_to_canonical
BW,MBW_495,W1,planning_suite,mystery_blocksworld,584,618,0.228,118,118,0.7297,False,True,identical,False,,0.85,transformed
BW,MBW_495,W2,planning_suite,mystery_blocksworld,584,771,0.2716,118,181,0.5875,False,True,identical,False,,0.85,transformed
BW,MBW_495,W3,planning_suite,mystery_blocksworld,584,736,0.2318,118,122,0.4659,False,False,identical,False,,0.85,answer_mismatch
BW,MBW_495,W4,planning_suite,mystery_blocksworld,584,1097,0.1487,118,166,0.1688,False,True,identical,False,,0.85,transformed
BW,MBW_495,W5,planning_suite,mystery_blocksworld,584,584,0.7894,118,118,1.0,False,False,different,False,,0.85,transformed
BW,MBW_495,W6,planning_suite,mystery_blocksworld,584,584,0.6969,118,118,0.7945,False,False,different,False,,0.85,transformed
BW,BW_496,W1,planning_suite,blocksworld,821,1052,0.2007,189,209,0.3852,False,True,identical,False,,0.85,transformed
BW,BW_496,W2,planning_suite,blocksworld,821,789,0.4037,189,217,0.5567,False,True,identical,False,,0.85,transformed
BW,BW_496,W3,planning_suite,blocksworld,821,994,0.5543,189,189,0.5315,False,False,identical,False,,0.85,answer_mismatch
BW,BW_496,W4,planning_suite,blocksworld,821,1038,0.0549,189,148,0.1033,False,True,identical,False,,0.85,transformed
BW,BW_496,W5,planning_suite,blocksworld,821,1058,0.5162,189,243,0.9213,False,False,different,False,,0.85,transformed
BW,BW_496,W6,planning_suite,blocksworld,821,838,0.7221,189,193,0.9011,False,False,different,True,BW_001,0.85,near_duplicate
BW,BW_497,W1,planning_suite,blocksworld,613,835,0.0539,133,153,0.2869,False,True,identical,False,,0.85,transformed
BW,BW_497,W2,planning_suite,blocksworld,613,549,0.5594,133,121,0.5802,False,True,identical,False,,0.85,transformed
BW,BW_497,W3,planning_suite,blocksworld,613,690,0.7015,133,133,0.7692,False,False,identical,False,,0.85,answer_mismatch
BW,BW_497,W4,planning_suite,blocksworld,613,790,0.0285,133,116,0.0764,False,True,identical,False,,0.85,transformed
BW,BW_497,W5,planning_suite,blocksworld,613,674,0.7863,133,147,0.9178,False,False,different,False,,0.85,transformed
BW,BW_497,W6,planning_suite,blocksworld,613,630,0.8463,133,137,0.8421,False,False,different,False,BW_010,0.85,near_duplicate
BW,BW_498,W1,planning_suite,blocksworld,795,642,0.6639,182,146,0.5657,False,True,identical,False,,0.85,transformed
BW,BW_498,W2,planning_suite,blocksworld,795,759,0.4183,182,205,0.5579,False,True,identical,False,,0.85,transformed
BW,BW_498,W3,planning_suite,blocksworld,795,936,0.4125,182,182,0.5514,False,False,identical,False,,0.85,answer_mismatch
BW,BW_498,W4,planning_suite,blocksworld,795,1007,0.0222,182,144,0.1006,False,True,identical,False,,0.85,transformed
BW,BW_498,W5,planning_suite,blocksworld,795,1010,0.7579,182,231,0.9195,False,False,different,False,,0.85,transformed
BW,BW_498,W6,planning_suite,blocksworld,795,812,0.748,182,186,0.8462,False,False,different,False,BW_001,0.85,near_duplicate
BW,BW_499,W1,planning_suite,blocksworld,665,736,0.07,147,151,0.3417,False,True,identical,False,,0.85,transformed
BW,BW_499,W2,planning_suite,blocksworld,665,609,0.5102,147,145,0.5833,False,True,identical,False,,0.85,transformed
BW,BW_499,W3,planning_suite,blocksworld,665,724,0.7243,147,147,0.6782,False,False,identical,False,,0.85,answer_mismatch
BW,BW_499,W4,planning_suite,blocksworld,665,852,0.0264,147,124,0.0844,False,True,identical,False,,0.85,transformed
BW,BW_499,W5,planning_suite,blocksworld,665,770,0.708,147,171,0.9342,False,False,different,False,,0.85,transformed
BW,BW_499,W6,planning_suite,blocksworld,665,682,0.7854,147,151,0.8734,False,False,different,True,BW_001,0.85,near_duplicate
BW,BW_500,W1,planning_suite,blocksworld,743,1023,0.0442,168,189,0.3094,False,True,identical,False,,0.85,transformed
BW,BW_500,W2,planning_suite,blocksworld,743,699,0.4508,168,181,0.5778,False,True,identical,False,,0.85,transformed
BW,BW_500,W3,planning_suite,blocksworld,743,840,0.5597,168,168,0.596,False,False,identical,False,,0.85,answer_mismatch
BW,BW_500,W4,planning_suite,blocksworld,743,945,0.0237,168,136,0.0947,False,True,identical,False,,0.85,transformed
BW,BW_500,W5,planning_suite,blocksworld,743,914,0.6252,168,207,0.939,False,False,different,False,,0.85,transformed
BW,BW_500,W6,planning_suite,blocksworld,743,760,0.7718,168,172,0.8721,False,False,different,True,BW_001,0.85,near_duplicate
BW,BW_501,W1,planning_suite,blocksworld,743,874,0.0284,168,168,0.3106,False,True,identical,False,,0.85,transformed
BW,BW_501,W2,planning_suite,blocksworld,743,699,0.4508,168,181,0.5604,False,True,identical,False,,0.85,transformed
BW,BW_501,W3,planning_suite,blocksworld,743,852,0.5567,168,168,0.596,False,False,identical,False,,0.85,answer_mismatch
BW,BW_501,W4,planning_suite,blocksworld,743,945,0.0237,168,136,0.0947,False,True,identical,False,,0.85,transformed
BW,BW_501,W5,planning_suite,blocksworld,743,914,0.659,168,207,0.9157,False,False,different,False,,0.85,transformed
BW,BW_501,W6,planning_suite,blocksworld,743,760,0.7585,168,172,0.809,False,False,different,False,BW_001,0.85,near_duplicate
BW,BW_502,W1,planning_suite,blocksworld,639,856,0.0482,140,157,0.2636,False,True,identical,False,,0.85,transformed
BW,BW_502,W2,planning_suite,blocksworld,639,579,0.5337,140,133,0.5714,False,True,identical,False,,0.85,transformed
BW,BW_502,W3,planning_suite,blocksworld,639,690,0.6877,140,140,0.7143,False,False,identical,False,,0.85,answer_mismatch
BW,BW_502,W4,planning_suite,blocksworld,639,821,0.0274,140,120,0.08,False,True,identical,False,,0.85,transformed
BW,BW_502,W5,planning_suite,blocksworld,639,722,0.7436,140,159,0.9079,False,False,different,False,,0.85,transformed
BW,BW_502,W6,planning_suite,blocksworld,639,656,0.8124,140,144,0.825,False,False,different,False,BW_001,0.85,near_duplicate
BW,BW_503,W1,planning_suite,blocksworld,847,1110,0.139,196,206,0.2838,False,True,identical,False,,0.85,transformed
BW,BW_503,W2,planning_suite,blocksworld,847,819,0.3902,196,229,0.5714,False,True,identical,False,,0.85,transformed
BW,BW_503,W3,planning_suite,blocksworld,847,1024,0.4906,196,196,0.513,False,False,identical,False,,0.85,answer_mismatch
BW,BW_503,W4,planning_suite,blocksworld,847,1069,0.0532,196,152,0.1058,False,True,identical,False,,0.85,transformed
BW,BW_503,W5,planning_suite,blocksworld,847,1106,0.5049,196,255,0.9444,False,False,different,False,,0.85,transformed
BW,BW_503,W6,planning_suite,blocksworld,847,864,0.7762,196,200,0.9451,False,False,different,True,BW_001,0.85,near_duplicate
BW,BW_504,W1,planning_suite,blocksworld,717,903,0.0346,161,162,0.2537,False,True,identical,False,,0.85,transformed
BW,BW_504,W2,planning_suite,blocksworld,717,669,0.469,161,169,0.5618,False,True,identical,False,,0.85,transformed
BW,BW_504,W3,planning_suite,blocksworld,717,808,0.4721,161,161,0.6211,False,False,identical,False,,0.85,answer_mismatch
BW,BW_504,W4,planning_suite,blocksworld,717,914,0.0245,161,132,0.0915,False,True,identical,False,,0.85,transformed
BW,BW_504,W5,planning_suite,blocksworld,717,866,0.6545,161,195,0.9136,False,False,different,False,,0.85,transformed
BW,BW_504,W6,planning_suite,blocksworld,717,734,0.7829,161,165,0.8046,False,False,different,False,BW_001,0.85,near_duplicate
BW,BW_505,W1,planning_suite,blocksworld,665,886,0.0645,147,171,0.3154,False,True,identical,False,,0.85,transformed
BW,BW_505,W2,planning_suite,blocksworld,665,609,0.5102,147,145,0.5882,False,True,identical,False,,0.85,transformed
BW,BW_505,W3,planning_suite,blocksworld,665,711,0.6439,147,147,0.6818,False,False,identical,False,,0.85,answer_mismatch
BW,BW_505,W4,planning_suite,blocksworld,665,852,0.0264,147,124,0.0839,False,True,identical,False,,0.85,transformed
BW,BW_505,W5,planning_suite,blocksworld,665,770,0.722,147,171,0.9351,False,False,different,False,,0.85,transformed
BW,BW_505,W6,planning_suite,blocksworld,665,682,0.781,147,151,0.875,False,False,different,True,BW_001,0.85,near_duplicate
BW,BW_506,W1,planning_suite,blocksworld,613,721,0.1454,133,152,0.4412,False,True,identical,False,,0.85,transformed
BW,BW_506,W2,planning_suite,blocksworld,613,549,0.5594,133,121,0.5802,False,True,identical,False,,0.85,transformed
BW,BW_506,W3,planning_suite,blocksworld,613,635,0.7099,133,133,0.7692,False,False,identical,False,,0.85,answer_mismatch
BW,BW_506,W4,planning_suite,blocksworld,613,790,0.0285,133,116,0.0764,False,True,identical,False,,0.85,transformed
BW,BW_506,W5,planning_suite,blocksworld,613,674,0.8345,133,147,0.9178,False,False,different,False,,0.85,transformed
BW,BW_506,W6,planning_suite,blocksworld,613,630,0.8463,133,137,0.88,False,False,different,True,BW_010,0.85,near_duplicate
BW,BW_507,W1,planning_suite,blocksworld,613,840,0.0385,133,146,0.2705,False,True,identical,False,,0.85,transformed
BW,BW_507,W2,planning_suite,blocksworld,613,549,0.5594,133,121,0.5802,False,True,identical,False,,0.85,transformed
BW,BW_507,W3,planning_suite,blocksworld,613,635,0.734,133,133,0.7692,False,False,identical,False,,0.85,answer_mismatch
BW,BW_507,W4,planning_suite,blocksworld,613,790,0.0285,133,116,0.0764,False,True,identical,False,,0.85,transformed
BW,BW_507,W5,planning_suite,blocksworld,613,674,0.791,133,147,0.9178,False,False,different,False,,0.85,transformed
BW,BW_507,W6,planning_suite,blocksworld,613,630,0.8479,133,137,0.8421,False,False,different,False,BW_010,0.85,near_duplicate
BW,BW_508,W1,planning_suite,blocksworld,665,797,0.0534,147,158,0.3966,False,True,identical,False,,0.85,transformed
BW,BW_508,W2,planning_suite,blocksworld,665,609,0.5102,147,145,0.5698,False,True,identical,False,,0.85,transformed
BW,BW_508,W3,planning_suite,blocksworld,665,709,0.6448,147,147,0.6818,False,False,identical,False,,0.85,answer_mismatch
BW,BW_508,W4,planning_suite,blocksworld,665,852,0.0264,147,124,0.0839,False,True,identical,False,,0.85,transformed
BW,BW_508,W5,planning_suite,blocksworld,665,770,0.7596,147,171,0.9103,False,False,different,False,,0.85,transformed
BW,BW_508,W6,planning_suite,blocksworld,665,682,0.781,147,151,0.8861,False,False,different,True,BW_001,0.85,near_duplicate
BW,BW_509,W1,planning_suite,blocksworld,665,857,0.2865,147,176,0.4732,False,True,identical,False,,0.85,transformed
BW,BW_509,W2,planning_suite,blocksworld,665,609,0.5102,147,145,0.5698,False,True,identical,False,,0.85,transformed
BW,BW_509,W3,planning_suite,blocksworld,665,717,0.7323,147,147,0.6818,False,False,identical,False,,0.85,answer_mismatch
BW,BW_509,W4,planning_suite,blocksworld,665,852,0.0264,147,124,0.0839,False,True,identical,False,,0.85,transformed
BW,BW_509,W5,planning_suite,blocksworld,665,770,0.761,147,171,0.9103,False,False,different,False,,0.85,transformed
BW,BW_509,W6,planning_suite,blocksworld,665,682,0.781,147,151,0.7857,False,False,different,False,BW_001,0.85,near_duplicate
BW,BW_510,W1,planning_suite,blocksworld,717,881,0.2103,161,181,0.4016,False,True,identical,False,,0.85,transformed
BW,BW_510,W2,planning_suite,blocksworld,717,669,0.469,161,169,0.5618,False,True,identical,False,,0.85,transformed
BW,BW_510,W3,planning_suite,blocksworld,717,815,0.5509,161,161,0.6211,False,False,identical,False,,0.85,answer_mismatch
BW,BW_510,W4,planning_suite,blocksworld,717,914,0.0245,161,132,0.0915,False,True,identical,False,,0.85,transformed
BW,BW_510,W5,planning_suite,blocksworld,717,866,0.6545,161,195,0.9136,False,False,different,False,,0.85,transformed
BW,BW_510,W6,planning_suite,blocksworld,717,734,0.7292,161,165,0.7444,False,False,different,False,BW_001,0.85,near_duplicate
BW,BW_511,W1,planning_suite,blocksworld,639,803,0.0458,140,151,0.28,False,True,identical,False,,0.85,transformed
BW,BW_511,W2,planning_suite,blocksworld,639,579,0.5337,140,133,0.5714,False,True,identical,False,,0.85,transformed
BW,BW_511,W3,planning_suite,blocksworld,639,679,0.7678,140,140,0.7143,False,False,identical,False,,0.85,answer_mismatch
BW,BW_511,W4,planning_suite,blocksworld,639,821,0.0274,140,120,0.08,False,True,identical,False,,0.85,transformed
BW,BW_511,W5,planning_suite,blocksworld,639,722,0.7553,140,159,0.9079,False,False,different,False,,0.85,transformed
BW,BW_511,W6,planning_suite,blocksworld,639,656,0.8124,140,144,0.7805,False,False,different,False,BW_001,0.85,near_duplicate
BW,BW_512,W1,planning_suite,blocksworld,691,955,0.0462,154,178,0.2774,False,True,identical,False,,0.85,transformed
BW,BW_512,W2,planning_suite,blocksworld,691,639,0.4887,154,157,0.5682,False,True,identical,False,,0.85,transformed
BW,BW_512,W3,planning_suite,blocksworld,691,810,0.6089,154,154,0.6522,False,False,identical,False,,0.85,answer_mismatch
BW,BW_512,W4,planning_suite,blocksworld,691,883,0.0254,154,128,0.0875,False,True,identical,False,,0.85,transformed
BW,BW_512,W5,planning_suite,blocksworld,691,818,0.7833,154,183,0.9125,False,False,different,False,,0.85,transformed
BW,BW_512,W6,planning_suite,blocksworld,691,708,0.7748,154,158,0.8118,False,False,different,False,BW_001,0.85,near_duplicate
BW,BW_513,W1,planning_suite,blocksworld,717,852,0.0841,161,177,0.4348,False,True,identical,False,,0.85,transformed
BW,BW_513,W2,planning_suite,blocksworld,717,669,0.469,161,169,0.5795,False,True,identical,False,,0.85,transformed
BW,BW_513,W3,planning_suite,blocksworld,717,840,0.5382,161,161,0.6211,False,False,identical,False,,0.85,answer_mismatch
BW,BW_513,W4,planning_suite,blocksworld,717,914,0.0245,161,132,0.0915,False,True,identical,False,,0.85,transformed
BW,BW_513,W5,planning_suite,blocksworld,717,866,0.6545,161,195,0.9375,False,False,different,False,,0.85,transformed
BW,BW_513,W6,planning_suite,blocksworld,717,734,0.8091,161,165,0.869,False,False,different,True,BW_001,0.85,near_duplicate
BW,BW_514,W1,planning_suite,blocksworld,691,888,0.0621,154,172,0.3387,False,True,identical,False,,0.85,transformed
BW,BW_514,W2,planning_suite,blocksworld,691,639,0.4887,154,157,0.5632,False,True,identical,False,,0.85,transformed
BW,BW_514,W3,planning_suite,blocksworld,691,794,0.4835,154,154,0.6484,False,False,identical,False,,0.85,answer_mismatch
BW,BW_514,W4,planning_suite,blocksworld,691,883,0.0254,154,128,0.0881,False,True,identical,False,,0.85,transformed
BW,BW_514,W5,planning_suite,blocksworld,691,818,0.7833,154,183,0.9114,False,False,different,False,,0.85,transformed
BW,BW_514,W6,planning_suite,blocksworld,691,708,0.7648,154,158,0.8434,False,False,different,False,BW_001,0.85,near_duplicate
BW,BW_515,W1,planning_suite,blocksworld,691,958,0.0352,154,183,0.3077,False,True,identical,False,,0.85,transformed
BW,BW_515,W2,planning_suite,blocksworld,691,639,0.4887,154,157,0.5632,False,True,identical,False,,0.85,transformed
BW,BW_515,W3,planning_suite,blocksworld,691,779,0.6027,154,154,0.6484,False,False,identical,False,,0.85,answer_mismatch
BW,BW_515,W4,planning_suite,blocksworld,691,883,0.0254,154,128,0.0881,False,True,identical,False,,0.85,transformed
BW,BW_515,W5,planning_suite,blocksworld,691,818,0.6733,154,183,0.9114,False,False,different,False,,0.85,transformed
BW,BW_515,W6,planning_suite,blocksworld,691,708,0.7563,154,158,0.8313,False,False,different,False,BW_001,0.85,near_duplicate
BW,BW_E_001,W1,planning_suite,blocksworld,691,971,0.0325,154,176,0.2826,False,True,identical,False,,0.85,transformed
BW,BW_E_001,W2,planning_suite,blocksworld,691,639,0.4887,154,157,0.5632,False,True,identical,False,,0.85,transformed
BW,BW_E_001,W3,planning_suite,blocksworld,691,766,0.6067,154,154,0.6484,False,False,identical,False,,0.85,answer_mismatch
BW,BW_E_001,W4,planning_suite,blocksworld,691,883,0.0254,154,128,0.0881,False,True,identical,False,,0.85,transformed
BW,BW_E_001,W5,planning_suite,blocksworld,691,708,0.8377,154,158,0.8434,False,False,different,False,,0.85,transformed
BW,BW_E_001,W6,planning_suite,blocksworld,691,708,0.8377,154,158,0.8434,False,False,different,False,BW_001,0.85,near_duplicate
BW,BW_E_002,W1,planning_suite,blocksworld,639,828,0.0545,140,153,0.3279,False,True,identical,False,,0.85,transformed
BW,BW_E_002,W2,planning_suite,blocksworld,639,579,0.5337,140,133,0.5904,False,True,identical,False,,0.85,transformed
BW,BW_E_002,W3,planning_suite,blocksworld,639,697,0.6632,140,140,0.7143,False,False,identical,False,,0.85,answer_mismatch
BW,BW_E_002,W4,planning_suite,blocksworld,639,821,0.0274,140,120,0.08,False,True,identical,False,,0.85,transformed
BW,BW_E_002,W5,planning_suite,blocksworld,639,656,0.8124,140,144,0.8354,False,False,different,False,,0.85,transformed
BW,BW_E_002,W6,planning_suite,blocksworld,639,656,0.8124,140,144,0.8354,False,False,different,False,BW_001,0.85,near_duplicate
BW,BW_E_003,W1,planning_suite,blocksworld,665,875,0.0468,147,161,0.3077,False,True,identical,False,,0.85,transformed
BW,BW_E_003,W2,planning_suite,blocksworld,665,609,0.5102,147,145,0.5882,False,True,identical,False,,0.85,transformed
BW,BW_E_003,W3,planning_suite,blocksworld,665,714,0.6599,147,147,0.6818,False,False,identical,False,,0.85,answer_mismatch
BW,BW_E_003,W4,planning_suite,blocksworld,665,852,0.0264,147,124,0.0839,False,True,identical,False,,0.85,transformed
BW,BW_E_003,W5,planning_suite,blocksworld,665,682,0.781,147,151,0.8293,False,False,different,False,,0.85,transformed
BW,BW_E_003,W6,planning_suite,blocksworld,665,682,0.781,147,151,0.8293,False,False,different,False,BW_001,0.85,near_duplicate
BW,BW_E_004,W1,planning_suite,blocksworld,743,1053,0.0423,168,201,0.3381,False,True,identical,False,,0.85,transformed
BW,BW_E_004,W2,planning_suite,blocksworld,743,699,0.4508,168,181,0.5778,False,True,identical,False,,0.85,transformed
BW,BW_E_004,W3,planning_suite,blocksworld,743,882,0.4418,168,168,0.596,False,False,identical,False,,0.85,answer_mismatch
BW,BW_E_004,W4,planning_suite,blocksworld,743,945,0.0237,168,136,0.0947,False,True,identical,False,,0.85,transformed
BW,BW_E_004,W5,planning_suite,blocksworld,743,760,0.7784,168,172,0.8391,False,False,different,False,,0.85,transformed
BW,BW_E_004,W6,planning_suite,blocksworld,743,760,0.7784,168,172,0.8391,False,False,different,False,BW_001,0.85,near_duplicate
BW,BW_E_005,W1,planning_suite,blocksworld,665,850,0.2574,147,176,0.5,False,True,identical,False,,0.85,transformed
BW,BW_E_005,W2,planning_suite,blocksworld,665,609,0.5102,147,145,0.5698,False,True,identical,False,,0.85,transformed
BW,BW_E_005,W3,planning_suite,blocksworld,665,717,0.6614,147,147,0.6818,False,False,identical,False,,0.85,answer_mismatch
BW,BW_E_005,W4,planning_suite,blocksworld,665,852,0.0264,147,124,0.0839,False,True,identical,False,,0.85,transformed
BW,BW_E_005,W5,planning_suite,blocksworld,665,682,0.781,147,151,0.875,False,False,different,False,,0.85,transformed
BW,BW_E_005,W6,planning_suite,blocksworld,665,682,0.781,147,151,0.8861,False,False,different,True,BW_001,0.85,near_duplicate
BW,MBW_496,W1,planning_suite,mystery_blocksworld,663,757,0.069,139,150,0.4679,False,True,identical,False,,0.85,transformed
BW,MBW_496,W2,planning_suite,mystery_blocksworld,663,830,0.3925,139,188,0.4494,False,True,identical,False,,0.85,transformed
BW,MBW_496,W3,planning_suite,mystery_blocksworld,663,798,0.0438,139,139,0.52,False,False,identical,False,,0.85,answer_mismatch
BW,MBW_496,W4,planning_suite,mystery_blocksworld,663,606,0.0095,139,107,0.3628,False,True,identical,False,,0.85,transformed
BW,MBW_496,W5,planning_suite,mystery_blocksworld,663,663,1.0,139,139,1.0,True,False,different,False,,0.85,identical_to_canonical
BW,MBW_496,W6,planning_suite,mystery_blocksworld,663,812,0.1085,139,186,0.4595,False,False,different,False,BW_001,0.85,near_duplicate
BW,MBW_497,W1,planning_suite,mystery_blocksworld,663,918,0.0455,139,191,0.4685,False,True,identical,False,,0.85,transformed
BW,MBW_497,W2,planning_suite,mystery_blocksworld,663,830,0.3938,139,188,0.4444,False,True,identical,False,,0.85,transformed
BW,MBW_497,W3,planning_suite,mystery_blocksworld,663,787,0.4428,139,139,0.5098,False,False,identical,False,,0.85,answer_mismatch
BW,MBW_497,W4,planning_suite,mystery_blocksworld,663,606,0.0095,139,107,0.3684,False,True,identical,False,,0.85,transformed
BW,MBW_497,W5,planning_suite,mystery_blocksworld,663,663,1.0,139,139,1.0,True,False,different,False,,0.85,identical_to_canonical
BW,MBW_497,W6,planning_suite,mystery_blocksworld,663,812,0.1085,139,186,0.4298,False,False,different,False,BW_001,0.85,near_duplicate
BW,MBW_498,W1,planning_suite,mystery_blocksworld,693,797,0.0564,147,167,0.5398,False,True,identical,False,,0.85,transformed
BW,MBW_498,W2,planning_suite,mystery_blocksworld,693,914,0.3771,147,212,0.4516,False,True,identical,False,,0.85,transformed
BW,MBW_498,W3,planning_suite,mystery_blocksworld,693,877,0.1745,147,147,0.4815,False,False,identical,False,,0.85,answer_mismatch
BW,MBW_498,W4,planning_suite,mystery_blocksworld,693,636,0.009,147,115,0.3846,False,True,identical,False,,0.85,transformed
BW,MBW_498,W5,planning_suite,mystery_blocksworld,693,693,1.0,147,147,1.0,True,False,different,False,,0.85,identical_to_canonical
BW,MBW_498,W6,planning_suite,mystery_blocksworld,693,864,0.2595,147,200,0.4956,False,False,different,False,BW_001,0.85,near_duplicate
BW,MBW_499,W1,planning_suite,mystery_blocksworld,633,763,0.0587,131,150,0.4312,False,True,identical,False,,0.85,transformed
BW,MBW_499,W2,planning_suite,mystery_blocksworld,633,746,0.422,131,164,0.4471,False,True,identical,False,,0.85,transformed
BW,MBW_499,W3,planning_suite,mystery_blocksworld,633,748,0.0434,131,131,0.5652,False,False,identical,False,,0.85,answer_mismatch
BW,MBW_499,W4,planning_suite,mystery_blocksworld,633,576,0.0099,131,99,0.3394,False,True,identical,False,,0.85,transformed
BW,MBW_499,W5,planning_suite,mystery_blocksworld,633,633,1.0,131,131,1.0,True,False,different,False,,0.85,identical_to_canonical
BW,MBW_499,W6,planning_suite,mystery_blocksworld,633,760,0.1149,131,172,0.4037,False,False,different,False,BW_001,0.85,near_duplicate
BW,MBW_500,W1,planning_suite,mystery_blocksworld,663,667,0.0782,139,131,0.4808,False,True,identical,False,,0.85,transformed
BW,MBW_500,W2,planning_suite,mystery_blocksworld,663,830,0.3938,139,188,0.4444,False,True,identical,False,,0.85,transformed
BW,MBW_500,W3,planning_suite,mystery_blocksworld,663,1023,0.0368,139,139,0.5098,False,False,identical,False,,0.85,answer_mismatch
BW,MBW_500,W4,planning_suite,mystery_blocksworld,663,606,0.0095,139,107,0.3684,False,True,identical,False,,0.85,transformed
BW,MBW_500,W5,planning_suite,mystery_blocksworld,663,663,1.0,139,139,1.0,True,False,different,False,,0.85,identical_to_canonical
BW,MBW_500,W6,planning_suite,mystery_blocksworld,663,812,0.1085,139,186,0.4554,False,False,different,False,BW_001,0.85,near_duplicate
GSM,GSM_001,W1,arithmetic_reasoning,gsm_symbolic,180,169,0.6017,36,32,0.2917,False,True,identical,False,,0.85,transformed
GSM,GSM_001,W2,arithmetic_reasoning,gsm_symbolic,180,508,0.2297,36,93,0.1098,False,True,identical,False,,0.85,transformed
GSM,GSM_001,W3,arithmetic_reasoning,gsm_symbolic,180,285,0.5247,36,50,0.2623,False,True,identical,False,,0.85,transformed
GSM,GSM_001,W4,arithmetic_reasoning,gsm_symbolic,180,212,0.2908,36,44,0.0781,False,True,identical,False,,0.85,transformed
GSM,GSM_001,W5,arithmetic_reasoning,gsm_symbolic,180,210,0.4564,36,41,0.2407,False,False,different,False,,0.85,transformed
GSM,GSM_002,W1,arithmetic_reasoning,gsm_symbolic,118,140,0.4496,25,30,0.3846,False,True,identical,False,,0.85,transformed
GSM,GSM_002,W2,arithmetic_reasoning,gsm_symbolic,118,400,0.3591,25,75,0.1765,False,True,identical,False,,0.85,transformed
GSM,GSM_002,W3,arithmetic_reasoning,gsm_symbolic,118,188,0.6601,25,35,0.3636,False,True,identical,False,,0.85,transformed
GSM,GSM_002,W4,arithmetic_reasoning,gsm_symbolic,118,156,0.4015,25,37,0.1282,False,True,identical,False,,0.85,transformed
GSM,GSM_002,W5,arithmetic_reasoning,gsm_symbolic,118,161,0.6237,25,32,0.4333,False,False,different,False,,0.85,transformed
GSM,GSM_003,W1,arithmetic_reasoning,gsm_symbolic,193,249,0.5656,38,45,0.2857,False,True,identical,False,,0.85,transformed
GSM,GSM_003,W2,arithmetic_reasoning,gsm_symbolic,193,169,0.3978,38,38,0.1842,False,True,identical,False,,0.85,transformed
GSM,GSM_003,W3,arithmetic_reasoning,gsm_symbolic,193,248,0.6712,38,47,0.439,False,True,identical,False,,0.85,transformed
GSM,GSM_003,W4,arithmetic_reasoning,gsm_symbolic,193,204,0.2872,38,44,0.1132,False,True,identical,False,,0.85,transformed
GSM,GSM_003,W5,arithmetic_reasoning,gsm_symbolic,193,195,0.3093,38,35,0.1915,False,False,different,False,,0.85,transformed
GSM,GSM_004,W1,arithmetic_reasoning,gsm_symbolic,146,147,0.3549,32,30,0.1778,False,True,identical,False,,0.85,transformed
GSM,GSM_004,W2,arithmetic_reasoning,gsm_symbolic,146,460,0.2211,32,92,0.1,False,True,identical,False,,0.85,transformed
GSM,GSM_004,W3,arithmetic_reasoning,gsm_symbolic,146,200,0.7919,32,42,0.6389,False,True,identical,False,,0.85,transformed
GSM,GSM_004,W4,arithmetic_reasoning,gsm_symbolic,146,253,0.3709,32,58,0.1017,False,True,identical,False,,0.85,transformed
GSM,GSM_004,W5,arithmetic_reasoning,gsm_symbolic,146,184,0.4545,32,38,0.3721,False,False,different,False,,0.85,transformed
GSM,GSM_005,W1,arithmetic_reasoning,gsm_symbolic,295,316,0.3306,60,59,0.4559,False,True,identical,False,,0.85,transformed
GSM,GSM_005,W2,arithmetic_reasoning,gsm_symbolic,295,836,0.0866,60,157,0.2784,False,True,identical,False,,0.85,transformed
GSM,GSM_005,W3,arithmetic_reasoning,gsm_symbolic,295,330,0.6688,60,66,0.6269,False,True,identical,False,,0.85,transformed
GSM,GSM_005,W4,arithmetic_reasoning,gsm_symbolic,295,135,0.0465,60,46,0.0135,False,True,identical,False,,0.85,transformed
GSM,GSM_005,W5,arithmetic_reasoning,gsm_symbolic,295,302,0.4288,60,56,0.4627,False,False,different,False,,0.85,transformed
GSM,GSM_006,W1,arithmetic_reasoning,gsm_symbolic,194,240,0.5991,37,49,0.3077,False,True,identical,False,,0.85,transformed
GSM,GSM_006,W2,arithmetic_reasoning,gsm_symbolic,194,498,0.2572,37,101,0.1507,False,True,identical,False,,0.85,transformed
GSM,GSM_006,W3,arithmetic_reasoning,gsm_symbolic,194,257,0.6829,37,44,0.4894,False,True,identical,False,,0.85,transformed
GSM,GSM_006,W4,arithmetic_reasoning,gsm_symbolic,194,270,0.4052,37,58,0.1475,False,True,identical,False,,0.85,transformed
GSM,GSM_006,W5,arithmetic_reasoning,gsm_symbolic,194,224,0.6172,37,42,0.4043,False,False,different,False,,0.85,transformed
GSM,GSM_007,W1,arithmetic_reasoning,gsm_symbolic,155,238,0.6005,36,49,0.3158,False,True,identical,False,,0.85,transformed
GSM,GSM_007,W2,arithmetic_reasoning,gsm_symbolic,155,567,0.2188,36,116,0.2051,False,True,identical,False,,0.85,transformed
GSM,GSM_007,W3,arithmetic_reasoning,gsm_symbolic,155,209,0.7747,36,45,0.6667,False,True,identical,False,,0.85,transformed
GSM,GSM_007,W4,arithmetic_reasoning,gsm_symbolic,155,252,0.3784,36,57,0.127,False,True,identical,False,,0.85,transformed
GSM,GSM_007,W5,arithmetic_reasoning,gsm_symbolic,155,231,0.6684,36,48,0.48,False,False,different,False,,0.85,transformed
GSM,GSM_008,W1,arithmetic_reasoning,gsm_symbolic,123,178,0.4585,22,34,0.3429,False,True,identical,False,,0.85,transformed
GSM,GSM_008,W2,arithmetic_reasoning,gsm_symbolic,123,484,0.2735,22,87,0.1613,False,True,identical,False,,0.85,transformed
GSM,GSM_008,W3,arithmetic_reasoning,gsm_symbolic,123,202,0.56,22,39,0.4054,False,True,identical,False,,0.85,transformed
GSM,GSM_008,W4,arithmetic_reasoning,gsm_symbolic,123,280,0.4119,22,58,0.2,False,True,identical,False,,0.85,transformed
GSM,GSM_008,W5,arithmetic_reasoning,gsm_symbolic,123,180,0.6007,22,33,0.2632,False,False,different,False,,0.85,transformed
GSM,GSM_009,W1,arithmetic_reasoning,gsm_symbolic,139,181,0.6062,33,38,0.3556,False,True,identical,False,,0.85,transformed
GSM,GSM_009,W2,arithmetic_reasoning,gsm_symbolic,139,524,0.2474,33,107,0.1646,False,True,identical,False,,0.85,transformed
GSM,GSM_009,W3,arithmetic_reasoning,gsm_symbolic,139,205,0.7442,33,43,0.6053,False,True,identical,False,,0.85,transformed
GSM,GSM_009,W4,arithmetic_reasoning,gsm_symbolic,139,368,0.2998,33,84,0.2,False,True,identical,False,,0.85,transformed
GSM,GSM_009,W5,arithmetic_reasoning,gsm_symbolic,139,247,0.5026,33,51,0.383,False,False,different,False,,0.85,transformed
GSM,GSM_010,W1,arithmetic_reasoning,gsm_symbolic,575,511,0.0921,112,101,0.3953,False,True,identical,False,,0.85,transformed
GSM,GSM_010,W2,arithmetic_reasoning,gsm_symbolic,575,796,0.0788,112,146,0.2336,False,True,identical,False,,0.85,transformed
GSM,GSM_010,W3,arithmetic_reasoning,gsm_symbolic,575,609,0.2213,112,112,0.3789,False,True,identical,False,,0.85,transformed
GSM,GSM_010,W4,arithmetic_reasoning,gsm_symbolic,575,382,0.0961,112,79,0.2022,False,True,identical,False,,0.85,transformed
GSM,GSM_010,W5,arithmetic_reasoning,gsm_symbolic,575,440,0.0828,112,82,0.3494,False,False,different,False,,0.85,transformed
GSM,GSM_011,W1,arithmetic_reasoning,gsm_symbolic,299,283,0.3952,60,55,0.3966,False,True,identical,False,,0.85,transformed
GSM,GSM_011,W2,arithmetic_reasoning,gsm_symbolic,299,588,0.0767,60,121,0.1667,False,True,identical,False,,0.85,transformed
GSM,GSM_011,W3,arithmetic_reasoning,gsm_symbolic,299,371,0.6448,60,70,0.5424,False,True,identical,False,,0.85,transformed
GSM,GSM_011,W4,arithmetic_reasoning,gsm_symbolic,299,377,0.074,60,87,0.2576,False,True,identical,False,,0.85,transformed
GSM,GSM_011,W5,arithmetic_reasoning,gsm_symbolic,299,264,0.2664,60,53,0.3016,False,False,different,False,,0.85,transformed
GSM,GSM_012,W1,arithmetic_reasoning,gsm_symbolic,364,348,0.4073,65,62,0.5455,False,True,identical,False,,0.85,transformed
GSM,GSM_012,W2,arithmetic_reasoning,gsm_symbolic,364,610,0.0431,65,113,0.1837,False,True,identical,False,,0.85,transformed
GSM,GSM_012,W3,arithmetic_reasoning,gsm_symbolic,364,395,0.2714,65,70,0.5588,False,True,identical,False,,0.85,transformed
GSM,GSM_012,W4,arithmetic_reasoning,gsm_symbolic,364,278,0.0592,65,60,0.1447,False,True,identical,False,,0.85,transformed
GSM,GSM_012,W5,arithmetic_reasoning,gsm_symbolic,364,294,0.3313,65,55,0.3662,False,False,different,False,,0.85,transformed
GSM,GSM_013,W1,arithmetic_reasoning,gsm_symbolic,382,343,0.1021,72,60,0.3382,False,True,identical,False,,0.85,transformed
GSM,GSM_013,W2,arithmetic_reasoning,gsm_symbolic,382,707,0.27,72,131,0.2128,False,True,identical,False,,0.85,transformed
GSM,GSM_013,W3,arithmetic_reasoning,gsm_symbolic,382,438,0.6659,72,82,0.5,False,True,identical,False,,0.85,transformed
GSM,GSM_013,W4,arithmetic_reasoning,gsm_symbolic,382,332,0.1317,72,68,0.1918,False,True,identical,False,,0.85,transformed
GSM,GSM_013,W5,arithmetic_reasoning,gsm_symbolic,382,309,0.1013,72,59,0.2535,False,False,different,False,,0.85,transformed
GSM,GSM_014,W1,arithmetic_reasoning,gsm_symbolic,233,283,0.2287,44,52,0.381,False,True,identical,False,,0.85,transformed
GSM,GSM_014,W2,arithmetic_reasoning,gsm_symbolic,233,560,0.0832,44,105,0.1609,False,True,identical,False,,0.85,transformed
GSM,GSM_014,W3,arithmetic_reasoning,gsm_symbolic,233,292,0.7048,44,54,0.6429,False,True,identical,False,,0.85,transformed
GSM,GSM_014,W4,arithmetic_reasoning,gsm_symbolic,233,287,0.2231,44,62,0.1528,False,True,identical,False,,0.85,transformed
GSM,GSM_014,W5,arithmetic_reasoning,gsm_symbolic,233,239,0.1525,44,41,0.3448,False,False,different,False,,0.85,transformed
GSM,GSM_015,W1,arithmetic_reasoning,gsm_symbolic,426,385,0.4291,77,67,0.3611,False,True,identical,False,,0.85,transformed
GSM,GSM_015,W2,arithmetic_reasoning,gsm_symbolic,426,703,0.062,77,130,0.125,False,True,identical,False,,0.85,transformed
GSM,GSM_015,W3,arithmetic_reasoning,gsm_symbolic,426,492,0.3486,77,87,0.3902,False,True,identical,False,,0.85,transformed
GSM,GSM_015,W4,arithmetic_reasoning,gsm_symbolic,426,457,0.0589,77,89,0.119,False,True,identical,False,,0.85,transformed
GSM,GSM_015,W5,arithmetic_reasoning,gsm_symbolic,426,318,0.1801,77,59,0.3099,False,False,different,False,,0.85,transformed
GSM,GSM_016,W1,arithmetic_reasoning,gsm_p1p2,650,567,0.3533,124,98,0.4071,False,True,identical,False,,0.85,transformed
GSM,GSM_016,W2,arithmetic_reasoning,gsm_p1p2,650,667,0.2126,124,127,0.1314,False,True,identical,False,,0.85,transformed
GSM,GSM_016,W3,arithmetic_reasoning,gsm_p1p2,650,770,0.5113,124,135,0.5172,False,True,identical,False,,0.85,transformed
GSM,GSM_016,W4,arithmetic_reasoning,gsm_p1p2,650,574,0.0408,124,132,0.0667,False,True,identical,False,,0.85,transformed
GSM,GSM_016,W5,arithmetic_reasoning,gsm_p1p2,650,373,0.086,124,70,0.3269,False,False,different,False,,0.85,transformed
GSM,GSM_017,W1,arithmetic_reasoning,gsm_p1p2,401,468,0.5915,79,88,0.4079,False,True,identical,False,,0.85,transformed
GSM,GSM_017,W2,arithmetic_reasoning,gsm_p1p2,401,856,0.1718,79,161,0.2056,False,True,identical,False,,0.85,transformed
GSM,GSM_017,W3,arithmetic_reasoning,gsm_p1p2,401,471,0.6422,79,89,0.5652,False,True,identical,False,,0.85,transformed
GSM,GSM_017,W4,arithmetic_reasoning,gsm_p1p2,401,447,0.1462,79,96,0.2143,False,True,identical,False,,0.85,transformed
GSM,GSM_017,W5,arithmetic_reasoning,gsm_p1p2,401,410,0.0814,79,80,0.4507,False,False,different,False,,0.85,transformed
GSM,GSM_018,W1,arithmetic_reasoning,gsm_p1p2,311,368,0.3181,56,62,0.3684,False,True,identical,False,,0.85,transformed
GSM,GSM_018,W2,arithmetic_reasoning,gsm_p1p2,311,794,0.0977,56,146,0.2247,False,True,identical,False,,0.85,transformed
GSM,GSM_018,W3,arithmetic_reasoning,gsm_p1p2,311,394,0.2099,56,63,0.2581,False,True,identical,False,,0.85,transformed
GSM,GSM_018,W4,arithmetic_reasoning,gsm_p1p2,311,532,0.0902,56,109,0.2133,False,True,identical,False,,0.85,transformed
GSM,GSM_018,W5,arithmetic_reasoning,gsm_p1p2,311,364,0.1926,56,65,0.371,False,False,different,False,,0.85,transformed
GSM,GSM_019,W1,arithmetic_reasoning,gsm_p1p2,510,527,0.5767,91,88,0.4524,False,True,identical,False,,0.85,transformed
GSM,GSM_019,W2,arithmetic_reasoning,gsm_p1p2,510,723,0.2255,91,133,0.1818,False,True,identical,False,,0.85,transformed
GSM,GSM_019,W3,arithmetic_reasoning,gsm_p1p2,510,602,0.4622,91,108,0.5301,False,True,identical,False,,0.85,transformed
GSM,GSM_019,W4,arithmetic_reasoning,gsm_p1p2,510,511,0.0979,91,107,0.1684,False,True,identical,False,,0.85,transformed
GSM,GSM_019,W5,arithmetic_reasoning,gsm_p1p2,510,368,0.4191,91,64,0.3684,False,False,different,False,,0.85,transformed
GSM,GSM_020,W1,arithmetic_reasoning,gsm_p1p2,297,348,0.5612,59,65,0.5273,False,True,identical,False,,0.85,transformed
GSM,GSM_020,W2,arithmetic_reasoning,gsm_p1p2,297,658,0.3497,59,133,0.2824,False,True,identical,False,,0.85,transformed
GSM,GSM_020,W3,arithmetic_reasoning,gsm_p1p2,297,381,0.2448,59,73,0.3692,False,True,identical,False,,0.85,transformed
GSM,GSM_020,W4,arithmetic_reasoning,gsm_p1p2,297,365,0.0997,59,95,0.1154,False,True,identical,False,,0.85,transformed
GSM,GSM_020,W5,arithmetic_reasoning,gsm_p1p2,297,352,0.6626,59,67,0.6038,False,False,different,False,,0.85,transformed
GSM,GSM_041,W1,arithmetic_reasoning,gsm_symbolic,233,261,0.1093,46,42,0.3,False,True,identical,False,,0.85,transformed
GSM,GSM_041,W2,arithmetic_reasoning,gsm_symbolic,233,286,0.2543,46,55,0.4222,False,True,identical,False,,0.85,transformed
GSM,GSM_041,W3,arithmetic_reasoning,gsm_symbolic,233,283,0.1938,46,49,0.5227,False,True,identical,False,,0.85,transformed
GSM,GSM_041,W4,arithmetic_reasoning,gsm_symbolic,233,409,0.0685,46,82,0.7333,False,True,identical,False,,0.85,transformed
GSM,GSM_041,W6,arithmetic_reasoning,gsm_symbolic,233,236,0.2345,46,46,0.6098,False,False,different,False,,0.85,transformed
GSM,GSM_041,W5,arithmetic_reasoning,gsm_symbolic,233,273,0.664,46,53,0.7436,False,False,different,False,,0.85,transformed
GSM,GSM_042,W1,arithmetic_reasoning,gsm_symbolic,177,214,0.711,32,38,0.3721,False,True,identical,False,,0.85,transformed
GSM,GSM_042,W2,arithmetic_reasoning,gsm_symbolic,177,174,0.6781,32,31,0.4444,False,True,identical,False,,0.85,transformed
GSM,GSM_042,W3,arithmetic_reasoning,gsm_symbolic,177,199,0.617,32,33,0.5,False,True,identical,False,,0.85,transformed
GSM,GSM_042,W4,arithmetic_reasoning,gsm_symbolic,177,344,0.5336,32,67,0.6579,False,True,identical,False,,0.85,transformed
GSM,GSM_042,W6,arithmetic_reasoning,gsm_symbolic,177,206,0.8198,32,32,0.6667,False,False,different,False,,0.85,transformed
GSM,GSM_042,W5,arithmetic_reasoning,gsm_symbolic,177,177,0.6384,32,32,0.625,False,False,different,False,,0.85,transformed
GSM,GSM_043,W1,arithmetic_reasoning,gsm_symbolic,151,201,0.608,29,38,0.3158,False,True,identical,False,,0.85,transformed
GSM,GSM_043,W2,arithmetic_reasoning,gsm_symbolic,151,175,0.6626,29,33,0.3226,False,True,identical,False,,0.85,transformed
GSM,GSM_043,W3,arithmetic_reasoning,gsm_symbolic,151,184,0.5672,29,29,0.4483,False,True,identical,False,,0.85,transformed
GSM,GSM_043,W4,arithmetic_reasoning,gsm_symbolic,151,350,0.6028,29,71,0.6,False,True,identical,False,,0.85,transformed
GSM,GSM_043,W6,arithmetic_reasoning,gsm_symbolic,151,143,0.9048,29,28,0.5769,False,False,different,False,,0.85,transformed
GSM,GSM_043,W5,arithmetic_reasoning,gsm_symbolic,151,200,0.6895,29,40,0.5161,False,False,different,False,,0.85,transformed
GSM,GSM_044,W1,arithmetic_reasoning,gsm_symbolic,381,411,0.2828,73,73,0.3846,False,True,identical,False,,0.85,transformed
GSM,GSM_044,W2,arithmetic_reasoning,gsm_symbolic,381,176,0.2944,73,35,0.2462,False,True,identical,False,,0.85,transformed
GSM,GSM_044,W3,arithmetic_reasoning,gsm_symbolic,381,424,0.4621,73,75,0.4714,False,True,identical,False,,0.85,transformed
GSM,GSM_044,W4,arithmetic_reasoning,gsm_symbolic,381,676,0.1268,73,133,0.6825,False,True,identical,False,,0.85,transformed
GSM,GSM_044,W6,arithmetic_reasoning,gsm_symbolic,381,379,0.1289,73,73,0.7586,False,False,different,False,,0.85,transformed
GSM,GSM_044,W5,arithmetic_reasoning,gsm_symbolic,381,385,0.9191,73,74,0.8889,False,False,different,False,,0.85,transformed
GSM,GSM_045,W1,arithmetic_reasoning,gsm_symbolic,192,231,0.7187,32,37,0.3714,False,True,identical,False,,0.85,transformed
GSM,GSM_045,W2,arithmetic_reasoning,gsm_symbolic,192,161,0.5212,32,28,0.2121,False,True,identical,False,,0.85,transformed
GSM,GSM_045,W3,arithmetic_reasoning,gsm_symbolic,192,232,0.5472,32,36,0.5357,False,True,identical,False,,0.85,transformed
GSM,GSM_045,W4,arithmetic_reasoning,gsm_symbolic,192,274,0.5751,32,48,0.4688,False,True,identical,False,,0.85,transformed
GSM,GSM_045,W6,arithmetic_reasoning,gsm_symbolic,192,173,0.7123,32,32,0.4483,False,False,different,False,,0.85,transformed
GSM,GSM_045,W5,arithmetic_reasoning,gsm_symbolic,192,196,0.8402,32,33,0.5517,False,False,different,False,,0.85,transformed
GSM,GSM_046,W1,arithmetic_reasoning,gsm_symbolic,226,275,0.3952,42,48,0.4,False,True,identical,False,,0.85,transformed
GSM,GSM_046,W2,arithmetic_reasoning,gsm_symbolic,226,260,0.2016,42,47,0.2167,False,True,identical,False,,0.85,transformed
GSM,GSM_046,W3,arithmetic_reasoning,gsm_symbolic,226,248,0.5781,42,43,0.5957,False,True,identical,False,,0.85,transformed
GSM,GSM_046,W4,arithmetic_reasoning,gsm_symbolic,226,802,0.284,42,161,0.7115,False,True,identical,False,,0.85,transformed
GSM,GSM_046,W6,arithmetic_reasoning,gsm_symbolic,226,226,0.3009,42,42,0.8049,False,False,different,False,,0.85,transformed
GSM,GSM_046,W5,arithmetic_reasoning,gsm_symbolic,226,279,0.6535,42,51,0.7391,False,False,different,False,,0.85,transformed
GSM,GSM_047,W1,arithmetic_reasoning,gsm_symbolic,212,234,0.2511,38,38,0.3061,False,True,identical,False,,0.85,transformed
GSM,GSM_047,W2,arithmetic_reasoning,gsm_symbolic,212,226,0.1872,38,41,0.3778,False,True,identical,False,,0.85,transformed
GSM,GSM_047,W3,arithmetic_reasoning,gsm_symbolic,212,243,0.5714,38,44,0.6842,False,True,identical,False,,0.85,transformed
GSM,GSM_047,W4,arithmetic_reasoning,gsm_symbolic,212,644,0.215,38,126,0.6596,False,True,identical,False,,0.85,transformed
GSM,GSM_047,W6,arithmetic_reasoning,gsm_symbolic,212,225,0.7002,38,40,0.6316,False,False,different,False,,0.85,transformed
GSM,GSM_047,W5,arithmetic_reasoning,gsm_symbolic,212,230,0.5973,38,41,0.625,False,False,different,False,,0.85,transformed
GSM,GSM_048,W1,arithmetic_reasoning,gsm_symbolic,350,351,0.1769,72,63,0.3333,False,True,identical,False,,0.85,transformed
GSM,GSM_048,W2,arithmetic_reasoning,gsm_symbolic,350,197,0.234,72,37,0.1884,False,True,identical,False,,0.85,transformed
GSM,GSM_048,W3,arithmetic_reasoning,gsm_symbolic,350,356,0.7252,72,72,0.7288,False,True,identical,False,,0.85,transformed
GSM,GSM_048,W4,arithmetic_reasoning,gsm_symbolic,350,680,0.5709,72,145,0.697,False,True,identical,False,,0.85,transformed
GSM,GSM_048,W6,arithmetic_reasoning,gsm_symbolic,350,343,0.6869,72,72,0.6721,False,False,different,False,,0.85,transformed
GSM,GSM_048,W5,arithmetic_reasoning,gsm_symbolic,350,438,0.8452,72,89,0.7258,False,False,different,False,,0.85,transformed
GSM,GSM_049,W1,arithmetic_reasoning,gsm_symbolic,304,342,0.2012,56,54,0.2714,False,True,identical,False,,0.85,transformed
GSM,GSM_049,W2,arithmetic_reasoning,gsm_symbolic,304,331,0.2614,56,57,0.3607,False,True,identical,False,,0.85,transformed
GSM,GSM_049,W3,arithmetic_reasoning,gsm_symbolic,304,325,0.6645,56,56,0.6923,False,True,identical,False,,0.85,transformed
GSM,GSM_049,W4,arithmetic_reasoning,gsm_symbolic,304,1064,0.3947,56,214,0.7213,False,True,identical,False,,0.85,transformed
GSM,GSM_049,W6,arithmetic_reasoning,gsm_symbolic,304,305,0.8309,56,56,0.8333,False,False,different,False,,0.85,transformed
GSM,GSM_049,W5,arithmetic_reasoning,gsm_symbolic,304,368,0.7917,56,68,0.6607,False,False,different,False,,0.85,transformed
GSM,GSM_050,W1,arithmetic_reasoning,gsm_symbolic,200,283,0.0621,35,48,0.25,False,True,identical,False,,0.85,transformed
GSM,GSM_050,W2,arithmetic_reasoning,gsm_symbolic,200,237,0.4805,35,42,0.2826,False,True,identical,False,,0.85,transformed
GSM,GSM_050,W3,arithmetic_reasoning,gsm_symbolic,200,236,0.7018,35,37,0.5882,False,True,identical,False,,0.85,transformed
GSM,GSM_050,W4,arithmetic_reasoning,gsm_symbolic,200,455,0.342,35,83,0.561,False,True,identical,False,,0.85,transformed
GSM,GSM_050,W6,arithmetic_reasoning,gsm_symbolic,200,193,0.9313,35,34,0.7419,False,False,different,False,,0.85,transformed
GSM,GSM_050,W5,arithmetic_reasoning,gsm_symbolic,200,251,0.4789,35,44,0.6389,False,False,different,False,,0.85,transformed
GSM,GSM_051,W1,arithmetic_reasoning,gsm_symbolic,264,282,0.3004,56,55,0.4038,False,True,identical,False,,0.85,transformed
GSM,GSM_051,W2,arithmetic_reasoning,gsm_symbolic,264,179,0.447,56,37,0.4783,False,True,identical,False,,0.85,transformed
GSM,GSM_051,W3,arithmetic_reasoning,gsm_symbolic,264,316,0.269,56,58,0.5745,False,True,identical,False,,0.85,transformed
GSM,GSM_051,W4,arithmetic_reasoning,gsm_symbolic,264,510,0.3333,56,107,0.6735,False,True,identical,False,,0.85,transformed
GSM,GSM_051,W6,arithmetic_reasoning,gsm_symbolic,264,261,0.9638,56,55,0.8049,False,False,different,False,,0.85,transformed
GSM,GSM_051,W5,arithmetic_reasoning,gsm_symbolic,264,261,0.6095,56,55,0.8,False,False,different,False,,0.85,transformed
GSM,GSM_052,W1,arithmetic_reasoning,gsm_symbolic,166,186,0.6307,34,31,0.3889,False,True,identical,False,,0.85,transformed
GSM,GSM_052,W2,arithmetic_reasoning,gsm_symbolic,166,204,0.3676,34,41,0.4872,False,True,identical,False,,0.85,transformed
GSM,GSM_052,W3,arithmetic_reasoning,gsm_symbolic,166,187,0.8499,34,34,0.6774,False,True,identical,False,,0.85,transformed
GSM,GSM_052,W4,arithmetic_reasoning,gsm_symbolic,166,370,0.6194,34,76,0.65,False,True,identical,False,,0.85,transformed
GSM,GSM_052,W6,arithmetic_reasoning,gsm_symbolic,166,171,0.9377,34,34,0.7931,False,False,different,False,,0.85,transformed
GSM,GSM_052,W5,arithmetic_reasoning,gsm_symbolic,166,182,0.6322,34,37,0.5882,False,False,different,False,,0.85,transformed
GSM,GSM_053,W1,arithmetic_reasoning,gsm_symbolic,287,289,0.2083,55,54,0.3962,False,True,identical,False,,0.85,transformed
GSM,GSM_053,W2,arithmetic_reasoning,gsm_symbolic,287,231,0.1274,55,46,0.2407,False,True,identical,False,,0.85,transformed
GSM,GSM_053,W3,arithmetic_reasoning,gsm_symbolic,287,317,0.4503,55,58,0.4038,False,True,identical,False,,0.85,transformed
GSM,GSM_053,W4,arithmetic_reasoning,gsm_symbolic,287,721,0.3254,55,147,0.7059,False,True,identical,False,,0.85,transformed
GSM,GSM_053,W6,arithmetic_reasoning,gsm_symbolic,287,288,0.4765,55,55,0.8,False,False,different,False,,0.85,transformed
GSM,GSM_053,W5,arithmetic_reasoning,gsm_symbolic,287,279,0.689,55,53,0.8649,False,False,different,False,,0.85,transformed
GSM,GSM_054,W1,arithmetic_reasoning,gsm_symbolic,271,276,0.0987,54,50,0.3281,False,True,identical,False,,0.85,transformed
GSM,GSM_054,W2,arithmetic_reasoning,gsm_symbolic,271,209,0.0875,54,39,0.3269,False,True,identical,False,,0.85,transformed
GSM,GSM_054,W3,arithmetic_reasoning,gsm_symbolic,271,320,0.1083,54,58,0.6346,False,True,identical,False,,0.85,transformed
GSM,GSM_054,W4,arithmetic_reasoning,gsm_symbolic,271,813,0.0572,54,169,0.7,False,True,identical,False,,0.85,transformed
GSM,GSM_054,W6,arithmetic_reasoning,gsm_symbolic,271,271,0.941,54,54,0.7872,False,False,different,False,,0.85,transformed
GSM,GSM_054,W5,arithmetic_reasoning,gsm_symbolic,271,371,0.7944,54,74,0.6981,False,False,different,False,,0.85,transformed
GSM,GSM_055,W1,arithmetic_reasoning,gsm_symbolic,265,313,0.6332,53,57,0.5091,False,True,identical,False,,0.85,transformed
GSM,GSM_055,W2,arithmetic_reasoning,gsm_symbolic,265,250,0.1165,53,51,0.3393,False,True,identical,False,,0.85,transformed
GSM,GSM_055,W3,arithmetic_reasoning,gsm_symbolic,265,318,0.2058,53,58,0.4821,False,True,identical,False,,0.85,transformed
GSM,GSM_055,W4,arithmetic_reasoning,gsm_symbolic,265,486,0.2823,53,102,0.6111,False,True,identical,False,,0.85,transformed
GSM,GSM_055,W6,arithmetic_reasoning,gsm_symbolic,265,265,0.3434,53,53,0.5472,False,False,different,False,,0.85,transformed
GSM,GSM_055,W5,arithmetic_reasoning,gsm_symbolic,265,312,0.6898,53,60,0.7,False,False,different,False,,0.85,transformed
GSM,GSM_056,W1,arithmetic_reasoning,gsm_symbolic,409,436,0.258,81,76,0.2556,False,True,identical,False,,0.85,transformed
GSM,GSM_056,W2,arithmetic_reasoning,gsm_symbolic,409,363,0.1606,81,69,0.4265,False,True,identical,False,,0.85,transformed
GSM,GSM_056,W3,arithmetic_reasoning,gsm_symbolic,409,467,0.7603,81,86,0.6119,False,True,identical,False,,0.85,transformed
GSM,GSM_056,W4,arithmetic_reasoning,gsm_symbolic,409,689,0.1202,81,141,0.6212,False,True,identical,False,,0.85,transformed
GSM,GSM_056,W6,arithmetic_reasoning,gsm_symbolic,409,406,0.1791,81,81,0.7333,False,False,different,False,,0.85,transformed
GSM,GSM_056,W5,arithmetic_reasoning,gsm_symbolic,409,415,0.2306,81,81,0.6935,False,False,different,False,,0.85,transformed
GSM,GSM_057,W1,arithmetic_reasoning,gsm_symbolic,204,335,0.2412,38,57,0.3393,False,True,identical,False,,0.85,transformed
GSM,GSM_057,W2,arithmetic_reasoning,gsm_symbolic,204,255,0.5229,38,49,0.5714,False,True,identical,False,,0.85,transformed
GSM,GSM_057,W3,arithmetic_reasoning,gsm_symbolic,204,271,0.4,38,48,0.4474,False,True,identical,False,,0.85,transformed
GSM,GSM_057,W4,arithmetic_reasoning,gsm_symbolic,204,637,0.4542,38,130,0.6341,False,True,identical,False,,0.85,transformed
GSM,GSM_057,W6,arithmetic_reasoning,gsm_symbolic,204,209,0.4116,38,38,0.5,False,False,different,False,,0.85,transformed
GSM,GSM_057,W5,arithmetic_reasoning,gsm_symbolic,204,229,0.8637,38,44,0.6286,False,False,different,False,,0.85,transformed
GSM,GSM_058,W1,arithmetic_reasoning,gsm_symbolic,295,316,0.3732,55,56,0.3731,False,True,identical,False,,0.85,transformed
GSM,GSM_058,W2,arithmetic_reasoning,gsm_symbolic,295,191,0.1481,55,38,0.2373,False,True,identical,False,,0.85,transformed
GSM,GSM_058,W3,arithmetic_reasoning,gsm_symbolic,295,301,0.6711,55,53,0.5357,False,True,identical,False,,0.85,transformed
GSM,GSM_058,W4,arithmetic_reasoning,gsm_symbolic,295,1147,0.2802,55,237,0.5588,False,True,identical,False,,0.85,transformed
GSM,GSM_058,W6,arithmetic_reasoning,gsm_symbolic,295,287,0.3471,55,54,0.6538,False,False,different,False,,0.85,transformed
GSM,GSM_058,W5,arithmetic_reasoning,gsm_symbolic,295,263,0.2867,55,49,0.6731,False,False,different,False,,0.85,transformed
GSM,GSM_059,W1,arithmetic_reasoning,gsm_symbolic,556,629,0.2025,106,105,0.3084,False,True,identical,False,,0.85,transformed
GSM,GSM_059,W2,arithmetic_reasoning,gsm_symbolic,556,219,0.2271,106,45,0.2439,False,True,identical,False,,0.85,transformed
GSM,GSM_059,W3,arithmetic_reasoning,gsm_symbolic,556,632,0.266,106,106,0.5952,False,True,identical,False,,0.85,transformed
GSM,GSM_059,W4,arithmetic_reasoning,gsm_symbolic,556,653,0.2002,106,135,0.5696,False,True,identical,False,,0.85,transformed
GSM,GSM_059,W6,arithmetic_reasoning,gsm_symbolic,556,554,0.027,106,106,0.6962,False,False,different,False,,0.85,transformed
GSM,GSM_059,W5,arithmetic_reasoning,gsm_symbolic,556,514,0.914,106,98,0.8472,False,False,different,False,,0.85,transformed
GSM,GSM_060,W1,arithmetic_reasoning,gsm_symbolic,422,466,0.1779,75,80,0.3253,False,True,identical,False,,0.85,transformed
GSM,GSM_060,W2,arithmetic_reasoning,gsm_symbolic,422,397,0.1441,75,66,0.3472,False,True,identical,False,,0.85,transformed
GSM,GSM_060,W3,arithmetic_reasoning,gsm_symbolic,422,404,0.2567,75,72,0.5781,False,True,identical,False,,0.85,transformed
GSM,GSM_060,W4,arithmetic_reasoning,gsm_symbolic,422,876,0.282,75,165,0.6667,False,True,identical,False,,0.85,transformed
GSM,GSM_060,W6,arithmetic_reasoning,gsm_symbolic,422,438,0.1302,75,77,0.7333,False,False,different,False,,0.85,transformed
GSM,GSM_060,W5,arithmetic_reasoning,gsm_symbolic,422,514,0.0855,75,85,0.3671,False,False,different,False,,0.85,transformed
GSM,GSM_061,W1,arithmetic_reasoning,gsm_symbolic,216,283,0.1924,42,47,0.3019,False,True,identical,False,,0.85,transformed
GSM,GSM_061,W2,arithmetic_reasoning,gsm_symbolic,216,279,0.2586,42,48,0.3913,False,True,identical,False,,0.85,transformed
GSM,GSM_061,W3,arithmetic_reasoning,gsm_symbolic,216,319,0.0187,42,51,0.4667,False,True,identical,False,,0.85,transformed
GSM,GSM_061,W4,arithmetic_reasoning,gsm_symbolic,216,492,0.3418,42,100,0.7209,False,True,identical,False,,0.85,transformed
GSM,GSM_061,W6,arithmetic_reasoning,gsm_symbolic,216,227,0.1038,42,42,0.5897,False,False,different,False,,0.85,transformed
GSM,GSM_061,W5,arithmetic_reasoning,gsm_symbolic,216,230,0.4843,42,45,0.7647,False,False,different,False,,0.85,transformed
GSM,GSM_062,W1,arithmetic_reasoning,gsm_symbolic,401,404,0.4944,81,77,0.4583,False,True,identical,False,,0.85,transformed
GSM,GSM_062,W2,arithmetic_reasoning,gsm_symbolic,401,228,0.3529,81,42,0.2609,False,True,identical,False,,0.85,transformed
GSM,GSM_062,W3,arithmetic_reasoning,gsm_symbolic,401,425,0.6102,81,85,0.5915,False,True,identical,False,,0.85,transformed
GSM,GSM_062,W4,arithmetic_reasoning,gsm_symbolic,401,930,0.5725,81,195,0.7397,False,True,identical,False,,0.85,transformed
GSM,GSM_062,W6,arithmetic_reasoning,gsm_symbolic,401,401,0.8329,81,81,0.8333,False,False,different,False,,0.85,transformed
GSM,GSM_062,W5,arithmetic_reasoning,gsm_symbolic,401,373,0.7494,81,75,0.7966,False,False,different,False,,0.85,transformed
GSM,GSM_063,W1,arithmetic_reasoning,gsm_symbolic,338,413,0.3142,62,75,0.4091,False,True,identical,False,,0.85,transformed
GSM,GSM_063,W2,arithmetic_reasoning,gsm_symbolic,338,202,0.2741,62,35,0.1964,False,True,identical,False,,0.85,transformed
GSM,GSM_063,W3,arithmetic_reasoning,gsm_symbolic,338,353,0.5094,62,62,0.5273,False,True,identical,False,,0.85,transformed
GSM,GSM_063,W4,arithmetic_reasoning,gsm_symbolic,338,764,0.3539,62,145,0.6949,False,True,identical,False,,0.85,transformed
GSM,GSM_063,W6,arithmetic_reasoning,gsm_symbolic,338,326,0.2741,62,62,0.566,False,False,different,False,,0.85,transformed
GSM,GSM_063,W5,arithmetic_reasoning,gsm_symbolic,338,336,0.8249,62,63,0.8,False,False,different,False,,0.85,transformed
GSM,GSM_064,W1,arithmetic_reasoning,gsm_symbolic,131,149,0.6143,28,30,0.4194,False,True,identical,False,,0.85,transformed
GSM,GSM_064,W2,arithmetic_reasoning,gsm_symbolic,131,136,0.7491,28,30,0.4615,False,True,identical,False,,0.85,transformed
GSM,GSM_064,W3,arithmetic_reasoning,gsm_symbolic,131,194,0.7077,28,34,0.4286,False,True,identical,False,,0.85,transformed
GSM,GSM_064,W4,arithmetic_reasoning,gsm_symbolic,131,379,0.5137,28,83,0.5758,False,True,identical,False,,0.85,transformed
GSM,GSM_064,W6,arithmetic_reasoning,gsm_symbolic,131,137,0.9403,28,28,0.8095,False,True,different,False,,0.85,answer_mismatch
GSM,GSM_064,W5,arithmetic_reasoning,gsm_symbolic,131,110,0.5809,28,25,0.5417,False,False,different,False,,0.85,transformed
