problem_id,problem_family,variant_type,model,crystallization_layer,n_layers_processed,layer_cosine_similarities,target_rank_per_layer,target_logprob_per_layer,target_token_id,target_token_decoded
GSM_001,arithmetic_reasoning,canonical,Qwen/Qwen2.5-7B-Instruct,-1,28,"[0.977, 0.9772, 0.9738, 0.967, 0.9659, 0.9637, 0.9586, 0.9551, 0.9435, 0.9564, 0.9505, 0.9498, 0.9487, 0.953, 0.9629, 0.9561, 0.946, 0.9412, 0.9316, 0.9252, 0.9069, 0.8873, 0.8549, 0.8153, 0.8328, 0.8682, 0.8771, 0.8112]","[151683, 151871, 151890, 151934, 151946, 151940, 151898, 151918, 151925, 151917, 151925, 151886, 151816, 151767, 151855, 151744, 151870, 151828, 151728, 151905, 151983, 151958, 151941, 151936, 151887, 151827, 151722, 38332]","[-12.547, -13.1647, -13.7087, -13.7813, -14.1435, -15.6576, -15.6928, -16.2305, -15.7646, -17.4243, -17.9459, -17.7453, -17.5012, -18.2868, -22.3973, -20.3888, -20.4148, -21.7852, -20.9464, -25.0277, -27.3817, -32.3911, -39.2539, -55.4102, -79.0965, -129.5916, -137.2112, -60.6038]",20,5
GSM_002,arithmetic_reasoning,canonical,Qwen/Qwen2.5-7B-Instruct,-1,28,"[0.9818, 0.9839, 0.98, 0.9743, 0.9712, 0.9706, 0.9675, 0.9641, 0.9528, 0.9631, 0.9607, 0.958, 0.9586, 0.9648, 0.9695, 0.9628, 0.953, 0.9491, 0.9407, 0.9363, 0.9214, 0.9149, 0.9002, 0.8961, 0.9094, 0.9236, 0.9207, 0.8598]","[151930, 151981, 151984, 151990, 151992, 152015, 151989, 152008, 151995, 152006, 152011, 151981, 151921, 151917, 151951, 151940, 151945, 151922, 151892, 151964, 152004, 152006, 152005, 151995, 151992, 151906, 151756, 10151]","[-12.6594, -13.3874, -13.9279, -13.901, -14.4451, -16.0547, -16.2132, -16.9446, -16.2497, -17.7971, -18.4203, -18.1879, -18.237, -19.1285, -22.9243, -21.2698, -21.312, -22.1916, -21.7533, -24.4062, -26.9434, -38.6884, -46.1539, -54.7265, -90.1354, -132.4901, -139.071, -28.4395]",18,3
GSM_003,arithmetic_reasoning,canonical,Qwen/Qwen2.5-7B-Instruct,-1,28,"[0.9729, 0.9791, 0.9752, 0.9695, 0.9702, 0.9699, 0.9689, 0.9712, 0.9651, 0.9745, 0.9727, 0.9718, 0.9735, 0.9783, 0.9833, 0.9799, 0.9771, 0.9766, 0.9688, 0.9599, 0.9506, 0.947, 0.9304, 0.9151, 0.9075, 0.9256, 0.9265, 0.8817]","[152034, 152045, 152045, 152049, 152045, 152043, 152037, 152037, 152031, 152038, 152038, 152033, 152026, 152018, 152029, 152014, 152021, 152021, 151995, 152028, 152046, 152045, 152038, 152043, 152044, 152016, 151905, 33567]","[-12.8247, -13.7377, -14.4081, -14.4089, -14.9499, -16.6421, -16.7127, -17.5176, -16.7609, -18.6995, -19.2767, -19.3582, -19.1759, -19.846, -24.6236, -22.176, -22.0613, -23.7086, -22.8493, -25.2056, -30.278, -42.1433, -45.0003, -66.1138, -89.6865, -127.2211, -141.8917, -49.5767]",16,1
GSM_004,arithmetic_reasoning,canonical,Qwen/Qwen2.5-7B-Instruct,-1,28,"[0.9705, 0.9728, 0.9713, 0.9646, 0.9616, 0.9641, 0.9596, 0.9577, 0.9461, 0.9583, 0.9504, 0.9497, 0.9496, 0.9554, 0.9649, 0.9574, 0.948, 0.9448, 0.9413, 0.939, 0.9296, 0.9094, 0.8837, 0.8461, 0.8103, 0.8267, 0.8241, 0.7418]","[152013, 152034, 152028, 152038, 152034, 152034, 152022, 152035, 152027, 152030, 152026, 152020, 151999, 152012, 152021, 152015, 152009, 152014, 151994, 152023, 152031, 152043, 152020, 152037, 152041, 151998, 151938, 5012]","[-12.7484, -13.6102, -14.2076, -14.1699, -14.6982, -16.4396, -16.5052, -17.243, -16.5897, -18.1959, -18.8838, -18.6366, -18.7613, -19.9397, -24.2986, -22.1877, -21.622, -23.3436, -22.849, -27.3312, -31.7313, -33.7724, -34.0415, -36.3656, -64.0698, -116.5674, -137.7117, -26.108]",17,2
GSM_005,arithmetic_reasoning,canonical,Qwen/Qwen2.5-7B-Instruct,-1,28,"[0.9735, 0.9717, 0.9711, 0.9648, 0.9609, 0.9613, 0.9553, 0.9548, 0.9418, 0.9573, 0.9488, 0.9487, 0.9498, 0.9524, 0.9638, 0.9557, 0.9461, 0.9454, 0.9397, 0.9276, 0.9131, 0.8691, 0.8278, 0.8161, 0.8104, 0.8332, 0.851, 0.8197]","[151494, 151855, 151859, 151914, 151941, 151937, 151896, 151926, 151923, 151907, 151899, 151877, 151800, 151740, 151844, 151758, 151800, 151750, 151748, 151867, 151881, 151905, 151638, 151878, 151805, 151650, 151119, 65556]","[-12.4926, -13.1482, -13.6608, -13.7204, -14.1721, -15.6212, -15.5891, -16.2973, -15.7698, -16.891, -17.4249, -17.4236, -17.3614, -17.9111, -22.4966, -20.5703, -20.2941, -21.3259, -21.2433, -24.0376, -25.7215, -28.9706, -29.4375, -44.9377, -64.7474, -102.3064, -116.596, -83.1483]",20,5
GSM_006,arithmetic_reasoning,canonical,Qwen/Qwen2.5-7B-Instruct,-1,28,"[0.9803, 0.9803, 0.978, 0.9739, 0.9714, 0.9715, 0.9683, 0.9672, 0.9586, 0.9675, 0.9646, 0.965, 0.9654, 0.9658, 0.9704, 0.9635, 0.9538, 0.9512, 0.9481, 0.9386, 0.9273, 0.8919, 0.8623, 0.8419, 0.8468, 0.8797, 0.8686, 0.8015]","[151587, 151845, 151858, 151904, 151923, 151930, 151878, 151905, 151879, 151891, 151904, 151875, 151777, 151741, 151843, 151738, 151846, 151814, 151781, 151835, 151957, 151955, 151909, 151348, 151823, 151752, 151573, 39294]","[-12.5175, -13.1445, -13.6567, -13.7026, -14.0626, -15.5998, -15.6536, -16.2843, -15.7203, -17.0668, -17.6482, -17.5922, -17.2339, -18.3237, -22.6019, -20.6663, -20.9563, -21.9012, -21.3706, -23.468, -26.1782, -34.6932, -41.5167, -47.7741, -82.5757, -135.9061, -139.2443, -66.6406]",20,5
GSM_007,arithmetic_reasoning,canonical,Qwen/Qwen2.5-7B-Instruct,-1,28,"[0.9767, 0.9788, 0.9758, 0.9673, 0.9657, 0.9638, 0.9616, 0.9606, 0.9501, 0.9627, 0.9578, 0.9594, 0.9584, 0.9627, 0.9675, 0.9605, 0.9517, 0.9485, 0.9372, 0.928, 0.9165, 0.9021, 0.8808, 0.8396, 0.8369, 0.8733, 0.8705, 0.829]","[151912, 151981, 151977, 151993, 151994, 152012, 151988, 152000, 151994, 152007, 152009, 151981, 151921, 151928, 151957, 151947, 151941, 151910, 151907, 151957, 151962, 152002, 151995, 151954, 152009, 151917, 151740, 89095]","[-12.6208, -13.4069, -13.9172, -13.8638, -14.395, -16.1151, -16.0526, -16.7819, -16.2293, -18.0145, -18.461, -18.6154, -18.1571, -19.4276, -23.6411, -21.9098, -21.3317, -22.5027, -22.2597, -24.5973, -29.5473, -41.6006, -47.1068, -51.12, -79.5111, -121.4348, -120.4466, -77.0268]",18,3
GSM_008,arithmetic_reasoning,canonical,Qwen/Qwen2.5-7B-Instruct,-1,28,"[0.9775, 0.9808, 0.9774, 0.9709, 0.9677, 0.9685, 0.967, 0.9648, 0.9568, 0.9658, 0.9629, 0.9619, 0.9608, 0.9639, 0.9698, 0.9637, 0.9564, 0.9541, 0.9517, 0.9492, 0.945, 0.9353, 0.9219, 0.8973, 0.8586, 0.8502, 0.8415, 0.7946]","[152033, 152041, 152045, 152047, 152044, 152042, 152035, 152038, 152031, 152040, 152038, 152034, 152026, 152021, 152030, 152015, 152023, 152025, 151995, 152033, 152035, 152041, 152024, 151963, 151998, 152011, 151642, 40]","[-12.8202, -13.6596, -14.3651, -14.4481, -14.8982, -16.5442, -16.7992, -17.5588, -16.7944, -18.79, -19.2758, -19.4237, -19.223, -20.608, -24.855, -22.5071, -22.5904, -24.1445, -22.897, -28.712, -30.1438, -35.7119, -32.8574, -28.649, -41.2562, -92.3298, -87.2658, -9.9833]",16,1
GSM_009,arithmetic_reasoning,canonical,Qwen/Qwen2.5-7B-Instruct,-1,28,"[0.9758, 0.9782, 0.976, 0.967, 0.9668, 0.968, 0.9655, 0.9638, 0.9562, 0.9646, 0.9582, 0.9571, 0.9555, 0.9579, 0.9652, 0.9585, 0.9477, 0.9438, 0.9424, 0.9394, 0.933, 0.9077, 0.8778, 0.8245, 0.8283, 0.8725, 0.8649, 0.8275]","[151866, 151926, 151899, 151919, 151924, 151898, 151857, 151898, 151897, 151916, 151914, 151868, 151806, 151760, 151829, 151732, 151787, 151738, 151729, 151783, 151908, 151963, 151856, 151964, 151938, 151885, 151743, 54470]","[-12.6062, -13.2883, -13.7908, -13.7259, -14.1889, -15.4926, -15.6002, -16.2347, -15.7432, -17.073, -17.5908, -17.4536, -17.4662, -18.165, -21.9272, -20.1793, -19.9829, -21.0432, -20.1806, -22.1438, -25.3126, -27.2776, -33.0347, -42.5943, -77.1444, -137.4571, -133.086, -84.4582]",19,4
GSM_010,arithmetic_reasoning,canonical,Qwen/Qwen2.5-7B-Instruct,-1,28,"[0.9766, 0.9769, 0.9754, 0.9692, 0.9691, 0.9699, 0.9642, 0.962, 0.9501, 0.9616, 0.957, 0.9562, 0.9542, 0.9565, 0.9663, 0.9591, 0.9514, 0.9506, 0.9425, 0.9315, 0.9217, 0.9045, 0.8888, 0.8819, 0.8768, 0.8844, 0.8857, 0.8375]","[151636, 151822, 151819, 151830, 151809, 151790, 151670, 151792, 151802, 151885, 151809, 151770, 151672, 151583, 151657, 151599, 151666, 151662, 151155, 151732, 151816, 151732, 151497, 151356, 151663, 151445, 150250, 49072]","[-12.5021, -13.1696, -13.6375, -13.5334, -13.9132, -15.2501, -15.152, -15.92, -15.4414, -16.813, -17.1364, -17.0354, -17.3098, -17.7193, -21.462, -19.9613, -19.7406, -20.8006, -19.6744, -22.1561, -25.8777, -30.3721, -39.1157, -49.3028, -73.3391, -105.9476, -120.4636, -74.4499]",23,8
GSM_011,arithmetic_reasoning,canonical,Qwen/Qwen2.5-7B-Instruct,-1,28,"[0.9715, 0.9737, 0.9733, 0.965, 0.9652, 0.9684, 0.9636, 0.9628, 0.9507, 0.9611, 0.9539, 0.9541, 0.9543, 0.9589, 0.9675, 0.9606, 0.9503, 0.9468, 0.9379, 0.9272, 0.9047, 0.8882, 0.855, 0.8461, 0.8655, 0.8828, 0.8949, 0.8362]","[151676, 151816, 151824, 151816, 151789, 151798, 151705, 151790, 151797, 151858, 151796, 151773, 151659, 151620, 151684, 151664, 151767, 151708, 151594, 151827, 151876, 151730, 150899, 151674, 151756, 151732, 150636, 21428]","[-12.5228, -13.1446, -13.6498, -13.553, -13.9337, -15.2143, -15.2444, -15.8774, -15.4203, -16.8391, -17.1692, -17.0839, -16.9184, -17.5982, -21.7066, -20.3434, -20.134, -20.9798, -20.1294, -23.0995, -25.2032, -28.279, -25.3017, -46.8559, -74.714, -99.7249, -116.0949, -43.1166]",23,8
GSM_012,arithmetic_reasoning,canonical,Qwen/Qwen2.5-7B-Instruct,-1,28,"[0.976, 0.975, 0.9742, 0.9658, 0.966, 0.9685, 0.9639, 0.9626, 0.9525, 0.962, 0.9553, 0.9543, 0.9536, 0.9578, 0.9657, 0.9588, 0.9504, 0.9468, 0.9392, 0.9243, 0.9057, 0.8817, 0.8557, 0.8577, 0.8689, 0.8956, 0.8916, 0.823]","[151649, 151824, 151812, 151811, 151835, 151798, 151708, 151788, 151782, 151857, 151803, 151732, 151609, 151608, 151653, 151644, 151679, 151703, 151447, 151758, 151790, 151852, 151735, 151736, 151808, 151710, 151164, 33640]","[-12.519, -13.1786, -13.616, -13.5549, -13.9588, -15.2686, -15.3284, -15.9596, -15.425, -17.0538, -17.215, -16.8847, -16.8572, -17.5963, -21.6065, -20.2157, -19.7578, -21.4102, -20.4068, -22.9485, -25.3237, -33.064, -36.6366, -55.4505, -87.4034, -120.0245, -130.8187, -58.2054]",23,8
GSM_013,arithmetic_reasoning,canonical,Qwen/Qwen2.5-7B-Instruct,-1,28,"[0.9765, 0.9763, 0.9742, 0.9649, 0.9647, 0.9664, 0.9615, 0.9589, 0.945, 0.956, 0.9451, 0.9396, 0.9409, 0.9452, 0.9592, 0.9521, 0.9449, 0.9435, 0.935, 0.9269, 0.9126, 0.9066, 0.8893, 0.854, 0.8608, 0.8924, 0.903, 0.8677]","[151418, 151806, 151829, 151828, 151798, 151762, 151619, 151783, 151770, 151818, 151814, 151775, 151674, 151439, 151665, 151571, 151677, 151684, 151405, 151782, 151804, 151867, 151821, 151649, 151511, 151012, 143340, 36786]","[-12.4865, -13.1183, -13.5934, -13.5352, -13.9226, -15.1295, -15.0625, -15.8169, -15.1732, -16.5971, -17.1159, -16.6577, -16.9276, -17.0058, -20.8765, -19.5461, -19.6177, -20.7713, -19.2696, -22.4095, -24.2996, -34.3694, -38.329, -51.0375, -73.5626, -109.6701, -114.4694, -76.8373]",24,9
GSM_014,arithmetic_reasoning,canonical,Qwen/Qwen2.5-7B-Instruct,-1,28,"[0.9771, 0.9774, 0.9761, 0.9669, 0.9639, 0.9665, 0.9635, 0.9625, 0.9538, 0.9621, 0.9579, 0.958, 0.9564, 0.9586, 0.9649, 0.9575, 0.9479, 0.947, 0.9395, 0.9327, 0.9198, 0.8889, 0.8677, 0.8713, 0.8764, 0.9035, 0.9144, 0.7979]","[151041, 151741, 151792, 151778, 151760, 151761, 151710, 151822, 151802, 151799, 151789, 151783, 151647, 151506, 151603, 151401, 151669, 151503, 151536, 151835, 151901, 151852, 151723, 151798, 151796, 151762, 151503, 814]","[-12.4631, -13.0808, -13.5806, -13.53, -13.8939, -15.2507, -15.2854, -15.9655, -15.4459, -16.7339, -17.134, -17.5613, -17.3236, -17.9976, -21.9476, -19.9693, -20.371, -20.9788, -20.7027, -23.8891, -26.0154, -31.2709, -37.1602, -59.067, -81.5879, -117.3133, -132.5708, -14.1182]",22,7
GSM_015,arithmetic_reasoning,canonical,Qwen/Qwen2.5-7B-Instruct,-1,28,"[0.969, 0.9687, 0.9686, 0.9606, 0.9605, 0.9648, 0.9608, 0.9592, 0.9499, 0.9584, 0.9516, 0.9519, 0.9522, 0.9546, 0.9656, 0.9587, 0.9498, 0.9496, 0.9453, 0.9319, 0.9128, 0.8904, 0.8598, 0.8488, 0.8569, 0.8739, 0.8708, 0.7715]","[151934, 151993, 151986, 151992, 151986, 152010, 151980, 151988, 151974, 151998, 151984, 151948, 151886, 151900, 151945, 151935, 151925, 151900, 151841, 151917, 151951, 151973, 151901, 151939, 151975, 151896, 151818, 20788]","[-12.614, -13.3727, -13.9573, -13.8585, -14.3145, -16.0647, -16.0574, -16.7488, -15.997, -17.6741, -18.2518, -17.7539, -17.7724, -18.9626, -23.3651, -21.9782, -21.1645, -22.8093, -21.6309, -24.3251, -27.1575, -33.3108, -38.0643, -58.6735, -87.6605, -126.0651, -141.1455, -37.0923]",18,3
GSM_016,arithmetic_reasoning,canonical,Qwen/Qwen2.5-7B-Instruct,-1,28,"[0.9699, 0.9706, 0.9702, 0.966, 0.9655, 0.9666, 0.9616, 0.9583, 0.9477, 0.9608, 0.9575, 0.9596, 0.9589, 0.9607, 0.969, 0.961, 0.9499, 0.9456, 0.9408, 0.9341, 0.9272, 0.9288, 0.9236, 0.93, 0.9379, 0.9491, 0.9506, 0.8887]","[151370, 151846, 151863, 151945, 151951, 151937, 151872, 151903, 151919, 151893, 151886, 151861, 151806, 151788, 151851, 151782, 151825, 151765, 151789, 151816, 151838, 151828, 151738, 151718, 151737, 151728, 151260, 20133]","[-12.4565, -13.0995, -13.6716, -13.7709, -14.1459, -15.704, -15.5743, -16.2562, -15.7452, -17.1326, -17.6067, -17.7, -17.427, -18.6173, -23.1537, -21.3469, -21.162, -21.7121, -22.1625, -24.0996, -26.5892, -36.5969, -42.7328, -61.8483, -86.6718, -122.5216, -131.5801, -37.9872]",20,5
GSM_017,arithmetic_reasoning,canonical,Qwen/Qwen2.5-7B-Instruct,-1,28,"[0.9747, 0.9743, 0.9732, 0.9668, 0.9664, 0.9672, 0.9605, 0.9605, 0.9495, 0.9625, 0.9602, 0.9578, 0.9588, 0.9614, 0.9678, 0.96, 0.951, 0.9487, 0.9457, 0.939, 0.9257, 0.913, 0.8581, 0.8493, 0.8708, 0.8895, 0.8838, 0.7582]","[151412, 151803, 151821, 151853, 151816, 151759, 151586, 151752, 151748, 151796, 151790, 151685, 151577, 151532, 151660, 151587, 151677, 151697, 151579, 151687, 151802, 151634, 151367, 151633, 151744, 151622, 151003, 51371]","[-12.4924, -13.1359, -13.6069, -13.5886, -13.9864, -15.2515, -14.9888, -15.8204, -15.3351, -16.7482, -17.1264, -16.7421, -17.0003, -17.8803, -21.3452, -20.0648, -19.9496, -21.0246, -20.7837, -23.1621, -27.7309, -31.8839, -33.4838, -46.6499, -81.8806, -126.592, -134.3925, -74.672]",24,9
GSM_018,arithmetic_reasoning,canonical,Qwen/Qwen2.5-7B-Instruct,-1,28,"[0.9778, 0.9786, 0.9767, 0.9728, 0.9707, 0.9701, 0.9635, 0.9624, 0.9534, 0.9637, 0.9598, 0.9597, 0.9587, 0.9622, 0.9703, 0.9647, 0.9559, 0.9529, 0.9479, 0.9346, 0.9271, 0.8893, 0.8738, 0.8492, 0.8498, 0.8682, 0.8891, 0.8524]","[152016, 152036, 152030, 152042, 152038, 152035, 152023, 152032, 152025, 152024, 152023, 152012, 151985, 151998, 152017, 152012, 152001, 152004, 151960, 152003, 152026, 152024, 152011, 152019, 152014, 151983, 151885, 145094]","[-12.7355, -13.6442, -14.199, -14.1836, -14.7666, -16.5025, -16.4414, -17.2185, -16.5066, -17.9624, -18.5187, -18.5229, -18.3704, -19.2074, -23.9567, -22.2222, -21.2849, -22.851, -21.4574, -25.2549, -28.7207, -34.8413, -41.2294, -58.0391, -80.6481, -116.7969, -142.3345, -107.5948]",17,2
GSM_019,arithmetic_reasoning,canonical,Qwen/Qwen2.5-7B-Instruct,-1,28,"[0.9724, 0.9733, 0.9698, 0.9645, 0.9657, 0.9669, 0.9595, 0.9585, 0.9465, 0.9594, 0.9576, 0.9575, 0.9552, 0.9601, 0.9687, 0.9614, 0.9501, 0.9453, 0.9376, 0.9216, 0.9112, 0.9078, 0.8885, 0.8999, 0.9176, 0.9351, 0.9394, 0.8761]","[151904, 151988, 151987, 151999, 151985, 152002, 151972, 151984, 151978, 151996, 151979, 151944, 151891, 151893, 151940, 151933, 151939, 151902, 151927, 151956, 151968, 151975, 151880, 151932, 151937, 151860, 151734, 39669]","[-12.5997, -13.3923, -13.9426, -13.8748, -14.2882, -16.1266, -15.8781, -16.5949, -15.9299, -17.4454, -17.9092, -17.7636, -18.0835, -18.7757, -22.9764, -21.6824, -21.5177, -22.2653, -21.8972, -24.1209, -26.3594, -34.459, -32.8202, -53.197, -87.0962, -119.0003, -135.8058, -50.034]",18,3
GSM_020,arithmetic_reasoning,canonical,Qwen/Qwen2.5-7B-Instruct,-1,28,"[0.9776, 0.9792, 0.9748, 0.97, 0.9697, 0.9705, 0.9657, 0.9633, 0.9543, 0.9655, 0.962, 0.9614, 0.9604, 0.9638, 0.97, 0.9636, 0.953, 0.948, 0.9421, 0.9362, 0.9286, 0.9134, 0.9061, 0.9098, 0.9172, 0.9213, 0.9265, 0.8588]","[152006, 152035, 152029, 152039, 152039, 152032, 152022, 152034, 152029, 152027, 152024, 152018, 151998, 152004, 152021, 152021, 152011, 152006, 151986, 151999, 152018, 152014, 152007, 152026, 152027, 152022, 151922, 61343]","[-12.7395, -13.5659, -14.2143, -14.2251, -14.7193, -16.4388, -16.4246, -17.2778, -16.5846, -17.9198, -18.4818, -18.4801, -18.4729, -19.4197, -24.2606, -22.7286, -21.9662, -23.1722, -22.2787, -23.7309, -26.9541, -37.6062, -44.2287, -62.9883, -89.6182, -118.7561, -137.6709, -54.0811]",17,2
GSM_041,arithmetic_reasoning,canonical,Qwen/Qwen2.5-7B-Instruct,-1,28,"[0.9698, 0.9794, 0.9541, 0.9486, 0.9445, 0.959, 0.9597, 0.9557, 0.953, 0.9694, 0.9706, 0.9705, 0.9741, 0.98, 0.987, 0.9849, 0.9839, 0.9847, 0.9774, 0.9663, 0.952, 0.9391, 0.927, 0.9178, 0.9196, 0.9216, 0.9223, 0.8863]","[152035, 152044, 152045, 152048, 152047, 152043, 152037, 152037, 152025, 152037, 152037, 152033, 152027, 152019, 152027, 152013, 152026, 152028, 152001, 152033, 152051, 152050, 152046, 152027, 152029, 151997, 151864, 52149]","[-12.7769, -13.6564, -14.3265, -14.3736, -14.8459, -16.6257, -16.7838, -17.4827, -16.4639, -18.4492, -18.9812, -19.2616, -19.2034, -19.6383, -24.1999, -22.2098, -22.2682, -23.3542, -22.021, -24.783, -29.2796, -45.5301, -58.5698, -66.4345, -94.7047, -126.128, -136.1632, -60.2606]",16,1
GSM_042,arithmetic_reasoning,canonical,Qwen/Qwen2.5-7B-Instruct,27,28,"[0.9726, 0.9821, 0.9568, 0.9515, 0.9496, 0.9601, 0.9609, 0.9575, 0.9539, 0.9683, 0.9684, 0.9683, 0.9726, 0.9791, 0.9863, 0.9845, 0.9832, 0.9856, 0.9753, 0.9656, 0.9539, 0.9276, 0.9083, 0.8775, 0.8355, 0.8446, 0.8364, 0.7447]","[152011, 152032, 152026, 152038, 152037, 152032, 152024, 152036, 152030, 152030, 152026, 152019, 151999, 152011, 152021, 152017, 152010, 152012, 151989, 152016, 152029, 152038, 152042, 152036, 152024, 151866, 151704, 1]","[-12.7541, -13.6284, -14.2419, -14.2066, -14.7058, -16.4158, -16.5355, -17.373, -16.6222, -18.3305, -18.8776, -18.5713, -18.6217, -19.921, -24.4183, -22.4611, -22.0079, -23.4571, -21.5644, -25.7247, -29.2857, -41.9738, -44.7261, -49.3014, -84.8469, -115.3309, -119.5882, -0.0022]",17,2
GSM_043,arithmetic_reasoning,canonical,Qwen/Qwen2.5-7B-Instruct,27,28,"[0.9702, 0.9792, 0.9589, 0.9556, 0.9539, 0.9617, 0.9619, 0.9576, 0.9547, 0.9694, 0.9688, 0.9683, 0.9722, 0.9782, 0.9852, 0.9829, 0.98, 0.9812, 0.9643, 0.9565, 0.9544, 0.92, 0.8737, 0.8493, 0.8411, 0.867, 0.8725, 0.809]","[151689, 151833, 151835, 151828, 151802, 151803, 151718, 151790, 151795, 151871, 151842, 151796, 151693, 151596, 151624, 151538, 151702, 151714, 151601, 151949, 151952, 151860, 148971, 114236, 146897, 150223, 140457, 1]","[-12.5439, -13.1385, -13.6386, -13.5901, -13.939, -15.2425, -15.2758, -15.9433, -15.4754, -17.1083, -17.4895, -17.3725, -17.324, -17.747, -21.3275, -19.7028, -19.8402, -21.1749, -20.4989, -23.7785, -27.2275, -27.9293, -25.3391, -26.3809, -54.5494, -107.5437, -108.7733, -0.0612]",23,8
GSM_044,arithmetic_reasoning,canonical,Qwen/Qwen2.5-7B-Instruct,-1,28,"[0.97, 0.9798, 0.9605, 0.9546, 0.9543, 0.9644, 0.9635, 0.9584, 0.9538, 0.9672, 0.9664, 0.9649, 0.9701, 0.9764, 0.984, 0.9815, 0.9802, 0.9829, 0.9713, 0.9635, 0.9473, 0.9399, 0.9178, 0.8966, 0.8779, 0.8746, 0.8832, 0.7899]","[151640, 151880, 151870, 151925, 151950, 151943, 151906, 151913, 151914, 151919, 151922, 151865, 151777, 151715, 151838, 151761, 151853, 151773, 151716, 151834, 151906, 151910, 151931, 151849, 151871, 151815, 151615, 266]","[-12.5089, -13.1684, -13.6842, -13.7367, -14.221, -15.6716, -15.7587, -16.3901, -15.7775, -17.1882, -17.6312, -17.1431, -17.1352, -17.7626, -21.8023, -20.4156, -20.7926, -21.2069, -19.8007, -20.8952, -21.3716, -34.6894, -44.2257, -60.9515, -82.4753, -115.0929, -125.8393, -13.2223]",20,5
GSM_045,arithmetic_reasoning,canonical,Qwen/Qwen2.5-7B-Instruct,-1,28,"[0.9713, 0.9797, 0.9539, 0.9473, 0.9473, 0.9551, 0.9556, 0.9527, 0.9489, 0.9669, 0.9689, 0.9685, 0.9731, 0.9793, 0.9867, 0.9846, 0.9819, 0.9833, 0.9649, 0.9432, 0.9256, 0.9142, 0.8844, 0.8774, 0.8867, 0.8915, 0.9019, 0.793]","[152038, 152045, 152047, 152048, 152045, 152042, 152038, 152039, 152031, 152038, 152037, 152030, 152022, 152018, 152028, 152014, 152019, 152022, 152000, 152027, 152039, 152042, 152032, 152050, 152052, 152033, 152018, 22910]","[-12.819, -13.6391, -14.3529, -14.3313, -14.8393, -16.7068, -16.8263, -17.6166, -16.8481, -18.4883, -19.0889, -18.9099, -18.9009, -19.6715, -24.4823, -22.227, -21.922, -23.2423, -22.5859, -24.9337, -28.1253, -38.9331, -45.4714, -74.8975, -111.8163, -148.6108, -171.7786, -29.6476]",16,1
GSM_046,arithmetic_reasoning,canonical,Qwen/Qwen2.5-7B-Instruct,-1,28,"[0.9697, 0.9793, 0.9604, 0.9539, 0.9528, 0.9638, 0.9627, 0.9585, 0.9544, 0.9687, 0.971, 0.9713, 0.9741, 0.9793, 0.9854, 0.9829, 0.98, 0.9807, 0.9702, 0.9528, 0.9309, 0.9072, 0.8839, 0.8703, 0.8949, 0.9185, 0.9283, 0.8656]","[152035, 152044, 152046, 152049, 152043, 152043, 152036, 152039, 152029, 152037, 152037, 152033, 152025, 152024, 152028, 152021, 152025, 152025, 152000, 152030, 152047, 152044, 152048, 152044, 152047, 152027, 152001, 31440]","[-12.8411, -13.6939, -14.3638, -14.3472, -14.829, -16.7713, -16.7917, -17.6036, -16.7956, -18.6754, -19.1809, -19.401, -19.3386, -20.6726, -25.219, -23.2344, -23.2318, -24.088, -23.0731, -25.1926, -27.6344, -35.6685, -42.4477, -60.2939, -103.6274, -138.9189, -154.7128, -39.7727]",16,1
GSM_047,arithmetic_reasoning,canonical,Qwen/Qwen2.5-7B-Instruct,-1,28,"[0.9673, 0.9788, 0.9587, 0.9533, 0.9527, 0.9634, 0.9641, 0.9599, 0.9568, 0.97, 0.9695, 0.9695, 0.973, 0.9799, 0.9868, 0.9842, 0.9824, 0.9838, 0.9767, 0.9715, 0.9621, 0.9543, 0.9466, 0.9535, 0.9575, 0.9639, 0.9668, 0.9427]","[151504, 151837, 151878, 151939, 151953, 151940, 151876, 151928, 151892, 151905, 151904, 151888, 151826, 151758, 151849, 151713, 151813, 151760, 151727, 151853, 151921, 151839, 151770, 151931, 151899, 151822, 151603, 55426]","[-12.5151, -13.0893, -13.6431, -13.7768, -14.2347, -15.6367, -15.6676, -16.3866, -15.8217, -17.2703, -17.5787, -17.7274, -17.6902, -18.3967, -22.6732, -20.4623, -20.1472, -21.4067, -20.6773, -23.3125, -24.3937, -30.9882, -38.0132, -58.5528, -80.7908, -118.8892, -141.6483, -67.8655]",20,5
GSM_048,arithmetic_reasoning,canonical,Qwen/Qwen2.5-7B-Instruct,-1,28,"[0.9678, 0.9777, 0.9519, 0.9469, 0.9446, 0.9564, 0.9561, 0.9532, 0.9483, 0.9647, 0.9644, 0.9643, 0.9681, 0.9742, 0.9818, 0.9787, 0.9766, 0.9803, 0.9754, 0.9698, 0.9639, 0.9456, 0.9251, 0.9253, 0.9402, 0.9483, 0.9361, 0.8896]","[152002, 152030, 152028, 152041, 152039, 152033, 152025, 152034, 152032, 152030, 152029, 152022, 152008, 152010, 152022, 152022, 152016, 152018, 152002, 152024, 152032, 152035, 152030, 152028, 152029, 152001, 151892, 33395]","[-12.6935, -13.509, -14.1531, -14.2502, -14.7072, -16.4413, -16.4821, -17.2946, -16.6983, -18.2244, -18.8188, -18.7745, -18.7159, -19.8357, -24.5739, -22.9595, -22.3305, -23.9648, -23.5704, -28.8975, -33.4836, -39.8846, -49.5054, -64.6982, -97.0485, -141.6192, -153.6561, -45.1299]",17,2
GSM_049,arithmetic_reasoning,canonical,Qwen/Qwen2.5-7B-Instruct,-1,28,"[0.9667, 0.9789, 0.955, 0.948, 0.9441, 0.9536, 0.9539, 0.9516, 0.9467, 0.9651, 0.9655, 0.9658, 0.97, 0.9773, 0.9847, 0.9823, 0.9805, 0.9835, 0.9805, 0.9793, 0.9734, 0.9664, 0.9534, 0.9416, 0.9427, 0.9512, 0.9491, 0.9277]","[152033, 152044, 152045, 152048, 152045, 152043, 152035, 152037, 152026, 152035, 152037, 152030, 152022, 152019, 152029, 152020, 152021, 152025, 152001, 152038, 152043, 152039, 152032, 152041, 152039, 152022, 151916, 88613]","[-12.8137, -13.6923, -14.3966, -14.3981, -14.8596, -16.6526, -16.633, -17.2708, -16.4876, -18.266, -18.9268, -18.9957, -19.0263, -20.2442, -24.8503, -22.9507, -22.5784, -24.1498, -24.0055, -28.6829, -33.7261, -40.2312, -42.9019, -55.4453, -86.0264, -126.5938, -137.8419, -70.7646]",16,1
GSM_050,arithmetic_reasoning,canonical,Qwen/Qwen2.5-7B-Instruct,-1,28,"[0.9709, 0.982, 0.9641, 0.9603, 0.9606, 0.9694, 0.9693, 0.9637, 0.96, 0.9725, 0.9734, 0.9718, 0.9739, 0.9803, 0.9865, 0.9848, 0.984, 0.9862, 0.9785, 0.9716, 0.9654, 0.9456, 0.9339, 0.9327, 0.9399, 0.9537, 0.9601, 0.9168]","[152004, 152032, 152031, 152040, 152039, 152034, 152024, 152036, 152031, 152032, 152026, 152020, 152007, 152011, 152024, 152022, 152019, 152011, 151993, 152021, 152024, 152027, 152021, 152014, 152023, 152016, 151934, 41769]","[-12.7463, -13.5569, -14.22, -14.3011, -14.7731, -16.5867, -16.6453, -17.4944, -16.8291, -18.3429, -18.7793, -18.9104, -18.8082, -19.7321, -24.3229, -22.4453, -22.4242, -23.479, -22.7376, -25.6992, -28.6312, -35.5188, -44.8971, -60.4083, -89.4597, -135.5264, -148.2482, -42.4598]",17,2
GSM_051,arithmetic_reasoning,canonical,Qwen/Qwen2.5-7B-Instruct,-1,28,"[0.9734, 0.9833, 0.9662, 0.96, 0.9615, 0.9714, 0.9705, 0.9632, 0.9578, 0.9684, 0.9685, 0.9673, 0.9709, 0.9775, 0.9855, 0.9833, 0.9824, 0.9842, 0.9749, 0.9662, 0.9585, 0.9174, 0.8881, 0.8724, 0.8837, 0.9002, 0.9063, 0.8791]","[152001, 152029, 152021, 152036, 152035, 152035, 152024, 152036, 152031, 152030, 152025, 152019, 151997, 151999, 152018, 152014, 152016, 152017, 151991, 152023, 152032, 152039, 152033, 151991, 152041, 152032, 151991, 2443]","[-12.7366, -13.5848, -14.1643, -14.1504, -14.7714, -16.4017, -16.5212, -17.4824, -16.7374, -18.1398, -18.5123, -18.6036, -18.7431, -19.307, -23.9049, -22.0542, -22.0355, -23.2977, -22.311, -25.2316, -27.9918, -34.2791, -36.8478, -40.5291, -88.6609, -152.5071, -151.7717, -19.4011]",17,2
GSM_052,arithmetic_reasoning,canonical,Qwen/Qwen2.5-7B-Instruct,-1,28,"[0.974, 0.9838, 0.9623, 0.9569, 0.9547, 0.9624, 0.9641, 0.9591, 0.9551, 0.9685, 0.9688, 0.9691, 0.9725, 0.9787, 0.9858, 0.9841, 0.9833, 0.9853, 0.9767, 0.9627, 0.9515, 0.9546, 0.951, 0.9558, 0.9543, 0.9619, 0.9679, 0.9189]","[150919, 151710, 151776, 151757, 151737, 151771, 151700, 151801, 151767, 151796, 151766, 151751, 151540, 151392, 151495, 151232, 151411, 151293, 150572, 151331, 151642, 151490, 151620, 151682, 151751, 151650, 151227, 1947]","[-12.4591, -13.094, -13.6405, -13.5169, -13.8618, -15.1755, -15.2641, -15.8921, -15.3885, -16.7022, -17.2221, -17.3952, -16.9071, -17.889, -21.1363, -19.7116, -19.9027, -20.9251, -19.8037, -21.4563, -24.8654, -36.221, -47.4462, -69.7244, -89.8764, -118.8936, -138.7506, -17.9731]",22,7
GSM_053,arithmetic_reasoning,canonical,Qwen/Qwen2.5-7B-Instruct,-1,28,"[0.9679, 0.9792, 0.96, 0.9528, 0.9516, 0.961, 0.9607, 0.9556, 0.9487, 0.9655, 0.9659, 0.9647, 0.9688, 0.9756, 0.9835, 0.9807, 0.9788, 0.9802, 0.9681, 0.9468, 0.9218, 0.8808, 0.8626, 0.8518, 0.8428, 0.8633, 0.8624, 0.8418]","[151906, 151990, 151992, 151993, 151983, 152011, 151987, 151999, 151992, 152006, 151997, 151970, 151913, 151902, 151946, 151935, 151920, 151892, 151858, 151931, 151969, 151976, 151934, 151810, 151829, 151819, 151465, 46663]","[-12.6231, -13.3948, -14.0063, -13.8358, -14.3911, -16.1569, -16.0293, -16.823, -16.1215, -17.5841, -18.1786, -18.0166, -17.9975, -18.3967, -22.7799, -21.1993, -20.6573, -21.9128, -20.8208, -23.0365, -27.1445, -40.4754, -46.6494, -56.448, -82.3518, -114.4122, -119.3269, -74.7455]",18,3
GSM_054,arithmetic_reasoning,canonical,Qwen/Qwen2.5-7B-Instruct,-1,28,"[0.969, 0.9798, 0.9644, 0.9593, 0.9601, 0.9672, 0.9649, 0.9603, 0.9569, 0.9707, 0.9699, 0.9693, 0.9728, 0.9785, 0.9858, 0.9837, 0.9812, 0.9828, 0.9759, 0.9705, 0.9642, 0.9543, 0.9439, 0.9448, 0.9517, 0.9636, 0.9635, 0.9339]","[152034, 152043, 152045, 152047, 152043, 152043, 152036, 152037, 152027, 152038, 152037, 152031, 152024, 152019, 152027, 152013, 152018, 152024, 151991, 152036, 152048, 152050, 152039, 152048, 152040, 152025, 152007, 18451]","[-12.8144, -13.6599, -14.3721, -14.4197, -14.8292, -16.6811, -16.6516, -17.3102, -16.373, -18.4975, -19.0677, -18.9782, -18.9679, -19.5998, -24.3349, -22.2068, -21.8714, -23.8702, -22.8676, -28.1816, -31.6226, -38.9524, -44.8104, -64.1183, -92.3832, -137.8518, -144.3902, -27.4517]",16,1
GSM_055,arithmetic_reasoning,canonical,Qwen/Qwen2.5-7B-Instruct,-1,28,"[0.9682, 0.9798, 0.9614, 0.9554, 0.9557, 0.9676, 0.9666, 0.962, 0.9587, 0.9707, 0.9727, 0.9724, 0.9759, 0.9818, 0.9879, 0.9862, 0.9849, 0.9869, 0.98, 0.9715, 0.9568, 0.9324, 0.9182, 0.9067, 0.9068, 0.9149, 0.9308, 0.8861]","[151570, 151778, 151790, 151849, 151878, 151856, 151798, 151879, 151883, 151893, 151888, 151805, 151666, 151635, 151639, 151617, 151528, 151586, 151360, 151722, 151772, 151736, 151687, 151674, 151711, 151625, 150961, 72308]","[-12.5108, -13.1051, -13.6012, -13.5909, -14.0179, -15.3724, -15.4065, -16.1886, -15.748, -16.8545, -17.473, -17.2892, -17.2014, -17.8224, -21.5314, -20.2448, -19.5713, -20.7417, -20.1635, -22.3227, -24.8849, -31.3983, -34.98, -51.4426, -74.4546, -100.738, -120.6226, -74.4127]",21,6
GSM_056,arithmetic_reasoning,canonical,Qwen/Qwen2.5-7B-Instruct,-1,28,"[0.9701, 0.9803, 0.9595, 0.9539, 0.9537, 0.9614, 0.9606, 0.9568, 0.9505, 0.9666, 0.9677, 0.9673, 0.971, 0.9769, 0.9839, 0.981, 0.979, 0.9811, 0.9739, 0.9663, 0.9504, 0.9484, 0.9304, 0.9104, 0.9004, 0.8991, 0.9038, 0.8419]","[151608, 151793, 151799, 151854, 151883, 151861, 151804, 151827, 151808, 151866, 151857, 151764, 151593, 151563, 151594, 151570, 151495, 151461, 151328, 151640, 151653, 151816, 151769, 151835, 151802, 151600, 151005, 4138]","[-12.5142, -13.1499, -13.5931, -13.5805, -14.0222, -15.4735, -15.4103, -15.973, -15.327, -16.8924, -17.3765, -17.0607, -16.9909, -17.6994, -21.1905, -20.0649, -19.699, -20.5278, -19.928, -21.3692, -21.8135, -31.5189, -34.4607, -52.9296, -69.7013, -94.6306, -120.0447, -23.8476]",21,6
GSM_057,arithmetic_reasoning,canonical,Qwen/Qwen2.5-7B-Instruct,-1,28,"[0.965, 0.9776, 0.9631, 0.959, 0.9605, 0.9688, 0.9683, 0.9636, 0.962, 0.9746, 0.9764, 0.9761, 0.979, 0.9832, 0.9886, 0.987, 0.9859, 0.9876, 0.9824, 0.9808, 0.9768, 0.972, 0.9631, 0.9668, 0.9681, 0.9752, 0.9802, 0.95]","[151724, 151843, 151843, 151846, 151829, 151809, 151731, 151797, 151772, 151852, 151833, 151802, 151707, 151658, 151703, 151682, 151804, 151770, 151652, 151879, 151884, 151666, 151699, 151611, 151759, 151694, 151377, 831]","[-12.5556, -13.1728, -13.7261, -13.697, -14.0588, -15.3662, -15.3401, -16.0937, -15.5305, -16.8855, -17.3037, -17.5119, -17.3821, -17.9796, -21.9007, -20.4116, -20.4982, -21.6689, -20.6191, -23.8259, -26.187, -29.7325, -39.1993, -59.7809, -83.3611, -120.736, -139.7924, -13.6018]",23,8
GSM_058,arithmetic_reasoning,canonical,Qwen/Qwen2.5-7B-Instruct,-1,28,"[0.9705, 0.9792, 0.9576, 0.9532, 0.9534, 0.9659, 0.9643, 0.9589, 0.9542, 0.9679, 0.969, 0.9688, 0.9725, 0.9782, 0.9853, 0.983, 0.9813, 0.9838, 0.9811, 0.9785, 0.9748, 0.9694, 0.9646, 0.9637, 0.971, 0.9779, 0.9772, 0.9587]","[152009, 152032, 152026, 152038, 152037, 152033, 152024, 152034, 152028, 152024, 152023, 152012, 151992, 152009, 152022, 152023, 152019, 152014, 152011, 152028, 152033, 152030, 152025, 152030, 152035, 152019, 151988, 125341]","[-12.727, -13.6024, -14.2415, -14.2546, -14.7551, -16.4948, -16.5171, -17.3044, -16.6065, -18.1332, -18.6099, -18.5044, -18.5138, -19.731, -24.4411, -22.9992, -22.4129, -23.8017, -24.0737, -28.1884, -31.8625, -36.9208, -48.5131, -67.2093, -100.9956, -145.504, -157.9557, -72.8681]",17,2
GSM_059,arithmetic_reasoning,canonical,Qwen/Qwen2.5-7B-Instruct,-1,28,"[0.9669, 0.9771, 0.9557, 0.9506, 0.9497, 0.9609, 0.958, 0.9547, 0.9486, 0.966, 0.9675, 0.9671, 0.9714, 0.9776, 0.9851, 0.9827, 0.9802, 0.9829, 0.9695, 0.9574, 0.9321, 0.9289, 0.915, 0.9119, 0.923, 0.9365, 0.9448, 0.8494]","[152012, 152035, 152032, 152041, 152040, 152034, 152023, 152034, 152031, 152027, 152024, 152019, 152001, 152009, 152020, 152024, 152018, 152013, 152011, 152026, 152021, 152025, 152024, 152020, 152027, 152026, 151976, 37284]","[-12.6996, -13.5584, -14.1452, -14.1993, -14.6982, -16.4738, -16.5218, -17.3967, -16.5147, -18.2475, -18.8243, -18.6761, -18.8809, -19.8095, -24.2234, -23.1081, -22.5807, -23.4916, -22.8057, -25.5472, -27.2997, -38.5295, -47.7232, -64.0308, -95.6465, -138.3946, -149.2479, -32.0422]",17,2
GSM_060,arithmetic_reasoning,canonical,Qwen/Qwen2.5-7B-Instruct,-1,28,"[0.9651, 0.9775, 0.9547, 0.9488, 0.947, 0.958, 0.958, 0.9549, 0.9506, 0.9674, 0.9673, 0.965, 0.9691, 0.9764, 0.9844, 0.9819, 0.9793, 0.9813, 0.9709, 0.9567, 0.9453, 0.9263, 0.9104, 0.9026, 0.9097, 0.9299, 0.9328, 0.9159]","[151825, 151937, 151902, 151937, 151940, 151894, 151870, 151889, 151872, 151905, 151912, 151882, 151819, 151786, 151839, 151751, 151759, 151767, 151637, 151830, 151896, 151932, 151873, 151853, 151895, 151829, 151577, 100601]","[-12.5614, -13.2572, -13.7228, -13.7681, -14.1723, -15.5404, -15.6539, -16.3339, -15.5307, -17.0806, -17.6411, -17.4597, -17.5805, -18.0628, -22.1793, -20.4426, -19.8778, -21.3103, -20.5365, -24.5918, -28.3151, -38.5466, -50.7781, -69.0438, -94.3491, -130.8603, -145.2253, -99.9775]",19,4
GSM_061,arithmetic_reasoning,canonical,Qwen/Qwen2.5-7B-Instruct,-1,28,"[0.9747, 0.9827, 0.9644, 0.9595, 0.9601, 0.9671, 0.967, 0.963, 0.9594, 0.9704, 0.9709, 0.9699, 0.9732, 0.9793, 0.986, 0.9842, 0.9819, 0.9827, 0.9753, 0.9596, 0.9494, 0.9222, 0.9068, 0.8998, 0.9078, 0.924, 0.9333, 0.9037]","[151826, 151914, 151903, 151928, 151929, 151901, 151863, 151905, 151899, 151930, 151927, 151897, 151849, 151774, 151844, 151742, 151772, 151758, 151695, 151860, 151905, 151932, 151856, 151820, 151928, 151832, 151612, 104118]","[-12.6046, -13.2381, -13.7816, -13.7313, -14.1147, -15.5332, -15.6137, -16.2659, -15.7026, -17.1957, -17.4918, -17.6508, -17.515, -18.0099, -22.0775, -20.2994, -19.776, -21.1407, -20.7428, -22.4075, -25.8515, -31.5362, -39.3538, -45.6998, -73.6904, -109.0296, -118.7892, -81.6829]",19,4
GSM_062,arithmetic_reasoning,canonical,Qwen/Qwen2.5-7B-Instruct,-1,28,"[0.9659, 0.9768, 0.9564, 0.9502, 0.95, 0.9589, 0.9578, 0.9526, 0.9466, 0.9643, 0.9655, 0.9642, 0.9683, 0.9742, 0.9828, 0.9805, 0.9783, 0.9799, 0.9679, 0.9518, 0.9315, 0.9247, 0.906, 0.8994, 0.9117, 0.9207, 0.9298, 0.8339]","[152039, 152046, 152046, 152051, 152045, 152043, 152036, 152037, 152015, 152034, 152034, 152028, 152021, 152022, 152027, 152013, 152019, 152021, 151995, 152031, 152044, 152046, 152037, 152040, 152047, 152029, 152016, 23573]","[-12.8096, -13.7553, -14.4174, -14.38, -14.9264, -16.7868, -16.6438, -17.4402, -16.4162, -18.3883, -19.0526, -18.8416, -19.2619, -20.5075, -24.8002, -22.7335, -22.4791, -23.8991, -23.2859, -24.7596, -26.6166, -34.539, -39.1795, -63.2638, -97.6886, -129.63, -157.6442, -31.4289]",16,1
GSM_063,arithmetic_reasoning,canonical,Qwen/Qwen2.5-7B-Instruct,-1,28,"[0.9679, 0.9779, 0.958, 0.952, 0.9518, 0.9604, 0.9583, 0.9555, 0.9497, 0.9651, 0.9647, 0.9638, 0.9672, 0.974, 0.9822, 0.9793, 0.9771, 0.9804, 0.9727, 0.9616, 0.9501, 0.9477, 0.9355, 0.939, 0.9457, 0.956, 0.9602, 0.9265]","[152033, 152045, 152045, 152047, 152046, 152043, 152036, 152037, 152016, 152033, 152035, 152028, 152020, 152014, 152026, 152012, 152018, 152023, 152007, 152034, 152048, 152050, 152043, 152032, 152041, 152026, 151990, 16892]","[-12.8164, -13.73, -14.3529, -14.3087, -14.8952, -16.7251, -16.6621, -17.4359, -16.3021, -18.1938, -18.8442, -18.6073, -18.7352, -19.6504, -24.3805, -22.3516, -21.8211, -23.7944, -23.2916, -25.7832, -27.8267, -38.6061, -40.1637, -57.4281, -91.8823, -135.2017, -159.4162, -32.272]",16,1
GSM_064,arithmetic_reasoning,canonical,Qwen/Qwen2.5-7B-Instruct,27,28,"[0.9722, 0.9825, 0.9648, 0.9599, 0.9596, 0.9689, 0.9685, 0.9605, 0.9544, 0.9675, 0.9666, 0.9654, 0.9708, 0.9782, 0.9855, 0.9834, 0.9831, 0.9852, 0.9796, 0.9693, 0.9574, 0.9501, 0.9395, 0.9389, 0.9413, 0.9481, 0.9508, 0.9036]","[151014, 151720, 151787, 151757, 151768, 151774, 151729, 151817, 151818, 151803, 151786, 151758, 151564, 151379, 151541, 151329, 151631, 151569, 151485, 151870, 151924, 151752, 151806, 151554, 151685, 151544, 150741, 4]","[-12.4648, -13.0874, -13.569, -13.4986, -13.938, -15.1423, -15.3282, -16.0183, -15.5594, -16.6593, -17.1651, -17.1395, -17.1252, -17.831, -21.4398, -19.6724, -20.3674, -21.3178, -20.0266, -23.2688, -24.1897, -30.9745, -42.8933, -58.7916, -86.2211, -128.2957, -132.5137, -7.1045]",22,7
CC_01,coin change,canonical,Qwen/Qwen2.5-7B-Instruct,-1,28,"[0.9808, 0.9867, 0.9818, 0.9796, 0.9795, 0.9838, 0.983, 0.9798, 0.9752, 0.9814, 0.9798, 0.9799, 0.9824, 0.9826, 0.9862, 0.9836, 0.9741, 0.962, 0.9558, 0.9495, 0.9349, 0.9348, 0.9103, 0.9217, 0.9333, 0.9386, 0.9335, 0.7825]","[151996, 152033, 152025, 152040, 152039, 152040, 152030, 152036, 152040, 152039, 152037, 152022, 152018, 152032, 152036, 152029, 152032, 152035, 152026, 152031, 152026, 152031, 152041, 152037, 152040, 152041, 152037, 80783]","[-12.6764, -13.4202, -14.1072, -14.1808, -14.5517, -16.3632, -16.3239, -17.1353, -16.4543, -18.3448, -18.8507, -18.0842, -18.3209, -20.7451, -24.5436, -21.6237, -22.2031, -23.1484, -24.4402, -26.765, -29.5798, -43.4418, -56.7354, -80.5615, -121.2636, -162.0428, -203.8963, -50.7635]",17,2
CC_02,coin change,canonical,Qwen/Qwen2.5-7B-Instruct,-1,28,"[0.9799, 0.986, 0.9817, 0.9784, 0.9782, 0.9826, 0.9814, 0.9783, 0.9737, 0.9798, 0.9779, 0.9776, 0.98, 0.9795, 0.984, 0.9813, 0.9717, 0.959, 0.9513, 0.944, 0.9286, 0.9318, 0.91, 0.9218, 0.9332, 0.9395, 0.9338, 0.7816]","[151995, 152033, 152025, 152041, 152039, 152039, 152029, 152036, 152039, 152037, 152037, 152021, 152018, 152032, 152036, 152029, 152033, 152036, 152027, 152032, 152027, 152032, 152040, 152037, 152040, 152042, 152037, 73472]","[-12.6767, -13.4254, -14.1068, -14.167, -14.5549, -16.4068, -16.3714, -17.1406, -16.4622, -18.3255, -18.7925, -18.0531, -18.3169, -20.7403, -24.5733, -21.6184, -22.1596, -23.1546, -24.5721, -26.9418, -29.6896, -43.4191, -56.4333, -80.3862, -121.1578, -162.1682, -204.0849, -50.6969]",17,2
CC_03,coin change,canonical,Qwen/Qwen2.5-7B-Instruct,-1,28,"[0.9799, 0.9861, 0.9814, 0.9788, 0.9789, 0.9831, 0.9819, 0.9787, 0.9742, 0.9803, 0.9788, 0.9785, 0.981, 0.9811, 0.9842, 0.9815, 0.9713, 0.9591, 0.951, 0.9441, 0.9286, 0.9314, 0.9072, 0.919, 0.9318, 0.9372, 0.9317, 0.7719]","[151997, 152033, 152029, 152041, 152038, 152039, 152026, 152035, 152039, 152037, 152036, 152021, 152017, 152032, 152037, 152029, 152033, 152033, 152026, 152031, 152025, 152029, 152038, 152037, 152039, 152042, 152037, 80678]","[-12.6794, -13.427, -14.1219, -14.2059, -14.5682, -16.3935, -16.3531, -17.1299, -16.4756, -18.3543, -18.8229, -18.0284, -18.3162, -20.8532, -24.4754, -21.6175, -22.2333, -23.0492, -24.3034, -26.4614, -29.4473, -42.8712, -56.0558, -79.04, -120.1587, -160.8179, -204.9056, -50.3139]",17,2
CC_04,coin change,canonical,Qwen/Qwen2.5-7B-Instruct,-1,28,"[0.9814, 0.9869, 0.9826, 0.9807, 0.9808, 0.9845, 0.9837, 0.9812, 0.9775, 0.9828, 0.9818, 0.9817, 0.9838, 0.9838, 0.9865, 0.9843, 0.9746, 0.961, 0.9531, 0.945, 0.9283, 0.9295, 0.9047, 0.9156, 0.9272, 0.9315, 0.9256, 0.7566]","[151998, 152033, 152027, 152040, 152038, 152040, 152028, 152036, 152039, 152037, 152036, 152020, 152017, 152032, 152037, 152029, 152035, 152034, 152026, 152031, 152025, 152031, 152039, 152025, 152029, 152033, 152032, 5745]","[-12.6841, -13.4278, -14.1117, -14.205, -14.5986, -16.4248, -16.3465, -17.1512, -16.4915, -18.3445, -18.8883, -18.1593, -18.3657, -20.9996, -24.4278, -21.5616, -22.2356, -23.0282, -24.2639, -26.5057, -29.5373, -42.9135, -56.1493, -77.5442, -118.9091, -158.433, -201.2166, -44.166]",17,2
CC_05,coin change,canonical,Qwen/Qwen2.5-7B-Instruct,-1,28,"[0.9814, 0.9871, 0.9815, 0.9796, 0.9796, 0.9836, 0.9829, 0.9801, 0.9758, 0.9816, 0.9804, 0.9805, 0.9832, 0.9832, 0.9862, 0.9841, 0.9745, 0.9631, 0.9552, 0.9468, 0.93, 0.9299, 0.9074, 0.9192, 0.932, 0.9371, 0.9317, 0.7744]","[151997, 152033, 152029, 152041, 152038, 152039, 152026, 152035, 152039, 152037, 152036, 152021, 152017, 152032, 152037, 152029, 152033, 152034, 152027, 152031, 152025, 152029, 152038, 152037, 152038, 152041, 152037, 79600]","[-12.6794, -13.4277, -14.1219, -14.2078, -14.5703, -16.3985, -16.355, -17.128, -16.4743, -18.357, -18.818, -18.0236, -18.313, -20.8534, -24.4811, -21.6272, -22.2404, -23.1289, -24.3918, -26.4868, -29.3235, -42.6349, -56.0146, -79.307, -120.3214, -160.5329, -204.4469, -49.507]",17,2
CC_06,coin change,canonical,Qwen/Qwen2.5-7B-Instruct,-1,28,"[0.9807, 0.9868, 0.9819, 0.9799, 0.98, 0.9842, 0.9834, 0.9799, 0.9756, 0.982, 0.981, 0.9808, 0.9835, 0.9834, 0.9862, 0.9837, 0.9744, 0.9628, 0.9552, 0.9483, 0.9319, 0.9343, 0.9084, 0.9203, 0.9323, 0.9362, 0.9303, 0.7666]","[151899, 151988, 151983, 151989, 151980, 152003, 151968, 151990, 151987, 152008, 152008, 151962, 151952, 151980, 151988, 151954, 151980, 151951, 151970, 151969, 151962, 151995, 152018, 152014, 152016, 152018, 152013, 90497]","[-12.5862, -13.2601, -13.892, -13.8985, -14.1903, -15.9214, -15.8009, -16.5057, -15.8272, -17.7372, -18.1896, -17.3932, -17.6371, -19.8321, -23.0687, -20.2429, -20.9219, -21.4717, -23.004, -24.7394, -27.5599, -40.5503, -53.8214, -75.6356, -114.6481, -152.9895, -195.5436, -50.0567]",18,3
CC_07,coin change,canonical,Qwen/Qwen2.5-7B-Instruct,-1,28,"[0.9811, 0.987, 0.9816, 0.9795, 0.9794, 0.9836, 0.9827, 0.9797, 0.9755, 0.9814, 0.9798, 0.9798, 0.9825, 0.9826, 0.9858, 0.9833, 0.9738, 0.9619, 0.9545, 0.9477, 0.9322, 0.9335, 0.9093, 0.9211, 0.9336, 0.9391, 0.9337, 0.7798]","[151997, 152033, 152029, 152041, 152038, 152039, 152026, 152035, 152038, 152037, 152037, 152021, 152017, 152032, 152037, 152029, 152035, 152033, 152027, 152032, 152025, 152029, 152038, 152036, 152037, 152041, 152037, 80220]","[-12.6734, -13.4223, -14.1196, -14.196, -14.5557, -16.3974, -16.3556, -17.1217, -16.4574, -18.34, -18.8092, -18.0381, -18.3115, -20.7787, -24.5186, -21.6176, -22.2108, -23.1788, -24.4296, -26.5837, -29.4347, -43.0098, -56.1362, -79.7732, -120.5396, -160.8371, -204.2367, -50.0196]",17,2
CC_08,coin change,canonical,Qwen/Qwen2.5-7B-Instruct,-1,28,"[0.9807, 0.9867, 0.982, 0.98, 0.9801, 0.9843, 0.9834, 0.9798, 0.9756, 0.9822, 0.9813, 0.9811, 0.9837, 0.9833, 0.9863, 0.9837, 0.9741, 0.9621, 0.9537, 0.9461, 0.93, 0.9311, 0.905, 0.9178, 0.9301, 0.9356, 0.9302, 0.7721]","[151997, 152033, 152029, 152041, 152039, 152039, 152028, 152036, 152039, 152037, 152036, 152021, 152017, 152032, 152037, 152029, 152033, 152032, 152026, 152031, 152024, 152031, 152036, 152034, 152038, 152040, 152036, 49794]","[-12.6821, -13.4323, -14.1235, -14.2087, -14.5798, -16.3993, -16.3344, -17.1176, -16.4691, -18.3594, -18.8205, -18.0512, -18.3474, -20.9821, -24.3968, -21.587, -22.2857, -22.9874, -24.2564, -26.5489, -29.2479, -42.4494, -55.3665, -78.6657, -120.6938, -161.4321, -203.1233, -49.9981]",17,2
CC_09,coin change,canonical,Qwen/Qwen2.5-7B-Instruct,-1,28,"[0.9803, 0.9865, 0.9827, 0.9804, 0.9808, 0.9851, 0.9842, 0.98, 0.976, 0.9825, 0.9813, 0.9811, 0.9835, 0.9833, 0.9868, 0.9845, 0.9746, 0.9622, 0.9559, 0.9512, 0.9359, 0.938, 0.9156, 0.9275, 0.9367, 0.9418, 0.9368, 0.7909]","[151422, 151818, 151854, 151941, 151952, 151956, 151904, 151909, 151929, 151927, 151935, 151852, 151824, 151902, 151906, 151857, 151929, 151871, 151871, 151903, 151920, 151931, 151950, 151918, 151926, 151940, 151931, 59224]","[-12.4723, -13.029, -13.6178, -13.715, -14.0837, -15.6323, -15.5261, -16.1004, -15.5076, -17.1067, -17.6095, -16.8585, -17.0113, -19.368, -22.3121, -19.5724, -20.3961, -20.9122, -21.9943, -23.9575, -26.6201, -38.0906, -49.8631, -70.4673, -108.3281, -144.2571, -184.4058, -47.9484]",20,5
CC_10,coin change,canonical,Qwen/Qwen2.5-7B-Instruct,-1,28,"[0.9784, 0.9849, 0.9808, 0.979, 0.9792, 0.9842, 0.9838, 0.9798, 0.9758, 0.9827, 0.9811, 0.981, 0.9831, 0.9827, 0.9863, 0.9841, 0.9729, 0.9603, 0.9543, 0.9495, 0.9346, 0.9371, 0.9129, 0.9251, 0.9355, 0.9405, 0.9348, 0.788]","[150489, 151655, 151759, 151800, 151772, 151817, 151727, 151826, 151841, 151867, 151836, 151697, 151651, 151726, 151714, 151586, 151751, 151733, 151694, 151823, 151791, 151855, 151904, 151874, 151881, 151872, 151861, 71388]","[-12.4057, -12.9255, -13.495, -13.5238, -13.7592, -15.182, -15.0984, -15.7953, -15.2224, -16.7749, -17.1113, -16.4073, -16.6154, -18.6556, -21.213, -18.7835, -19.369, -20.2165, -21.1127, -23.148, -25.1036, -36.0883, -48.9599, -68.5964, -105.5365, -138.9022, -176.906, -48.2451]",22,7
SP_001,algorithmic,canonical,Qwen/Qwen2.5-7B-Instruct,-1,28,"[0.9536, 0.9685, 0.9516, 0.9492, 0.9537, 0.9641, 0.9682, 0.9661, 0.9629, 0.9761, 0.976, 0.976, 0.9782, 0.9801, 0.9848, 0.9817, 0.9707, 0.9633, 0.9524, 0.9373, 0.9137, 0.899, 0.8902, 0.8975, 0.9156, 0.9221, 0.9351, 0.7989]","[152041, 152038, 152029, 152031, 152018, 151990, 151963, 151975, 151952, 151970, 151929, 151904, 151827, 151927, 151942, 151912, 151912, 151955, 151919, 151978, 151964, 152007, 152021, 152022, 152022, 152018, 152017, 136684]","[-12.8062, -13.4495, -14.064, -14.1944, -14.3083, -15.95, -15.867, -16.394, -15.7403, -18.1813, -17.7729, -17.9417, -17.228, -19.5467, -22.6234, -20.1201, -20.3643, -22.5864, -22.4213, -25.9246, -28.3752, -40.5654, -54.1939, -75.9411, -116.2079, -155.6606, -203.2299, -53.6544]",15,0
SP_002,algorithmic,canonical,Qwen/Qwen2.5-7B-Instruct,-1,28,"[0.9584, 0.9688, 0.9627, 0.9611, 0.9637, 0.9715, 0.9725, 0.9733, 0.9696, 0.981, 0.9797, 0.9798, 0.9798, 0.9804, 0.9836, 0.9814, 0.9756, 0.971, 0.9613, 0.9445, 0.9204, 0.9093, 0.8968, 0.9039, 0.9176, 0.9247, 0.9394, 0.814]","[152026, 152044, 152046, 152054, 152053, 152044, 152037, 152040, 152035, 152040, 152038, 152031, 152027, 152033, 152036, 152029, 152037, 152041, 152028, 152043, 152047, 152050, 152053, 152053, 152054, 152053, 152054, 149094]","[-12.7594, -13.4484, -14.1841, -14.4771, -14.7955, -16.761, -16.7245, -17.3762, -16.5349, -19.329, -19.0749, -19.1046, -18.5957, -20.6122, -23.9623, -21.2611, -22.113, -24.1471, -24.5855, -27.6688, -31.8577, -45.5974, -58.5316, -82.3633, -125.3816, -167.6725, -222.0057, -53.7817]",16,1
SP_003,algorithmic,canonical,Qwen/Qwen2.5-7B-Instruct,-1,28,"[0.9138, 0.9427, 0.9277, 0.9285, 0.9333, 0.9533, 0.953, 0.9496, 0.942, 0.9649, 0.9662, 0.968, 0.971, 0.9726, 0.978, 0.9752, 0.9689, 0.9653, 0.9538, 0.9361, 0.9119, 0.8965, 0.8834, 0.8914, 0.9075, 0.9139, 0.93, 0.7869]","[152013, 152040, 152049, 152056, 152053, 152045, 152042, 152040, 152024, 152041, 152035, 152031, 152030, 152033, 152038, 152029, 152035, 152043, 152027, 152043, 152047, 152051, 152053, 152054, 152054, 152054, 152054, 149156]","[-12.7138, -13.4439, -14.0537, -14.4344, -14.6873, -16.4964, -16.6654, -17.1646, -15.8978, -19.316, -18.8603, -19.2538, -18.5607, -20.5465, -24.0477, -20.9754, -21.6582, -23.8087, -24.0277, -27.7468, -32.2151, -44.5397, -58.8442, -81.5884, -127.1707, -169.6131, -224.5828, -55.0054]",16,1
SP_004,algorithmic,canonical,Qwen/Qwen2.5-7B-Instruct,-1,28,"[0.9751, 0.9787, 0.9649, 0.9634, 0.9668, 0.9735, 0.9747, 0.976, 0.9702, 0.9781, 0.9787, 0.9796, 0.9815, 0.9837, 0.9876, 0.9852, 0.9752, 0.9704, 0.9631, 0.9511, 0.9328, 0.9327, 0.9305, 0.938, 0.9477, 0.9495, 0.9537, 0.8417]","[152044, 152041, 152029, 152030, 152016, 151987, 151959, 151969, 151958, 151971, 151927, 151906, 151818, 151928, 151943, 151904, 151914, 151944, 151915, 151968, 151958, 152002, 152015, 152019, 152019, 152015, 152006, 104383]","[-12.7989, -13.4148, -14.054, -14.2084, -14.249, -16.0379, -16.0254, -16.5592, -15.935, -18.415, -17.8105, -17.878, -17.041, -19.4154, -22.5346, -20.0819, -20.4399, -22.4943, -22.7878, -25.8663, -28.6366, -40.6418, -54.2556, -73.5687, -112.5269, -150.4642, -199.385, -47.2744]",15,0
SP_005,algorithmic,canonical,Qwen/Qwen2.5-7B-Instruct,-1,28,"[0.9024, 0.9426, 0.9275, 0.9161, 0.9252, 0.9415, 0.949, 0.9441, 0.9438, 0.9636, 0.9632, 0.9652, 0.9687, 0.9718, 0.9801, 0.9772, 0.9708, 0.9646, 0.9544, 0.9303, 0.9097, 0.8952, 0.8825, 0.8887, 0.9048, 0.9132, 0.929, 0.8003]","[152045, 152040, 152033, 152035, 152024, 151998, 151977, 151980, 151949, 151980, 151940, 151913, 151851, 151929, 151947, 151924, 151915, 151946, 151921, 151963, 151934, 151998, 152012, 152014, 152016, 152004, 151993, 48100]","[-12.7715, -13.4047, -14.0593, -14.1866, -14.344, -16.0193, -15.9678, -16.5196, -15.6935, -18.1626, -17.9559, -17.9849, -17.2362, -19.1867, -22.8646, -20.1593, -20.3092, -22.2859, -22.7747, -25.2147, -26.9656, -37.2874, -49.919, -69.1947, -109.734, -146.4696, -193.6373, -43.2209]",15,0
WIS_001,algorithmic,canonical,Qwen/Qwen2.5-7B-Instruct,-1,28,"[0.9738, 0.9809, 0.9662, 0.9667, 0.9707, 0.9769, 0.9778, 0.9773, 0.9741, 0.9808, 0.9804, 0.9793, 0.9799, 0.9822, 0.9877, 0.986, 0.9786, 0.9759, 0.9699, 0.9646, 0.9571, 0.9604, 0.9618, 0.9646, 0.9741, 0.9779, 0.9786, 0.9401]","[152039, 152037, 152028, 152028, 152019, 151990, 151940, 151959, 151931, 151962, 151924, 151904, 151811, 151929, 151940, 151909, 151882, 151919, 151906, 151959, 151945, 152008, 152019, 152018, 152022, 152016, 152009, 21428]","[-12.7899, -13.4285, -14.1431, -14.1989, -14.3321, -15.9525, -15.79, -16.3398, -15.5749, -17.8633, -17.7435, -17.6383, -16.8459, -19.2285, -22.2419, -19.7563, -19.4344, -21.5466, -22.5908, -25.499, -28.2002, -42.2117, -54.0426, -70.663, -113.3526, -148.205, -196.7477, -43.1603]",15,0
WIS_002,algorithmic,canonical,Qwen/Qwen2.5-7B-Instruct,-1,28,"[0.9609, 0.9729, 0.9595, 0.9595, 0.9619, 0.9721, 0.9746, 0.969, 0.9657, 0.9754, 0.9756, 0.9762, 0.9778, 0.9809, 0.9866, 0.9843, 0.978, 0.9752, 0.9674, 0.9611, 0.9528, 0.9546, 0.9546, 0.9567, 0.9676, 0.9735, 0.9748, 0.9322]","[152040, 152046, 152050, 152053, 152051, 152044, 152034, 152036, 152022, 152038, 152036, 152030, 152024, 152033, 152036, 152026, 152028, 152037, 152021, 152037, 152042, 152047, 152051, 152051, 152052, 152051, 152052, 72565]","[-12.7585, -13.4546, -14.3012, -14.5533, -14.7752, -16.6783, -16.5429, -17.0961, -16.2701, -18.9215, -18.9495, -18.9289, -18.2202, -20.7684, -24.0208, -21.0484, -20.8946, -23.4053, -24.0347, -26.8983, -30.612, -44.6055, -56.8762, -76.3512, -121.7355, -159.9397, -214.6698, -46.1458]",16,1
WIS_003,algorithmic,canonical,Qwen/Qwen2.5-7B-Instruct,-1,28,"[0.9443, 0.9652, 0.9462, 0.9432, 0.9477, 0.9632, 0.9668, 0.9586, 0.957, 0.9705, 0.97, 0.9712, 0.9738, 0.9772, 0.9834, 0.9816, 0.9757, 0.973, 0.9679, 0.9641, 0.9562, 0.9588, 0.9581, 0.9604, 0.9709, 0.9754, 0.9776, 0.9398]","[152038, 152046, 152049, 152053, 152051, 152044, 152036, 152039, 152024, 152040, 152036, 152031, 152024, 152033, 152036, 152027, 152028, 152037, 152017, 152035, 152037, 152046, 152050, 152051, 152052, 152051, 152052, 92188]","[-12.7561, -13.5029, -14.3126, -14.5877, -14.7536, -16.7263, -16.5864, -17.1464, -16.254, -18.9744, -18.8934, -19.0977, -18.5447, -21.0698, -24.0849, -21.3034, -21.1643, -23.5424, -23.9296, -27.0894, -30.6482, -44.0391, -56.5074, -76.1733, -121.8353, -161.9053, -215.1035, -47.5354]",16,1
WIS_004,algorithmic,canonical,Qwen/Qwen2.5-7B-Instruct,-1,28,"[0.9423, 0.9635, 0.9447, 0.945, 0.9501, 0.9645, 0.9678, 0.9592, 0.9564, 0.9703, 0.9708, 0.9719, 0.9734, 0.9769, 0.9829, 0.9811, 0.9763, 0.9746, 0.9709, 0.9675, 0.9591, 0.9598, 0.9554, 0.9582, 0.9693, 0.9745, 0.9774, 0.9391]","[152039, 152038, 152024, 152027, 152009, 151986, 151955, 151960, 151946, 151964, 151917, 151895, 151786, 151923, 151931, 151892, 151875, 151906, 151889, 151951, 151938, 152004, 152016, 152017, 152016, 152015, 152015, 110713]","[-12.7635, -13.3888, -14.0306, -14.1055, -14.2007, -15.8624, -15.8377, -16.2982, -15.6591, -17.9064, -17.6329, -17.6257, -16.5718, -19.0288, -22.1526, -19.6832, -19.4747, -21.5477, -22.1473, -24.7333, -27.6619, -40.4639, -52.1654, -69.0725, -111.2599, -146.0775, -197.5967, -47.0099]",15,0
WIS_005,algorithmic,canonical,Qwen/Qwen2.5-7B-Instruct,-1,28,"[0.9426, 0.9648, 0.9528, 0.9514, 0.955, 0.9688, 0.9724, 0.9644, 0.9619, 0.9738, 0.9744, 0.9755, 0.9778, 0.9802, 0.986, 0.9839, 0.9768, 0.9731, 0.968, 0.9593, 0.9493, 0.9481, 0.9465, 0.9496, 0.9627, 0.9689, 0.9709, 0.924]","[152008, 152040, 152038, 152047, 152047, 152038, 152032, 152037, 152037, 152035, 152029, 152024, 152009, 152028, 152031, 152024, 152025, 152023, 152009, 152021, 152022, 152029, 152042, 152041, 152043, 152042, 152044, 65027]","[-12.6739, -13.412, -14.1497, -14.4476, -14.6675, -16.5196, -16.5342, -17.1558, -16.4354, -18.9643, -18.7046, -18.6284, -18.103, -20.5366, -24.1579, -21.2769, -21.4368, -23.4143, -24.3448, -27.1042, -30.2987, -43.2901, -55.0617, -75.1593, -118.3302, -155.5539, -205.3115, -46.5452]",17,2
CC_031,algorithmic,canonical,Qwen/Qwen2.5-7B-Instruct,-1,28,"[0.9887, 0.9895, 0.9846, 0.9814, 0.9804, 0.9845, 0.983, 0.9809, 0.9761, 0.9749, 0.9693, 0.9672, 0.9695, 0.9681, 0.9727, 0.9671, 0.9442, 0.9152, 0.8995, 0.8729, 0.8221, 0.809, 0.7927, 0.8287, 0.8604, 0.8538, 0.8594, 0.5824]","[151489, 151826, 151865, 151921, 151941, 151939, 151878, 151908, 151934, 151953, 151955, 151875, 151848, 151901, 151904, 151866, 151924, 151916, 151893, 151897, 151921, 151955, 151965, 151926, 151932, 151944, 151942, 101692]","[-12.4844, -13.0211, -13.6424, -13.7411, -14.0247, -15.4256, -15.5068, -16.0849, -15.5146, -17.0444, -17.5134, -17.0361, -17.1703, -19.2479, -22.7158, -19.9268, -20.5545, -22.2842, -23.0964, -25.2334, -28.5689, -42.4429, -55.0709, -77.9238, -113.1394, -145.6887, -185.8067, -55.5384]",20,5
CC_032,algorithmic,canonical,Qwen/Qwen2.5-7B-Instruct,-1,28,"[0.9887, 0.9894, 0.9833, 0.9795, 0.9786, 0.9837, 0.9824, 0.9802, 0.9753, 0.9754, 0.9695, 0.9667, 0.9695, 0.9697, 0.9729, 0.9678, 0.9447, 0.9182, 0.9041, 0.8798, 0.8336, 0.8211, 0.8031, 0.8374, 0.8668, 0.8614, 0.8672, 0.6007]","[151811, 151920, 151893, 151946, 151947, 151904, 151859, 151918, 151948, 151989, 151969, 151891, 151888, 151896, 151942, 151928, 151949, 151950, 151885, 151905, 151889, 151944, 151990, 151966, 151975, 151979, 151958, 85882]","[-12.5544, -13.1063, -13.6959, -13.7982, -14.0574, -15.3093, -15.4293, -16.1086, -15.5849, -17.2438, -17.6587, -17.1058, -17.4152, -19.4022, -22.7998, -20.2069, -20.7648, -22.388, -22.8144, -25.1441, -28.2665, -41.9799, -55.4769, -78.5514, -114.4399, -148.0761, -186.7776, -54.4036]",19,4
CC_033,algorithmic,canonical,Qwen/Qwen2.5-7B-Instruct,-1,28,"[0.9891, 0.9895, 0.9832, 0.9794, 0.9784, 0.9833, 0.982, 0.98, 0.9756, 0.9741, 0.9682, 0.966, 0.9685, 0.9677, 0.9728, 0.9675, 0.9443, 0.9157, 0.9025, 0.8795, 0.8306, 0.8177, 0.7989, 0.835, 0.8674, 0.8624, 0.8684, 0.603]","[152030, 152042, 152045, 152048, 152044, 152043, 152036, 152040, 152036, 152044, 152041, 152031, 152025, 152037, 152040, 152032, 152045, 152046, 152033, 152036, 152039, 152047, 152052, 152050, 152051, 152052, 152050, 72063]","[-12.7501, -13.4793, -14.305, -14.3923, -14.6589, -16.4068, -16.5001, -17.2132, -16.3929, -18.3029, -18.8116, -18.3713, -18.6601, -21.2174, -25.1674, -22.0371, -22.6313, -24.6646, -25.4416, -28.2427, -31.7538, -47.277, -61.1029, -87.9753, -127.774, -165.107, -210.2433, -53.2342]",16,1
CC_034,algorithmic,canonical,Qwen/Qwen2.5-7B-Instruct,-1,28,"[0.9889, 0.9894, 0.9839, 0.9802, 0.9792, 0.9841, 0.9829, 0.9805, 0.9759, 0.9759, 0.9699, 0.9672, 0.9699, 0.97, 0.973, 0.9678, 0.9447, 0.9183, 0.8981, 0.873, 0.8243, 0.8164, 0.8048, 0.8385, 0.8667, 0.861, 0.8624, 0.5857]","[151906, 151984, 151987, 151987, 151975, 151994, 151961, 151995, 151991, 152015, 152010, 151960, 151953, 151971, 151987, 151961, 151981, 151964, 151973, 151952, 151947, 152002, 152021, 152014, 152016, 152018, 152009, 63171]","[-12.5969, -13.2334, -13.9111, -13.9465, -14.1747, -15.7166, -15.7677, -16.5366, -15.8417, -17.5874, -18.0384, -17.5033, -17.8517, -20.0294, -23.2649, -20.4526, -21.1501, -22.5305, -23.655, -25.5531, -29.1151, -43.4714, -57.4278, -81.4484, -118.8402, -153.5782, -192.3553, -54.2047]",18,3
CC_035,algorithmic,canonical,Qwen/Qwen2.5-7B-Instruct,-1,28,"[0.9887, 0.9894, 0.9845, 0.9812, 0.9803, 0.9844, 0.9829, 0.9808, 0.976, 0.9749, 0.9693, 0.9673, 0.9696, 0.9683, 0.9727, 0.9673, 0.9449, 0.9169, 0.9036, 0.8797, 0.8312, 0.818, 0.7987, 0.8339, 0.8648, 0.858, 0.8653, 0.5975]","[151544, 151783, 151803, 151818, 151815, 151819, 151715, 151824, 151789, 151901, 151876, 151769, 151753, 151812, 151787, 151806, 151882, 151858, 151841, 151848, 151898, 151890, 151922, 151878, 151881, 151886, 151861, 100627]","[-12.4916, -12.9847, -13.5512, -13.5859, -13.8057, -15.0846, -15.1259, -15.7775, -15.1413, -16.7784, -17.0871, -16.6462, -16.8677, -18.7851, -21.8767, -19.6476, -20.2567, -21.8806, -22.7765, -24.853, -28.2275, -41.0877, -53.7937, -75.9337, -110.2409, -141.6413, -179.2991, -54.8882]",23,8
CC_036,algorithmic,canonical,Qwen/Qwen2.5-7B-Instruct,-1,28,"[0.9891, 0.9895, 0.9836, 0.9799, 0.9788, 0.9836, 0.9823, 0.9803, 0.976, 0.9745, 0.9686, 0.9664, 0.9687, 0.9681, 0.973, 0.9674, 0.9441, 0.9152, 0.8972, 0.8716, 0.8195, 0.807, 0.788, 0.8257, 0.8598, 0.8546, 0.8599, 0.5876]","[152030, 152042, 152045, 152048, 152044, 152043, 152036, 152040, 152036, 152044, 152041, 152031, 152025, 152037, 152040, 152032, 152045, 152046, 152033, 152037, 152039, 152047, 152052, 152050, 152052, 152052, 152051, 91915]","[-12.7506, -13.4799, -14.3045, -14.391, -14.6583, -16.4091, -16.4996, -17.2169, -16.4012, -18.3023, -18.8104, -18.37, -18.6545, -21.2157, -25.166, -21.999, -22.6672, -24.7185, -25.5332, -28.3391, -31.7014, -47.071, -60.7639, -88.0683, -128.0745, -165.3825, -209.8206, -54.7469]",16,1
CC_037,algorithmic,canonical,Qwen/Qwen2.5-7B-Instruct,-1,28,"[0.9888, 0.9895, 0.9832, 0.9794, 0.9786, 0.9836, 0.9824, 0.9802, 0.9757, 0.9748, 0.9687, 0.9659, 0.9689, 0.9692, 0.973, 0.9679, 0.9443, 0.9174, 0.8997, 0.8745, 0.8271, 0.8183, 0.8062, 0.8403, 0.8677, 0.8614, 0.8636, 0.592]","[152030, 152043, 152045, 152048, 152044, 152043, 152036, 152040, 152036, 152044, 152040, 152031, 152024, 152036, 152040, 152032, 152045, 152046, 152032, 152037, 152039, 152047, 152051, 152052, 152053, 152052, 152050, 61118]","[-12.759, -13.4953, -14.3184, -14.4082, -14.6681, -16.408, -16.4911, -17.2066, -16.4018, -18.3065, -18.8176, -18.3391, -18.6929, -21.2912, -24.9962, -21.92, -22.6736, -24.6818, -25.1844, -27.9384, -31.96, -47.0758, -61.9825, -88.9403, -129.2307, -167.1162, -210.0233, -53.5287]",16,1
CC_038,algorithmic,canonical,Qwen/Qwen2.5-7B-Instruct,-1,28,"[0.9888, 0.9895, 0.9831, 0.9793, 0.9784, 0.9836, 0.9823, 0.9801, 0.9755, 0.9745, 0.9684, 0.9657, 0.9686, 0.9688, 0.9727, 0.9675, 0.9438, 0.9161, 0.8962, 0.8705, 0.8204, 0.809, 0.7952, 0.8303, 0.8593, 0.8537, 0.8553, 0.5836]","[151524, 151759, 151791, 151846, 151891, 151861, 151812, 151888, 151904, 151941, 151944, 151833, 151815, 151861, 151839, 151829, 151868, 151868, 151864, 151844, 151846, 151904, 151952, 151935, 151944, 151934, 151910, 106829]","[-12.4906, -12.9745, -13.5398, -13.6339, -13.9294, -15.1898, -15.3188, -15.9951, -15.4191, -16.9824, -17.4597, -16.8449, -17.0974, -19.1465, -22.0644, -19.6513, -20.1926, -21.8901, -22.6248, -24.5747, -27.8248, -40.9324, -54.8927, -77.9734, -113.5826, -145.1208, -181.9669, -57.5347]",21,6
CC_039,algorithmic,canonical,Qwen/Qwen2.5-7B-Instruct,-1,28,"[0.9888, 0.9894, 0.9834, 0.9795, 0.9785, 0.9837, 0.9825, 0.9803, 0.9758, 0.975, 0.9689, 0.9661, 0.9692, 0.9693, 0.9726, 0.9673, 0.9439, 0.9176, 0.9052, 0.8805, 0.8321, 0.8269, 0.814, 0.8457, 0.8737, 0.868, 0.8683, 0.5931]","[151810, 151916, 151891, 151942, 151947, 151905, 151860, 151917, 151948, 151989, 151971, 151890, 151885, 151898, 151942, 151925, 151951, 151949, 151887, 151897, 151884, 151931, 151979, 151962, 151973, 151976, 151957, 82569]","[-12.5542, -13.102, -13.6954, -13.798, -14.0544, -15.3103, -15.443, -16.1258, -15.5836, -17.2634, -17.6846, -17.1346, -17.3925, -19.3393, -22.873, -20.2528, -20.8262, -22.3158, -22.8374, -24.7731, -28.0273, -41.7519, -55.0609, -78.0323, -114.0637, -148.3766, -186.4735, -53.3896]",19,4
CC_040,algorithmic,canonical,Qwen/Qwen2.5-7B-Instruct,-1,28,"[0.9887, 0.9894, 0.9831, 0.9793, 0.9784, 0.9834, 0.9823, 0.9801, 0.9756, 0.9742, 0.9684, 0.966, 0.9687, 0.9682, 0.9726, 0.9673, 0.9438, 0.9142, 0.901, 0.8755, 0.8281, 0.8208, 0.8025, 0.8359, 0.8652, 0.86, 0.8597, 0.5712]","[152003, 152034, 152031, 152041, 152038, 152038, 152025, 152036, 152039, 152038, 152037, 152021, 152018, 152030, 152035, 152030, 152029, 152037, 152021, 152025, 152020, 152029, 152039, 152035, 152039, 152043, 152041, 101037]","[-12.6891, -13.4035, -14.148, -14.2532, -14.5374, -16.1667, -16.3378, -17.1145, -16.4401, -18.1799, -18.7055, -18.1591, -18.4946, -20.9993, -24.6991, -21.8092, -22.3896, -24.1758, -24.8364, -27.1255, -30.1943, -44.7216, -59.4134, -84.4861, -122.5794, -159.591, -200.9929, -54.7784]",17,2
CC_041,algorithmic,canonical,Qwen/Qwen2.5-7B-Instruct,-1,28,"[0.9889, 0.9895, 0.9834, 0.9797, 0.9786, 0.9838, 0.9826, 0.9804, 0.9759, 0.975, 0.969, 0.9661, 0.9691, 0.9692, 0.9726, 0.9673, 0.944, 0.9175, 0.9053, 0.8806, 0.8309, 0.8254, 0.8082, 0.8412, 0.8714, 0.8661, 0.8671, 0.5796]","[151496, 151825, 151866, 151920, 151939, 151935, 151874, 151908, 151932, 151954, 151953, 151872, 151841, 151896, 151904, 151865, 151930, 151901, 151882, 151890, 151919, 151947, 151963, 151929, 151940, 151950, 151948, 105317]","[-12.4864, -13.0237, -13.6508, -13.759, -14.0258, -15.4121, -15.4892, -16.0869, -15.5323, -17.0689, -17.549, -17.0191, -17.1675, -19.3255, -22.5697, -19.8778, -20.656, -21.9277, -22.7632, -24.7607, -28.0081, -41.3518, -53.6852, -76.1706, -111.7172, -145.2888, -184.5754, -54.3538]",20,5
CC_042,algorithmic,canonical,Qwen/Qwen2.5-7B-Instruct,-1,28,"[0.989, 0.9897, 0.9857, 0.9829, 0.9816, 0.9852, 0.9835, 0.9813, 0.9763, 0.9758, 0.9708, 0.9681, 0.9704, 0.9694, 0.973, 0.9675, 0.9454, 0.9176, 0.9043, 0.8795, 0.8319, 0.828, 0.811, 0.8428, 0.8695, 0.8638, 0.864, 0.5829]","[152030, 152043, 152044, 152048, 152045, 152043, 152036, 152040, 152036, 152044, 152041, 152031, 152026, 152036, 152040, 152032, 152045, 152047, 152032, 152035, 152041, 152048, 152051, 152051, 152053, 152052, 152051, 105531]","[-12.7554, -13.494, -14.2995, -14.3645, -14.6657, -16.4272, -16.5143, -17.2435, -16.4102, -18.3615, -18.8688, -18.4083, -18.6874, -21.1621, -25.1407, -21.9484, -22.5914, -24.6327, -25.193, -27.6719, -31.2047, -46.9847, -61.2677, -88.0698, -126.5294, -164.7646, -209.9795, -54.0955]",16,1
CC_043,algorithmic,canonical,Qwen/Qwen2.5-7B-Instruct,-1,28,"[0.9889, 0.9895, 0.9836, 0.9797, 0.9787, 0.9837, 0.9825, 0.9803, 0.9759, 0.9744, 0.9684, 0.9659, 0.9686, 0.9686, 0.9729, 0.9675, 0.9437, 0.9156, 0.8993, 0.8724, 0.821, 0.8155, 0.8017, 0.8365, 0.8664, 0.8612, 0.8631, 0.5782]","[151518, 151757, 151792, 151845, 151890, 151862, 151811, 151886, 151900, 151940, 151945, 151832, 151812, 151860, 151835, 151825, 151864, 151857, 151859, 151847, 151865, 151906, 151953, 151938, 151945, 151938, 151912, 129814]","[-12.4856, -12.9661, -13.5337, -13.6261, -13.9256, -15.1939, -15.3238, -16.0054, -15.421, -16.9918, -17.4629, -16.8695, -17.0561, -19.058, -22.1358, -19.7103, -20.2168, -21.7431, -22.7817, -24.5437, -27.3922, -40.9508, -53.9129, -76.7567, -112.1914, -144.0699, -181.1884, -56.3298]",21,6
CC_044,algorithmic,canonical,Qwen/Qwen2.5-7B-Instruct,-1,28,"[0.9889, 0.9897, 0.9856, 0.9827, 0.9814, 0.9851, 0.9834, 0.9811, 0.976, 0.9756, 0.9705, 0.9679, 0.9703, 0.9689, 0.9729, 0.9674, 0.9451, 0.9181, 0.9051, 0.8798, 0.8325, 0.8283, 0.8145, 0.8457, 0.8723, 0.865, 0.865, 0.5775]","[151463, 151782, 151821, 151864, 151830, 151802, 151604, 151806, 151827, 151875, 151868, 151796, 151790, 151806, 151796, 151730, 151804, 151747, 151764, 151745, 151791, 151853, 151901, 151880, 151870, 151881, 151853, 82686]","[-12.481, -12.9883, -13.5753, -13.6332, -13.8186, -15.0417, -15.0037, -15.7596, -15.2241, -16.6831, -17.0994, -16.7264, -16.9686, -18.714, -21.8876, -19.3095, -19.7564, -21.1646, -22.1094, -23.9787, -27.0503, -40.3189, -53.0918, -75.651, -109.3554, -141.2099, -178.0649, -53.4406]",24,9
CC_045,algorithmic,canonical,Qwen/Qwen2.5-7B-Instruct,-1,28,"[0.989, 0.9897, 0.9856, 0.9828, 0.9815, 0.9851, 0.9833, 0.9811, 0.9759, 0.9755, 0.9704, 0.9678, 0.9701, 0.9688, 0.9727, 0.9672, 0.9448, 0.9169, 0.9037, 0.8759, 0.8249, 0.8196, 0.8023, 0.8346, 0.8618, 0.8557, 0.8591, 0.574]","[151535, 151783, 151801, 151814, 151814, 151821, 151718, 151827, 151802, 151903, 151874, 151774, 151748, 151811, 151786, 151800, 151880, 151849, 151838, 151847, 151905, 151893, 151919, 151873, 151886, 151888, 151869, 105145]","[-12.4912, -12.9863, -13.5448, -13.5693, -13.8007, -15.088, -15.1354, -15.8106, -15.1612, -16.8244, -17.1231, -16.6816, -16.8991, -18.7443, -21.8626, -19.5787, -20.2447, -21.7048, -22.6098, -24.4694, -28.0205, -40.653, -53.2084, -74.9178, -109.3965, -141.4567, -178.7499, -54.0613]",23,8
SP_019,algorithmic,canonical,Qwen/Qwen2.5-7B-Instruct,-1,28,"[0.9823, 0.986, 0.9833, 0.9811, 0.9815, 0.9831, 0.9838, 0.9842, 0.981, 0.9851, 0.9807, 0.9783, 0.981, 0.9805, 0.9851, 0.982, 0.9563, 0.9416, 0.9274, 0.9011, 0.8626, 0.8582, 0.8547, 0.867, 0.8802, 0.889, 0.8992, 0.7288]","[152041, 152036, 152029, 152024, 152008, 151986, 151939, 151981, 151970, 151978, 151944, 151906, 151827, 151929, 151935, 151917, 151905, 151955, 151925, 151970, 151965, 152000, 152019, 152021, 152021, 152016, 152009, 129096]","[-12.8458, -13.5131, -14.1708, -14.3054, -14.4106, -15.7675, -15.7498, -16.5494, -15.9378, -17.7984, -17.7235, -17.5442, -17.0753, -19.3936, -22.3912, -19.857, -19.8099, -22.2088, -22.7719, -24.8054, -28.5823, -42.2687, -56.4388, -78.6542, -115.3938, -153.4869, -194.3284, -55.7569]",15,0
SP_020,algorithmic,canonical,Qwen/Qwen2.5-7B-Instruct,-1,28,"[0.9841, 0.987, 0.9843, 0.9823, 0.9829, 0.9849, 0.9851, 0.9853, 0.982, 0.9859, 0.9824, 0.9799, 0.982, 0.9808, 0.9851, 0.9819, 0.9575, 0.9435, 0.931, 0.9039, 0.8661, 0.8598, 0.8539, 0.8657, 0.8758, 0.886, 0.8967, 0.7327]","[152041, 152037, 152027, 152023, 152009, 151985, 151943, 151981, 151972, 151981, 151948, 151915, 151839, 151930, 151939, 151914, 151912, 151959, 151933, 151978, 151969, 152002, 152019, 152021, 152021, 152016, 152011, 129375]","[-12.8479, -13.491, -14.1364, -14.2694, -14.4073, -15.7889, -15.7524, -16.5667, -15.8702, -17.7159, -17.7279, -17.5029, -17.1314, -19.384, -22.661, -19.8904, -19.7851, -22.2091, -23.0036, -25.0692, -28.5094, -42.2596, -56.5519, -78.2823, -115.4775, -153.9163, -194.4541, -56.4604]",15,0
SP_021,algorithmic,canonical,Qwen/Qwen2.5-7B-Instruct,-1,28,"[0.98, 0.984, 0.9816, 0.9791, 0.98, 0.9822, 0.9831, 0.984, 0.9796, 0.9854, 0.9823, 0.9807, 0.982, 0.9818, 0.9861, 0.9827, 0.9569, 0.9433, 0.9287, 0.9023, 0.8661, 0.8647, 0.8614, 0.873, 0.8843, 0.893, 0.9043, 0.7355]","[152040, 152036, 152030, 152027, 152009, 151987, 151939, 151981, 151969, 151977, 151944, 151903, 151820, 151927, 151936, 151912, 151903, 151957, 151924, 151964, 151964, 152001, 152016, 152020, 152021, 152014, 152007, 123170]","[-12.84, -13.5168, -14.1585, -14.2957, -14.3991, -15.7626, -15.7359, -16.4884, -15.8424, -17.752, -17.6859, -17.4163, -16.9525, -19.3735, -22.2329, -19.6702, -19.8306, -22.2206, -22.5507, -24.899, -28.8061, -42.9782, -57.227, -80.0802, -116.9286, -154.2487, -195.9861, -54.364]",15,0
SP_023,algorithmic,canonical,Qwen/Qwen2.5-7B-Instruct,-1,28,"[0.9832, 0.9866, 0.9835, 0.9813, 0.9819, 0.9837, 0.9843, 0.9848, 0.9809, 0.9858, 0.9825, 0.9801, 0.9824, 0.9815, 0.9858, 0.9829, 0.9584, 0.9435, 0.9297, 0.9025, 0.8648, 0.8598, 0.8522, 0.8619, 0.8732, 0.8827, 0.8952, 0.7318]","[152041, 152036, 152028, 152025, 152009, 151986, 151939, 151981, 151969, 151979, 151948, 151910, 151831, 151926, 151936, 151909, 151908, 151953, 151930, 151979, 151963, 152001, 152019, 152021, 152021, 152016, 152010, 134575]","[-12.8458, -13.4932, -14.1525, -14.312, -14.4102, -15.7709, -15.7335, -16.5438, -15.9012, -17.7972, -17.8053, -17.5711, -17.1475, -19.3758, -22.5499, -19.8976, -19.807, -22.0363, -22.8046, -25.0815, -28.3222, -41.9262, -56.0383, -78.1896, -116.2447, -153.9466, -193.4885, -56.1145]",15,0
SP_024,algorithmic,canonical,Qwen/Qwen2.5-7B-Instruct,-1,28,"[0.9808, 0.9847, 0.9825, 0.9802, 0.981, 0.9822, 0.9829, 0.9834, 0.9803, 0.9856, 0.9823, 0.9803, 0.982, 0.9813, 0.9854, 0.9814, 0.9572, 0.9426, 0.9307, 0.9062, 0.8724, 0.8665, 0.8605, 0.8691, 0.8813, 0.8885, 0.9011, 0.7311]","[152042, 152036, 152028, 152026, 152008, 151986, 151943, 151980, 151965, 151977, 151943, 151903, 151819, 151926, 151932, 151906, 151898, 151953, 151919, 151963, 151955, 152000, 152017, 152021, 152021, 152015, 152007, 131376]","[-12.8407, -13.5035, -14.1395, -14.2724, -14.4044, -15.753, -15.7559, -16.4851, -15.8111, -17.7729, -17.677, -17.321, -16.9154, -19.2499, -22.1053, -19.518, -19.5873, -21.9962, -22.3599, -24.6433, -28.1552, -41.9315, -56.0569, -78.7521, -116.4304, -153.831, -195.6781, -55.4589]",15,0
SP_026,algorithmic,canonical,Qwen/Qwen2.5-7B-Instruct,-1,28,"[0.98, 0.9842, 0.9815, 0.9786, 0.9796, 0.9815, 0.9825, 0.9832, 0.9795, 0.9852, 0.9824, 0.981, 0.9826, 0.982, 0.986, 0.9825, 0.9575, 0.9422, 0.928, 0.9014, 0.8654, 0.8602, 0.8545, 0.8642, 0.8796, 0.8877, 0.9014, 0.7351]","[152042, 152036, 152030, 152026, 152009, 151987, 151940, 151981, 151967, 151976, 151943, 151904, 151822, 151925, 151934, 151911, 151901, 151951, 151923, 151967, 151961, 152000, 152017, 152021, 152021, 152015, 152007, 136566]","[-12.8396, -13.5162, -14.1484, -14.2966, -14.4101, -15.7907, -15.7488, -16.4995, -15.8401, -17.7555, -17.6859, -17.4565, -16.9141, -19.1759, -22.2622, -19.6335, -19.758, -22.0699, -22.4541, -24.7719, -28.3124, -42.1475, -56.4108, -79.7404, -116.7374, -153.9977, -196.0649, -55.6135]",15,0
SP_027,algorithmic,canonical,Qwen/Qwen2.5-7B-Instruct,-1,28,"[0.9821, 0.9861, 0.9839, 0.9816, 0.982, 0.984, 0.9847, 0.985, 0.9813, 0.9857, 0.9823, 0.9804, 0.9827, 0.9817, 0.9859, 0.9828, 0.9571, 0.9423, 0.9293, 0.9014, 0.8662, 0.8603, 0.8552, 0.8683, 0.8847, 0.8927, 0.9027, 0.725]","[152041, 152036, 152027, 152024, 152008, 151984, 151943, 151982, 151972, 151976, 151947, 151908, 151826, 151926, 151935, 151914, 151907, 151957, 151929, 151982, 151973, 152005, 152022, 152021, 152021, 152016, 152014, 132629]","[-12.8425, -13.5072, -14.1459, -14.2769, -14.3834, -15.746, -15.7572, -16.5187, -15.9034, -17.7506, -17.7345, -17.4926, -17.0827, -19.3171, -22.4828, -19.8739, -19.857, -22.2604, -22.84, -25.2448, -28.9416, -42.5194, -55.7961, -77.6762, -114.6349, -152.7924, -194.9984, -54.9525]",15,0
SP_028,algorithmic,canonical,Qwen/Qwen2.5-7B-Instruct,-1,28,"[0.9819, 0.9856, 0.9833, 0.9811, 0.9819, 0.9833, 0.9837, 0.9836, 0.9807, 0.9858, 0.9831, 0.9817, 0.9834, 0.9825, 0.9868, 0.9833, 0.9575, 0.9429, 0.93, 0.9027, 0.863, 0.858, 0.8524, 0.8634, 0.8763, 0.8844, 0.8965, 0.7226]","[152042, 152036, 152026, 152022, 152008, 151986, 151944, 151983, 151972, 151981, 151946, 151912, 151825, 151925, 151932, 151906, 151901, 151952, 151925, 151971, 151965, 152001, 152017, 152021, 152021, 152015, 152011, 124148]","[-12.8387, -13.4928, -14.1059, -14.2289, -14.4047, -15.7672, -15.7835, -16.5779, -15.9596, -17.8353, -17.692, -17.4994, -17.0148, -19.2428, -22.3899, -19.6682, -19.604, -22.0156, -22.7143, -24.9737, -28.6235, -42.32, -56.043, -78.5783, -115.5703, -153.6402, -196.7875, -54.8124]",15,0
SP_029,algorithmic,canonical,Qwen/Qwen2.5-7B-Instruct,-1,28,"[0.9808, 0.9849, 0.983, 0.9811, 0.9818, 0.9831, 0.9835, 0.9833, 0.9803, 0.9857, 0.983, 0.9815, 0.9832, 0.9825, 0.9869, 0.9833, 0.9578, 0.943, 0.9298, 0.9033, 0.8635, 0.858, 0.8528, 0.8634, 0.8781, 0.8864, 0.8986, 0.7215]","[152041, 152035, 152026, 152022, 152008, 151985, 151944, 151983, 151972, 151981, 151946, 151911, 151825, 151925, 151933, 151906, 151901, 151953, 151925, 151970, 151966, 152001, 152017, 152021, 152021, 152015, 152011, 124123]","[-12.8363, -13.4967, -14.1023, -14.2211, -14.3987, -15.7576, -15.7774, -16.5603, -15.9443, -17.8136, -17.6666, -17.4797, -17.0069, -19.2368, -22.4049, -19.663, -19.5799, -22.0054, -22.6921, -24.9985, -28.6467, -42.3054, -56.0525, -78.5423, -115.4793, -153.6089, -196.6528, -54.5853]",15,0
SP_030,algorithmic,canonical,Qwen/Qwen2.5-7B-Instruct,-1,28,"[0.9815, 0.9853, 0.983, 0.981, 0.9817, 0.9831, 0.9836, 0.9834, 0.9804, 0.9858, 0.983, 0.9815, 0.9832, 0.9824, 0.9867, 0.9831, 0.9574, 0.9427, 0.9305, 0.9029, 0.8643, 0.86, 0.854, 0.8653, 0.8782, 0.8854, 0.8978, 0.7235]","[152041, 152035, 152026, 152022, 152008, 151985, 151944, 151983, 151972, 151981, 151946, 151912, 151825, 151925, 151932, 151906, 151902, 151953, 151927, 151976, 151968, 152002, 152017, 152021, 152021, 152015, 152010, 125207]","[-12.8364, -13.4974, -14.1032, -14.2238, -14.4012, -15.7599, -15.782, -16.5654, -15.9472, -17.8192, -17.673, -17.4876, -17.0029, -19.2234, -22.3943, -19.662, -19.6015, -22.0229, -22.739, -25.1326, -28.7039, -42.2715, -55.9816, -78.3973, -115.5879, -153.4942, -196.417, -54.5798]",15,0
WIS_006,algorithmic,canonical,Qwen/Qwen2.5-7B-Instruct,-1,28,"[0.9867, 0.9893, 0.9888, 0.988, 0.9878, 0.9909, 0.9893, 0.9893, 0.9873, 0.9894, 0.9875, 0.9861, 0.9871, 0.985, 0.9878, 0.9853, 0.9618, 0.9486, 0.9377, 0.917, 0.892, 0.8936, 0.8838, 0.8923, 0.9185, 0.9172, 0.9178, 0.7403]","[152037, 152035, 152024, 152020, 152012, 152001, 151971, 151984, 151977, 151983, 151946, 151923, 151852, 151941, 151942, 151911, 151872, 151916, 151894, 151947, 151941, 152003, 152015, 152018, 152017, 152019, 152016, 94398]","[-12.8026, -13.4796, -14.0635, -14.1618, -14.3389, -15.8813, -15.8855, -16.5662, -15.932, -17.8693, -17.8815, -17.7688, -17.2958, -19.5656, -22.6966, -20.3416, -19.566, -21.7413, -22.4346, -24.5253, -27.6425, -40.6092, -52.7431, -69.403, -110.7841, -146.7564, -192.8157, -45.5178]",15,0
WIS_007,algorithmic,canonical,Qwen/Qwen2.5-7B-Instruct,-1,28,"[0.9868, 0.9895, 0.9876, 0.9866, 0.986, 0.9895, 0.9885, 0.989, 0.9872, 0.9898, 0.9884, 0.9873, 0.9882, 0.9864, 0.9891, 0.9869, 0.964, 0.95, 0.9373, 0.9126, 0.8841, 0.882, 0.8725, 0.8841, 0.9138, 0.9147, 0.9152, 0.7341]","[152037, 152035, 152028, 152026, 152013, 151998, 151969, 151982, 151981, 151985, 151947, 151923, 151853, 151944, 151941, 151915, 151876, 151916, 151892, 151943, 151936, 152001, 152014, 152018, 152015, 152017, 152016, 107640]","[-12.8011, -13.4746, -14.1004, -14.2222, -14.3469, -15.8471, -15.9194, -16.5424, -16.0339, -17.9479, -17.9183, -17.8162, -17.2702, -19.7538, -22.6766, -20.3188, -19.7153, -21.8914, -22.4298, -24.5965, -27.924, -40.9787, -53.0354, -69.2747, -110.8396, -146.7314, -193.1662, -45.3456]",15,0
WIS_009,algorithmic,canonical,Qwen/Qwen2.5-7B-Instruct,-1,28,"[0.9868, 0.9893, 0.9882, 0.9871, 0.9871, 0.9906, 0.9894, 0.9898, 0.9879, 0.99, 0.988, 0.9868, 0.9876, 0.9862, 0.9883, 0.9858, 0.964, 0.9489, 0.9369, 0.9141, 0.89, 0.8939, 0.8879, 0.8951, 0.9228, 0.9217, 0.9228, 0.7481]","[152037, 152035, 152026, 152021, 152012, 151998, 151968, 151982, 151975, 151983, 151944, 151911, 151843, 151941, 151937, 151914, 151871, 151904, 151891, 151939, 151932, 152003, 152014, 152018, 152017, 152018, 152016, 100051]","[-12.7995, -13.4857, -14.0773, -14.1723, -14.3049, -15.8749, -15.8989, -16.548, -16.0117, -18.0674, -17.9293, -17.8123, -17.2631, -19.8608, -22.5399, -20.2825, -19.6373, -21.653, -22.4219, -24.4827, -27.8569, -41.0452, -52.5536, -69.2805, -110.8965, -146.2366, -193.2536, -45.2633]",15,0
WIS_010,algorithmic,canonical,Qwen/Qwen2.5-7B-Instruct,-1,28,"[0.9865, 0.9891, 0.9887, 0.9879, 0.9877, 0.9905, 0.9891, 0.9893, 0.987, 0.9893, 0.9876, 0.9864, 0.987, 0.9857, 0.988, 0.9854, 0.9623, 0.9484, 0.9352, 0.9101, 0.8806, 0.8805, 0.872, 0.8824, 0.9123, 0.9119, 0.9128, 0.7282]","[152037, 152035, 152027, 152021, 152011, 151997, 151969, 151981, 151974, 151979, 151944, 151917, 151850, 151939, 151940, 151915, 151875, 151911, 151893, 151944, 151936, 152004, 152014, 152018, 152016, 152019, 152016, 102462]","[-12.8034, -13.472, -14.0812, -14.2002, -14.2904, -15.8383, -15.8828, -16.5225, -15.9962, -17.9667, -17.9193, -17.8384, -17.3655, -19.8055, -22.6444, -20.3188, -19.6848, -21.8216, -22.5047, -24.6859, -27.9335, -40.94, -52.5524, -69.0695, -111.0041, -146.4277, -192.7221, -45.9246]",15,0
WIS_012,algorithmic,canonical,Qwen/Qwen2.5-7B-Instruct,-1,28,"[0.9866, 0.989, 0.9882, 0.9873, 0.9871, 0.9906, 0.9891, 0.9899, 0.9879, 0.9899, 0.988, 0.9866, 0.987, 0.9851, 0.9877, 0.9852, 0.9616, 0.9476, 0.936, 0.9119, 0.889, 0.8931, 0.8847, 0.8921, 0.9191, 0.9185, 0.9195, 0.7412]","[152037, 152035, 152024, 152019, 152011, 151999, 151971, 151983, 151974, 151985, 151943, 151919, 151849, 151944, 151939, 151911, 151870, 151910, 151891, 151931, 151918, 152002, 152013, 152017, 152016, 152017, 152015, 105511]","[-12.7942, -13.4713, -14.0595, -14.1594, -14.3027, -15.8827, -15.9354, -16.5701, -16.041, -18.1223, -17.9601, -17.8946, -17.3201, -19.8196, -22.5624, -20.2001, -19.4509, -21.6306, -22.2278, -24.0922, -27.4, -40.7432, -52.0171, -69.2769, -110.5645, -146.2316, -193.0816, -45.83]",15,0
WIS_013,algorithmic,canonical,Qwen/Qwen2.5-7B-Instruct,-1,28,"[0.987, 0.9896, 0.9887, 0.9879, 0.9873, 0.9903, 0.9891, 0.9897, 0.9875, 0.9897, 0.9881, 0.9871, 0.9879, 0.9866, 0.9891, 0.987, 0.9639, 0.9504, 0.9393, 0.9186, 0.8923, 0.8926, 0.8827, 0.8901, 0.9182, 0.9167, 0.9173, 0.7357]","[151770, 151912, 151869, 151950, 151957, 151902, 151823, 151924, 151950, 151968, 151948, 151904, 151884, 151897, 151903, 151868, 151876, 151870, 151813, 151901, 151900, 151942, 151994, 151976, 151986, 151969, 151978, 74279]","[-12.5532, -13.1533, -13.6352, -13.8541, -14.0744, -15.3459, -15.4004, -16.1509, -15.7515, -17.7712, -17.8113, -17.7109, -17.3993, -19.3105, -22.1922, -19.8827, -19.6698, -21.4051, -21.9053, -24.3244, -27.9552, -39.5761, -52.277, -66.9212, -107.7625, -141.2374, -185.7366, -42.5993]",19,4
WIS_014,algorithmic,canonical,Qwen/Qwen2.5-7B-Instruct,-1,28,"[0.987, 0.9897, 0.9888, 0.9879, 0.9874, 0.9903, 0.9891, 0.9897, 0.9876, 0.9897, 0.9881, 0.9871, 0.9879, 0.9866, 0.9891, 0.987, 0.9641, 0.9506, 0.9406, 0.9209, 0.8943, 0.8944, 0.8845, 0.8914, 0.9191, 0.9171, 0.9177, 0.7376]","[151771, 151913, 151869, 151950, 151957, 151904, 151823, 151925, 151949, 151968, 151948, 151904, 151883, 151898, 151903, 151870, 151876, 151873, 151805, 151904, 151909, 151943, 151996, 151979, 151989, 151971, 151979, 77118]","[-12.5533, -13.1551, -13.6392, -13.8586, -14.077, -15.3519, -15.4075, -16.1572, -15.7613, -17.7813, -17.8197, -17.7272, -17.4121, -19.3335, -22.2353, -19.9102, -19.6548, -21.4131, -21.8581, -24.3247, -27.9079, -39.4188, -52.1933, -66.9341, -107.9479, -141.9765, -186.9514, -42.6964]",19,4
WIS_015,algorithmic,canonical,Qwen/Qwen2.5-7B-Instruct,-1,28,"[0.9868, 0.9895, 0.9886, 0.9878, 0.9871, 0.9901, 0.9889, 0.9895, 0.9874, 0.9896, 0.9881, 0.987, 0.9878, 0.9865, 0.989, 0.9869, 0.9638, 0.9505, 0.9395, 0.9195, 0.893, 0.8928, 0.8827, 0.8891, 0.9179, 0.9158, 0.9172, 0.7355]","[151769, 151914, 151870, 151951, 151957, 151901, 151823, 151924, 151950, 151968, 151948, 151904, 151884, 151897, 151902, 151868, 151877, 151871, 151808, 151907, 151904, 151939, 151991, 151976, 151984, 151969, 151977, 77569]","[-12.5533, -13.1556, -13.6403, -13.8607, -14.0752, -15.3432, -15.3961, -16.1519, -15.7553, -17.7677, -17.8149, -17.7053, -17.3775, -19.2863, -22.1625, -19.8456, -19.6461, -21.3761, -21.8494, -24.3248, -27.9343, -39.2896, -51.8477, -66.4951, -107.8121, -141.319, -186.0358, -42.8466]",19,4
WIS_016,algorithmic,canonical,Qwen/Qwen2.5-7B-Instruct,-1,28,"[0.9869, 0.9895, 0.9886, 0.9877, 0.9871, 0.9901, 0.9889, 0.9895, 0.9873, 0.9896, 0.988, 0.987, 0.9879, 0.9865, 0.989, 0.9869, 0.9641, 0.9508, 0.9406, 0.9206, 0.8942, 0.8939, 0.8838, 0.8908, 0.9184, 0.9163, 0.9172, 0.7361]","[151768, 151913, 151870, 151951, 151957, 151903, 151823, 151924, 151950, 151968, 151948, 151903, 151883, 151897, 151904, 151869, 151876, 151876, 151810, 151903, 151903, 151942, 151995, 151978, 151989, 151973, 151980, 81323]","[-12.5529, -13.1554, -13.6393, -13.8599, -14.0799, -15.3471, -15.4054, -16.156, -15.7601, -17.7782, -17.8214, -17.7241, -17.4084, -19.3335, -22.2244, -19.9012, -19.6589, -21.4371, -21.9216, -24.2989, -27.8499, -39.4359, -52.1301, -66.9986, -107.7973, -141.9266, -186.6811, -43.044]",19,4
WIS_017,algorithmic,canonical,Qwen/Qwen2.5-7B-Instruct,-1,28,"[0.9866, 0.9892, 0.9881, 0.9873, 0.9869, 0.99, 0.9888, 0.9891, 0.9869, 0.9894, 0.9878, 0.9866, 0.9876, 0.9863, 0.9888, 0.9865, 0.963, 0.9489, 0.9387, 0.9179, 0.8874, 0.8829, 0.8757, 0.884, 0.9141, 0.9126, 0.9127, 0.7252]","[151767, 151912, 151877, 151951, 151957, 151904, 151823, 151924, 151953, 151966, 151946, 151903, 151881, 151896, 151902, 151869, 151876, 151875, 151810, 151898, 151899, 151940, 151990, 151975, 151984, 151973, 151982, 68191]","[-12.5536, -13.1322, -13.629, -13.8875, -14.0961, -15.3805, -15.4167, -16.1818, -15.8168, -17.8366, -17.8827, -17.738, -17.4114, -19.3545, -22.2805, -20.0079, -19.8085, -21.563, -22.0304, -24.2535, -27.8114, -39.2845, -52.1552, -67.0231, -108.6367, -142.6698, -187.6377, -43.864]",19,4
WIS_018,algorithmic,canonical,Qwen/Qwen2.5-7B-Instruct,-1,28,"[0.9867, 0.9893, 0.9882, 0.9873, 0.9869, 0.99, 0.9889, 0.9891, 0.9866, 0.9892, 0.9877, 0.9866, 0.9877, 0.9864, 0.9887, 0.9864, 0.9629, 0.9487, 0.9387, 0.9173, 0.8871, 0.8824, 0.8754, 0.8839, 0.914, 0.9125, 0.9124, 0.7246]","[151768, 151912, 151877, 151951, 151957, 151904, 151823, 151925, 151953, 151966, 151946, 151903, 151880, 151896, 151901, 151869, 151877, 151876, 151812, 151901, 151899, 151941, 151992, 151976, 151987, 151974, 151982, 74157]","[-12.5537, -13.1308, -13.6292, -13.8853, -14.0932, -15.3775, -15.4138, -16.1798, -15.8141, -17.8323, -17.8844, -17.7309, -17.3975, -19.3448, -22.2665, -19.9983, -19.8187, -21.5776, -22.0507, -24.2475, -27.7878, -39.1958, -52.0869, -66.9544, -108.5525, -142.7459, -187.532, -44.0674]",19,4
WIS_019,algorithmic,canonical,Qwen/Qwen2.5-7B-Instruct,-1,28,"[0.9867, 0.9894, 0.9883, 0.9874, 0.987, 0.9901, 0.989, 0.9892, 0.9867, 0.9893, 0.9877, 0.9866, 0.9876, 0.9864, 0.9887, 0.9864, 0.9627, 0.9485, 0.9383, 0.9173, 0.8865, 0.8812, 0.874, 0.883, 0.9132, 0.9118, 0.9118, 0.7227]","[151768, 151912, 151876, 151950, 151957, 151904, 151823, 151924, 151953, 151966, 151946, 151902, 151880, 151896, 151901, 151868, 151879, 151874, 151811, 151899, 151902, 151940, 151993, 151977, 151987, 151974, 151983, 76909]","[-12.5538, -13.13, -13.628, -13.8843, -14.095, -15.3725, -15.4139, -16.1849, -15.8164, -17.8378, -17.8884, -17.7475, -17.4049, -19.346, -22.2753, -20.011, -19.8243, -21.5727, -22.0126, -24.3882, -27.9164, -39.0976, -51.9697, -67.0959, -108.5366, -142.7341, -187.5202, -44.4306]",19,4
WIS_020,algorithmic,canonical,Qwen/Qwen2.5-7B-Instruct,-1,28,"[0.9866, 0.9893, 0.9882, 0.9873, 0.9869, 0.9901, 0.9889, 0.9891, 0.9867, 0.9893, 0.9877, 0.9866, 0.9876, 0.9864, 0.9888, 0.9865, 0.963, 0.9488, 0.9383, 0.9173, 0.887, 0.8826, 0.8755, 0.8839, 0.9141, 0.9125, 0.9125, 0.7255]","[151765, 151912, 151877, 151951, 151957, 151904, 151823, 151924, 151953, 151966, 151946, 151903, 151880, 151896, 151902, 151870, 151876, 151875, 151809, 151897, 151897, 151939, 151990, 151975, 151984, 151973, 151982, 66923]","[-12.5533, -13.1303, -13.6291, -13.8877, -14.0963, -15.3755, -15.4138, -16.1828, -15.8174, -17.8378, -17.8828, -17.7426, -17.4046, -19.3606, -22.2931, -20.0185, -19.8205, -21.5745, -22.0155, -24.2326, -27.7964, -39.2006, -52.0204, -66.8995, -108.5624, -142.5069, -187.2321, -43.8433]",19,4
SP_031,algorithmic,canonical,Qwen/Qwen2.5-7B-Instruct,-1,28,"[0.9841, 0.9873, 0.9847, 0.9828, 0.9833, 0.9851, 0.9853, 0.9853, 0.9819, 0.9859, 0.9823, 0.9798, 0.9819, 0.9807, 0.9853, 0.9821, 0.9573, 0.9433, 0.9309, 0.9037, 0.8651, 0.8544, 0.8488, 0.8617, 0.8777, 0.8874, 0.8994, 0.7284]","[152041, 152037, 152027, 152024, 152008, 151985, 151943, 151981, 151972, 151981, 151948, 151914, 151839, 151928, 151940, 151913, 151917, 151963, 151935, 151981, 151963, 152003, 152020, 152021, 152021, 152015, 152009, 126768]","[-12.8497, -13.4972, -14.1401, -14.2815, -14.4125, -15.795, -15.7596, -16.5694, -15.8877, -17.7366, -17.7487, -17.5216, -17.1538, -19.3818, -22.6366, -19.8961, -19.8573, -22.2465, -23.0123, -25.3768, -28.5257, -42.2805, -55.8059, -78.3613, -116.3817, -153.8596, -194.6863, -55.9947]",15,0
SP_032,algorithmic,canonical,Qwen/Qwen2.5-7B-Instruct,-1,28,"[0.9849, 0.9879, 0.9842, 0.9814, 0.9817, 0.9841, 0.9847, 0.9852, 0.9818, 0.9866, 0.9834, 0.9812, 0.983, 0.9827, 0.9869, 0.9837, 0.9584, 0.9441, 0.931, 0.9037, 0.8645, 0.8577, 0.8528, 0.868, 0.8831, 0.8924, 0.9014, 0.7245]","[152040, 152037, 152030, 152024, 152008, 151984, 151940, 151981, 151974, 151983, 151947, 151912, 151834, 151929, 151942, 151913, 151916, 151958, 151926, 151979, 151969, 152001, 152019, 152020, 152021, 152015, 152010, 125492]","[-12.8487, -13.4949, -14.1701, -14.3209, -14.4197, -15.7593, -15.7566, -16.5323, -15.8916, -17.7729, -17.7479, -17.5209, -17.111, -19.4417, -22.5112, -19.7958, -19.8031, -22.2312, -22.8801, -25.2543, -28.7918, -42.426, -56.2623, -78.0758, -115.0589, -152.6442, -193.207, -55.6235]",15,0
SP_033,algorithmic,canonical,Qwen/Qwen2.5-7B-Instruct,-1,28,"[0.9846, 0.9877, 0.9839, 0.981, 0.9813, 0.9839, 0.9846, 0.9851, 0.982, 0.9868, 0.9835, 0.9811, 0.9828, 0.9822, 0.9866, 0.9834, 0.9584, 0.9444, 0.9298, 0.9011, 0.8618, 0.8547, 0.852, 0.8662, 0.8803, 0.8899, 0.8995, 0.7262]","[152040, 152037, 152030, 152025, 152009, 151985, 151942, 151981, 151975, 151983, 151948, 151912, 151834, 151927, 151940, 151912, 151910, 151960, 151925, 151974, 151966, 152001, 152021, 152020, 152021, 152015, 152010, 119195]","[-12.8506, -13.4955, -14.1759, -14.3285, -14.4294, -15.7664, -15.7642, -16.537, -15.9, -17.7656, -17.7721, -17.5148, -17.1046, -19.3467, -22.5317, -19.7306, -19.739, -22.2446, -22.7432, -24.8683, -28.7606, -42.6761, -56.6333, -78.3513, -115.3036, -152.8426, -193.7076, -54.81]",15,0
SP_034,algorithmic,canonical,Qwen/Qwen2.5-7B-Instruct,-1,28,"[0.9847, 0.9878, 0.9844, 0.9819, 0.9822, 0.9844, 0.9849, 0.9853, 0.9819, 0.9865, 0.9832, 0.9811, 0.9829, 0.9828, 0.9866, 0.9833, 0.9584, 0.9441, 0.9304, 0.9038, 0.8632, 0.855, 0.8506, 0.8648, 0.8799, 0.889, 0.8985, 0.7189]","[152040, 152037, 152030, 152023, 152008, 151984, 151941, 151981, 151974, 151982, 151947, 151913, 151835, 151929, 151942, 151915, 151921, 151964, 151928, 151980, 151964, 152001, 152019, 152021, 152021, 152015, 152010, 129528]","[-12.849, -13.5037, -14.1758, -14.3177, -14.4227, -15.7647, -15.7578, -16.5343, -15.8914, -17.7776, -17.7484, -17.5265, -17.1154, -19.4522, -22.4316, -19.7642, -19.8071, -22.2821, -22.8322, -25.1555, -28.4693, -42.3953, -56.3039, -78.1727, -115.1657, -153.0468, -194.0873, -56.0568]",15,0
SP_035,algorithmic,canonical,Qwen/Qwen2.5-7B-Instruct,-1,28,"[0.9864, 0.9889, 0.986, 0.9838, 0.9837, 0.9856, 0.9859, 0.9862, 0.9822, 0.9862, 0.9827, 0.9804, 0.9822, 0.982, 0.9859, 0.9825, 0.9575, 0.9446, 0.9325, 0.9053, 0.8668, 0.8583, 0.8514, 0.8647, 0.8762, 0.8861, 0.8962, 0.7352]","[152041, 152037, 152030, 152024, 152008, 151985, 151943, 151982, 151976, 151987, 151951, 151913, 151839, 151927, 151939, 151918, 151915, 151958, 151929, 151978, 151964, 152002, 152020, 152021, 152021, 152016, 152010, 128291]","[-12.8505, -13.4976, -14.1628, -14.2912, -14.3868, -15.7406, -15.7511, -16.5432, -15.8526, -17.7344, -17.7144, -17.4745, -17.1486, -19.4147, -22.5052, -19.8016, -19.7293, -22.0815, -22.8633, -25.0354, -28.4058, -41.9702, -54.9931, -77.1346, -114.6942, -152.6779, -193.2717, -56.3126]",15,0
SP_036,algorithmic,canonical,Qwen/Qwen2.5-7B-Instruct,-1,28,"[0.9849, 0.9879, 0.9838, 0.9808, 0.9811, 0.9837, 0.9845, 0.9849, 0.9816, 0.9867, 0.9835, 0.9812, 0.9829, 0.9823, 0.9867, 0.9835, 0.9586, 0.9443, 0.9305, 0.9016, 0.8617, 0.8546, 0.8502, 0.8636, 0.8788, 0.8886, 0.8994, 0.7236]","[152040, 152037, 152031, 152025, 152009, 151985, 151942, 151981, 151975, 151983, 151948, 151912, 151835, 151927, 151936, 151915, 151910, 151960, 151927, 151982, 151967, 152002, 152022, 152023, 152021, 152015, 152010, 119203]","[-12.8489, -13.4879, -14.1679, -14.3322, -14.4273, -15.7643, -15.7627, -16.5334, -15.9006, -17.7687, -17.7727, -17.5241, -17.117, -19.3556, -22.4813, -19.7357, -19.7007, -22.2211, -22.7918, -24.9982, -28.3407, -41.9374, -55.6047, -77.1518, -114.3878, -152.3246, -193.4624, -55.0615]",15,0
SP_037,algorithmic,canonical,Qwen/Qwen2.5-7B-Instruct,-1,28,"[0.9827, 0.9866, 0.9837, 0.9812, 0.9816, 0.9837, 0.9843, 0.9847, 0.9815, 0.9856, 0.9813, 0.9789, 0.9815, 0.9808, 0.9852, 0.982, 0.9559, 0.9411, 0.9277, 0.9007, 0.8618, 0.8574, 0.8546, 0.8676, 0.8809, 0.89, 0.9004, 0.7312]","[152041, 152036, 152029, 152024, 152008, 151986, 151940, 151982, 151970, 151978, 151944, 151906, 151827, 151929, 151937, 151917, 151908, 151956, 151925, 151970, 151965, 152001, 152019, 152021, 152021, 152016, 152010, 129987]","[-12.8466, -13.4985, -14.156, -14.2988, -14.3933, -15.7555, -15.7486, -16.5348, -15.9136, -17.7818, -17.6897, -17.5185, -17.0792, -19.371, -22.435, -19.8819, -19.7943, -22.1774, -22.765, -24.83, -28.5929, -42.3768, -56.2974, -78.4099, -115.3677, -153.4363, -194.2232, -55.8513]",15,0
SP_038,algorithmic,canonical,Qwen/Qwen2.5-7B-Instruct,-1,28,"[0.9807, 0.9845, 0.9823, 0.9798, 0.9806, 0.9826, 0.9834, 0.9842, 0.9798, 0.9856, 0.9824, 0.9808, 0.9822, 0.9821, 0.9862, 0.9828, 0.9572, 0.9436, 0.9298, 0.9029, 0.867, 0.8664, 0.8623, 0.8738, 0.8848, 0.893, 0.9052, 0.7364]","[152040, 152036, 152030, 152027, 152009, 151987, 151939, 151981, 151969, 151976, 151944, 151903, 151820, 151927, 151936, 151912, 151903, 151958, 151921, 151964, 151962, 152001, 152016, 152020, 152021, 152014, 152007, 125478]","[-12.8406, -13.5165, -14.1591, -14.2954, -14.397, -15.7623, -15.7354, -16.4894, -15.8442, -17.7483, -17.69, -17.4304, -16.9673, -19.3882, -22.2311, -19.6777, -19.8361, -22.2505, -22.5101, -24.7437, -28.5634, -42.739, -57.1431, -79.9189, -116.9582, -154.1232, -196.5558, -54.6714]",15,0
SP_039,algorithmic,canonical,Qwen/Qwen2.5-7B-Instruct,-1,28,"[0.9809, 0.9848, 0.9825, 0.9801, 0.9808, 0.9827, 0.9834, 0.9842, 0.98, 0.9856, 0.9825, 0.9809, 0.9822, 0.982, 0.9861, 0.9828, 0.957, 0.9433, 0.9288, 0.9007, 0.8661, 0.8649, 0.8619, 0.8731, 0.884, 0.8922, 0.904, 0.7386]","[152040, 152036, 152030, 152026, 152009, 151987, 151939, 151981, 151969, 151976, 151941, 151903, 151820, 151926, 151936, 151913, 151901, 151957, 151926, 151967, 151971, 152002, 152016, 152020, 152021, 152014, 152007, 127223]","[-12.8403, -13.5123, -14.1508, -14.287, -14.3992, -15.7521, -15.737, -16.4933, -15.8451, -17.7575, -17.6974, -17.4132, -16.9595, -19.387, -22.2126, -19.6576, -19.8429, -22.2318, -22.5584, -24.942, -29.0235, -43.1016, -57.1925, -79.6566, -116.6319, -153.1022, -195.2964, -53.8208]",15,0
SP_040,algorithmic,canonical,Qwen/Qwen2.5-7B-Instruct,-1,28,"[0.9809, 0.9849, 0.9828, 0.9809, 0.9816, 0.9831, 0.9836, 0.9836, 0.9806, 0.9854, 0.9823, 0.9806, 0.9824, 0.9816, 0.9863, 0.9826, 0.957, 0.9422, 0.929, 0.8997, 0.8635, 0.8554, 0.8497, 0.8609, 0.8726, 0.8804, 0.893, 0.7294]","[152040, 152036, 152027, 152022, 152008, 151985, 151943, 151982, 151971, 151980, 151943, 151907, 151822, 151927, 151935, 151911, 151901, 151953, 151923, 151966, 151960, 152001, 152017, 152021, 152021, 152013, 152005, 124970]","[-12.8403, -13.4994, -14.1177, -14.2449, -14.415, -15.772, -15.7844, -16.5619, -15.9189, -17.8292, -17.6492, -17.4245, -16.9501, -19.2147, -22.3584, -19.6853, -19.628, -22.0548, -22.6182, -24.7927, -28.397, -42.1274, -56.4876, -78.6327, -115.7842, -153.1885, -193.9191, -54.831]",15,0
SP_042,algorithmic,canonical,Qwen/Qwen2.5-7B-Instruct,-1,28,"[0.98, 0.9842, 0.982, 0.9792, 0.98, 0.9821, 0.9829, 0.9839, 0.9804, 0.9859, 0.9833, 0.9816, 0.9831, 0.9822, 0.9862, 0.9829, 0.9568, 0.9419, 0.9272, 0.9003, 0.8656, 0.861, 0.8552, 0.8653, 0.8795, 0.8872, 0.9006, 0.7321]","[152041, 152036, 152029, 152026, 152009, 151987, 151940, 151982, 151969, 151979, 151941, 151902, 151820, 151927, 151934, 151914, 151904, 151952, 151923, 151966, 151962, 152000, 152017, 152021, 152021, 152015, 152007, 133824]","[-12.8404, -13.5246, -14.1505, -14.2861, -14.4001, -15.7831, -15.7657, -16.5222, -15.8606, -17.7949, -17.6817, -17.4322, -16.9433, -19.3294, -22.2051, -19.6814, -19.8074, -22.0754, -22.4081, -24.715, -28.4328, -42.4575, -56.588, -79.5236, -116.6822, -154.1364, -195.9097, -55.0861]",15,0
SP_044,algorithmic,canonical,Qwen/Qwen2.5-7B-Instruct,-1,28,"[0.9813, 0.9851, 0.9822, 0.9803, 0.9812, 0.9824, 0.9833, 0.9838, 0.9806, 0.9851, 0.9817, 0.9799, 0.982, 0.9814, 0.9859, 0.9827, 0.9575, 0.9426, 0.929, 0.9034, 0.8661, 0.8613, 0.8562, 0.8668, 0.8809, 0.8897, 0.9017, 0.7295]","[152042, 152036, 152029, 152025, 152010, 151987, 151940, 151980, 151968, 151979, 151946, 151904, 151826, 151928, 151937, 151918, 151909, 151958, 151928, 151973, 151964, 152001, 152019, 152021, 152021, 152016, 152011, 133466]","[-12.8431, -13.5039, -14.153, -14.2823, -14.4199, -15.7697, -15.7417, -16.5174, -15.9537, -17.8486, -17.8097, -17.5663, -17.0864, -19.4904, -22.4304, -19.8985, -19.8714, -22.1319, -22.6956, -25.0724, -28.5177, -42.394, -56.3783, -79.1953, -116.3751, -154.5956, -195.3048, -56.1704]",15,0
SP_045,algorithmic,canonical,Qwen/Qwen2.5-7B-Instruct,-1,28,"[0.9821, 0.9861, 0.984, 0.9817, 0.982, 0.9838, 0.9844, 0.9848, 0.981, 0.9853, 0.9818, 0.9798, 0.9821, 0.981, 0.9854, 0.9822, 0.9563, 0.9415, 0.9283, 0.9007, 0.8642, 0.8566, 0.8532, 0.8656, 0.88, 0.8879, 0.899, 0.7295]","[152041, 152036, 152027, 152024, 152009, 151986, 151943, 151982, 151971, 151979, 151948, 151908, 151826, 151924, 151935, 151915, 151907, 151957, 151932, 151982, 151972, 152005, 152021, 152021, 152021, 152016, 152014, 131368]","[-12.8412, -13.507, -14.1473, -14.2777, -14.3828, -15.7552, -15.7616, -16.515, -15.8814, -17.743, -17.748, -17.4986, -17.0788, -19.2591, -22.4797, -19.8424, -19.8033, -22.2008, -22.8443, -25.2448, -29.0598, -42.8562, -56.2217, -78.176, -115.4259, -153.0445, -195.6644, -54.8165]",15,0
SP_046,algorithmic,canonical,Qwen/Qwen2.5-7B-Instruct,-1,28,"[0.9818, 0.9858, 0.9832, 0.9812, 0.982, 0.9834, 0.9839, 0.9837, 0.9808, 0.986, 0.9834, 0.982, 0.9837, 0.983, 0.9871, 0.9836, 0.9583, 0.9434, 0.9299, 0.9034, 0.8661, 0.8617, 0.8544, 0.8654, 0.8782, 0.8866, 0.8989, 0.7256]","[152041, 152036, 152026, 152022, 152008, 151983, 151944, 151983, 151972, 151981, 151946, 151911, 151826, 151929, 151932, 151907, 151902, 151947, 151923, 151969, 151964, 152001, 152017, 152021, 152021, 152015, 152011, 125823]","[-12.84, -13.5056, -14.1168, -14.2363, -14.4089, -15.7634, -15.7893, -16.5828, -15.9786, -17.8572, -17.6894, -17.5007, -17.0565, -19.304, -22.3835, -19.6881, -19.6272, -22.011, -22.718, -24.99, -28.6299, -42.2853, -55.8556, -78.2828, -115.0473, -153.0884, -196.4015, -54.708]",15,0
SP_047,algorithmic,canonical,Qwen/Qwen2.5-7B-Instruct,-1,28,"[0.9821, 0.9865, 0.9841, 0.9818, 0.9822, 0.9841, 0.9848, 0.985, 0.9811, 0.9856, 0.9821, 0.9802, 0.9826, 0.9816, 0.9858, 0.9827, 0.9575, 0.9426, 0.9292, 0.9015, 0.8639, 0.856, 0.8518, 0.8651, 0.8798, 0.8875, 0.8989, 0.7283]","[152041, 152036, 152027, 152024, 152008, 151984, 151943, 151982, 151972, 151976, 151947, 151908, 151826, 151926, 151935, 151914, 151907, 151957, 151931, 151982, 151974, 152005, 152021, 152021, 152021, 152016, 152012, 134662]","[-12.8432, -13.5073, -14.1462, -14.2765, -14.3807, -15.7489, -15.7563, -16.5119, -15.8987, -17.7491, -17.7298, -17.4884, -17.0771, -19.3223, -22.4693, -19.8738, -19.858, -22.2661, -22.873, -25.1835, -28.9046, -42.4246, -55.7976, -77.6475, -114.6988, -152.7069, -195.3345, -54.9809]",15,0
SP_048,algorithmic,canonical,Qwen/Qwen2.5-7B-Instruct,-1,28,"[0.981, 0.985, 0.9829, 0.981, 0.9817, 0.9831, 0.9836, 0.9835, 0.9805, 0.9859, 0.9833, 0.9819, 0.9836, 0.9828, 0.9868, 0.9834, 0.9581, 0.9435, 0.9307, 0.903, 0.8646, 0.8584, 0.8523, 0.8644, 0.8795, 0.8874, 0.8996, 0.7202]","[152041, 152036, 152026, 152023, 152008, 151983, 151944, 151983, 151972, 151981, 151946, 151911, 151826, 151929, 151932, 151908, 151902, 151951, 151925, 151971, 151964, 152001, 152017, 152021, 152021, 152015, 152011, 128585]","[-12.8401, -13.5017, -14.1153, -14.2378, -14.4121, -15.7683, -15.7851, -16.5796, -15.9766, -17.845, -17.6977, -17.5087, -17.0563, -19.31, -22.3685, -19.6982, -19.6452, -22.0274, -22.7346, -25.0242, -28.6142, -42.133, -55.8524, -78.1941, -115.2404, -153.3054, -196.5064, -54.7495]",15,0
SP_049,algorithmic,canonical,Qwen/Qwen2.5-7B-Instruct,-1,28,"[0.9843, 0.9873, 0.9847, 0.9828, 0.9832, 0.985, 0.9852, 0.9852, 0.9818, 0.9857, 0.9821, 0.9796, 0.9818, 0.9807, 0.9852, 0.982, 0.9576, 0.9432, 0.9303, 0.9033, 0.8631, 0.8558, 0.8505, 0.8636, 0.8783, 0.8886, 0.9002, 0.7262]","[152041, 152037, 152027, 152023, 152008, 151984, 151943, 151981, 151972, 151981, 151948, 151914, 151839, 151927, 151941, 151913, 151915, 151961, 151926, 151978, 151969, 152001, 152020, 152020, 152021, 152015, 152010, 127671]","[-12.8476, -13.4939, -14.1407, -14.2834, -14.4106, -15.7912, -15.7588, -16.57, -15.8861, -17.7315, -17.7466, -17.5396, -17.1549, -19.3942, -22.6622, -19.8714, -19.8037, -22.193, -22.8831, -25.1878, -28.6401, -42.3357, -56.2542, -78.3792, -115.7033, -154.1429, -194.2659, -56.1309]",15,0
SP_050,algorithmic,canonical,Qwen/Qwen2.5-7B-Instruct,-1,28,"[0.9852, 0.9882, 0.9847, 0.9818, 0.9821, 0.9843, 0.9848, 0.9852, 0.9819, 0.9866, 0.9835, 0.9814, 0.9831, 0.9829, 0.987, 0.9837, 0.9587, 0.9443, 0.9306, 0.9043, 0.8655, 0.8603, 0.8546, 0.8679, 0.8809, 0.8898, 0.8999, 0.7277]","[152040, 152037, 152030, 152024, 152008, 151985, 151941, 151981, 151975, 151983, 151946, 151912, 151834, 151928, 151938, 151916, 151915, 151959, 151929, 151979, 151964, 152001, 152019, 152020, 152021, 152014, 152007, 121450]","[-12.8489, -13.4923, -14.1686, -14.3262, -14.4241, -15.7615, -15.7632, -16.5422, -15.9022, -17.7765, -17.7618, -17.4992, -17.0966, -19.4296, -22.4587, -19.7633, -19.7719, -22.2269, -22.7958, -25.1226, -28.5282, -42.0784, -55.8786, -77.7084, -114.8245, -152.6798, -193.4859, -55.2457]",15,0
SP_051,algorithmic,canonical,Qwen/Qwen2.5-7B-Instruct,-1,28,"[0.985, 0.9879, 0.984, 0.9811, 0.9813, 0.9838, 0.9845, 0.985, 0.9817, 0.9867, 0.9834, 0.981, 0.9827, 0.9822, 0.9866, 0.9835, 0.9584, 0.9442, 0.9296, 0.9008, 0.8611, 0.8563, 0.8521, 0.8642, 0.8782, 0.887, 0.8974, 0.7219]","[152040, 152037, 152031, 152025, 152009, 151985, 151941, 151981, 151975, 151983, 151948, 151912, 151834, 151928, 151940, 151912, 151911, 151960, 151927, 151979, 151968, 152002, 152021, 152022, 152021, 152015, 152008, 121644]","[-12.849, -13.4911, -14.1673, -14.3261, -14.4262, -15.7653, -15.7622, -16.5391, -15.9071, -17.7699, -17.7802, -17.5177, -17.1104, -19.3864, -22.5069, -19.7566, -19.7415, -22.2403, -22.7904, -24.9464, -28.4592, -42.0518, -55.8523, -77.315, -115.0289, -152.5088, -194.0249, -54.8929]",15,0
SP_052,algorithmic,canonical,Qwen/Qwen2.5-7B-Instruct,-1,28,"[0.9841, 0.9873, 0.9847, 0.9826, 0.9831, 0.9851, 0.9851, 0.9851, 0.9817, 0.9859, 0.9828, 0.9806, 0.9824, 0.9809, 0.9854, 0.9822, 0.9572, 0.9426, 0.929, 0.8998, 0.8611, 0.8564, 0.8515, 0.8657, 0.8812, 0.8918, 0.9016, 0.7262]","[152041, 152037, 152026, 152021, 152008, 151985, 151941, 151981, 151972, 151980, 151948, 151914, 151835, 151926, 151937, 151913, 151906, 151959, 151929, 151976, 151972, 152002, 152020, 152022, 152021, 152016, 152010, 131481]","[-12.8476, -13.4901, -14.123, -14.2547, -14.3964, -15.7745, -15.7386, -16.5593, -15.8552, -17.7031, -17.7316, -17.4708, -17.0781, -19.2432, -22.5978, -19.8329, -19.7151, -22.1364, -22.9377, -24.9799, -28.2016, -41.9009, -55.347, -76.8832, -113.9721, -152.2964, -193.0858, -56.2846]",15,0
SP_053,algorithmic,canonical,Qwen/Qwen2.5-7B-Instruct,-1,28,"[0.9872, 0.9894, 0.9873, 0.9857, 0.9856, 0.9871, 0.9868, 0.987, 0.9831, 0.9869, 0.9831, 0.9806, 0.982, 0.9826, 0.9866, 0.9833, 0.9575, 0.9447, 0.9318, 0.9064, 0.8703, 0.86, 0.8561, 0.8685, 0.885, 0.8944, 0.9022, 0.7207]","[152040, 152037, 152030, 152024, 152010, 151985, 151947, 151984, 151973, 151989, 151955, 151919, 151847, 151932, 151944, 151919, 151917, 151961, 151932, 151982, 151968, 152002, 152022, 152022, 152021, 152016, 152008, 122681]","[-12.8459, -13.4897, -14.1467, -14.3022, -14.4232, -15.7616, -15.7626, -16.5546, -15.8594, -17.7311, -17.7732, -17.5558, -17.2044, -19.4144, -22.6199, -19.8274, -19.6879, -22.0423, -22.7126, -25.0386, -28.0622, -42.0119, -55.9206, -77.2222, -114.8676, -152.7653, -191.8514, -56.3408]",15,0
SP_054,algorithmic,canonical,Qwen/Qwen2.5-7B-Instruct,-1,28,"[0.985, 0.988, 0.984, 0.981, 0.9813, 0.9838, 0.9845, 0.985, 0.9817, 0.9867, 0.9837, 0.9814, 0.9831, 0.9826, 0.9868, 0.9836, 0.9588, 0.9446, 0.9319, 0.9042, 0.8656, 0.8583, 0.8529, 0.8662, 0.8813, 0.8899, 0.8996, 0.7285]","[152040, 152037, 152031, 152025, 152009, 151985, 151942, 151981, 151975, 151983, 151949, 151911, 151834, 151927, 151938, 151914, 151909, 151960, 151928, 151981, 151967, 152001, 152021, 152020, 152021, 152014, 152005, 120413]","[-12.8497, -13.488, -14.1673, -14.3285, -14.4263, -15.7626, -15.7608, -16.5383, -15.9064, -17.7676, -17.7714, -17.5038, -17.1002, -19.3415, -22.4889, -19.7465, -19.7105, -22.2422, -22.8593, -25.0862, -28.4823, -42.0281, -55.9126, -77.4991, -114.6827, -152.5944, -193.4096, -54.8685]",15,0
SP_055,algorithmic,canonical,Qwen/Qwen2.5-7B-Instruct,-1,28,"[0.9863, 0.9889, 0.986, 0.9836, 0.9836, 0.9856, 0.9858, 0.9862, 0.9823, 0.9862, 0.9828, 0.9806, 0.9824, 0.9821, 0.986, 0.9826, 0.9578, 0.9453, 0.934, 0.9076, 0.8685, 0.8598, 0.8539, 0.8669, 0.8804, 0.8901, 0.8997, 0.7275]","[152041, 152037, 152029, 152023, 152008, 151985, 151940, 151982, 151975, 151987, 151951, 151912, 151835, 151928, 151940, 151920, 151918, 151960, 151931, 151981, 151970, 152004, 152021, 152021, 152021, 152016, 152011, 131697]","[-12.8483, -13.4887, -14.1507, -14.2804, -14.3808, -15.7427, -15.7511, -16.5474, -15.8522, -17.7347, -17.7361, -17.4747, -17.1258, -19.3849, -22.5049, -19.8045, -19.7435, -22.0949, -22.8518, -25.1167, -28.4433, -42.0152, -55.6646, -77.8362, -115.3225, -153.283, -194.103, -56.7002]",15,0
SP_056,algorithmic,canonical,Qwen/Qwen2.5-7B-Instruct,-1,28,"[0.985, 0.988, 0.9843, 0.9814, 0.9817, 0.9841, 0.9847, 0.9852, 0.9818, 0.9867, 0.9834, 0.9812, 0.983, 0.9827, 0.9869, 0.9837, 0.9581, 0.9437, 0.9297, 0.9005, 0.8603, 0.8573, 0.853, 0.8683, 0.8847, 0.8939, 0.903, 0.7202]","[152040, 152037, 152030, 152024, 152009, 151984, 151941, 151981, 151975, 151983, 151947, 151912, 151834, 151928, 151940, 151913, 151917, 151963, 151928, 151978, 151964, 152001, 152020, 152020, 152021, 152015, 152009, 129479]","[-12.8485, -13.5005, -14.1744, -14.3261, -14.4265, -15.7666, -15.7614, -16.534, -15.8908, -17.778, -17.7633, -17.5165, -17.1168, -19.4604, -22.4642, -19.7926, -19.7779, -22.2647, -22.8959, -25.2151, -28.432, -41.9544, -55.7767, -78.0837, -115.1321, -152.9837, -193.7285, -55.9881]",15,0
SP_057,algorithmic,canonical,Qwen/Qwen2.5-7B-Instruct,-1,28,"[0.9864, 0.9889, 0.9861, 0.9838, 0.9838, 0.9856, 0.9859, 0.9862, 0.9824, 0.9862, 0.9827, 0.9805, 0.9823, 0.9821, 0.986, 0.9826, 0.9581, 0.9459, 0.9341, 0.9067, 0.8679, 0.8603, 0.8537, 0.8674, 0.8799, 0.8901, 0.8992, 0.7325]","[152041, 152037, 152030, 152023, 152008, 151985, 151943, 151982, 151975, 151987, 151951, 151912, 151834, 151927, 151940, 151918, 151914, 151959, 151925, 151975, 151966, 152002, 152021, 152020, 152021, 152016, 152010, 132023]","[-12.8507, -13.4964, -14.1586, -14.2804, -14.3867, -15.7468, -15.7658, -16.5577, -15.8573, -17.7428, -17.7459, -17.4773, -17.1466, -19.3971, -22.5254, -19.7918, -19.756, -22.1659, -22.8219, -25.0135, -28.5285, -41.7966, -55.4255, -77.5787, -115.1396, -153.1598, -193.6038, -56.2432]",15,0
SP_058,algorithmic,canonical,Qwen/Qwen2.5-7B-Instruct,-1,28,"[0.9846, 0.9876, 0.9847, 0.9822, 0.9827, 0.9845, 0.9849, 0.9853, 0.9819, 0.9863, 0.9831, 0.981, 0.9828, 0.9827, 0.9864, 0.9832, 0.9575, 0.9434, 0.9285, 0.9023, 0.8647, 0.8625, 0.8572, 0.8701, 0.882, 0.8904, 0.8995, 0.7265]","[152040, 152037, 152030, 152023, 152009, 151984, 151940, 151981, 151974, 151981, 151948, 151913, 151833, 151928, 151939, 151910, 151911, 151956, 151928, 151979, 151962, 152001, 152021, 152021, 152021, 152015, 152009, 127940]","[-12.8475, -13.4997, -14.1641, -14.3014, -14.4179, -15.7691, -15.7486, -16.536, -15.8818, -17.7758, -17.7594, -17.4997, -17.0816, -19.3294, -22.4062, -19.725, -19.7392, -22.207, -22.8505, -25.1064, -28.4982, -42.2786, -56.3052, -78.5372, -115.225, -152.772, -193.4484, -55.9733]",15,0
SP_059,algorithmic,canonical,Qwen/Qwen2.5-7B-Instruct,-1,28,"[0.9839, 0.9872, 0.9845, 0.9825, 0.983, 0.9849, 0.9849, 0.985, 0.9816, 0.9859, 0.9826, 0.9804, 0.9824, 0.9807, 0.9852, 0.9821, 0.9564, 0.9423, 0.9284, 0.9009, 0.8633, 0.8583, 0.8544, 0.8672, 0.8818, 0.8912, 0.9008, 0.7246]","[152041, 152037, 152026, 152021, 152008, 151985, 151942, 151981, 151972, 151980, 151948, 151915, 151837, 151927, 151939, 151913, 151911, 151961, 151929, 151978, 151973, 152005, 152021, 152023, 152021, 152016, 152011, 129108]","[-12.847, -13.4904, -14.1227, -14.2504, -14.391, -15.7747, -15.7356, -16.5493, -15.8501, -17.6931, -17.7364, -17.5122, -17.101, -19.2654, -22.6406, -19.8094, -19.7016, -22.144, -22.8998, -25.1053, -28.4672, -42.3366, -56.0604, -77.8582, -115.0717, -152.9062, -193.8092, -56.4095]",15,0
SP_060,algorithmic,canonical,Qwen/Qwen2.5-7B-Instruct,-1,28,"[0.9837, 0.9868, 0.9844, 0.9823, 0.9828, 0.9848, 0.9848, 0.9849, 0.9814, 0.9857, 0.9824, 0.9801, 0.9821, 0.9801, 0.9847, 0.9817, 0.9578, 0.9434, 0.9304, 0.9065, 0.8704, 0.8607, 0.8583, 0.8689, 0.8867, 0.8946, 0.9038, 0.7223]","[152041, 152037, 152026, 152021, 152008, 151985, 151941, 151981, 151972, 151980, 151948, 151914, 151836, 151926, 151940, 151913, 151914, 151962, 151930, 151979, 151969, 152004, 152020, 152021, 152021, 152015, 152008, 123905]","[-12.8478, -13.4872, -14.1186, -14.251, -14.3934, -15.7746, -15.7385, -16.5547, -15.8483, -17.7009, -17.7385, -17.494, -17.0919, -19.2953, -22.6731, -19.8591, -19.7787, -22.2347, -22.8307, -25.0803, -28.4735, -42.4696, -56.3181, -78.0006, -115.2396, -153.4884, -193.7897, -55.8783]",15,0
SP_061,algorithmic,canonical,Qwen/Qwen2.5-7B-Instruct,-1,28,"[0.9848, 0.9879, 0.9843, 0.9816, 0.9818, 0.9842, 0.9848, 0.9853, 0.982, 0.9868, 0.9836, 0.9814, 0.9832, 0.9829, 0.987, 0.9838, 0.9588, 0.9442, 0.9304, 0.9028, 0.8633, 0.8582, 0.8524, 0.8654, 0.8788, 0.8887, 0.8986, 0.7306]","[152040, 152037, 152030, 152023, 152009, 151984, 151941, 151981, 151975, 151983, 151946, 151911, 151834, 151928, 151939, 151917, 151915, 151962, 151932, 151977, 151962, 152001, 152019, 152020, 152021, 152014, 152008, 121525]","[-12.8494, -13.5018, -14.1779, -14.3297, -14.431, -15.769, -15.7682, -16.549, -15.9022, -17.796, -17.7739, -17.5207, -17.1106, -19.4349, -22.4798, -19.8169, -19.7765, -22.2714, -22.9163, -25.1262, -28.4154, -42.0302, -55.8259, -77.7181, -114.8175, -152.778, -193.2843, -55.0513]",15,0
SP_062,algorithmic,canonical,Qwen/Qwen2.5-7B-Instruct,-1,28,"[0.9823, 0.9861, 0.9832, 0.9808, 0.9811, 0.9832, 0.9838, 0.9842, 0.9809, 0.9852, 0.9809, 0.9783, 0.981, 0.9802, 0.9848, 0.9816, 0.9555, 0.9408, 0.9273, 0.9004, 0.8616, 0.8572, 0.854, 0.8672, 0.8806, 0.8897, 0.9001, 0.7306]","[152041, 152036, 152029, 152024, 152008, 151986, 151941, 151982, 151970, 151978, 151944, 151906, 151827, 151929, 151937, 151917, 151908, 151956, 151925, 151970, 151965, 152001, 152019, 152021, 152021, 152016, 152010, 130778]","[-12.8467, -13.4985, -14.1588, -14.2989, -14.3935, -15.757, -15.7482, -16.5324, -15.9116, -17.7789, -17.6991, -17.5255, -17.0868, -19.3861, -22.4274, -19.8798, -19.7908, -22.1795, -22.7644, -24.8276, -28.6087, -42.4146, -56.3782, -78.5347, -115.5336, -153.6723, -194.377, -55.9212]",15,0
SP_063,algorithmic,canonical,Qwen/Qwen2.5-7B-Instruct,-1,28,"[0.9802, 0.9842, 0.9821, 0.9796, 0.9805, 0.9825, 0.9833, 0.9841, 0.9799, 0.9855, 0.9824, 0.9808, 0.9822, 0.9819, 0.986, 0.9827, 0.9569, 0.9431, 0.9289, 0.9024, 0.867, 0.8654, 0.8613, 0.8727, 0.884, 0.8927, 0.9051, 0.7387]","[152040, 152036, 152030, 152026, 152009, 151987, 151939, 151981, 151969, 151976, 151941, 151903, 151820, 151927, 151936, 151913, 151901, 151957, 151922, 151963, 151964, 152000, 152016, 152020, 152021, 152014, 152007, 124317]","[-12.84, -13.5098, -14.1497, -14.2881, -14.3978, -15.7503, -15.7377, -16.4958, -15.8482, -17.763, -17.6878, -17.4113, -16.9589, -19.403, -22.1842, -19.6557, -19.792, -22.1965, -22.5158, -24.7863, -28.7533, -42.8851, -57.0697, -79.8238, -116.9794, -154.3174, -196.1038, -54.4206]",15,0
SP_064,algorithmic,canonical,Qwen/Qwen2.5-7B-Instruct,-1,28,"[0.9826, 0.9862, 0.9835, 0.9814, 0.9818, 0.9834, 0.9841, 0.9844, 0.9811, 0.9852, 0.9809, 0.9786, 0.9812, 0.9807, 0.9851, 0.982, 0.9563, 0.9416, 0.9273, 0.9008, 0.8623, 0.8586, 0.8552, 0.8681, 0.8805, 0.889, 0.8987, 0.7292]","[152041, 152036, 152029, 152024, 152008, 151986, 151940, 151981, 151970, 151978, 151944, 151906, 151827, 151929, 151935, 151916, 151906, 151955, 151925, 151969, 151965, 152000, 152019, 152021, 152021, 152016, 152009, 129192]","[-12.8451, -13.5136, -14.172, -14.3064, -14.4116, -15.7684, -15.75, -16.5457, -15.9337, -17.8033, -17.7227, -17.5528, -17.0799, -19.3974, -22.3834, -19.8527, -19.8089, -22.1861, -22.7461, -24.7962, -28.487, -42.2718, -56.4276, -78.6636, -115.4118, -153.5764, -194.2719, -55.7217]",15,0
SP_065,algorithmic,canonical,Qwen/Qwen2.5-7B-Instruct,-1,28,"[0.982, 0.9859, 0.9832, 0.981, 0.9812, 0.9832, 0.9838, 0.9842, 0.9809, 0.9851, 0.9807, 0.9782, 0.9809, 0.9802, 0.9848, 0.9817, 0.9556, 0.9407, 0.9273, 0.9, 0.8609, 0.8562, 0.8534, 0.8659, 0.8792, 0.8887, 0.899, 0.7305]","[152041, 152036, 152028, 152024, 152009, 151986, 151941, 151982, 151970, 151978, 151944, 151906, 151827, 151929, 151936, 151918, 151907, 151956, 151925, 151971, 151967, 152001, 152019, 152021, 152021, 152016, 152009, 132360]","[-12.8464, -13.5039, -14.1633, -14.3013, -14.4003, -15.7612, -15.7584, -16.5467, -15.9187, -17.7855, -17.7003, -17.5198, -17.0748, -19.3791, -22.422, -19.8807, -19.8379, -22.2216, -22.8092, -24.8731, -28.6447, -42.3851, -56.3564, -78.5149, -115.504, -153.3955, -194.5184, -55.7006]",15,0
SP_066,algorithmic,canonical,Qwen/Qwen2.5-7B-Instruct,-1,28,"[0.9816, 0.9855, 0.9826, 0.9806, 0.9815, 0.9827, 0.9835, 0.9838, 0.9804, 0.9848, 0.9808, 0.9789, 0.9812, 0.9808, 0.9857, 0.9825, 0.9571, 0.9426, 0.9291, 0.9031, 0.8655, 0.861, 0.8565, 0.8678, 0.8833, 0.8918, 0.9035, 0.7264]","[152041, 152036, 152029, 152025, 152010, 151986, 151940, 151980, 151971, 151978, 151946, 151904, 151825, 151928, 151937, 151917, 151909, 151957, 151929, 151974, 151964, 152001, 152019, 152021, 152021, 152016, 152011, 133477]","[-12.8418, -13.5013, -14.1493, -14.2866, -14.422, -15.7701, -15.7522, -16.5171, -15.9731, -17.8193, -17.7705, -17.5568, -17.0697, -19.4603, -22.433, -19.8977, -19.8633, -22.1279, -22.7088, -25.0689, -28.5362, -42.2968, -56.4043, -79.3077, -116.5007, -154.7623, -195.242, -56.224]",15,0
SP_068,algorithmic,canonical,Qwen/Qwen2.5-7B-Instruct,-1,28,"[0.9794, 0.9834, 0.981, 0.9781, 0.979, 0.9814, 0.9824, 0.9833, 0.9796, 0.9853, 0.9826, 0.9812, 0.983, 0.9822, 0.9863, 0.9828, 0.9571, 0.9418, 0.9275, 0.9027, 0.869, 0.8628, 0.8573, 0.866, 0.8811, 0.8894, 0.9029, 0.7369]","[152041, 152035, 152029, 152026, 152009, 151988, 151940, 151982, 151969, 151977, 151942, 151902, 151820, 151927, 151934, 151913, 151904, 151950, 151924, 151968, 151963, 152000, 152017, 152021, 152021, 152015, 152007, 134559]","[-12.84, -13.5165, -14.1447, -14.2927, -14.4052, -15.7843, -15.7576, -16.517, -15.8586, -17.7838, -17.6824, -17.4471, -16.9414, -19.2779, -22.2172, -19.6478, -19.7687, -22.0351, -22.4756, -24.8425, -28.4473, -42.514, -56.5588, -79.7052, -116.6151, -153.9756, -195.7937, -55.0339]",15,0
SP_069,algorithmic,canonical,Qwen/Qwen2.5-7B-Instruct,-1,28,"[0.9809, 0.9848, 0.9823, 0.9799, 0.981, 0.982, 0.9828, 0.9833, 0.9804, 0.9856, 0.9825, 0.9811, 0.9826, 0.9822, 0.9865, 0.9829, 0.9568, 0.9409, 0.9267, 0.9018, 0.8694, 0.8597, 0.8533, 0.864, 0.8792, 0.8875, 0.8998, 0.726]","[152042, 152036, 152028, 152025, 152008, 151987, 151942, 151981, 151970, 151978, 151942, 151906, 151818, 151927, 151933, 151906, 151897, 151950, 151920, 151964, 151955, 152000, 152017, 152021, 152021, 152013, 152005, 123294]","[-12.8381, -13.5027, -14.1235, -14.2504, -14.4063, -15.7708, -15.7587, -16.5244, -15.884, -17.8142, -17.6535, -17.4201, -16.9106, -19.2592, -22.1146, -19.5028, -19.4812, -21.8817, -22.322, -24.6876, -27.9803, -41.7209, -56.0047, -78.4703, -115.8253, -153.0548, -193.8991, -54.2378]",15,0
SP_070,algorithmic,canonical,Qwen/Qwen2.5-7B-Instruct,-1,28,"[0.9823, 0.9861, 0.9837, 0.9814, 0.9816, 0.9835, 0.9841, 0.9844, 0.9809, 0.9851, 0.9811, 0.9786, 0.981, 0.9798, 0.9844, 0.9812, 0.9549, 0.9402, 0.9269, 0.8993, 0.8622, 0.8554, 0.8512, 0.8648, 0.8791, 0.8872, 0.8987, 0.7317]","[152041, 152036, 152029, 152024, 152009, 151986, 151942, 151982, 151968, 151978, 151947, 151906, 151828, 151924, 151934, 151915, 151905, 151956, 151932, 151982, 151974, 152005, 152021, 152021, 152021, 152016, 152014, 133312]","[-12.8477, -13.5113, -14.1682, -14.3032, -14.4012, -15.7703, -15.7632, -16.5202, -15.8629, -17.7417, -17.7403, -17.4955, -17.0647, -19.2292, -22.4946, -19.8612, -19.7615, -22.1477, -22.8067, -25.0624, -28.8519, -42.6985, -56.0182, -78.096, -115.3573, -153.0688, -195.7016, -55.0591]",15,0
SP_071,algorithmic,canonical,Qwen/Qwen2.5-7B-Instruct,-1,28,"[0.9802, 0.9844, 0.9827, 0.9801, 0.9808, 0.9829, 0.9835, 0.9839, 0.9799, 0.9852, 0.982, 0.9805, 0.9822, 0.9818, 0.9862, 0.9828, 0.9564, 0.9426, 0.9293, 0.9008, 0.8661, 0.864, 0.8587, 0.8698, 0.8824, 0.8901, 0.9014, 0.7291]","[152041, 152035, 152029, 152026, 152010, 151988, 151943, 151982, 151968, 151978, 151944, 151904, 151821, 151926, 151936, 151911, 151904, 151959, 151933, 151978, 151974, 152002, 152016, 152021, 152020, 152015, 152008, 123843]","[-12.8356, -13.5015, -14.1245, -14.2581, -14.3965, -15.7439, -15.7265, -16.4794, -15.8304, -17.7142, -17.6691, -17.4298, -16.9332, -19.3727, -22.168, -19.5819, -19.7058, -22.1035, -22.6617, -25.0347, -29.0895, -42.8406, -56.1307, -78.3117, -115.7335, -153.214, -195.8657, -53.8096]",15,0
SP_072,algorithmic,canonical,Qwen/Qwen2.5-7B-Instruct,-1,28,"[0.9819, 0.9861, 0.984, 0.9819, 0.9822, 0.984, 0.9846, 0.9849, 0.9812, 0.9853, 0.9818, 0.9798, 0.9822, 0.981, 0.9854, 0.9822, 0.956, 0.9414, 0.9285, 0.9004, 0.8637, 0.8586, 0.8541, 0.8669, 0.8807, 0.888, 0.8985, 0.7316]","[152041, 152036, 152027, 152024, 152009, 151985, 151943, 151982, 151971, 151977, 151948, 151908, 151826, 151925, 151933, 151913, 151905, 151957, 151931, 151982, 151970, 152005, 152020, 152021, 152021, 152016, 152012, 133151]","[-12.842, -13.5053, -14.1465, -14.2778, -14.3819, -15.7516, -15.761, -16.5121, -15.8785, -17.7332, -17.7315, -17.4955, -17.0664, -19.2478, -22.4772, -19.846, -19.7717, -22.1961, -22.853, -25.2598, -28.8917, -42.5346, -55.8755, -77.9156, -115.1019, -152.9509, -195.2254, -55.0873]",15,0
SP_073,algorithmic,canonical,Qwen/Qwen2.5-7B-Instruct,-1,28,"[0.9815, 0.9853, 0.983, 0.9808, 0.9816, 0.9829, 0.9834, 0.9833, 0.9804, 0.9858, 0.983, 0.9815, 0.9834, 0.9824, 0.9868, 0.9835, 0.9583, 0.9438, 0.9306, 0.9034, 0.8679, 0.8614, 0.8566, 0.868, 0.8842, 0.8913, 0.9027, 0.7225]","[152041, 152036, 152025, 152022, 152007, 151983, 151943, 151983, 151972, 151981, 151945, 151908, 151826, 151928, 151931, 151910, 151903, 151949, 151923, 151967, 151965, 152002, 152017, 152021, 152021, 152015, 152011, 126347]","[-12.8391, -13.5083, -14.1166, -14.2348, -14.4055, -15.7619, -15.7844, -16.5763, -15.9731, -17.8614, -17.6957, -17.4974, -17.0701, -19.3486, -22.4107, -19.7561, -19.6884, -22.0703, -22.7099, -24.9922, -28.7338, -42.4413, -55.9992, -78.2218, -115.0804, -152.9414, -196.0915, -54.4898]",15,0
WIS_021,algorithmic,canonical,Qwen/Qwen2.5-7B-Instruct,-1,28,"[0.987, 0.9892, 0.9883, 0.9875, 0.9873, 0.9904, 0.9889, 0.9896, 0.9877, 0.9896, 0.9873, 0.9861, 0.9865, 0.9853, 0.987, 0.9845, 0.9628, 0.9497, 0.9372, 0.9142, 0.8876, 0.8911, 0.8811, 0.8895, 0.9172, 0.9176, 0.9188, 0.7305]","[152031, 152043, 152045, 152051, 152049, 152044, 152035, 152040, 152034, 152042, 152037, 152030, 152024, 152035, 152035, 152026, 152020, 152035, 152016, 152032, 152033, 152046, 152051, 152051, 152052, 152052, 152051, 50424]","[-12.7724, -13.5761, -14.256, -14.5548, -14.7339, -16.6049, -16.5907, -17.2726, -16.5989, -19.1011, -19.0672, -18.8894, -18.5732, -21.339, -24.1712, -21.5326, -20.9934, -23.3896, -23.7933, -26.69, -30.2088, -43.9307, -56.7431, -75.0928, -120.0441, -158.6862, -208.8588, -43.2988]",16,1
WIS_022,algorithmic,canonical,Qwen/Qwen2.5-7B-Instruct,-1,28,"[0.9864, 0.989, 0.9882, 0.9873, 0.9873, 0.9906, 0.9893, 0.99, 0.988, 0.99, 0.9879, 0.9863, 0.9868, 0.985, 0.9875, 0.9849, 0.9613, 0.9463, 0.9337, 0.9123, 0.8901, 0.8923, 0.8826, 0.89, 0.9175, 0.918, 0.9196, 0.738]","[152037, 152035, 152024, 152022, 152012, 152001, 151971, 151983, 151973, 151984, 151944, 151919, 151851, 151945, 151941, 151911, 151868, 151901, 151895, 151944, 151930, 152004, 152016, 152019, 152017, 152020, 152019, 102669]","[-12.7971, -13.4827, -14.075, -14.173, -14.3166, -15.8992, -15.9385, -16.5703, -16.0431, -18.109, -17.9642, -17.9111, -17.3288, -19.8936, -22.6129, -20.2455, -19.4596, -21.5539, -22.3475, -24.3269, -27.4013, -40.8869, -52.4968, -69.5143, -110.455, -146.1377, -193.2308, -45.076]",15,0
WIS_023,algorithmic,canonical,Qwen/Qwen2.5-7B-Instruct,-1,28,"[0.9877, 0.9901, 0.9895, 0.9885, 0.988, 0.9908, 0.9895, 0.9896, 0.9876, 0.9897, 0.9874, 0.9859, 0.9869, 0.9865, 0.9889, 0.9863, 0.9639, 0.9509, 0.9387, 0.9147, 0.8883, 0.8853, 0.8779, 0.8883, 0.9179, 0.9175, 0.9173, 0.7384]","[151914, 151998, 151988, 152000, 151995, 151998, 151968, 151996, 151996, 152016, 152013, 151986, 151953, 151981, 151970, 151944, 151945, 151926, 151932, 151944, 151961, 152001, 152023, 152018, 152018, 152017, 152019, 100018]","[-12.6265, -13.3171, -13.8781, -14.0557, -14.268, -15.8114, -15.8662, -16.6389, -16.0945, -18.1864, -18.4806, -18.2943, -17.864, -19.8717, -22.9747, -20.4321, -20.0372, -21.8239, -22.6567, -24.3595, -28.1117, -40.7662, -53.7714, -69.102, -112.0809, -146.7899, -194.009, -43.7843]",18,3
WIS_024,algorithmic,canonical,Qwen/Qwen2.5-7B-Instruct,-1,28,"[0.987, 0.9896, 0.9888, 0.9879, 0.9874, 0.9903, 0.9891, 0.9897, 0.9876, 0.9897, 0.9881, 0.987, 0.9879, 0.9865, 0.9891, 0.987, 0.9642, 0.9507, 0.9411, 0.921, 0.8934, 0.8931, 0.8831, 0.8898, 0.9177, 0.9163, 0.9178, 0.7357]","[151769, 151912, 151869, 151950, 151957, 151904, 151823, 151925, 151950, 151968, 151948, 151905, 151882, 151899, 151903, 151870, 151877, 151870, 151801, 151906, 151904, 151944, 151995, 151975, 151988, 151972, 151980, 76265]","[-12.5534, -13.1545, -13.6388, -13.8598, -14.0775, -15.3504, -15.4087, -16.1553, -15.7627, -17.7744, -17.8297, -17.7309, -17.4122, -19.3321, -22.2121, -19.8941, -19.6814, -21.4285, -21.8046, -24.3621, -27.9648, -39.5126, -51.9509, -66.5158, -108.1289, -141.819, -186.9217, -43.328]",19,4
WIS_025,algorithmic,canonical,Qwen/Qwen2.5-7B-Instruct,-1,28,"[0.9877, 0.9901, 0.9895, 0.9885, 0.988, 0.9908, 0.9894, 0.9895, 0.9876, 0.9897, 0.9874, 0.986, 0.987, 0.9865, 0.9889, 0.9864, 0.9639, 0.951, 0.9398, 0.9168, 0.8897, 0.8879, 0.8798, 0.8897, 0.9189, 0.9183, 0.9182, 0.7419]","[151914, 151998, 151989, 152000, 151995, 151998, 151967, 151996, 151997, 152015, 152013, 151986, 151953, 151981, 151971, 151945, 151947, 151928, 151932, 151942, 151959, 152001, 152022, 152018, 152018, 152017, 152019, 107196]","[-12.6265, -13.3153, -13.8766, -14.0535, -14.2678, -15.8113, -15.8652, -16.6408, -16.0954, -18.1848, -18.4666, -18.2891, -17.8767, -19.8595, -22.9825, -20.4275, -20.0337, -21.8351, -22.742, -24.3675, -28.1064, -40.7956, -53.7008, -69.212, -111.8109, -146.5618, -193.8209, -44.1299]",18,3
WIS_026,algorithmic,canonical,Qwen/Qwen2.5-7B-Instruct,-1,28,"[0.9868, 0.9895, 0.9885, 0.9877, 0.9871, 0.99, 0.9889, 0.9895, 0.9873, 0.9896, 0.9879, 0.9869, 0.9878, 0.9864, 0.989, 0.9868, 0.9636, 0.9503, 0.9398, 0.9198, 0.8926, 0.8908, 0.8808, 0.8888, 0.9175, 0.9161, 0.9167, 0.7368]","[151769, 151913, 151869, 151949, 151957, 151903, 151823, 151924, 151950, 151968, 151948, 151903, 151882, 151897, 151903, 151869, 151877, 151875, 151813, 151911, 151903, 151942, 151995, 151976, 151987, 151970, 151978, 77860]","[-12.5536, -13.1548, -13.6386, -13.8565, -14.077, -15.3472, -15.4021, -16.151, -15.7581, -17.7718, -17.8134, -17.7059, -17.3966, -19.3244, -22.1989, -19.8869, -19.6831, -21.4411, -21.9571, -24.5014, -28.0078, -39.5355, -52.2616, -67.2909, -108.5147, -141.957, -186.2808, -43.2227]",19,4
WIS_027,algorithmic,canonical,Qwen/Qwen2.5-7B-Instruct,-1,28,"[0.9867, 0.9893, 0.9883, 0.9874, 0.9869, 0.9901, 0.9889, 0.9892, 0.9867, 0.9893, 0.9878, 0.9866, 0.9877, 0.9864, 0.9888, 0.9865, 0.9629, 0.9487, 0.9382, 0.9167, 0.8866, 0.8823, 0.8753, 0.8837, 0.914, 0.9125, 0.9125, 0.7242]","[151768, 151912, 151876, 151951, 151957, 151904, 151823, 151924, 151953, 151966, 151946, 151903, 151880, 151896, 151901, 151868, 151878, 151874, 151812, 151901, 151900, 151940, 151992, 151976, 151987, 151974, 151982, 72620]","[-12.5538, -13.1297, -13.628, -13.8843, -14.0949, -15.3726, -15.4152, -16.1842, -15.8159, -17.8362, -17.8882, -17.7477, -17.4096, -19.3491, -22.2881, -20.0174, -19.8368, -21.582, -22.0949, -24.2831, -27.7658, -39.1782, -52.1274, -66.9708, -108.4745, -142.813, -187.3596, -43.9664]",19,4
WIS_028,algorithmic,canonical,Qwen/Qwen2.5-7B-Instruct,-1,28,"[0.9877, 0.9901, 0.9895, 0.9885, 0.9881, 0.9909, 0.9895, 0.9896, 0.9876, 0.9897, 0.9874, 0.9859, 0.9869, 0.9864, 0.9888, 0.9863, 0.9637, 0.9505, 0.9389, 0.914, 0.8866, 0.883, 0.8751, 0.8869, 0.9169, 0.917, 0.9164, 0.7368]","[151914, 151998, 151988, 152000, 151994, 151998, 151967, 151996, 151997, 152016, 152013, 151986, 151955, 151981, 151971, 151947, 151947, 151927, 151931, 151941, 151960, 152001, 152022, 152017, 152018, 152017, 152019, 99939]","[-12.6261, -13.3157, -13.8763, -14.0536, -14.266, -15.8081, -15.866, -16.6433, -16.102, -18.1929, -18.4847, -18.2989, -17.8771, -19.8627, -22.9611, -20.4286, -20.0446, -21.8362, -22.6641, -24.3122, -28.0875, -40.7568, -53.4207, -68.8346, -111.4421, -145.9818, -193.312, -43.8283]",18,3
WIS_029,algorithmic,canonical,Qwen/Qwen2.5-7B-Instruct,-1,28,"[0.9871, 0.9897, 0.9887, 0.9879, 0.9874, 0.9903, 0.9891, 0.9897, 0.9876, 0.9898, 0.9882, 0.9872, 0.988, 0.9867, 0.9891, 0.987, 0.964, 0.9506, 0.94, 0.9191, 0.8926, 0.8917, 0.8815, 0.8891, 0.9172, 0.9159, 0.917, 0.7364]","[151768, 151912, 151869, 151951, 151957, 151902, 151823, 151924, 151950, 151968, 151948, 151904, 151883, 151897, 151903, 151869, 151877, 151871, 151821, 151914, 151909, 151945, 151996, 151977, 151989, 151970, 151978, 74048]","[-12.553, -13.1535, -13.6392, -13.8589, -14.0762, -15.3446, -15.4022, -16.1524, -15.7581, -17.7721, -17.8208, -17.72, -17.3968, -19.3117, -22.179, -19.8875, -19.6859, -21.4228, -21.9879, -24.5808, -28.185, -39.6072, -52.2953, -67.2584, -108.4027, -141.6534, -186.0869, -42.9919]",19,4
WIS_030,algorithmic,canonical,Qwen/Qwen2.5-7B-Instruct,-1,28,"[0.9863, 0.989, 0.988, 0.9869, 0.9869, 0.9903, 0.9891, 0.9897, 0.9876, 0.99, 0.9875, 0.9861, 0.9868, 0.9851, 0.9872, 0.9844, 0.9608, 0.9458, 0.9326, 0.911, 0.886, 0.8904, 0.8805, 0.8874, 0.9143, 0.9139, 0.9163, 0.7313]","[152032, 152043, 152044, 152050, 152048, 152044, 152035, 152040, 152035, 152041, 152037, 152031, 152026, 152036, 152035, 152026, 152021, 152035, 152015, 152031, 152033, 152046, 152051, 152051, 152052, 152052, 152051, 72734]","[-12.7792, -13.5697, -14.2508, -14.53, -14.7561, -16.6275, -16.571, -17.3106, -16.7071, -19.177, -19.1679, -19.0986, -18.7407, -21.4582, -24.3478, -21.7381, -21.1424, -23.481, -24.0122, -26.4955, -30.1779, -44.037, -56.1678, -74.8933, -119.4995, -158.0909, -209.3044, -43.9161]",16,1
WIS_031,algorithmic,canonical,Qwen/Qwen2.5-7B-Instruct,-1,28,"[0.9863, 0.989, 0.988, 0.987, 0.987, 0.9906, 0.9894, 0.9899, 0.9878, 0.99, 0.9875, 0.986, 0.9866, 0.985, 0.9872, 0.9843, 0.9606, 0.9458, 0.9327, 0.9116, 0.889, 0.8923, 0.8827, 0.8896, 0.9166, 0.9179, 0.9199, 0.7373]","[152037, 152035, 152027, 152022, 152012, 151999, 151968, 151983, 151975, 151984, 151946, 151917, 151851, 151949, 151941, 151918, 151869, 151907, 151894, 151943, 151932, 152003, 152016, 152019, 152017, 152020, 152016, 101823]","[-12.7973, -13.4764, -14.0746, -14.177, -14.3112, -15.8931, -15.9, -16.5364, -16.0119, -18.0495, -17.896, -17.8647, -17.2988, -19.9386, -22.5453, -20.2666, -19.5464, -21.5855, -22.2732, -24.1948, -27.2512, -40.5661, -52.3226, -69.1688, -110.0691, -145.7837, -192.9666, -45.3669]",15,0
WIS_032,algorithmic,canonical,Qwen/Qwen2.5-7B-Instruct,-1,28,"[0.987, 0.9894, 0.9884, 0.9873, 0.9871, 0.9904, 0.989, 0.9895, 0.9875, 0.9893, 0.9875, 0.9863, 0.9871, 0.9855, 0.9877, 0.9851, 0.962, 0.9484, 0.9347, 0.9075, 0.8814, 0.8825, 0.8729, 0.8856, 0.9137, 0.9137, 0.9147, 0.7242]","[152037, 152035, 152024, 152020, 152011, 152000, 151970, 151984, 151977, 151985, 151945, 151920, 151849, 151947, 151943, 151911, 151872, 151907, 151889, 151929, 151921, 152001, 152012, 152017, 152016, 152018, 152016, 106824]","[-12.7931, -13.4868, -14.0585, -14.143, -14.3032, -15.8846, -15.9384, -16.5989, -16.0641, -18.096, -17.891, -17.8164, -17.2844, -19.7854, -22.5496, -20.1229, -19.3961, -21.5676, -22.1987, -24.0664, -27.3137, -40.5667, -51.8802, -68.988, -110.4428, -146.281, -193.5786, -45.4465]",15,0
BW_001,planning_suite,canonical,Qwen/Qwen2.5-7B-Instruct,27,28,"[0.9722, 0.9755, 0.9743, 0.9692, 0.9687, 0.9766, 0.9719, 0.9707, 0.9688, 0.9782, 0.9742, 0.9747, 0.976, 0.9771, 0.9851, 0.9837, 0.9785, 0.9787, 0.9726, 0.9642, 0.9512, 0.9499, 0.9423, 0.9447, 0.9477, 0.9565, 0.9559, 0.8753]","[117579, 131210, 135185, 141260, 130674, 134429, 142984, 137341, 134560, 144459, 140600, 139702, 133119, 126106, 117716, 122025, 122096, 120645, 122594, 93675, 101401, 100479, 90795, 74971, 82443, 71954, 55746, 1]","[-12.157, -12.5351, -12.7987, -12.8031, -12.8094, -13.7541, -13.9936, -14.1247, -13.7805, -15.0626, -14.9769, -15.0922, -14.6452, -15.9991, -17.6326, -16.3513, -16.8557, -18.0326, -18.9083, -18.8075, -19.8518, -26.1566, -34.5668, -44.9619, -77.3405, -99.3749, -119.3274, -0.1879]",29245,pick
BW_002,planning_suite,canonical,Qwen/Qwen2.5-7B-Instruct,27,28,"[0.9626, 0.972, 0.9704, 0.9672, 0.9679, 0.9782, 0.9758, 0.9753, 0.9715, 0.9784, 0.9738, 0.9731, 0.9737, 0.9763, 0.9836, 0.9824, 0.9774, 0.9768, 0.97, 0.9587, 0.9448, 0.9425, 0.9338, 0.9372, 0.9432, 0.9539, 0.9525, 0.8742]","[118069, 130622, 134031, 140441, 128214, 131218, 141353, 133410, 130482, 143173, 136222, 136006, 129562, 123935, 116545, 120031, 121363, 119792, 124395, 95194, 99495, 98413, 89219, 72628, 82868, 70922, 53382, 1]","[-12.1617, -12.5421, -12.8124, -12.8261, -12.7976, -13.714, -14.0141, -14.0496, -13.7187, -15.0386, -14.8917, -14.9819, -14.6875, -16.0333, -17.9432, -16.5214, -17.0017, -18.034, -19.0272, -18.515, -19.382, -26.1201, -34.7773, -44.4946, -77.8097, -99.481, -117.2202, -0.0996]",29245,pick
BW_010,planning_suite,canonical,Qwen/Qwen2.5-7B-Instruct,27,28,"[0.9746, 0.9778, 0.9753, 0.9704, 0.9695, 0.9771, 0.9718, 0.9707, 0.968, 0.9774, 0.9738, 0.9744, 0.9761, 0.9787, 0.9854, 0.9839, 0.9785, 0.9789, 0.9734, 0.9642, 0.9467, 0.9449, 0.9378, 0.941, 0.9467, 0.9572, 0.9558, 0.8752]","[118443, 130228, 135066, 141195, 128284, 133369, 142139, 135440, 134444, 144300, 139301, 138532, 131495, 126795, 116545, 122617, 123694, 119999, 122901, 91409, 100004, 102063, 91194, 72501, 80413, 69050, 53029, 1]","[-12.1619, -12.5149, -12.794, -12.8195, -12.7876, -13.7458, -13.9648, -14.0976, -13.7512, -15.0221, -14.8991, -15.0618, -14.6368, -15.9815, -17.5611, -16.3439, -16.8441, -17.92, -18.7985, -18.6009, -19.5692, -26.1884, -34.5737, -44.6383, -77.3751, -99.6833, -117.195, -0.1016]",29245,pick
BW_011,planning_suite,canonical,Qwen/Qwen2.5-7B-Instruct,27,28,"[0.9697, 0.9737, 0.9737, 0.9693, 0.9679, 0.9764, 0.9721, 0.9708, 0.969, 0.9773, 0.9744, 0.9749, 0.9764, 0.9763, 0.9845, 0.9831, 0.9786, 0.9786, 0.9733, 0.9633, 0.947, 0.9452, 0.9385, 0.941, 0.941, 0.9527, 0.9513, 0.866]","[120154, 132724, 135713, 140965, 128102, 131975, 142179, 135960, 134112, 144125, 139545, 138518, 131498, 125380, 114920, 119735, 119975, 117930, 120767, 90205, 98354, 101389, 92847, 79506, 85788, 75471, 59425, 2]","[-12.1632, -12.5432, -12.794, -12.7913, -12.7808, -13.7123, -13.9676, -14.0749, -13.7324, -15.0123, -14.8807, -14.9901, -14.5462, -15.8425, -17.3449, -16.1316, -16.6134, -17.7788, -18.6003, -18.4728, -19.7155, -26.4251, -35.0085, -46.8056, -78.6796, -100.208, -121.3039, -2.4416]",29245,pick
BW_014,planning_suite,canonical,Qwen/Qwen2.5-7B-Instruct,27,28,"[0.9644, 0.9741, 0.9716, 0.9684, 0.9693, 0.979, 0.9775, 0.9774, 0.974, 0.9808, 0.9761, 0.9756, 0.9765, 0.9787, 0.9856, 0.9841, 0.9789, 0.9775, 0.9702, 0.9601, 0.9388, 0.9377, 0.9263, 0.9275, 0.9334, 0.9478, 0.9465, 0.859]","[117308, 129200, 133649, 139951, 125969, 129891, 140441, 132951, 131247, 142875, 136306, 136508, 130188, 124138, 114985, 118622, 119779, 116550, 122909, 90205, 91948, 97696, 87691, 70331, 80462, 67475, 54486, 2]","[-12.1622, -12.515, -12.8025, -12.8202, -12.7872, -13.7091, -13.9691, -14.0406, -13.7057, -14.9824, -14.8843, -14.9465, -14.6524, -16.0016, -17.8691, -16.4743, -16.9557, -17.9438, -18.8956, -18.5703, -19.3446, -26.6048, -35.5956, -44.9209, -78.1504, -99.5434, -118.7121, -1.8727]",29245,pick
BW_022,planning_suite,canonical,Qwen/Qwen2.5-7B-Instruct,27,28,"[0.9636, 0.9733, 0.9715, 0.9686, 0.9694, 0.9792, 0.9772, 0.9768, 0.9739, 0.9819, 0.9783, 0.9782, 0.9789, 0.981, 0.9869, 0.9857, 0.9806, 0.9797, 0.9716, 0.9595, 0.944, 0.94, 0.9297, 0.9324, 0.9397, 0.9511, 0.9495, 0.8646]","[117481, 129417, 133603, 139751, 125987, 130274, 140584, 132693, 131394, 143402, 136688, 136577, 129719, 124149, 115562, 119198, 120853, 118179, 124691, 94385, 100286, 97861, 87863, 70060, 81010, 69284, 52417, 1]","[-12.1609, -12.5137, -12.7955, -12.8218, -12.784, -13.7194, -13.994, -14.068, -13.7314, -15.0476, -14.9295, -15.0072, -14.7013, -16.0809, -17.9521, -16.534, -17.0418, -18.0335, -19.0587, -18.5431, -19.4639, -26.2811, -34.8857, -44.186, -76.9318, -98.8648, -116.1847, -0.1531]",29245,pick
BW_080,planning_suite,canonical,Qwen/Qwen2.5-7B-Instruct,27,28,"[0.9736, 0.9768, 0.9748, 0.9698, 0.9693, 0.977, 0.9715, 0.9701, 0.9673, 0.9757, 0.9721, 0.9728, 0.9742, 0.9766, 0.9845, 0.9833, 0.9792, 0.9793, 0.9733, 0.9651, 0.9518, 0.9519, 0.9452, 0.9468, 0.9503, 0.9596, 0.9583, 0.8833]","[118655, 130728, 135336, 141389, 128558, 133483, 142410, 136724, 134621, 143830, 139147, 139065, 131536, 126121, 115733, 121277, 120698, 118103, 122209, 92802, 101584, 100840, 92200, 73926, 82014, 70614, 53826, 1]","[-12.1647, -12.5222, -12.8036, -12.8317, -12.7874, -13.7167, -13.9729, -14.1213, -13.7619, -15.0144, -14.9157, -15.1499, -14.6742, -16.0022, -17.5398, -16.3358, -16.7727, -17.908, -18.8495, -18.7557, -19.7639, -26.3299, -34.9067, -45.386, -77.3821, -99.4449, -117.2646, -0.1222]",29245,pick
BW_120,planning_suite,canonical,Qwen/Qwen2.5-7B-Instruct,27,28,"[0.9748, 0.9777, 0.9756, 0.9705, 0.9698, 0.9769, 0.9719, 0.9709, 0.9687, 0.9778, 0.9739, 0.9738, 0.9755, 0.9778, 0.9848, 0.9837, 0.9791, 0.9795, 0.974, 0.9666, 0.9521, 0.9502, 0.9418, 0.9432, 0.9466, 0.957, 0.955, 0.827]","[116856, 129989, 134710, 140937, 130085, 134477, 143006, 136591, 134277, 143361, 138335, 138362, 131762, 126617, 115228, 119789, 120152, 117038, 121846, 91560, 100975, 102035, 89815, 71220, 80495, 68073, 51003, 1]","[-12.1577, -12.5183, -12.7913, -12.8087, -12.8113, -13.752, -13.9603, -14.0954, -13.7282, -14.9549, -14.8768, -15.0485, -14.5956, -15.9466, -17.5979, -16.3574, -16.7868, -17.8433, -18.7583, -18.665, -19.7127, -26.6385, -35.5569, -45.2837, -77.8828, -100.013, -115.5097, -0.074]",29245,pick
BW_137,planning_suite,canonical,Qwen/Qwen2.5-7B-Instruct,27,28,"[0.9676, 0.972, 0.9724, 0.9679, 0.9671, 0.9757, 0.9714, 0.9698, 0.9677, 0.9758, 0.9718, 0.972, 0.974, 0.9746, 0.9833, 0.9819, 0.9774, 0.9778, 0.9723, 0.9624, 0.9504, 0.9484, 0.9411, 0.944, 0.9462, 0.9557, 0.954, 0.8742]","[120787, 132896, 136014, 141354, 129728, 132950, 142546, 136532, 133990, 143873, 139616, 138463, 131325, 126642, 116081, 120856, 120299, 117881, 120842, 91242, 96918, 98341, 89605, 73801, 81593, 71014, 54877, 1]","[-12.1663, -12.5523, -12.7986, -12.7884, -12.7828, -13.6944, -13.9683, -14.0632, -13.7075, -14.9914, -14.8642, -14.968, -14.5603, -15.8747, -17.349, -16.1617, -16.6187, -17.7817, -18.5283, -18.4259, -19.4017, -26.409, -34.9915, -45.8266, -78.4314, -100.0124, -118.5101, -0.3569]",29245,pick
BW_155,planning_suite,canonical,Qwen/Qwen2.5-7B-Instruct,27,28,"[0.9745, 0.9777, 0.9752, 0.9705, 0.9697, 0.9773, 0.9722, 0.971, 0.9684, 0.9779, 0.9742, 0.9748, 0.9765, 0.9789, 0.9855, 0.9841, 0.9791, 0.9794, 0.973, 0.9637, 0.9519, 0.9503, 0.943, 0.9442, 0.9484, 0.958, 0.9564, 0.8781]","[118302, 130478, 135008, 141065, 128029, 133237, 142142, 135292, 134364, 144170, 139612, 138694, 131667, 126587, 116377, 122406, 123141, 119444, 123196, 91974, 102799, 103092, 89659, 72181, 80480, 69540, 52700, 1]","[-12.1619, -12.5146, -12.7891, -12.8182, -12.7837, -13.7328, -13.964, -14.0973, -13.7552, -15.0181, -14.9178, -15.0832, -14.6481, -16.0095, -17.5694, -16.3507, -16.8289, -17.9271, -18.8378, -18.7195, -19.7309, -26.4427, -35.0111, -45.4827, -77.5843, -99.8758, -116.8347, -0.0593]",29245,pick
BW_172,planning_suite,canonical,Qwen/Qwen2.5-7B-Instruct,27,28,"[0.9673, 0.9717, 0.9721, 0.9675, 0.9666, 0.9755, 0.9713, 0.9696, 0.9674, 0.9757, 0.9716, 0.972, 0.9738, 0.9743, 0.9832, 0.9817, 0.9773, 0.9778, 0.9717, 0.9606, 0.9453, 0.943, 0.9341, 0.937, 0.939, 0.9496, 0.949, 0.862]","[120466, 132689, 135909, 141291, 129652, 132981, 142680, 136570, 134195, 143725, 140114, 138991, 131924, 126889, 116281, 121012, 120392, 117940, 120248, 90648, 96897, 99972, 93263, 78049, 85527, 74558, 57471, 2]","[-12.1645, -12.5493, -12.797, -12.7885, -12.7828, -13.6956, -13.97, -14.0657, -13.7192, -14.9889, -14.8955, -15.0038, -14.562, -15.8803, -17.3595, -16.174, -16.6244, -17.7663, -18.5687, -18.5337, -19.5103, -26.0755, -34.5509, -46.088, -78.8194, -100.0965, -119.5548, -1.3236]",29245,pick
BW_203,planning_suite,canonical,Qwen/Qwen2.5-7B-Instruct,27,28,"[0.9649, 0.9736, 0.972, 0.9685, 0.9698, 0.9796, 0.9779, 0.9777, 0.9746, 0.9819, 0.9776, 0.9765, 0.977, 0.9782, 0.9853, 0.9841, 0.9793, 0.9785, 0.9707, 0.9598, 0.9445, 0.9402, 0.9307, 0.9322, 0.9394, 0.9511, 0.95, 0.8681]","[116581, 129299, 133572, 139663, 127490, 131544, 141465, 133835, 131196, 142520, 135928, 136673, 130174, 124674, 115097, 117640, 118964, 116896, 122942, 93447, 96946, 95916, 85429, 69327, 80760, 68328, 52453, 1]","[-12.158, -12.5178, -12.7965, -12.8155, -12.8051, -13.7302, -13.9927, -14.0659, -13.7145, -14.9627, -14.9096, -14.9815, -14.6438, -16.0035, -17.9057, -16.4754, -16.9775, -17.9545, -18.945, -18.6007, -19.3778, -25.859, -34.6947, -44.3614, -78.0991, -99.5252, -117.1326, -0.3362]",29245,pick
BW_227,planning_suite,canonical,Qwen/Qwen2.5-7B-Instruct,27,28,"[0.9709, 0.9744, 0.9745, 0.9702, 0.9694, 0.9773, 0.9724, 0.9714, 0.97, 0.979, 0.9756, 0.976, 0.9771, 0.9771, 0.9852, 0.9837, 0.9788, 0.979, 0.9734, 0.9639, 0.9507, 0.9499, 0.9429, 0.9456, 0.9464, 0.9571, 0.9562, 0.8802]","[118678, 132029, 135809, 140589, 129652, 134044, 142670, 137474, 133122, 143789, 139657, 138383, 131951, 124434, 115773, 119392, 119544, 118201, 121147, 91826, 100184, 101305, 93297, 78208, 85305, 73852, 57473, 2]","[-12.1589, -12.5446, -12.8021, -12.7924, -12.8014, -13.7472, -13.986, -14.1202, -13.7449, -15.0394, -14.9174, -15.0884, -14.6384, -15.9659, -17.4941, -16.1981, -16.6927, -17.8946, -18.7961, -18.6514, -19.829, -25.9247, -34.4026, -45.9005, -78.328, -99.594, -120.7263, -1.0901]",29245,pick
BW_282,planning_suite,canonical,Qwen/Qwen2.5-7B-Instruct,27,28,"[0.9637, 0.9733, 0.9716, 0.9687, 0.9696, 0.9792, 0.9772, 0.9768, 0.9739, 0.982, 0.9784, 0.9782, 0.9789, 0.9811, 0.9869, 0.9858, 0.9804, 0.9794, 0.9718, 0.96, 0.9433, 0.9375, 0.9275, 0.9307, 0.9368, 0.9496, 0.9482, 0.8626]","[117938, 129704, 133704, 139822, 125946, 130344, 140573, 132616, 131389, 143477, 136817, 136866, 129966, 124433, 115789, 119508, 121224, 118597, 123643, 92312, 97578, 98903, 89739, 73376, 83075, 71184, 54582, 2]","[-12.1624, -12.5164, -12.7957, -12.8241, -12.7863, -13.7199, -13.9953, -14.0678, -13.7331, -15.0527, -14.9322, -15.0043, -14.6883, -16.0672, -17.9373, -16.5155, -17.032, -18.0088, -19.0173, -18.5192, -19.3106, -26.1919, -34.9919, -44.9463, -77.7547, -99.5577, -118.1695, -0.9256]",29245,pick
BW_310,planning_suite,canonical,Qwen/Qwen2.5-7B-Instruct,27,28,"[0.9625, 0.9723, 0.9707, 0.968, 0.9692, 0.9786, 0.9766, 0.9765, 0.9735, 0.9811, 0.9776, 0.9776, 0.978, 0.9798, 0.9864, 0.9852, 0.9801, 0.9789, 0.9721, 0.9608, 0.9436, 0.9395, 0.9296, 0.9329, 0.9388, 0.9513, 0.95, 0.8665]","[118371, 129670, 134363, 140477, 126590, 130074, 140516, 133946, 131580, 142904, 137480, 137696, 129419, 123359, 114408, 118140, 118136, 115897, 122780, 93272, 99158, 100169, 89388, 71557, 81064, 69551, 53830, 1]","[-12.165, -12.5213, -12.8159, -12.8448, -12.793, -13.7093, -14.0012, -14.1018, -13.7531, -15.1055, -15.0193, -15.1284, -14.7187, -16.0784, -17.8663, -16.4498, -16.8779, -17.8464, -19.0194, -18.576, -19.4349, -26.146, -34.4546, -44.0314, -76.7395, -98.8755, -117.0082, -0.3363]",29245,pick
BW_331,planning_suite,canonical,Qwen/Qwen2.5-7B-Instruct,27,28,"[0.9643, 0.974, 0.9715, 0.9682, 0.969, 0.9789, 0.9776, 0.9775, 0.974, 0.981, 0.9765, 0.976, 0.9769, 0.9789, 0.9858, 0.9843, 0.9791, 0.9777, 0.9706, 0.9607, 0.941, 0.9375, 0.9267, 0.9277, 0.9337, 0.9477, 0.9463, 0.859]","[116839, 129167, 133447, 139681, 125873, 129853, 140411, 132961, 131335, 142754, 136488, 136713, 130227, 124130, 115177, 118526, 119696, 116665, 122318, 90016, 93501, 96182, 86740, 70587, 80597, 68599, 55629, 2]","[-12.1608, -12.5139, -12.801, -12.8198, -12.7888, -13.7034, -13.9666, -14.0416, -13.7103, -14.9843, -14.8996, -14.9569, -14.6415, -16.0294, -17.8833, -16.4723, -16.9604, -17.9249, -18.8884, -18.5787, -19.4242, -26.159, -35.0911, -44.6348, -77.6558, -98.8361, -118.6605, -2.8065]",29245,pick
BW_350,planning_suite,canonical,Qwen/Qwen2.5-7B-Instruct,27,28,"[0.9609, 0.9702, 0.9697, 0.9664, 0.9681, 0.9788, 0.9768, 0.9761, 0.9736, 0.9805, 0.9769, 0.9767, 0.9777, 0.9772, 0.9852, 0.9838, 0.9784, 0.9772, 0.9699, 0.9582, 0.9443, 0.9403, 0.9332, 0.9374, 0.9422, 0.9516, 0.9488, 0.8615]","[119573, 131995, 134333, 139272, 125011, 129090, 140602, 133135, 130894, 143325, 136744, 136726, 129333, 123621, 114877, 117457, 119031, 117306, 123247, 94109, 98002, 101030, 93843, 77496, 86398, 73487, 56048, 1]","[-12.162, -12.546, -12.8015, -12.7814, -12.764, -13.6949, -13.9881, -14.0443, -13.7164, -15.0287, -14.8846, -14.9085, -14.5692, -15.9417, -17.7115, -16.2954, -16.7906, -17.7844, -18.8023, -18.3638, -19.1645, -25.8299, -34.9278, -45.8374, -79.024, -100.2386, -119.7804, -0.4648]",29245,pick
BW_408,planning_suite,canonical,Qwen/Qwen2.5-7B-Instruct,27,28,"[0.9619, 0.971, 0.97, 0.9669, 0.9689, 0.9797, 0.9776, 0.9773, 0.974, 0.9803, 0.9752, 0.9744, 0.9749, 0.9767, 0.9847, 0.9833, 0.9778, 0.9768, 0.9693, 0.9585, 0.9443, 0.9434, 0.9349, 0.9377, 0.945, 0.9547, 0.9538, 0.8762]","[117235, 130242, 133875, 139770, 127421, 130915, 141329, 134558, 131071, 143864, 137743, 137518, 131040, 124041, 116441, 119572, 120539, 119471, 125505, 95449, 99914, 96707, 86434, 69171, 80215, 68000, 52585, 1]","[-12.1573, -12.5319, -12.8049, -12.8031, -12.7985, -13.7335, -14.0154, -14.0965, -13.7503, -15.1079, -15.0021, -15.0433, -14.731, -16.071, -17.999, -16.5163, -17.0116, -18.0828, -19.1907, -18.6916, -19.5086, -26.2829, -34.2916, -43.3091, -76.7182, -98.2944, -117.0789, -0.0271]",29245,pick
BW_467,planning_suite,canonical,Qwen/Qwen2.5-7B-Instruct,27,28,"[0.9734, 0.9761, 0.9735, 0.9679, 0.9667, 0.9751, 0.9698, 0.9686, 0.9661, 0.9755, 0.9715, 0.9722, 0.9735, 0.9759, 0.9842, 0.9831, 0.9783, 0.9788, 0.9727, 0.9648, 0.952, 0.9508, 0.9444, 0.9468, 0.9503, 0.9596, 0.9582, 0.8292]","[118398, 131260, 135102, 141897, 130607, 134234, 143071, 136638, 133722, 143980, 139684, 138728, 132252, 125973, 116811, 122172, 122150, 120139, 123435, 92823, 100306, 102083, 92043, 74211, 82416, 70817, 54030, 1]","[-12.1611, -12.5381, -12.8017, -12.8218, -12.7987, -13.7359, -13.9822, -14.0833, -13.7248, -14.9987, -14.88, -15.0496, -14.6324, -15.9502, -17.5796, -16.3823, -16.8289, -18.0113, -18.9028, -18.646, -19.5968, -26.2458, -34.9536, -45.3868, -77.9384, -99.704, -118.0108, -0.0901]",29245,pick
BW_495,planning_suite,canonical,Qwen/Qwen2.5-7B-Instruct,27,28,"[0.9637, 0.9733, 0.9716, 0.9688, 0.9697, 0.9793, 0.9773, 0.9769, 0.9739, 0.9819, 0.9784, 0.9782, 0.9789, 0.981, 0.9869, 0.9857, 0.9807, 0.9797, 0.9716, 0.9601, 0.9456, 0.9417, 0.9316, 0.9333, 0.9419, 0.9526, 0.9516, 0.8702]","[118362, 129889, 133787, 139967, 126081, 130620, 140721, 132827, 131397, 143417, 136618, 136532, 129750, 124158, 115620, 119318, 120786, 118006, 123913, 92583, 98246, 94151, 82638, 66272, 78274, 66702, 50869, 1]","[-12.1632, -12.5156, -12.7952, -12.8246, -12.7838, -13.7204, -13.9951, -14.0616, -13.723, -15.0298, -14.9188, -15.0189, -14.6999, -16.0682, -17.9493, -16.5274, -17.0387, -18.0074, -19.0489, -18.5884, -19.4124, -26.1432, -34.3965, -43.796, -76.7304, -98.425, -115.1083, -0.0298]",29245,pick
BW_E002,planning_suite,canonical,Qwen/Qwen2.5-7B-Instruct,27,28,"[0.9612, 0.9687, 0.963, 0.96, 0.9623, 0.9735, 0.9726, 0.975, 0.972, 0.9775, 0.9709, 0.9698, 0.9708, 0.9734, 0.9822, 0.9808, 0.9761, 0.9759, 0.9702, 0.961, 0.9447, 0.94, 0.9291, 0.9285, 0.9401, 0.952, 0.952, 0.8703]","[119805, 125260, 130823, 134302, 115101, 123245, 135296, 130206, 130257, 142571, 134849, 135353, 129929, 124120, 115657, 119017, 119336, 116434, 120274, 92123, 98040, 92654, 77781, 59662, 72211, 62192, 48994, 1]","[-12.1837, -12.4631, -12.7324, -12.7396, -12.7287, -13.6283, -13.9031, -14.015, -13.7144, -15.0124, -14.8905, -14.9695, -14.7883, -15.811, -17.8635, -16.4435, -16.9016, -17.9198, -18.7279, -18.4899, -19.3613, -26.6437, -33.7752, -41.1376, -75.5501, -97.5201, -114.0329, -0.0198]",29245,pick
BW_E015,planning_suite,canonical,Qwen/Qwen2.5-7B-Instruct,-1,28,"[0.9766, 0.979, 0.9742, 0.9712, 0.9715, 0.9797, 0.9773, 0.9771, 0.9743, 0.9811, 0.9772, 0.9775, 0.9784, 0.9788, 0.9856, 0.9842, 0.9784, 0.9768, 0.9703, 0.9591, 0.9373, 0.9346, 0.925, 0.9264, 0.9363, 0.947, 0.944, 0.814]","[151939, 151977, 151955, 151983, 151945, 151887, 151880, 151818, 151701, 151500, 151661, 151542, 151610, 151639, 151712, 151841, 151836, 151898, 151827, 151788, 151796, 151817, 151797, 151764, 151737, 151622, 150822, 129]","[-12.6407, -13.3944, -13.8758, -13.8936, -14.0083, -15.4561, -15.5264, -15.8743, -15.1035, -16.2283, -16.5558, -16.5502, -16.4456, -18.517, -21.6739, -20.0108, -20.6123, -22.2709, -23.1414, -23.8772, -26.2243, -36.8301, -52.6511, -65.9752, -107.1842, -134.8472, -156.7045, -24.5641]",359,un
BW_E017,planning_suite,canonical,Qwen/Qwen2.5-7B-Instruct,27,28,"[0.9765, 0.9789, 0.9747, 0.9714, 0.9712, 0.9797, 0.9771, 0.9772, 0.9739, 0.9805, 0.9759, 0.9759, 0.9765, 0.9767, 0.9841, 0.9828, 0.9779, 0.9773, 0.9713, 0.9619, 0.9496, 0.9454, 0.9373, 0.9376, 0.9468, 0.9574, 0.9565, 0.8791]","[117491, 129476, 133794, 139878, 126420, 131440, 141617, 133887, 131810, 143368, 136695, 137329, 130772, 125005, 115956, 119270, 120165, 115593, 120564, 91239, 103037, 98552, 84863, 66536, 76357, 64785, 50408, 1]","[-12.1597, -12.5136, -12.7958, -12.8139, -12.7844, -13.7374, -14.02, -14.085, -13.7258, -15.0353, -14.9221, -15.0341, -14.7108, -16.0382, -18.0525, -16.5779, -17.0368, -17.9559, -18.8679, -18.559, -19.9329, -27.2812, -35.4978, -43.6403, -77.6833, -99.2519, -115.6531, -0.02]",29245,pick
BW_E019,planning_suite,canonical,Qwen/Qwen2.5-7B-Instruct,-1,28,"[0.9766, 0.9786, 0.9746, 0.9714, 0.9715, 0.9799, 0.9772, 0.9777, 0.9744, 0.9807, 0.9764, 0.9764, 0.9767, 0.977, 0.9841, 0.9827, 0.977, 0.9767, 0.9709, 0.9616, 0.9466, 0.9426, 0.9344, 0.9359, 0.9434, 0.9526, 0.9496, 0.821]","[151939, 151973, 151952, 151980, 151941, 151880, 151876, 151827, 151702, 151495, 151671, 151552, 151612, 151629, 151711, 151846, 151845, 151898, 151848, 151834, 151787, 151780, 151723, 151685, 151681, 151575, 149925, 31]","[-12.643, -13.4181, -13.883, -13.8854, -14.0227, -15.4456, -15.5167, -15.8608, -15.056, -16.129, -16.529, -16.5133, -16.4189, -18.3851, -21.5447, -19.9764, -20.6184, -22.0915, -22.8527, -23.7255, -24.9083, -35.0235, -49.7526, -63.2644, -105.1793, -134.4143, -152.3187, -18.6436]",359,un
BW_E100,planning_suite,canonical,Qwen/Qwen2.5-7B-Instruct,27,28,"[0.9513, 0.9581, 0.954, 0.9499, 0.9525, 0.9632, 0.9625, 0.9669, 0.9639, 0.9739, 0.9705, 0.9713, 0.9729, 0.9762, 0.9839, 0.9826, 0.9774, 0.9774, 0.9717, 0.9627, 0.9414, 0.9357, 0.9271, 0.929, 0.9368, 0.9482, 0.9474, 0.818]","[125903, 127328, 128368, 128055, 109694, 119371, 130097, 129252, 129774, 142468, 134984, 135084, 126450, 120110, 112476, 116899, 118494, 117222, 117924, 90754, 101705, 93806, 88725, 78258, 85072, 73399, 56808, 2]","[-12.2078, -12.4654, -12.705, -12.6777, -12.6866, -13.502, -13.8513, -14.0326, -13.7235, -15.0896, -14.8179, -14.8904, -14.652, -15.5631, -17.4937, -16.2069, -16.7206, -17.7585, -18.4453, -18.2422, -20.1977, -27.6658, -38.2459, -48.3255, -81.3064, -102.0721, -122.4789, -3.1389]",29245,pick
MBW_001,planning_suite,canonical,Qwen/Qwen2.5-7B-Instruct,-1,28,"[0.971, 0.9746, 0.974, 0.9691, 0.9686, 0.975, 0.9703, 0.9698, 0.9678, 0.9767, 0.973, 0.9731, 0.9749, 0.978, 0.9859, 0.9846, 0.98, 0.9806, 0.9723, 0.9636, 0.9218, 0.9235, 0.9195, 0.9082, 0.8747, 0.8974, 0.8801, 0.7149]","[98418, 110299, 100549, 105742, 110512, 121792, 114379, 112084, 96314, 103076, 95611, 107665, 109596, 104548, 107005, 103861, 107444, 101333, 97812, 80125, 95619, 100416, 100040, 93639, 92356, 76848, 67596, 18]","[-12.0959, -12.3994, -12.5088, -12.4819, -12.6258, -13.5617, -13.4473, -13.6708, -13.1714, -14.0045, -13.9674, -14.3261, -14.1852, -15.3519, -17.5287, -15.9959, -16.4867, -17.7743, -18.0751, -18.4402, -21.1854, -29.3603, -39.2482, -48.6417, -81.7788, -102.6154, -124.7909, -22.0267]",20566,attack
MBW_002,planning_suite,canonical,Qwen/Qwen2.5-7B-Instruct,-1,28,"[0.9609, 0.9703, 0.9689, 0.9668, 0.9685, 0.9787, 0.9769, 0.9776, 0.975, 0.9814, 0.9765, 0.9756, 0.9768, 0.9802, 0.9869, 0.9858, 0.9803, 0.9795, 0.9684, 0.9567, 0.9257, 0.9275, 0.9199, 0.9103, 0.877, 0.898, 0.8773, 0.7207]","[95339, 106832, 98084, 106350, 110742, 117898, 112059, 109020, 95380, 106192, 99781, 108690, 107869, 104329, 103794, 101415, 107272, 100597, 98223, 80569, 94796, 101224, 100492, 91127, 90187, 72231, 59762, 7]","[-12.0885, -12.3926, -12.5147, -12.5104, -12.6489, -13.527, -13.4835, -13.6486, -13.1913, -14.1101, -14.1177, -14.3311, -14.1975, -15.4122, -17.6945, -16.0572, -16.6038, -17.865, -18.176, -18.5888, -21.8178, -30.8832, -42.2568, -51.3234, -83.5484, -102.2021, -120.6644, -16.3392]",20566,attack
MBW_010,planning_suite,canonical,Qwen/Qwen2.5-7B-Instruct,-1,28,"[0.9641, 0.9731, 0.9701, 0.9671, 0.9677, 0.9774, 0.9761, 0.9766, 0.9737, 0.9805, 0.9747, 0.9742, 0.9756, 0.9785, 0.9858, 0.9847, 0.9798, 0.9785, 0.9671, 0.9527, 0.919, 0.9219, 0.9143, 0.905, 0.8718, 0.8947, 0.8743, 0.7191]","[97212, 107910, 99341, 108984, 114333, 118990, 113290, 109081, 96038, 105683, 99674, 105064, 105662, 102530, 102899, 100607, 105799, 100403, 97765, 80009, 92168, 98174, 98590, 89775, 89829, 72220, 59966, 7]","[-12.0948, -12.3898, -12.5191, -12.5142, -12.661, -13.546, -13.5118, -13.6358, -13.1785, -14.1041, -14.1017, -14.264, -14.2015, -15.4103, -17.6981, -16.0086, -16.5505, -17.801, -18.1925, -18.6621, -21.6798, -30.3887, -41.9556, -51.3178, -83.6411, -102.8337, -121.3331, -16.5054]",20566,attack
MBW_014,planning_suite,canonical,Qwen/Qwen2.5-7B-Instruct,27,28,"[0.9671, 0.9743, 0.9718, 0.9695, 0.9711, 0.9804, 0.979, 0.979, 0.9759, 0.9812, 0.9751, 0.9741, 0.9752, 0.9783, 0.9854, 0.9841, 0.9789, 0.9777, 0.9665, 0.9513, 0.9247, 0.9261, 0.917, 0.9059, 0.885, 0.9058, 0.8819, 0.718]","[97617, 108235, 99865, 108794, 113507, 120385, 113829, 110669, 97110, 107513, 101959, 108148, 108798, 104738, 104487, 101370, 106900, 99595, 98451, 77735, 92357, 97756, 99502, 88116, 86435, 65583, 52716, 5]","[-12.0951, -12.3894, -12.5205, -12.5163, -12.6632, -13.5378, -13.5053, -13.6607, -13.1962, -14.0534, -14.1198, -14.2902, -14.2775, -15.4364, -17.776, -16.0435, -16.5567, -17.6872, -18.1888, -18.6524, -21.9692, -30.9954, -44.8678, -52.999, -83.9605, -101.767, -115.5046, -11.7585]",20566,attack
MBW_037,planning_suite,canonical,Qwen/Qwen2.5-7B-Instruct,27,28,"[0.9655, 0.9738, 0.9717, 0.9691, 0.9703, 0.9796, 0.9781, 0.9779, 0.9754, 0.9808, 0.9743, 0.9737, 0.9752, 0.9786, 0.986, 0.9849, 0.9791, 0.9778, 0.967, 0.955, 0.9236, 0.9237, 0.9184, 0.9077, 0.8851, 0.9049, 0.8834, 0.7207]","[97590, 108060, 98531, 107037, 112136, 118443, 112619, 109797, 95767, 105446, 99798, 105546, 107045, 104082, 104341, 102202, 107431, 100971, 99121, 79195, 93112, 99528, 99811, 87979, 87735, 68124, 54807, 4]","[-12.096, -12.3928, -12.5135, -12.5008, -12.6461, -13.5283, -13.5023, -13.649, -13.18, -14.0837, -14.1306, -14.2797, -14.2566, -15.493, -17.7061, -16.022, -16.5341, -17.6335, -18.1008, -18.6584, -21.9325, -30.7562, -43.3471, -51.7078, -83.9457, -101.9976, -117.9769, -13.1459]",20566,attack
MBW_10,planning_suite,canonical,Qwen/Qwen2.5-7B-Instruct,-1,28,"[0.9727, 0.9768, 0.9748, 0.9691, 0.9674, 0.9747, 0.9707, 0.9704, 0.9688, 0.9776, 0.9738, 0.9742, 0.9763, 0.9788, 0.9859, 0.9845, 0.9797, 0.9803, 0.9732, 0.9649, 0.9223, 0.9252, 0.9174, 0.9048, 0.8673, 0.894, 0.8764, 0.7068]","[99821, 110477, 100665, 108253, 113313, 122242, 116058, 111239, 95778, 101737, 94771, 104347, 107773, 103784, 106623, 103977, 104986, 99538, 97994, 78766, 92713, 99549, 98852, 91013, 91517, 74838, 64555, 13]","[-12.102, -12.4019, -12.5149, -12.4891, -12.6303, -13.5632, -13.4855, -13.6371, -13.1327, -13.9919, -13.9368, -14.2581, -14.1509, -15.26, -17.4758, -15.8861, -16.3489, -17.6729, -18.0802, -18.5649, -21.3412, -29.8957, -40.7083, -50.5117, -83.3704, -104.3504, -125.4403, -20.2624]",20566,attack
MBW_100,planning_suite,canonical,Qwen/Qwen2.5-7B-Instruct,-1,28,"[0.9727, 0.9754, 0.9743, 0.9695, 0.9689, 0.9754, 0.9714, 0.9706, 0.9691, 0.9776, 0.9739, 0.9744, 0.9768, 0.9795, 0.9867, 0.9858, 0.9799, 0.9803, 0.9723, 0.9648, 0.929, 0.9307, 0.9214, 0.9068, 0.8707, 0.8977, 0.8759, 0.7132]","[99466, 110528, 99694, 106356, 111786, 122037, 115556, 112401, 95916, 102190, 94588, 104412, 108355, 104341, 107515, 104519, 106164, 101140, 100752, 80089, 94915, 101079, 99352, 89137, 89304, 70241, 58707, 6]","[-12.1008, -12.4023, -12.5057, -12.475, -12.6213, -13.5526, -13.4824, -13.6639, -13.1487, -14.007, -13.9651, -14.2841, -14.2103, -15.3235, -17.5128, -15.8882, -16.3006, -17.4879, -18.0171, -18.5274, -21.4816, -30.2482, -42.1987, -51.4151, -84.0392, -104.2457, -122.3055, -17.019]",20566,attack
MBW_127,planning_suite,canonical,Qwen/Qwen2.5-7B-Instruct,-1,28,"[0.9733, 0.9774, 0.975, 0.9695, 0.9685, 0.9757, 0.9719, 0.9718, 0.9701, 0.9788, 0.9751, 0.9757, 0.9782, 0.9802, 0.9867, 0.9854, 0.9802, 0.9804, 0.9725, 0.965, 0.927, 0.9279, 0.9202, 0.908, 0.8719, 0.8985, 0.8811, 0.717]","[100004, 110804, 100563, 107764, 112711, 122149, 115835, 111190, 95388, 101715, 93973, 104258, 107950, 103825, 106608, 104106, 105133, 99277, 97784, 78902, 92195, 99454, 98694, 90227, 90286, 73048, 60854, 10]","[-12.1033, -12.4024, -12.5117, -12.4854, -12.6238, -13.5522, -13.4818, -13.6351, -13.1276, -13.9837, -13.9167, -14.2408, -14.1354, -15.2496, -17.4538, -15.8704, -16.3057, -17.6202, -18.0523, -18.6311, -21.3695, -30.0166, -41.1694, -50.2693, -82.6931, -103.0262, -121.9392, -17.6266]",20566,attack
MBW_185,planning_suite,canonical,Qwen/Qwen2.5-7B-Instruct,-1,28,"[0.9685, 0.9725, 0.9728, 0.9688, 0.9684, 0.9758, 0.9715, 0.9712, 0.9697, 0.9774, 0.974, 0.9745, 0.9763, 0.979, 0.9867, 0.9853, 0.9807, 0.9812, 0.9733, 0.967, 0.931, 0.9331, 0.9244, 0.9103, 0.8715, 0.8964, 0.8776, 0.7104]","[97313, 108974, 99968, 106677, 111474, 121696, 116257, 113225, 97437, 102831, 95561, 107753, 109516, 104696, 107802, 104221, 107901, 103091, 98731, 80215, 94822, 98143, 100035, 91001, 90856, 73219, 62713, 11]","[-12.0917, -12.3983, -12.5129, -12.4901, -12.6229, -13.5368, -13.4816, -13.6828, -13.2002, -14.0056, -13.9436, -14.3348, -14.2359, -15.3603, -17.5022, -15.9467, -16.4343, -17.6972, -18.0579, -18.4986, -21.3581, -29.6393, -40.4111, -49.723, -82.5969, -102.6732, -123.2783, -19.5988]",20566,attack
MBW_495,planning_suite,canonical,Qwen/Qwen2.5-7B-Instruct,-1,28,"[0.9643, 0.9731, 0.9702, 0.9674, 0.9679, 0.9774, 0.9763, 0.9768, 0.9738, 0.9806, 0.9752, 0.9748, 0.9762, 0.9788, 0.986, 0.9849, 0.98, 0.9789, 0.9687, 0.9559, 0.9288, 0.9292, 0.9226, 0.9133, 0.8889, 0.9073, 0.8872, 0.746]","[97482, 108310, 99213, 109057, 114254, 118859, 113230, 108877, 95556, 105279, 99178, 104937, 105653, 102605, 102907, 100966, 105714, 100203, 97329, 78612, 92440, 99427, 99495, 89557, 88750, 70308, 57357, 7]","[-12.0963, -12.3894, -12.516, -12.5175, -12.66, -13.5342, -13.5109, -13.6285, -13.1698, -14.085, -14.0878, -14.2622, -14.1979, -15.4255, -17.6976, -16.0168, -16.5347, -17.8179, -18.1921, -18.6985, -21.7385, -30.6802, -42.9062, -51.3345, -83.6862, -102.2451, -119.176, -14.1409]",20566,attack
BW_496,planning_suite,canonical,Qwen/Qwen2.5-7B-Instruct,27,28,"[0.9651, 0.968, 0.9698, 0.9666, 0.9692, 0.9784, 0.9762, 0.9766, 0.972, 0.9752, 0.9704, 0.9703, 0.9697, 0.9701, 0.9757, 0.9726, 0.9654, 0.9606, 0.955, 0.9431, 0.9193, 0.8974, 0.8805, 0.8835, 0.8972, 0.907, 0.8975, 0.7471]","[119978, 131777, 134463, 139188, 125640, 129075, 140507, 133223, 129860, 142805, 136347, 136460, 128535, 124449, 115425, 118484, 119747, 118006, 122920, 99426, 101191, 102242, 97877, 84580, 91571, 78410, 59124, 2]","[-12.1651, -12.5544, -12.8052, -12.7747, -12.7671, -13.6584, -13.9849, -14.0277, -13.6824, -15.0004, -14.8696, -14.897, -14.6012, -15.986, -17.7198, -16.3177, -16.815, -17.8599, -18.7898, -18.5792, -19.3683, -26.6563, -35.6785, -45.8095, -77.1056, -98.4585, -118.254, -1.7826]",29245,pick
BW_497,planning_suite,canonical,Qwen/Qwen2.5-7B-Instruct,27,28,"[0.9725, 0.9736, 0.9719, 0.9668, 0.9687, 0.9782, 0.9763, 0.9782, 0.9737, 0.9787, 0.9748, 0.9748, 0.9735, 0.9744, 0.9813, 0.9789, 0.9697, 0.9644, 0.9581, 0.9479, 0.927, 0.9164, 0.8998, 0.8992, 0.9055, 0.9221, 0.916, 0.7878]","[117190, 129523, 133876, 140064, 125645, 129972, 140690, 133244, 131446, 142829, 136457, 136927, 130514, 124312, 115062, 118026, 119896, 116882, 122144, 89180, 96575, 103061, 91608, 77063, 85534, 74744, 60749, 2]","[-12.1617, -12.5208, -12.8084, -12.8192, -12.7814, -13.7094, -13.9682, -14.0361, -13.6937, -14.9732, -14.8941, -14.9509, -14.6251, -16.004, -17.8276, -16.4328, -16.9114, -17.8837, -18.9028, -18.5078, -19.429, -26.3468, -36.0497, -46.4126, -79.1821, -101.3914, -121.7891, -5.9165]",29245,pick
BW_498,planning_suite,canonical,Qwen/Qwen2.5-7B-Instruct,27,28,"[0.9684, 0.9705, 0.9716, 0.9685, 0.9707, 0.9788, 0.977, 0.9774, 0.9737, 0.9769, 0.9723, 0.9721, 0.9712, 0.9708, 0.9761, 0.9728, 0.9657, 0.9612, 0.9554, 0.9447, 0.927, 0.9107, 0.8905, 0.8943, 0.906, 0.9159, 0.905, 0.7608]","[119893, 131927, 134420, 139329, 125156, 129189, 140508, 133205, 130660, 143157, 136465, 136758, 128991, 123971, 114936, 117288, 119357, 117452, 121256, 94392, 99602, 99931, 93057, 79728, 87758, 75025, 57245, 2]","[-12.1635, -12.5468, -12.8051, -12.7854, -12.7694, -13.6995, -13.9907, -14.0471, -13.7062, -15.0338, -14.8835, -14.9256, -14.6018, -15.99, -17.7492, -16.3425, -16.8101, -17.7768, -18.7419, -18.4814, -19.3204, -26.2195, -35.2352, -45.5236, -76.9088, -98.2172, -118.1914, -1.3537]",29245,pick
BW_499,planning_suite,canonical,Qwen/Qwen2.5-7B-Instruct,27,28,"[0.9724, 0.9738, 0.9735, 0.969, 0.9706, 0.979, 0.9766, 0.9772, 0.9727, 0.978, 0.9742, 0.9745, 0.9734, 0.9737, 0.9798, 0.9771, 0.9672, 0.9618, 0.9565, 0.9461, 0.9272, 0.9149, 0.8973, 0.8979, 0.9037, 0.9155, 0.9032, 0.7556]","[118769, 129690, 133677, 140013, 126137, 130802, 140706, 132900, 131372, 143490, 136885, 136836, 129897, 124201, 115498, 119050, 121375, 118910, 125269, 95509, 102336, 102440, 90931, 75457, 84188, 73452, 57840, 2]","[-12.1648, -12.5151, -12.7973, -12.825, -12.7889, -13.7345, -13.9902, -14.0587, -13.7156, -15.0564, -14.9465, -15.0019, -14.7018, -16.0801, -17.9406, -16.5106, -17.0474, -18.0099, -19.0857, -18.708, -19.7141, -26.523, -35.4793, -45.7373, -77.8363, -99.9305, -119.8966, -2.665]",29245,pick
BW_500,planning_suite,canonical,Qwen/Qwen2.5-7B-Instruct,27,28,"[0.9703, 0.9721, 0.9729, 0.97, 0.9723, 0.9798, 0.9782, 0.9789, 0.9747, 0.9781, 0.9736, 0.9736, 0.9721, 0.9716, 0.9777, 0.9745, 0.9655, 0.9608, 0.955, 0.9438, 0.9249, 0.9027, 0.8863, 0.8879, 0.9016, 0.9127, 0.9037, 0.7581]","[117734, 130203, 133994, 139852, 127307, 130864, 141194, 134678, 131339, 143698, 137485, 137503, 130727, 124156, 116646, 119002, 121006, 120639, 125658, 100977, 103163, 106550, 98243, 83273, 91344, 77986, 59340, 2]","[-12.1588, -12.536, -12.8073, -12.7989, -12.7954, -13.7299, -14.0069, -14.0873, -13.745, -15.0814, -14.9708, -15.0197, -14.703, -16.1012, -17.9844, -16.4928, -16.9832, -18.0548, -19.1698, -18.8243, -19.2567, -26.0165, -34.4145, -44.6734, -76.638, -98.5312, -119.9991, -1.8984]",29245,pick
BW_501,planning_suite,canonical,Qwen/Qwen2.5-7B-Instruct,27,28,"[0.9705, 0.972, 0.9727, 0.9699, 0.9722, 0.98, 0.9782, 0.979, 0.9747, 0.9778, 0.9732, 0.9731, 0.9714, 0.9715, 0.9778, 0.9747, 0.9656, 0.9611, 0.9557, 0.9444, 0.929, 0.9128, 0.8956, 0.8945, 0.9063, 0.9161, 0.907, 0.7644]","[118057, 130670, 134197, 140122, 127424, 130787, 141106, 134705, 131350, 143767, 137496, 137323, 130659, 124076, 116653, 119330, 121404, 120024, 124310, 98656, 101822, 104288, 94847, 81054, 88723, 76114, 58344, 2]","[-12.1598, -12.5389, -12.808, -12.8062, -12.7965, -13.727, -14.0107, -14.0955, -13.7518, -15.0861, -14.9658, -15.0151, -14.7114, -16.0872, -17.9925, -16.4977, -17.0249, -18.0819, -19.1295, -18.8725, -19.7313, -26.9095, -36.0284, -46.3436, -78.2867, -99.6415, -120.5237, -2.4596]",29245,pick
BW_502,planning_suite,canonical,Qwen/Qwen2.5-7B-Instruct,27,28,"[0.9738, 0.9745, 0.9747, 0.9706, 0.9722, 0.9796, 0.9773, 0.9783, 0.9744, 0.9784, 0.9742, 0.9739, 0.973, 0.9728, 0.9795, 0.9771, 0.9678, 0.9628, 0.9569, 0.9469, 0.9317, 0.9206, 0.9038, 0.9053, 0.9156, 0.9245, 0.9097, 0.7763]","[117448, 129267, 133424, 139770, 127153, 131729, 141407, 133859, 130968, 142691, 135591, 136612, 130316, 124938, 115729, 118414, 120422, 117784, 123952, 94854, 98095, 98413, 87736, 70077, 80229, 68179, 53204, 2]","[-12.1605, -12.514, -12.7894, -12.8149, -12.8006, -13.732, -13.9908, -14.0615, -13.6992, -14.9521, -14.8705, -14.9447, -14.6421, -15.9788, -17.8808, -16.4598, -16.9909, -17.939, -18.9664, -18.6637, -19.4057, -26.6302, -35.4212, -44.3712, -77.1828, -99.2506, -116.0677, -0.9365]",29245,pick
BW_503,planning_suite,canonical,Qwen/Qwen2.5-7B-Instruct,27,28,"[0.9657, 0.9685, 0.9695, 0.9659, 0.9682, 0.9773, 0.9754, 0.9764, 0.9718, 0.9745, 0.97, 0.9702, 0.9691, 0.9689, 0.9748, 0.9718, 0.965, 0.9608, 0.9536, 0.9405, 0.9168, 0.8941, 0.8833, 0.8861, 0.9019, 0.913, 0.9014, 0.7688]","[120840, 131990, 134145, 139442, 126957, 129618, 140527, 133315, 130541, 143210, 136480, 135962, 129240, 124245, 115099, 118193, 120310, 119444, 126529, 100791, 102462, 105603, 99367, 84780, 92455, 78162, 61149, 2]","[-12.1692, -12.5594, -12.8039, -12.7834, -12.7825, -13.661, -13.9691, -14.0291, -13.6808, -14.9927, -14.8471, -14.8955, -14.6127, -16.0613, -17.76, -16.3573, -16.8769, -17.9988, -18.9557, -18.5014, -19.179, -26.2064, -34.5626, -44.8491, -77.2674, -96.844, -118.7746, -2.4154]",29245,pick
BW_504,planning_suite,canonical,Qwen/Qwen2.5-7B-Instruct,27,28,"[0.972, 0.9729, 0.9736, 0.9702, 0.9714, 0.9792, 0.977, 0.9774, 0.973, 0.9772, 0.973, 0.9729, 0.9714, 0.9711, 0.9766, 0.974, 0.9648, 0.9598, 0.9541, 0.9453, 0.9328, 0.9181, 0.902, 0.9049, 0.9144, 0.9202, 0.9136, 0.7699]","[118710, 130619, 133941, 140560, 127515, 131255, 141471, 133411, 130559, 143358, 136797, 136816, 130409, 124122, 116444, 120246, 121651, 119801, 124992, 96877, 101446, 100456, 91664, 75442, 84890, 72928, 55943, 2]","[-12.1631, -12.5404, -12.8088, -12.8196, -12.7876, -13.7264, -14.0094, -14.0461, -13.7114, -15.0378, -14.9184, -14.9774, -14.6712, -16.061, -17.9004, -16.5092, -16.9873, -18.0003, -19.0603, -18.6543, -19.3642, -26.2721, -34.9251, -44.6726, -77.134, -99.0858, -118.2368, -0.9855]",29245,pick
BW_505,planning_suite,canonical,Qwen/Qwen2.5-7B-Instruct,27,28,"[0.9726, 0.9741, 0.9739, 0.9693, 0.971, 0.9793, 0.977, 0.9776, 0.9737, 0.9794, 0.9757, 0.9759, 0.9752, 0.975, 0.9809, 0.9787, 0.9691, 0.9631, 0.9568, 0.9462, 0.9309, 0.9196, 0.905, 0.9065, 0.9133, 0.923, 0.9104, 0.7796]","[117813, 129407, 133391, 139674, 125929, 130438, 140536, 132686, 131399, 143435, 136718, 136961, 130146, 124343, 115968, 119451, 122137, 120320, 125422, 95594, 101216, 101056, 90783, 73072, 82653, 69717, 53424, 2]","[-12.1622, -12.5128, -12.792, -12.8187, -12.7864, -13.7243, -13.9832, -14.0505, -13.7142, -15.0404, -14.9242, -15.0036, -14.7003, -16.0887, -17.9327, -16.5188, -17.0721, -18.0618, -19.0725, -18.5177, -19.5134, -26.6319, -36.0025, -45.246, -76.8202, -98.2957, -115.6363, -0.8886]",29245,pick
BW_506,planning_suite,canonical,Qwen/Qwen2.5-7B-Instruct,27,28,"[0.9738, 0.9743, 0.9727, 0.9675, 0.9694, 0.9787, 0.9768, 0.9785, 0.9739, 0.9784, 0.9742, 0.9743, 0.9729, 0.9738, 0.9809, 0.9785, 0.9687, 0.9632, 0.9567, 0.946, 0.9282, 0.918, 0.9004, 0.9001, 0.9062, 0.9193, 0.9042, 0.7615]","[116680, 129451, 133850, 139872, 125997, 129906, 140515, 133087, 131228, 142813, 136183, 136514, 130239, 124782, 115316, 118097, 120139, 116886, 123248, 90939, 98306, 104363, 92768, 76314, 84262, 73770, 60581, 2]","[-12.1603, -12.5211, -12.8078, -12.8186, -12.7843, -13.7068, -13.9702, -14.0328, -13.6875, -14.9667, -14.8762, -14.9435, -14.638, -16.0247, -17.8608, -16.4694, -16.965, -17.9402, -18.899, -18.592, -19.5321, -26.745, -36.1496, -45.808, -78.7199, -100.7334, -121.2096, -4.9578]",29245,pick
BW_507,planning_suite,canonical,Qwen/Qwen2.5-7B-Instruct,27,28,"[0.9737, 0.9743, 0.9724, 0.9673, 0.9692, 0.9786, 0.9768, 0.9785, 0.9741, 0.9785, 0.9744, 0.9745, 0.9732, 0.9739, 0.9809, 0.9785, 0.9689, 0.9633, 0.9566, 0.9455, 0.9258, 0.9163, 0.8979, 0.8963, 0.9017, 0.9164, 0.9021, 0.7599]","[117096, 129670, 133961, 140109, 125976, 129986, 140612, 133083, 131444, 142802, 136178, 136630, 130184, 124447, 115047, 118242, 120021, 117005, 121621, 89640, 95973, 102199, 90636, 76952, 85347, 74661, 61609, 2]","[-12.1618, -12.5206, -12.8086, -12.8249, -12.785, -13.7088, -13.9721, -14.0353, -13.6997, -14.9756, -14.8712, -14.9325, -14.6215, -15.9995, -17.831, -16.4433, -16.9327, -17.9005, -18.8827, -18.5485, -19.4254, -26.3886, -36.015, -46.5502, -79.5947, -101.7828, -122.7366, -6.1581]",29245,pick
BW_508,planning_suite,canonical,Qwen/Qwen2.5-7B-Instruct,27,28,"[0.9725, 0.974, 0.9739, 0.9694, 0.9711, 0.9793, 0.977, 0.9776, 0.9737, 0.979, 0.9751, 0.9754, 0.9747, 0.9745, 0.9806, 0.9783, 0.9686, 0.9626, 0.9561, 0.945, 0.9288, 0.916, 0.9015, 0.9016, 0.907, 0.9193, 0.9064, 0.7675]","[118118, 129610, 133575, 139801, 125993, 130446, 140545, 132665, 131270, 143449, 136560, 136774, 129799, 124373, 115908, 119456, 122202, 120061, 125416, 95843, 98972, 101755, 92748, 77392, 85987, 74448, 57421, 2]","[-12.1631, -12.5149, -12.7946, -12.8218, -12.7878, -13.7273, -13.9873, -14.0544, -13.7118, -15.0396, -14.9142, -14.9959, -14.6986, -16.0821, -17.9296, -16.5323, -17.0841, -18.0723, -19.0936, -18.5297, -19.4328, -26.5417, -36.1791, -46.011, -77.4107, -99.451, -117.9854, -2.5483]",29245,pick
BW_509,planning_suite,canonical,Qwen/Qwen2.5-7B-Instruct,27,28,"[0.9726, 0.974, 0.9737, 0.9691, 0.9707, 0.9792, 0.977, 0.9777, 0.9736, 0.9789, 0.9749, 0.9751, 0.9744, 0.9743, 0.9806, 0.9783, 0.9685, 0.9626, 0.9566, 0.9476, 0.9311, 0.9212, 0.9066, 0.9073, 0.9111, 0.9228, 0.9094, 0.7427]","[118020, 129804, 133527, 139815, 126163, 130405, 140453, 132742, 131357, 143527, 136530, 136511, 129821, 124591, 116036, 119415, 122336, 119597, 125478, 96194, 98857, 99661, 91040, 76473, 85825, 74971, 59559, 2]","[-12.163, -12.5139, -12.7918, -12.8251, -12.7895, -13.7226, -13.9851, -14.0585, -13.715, -15.0467, -14.9156, -14.9809, -14.712, -16.1, -17.9496, -16.5357, -17.0954, -18.0512, -19.1017, -18.6895, -19.4661, -26.3417, -35.8354, -46.3172, -78.2119, -100.3786, -120.0261, -3.3875]",29245,pick
BW_510,planning_suite,canonical,Qwen/Qwen2.5-7B-Instruct,27,28,"[0.972, 0.9728, 0.9736, 0.9704, 0.9715, 0.9794, 0.9773, 0.9778, 0.9737, 0.9774, 0.9729, 0.9726, 0.9709, 0.9707, 0.9767, 0.9739, 0.9645, 0.9604, 0.9548, 0.9457, 0.9286, 0.9112, 0.8926, 0.8945, 0.9003, 0.9099, 0.9026, 0.7454]","[118261, 130472, 133729, 140474, 127682, 131035, 141260, 133207, 130470, 143227, 136327, 136305, 130197, 123935, 116311, 119703, 121134, 119615, 124717, 97158, 100598, 105109, 98740, 82230, 90879, 77594, 58831, 2]","[-12.162, -12.5404, -12.8065, -12.8208, -12.7931, -13.7204, -14.0069, -14.0456, -13.7159, -15.0296, -14.9049, -14.9652, -14.6905, -16.0602, -17.914, -16.4968, -16.9787, -18.002, -19.067, -18.6476, -19.25, -26.6014, -36.1005, -45.6457, -77.5881, -99.1678, -119.0744, -2.4176]",29245,pick
BW_511,planning_suite,canonical,Qwen/Qwen2.5-7B-Instruct,27,28,"[0.9738, 0.9746, 0.9748, 0.9706, 0.9721, 0.9795, 0.9771, 0.9781, 0.9744, 0.9786, 0.9747, 0.9744, 0.9738, 0.9734, 0.9801, 0.9777, 0.9682, 0.9632, 0.9568, 0.9459, 0.9318, 0.9197, 0.9039, 0.9051, 0.9142, 0.9235, 0.9105, 0.7822]","[117005, 128979, 133227, 139644, 127263, 131725, 141515, 134007, 131116, 142605, 136003, 136760, 130567, 124803, 115599, 117949, 119831, 117694, 123364, 94611, 99690, 100724, 91681, 74526, 83615, 71118, 54343, 2]","[-12.159, -12.5112, -12.7874, -12.8111, -12.8007, -13.7324, -13.9923, -14.0683, -13.7073, -14.9482, -14.8883, -14.9726, -14.6566, -16.0031, -17.9045, -16.4711, -16.9824, -17.9708, -18.9774, -18.5538, -19.568, -26.6055, -36.1053, -45.3275, -77.9485, -99.8026, -117.043, -1.8875]",29245,pick
BW_512,planning_suite,canonical,Qwen/Qwen2.5-7B-Instruct,27,28,"[0.9703, 0.9722, 0.9733, 0.9705, 0.9723, 0.9797, 0.9777, 0.9786, 0.9744, 0.9776, 0.9739, 0.9738, 0.9733, 0.9738, 0.9804, 0.9782, 0.9697, 0.965, 0.9586, 0.9481, 0.933, 0.9196, 0.9062, 0.9083, 0.9149, 0.928, 0.9224, 0.8047]","[118947, 130655, 134693, 140276, 126791, 130881, 140937, 133968, 131000, 142849, 135947, 136660, 129482, 124368, 115982, 119271, 120584, 118139, 126106, 98186, 102357, 101851, 94138, 76980, 86097, 74062, 57157, 2]","[-12.1666, -12.5302, -12.8172, -12.8352, -12.7921, -13.7074, -13.9993, -14.0754, -13.7292, -15.0133, -14.9062, -15.0119, -14.7139, -16.0699, -17.8605, -16.4793, -16.9978, -18.0023, -19.202, -18.7651, -19.6116, -26.4632, -35.3143, -45.3973, -77.7616, -100.1349, -118.9351, -2.0518]",29245,pick
BW_513,planning_suite,canonical,Qwen/Qwen2.5-7B-Instruct,27,28,"[0.9717, 0.9724, 0.9732, 0.9698, 0.9709, 0.9789, 0.9767, 0.9772, 0.973, 0.9769, 0.9725, 0.9725, 0.9709, 0.9706, 0.9767, 0.9741, 0.9654, 0.96, 0.9544, 0.9441, 0.9288, 0.9153, 0.8982, 0.9, 0.9132, 0.9201, 0.9097, 0.7717]","[118689, 130588, 133850, 140623, 127717, 131366, 141387, 133431, 130634, 143215, 136575, 136570, 130103, 123773, 116223, 119823, 121905, 120226, 125703, 98294, 100926, 99316, 90404, 72798, 83196, 70875, 54759, 1]","[-12.163, -12.5408, -12.8087, -12.8227, -12.7914, -13.7297, -14.0118, -14.0487, -13.7174, -15.0396, -14.9064, -14.9782, -14.6757, -16.0701, -17.9191, -16.5106, -16.9881, -18.0433, -19.1126, -18.6743, -19.2324, -25.9322, -34.7653, -43.9904, -76.1124, -97.7389, -117.2385, -0.3762]",29245,pick
BW_514,planning_suite,canonical,Qwen/Qwen2.5-7B-Instruct,27,28,"[0.972, 0.9731, 0.9739, 0.9709, 0.9727, 0.9798, 0.9777, 0.9783, 0.9737, 0.9767, 0.973, 0.973, 0.9721, 0.9728, 0.9793, 0.9768, 0.9674, 0.9623, 0.9566, 0.9461, 0.9288, 0.9105, 0.8937, 0.8955, 0.904, 0.9166, 0.9045, 0.7667]","[119031, 130297, 134691, 140343, 126755, 131168, 141170, 134318, 131176, 142960, 136409, 137169, 129837, 124299, 115565, 119349, 120393, 117737, 125816, 98784, 104084, 105814, 97314, 80419, 88502, 76474, 59171, 2]","[-12.1668, -12.5301, -12.8219, -12.8382, -12.7949, -13.7192, -14.0017, -14.0849, -13.7384, -15.0368, -14.9469, -15.0434, -14.7079, -16.0692, -17.8564, -16.4731, -16.9845, -17.9741, -19.1667, -18.6462, -19.4536, -26.5118, -36.0395, -46.2632, -77.9724, -100.4504, -119.6619, -2.755]",29245,pick
BW_515,planning_suite,canonical,Qwen/Qwen2.5-7B-Instruct,27,28,"[0.9721, 0.9733, 0.974, 0.9709, 0.9726, 0.9799, 0.9778, 0.9785, 0.9739, 0.9765, 0.9725, 0.9723, 0.9712, 0.9723, 0.9791, 0.9764, 0.9666, 0.962, 0.9565, 0.9437, 0.9262, 0.9095, 0.8927, 0.8941, 0.904, 0.9165, 0.9081, 0.7647]","[119382, 130420, 134688, 140506, 127232, 131218, 141112, 134229, 131092, 142924, 136186, 136817, 129628, 124226, 115590, 119182, 120935, 118056, 125206, 98149, 103785, 102892, 94086, 78230, 86405, 73901, 57087, 2]","[-12.168, -12.5299, -12.8206, -12.8414, -12.8005, -13.7185, -14.0074, -14.0875, -13.7386, -15.036, -14.9404, -15.0273, -14.7249, -16.0859, -17.8631, -16.478, -17.0142, -18.0068, -19.1911, -18.6809, -19.6015, -26.478, -36.0203, -46.1575, -78.3866, -100.331, -119.141, -2.1158]",29245,pick
MBW_496,planning_suite,canonical,Qwen/Qwen2.5-7B-Instruct,-1,28,"[0.9685, 0.9712, 0.9729, 0.9702, 0.9721, 0.9793, 0.9787, 0.9798, 0.9757, 0.9789, 0.9739, 0.9739, 0.9728, 0.9726, 0.9791, 0.9755, 0.9661, 0.9586, 0.9516, 0.9351, 0.9193, 0.9176, 0.9121, 0.9077, 0.9058, 0.9201, 0.9039, 0.7796]","[95201, 106501, 98683, 106423, 111111, 117972, 113249, 109901, 96926, 106129, 100277, 109094, 107476, 104648, 105150, 102762, 109262, 103249, 97098, 78635, 94338, 97339, 99475, 91009, 90826, 73705, 62939, 11]","[-12.0862, -12.3861, -12.518, -12.5069, -12.6434, -13.5174, -13.5, -13.6624, -13.219, -14.114, -14.1388, -14.3587, -14.279, -15.5381, -17.743, -16.0965, -16.5726, -17.7458, -18.1518, -18.5595, -21.62, -30.5933, -41.5046, -51.0957, -84.1724, -103.5076, -123.7467, -19.4966]",20566,attack
MBW_497,planning_suite,canonical,Qwen/Qwen2.5-7B-Instruct,-1,28,"[0.9681, 0.9706, 0.9721, 0.9695, 0.9716, 0.9789, 0.9783, 0.9795, 0.9752, 0.9784, 0.9729, 0.9729, 0.9722, 0.9724, 0.979, 0.9756, 0.9657, 0.9583, 0.9506, 0.933, 0.9174, 0.9186, 0.9088, 0.9008, 0.8997, 0.9126, 0.8981, 0.764]","[95347, 106783, 98959, 106732, 111455, 118097, 113197, 110033, 96907, 106147, 100345, 108871, 107713, 104817, 105247, 102739, 109211, 103180, 98013, 79918, 95268, 98683, 100928, 93379, 92398, 75098, 65279, 13]","[-12.0865, -12.3893, -12.521, -12.5082, -12.6461, -13.5202, -13.4968, -13.6608, -13.2174, -14.1072, -14.1282, -14.3454, -14.2768, -15.5217, -17.7427, -16.0995, -16.5712, -17.7517, -18.1265, -18.5868, -21.646, -30.4161, -41.4743, -51.3, -84.653, -104.0749, -124.3305, -21.1725]",20566,attack
MBW_498,planning_suite,canonical,Qwen/Qwen2.5-7B-Instruct,-1,28,"[0.9682, 0.9708, 0.9723, 0.9696, 0.9717, 0.9789, 0.9785, 0.9793, 0.9745, 0.9789, 0.9727, 0.9728, 0.9717, 0.9717, 0.9791, 0.9758, 0.9661, 0.9596, 0.954, 0.9367, 0.9144, 0.9165, 0.9065, 0.8999, 0.8978, 0.9085, 0.8974, 0.7575]","[94865, 106798, 98469, 107568, 112416, 117907, 112890, 109616, 97580, 105845, 99897, 107455, 106396, 103567, 103620, 103158, 109843, 102595, 96408, 78755, 91644, 97234, 100714, 94201, 93341, 78532, 70790, 29]","[-12.0849, -12.3888, -12.513, -12.5105, -12.6541, -13.5434, -13.507, -13.6607, -13.253, -14.152, -14.1451, -14.3024, -14.2224, -15.5261, -17.7192, -16.1381, -16.6047, -17.7486, -18.1393, -18.6978, -21.3879, -29.5322, -39.3755, -49.6847, -84.2775, -104.8535, -128.0025, -24.4828]",20566,attack
MBW_499,planning_suite,canonical,Qwen/Qwen2.5-7B-Instruct,-1,28,"[0.9706, 0.972, 0.9735, 0.9715, 0.9733, 0.9805, 0.9796, 0.9806, 0.9768, 0.9801, 0.975, 0.9752, 0.974, 0.974, 0.9803, 0.9768, 0.9661, 0.9582, 0.95, 0.9347, 0.9173, 0.9143, 0.9035, 0.8944, 0.8924, 0.9053, 0.8953, 0.7472]","[95861, 107332, 99773, 106953, 111099, 118945, 111774, 109858, 97342, 106827, 100385, 108125, 107763, 104177, 104964, 102570, 108885, 102191, 97730, 81019, 95980, 101581, 101326, 93883, 93054, 78014, 68938, 21]","[-12.088, -12.3895, -12.5211, -12.5085, -12.6551, -13.553, -13.4756, -13.6743, -13.2253, -14.1146, -14.1381, -14.3445, -14.2242, -15.4243, -17.7963, -16.1329, -16.655, -17.8756, -18.1339, -18.615, -21.6878, -30.1195, -40.5468, -50.358, -84.1542, -104.3692, -126.6131, -22.7026]",20566,attack
MBW_500,planning_suite,canonical,Qwen/Qwen2.5-7B-Instruct,-1,28,"[0.9645, 0.9684, 0.9707, 0.9681, 0.9702, 0.978, 0.9773, 0.9785, 0.974, 0.9775, 0.9719, 0.9715, 0.9706, 0.971, 0.9782, 0.9747, 0.9639, 0.9564, 0.9484, 0.931, 0.9182, 0.914, 0.9107, 0.9113, 0.9192, 0.9265, 0.9123, 0.7874]","[95188, 106742, 98845, 106353, 110769, 117805, 112722, 109531, 96311, 105999, 100329, 108571, 107482, 104389, 105245, 102648, 109287, 102686, 98267, 80212, 95246, 100316, 101730, 91771, 91000, 73565, 60455, 9]","[-12.0868, -12.391, -12.5209, -12.5059, -12.6409, -13.5114, -13.4923, -13.6514, -13.2038, -14.1091, -14.1405, -14.3473, -14.273, -15.524, -17.7581, -16.0992, -16.5643, -17.7193, -18.1303, -18.6375, -21.5999, -30.7969, -41.7352, -51.0146, -83.7693, -102.7836, -121.5673, -16.9782]",20566,attack
BW_E_001,planning_suite,canonical,Qwen/Qwen2.5-7B-Instruct,27,28,"[0.9721, 0.9731, 0.974, 0.9709, 0.9727, 0.9799, 0.9778, 0.9784, 0.9739, 0.9771, 0.9736, 0.9736, 0.9727, 0.9733, 0.9796, 0.977, 0.9675, 0.9628, 0.9572, 0.946, 0.9299, 0.9145, 0.8976, 0.8994, 0.9095, 0.9187, 0.9084, 0.7637]","[118679, 130285, 134487, 140161, 126558, 131063, 141039, 134215, 131138, 142978, 136663, 137222, 129973, 124421, 115622, 119170, 119924, 117523, 125624, 97152, 101811, 101723, 93089, 75754, 84836, 73160, 56681, 2]","[-12.1661, -12.5299, -12.8185, -12.8363, -12.794, -13.7139, -13.9988, -14.0839, -13.7389, -15.0404, -14.9561, -15.0559, -14.7219, -16.0881, -17.8808, -16.4723, -16.9776, -17.9677, -19.2043, -18.7011, -19.416, -26.2096, -34.9492, -44.7115, -76.9405, -99.7049, -119.0535, -1.243]",29245,pick
BW_E_002,planning_suite,canonical,Qwen/Qwen2.5-7B-Instruct,27,28,"[0.974, 0.9744, 0.9748, 0.9707, 0.9724, 0.9797, 0.9773, 0.9783, 0.9743, 0.9781, 0.9739, 0.9736, 0.9728, 0.9726, 0.9793, 0.977, 0.9678, 0.9629, 0.957, 0.9471, 0.9306, 0.9171, 0.9001, 0.9008, 0.9099, 0.9214, 0.9088, 0.7741]","[117096, 129080, 133370, 139627, 127483, 131910, 141468, 133979, 130812, 142661, 135345, 136487, 130414, 125200, 115976, 118462, 120740, 118112, 124335, 95229, 100540, 105715, 96244, 78787, 89202, 77754, 59638, 2]","[-12.1596, -12.5139, -12.79, -12.8131, -12.8051, -13.7294, -13.9917, -14.0647, -13.6978, -14.9474, -14.8696, -14.9575, -14.6683, -16.0018, -17.9294, -16.4894, -17.0162, -17.9472, -18.9135, -18.539, -19.4752, -26.7571, -36.3992, -46.5397, -79.9327, -101.9823, -120.337, -3.8427]",29245,pick
BW_E_003,planning_suite,canonical,Qwen/Qwen2.5-7B-Instruct,27,28,"[0.9727, 0.9741, 0.9739, 0.9694, 0.9711, 0.9794, 0.9771, 0.9778, 0.9739, 0.9792, 0.9753, 0.9756, 0.9749, 0.9748, 0.9809, 0.9787, 0.9693, 0.9632, 0.9559, 0.9454, 0.9312, 0.9217, 0.9091, 0.9102, 0.9148, 0.9259, 0.9127, 0.7843]","[118132, 129753, 133519, 139792, 126053, 130395, 140459, 132727, 131411, 143477, 136624, 136526, 129800, 124464, 115917, 119233, 122076, 119583, 125278, 96147, 100652, 102534, 93264, 76713, 85894, 74178, 57385, 2]","[-12.1634, -12.5141, -12.7927, -12.8209, -12.7873, -13.7224, -13.9863, -14.057, -13.7152, -15.0405, -14.9188, -14.9812, -14.7038, -16.098, -17.9484, -16.5253, -17.0707, -18.0574, -19.0862, -18.6423, -19.5231, -26.5612, -35.9636, -45.784, -77.3198, -99.6523, -117.9658, -2.3178]",29245,pick
BW_E_004,planning_suite,canonical,Qwen/Qwen2.5-7B-Instruct,27,28,"[0.9706, 0.9719, 0.9724, 0.9694, 0.9717, 0.9796, 0.9778, 0.9786, 0.9741, 0.977, 0.9717, 0.9715, 0.97, 0.9705, 0.9768, 0.974, 0.9656, 0.9608, 0.9553, 0.9438, 0.927, 0.9109, 0.8921, 0.8957, 0.9086, 0.9187, 0.9079, 0.7688]","[118198, 130719, 134214, 140043, 127426, 130790, 141090, 134439, 130974, 143705, 137420, 137283, 130680, 123969, 116703, 119169, 120935, 120499, 125884, 98802, 101257, 99660, 88840, 72905, 82674, 69454, 54424, 2]","[-12.1606, -12.5368, -12.8066, -12.8028, -12.7959, -13.7242, -14.0034, -14.0808, -13.7369, -15.0771, -14.9611, -14.9967, -14.7097, -16.0777, -17.993, -16.4823, -17.0008, -18.095, -19.2387, -18.9583, -19.6803, -26.4119, -34.4963, -44.0964, -76.7568, -98.0625, -118.0898, -0.8772]",29245,pick
BW_E_005,planning_suite,canonical,Qwen/Qwen2.5-7B-Instruct,27,28,"[0.9725, 0.974, 0.9737, 0.9691, 0.9709, 0.9793, 0.977, 0.9778, 0.9738, 0.9791, 0.9752, 0.9753, 0.9746, 0.9746, 0.9804, 0.9781, 0.9687, 0.9627, 0.956, 0.9454, 0.9318, 0.9203, 0.9058, 0.9065, 0.9124, 0.9238, 0.9104, 0.7809]","[118452, 129704, 133593, 139927, 126040, 130412, 140520, 132806, 131472, 143438, 136601, 136617, 129794, 124369, 115983, 119486, 121812, 119162, 125047, 95823, 100591, 98000, 89836, 74813, 84379, 73597, 56557, 2]","[-12.1638, -12.5138, -12.7945, -12.8222, -12.7869, -13.7276, -13.9867, -14.0568, -13.7134, -15.032, -14.9081, -14.9868, -14.7045, -16.0989, -17.9488, -16.5316, -17.067, -18.0272, -19.0761, -18.6551, -19.5289, -26.1811, -35.2604, -45.3549, -77.2013, -99.828, -118.3989, -2.167]",29245,pick
GSM_041_W6,arithmetic_reasoning,W6,Qwen/Qwen2.5-7B-Instruct,-1,28,"[0.9987, 0.9981, 0.9985, 0.9985, 0.9986, 0.999, 0.999, 0.9989, 0.9986, 0.9986, 0.9987, 0.9987, 0.9989, 0.999, 0.9992, 0.9987, 0.9985, 0.9984, 0.994, 0.9834, 0.9726, 0.9623, 0.9367, 0.7441, 0.7597, 0.7587, 0.7697, 0.6558]","[152033, 152043, 152045, 152049, 152045, 152042, 152036, 152037, 152025, 152037, 152037, 152032, 152027, 152019, 152027, 152012, 152023, 152026, 151996, 152030, 152048, 152048, 152046, 152051, 152052, 152046, 152031, 106080]","[-12.8017, -13.7242, -14.392, -14.3805, -14.8736, -16.6858, -16.7958, -17.5218, -16.5343, -18.398, -18.9039, -19.2041, -19.2517, -19.5527, -24.043, -22.0599, -22.0973, -23.1205, -21.5244, -24.5252, -28.4355, -43.8429, -56.6139, -76.4243, -114.8329, -163.7021, -185.4608, -61.6143]",16,1
GSM_042_W6,arithmetic_reasoning,W6,Qwen/Qwen2.5-7B-Instruct,-1,28,"[0.997, 0.9971, 0.9973, 0.9968, 0.9964, 0.9979, 0.9977, 0.9977, 0.9968, 0.9971, 0.9971, 0.9969, 0.9974, 0.9977, 0.9985, 0.9981, 0.9974, 0.9974, 0.9942, 0.9893, 0.9865, 0.9409, 0.8699, 0.7057, 0.6637, 0.7255, 0.7362, 0.6492]","[151660, 151863, 151868, 151914, 151937, 151936, 151902, 151930, 151914, 151906, 151905, 151876, 151798, 151730, 151832, 151716, 151787, 151750, 151611, 151859, 151912, 151924, 151871, 144951, 151106, 151101, 147920, 9053]","[-12.5397, -13.2209, -13.7473, -13.748, -14.1569, -15.5888, -15.7406, -16.3998, -15.7891, -17.2161, -17.5805, -17.5735, -17.4773, -18.1219, -22.2688, -20.2645, -19.9527, -21.0842, -19.2732, -22.9013, -26.7375, -37.7576, -37.1858, -34.627, -61.5162, -103.798, -105.2217, -37.9894]",20,5
GSM_043_W6,arithmetic_reasoning,W6,Qwen/Qwen2.5-7B-Instruct,27,28,"[0.9993, 0.9992, 0.9992, 0.9991, 0.9992, 0.9994, 0.9994, 0.9991, 0.9987, 0.999, 0.999, 0.9989, 0.999, 0.9991, 0.9993, 0.999, 0.9985, 0.9985, 0.9903, 0.9807, 0.9743, 0.8336, 0.7329, 0.5197, 0.4194, 0.5327, 0.5639, 0.3639]","[151087, 151736, 151804, 151781, 151769, 151764, 151721, 151808, 151806, 151804, 151800, 151782, 151663, 151397, 151495, 151157, 151452, 151611, 151385, 151853, 151904, 151905, 151768, 151448, 148038, 144851, 104082, 1]","[-12.468, -13.0755, -13.6168, -13.5414, -13.8919, -15.1542, -15.2865, -16.0198, -15.5141, -16.8789, -17.3184, -17.2919, -17.2863, -17.5392, -21.0323, -19.2919, -19.6173, -21.0413, -20.2015, -23.14, -26.5927, -32.3251, -35.4286, -40.3749, -50.6502, -80.0962, -83.5534, -0.0]",22,7
GSM_044_W6,arithmetic_reasoning,W6,Qwen/Qwen2.5-7B-Instruct,-1,28,"[0.9998, 0.9998, 0.9996, 0.9996, 0.9996, 0.9997, 0.9997, 0.9996, 0.9994, 0.9995, 0.9995, 0.9994, 0.9996, 0.9996, 0.9996, 0.9996, 0.9995, 0.9996, 0.9978, 0.9964, 0.9932, 0.9591, 0.8865, 0.7217, 0.6974, 0.7591, 0.7918, 0.6461]","[151847, 151936, 151911, 151939, 151943, 151905, 151873, 151900, 151902, 151929, 151926, 151869, 151805, 151761, 151839, 151789, 151869, 151810, 151728, 151905, 151922, 151970, 151987, 151301, 151761, 151851, 151661, 10]","[-12.5755, -13.249, -13.756, -13.7635, -14.2076, -15.5401, -15.6658, -16.3495, -15.76, -17.2442, -17.6746, -17.1516, -17.1875, -17.8649, -21.7831, -20.5104, -20.9054, -21.4403, -19.7996, -21.7308, -22.0594, -36.0235, -44.951, -52.5673, -67.8608, -112.9096, -125.8779, -3.6069]",19,4
GSM_045_W6,arithmetic_reasoning,W6,Qwen/Qwen2.5-7B-Instruct,-1,28,"[0.9982, 0.9979, 0.998, 0.9978, 0.9981, 0.9988, 0.9986, 0.9986, 0.9984, 0.9988, 0.9988, 0.9988, 0.9991, 0.9992, 0.9994, 0.9993, 0.9989, 0.9989, 0.9954, 0.9845, 0.9741, 0.9283, 0.8582, 0.8262, 0.8414, 0.8795, 0.8948, 0.7998]","[151494, 151793, 151822, 151856, 151820, 151767, 151653, 151787, 151804, 151816, 151828, 151756, 151684, 151552, 151643, 151554, 151537, 151518, 151476, 151496, 151729, 151770, 151521, 151774, 151735, 151510, 150777, 3014]","[-12.5061, -13.0809, -13.5972, -13.6424, -13.9533, -15.2011, -15.1958, -15.9236, -15.5683, -16.787, -17.3598, -17.0402, -17.0359, -17.5693, -21.3164, -19.7382, -19.2037, -20.2755, -19.8725, -21.1393, -24.4052, -35.4327, -36.7833, -54.8957, -79.1083, -114.89, -127.3152, -24.4621]",24,9
GSM_046_W6,arithmetic_reasoning,W6,Qwen/Qwen2.5-7B-Instruct,-1,28,"[1.0, 1.0, 1.0, 1.0, 0.9999, 1.0, 0.9999, 0.9999, 0.9999, 0.9998, 0.9998, 0.9998, 0.9998, 0.9998, 0.9998, 0.9998, 0.9997, 0.9996, 0.9973, 0.9917, 0.9845, 0.9448, 0.9151, 0.8853, 0.9028, 0.9275, 0.9377, 0.8907]","[151707, 151812, 151821, 151797, 151789, 151802, 151710, 151812, 151829, 151873, 151820, 151795, 151681, 151668, 151682, 151661, 151760, 151732, 151738, 151874, 151876, 151841, 151688, 151720, 151725, 151595, 149854, 20220]","[-12.5634, -13.1367, -13.6076, -13.5282, -13.8709, -15.3034, -15.285, -16.0381, -15.6174, -17.0912, -17.3087, -17.5018, -17.2993, -18.3915, -22.0128, -20.5842, -20.7467, -21.3974, -20.798, -22.4701, -23.0705, -29.1385, -33.3073, -47.2382, -81.2146, -114.6852, -122.4076, -40.8599]",23,8
GSM_047_W6,arithmetic_reasoning,W6,Qwen/Qwen2.5-7B-Instruct,-1,28,"[0.9992, 0.999, 0.9989, 0.9985, 0.9987, 0.9992, 0.9991, 0.9986, 0.9984, 0.9986, 0.9986, 0.9986, 0.9989, 0.9989, 0.9993, 0.9992, 0.9988, 0.9988, 0.9969, 0.9939, 0.9919, 0.9402, 0.9183, 0.8988, 0.8998, 0.9222, 0.9355, 0.9216]","[151994, 152029, 152027, 152040, 152039, 152036, 152026, 152036, 152034, 152033, 152029, 152024, 152010, 152014, 152025, 152022, 152016, 152015, 151995, 152015, 152028, 152023, 152013, 152037, 152045, 152018, 151942, 144233]","[-12.7301, -13.4973, -14.1208, -14.262, -14.8005, -16.5018, -16.603, -17.5738, -16.7959, -18.5552, -18.788, -18.9164, -18.9741, -20.1142, -24.9805, -22.8251, -21.9943, -23.6971, -22.7462, -25.7757, -27.3806, -35.1037, -40.3032, -62.5402, -93.0412, -125.9408, -142.8183, -99.4347]",17,2
GSM_048_W6,arithmetic_reasoning,W6,Qwen/Qwen2.5-7B-Instruct,-1,28,"[0.9993, 0.9993, 0.9991, 0.9989, 0.9991, 0.9993, 0.9993, 0.9991, 0.9985, 0.9986, 0.9985, 0.9985, 0.9987, 0.9989, 0.9992, 0.999, 0.9987, 0.9986, 0.9966, 0.9929, 0.9895, 0.9778, 0.9546, 0.9385, 0.9436, 0.9578, 0.938, 0.8373]","[151923, 151988, 151987, 152002, 151994, 152010, 151987, 151999, 152001, 152006, 151999, 151974, 151918, 151908, 151952, 151934, 151942, 151912, 151904, 151980, 152003, 152008, 151974, 151957, 152001, 151870, 151495, 20469]","[-12.6193, -13.3798, -13.9715, -13.9782, -14.3885, -16.0614, -16.0236, -16.7607, -16.1849, -17.7581, -18.2982, -18.1532, -17.9638, -18.7324, -23.2725, -21.7344, -21.0573, -22.2864, -22.3279, -27.105, -32.3718, -37.5744, -43.4735, -54.6067, -91.9893, -137.3442, -137.3904, -42.8]",18,3
GSM_049_W6,arithmetic_reasoning,W6,Qwen/Qwen2.5-7B-Instruct,-1,28,"[0.9993, 0.9985, 0.9986, 0.9985, 0.9986, 0.9991, 0.999, 0.9985, 0.9981, 0.9984, 0.9983, 0.9983, 0.9985, 0.9987, 0.9991, 0.999, 0.9988, 0.9987, 0.9982, 0.9961, 0.9945, 0.9787, 0.9506, 0.9112, 0.9143, 0.9346, 0.9146, 0.7594]","[151663, 151803, 151811, 151855, 151899, 151867, 151812, 151864, 151863, 151873, 151861, 151788, 151644, 151591, 151624, 151603, 151535, 151628, 151524, 151761, 151840, 151830, 151626, 151743, 151790, 151720, 151288, 54463]","[-12.5319, -13.1312, -13.6315, -13.6655, -14.0927, -15.4514, -15.4367, -16.0594, -15.5546, -16.9613, -17.3631, -17.1808, -17.0951, -17.8208, -21.4641, -20.1796, -19.6502, -21.079, -21.0942, -24.2008, -28.0378, -34.1337, -37.0169, -48.9458, -76.2769, -114.2683, -132.7716, -78.7642]",21,6
GSM_050_W6,arithmetic_reasoning,W6,Qwen/Qwen2.5-7B-Instruct,-1,28,"[0.9999, 0.9998, 0.9997, 0.9996, 0.9996, 0.9997, 0.9997, 0.9995, 0.9993, 0.9994, 0.9995, 0.9995, 0.9995, 0.9996, 0.9996, 0.9995, 0.9993, 0.9991, 0.9976, 0.9958, 0.9938, 0.9871, 0.9785, 0.9616, 0.9622, 0.9715, 0.9754, 0.95]","[152034, 152045, 152045, 152049, 152045, 152044, 152037, 152039, 152028, 152039, 152037, 152032, 152024, 152017, 152030, 152014, 152028, 152025, 152000, 152033, 152043, 152037, 152037, 152036, 152044, 152040, 152016, 123297]","[-12.8184, -13.6623, -14.3894, -14.4275, -14.9201, -16.8704, -16.8612, -17.6358, -16.8203, -18.5079, -19.0005, -19.2364, -19.1821, -19.8455, -24.4514, -22.222, -22.6007, -23.6241, -22.5042, -26.286, -29.6443, -36.9279, -45.827, -61.7046, -92.0353, -140.3991, -154.7546, -63.4838]",16,1
GSM_051_W6,arithmetic_reasoning,W6,Qwen/Qwen2.5-7B-Instruct,27,28,"[0.999, 0.9987, 0.9989, 0.9987, 0.9989, 0.9993, 0.9992, 0.9989, 0.9985, 0.9989, 0.9989, 0.9989, 0.9989, 0.9991, 0.9993, 0.9992, 0.999, 0.9989, 0.9954, 0.991, 0.9878, 0.8591, 0.7465, 0.5794, 0.5685, 0.6565, 0.6632, 0.5973]","[152008, 152029, 152022, 152036, 152036, 152035, 152024, 152036, 152031, 152031, 152025, 152020, 151998, 152000, 152018, 152013, 152013, 152012, 151992, 152020, 152033, 152038, 152032, 152026, 152002, 151939, 151771, 2]","[-12.7316, -13.5776, -14.1604, -14.1892, -14.766, -16.3784, -16.5102, -17.4366, -16.7122, -18.1047, -18.6212, -18.6797, -18.8307, -19.5268, -23.9531, -22.1944, -22.1295, -23.1784, -22.2137, -25.2433, -28.646, -35.3828, -30.5326, -30.2762, -68.3949, -134.1832, -128.7561, -8.9507]",17,2
GSM_052_W6,arithmetic_reasoning,W6,Qwen/Qwen2.5-7B-Instruct,-1,28,"[0.9999, 0.9998, 0.9997, 0.9995, 0.9994, 0.9993, 0.9993, 0.9986, 0.9978, 0.9971, 0.9967, 0.9963, 0.9967, 0.997, 0.9977, 0.9974, 0.9973, 0.9975, 0.9938, 0.9876, 0.984, 0.977, 0.9738, 0.9758, 0.9735, 0.9771, 0.9813, 0.9514]","[150953, 151711, 151773, 151758, 151748, 151772, 151698, 151803, 151791, 151806, 151776, 151764, 151600, 151377, 151504, 151189, 151393, 151242, 150447, 151380, 151619, 151350, 151657, 151677, 151737, 151637, 150944, 5653]","[-12.4603, -13.0858, -13.6211, -13.5057, -13.8579, -15.1728, -15.2407, -15.8717, -15.4573, -16.7063, -17.0894, -17.2738, -16.9629, -17.4876, -20.8089, -19.4041, -19.649, -20.7224, -19.3385, -21.3335, -24.4173, -34.6417, -46.9108, -67.3223, -85.5369, -115.488, -135.1212, -24.5516]",22,7
GSM_053_W6,arithmetic_reasoning,W6,Qwen/Qwen2.5-7B-Instruct,-1,28,"[1.0, 0.9999, 0.9998, 0.9997, 0.9997, 0.9998, 0.9997, 0.9991, 0.9989, 0.9989, 0.9991, 0.999, 0.9991, 0.9993, 0.9995, 0.9995, 0.9992, 0.9991, 0.9961, 0.9934, 0.9911, 0.9595, 0.9379, 0.8398, 0.7824, 0.8188, 0.8299, 0.7936]","[151905, 151991, 151992, 151993, 151985, 152011, 151986, 152001, 151995, 152007, 151997, 151964, 151910, 151901, 151946, 151935, 151918, 151891, 151858, 151936, 151974, 151968, 151955, 151845, 151930, 151839, 151610, 7544]","[-12.6223, -13.3956, -14.0057, -13.8368, -14.4014, -16.1355, -16.0214, -16.8457, -16.1599, -17.5869, -18.104, -17.9207, -17.8831, -18.2315, -22.6792, -21.1856, -20.5482, -21.802, -20.6996, -23.1562, -26.4044, -37.6968, -44.2382, -56.0395, -92.99, -129.484, -137.5957, -33.8464]",18,3
GSM_054_W6,arithmetic_reasoning,W6,Qwen/Qwen2.5-7B-Instruct,-1,28,"[0.9983, 0.9981, 0.998, 0.9971, 0.9973, 0.9975, 0.9975, 0.9972, 0.9965, 0.9962, 0.9965, 0.9963, 0.9969, 0.9974, 0.9981, 0.9977, 0.9972, 0.9965, 0.9918, 0.9884, 0.983, 0.9624, 0.9176, 0.8353, 0.838, 0.8716, 0.8419, 0.6646]","[152018, 152033, 152030, 152039, 152039, 152033, 152022, 152033, 152032, 152032, 152027, 152020, 152002, 152012, 152024, 152019, 152018, 152018, 151998, 152023, 152025, 152033, 152022, 152023, 152023, 151995, 151859, 87207]","[-12.7428, -13.5427, -14.2103, -14.3549, -14.7289, -16.4056, -16.4391, -17.1799, -16.5793, -18.2823, -18.9153, -18.8427, -18.5485, -19.7324, -24.6027, -22.6898, -22.062, -23.9541, -23.0408, -27.6146, -30.0273, -37.5692, -45.9779, -63.6026, -92.2457, -137.5281, -136.143, -78.3711]",17,2
GSM_055_W6,arithmetic_reasoning,W6,Qwen/Qwen2.5-7B-Instruct,-1,28,"[0.9955, 0.9965, 0.9966, 0.9964, 0.9969, 0.9981, 0.9982, 0.9983, 0.998, 0.9984, 0.9984, 0.9984, 0.9986, 0.9989, 0.9993, 0.9992, 0.9989, 0.9989, 0.9975, 0.9944, 0.9928, 0.9885, 0.9828, 0.9753, 0.9766, 0.9807, 0.9849, 0.9774]","[151584, 151818, 151828, 151856, 151825, 151765, 151632, 151795, 151807, 151820, 151819, 151771, 151691, 151583, 151662, 151557, 151616, 151690, 151486, 151680, 151830, 151608, 151543, 151548, 151627, 151397, 150062, 87313]","[-12.5305, -13.1754, -13.6501, -13.6381, -13.9859, -15.1859, -15.1769, -15.9702, -15.5541, -16.7174, -17.2027, -17.2158, -17.2338, -17.6305, -21.6937, -20.241, -19.7406, -21.1109, -20.3391, -22.218, -25.0629, -30.1982, -33.6314, -51.6312, -73.0125, -95.8035, -121.1281, -89.1895]",24,9
GSM_056_W6,arithmetic_reasoning,W6,Qwen/Qwen2.5-7B-Instruct,-1,28,"[0.9998, 0.9998, 0.9997, 0.9996, 0.9996, 0.9996, 0.9995, 0.9993, 0.9992, 0.9993, 0.9993, 0.9993, 0.9994, 0.9995, 0.9997, 0.9997, 0.9995, 0.9995, 0.9986, 0.9959, 0.9924, 0.9727, 0.9325, 0.9293, 0.9135, 0.9269, 0.9382, 0.898]","[152032, 152045, 152045, 152047, 152043, 152042, 152038, 152037, 152017, 152035, 152035, 152029, 152020, 152016, 152026, 152011, 152019, 152014, 152000, 152028, 152045, 152043, 152043, 152041, 152046, 152038, 152017, 40133]","[-12.8012, -13.7431, -14.3978, -14.34, -14.8346, -16.7753, -16.7071, -17.2814, -16.2941, -18.3398, -19.0288, -18.9111, -19.0547, -19.981, -24.3216, -22.6299, -22.4986, -23.4618, -22.7193, -25.1408, -25.3863, -36.1631, -41.1804, -60.3937, -90.2762, -127.9266, -150.4499, -42.5578]",16,1
GSM_057_W6,arithmetic_reasoning,W6,Qwen/Qwen2.5-7B-Instruct,-1,28,"[0.9998, 0.9997, 0.9994, 0.9993, 0.9993, 0.9994, 0.9995, 0.999, 0.9989, 0.999, 0.999, 0.999, 0.9991, 0.9984, 0.9987, 0.9986, 0.9984, 0.9986, 0.9981, 0.9976, 0.9967, 0.9836, 0.9796, 0.9819, 0.9826, 0.9873, 0.9895, 0.9718]","[151717, 151837, 151844, 151839, 151826, 151805, 151725, 151793, 151777, 151857, 151824, 151805, 151705, 151605, 151695, 151633, 151804, 151767, 151643, 151878, 151887, 151621, 151690, 151617, 151772, 151677, 151276, 7417]","[-12.554, -13.1678, -13.7093, -13.6624, -14.0231, -15.3694, -15.3629, -16.1195, -15.5166, -16.9186, -17.2648, -17.493, -17.416, -17.707, -21.909, -20.1139, -20.2849, -21.6045, -20.4397, -23.7247, -26.2294, -28.7808, -37.7529, -57.1715, -81.368, -120.9743, -135.3475, -22.0277]",23,8
GSM_058_W6,arithmetic_reasoning,W6,Qwen/Qwen2.5-7B-Instruct,-1,28,"[0.9946, 0.9962, 0.9962, 0.9954, 0.9961, 0.9975, 0.9975, 0.9972, 0.9964, 0.9973, 0.9974, 0.9975, 0.998, 0.9982, 0.9987, 0.9985, 0.9982, 0.9982, 0.9966, 0.9928, 0.9912, 0.969, 0.9587, 0.9449, 0.9503, 0.9596, 0.9569, 0.9109]","[152033, 152043, 152045, 152047, 152043, 152043, 152036, 152037, 152022, 152031, 152033, 152030, 152020, 152019, 152029, 152021, 152025, 152024, 152013, 152039, 152049, 152046, 152039, 152038, 152044, 152031, 152015, 129288]","[-12.8138, -13.7313, -14.4228, -14.2711, -14.8417, -16.7358, -16.6779, -17.3399, -16.4267, -18.2114, -18.872, -18.9299, -18.8973, -19.9746, -24.645, -22.9957, -22.6355, -23.9469, -24.1114, -28.8809, -33.4344, -41.2649, -52.2376, -66.3708, -99.0066, -143.2192, -154.8833, -67.7176]",16,1
GSM_059_W6,arithmetic_reasoning,W6,Qwen/Qwen2.5-7B-Instruct,-1,28,"[0.9989, 0.999, 0.9988, 0.9988, 0.9989, 0.9993, 0.9992, 0.9988, 0.9976, 0.9978, 0.9975, 0.9973, 0.9977, 0.9978, 0.9986, 0.9986, 0.9984, 0.9986, 0.9976, 0.9964, 0.9943, 0.9798, 0.9717, 0.9422, 0.9496, 0.9631, 0.9688, 0.9305]","[151852, 151936, 151923, 151960, 151956, 151903, 151870, 151895, 151898, 151908, 151904, 151863, 151830, 151795, 151844, 151808, 151860, 151793, 151746, 151896, 151916, 151937, 151889, 151847, 151877, 151828, 151639, 19955]","[-12.5708, -13.2851, -13.7674, -13.7457, -14.1599, -15.6103, -15.6243, -16.3195, -15.6209, -17.1693, -17.5516, -17.3326, -17.6005, -17.9471, -21.9319, -20.8437, -20.679, -21.4383, -20.7096, -22.759, -24.5661, -34.7884, -42.2478, -56.0796, -83.5563, -118.2475, -131.8811, -28.7685]",19,4
GSM_060_W6,arithmetic_reasoning,W6,Qwen/Qwen2.5-7B-Instruct,-1,28,"[0.9995, 0.9995, 0.9994, 0.9993, 0.9994, 0.9996, 0.9996, 0.9994, 0.9991, 0.9991, 0.9989, 0.9988, 0.999, 0.9991, 0.9994, 0.9994, 0.9993, 0.9993, 0.9989, 0.9983, 0.9981, 0.9944, 0.9941, 0.9951, 0.9957, 0.9966, 0.9972, 0.9966]","[151574, 151805, 151797, 151864, 151899, 151870, 151807, 151835, 151822, 151862, 151864, 151786, 151633, 151586, 151629, 151576, 151312, 151534, 150945, 151664, 151833, 151851, 151789, 151714, 151779, 151704, 150733, 72141]","[-12.4939, -13.1149, -13.572, -13.6479, -14.0934, -15.4739, -15.4972, -16.172, -15.4663, -16.9383, -17.4408, -17.1637, -17.3085, -17.8367, -21.4579, -20.1156, -19.2518, -20.8287, -19.8847, -23.9383, -27.593, -37.4374, -48.5161, -65.0011, -89.3774, -124.5156, -136.7216, -92.6152]",21,6
GSM_061_W6,arithmetic_reasoning,W6,Qwen/Qwen2.5-7B-Instruct,-1,28,"[0.9982, 0.9978, 0.998, 0.9978, 0.998, 0.9988, 0.9988, 0.9984, 0.9975, 0.9981, 0.998, 0.9979, 0.998, 0.998, 0.9986, 0.9984, 0.9981, 0.9982, 0.994, 0.9903, 0.989, 0.9774, 0.9679, 0.9616, 0.9568, 0.9646, 0.9679, 0.9557]","[151602, 151798, 151817, 151861, 151895, 151875, 151816, 151867, 151861, 151907, 151909, 151830, 151708, 151588, 151620, 151589, 151355, 151494, 151459, 151774, 151805, 151805, 151716, 151716, 151807, 151755, 151289, 56389]","[-12.5264, -13.113, -13.6253, -13.6545, -14.0642, -15.4316, -15.5134, -16.1191, -15.5397, -17.0756, -17.4192, -17.4199, -17.1772, -17.6985, -21.5175, -20.0722, -19.0924, -20.5276, -20.4213, -22.8003, -25.8923, -31.1488, -37.8432, -47.8094, -75.7856, -110.3013, -119.9429, -63.1938]",21,6
GSM_062_W6,arithmetic_reasoning,W6,Qwen/Qwen2.5-7B-Instruct,-1,28,"[1.0, 1.0, 1.0, 1.0, 1.0, 1.0, 1.0, 0.9999, 0.9999, 0.9999, 0.9999, 0.9999, 0.9999, 0.9999, 0.9999, 0.9999, 0.9999, 0.9999, 0.9996, 0.9991, 0.9979, 0.9905, 0.9864, 0.9846, 0.9868, 0.9899, 0.9922, 0.9832]","[151593, 151802, 151801, 151856, 151894, 151867, 151791, 151855, 151825, 151872, 151857, 151774, 151657, 151626, 151631, 151585, 151485, 151577, 151434, 151814, 151843, 151887, 151601, 151791, 151821, 151700, 151572, 18553]","[-12.509, -13.1445, -13.5909, -13.5942, -14.0773, -15.4819, -15.3645, -16.1153, -15.485, -17.0149, -17.511, -17.0973, -17.2754, -18.2188, -21.6438, -20.2773, -19.7544, -20.9796, -20.6626, -21.9568, -23.2371, -29.7638, -32.9008, -56.7973, -84.0727, -109.8743, -137.8524, -31.3391]",21,6
GSM_063_W6,arithmetic_reasoning,W6,Qwen/Qwen2.5-7B-Instruct,-1,28,"[0.9984, 0.9977, 0.9982, 0.9983, 0.9987, 0.9991, 0.9991, 0.9989, 0.9987, 0.9988, 0.9988, 0.9987, 0.999, 0.9991, 0.9994, 0.9993, 0.999, 0.9991, 0.9972, 0.9931, 0.9871, 0.9677, 0.9279, 0.8131, 0.8249, 0.829, 0.8376, 0.7464]","[152001, 152032, 152028, 152041, 152039, 152036, 152025, 152034, 152026, 152026, 152024, 152009, 151994, 152004, 152019, 152018, 152015, 152013, 152005, 152018, 152033, 152031, 152023, 152040, 152046, 152027, 151999, 57346]","[-12.7352, -13.63, -14.193, -14.1385, -14.7306, -16.4879, -16.4327, -17.2428, -16.4346, -18.0069, -18.4708, -18.2012, -18.4139, -19.4774, -24.1806, -22.5527, -21.8123, -23.6337, -23.4829, -25.5939, -26.6898, -35.9608, -41.2731, -67.3066, -106.586, -146.1158, -162.7638, -58.091]",17,2
GSM_064_W6,arithmetic_reasoning,W6,Qwen/Qwen2.5-7B-Instruct,27,28,"[0.9997, 0.9996, 0.9995, 0.9993, 0.999, 0.9992, 0.9992, 0.9986, 0.9981, 0.998, 0.9977, 0.9977, 0.9981, 0.9981, 0.9983, 0.9979, 0.9975, 0.9979, 0.9938, 0.9865, 0.9805, 0.9139, 0.8805, 0.8692, 0.8822, 0.8984, 0.9054, 0.8247]","[151072, 151726, 151793, 151781, 151790, 151785, 151724, 151818, 151814, 151800, 151772, 151748, 151555, 151262, 151511, 151283, 151621, 151573, 151526, 151870, 151920, 151771, 151774, 151733, 151750, 151664, 151089, 4]","[-12.4712, -13.0888, -13.5784, -13.5306, -13.9621, -15.1625, -15.3253, -16.0475, -15.5003, -16.5641, -16.9623, -16.9995, -16.9548, -17.5578, -21.1236, -19.4326, -20.2913, -21.2067, -20.1219, -23.4814, -25.8865, -32.958, -42.1869, -60.9641, -83.9264, -128.6318, -131.082, -8.0337]",22,7
CC_031_W6,algorithmic,W6,Qwen/Qwen2.5-7B-Instruct,-1,28,"[0.9999, 0.9999, 0.9999, 0.9998, 0.9998, 0.9999, 0.9999, 0.9998, 0.9997, 0.9997, 0.9997, 0.9997, 0.9998, 0.9996, 0.9996, 0.9995, 0.9992, 0.9987, 0.9966, 0.9957, 0.9957, 0.996, 0.9965, 0.9971, 0.998, 0.9981, 0.9982, 0.9951]","[151804, 151915, 151893, 151943, 151945, 151904, 151862, 151917, 151947, 151991, 151974, 151892, 151885, 151901, 151942, 151928, 151949, 151949, 151877, 151893, 151886, 151929, 151983, 151962, 151973, 151980, 151961, 100925]","[-12.5493, -13.0949, -13.6895, -13.79, -14.0414, -15.3067, -15.4431, -16.1161, -15.5677, -17.2353, -17.6523, -17.1114, -17.3812, -19.2801, -22.9292, -20.2864, -20.802, -22.3881, -22.842, -24.9791, -27.8349, -41.5329, -55.0982, -78.4482, -114.0587, -148.2864, -187.3494, -54.4831]",19,4
CC_032_W6,algorithmic,W6,Qwen/Qwen2.5-7B-Instruct,-1,28,"[1.0, 1.0, 1.0, 0.9999, 0.9999, 1.0, 1.0, 0.9999, 0.9999, 0.9999, 0.9999, 0.9998, 0.9998, 0.9998, 0.9997, 0.9997, 0.9994, 0.9987, 0.9951, 0.9939, 0.9936, 0.9942, 0.995, 0.9958, 0.9971, 0.9974, 0.9977, 0.9934]","[151531, 151763, 151789, 151845, 151892, 151865, 151811, 151888, 151907, 151937, 151943, 151832, 151813, 151859, 151841, 151827, 151865, 151851, 151853, 151844, 151856, 151895, 151950, 151932, 151940, 151935, 151915, 133821]","[-12.491, -12.9776, -13.5389, -13.6296, -13.9407, -15.2012, -15.3043, -15.9982, -15.429, -17.0159, -17.5054, -16.9024, -17.1052, -19.1798, -22.006, -19.6066, -20.1569, -21.4854, -22.5037, -24.3631, -27.1146, -40.2081, -53.3515, -76.0599, -111.3818, -144.0724, -182.4942, -56.2781]",21,6
CC_033_W6,algorithmic,W6,Qwen/Qwen2.5-7B-Instruct,-1,28,"[1.0, 1.0, 1.0, 1.0, 1.0, 1.0, 1.0, 1.0, 0.9999, 0.9999, 0.9999, 0.9999, 0.9999, 0.9999, 0.9999, 0.9999, 0.9995, 0.9979, 0.989, 0.9868, 0.9857, 0.9877, 0.9899, 0.9921, 0.9944, 0.9952, 0.9963, 0.992]","[152030, 152043, 152045, 152048, 152044, 152043, 152036, 152040, 152036, 152044, 152041, 152031, 152025, 152036, 152040, 152032, 152045, 152045, 152033, 152037, 152038, 152047, 152050, 152052, 152053, 152052, 152051, 114916]","[-12.7506, -13.482, -14.3056, -14.3901, -14.6625, -16.409, -16.4985, -17.2035, -16.3889, -18.296, -18.8057, -18.398, -18.6663, -21.1382, -25.1533, -22.0136, -22.7571, -24.5592, -25.4276, -27.6754, -31.2913, -46.9567, -60.3838, -87.946, -127.6609, -165.1074, -209.9202, -55.7381]",16,1
CC_034_W6,algorithmic,W6,Qwen/Qwen2.5-7B-Instruct,-1,28,"[1.0, 1.0, 1.0, 0.9999, 0.9999, 0.9999, 0.9999, 0.9999, 0.9999, 0.9999, 0.9999, 0.9998, 0.9999, 0.9998, 0.9998, 0.9998, 0.9994, 0.9988, 0.9954, 0.9939, 0.993, 0.9923, 0.9938, 0.9948, 0.9961, 0.9965, 0.9973, 0.9935]","[151906, 151983, 151986, 151987, 151975, 151994, 151959, 151995, 151989, 152012, 152011, 151959, 151953, 151971, 151987, 151959, 151981, 151963, 151963, 151941, 151947, 151999, 152021, 152012, 152013, 152019, 152015, 112503]","[-12.5973, -13.2352, -13.91, -13.9444, -14.1726, -15.7213, -15.7836, -16.5452, -15.8398, -17.5819, -18.0505, -17.5027, -17.7946, -19.9344, -23.2691, -20.4234, -21.0364, -22.441, -23.48, -25.4157, -28.5795, -42.5163, -56.9573, -80.4628, -116.2111, -151.8828, -192.1887, -55.4167]",18,3
CC_035_W6,algorithmic,W6,Qwen/Qwen2.5-7B-Instruct,-1,28,"[0.9999, 0.9999, 0.9999, 0.9998, 0.9998, 0.9999, 0.9999, 0.9998, 0.9998, 0.9997, 0.9997, 0.9997, 0.9998, 0.9996, 0.9995, 0.9994, 0.9991, 0.9984, 0.9967, 0.9967, 0.9968, 0.9975, 0.9977, 0.9979, 0.9986, 0.9986, 0.9987, 0.9966]","[151557, 151786, 151804, 151821, 151811, 151815, 151709, 151823, 151790, 151902, 151874, 151764, 151749, 151811, 151790, 151811, 151886, 151859, 151843, 151855, 151899, 151888, 151917, 151880, 151887, 151889, 151872, 109161]","[-12.4916, -12.9838, -13.5556, -13.5967, -13.8025, -15.0776, -15.1137, -15.7819, -15.1514, -16.8048, -17.1096, -16.6352, -16.8589, -18.7821, -21.814, -19.6326, -20.3621, -21.8045, -22.5596, -24.5906, -27.8919, -40.7045, -53.1882, -75.0842, -109.8067, -141.288, -178.7764, -54.782]",23,8
CC_036_W6,algorithmic,W6,Qwen/Qwen2.5-7B-Instruct,-1,28,"[1.0, 1.0, 1.0, 0.9999, 0.9999, 1.0, 1.0, 0.9999, 0.9999, 0.9999, 0.9999, 0.9999, 0.9999, 0.9998, 0.9997, 0.9997, 0.9995, 0.9991, 0.997, 0.9967, 0.9968, 0.9973, 0.9975, 0.9979, 0.9985, 0.9986, 0.9988, 0.9966]","[150676, 151648, 151774, 151777, 151756, 151778, 151691, 151833, 151852, 151883, 151859, 151735, 151720, 151750, 151740, 151656, 151787, 151797, 151735, 151811, 151764, 151854, 151906, 151864, 151875, 151876, 151869, 126043]","[-12.4178, -12.9131, -13.5241, -13.5507, -13.7426, -14.9913, -15.0942, -15.8145, -15.2795, -16.7119, -17.0532, -16.596, -16.8136, -18.6233, -21.5725, -19.2062, -19.8122, -21.3246, -21.9413, -24.1946, -26.6247, -39.8474, -52.546, -74.0025, -108.3235, -139.4419, -178.0229, -55.2272]",22,7
CC_037_W6,algorithmic,W6,Qwen/Qwen2.5-7B-Instruct,-1,28,"[0.9999, 0.9999, 0.9999, 0.9998, 0.9997, 0.9998, 0.9998, 0.9997, 0.9995, 0.9993, 0.9992, 0.9991, 0.9992, 0.9993, 0.9993, 0.9993, 0.9988, 0.998, 0.994, 0.9919, 0.9909, 0.9907, 0.9922, 0.9933, 0.9952, 0.9957, 0.9965, 0.9917]","[152031, 152043, 152045, 152048, 152045, 152043, 152036, 152040, 152036, 152044, 152041, 152031, 152023, 152037, 152040, 152032, 152045, 152044, 152030, 152035, 152037, 152047, 152050, 152050, 152051, 152051, 152050, 89352]","[-12.7603, -13.4899, -14.3118, -14.3949, -14.6755, -16.4181, -16.463, -17.2109, -16.406, -18.3447, -18.9047, -18.4556, -18.7186, -21.4102, -24.972, -21.8477, -22.5663, -24.1348, -24.7973, -27.3638, -31.3552, -46.7773, -60.5831, -86.073, -125.7505, -164.5216, -210.2017, -52.8813]",16,1
CC_038_W6,algorithmic,W6,Qwen/Qwen2.5-7B-Instruct,-1,28,"[0.9999, 0.9999, 1.0, 0.9999, 0.9999, 0.9999, 0.9999, 0.9999, 0.9999, 0.9999, 0.9999, 0.9998, 0.9998, 0.9996, 0.9996, 0.9995, 0.999, 0.9985, 0.9959, 0.9954, 0.9951, 0.9958, 0.996, 0.9963, 0.9975, 0.9978, 0.9981, 0.9954]","[151523, 151761, 151794, 151844, 151889, 151862, 151811, 151886, 151900, 151939, 151944, 151831, 151812, 151859, 151836, 151824, 151863, 151859, 151861, 151847, 151866, 151907, 151946, 151910, 151922, 151906, 151896, 108987]","[-12.4865, -12.9702, -13.5382, -13.6281, -13.9283, -15.2001, -15.3245, -15.9984, -15.4109, -16.9808, -17.4634, -16.858, -17.0622, -19.043, -22.1589, -19.7124, -20.2023, -21.7426, -22.7293, -24.5053, -27.7317, -41.1487, -53.6976, -76.2984, -111.7525, -143.7221, -181.3052, -54.5099]",21,6
CC_039_W6,algorithmic,W6,Qwen/Qwen2.5-7B-Instruct,-1,28,"[1.0, 1.0, 1.0, 1.0, 1.0, 1.0, 1.0, 1.0, 1.0, 1.0, 1.0, 0.9999, 0.9999, 0.9999, 0.9999, 0.9999, 0.9998, 0.9996, 0.9983, 0.9981, 0.9981, 0.9982, 0.9983, 0.9986, 0.999, 0.9991, 0.9993, 0.9985]","[152030, 152043, 152044, 152048, 152044, 152043, 152036, 152040, 152036, 152044, 152040, 152031, 152022, 152035, 152040, 152032, 152045, 152045, 152032, 152036, 152039, 152047, 152051, 152050, 152051, 152052, 152050, 78977]","[-12.7587, -13.4924, -14.3153, -14.4023, -14.6708, -16.4131, -16.4948, -17.2181, -16.4074, -18.3305, -18.8461, -18.347, -18.6684, -21.2726, -24.9891, -21.9356, -22.6678, -24.3973, -25.0969, -27.5751, -31.1916, -46.6675, -60.688, -86.5706, -126.2667, -164.8398, -208.7052, -53.268]",16,1
CC_040_W6,algorithmic,W6,Qwen/Qwen2.5-7B-Instruct,-1,28,"[1.0, 1.0, 1.0, 1.0, 1.0, 1.0, 1.0, 1.0, 1.0, 1.0, 1.0, 1.0, 1.0, 0.9999, 0.9999, 0.9999, 0.9998, 0.9996, 0.9984, 0.9979, 0.9969, 0.9969, 0.9972, 0.9968, 0.9975, 0.9975, 0.9981, 0.9951]","[150686, 151649, 151774, 151777, 151756, 151778, 151691, 151831, 151849, 151883, 151856, 151736, 151718, 151748, 151737, 151650, 151790, 151796, 151702, 151798, 151796, 151865, 151904, 151860, 151872, 151877, 151880, 134189]","[-12.4186, -12.9124, -13.5232, -13.5463, -13.7394, -14.9949, -15.0926, -15.8076, -15.2715, -16.7126, -17.0617, -16.5996, -16.8095, -18.5959, -21.5591, -19.1699, -19.8157, -21.3451, -21.8099, -23.9084, -26.4616, -39.321, -52.3702, -73.6738, -106.6534, -138.8672, -178.3293, -56.4423]",22,7
CC_041_W6,algorithmic,W6,Qwen/Qwen2.5-7B-Instruct,-1,28,"[0.9999, 0.9999, 1.0, 0.9999, 0.9999, 0.9999, 0.9999, 0.9999, 0.9999, 0.9998, 0.9998, 0.9998, 0.9998, 0.9997, 0.9998, 0.9997, 0.9996, 0.999, 0.9952, 0.9922, 0.9917, 0.9932, 0.9944, 0.9949, 0.9964, 0.9969, 0.9977, 0.9951]","[152031, 152043, 152045, 152048, 152044, 152043, 152036, 152040, 152036, 152044, 152040, 152031, 152025, 152036, 152040, 152032, 152045, 152046, 152031, 152035, 152037, 152047, 152050, 152051, 152053, 152052, 152051, 100144]","[-12.7536, -13.4874, -14.3136, -14.3964, -14.662, -16.413, -16.4942, -17.2126, -16.4, -18.3035, -18.8117, -18.3713, -18.6863, -21.2057, -25.1009, -22.0168, -22.7147, -24.5254, -24.8601, -27.2425, -30.9877, -46.1255, -60.3719, -86.9607, -126.0701, -164.9971, -209.2829, -55.1664]",16,1
CC_042_W6,algorithmic,W6,Qwen/Qwen2.5-7B-Instruct,-1,28,"[1.0, 1.0, 1.0, 0.9999, 0.9999, 0.9999, 0.9999, 0.9999, 0.9999, 0.9999, 0.9999, 0.9999, 0.9999, 0.9999, 0.9999, 0.9999, 0.9996, 0.9992, 0.9977, 0.9969, 0.9961, 0.9964, 0.9969, 0.9969, 0.9976, 0.9979, 0.9984, 0.9962]","[152001, 152034, 152029, 152038, 152038, 152038, 152026, 152036, 152040, 152039, 152037, 152021, 152018, 152030, 152035, 152028, 152028, 152039, 152026, 152026, 152021, 152030, 152043, 152035, 152041, 152044, 152039, 83060]","[-12.693, -13.4023, -14.1333, -14.2245, -14.5401, -16.1858, -16.3623, -17.1448, -16.4589, -18.2109, -18.7264, -18.2146, -18.5332, -20.982, -24.7942, -21.7956, -22.2512, -24.2583, -25.1313, -27.3443, -30.3906, -45.4216, -60.0333, -85.4576, -123.5173, -160.8852, -202.4831, -53.084]",17,2
CC_043_W6,algorithmic,W6,Qwen/Qwen2.5-7B-Instruct,-1,28,"[0.9999, 1.0, 1.0, 0.9999, 0.9999, 0.9999, 0.9999, 0.9999, 0.9999, 0.9999, 0.9999, 0.9999, 0.9999, 0.9998, 0.9998, 0.9998, 0.9997, 0.9996, 0.9988, 0.9986, 0.9987, 0.9988, 0.9989, 0.9988, 0.9992, 0.9991, 0.9993, 0.9983]","[151803, 151915, 151892, 151943, 151944, 151904, 151860, 151917, 151947, 151992, 151975, 151895, 151885, 151903, 151943, 151930, 151952, 151950, 151890, 151903, 151890, 151944, 151985, 151965, 151975, 151980, 151962, 100078]","[-12.5471, -13.0905, -13.6835, -13.7821, -14.0342, -15.3074, -15.4374, -16.0998, -15.5504, -17.2249, -17.6392, -17.1253, -17.3617, -19.2346, -22.9856, -20.2905, -20.8235, -22.4579, -22.8845, -24.9574, -27.772, -41.9037, -55.2728, -78.5685, -114.3645, -148.4674, -187.6358, -54.3674]",19,4
CC_044_W6,algorithmic,W6,Qwen/Qwen2.5-7B-Instruct,-1,28,"[1.0, 1.0, 1.0, 1.0, 1.0, 1.0, 1.0, 1.0, 1.0, 1.0, 1.0, 1.0, 1.0, 1.0, 0.9999, 0.9999, 0.9999, 0.9994, 0.9971, 0.9963, 0.9963, 0.9969, 0.9974, 0.9978, 0.9985, 0.9986, 0.9989, 0.9977]","[151536, 151783, 151802, 151815, 151816, 151821, 151717, 151828, 151802, 151905, 151875, 151777, 151748, 151809, 151786, 151799, 151881, 151848, 151839, 151852, 151904, 151898, 151923, 151883, 151890, 151896, 151877, 116281]","[-12.4911, -12.9876, -13.5468, -13.5696, -13.8001, -15.0842, -15.1304, -15.8052, -15.1546, -16.814, -17.1265, -16.6716, -16.8838, -18.7507, -21.8656, -19.6132, -20.2409, -21.6423, -22.6061, -24.45, -28.0135, -40.7684, -53.1068, -75.4333, -109.8909, -141.9722, -178.9904, -55.8726]",23,8
CC_045_W6,algorithmic,W6,Qwen/Qwen2.5-7B-Instruct,-1,28,"[1.0, 1.0, 1.0, 1.0, 1.0, 1.0, 1.0, 1.0, 1.0, 1.0, 1.0, 1.0, 1.0, 0.9999, 0.9999, 0.9999, 0.9998, 0.9994, 0.9977, 0.9968, 0.9965, 0.997, 0.9976, 0.9977, 0.9984, 0.9985, 0.9988, 0.9973]","[151482, 151830, 151863, 151918, 151943, 151941, 151880, 151912, 151939, 151956, 151957, 151879, 151849, 151897, 151902, 151862, 151920, 151904, 151881, 151884, 151927, 151958, 151969, 151927, 151936, 151947, 151945, 108207]","[-12.4848, -13.0253, -13.6386, -13.725, -14.0323, -15.44, -15.5206, -16.1198, -15.5363, -17.0918, -17.5675, -17.0856, -17.212, -19.217, -22.6707, -19.8828, -20.546, -22.1128, -22.8395, -24.6897, -28.4569, -42.3347, -54.8724, -77.5627, -112.3219, -145.9639, -185.7398, -55.2766]",20,5
SP_019_W6,algorithmic,W6,Qwen/Qwen2.5-7B-Instruct,-1,28,"[0.9909, 0.9928, 0.9923, 0.9916, 0.9907, 0.9906, 0.9907, 0.9905, 0.988, 0.9911, 0.9909, 0.9909, 0.9923, 0.993, 0.9951, 0.9945, 0.9909, 0.9851, 0.965, 0.9637, 0.9549, 0.9597, 0.9626, 0.9686, 0.9758, 0.9778, 0.9783, 0.9287]","[152040, 152037, 152031, 152023, 152012, 151986, 151953, 151980, 151979, 151984, 151950, 151932, 151854, 151932, 151943, 151909, 151908, 151959, 151916, 151964, 151964, 152001, 152013, 152017, 152019, 152004, 151995, 29631]","[-12.87, -13.5094, -14.1622, -14.2581, -14.3685, -15.7583, -15.7443, -16.4609, -16.0339, -18.0021, -18.0093, -18.0254, -17.2598, -19.5191, -22.445, -19.8527, -19.6961, -22.2288, -22.7104, -25.0758, -28.3509, -41.4003, -52.8305, -72.8152, -110.7937, -145.5135, -193.6622, -41.2369]",15,0
SP_020_W6,algorithmic,W6,Qwen/Qwen2.5-7B-Instruct,-1,28,"[0.9924, 0.994, 0.9932, 0.9931, 0.9929, 0.9914, 0.9913, 0.9905, 0.9886, 0.9919, 0.992, 0.9914, 0.993, 0.9927, 0.9946, 0.9935, 0.9896, 0.9836, 0.9656, 0.9629, 0.9517, 0.9561, 0.9588, 0.9655, 0.973, 0.975, 0.9742, 0.915]","[152040, 152037, 152029, 152021, 152011, 151989, 151957, 151983, 151980, 151989, 151955, 151938, 151856, 151936, 151949, 151920, 151909, 151954, 151910, 151961, 151957, 152001, 152010, 152014, 152018, 152000, 151987, 2693]","[-12.8715, -13.5203, -14.131, -14.2098, -14.3889, -15.7659, -15.7397, -16.4814, -16.0094, -17.9284, -17.9894, -18.0312, -17.284, -19.5513, -22.4465, -19.8233, -19.7453, -22.1201, -22.5388, -24.6797, -27.5216, -40.4024, -52.7914, -72.6353, -109.6604, -143.7389, -190.5152, -36.9667]",15,0
SP_021_W6,algorithmic,W6,Qwen/Qwen2.5-7B-Instruct,-1,28,"[0.9887, 0.9911, 0.9911, 0.9909, 0.9908, 0.9905, 0.9907, 0.99, 0.9876, 0.9923, 0.9927, 0.9925, 0.9937, 0.9938, 0.9953, 0.9946, 0.9908, 0.985, 0.9655, 0.9627, 0.9523, 0.9558, 0.9571, 0.9635, 0.9722, 0.9751, 0.977, 0.9265]","[152043, 152036, 152030, 152022, 152007, 151985, 151945, 151979, 151973, 151977, 151945, 151915, 151839, 151931, 151941, 151913, 151909, 151951, 151914, 151958, 151954, 152001, 152010, 152014, 152018, 152009, 152003, 81223]","[-12.8717, -13.5243, -14.1453, -14.2158, -14.3162, -15.7754, -15.7216, -16.4675, -15.9909, -18.0486, -17.8841, -17.9795, -17.2278, -19.522, -22.3515, -19.9725, -19.8522, -22.3116, -22.6761, -24.5872, -27.7108, -40.8936, -51.5906, -71.0672, -108.894, -143.9263, -194.3009, -43.305]",15,0
SP_023_W6,algorithmic,W6,Qwen/Qwen2.5-7B-Instruct,-1,28,"[0.9918, 0.9936, 0.9926, 0.9923, 0.9921, 0.9911, 0.9913, 0.9906, 0.9878, 0.9914, 0.9919, 0.9917, 0.9933, 0.9939, 0.9953, 0.9946, 0.9904, 0.9841, 0.9674, 0.9617, 0.9536, 0.9586, 0.9618, 0.9683, 0.9759, 0.978, 0.9778, 0.9269]","[152041, 152037, 152028, 152020, 152006, 151987, 151951, 151981, 151980, 151987, 151951, 151933, 151857, 151935, 151946, 151911, 151908, 151955, 151915, 151963, 151964, 152002, 152015, 152017, 152019, 152006, 151996, 20546]","[-12.8658, -13.5045, -14.1435, -14.2007, -14.3211, -15.7703, -15.7141, -16.4413, -15.9511, -17.9607, -17.9462, -17.9972, -17.2796, -19.4972, -22.434, -19.8017, -19.6272, -22.1301, -22.3727, -24.7244, -27.9633, -41.0435, -53.115, -73.0886, -110.7272, -145.3316, -191.6782, -39.9342]",15,0
SP_024_W6,algorithmic,W6,Qwen/Qwen2.5-7B-Instruct,-1,28,"[0.9891, 0.9915, 0.9912, 0.9911, 0.9908, 0.9901, 0.99, 0.9897, 0.9877, 0.9919, 0.9924, 0.9916, 0.9928, 0.9927, 0.9948, 0.994, 0.9904, 0.9843, 0.9686, 0.963, 0.9542, 0.9592, 0.9624, 0.9692, 0.9764, 0.9785, 0.9792, 0.9311]","[152042, 152036, 152028, 152022, 152007, 151986, 151947, 151980, 151974, 151976, 151948, 151925, 151844, 151930, 151944, 151908, 151908, 151951, 151913, 151956, 151956, 152001, 152012, 152016, 152018, 152003, 151995, 41383]","[-12.8719, -13.5247, -14.1335, -14.212, -14.3398, -15.7988, -15.7255, -16.4863, -15.9994, -18.0287, -17.9788, -18.0371, -17.2771, -19.5562, -22.4594, -19.8645, -19.8085, -22.2749, -22.644, -24.788, -28.2433, -41.3446, -53.1599, -73.2603, -111.256, -146.1587, -193.8362, -41.8093]",15,0
SP_026_W6,algorithmic,W6,Qwen/Qwen2.5-7B-Instruct,-1,28,"[0.9882, 0.9907, 0.9903, 0.9904, 0.9906, 0.9902, 0.9905, 0.9899, 0.9881, 0.9922, 0.9927, 0.9926, 0.9935, 0.9937, 0.9949, 0.994, 0.9904, 0.9844, 0.9666, 0.9625, 0.9526, 0.9578, 0.9611, 0.9679, 0.9758, 0.9782, 0.979, 0.9307]","[152043, 152036, 152029, 152022, 152007, 151984, 151942, 151974, 151971, 151975, 151943, 151911, 151827, 151930, 151941, 151904, 151903, 151946, 151907, 151955, 151940, 151998, 152009, 152014, 152018, 152003, 151998, 54216]","[-12.8731, -13.5303, -14.1428, -14.1882, -14.3344, -15.7747, -15.6924, -16.4135, -16.0038, -18.087, -17.957, -17.9254, -17.1618, -19.6255, -22.307, -19.9141, -19.7823, -22.141, -22.5259, -24.6084, -27.9571, -40.9815, -52.3488, -72.2605, -110.2741, -145.2954, -193.7607, -41.9952]",15,0
SP_027_W6,algorithmic,W6,Qwen/Qwen2.5-7B-Instruct,-1,28,"[0.9911, 0.993, 0.9924, 0.9916, 0.9909, 0.9908, 0.9908, 0.9898, 0.9877, 0.9911, 0.9911, 0.991, 0.9924, 0.9932, 0.9951, 0.9943, 0.9903, 0.9833, 0.9672, 0.9659, 0.9542, 0.9596, 0.9628, 0.9691, 0.9764, 0.9784, 0.978, 0.9278]","[152041, 152037, 152031, 152022, 152011, 151986, 151952, 151980, 151979, 151983, 151947, 151927, 151845, 151934, 151947, 151917, 151912, 151958, 151911, 151957, 151957, 152001, 152009, 152011, 152018, 151997, 151979, 2399]","[-12.8699, -13.5107, -14.1505, -14.2307, -14.3339, -15.761, -15.7186, -16.4397, -15.9911, -17.9665, -17.951, -17.9981, -17.1925, -19.5198, -22.2909, -19.8386, -19.7913, -22.2578, -22.6262, -24.748, -27.7791, -40.4177, -52.4389, -72.3532, -110.413, -144.5247, -188.8501, -37.2163]",15,0
SP_028_W6,algorithmic,W6,Qwen/Qwen2.5-7B-Instruct,-1,28,"[0.99, 0.992, 0.9918, 0.9913, 0.9907, 0.9902, 0.9898, 0.9891, 0.9874, 0.9918, 0.9919, 0.9916, 0.9927, 0.9928, 0.9951, 0.9941, 0.9902, 0.9843, 0.9709, 0.9683, 0.9598, 0.9646, 0.9668, 0.9727, 0.9792, 0.9821, 0.9834, 0.9478]","[152043, 152037, 152028, 152021, 152008, 151988, 151947, 151979, 151970, 151978, 151948, 151926, 151845, 151932, 151944, 151907, 151911, 151955, 151914, 151964, 151958, 152002, 152014, 152017, 152019, 152005, 151996, 36787]","[-12.8722, -13.5188, -14.1278, -14.1953, -14.3565, -15.8342, -15.7225, -16.4739, -15.9355, -17.9753, -17.9347, -17.9295, -17.2502, -19.5256, -22.5506, -19.9027, -19.8397, -22.2807, -22.7028, -24.8912, -28.0003, -41.0739, -52.9075, -73.2957, -111.1501, -146.8178, -194.1021, -42.7493]",15,0
SP_029_W6,algorithmic,W6,Qwen/Qwen2.5-7B-Instruct,-1,28,"[0.9899, 0.992, 0.9918, 0.9911, 0.9906, 0.9903, 0.9899, 0.9887, 0.9868, 0.9914, 0.9915, 0.9914, 0.9925, 0.9928, 0.9947, 0.9934, 0.9898, 0.9837, 0.9704, 0.9687, 0.9604, 0.9649, 0.9669, 0.9725, 0.979, 0.9818, 0.9834, 0.9477]","[152043, 152037, 152028, 152021, 152008, 151987, 151946, 151978, 151970, 151977, 151948, 151924, 151845, 151931, 151946, 151907, 151908, 151953, 151912, 151960, 151959, 152001, 152013, 152017, 152019, 152008, 152000, 64436]","[-12.871, -13.5272, -14.1353, -14.196, -14.3477, -15.8195, -15.7286, -16.4675, -15.9383, -18.0048, -17.9883, -17.9163, -17.2673, -19.5638, -22.5047, -19.878, -19.8036, -22.2186, -22.5857, -24.7906, -27.9922, -41.2843, -52.3301, -73.0704, -111.3302, -146.9986, -196.1178, -44.3835]",15,0
SP_030_W6,algorithmic,W6,Qwen/Qwen2.5-7B-Instruct,-1,28,"[0.99, 0.992, 0.9919, 0.9912, 0.9907, 0.9903, 0.9899, 0.9889, 0.9869, 0.9915, 0.9916, 0.9914, 0.9924, 0.9928, 0.9946, 0.9933, 0.9893, 0.9835, 0.9692, 0.9668, 0.9582, 0.9623, 0.9643, 0.9703, 0.977, 0.9801, 0.9813, 0.9406]","[152043, 152036, 152028, 152021, 152008, 151987, 151945, 151980, 151970, 151977, 151948, 151924, 151842, 151930, 151946, 151905, 151908, 151952, 151910, 151957, 151959, 152002, 152014, 152017, 152019, 152007, 151998, 43110]","[-12.8694, -13.5197, -14.1293, -14.1926, -14.3428, -15.8119, -15.7271, -16.4816, -15.9535, -18.0241, -17.9848, -17.9103, -17.2475, -19.5906, -22.538, -19.9097, -19.8312, -22.1634, -22.5285, -24.7012, -27.971, -41.4667, -52.8013, -73.0815, -111.4134, -146.4712, -195.0269, -42.3371]",15,0
SP_031_W6,algorithmic,W6,Qwen/Qwen2.5-7B-Instruct,-1,28,"[0.9922, 0.9939, 0.993, 0.9928, 0.9927, 0.9915, 0.9915, 0.9905, 0.9888, 0.9921, 0.9923, 0.992, 0.9934, 0.9933, 0.9951, 0.9942, 0.9904, 0.9846, 0.9668, 0.9613, 0.9484, 0.9527, 0.954, 0.9613, 0.9701, 0.9722, 0.9721, 0.9098]","[152040, 152037, 152029, 152021, 152011, 151988, 151953, 151983, 151978, 151988, 151953, 151934, 151852, 151935, 151947, 151921, 151909, 151953, 151912, 151962, 151960, 152002, 152012, 152014, 152019, 152002, 151990, 9803]","[-12.8716, -13.5014, -14.1205, -14.2144, -14.3812, -15.7718, -15.7183, -16.4502, -15.9738, -17.8945, -18.0119, -18.0358, -17.2269, -19.3686, -22.5112, -19.837, -19.7569, -22.2243, -22.5388, -24.5743, -27.6233, -40.4095, -52.8791, -72.2585, -110.5578, -144.1885, -190.8316, -38.169]",15,0
SP_032_W6,algorithmic,W6,Qwen/Qwen2.5-7B-Instruct,-1,28,"[0.9936, 0.9949, 0.9936, 0.993, 0.9931, 0.9922, 0.9921, 0.9914, 0.99, 0.9929, 0.9929, 0.9924, 0.9936, 0.9938, 0.9958, 0.9948, 0.9902, 0.9836, 0.9602, 0.9549, 0.9402, 0.9449, 0.9456, 0.9536, 0.9636, 0.9659, 0.967, 0.8948]","[152040, 152037, 152031, 152021, 152009, 151988, 151956, 151983, 151977, 151986, 151956, 151937, 151855, 151940, 151949, 151923, 151913, 151953, 151907, 151962, 151954, 152001, 152009, 152014, 152018, 152005, 151995, 17163]","[-12.8701, -13.5091, -14.1554, -14.2729, -14.3739, -15.758, -15.7404, -16.4916, -16.0026, -17.9972, -18.0402, -18.0755, -17.2234, -19.4754, -22.4105, -19.877, -19.8266, -22.1945, -22.5311, -24.3403, -26.7495, -39.9809, -51.7466, -70.7361, -108.0966, -141.8692, -188.985, -38.0239]",15,0
SP_033_W6,algorithmic,W6,Qwen/Qwen2.5-7B-Instruct,-1,28,"[0.9933, 0.9946, 0.9935, 0.993, 0.9929, 0.9922, 0.9921, 0.9914, 0.9899, 0.9926, 0.9926, 0.9921, 0.9934, 0.9935, 0.9956, 0.9946, 0.9903, 0.9835, 0.9612, 0.9569, 0.9462, 0.9513, 0.9533, 0.9615, 0.9698, 0.9722, 0.9725, 0.9084]","[152040, 152037, 152031, 152021, 152009, 151989, 151955, 151982, 151977, 151987, 151957, 151938, 151857, 151941, 151952, 151927, 151911, 151952, 151912, 151966, 151961, 152001, 152013, 152014, 152019, 152003, 151994, 20919]","[-12.8685, -13.5113, -14.1574, -14.281, -14.3681, -15.7466, -15.7323, -16.4764, -16.001, -17.9868, -18.0649, -18.0873, -17.2282, -19.45, -22.4726, -19.8798, -19.7757, -22.148, -22.5465, -24.6829, -27.5622, -41.0025, -53.01, -72.7505, -110.6138, -144.4895, -190.9344, -38.7496]",15,0
SP_034_W6,algorithmic,W6,Qwen/Qwen2.5-7B-Instruct,-1,28,"[0.9935, 0.9948, 0.9935, 0.9928, 0.9929, 0.9919, 0.9917, 0.9912, 0.9897, 0.9928, 0.9929, 0.9926, 0.9937, 0.9941, 0.996, 0.9949, 0.9906, 0.9838, 0.9637, 0.9597, 0.945, 0.9496, 0.9515, 0.9589, 0.9676, 0.9692, 0.9683, 0.8927]","[152040, 152037, 152031, 152020, 152010, 151989, 151954, 151983, 151977, 151985, 151953, 151936, 151854, 151940, 151951, 151928, 151913, 151957, 151911, 151963, 151959, 152001, 152009, 152014, 152018, 152001, 151988, 3096]","[-12.8709, -13.5096, -14.1483, -14.2694, -14.3773, -15.7679, -15.7389, -16.4976, -15.9953, -17.9771, -17.9856, -18.0373, -17.2409, -19.5161, -22.4063, -19.9083, -19.8303, -22.1983, -22.5982, -24.6641, -27.5043, -40.9188, -52.9326, -71.8363, -109.286, -142.8539, -188.3654, -35.5628]",15,0
SP_035_W6,algorithmic,W6,Qwen/Qwen2.5-7B-Instruct,-1,28,"[0.9943, 0.9953, 0.9946, 0.9939, 0.9936, 0.9931, 0.9924, 0.9919, 0.9899, 0.9927, 0.9924, 0.9919, 0.9929, 0.9936, 0.9954, 0.9945, 0.9899, 0.9849, 0.9691, 0.9628, 0.9527, 0.958, 0.9597, 0.9675, 0.975, 0.9769, 0.9762, 0.9217]","[152040, 152037, 152031, 152021, 152007, 151988, 151946, 151982, 151972, 151984, 151955, 151939, 151860, 151941, 151949, 151920, 151911, 151951, 151917, 151970, 151970, 152006, 152015, 152017, 152019, 152006, 151990, 4427]","[-12.8667, -13.5019, -14.1559, -14.2732, -14.3552, -15.7414, -15.6887, -16.4893, -15.9696, -17.9929, -18.0299, -18.1041, -17.2679, -19.4776, -22.5355, -19.9152, -19.6964, -22.1115, -22.623, -24.8559, -27.6099, -41.0295, -53.3767, -73.2457, -110.9771, -145.3877, -192.8022, -38.3126]",15,0
SP_036_W6,algorithmic,W6,Qwen/Qwen2.5-7B-Instruct,-1,28,"[0.9934, 0.9948, 0.9929, 0.9925, 0.9928, 0.9919, 0.9919, 0.9915, 0.9902, 0.9929, 0.9929, 0.9925, 0.9937, 0.9936, 0.9955, 0.9944, 0.9899, 0.9834, 0.9584, 0.952, 0.9338, 0.9371, 0.9365, 0.9446, 0.9561, 0.9589, 0.9613, 0.8787]","[152040, 152037, 152031, 152020, 152009, 151989, 151954, 151983, 151977, 151984, 151953, 151938, 151856, 151939, 151951, 151926, 151912, 151956, 151911, 151963, 151960, 152001, 152011, 152014, 152020, 152008, 152000, 18441]","[-12.8733, -13.518, -14.1508, -14.267, -14.3733, -15.7603, -15.7372, -16.4931, -15.9978, -17.9751, -17.9852, -18.0636, -17.2771, -19.5558, -22.4134, -19.9, -19.8415, -22.2594, -22.6391, -24.4118, -27.0092, -39.7498, -51.0759, -68.8835, -106.5106, -140.2116, -186.9695, -37.7937]",15,0
SP_037_W6,algorithmic,W6,Qwen/Qwen2.5-7B-Instruct,-1,28,"[0.991, 0.9927, 0.9921, 0.9918, 0.9911, 0.9907, 0.9908, 0.9903, 0.9879, 0.9911, 0.9908, 0.9907, 0.9921, 0.993, 0.995, 0.9943, 0.9906, 0.9846, 0.9674, 0.9657, 0.9535, 0.9585, 0.9618, 0.9682, 0.9755, 0.9776, 0.9774, 0.9255]","[152040, 152037, 152032, 152022, 152012, 151986, 151951, 151981, 151980, 151982, 151948, 151928, 151846, 151934, 151944, 151917, 151912, 151961, 151910, 151960, 151959, 152001, 152010, 152014, 152018, 152002, 151989, 9073]","[-12.8721, -13.5103, -14.1507, -14.2333, -14.3416, -15.7672, -15.7256, -16.4489, -16.0029, -17.9894, -17.951, -18.0078, -17.2133, -19.5163, -22.313, -19.8586, -19.8542, -22.3144, -22.6479, -24.653, -27.7391, -40.485, -52.7705, -72.7507, -110.2317, -144.8703, -190.7117, -38.7184]",15,0
SP_038_W6,algorithmic,W6,Qwen/Qwen2.5-7B-Instruct,-1,28,"[0.9887, 0.9911, 0.991, 0.9908, 0.9908, 0.9903, 0.9907, 0.9898, 0.9874, 0.9922, 0.9926, 0.9925, 0.9937, 0.9937, 0.9952, 0.9944, 0.9903, 0.9844, 0.9626, 0.9603, 0.9496, 0.9536, 0.9553, 0.9625, 0.9713, 0.9741, 0.9752, 0.9201]","[152043, 152037, 152030, 152022, 152007, 151985, 151945, 151980, 151972, 151977, 151946, 151915, 151839, 151931, 151942, 151913, 151908, 151949, 151912, 151957, 151959, 152001, 152011, 152016, 152020, 152011, 152007, 89040]","[-12.8743, -13.5284, -14.1455, -14.2186, -14.3118, -15.7771, -15.7301, -16.4638, -15.9686, -18.0248, -17.9024, -17.966, -17.2192, -19.4766, -22.409, -19.9713, -19.7811, -22.2677, -22.5895, -24.4393, -27.7005, -40.9321, -52.0397, -71.473, -109.2805, -144.7413, -194.1261, -43.2833]",15,0
SP_039_W6,algorithmic,W6,Qwen/Qwen2.5-7B-Instruct,-1,28,"[0.9887, 0.9911, 0.9904, 0.9906, 0.9906, 0.99, 0.9904, 0.9897, 0.9873, 0.992, 0.9924, 0.9921, 0.9933, 0.9931, 0.9954, 0.9948, 0.9908, 0.9849, 0.9699, 0.9667, 0.9581, 0.9618, 0.9638, 0.9695, 0.977, 0.9801, 0.9811, 0.9397]","[152043, 152036, 152028, 152022, 152007, 151987, 151947, 151980, 151974, 151977, 151948, 151920, 151836, 151929, 151940, 151911, 151906, 151948, 151911, 151959, 151960, 152002, 152013, 152017, 152019, 152008, 152000, 55359]","[-12.8737, -13.5277, -14.1371, -14.206, -14.3221, -15.7922, -15.7398, -16.4406, -15.958, -18.0204, -17.9402, -17.9427, -17.1838, -19.3943, -22.3918, -19.9548, -19.7984, -22.2245, -22.4837, -24.7614, -28.1986, -41.5915, -52.5731, -72.484, -110.8626, -146.1002, -194.8452, -41.93]",15,0
SP_040_W6,algorithmic,W6,Qwen/Qwen2.5-7B-Instruct,-1,28,"[0.9897, 0.992, 0.9915, 0.9914, 0.9909, 0.9905, 0.9902, 0.9898, 0.988, 0.9918, 0.9918, 0.9914, 0.9927, 0.9928, 0.9954, 0.9946, 0.9909, 0.9852, 0.9642, 0.9603, 0.9501, 0.9528, 0.9551, 0.9618, 0.9706, 0.9739, 0.976, 0.9261]","[152042, 152036, 152028, 152021, 152008, 151988, 151946, 151981, 151970, 151979, 151947, 151927, 151847, 151933, 151944, 151909, 151908, 151957, 151917, 151963, 151958, 152002, 152015, 152017, 152020, 152012, 152007, 86086]","[-12.8702, -13.5184, -14.1223, -14.1877, -14.3694, -15.8251, -15.6997, -16.4571, -15.8996, -17.9297, -17.8802, -17.9208, -17.2145, -19.4966, -22.5682, -19.9036, -19.7425, -22.188, -22.6772, -24.7391, -28.0212, -41.079, -52.3762, -71.9213, -109.9769, -145.9748, -196.4734, -44.4191]",15,0
SP_042_W6,algorithmic,W6,Qwen/Qwen2.5-7B-Instruct,-1,28,"[0.9882, 0.9908, 0.9907, 0.9908, 0.9909, 0.9909, 0.9911, 0.9909, 0.9894, 0.993, 0.9934, 0.993, 0.994, 0.9942, 0.9956, 0.995, 0.9913, 0.9851, 0.9659, 0.9599, 0.9492, 0.9547, 0.9571, 0.9644, 0.9731, 0.9756, 0.9769, 0.9238]","[152043, 152036, 152030, 152022, 152007, 151984, 151943, 151978, 151972, 151976, 151944, 151917, 151834, 151932, 151942, 151912, 151907, 151948, 151914, 151957, 151954, 152001, 152009, 152014, 152018, 152006, 152004, 69920]","[-12.8715, -13.5357, -14.1432, -14.1878, -14.3403, -15.7921, -15.7033, -16.4284, -15.9795, -18.0804, -17.9195, -18.0155, -17.1997, -19.6173, -22.3527, -19.898, -19.7865, -22.2071, -22.6008, -24.613, -27.8645, -41.1322, -52.2516, -72.1838, -110.6289, -145.5255, -194.5263, -42.9211]",15,0
SP_044_W6,algorithmic,W6,Qwen/Qwen2.5-7B-Instruct,-1,28,"[0.9903, 0.9924, 0.9921, 0.992, 0.9916, 0.9909, 0.9912, 0.9908, 0.9887, 0.9916, 0.9916, 0.9914, 0.9926, 0.9934, 0.9951, 0.9945, 0.9905, 0.9846, 0.9689, 0.9646, 0.9553, 0.9611, 0.964, 0.9702, 0.9772, 0.9788, 0.9786, 0.9266]","[152042, 152037, 152031, 152021, 152007, 151985, 151949, 151979, 151979, 151981, 151948, 151928, 151846, 151934, 151946, 151915, 151912, 151958, 151911, 151963, 151962, 152002, 152015, 152017, 152019, 152003, 151991, 11962]","[-12.8707, -13.5115, -14.1503, -14.235, -14.3595, -15.7679, -15.738, -16.4568, -15.983, -18.0171, -17.9301, -17.9504, -17.2346, -19.6385, -22.4105, -19.8848, -19.8148, -22.2864, -22.5436, -24.9364, -28.294, -41.2754, -53.3129, -73.3728, -110.7056, -145.3827, -192.6408, -39.4197]",15,0
SP_045_W6,algorithmic,W6,Qwen/Qwen2.5-7B-Instruct,-1,28,"[0.9909, 0.9929, 0.9927, 0.9917, 0.991, 0.9911, 0.9911, 0.99, 0.988, 0.9913, 0.9915, 0.9914, 0.9926, 0.9932, 0.9952, 0.9943, 0.9902, 0.9834, 0.9658, 0.9641, 0.9535, 0.9583, 0.961, 0.9678, 0.9752, 0.9778, 0.9779, 0.9275]","[152040, 152036, 152031, 152021, 152009, 151985, 151951, 151980, 151978, 151983, 151948, 151925, 151845, 151933, 151946, 151914, 151911, 151957, 151912, 151962, 151959, 152001, 152010, 152014, 152018, 152001, 151988, 6116]","[-12.8654, -13.503, -14.1448, -14.2119, -14.3158, -15.7272, -15.6855, -16.4076, -15.9535, -17.9211, -17.9265, -17.9628, -17.1884, -19.4532, -22.3246, -19.7781, -19.7222, -22.1295, -22.4954, -24.5836, -27.7159, -40.549, -52.2952, -72.1876, -110.2054, -144.1088, -190.0944, -37.9619]",15,0
SP_046_W6,algorithmic,W6,Qwen/Qwen2.5-7B-Instruct,-1,28,"[0.9898, 0.9919, 0.9916, 0.9912, 0.9907, 0.9904, 0.9901, 0.9896, 0.9879, 0.9921, 0.9921, 0.9919, 0.993, 0.9931, 0.9954, 0.9946, 0.991, 0.9858, 0.9749, 0.9727, 0.9642, 0.9685, 0.9706, 0.9755, 0.981, 0.9836, 0.985, 0.9531]","[152042, 152036, 152028, 152020, 152008, 151988, 151946, 151981, 151971, 151978, 151947, 151926, 151846, 151933, 151944, 151909, 151911, 151958, 151913, 151957, 151957, 152001, 152013, 152017, 152019, 152006, 151995, 37385]","[-12.8697, -13.5192, -14.1197, -14.1844, -14.3636, -15.8189, -15.6975, -16.4689, -15.9123, -17.9137, -17.878, -17.9055, -17.222, -19.4836, -22.5647, -19.9141, -19.7752, -22.273, -22.7273, -24.8722, -28.1804, -41.3564, -53.3244, -73.8312, -111.7958, -147.3206, -195.472, -42.8714]",15,0
SP_047_W6,algorithmic,W6,Qwen/Qwen2.5-7B-Instruct,-1,28,"[0.9911, 0.993, 0.9925, 0.9915, 0.9908, 0.9909, 0.9909, 0.9898, 0.9877, 0.9912, 0.9913, 0.9912, 0.9925, 0.9932, 0.9952, 0.9942, 0.9902, 0.9833, 0.9675, 0.9651, 0.9542, 0.9591, 0.9614, 0.9679, 0.9752, 0.9774, 0.9773, 0.9237]","[152041, 152037, 152031, 152021, 152010, 151985, 151952, 151980, 151978, 151983, 151948, 151927, 151849, 151932, 151947, 151918, 151914, 151960, 151917, 151966, 151964, 152001, 152011, 152015, 152018, 151999, 151980, 1388]","[-12.868, -13.5057, -14.1522, -14.226, -14.335, -15.7436, -15.7073, -16.4216, -15.9794, -17.9426, -17.9443, -17.9888, -17.2014, -19.4768, -22.3682, -19.8293, -19.7842, -22.3106, -22.7392, -24.8858, -28.09, -40.7077, -52.2737, -72.3305, -110.4043, -143.2313, -188.9788, -35.5264]",15,0
SP_048_W6,algorithmic,W6,Qwen/Qwen2.5-7B-Instruct,-1,28,"[0.9897, 0.9918, 0.9917, 0.9911, 0.9905, 0.9901, 0.9898, 0.9888, 0.9871, 0.9917, 0.9918, 0.9917, 0.9927, 0.9929, 0.9952, 0.9941, 0.9905, 0.9845, 0.9727, 0.9705, 0.9609, 0.9655, 0.9674, 0.9729, 0.9791, 0.9822, 0.9834, 0.948]","[152043, 152036, 152028, 152021, 152008, 151987, 151947, 151979, 151970, 151978, 151948, 151923, 151843, 151930, 151944, 151904, 151908, 151956, 151911, 151956, 151959, 152001, 152013, 152017, 152019, 152004, 151992, 37449]","[-12.8718, -13.5255, -14.1336, -14.1913, -14.3487, -15.825, -15.7305, -16.4709, -15.9358, -17.9826, -17.9595, -17.9135, -17.2629, -19.5282, -22.5099, -19.8681, -19.815, -22.2561, -22.5791, -24.7363, -28.1553, -41.3186, -53.1119, -73.4165, -111.9198, -146.8976, -194.0856, -42.2663]",15,0
SP_049_W6,algorithmic,W6,Qwen/Qwen2.5-7B-Instruct,-1,28,"[0.9922, 0.994, 0.993, 0.9928, 0.9927, 0.9915, 0.9915, 0.9905, 0.9888, 0.9921, 0.9923, 0.9921, 0.9934, 0.9932, 0.995, 0.994, 0.9898, 0.9835, 0.963, 0.957, 0.9443, 0.9494, 0.9512, 0.9577, 0.9668, 0.9697, 0.9698, 0.9026]","[152040, 152037, 152028, 152021, 152011, 151989, 151955, 151983, 151978, 151987, 151952, 151934, 151850, 151934, 151947, 151921, 151909, 151952, 151910, 151960, 151963, 152001, 152010, 152014, 152018, 152005, 151996, 25258]","[-12.8726, -13.504, -14.1227, -14.2146, -14.3867, -15.7772, -15.7234, -16.4428, -15.9645, -17.8812, -17.9959, -18.0047, -17.2206, -19.3427, -22.493, -19.8318, -19.7379, -22.1891, -22.4837, -24.6654, -27.8079, -40.6889, -52.6345, -71.6775, -109.922, -144.2136, -191.8348, -38.6844]",15,0
SP_050_W6,algorithmic,W6,Qwen/Qwen2.5-7B-Instruct,-1,28,"[0.9936, 0.9949, 0.9933, 0.9929, 0.9931, 0.9922, 0.9921, 0.9916, 0.9902, 0.9931, 0.9932, 0.9927, 0.9939, 0.994, 0.996, 0.9949, 0.9904, 0.9838, 0.9634, 0.959, 0.945, 0.9507, 0.9526, 0.9602, 0.9688, 0.9711, 0.9712, 0.906]","[152040, 152037, 152031, 152020, 152010, 151989, 151954, 151983, 151977, 151985, 151954, 151936, 151855, 151939, 151951, 151927, 151913, 151956, 151912, 151962, 151958, 152001, 152009, 152013, 152018, 151999, 151984, 1514]","[-12.8715, -13.5064, -14.1461, -14.2665, -14.3715, -15.7586, -15.7299, -16.4973, -15.9909, -17.9795, -17.9858, -18.0509, -17.2546, -19.5112, -22.3822, -19.8697, -19.794, -22.1968, -22.6361, -24.4905, -27.4335, -40.601, -52.4337, -71.6405, -109.2373, -142.2357, -187.172, -34.8186]",15,0
SP_051_W6,algorithmic,W6,Qwen/Qwen2.5-7B-Instruct,-1,28,"[0.9933, 0.9947, 0.9933, 0.9927, 0.9929, 0.992, 0.9919, 0.9914, 0.9901, 0.9928, 0.9928, 0.9922, 0.9935, 0.9937, 0.9958, 0.9947, 0.9903, 0.9838, 0.9629, 0.9587, 0.9464, 0.95, 0.9513, 0.9586, 0.9675, 0.9693, 0.9699, 0.9004]","[152040, 152037, 152031, 152021, 152009, 151989, 151956, 151983, 151977, 151987, 151956, 151939, 151854, 151940, 151951, 151925, 151912, 151958, 151913, 151964, 151961, 152001, 152013, 152014, 152019, 152005, 151995, 15925]","[-12.8706, -13.5135, -14.1567, -14.2747, -14.3706, -15.752, -15.7335, -16.4854, -15.9925, -17.9844, -18.0341, -18.0561, -17.2248, -19.4847, -22.4287, -19.8752, -19.785, -22.1812, -22.5851, -24.5372, -27.4849, -40.8883, -52.5494, -71.5162, -109.1685, -142.7198, -190.0297, -38.2025]",15,0
SP_052_W6,algorithmic,W6,Qwen/Qwen2.5-7B-Instruct,-1,28,"[0.9923, 0.994, 0.9933, 0.993, 0.993, 0.9918, 0.9917, 0.9906, 0.9889, 0.9923, 0.9925, 0.992, 0.9935, 0.9935, 0.9953, 0.9944, 0.9903, 0.9841, 0.964, 0.9605, 0.9486, 0.9533, 0.9555, 0.9621, 0.9702, 0.9722, 0.9718, 0.9085]","[152040, 152037, 152028, 152021, 152011, 151988, 151955, 151983, 151978, 151986, 151952, 151934, 151848, 151935, 151946, 151919, 151908, 151954, 151911, 151959, 151961, 152001, 152012, 152014, 152019, 152002, 151990, 16151]","[-12.8742, -13.5045, -14.1202, -14.2172, -14.3838, -15.7731, -15.7205, -16.4439, -15.9654, -17.8698, -17.9737, -17.9943, -17.2172, -19.3513, -22.5212, -19.851, -19.708, -22.186, -22.5283, -24.577, -27.674, -40.599, -52.2297, -71.3708, -109.8094, -143.6052, -191.0104, -38.3955]",15,0
SP_053_W6,algorithmic,W6,Qwen/Qwen2.5-7B-Instruct,-1,28,"[0.9949, 0.9958, 0.9949, 0.9942, 0.9939, 0.9929, 0.9925, 0.9922, 0.9902, 0.9927, 0.9925, 0.9924, 0.9934, 0.9938, 0.9951, 0.9941, 0.9902, 0.9861, 0.9726, 0.9687, 0.9623, 0.9661, 0.9667, 0.9719, 0.9786, 0.9792, 0.9778, 0.9249]","[152040, 152037, 152030, 152020, 152005, 151986, 151949, 151982, 151972, 151981, 151958, 151936, 151849, 151936, 151949, 151918, 151910, 151951, 151922, 151971, 151966, 152008, 152016, 152017, 152019, 152003, 151987, 801]","[-12.8728, -13.521, -14.1411, -14.2472, -14.3463, -15.7104, -15.68, -16.4473, -15.9, -17.9451, -18.0747, -17.9362, -17.2026, -19.4509, -22.4565, -19.8094, -19.6834, -21.9471, -22.6452, -25.1063, -28.3626, -41.9777, -54.0184, -73.725, -111.1046, -144.9488, -190.7244, -36.8275]",15,0
SP_054_W6,algorithmic,W6,Qwen/Qwen2.5-7B-Instruct,-1,28,"[0.9934, 0.9947, 0.9933, 0.9928, 0.993, 0.9921, 0.992, 0.9916, 0.9902, 0.993, 0.9931, 0.9925, 0.9936, 0.9938, 0.9958, 0.9947, 0.9906, 0.9843, 0.9632, 0.9594, 0.9489, 0.9535, 0.9552, 0.9628, 0.9711, 0.973, 0.9737, 0.9144]","[152040, 152037, 152031, 152021, 152009, 151989, 151955, 151983, 151977, 151986, 151956, 151937, 151854, 151940, 151951, 151925, 151913, 151952, 151913, 151965, 151958, 152001, 152011, 152014, 152019, 152004, 151992, 7754]","[-12.8702, -13.5154, -14.1564, -14.2764, -14.3731, -15.753, -15.7358, -16.4848, -16.0008, -17.9744, -18.0313, -18.0693, -17.2241, -19.4791, -22.4458, -19.8629, -19.7995, -22.1745, -22.6321, -24.6364, -27.5402, -40.8678, -52.6876, -72.273, -110.0835, -143.762, -190.4934, -38.1239]",15,0
SP_055_W6,algorithmic,W6,Qwen/Qwen2.5-7B-Instruct,-1,28,"[0.9943, 0.9954, 0.9947, 0.9939, 0.9937, 0.9929, 0.9923, 0.9917, 0.9897, 0.9924, 0.9921, 0.9915, 0.9928, 0.9935, 0.9955, 0.9947, 0.9901, 0.9845, 0.9675, 0.9619, 0.9524, 0.957, 0.9587, 0.9661, 0.9734, 0.9752, 0.9749, 0.9155]","[152040, 152037, 152031, 152021, 152007, 151989, 151947, 151984, 151975, 151985, 151954, 151939, 151861, 151939, 151951, 151923, 151914, 151958, 151913, 151967, 151965, 152003, 152014, 152017, 152019, 152005, 151990, 5379]","[-12.8669, -13.5081, -14.1594, -14.2763, -14.3598, -15.7427, -15.6916, -16.4978, -15.964, -17.9958, -18.022, -18.129, -17.2706, -19.4549, -22.5421, -19.9313, -19.7557, -22.1615, -22.5495, -24.7362, -27.5247, -40.8801, -53.0759, -73.1719, -110.4376, -144.8654, -191.7135, -38.4248]",15,0
SP_056_W6,algorithmic,W6,Qwen/Qwen2.5-7B-Instruct,-1,28,"[0.9933, 0.9947, 0.9937, 0.9931, 0.9929, 0.9921, 0.9919, 0.9911, 0.9894, 0.9924, 0.9924, 0.9919, 0.9932, 0.9935, 0.9956, 0.9945, 0.9903, 0.9839, 0.9636, 0.9577, 0.944, 0.9487, 0.9508, 0.9593, 0.9687, 0.9706, 0.9704, 0.9024]","[152040, 152037, 152031, 152021, 152009, 151987, 151955, 151982, 151977, 151987, 151957, 151939, 151856, 151940, 151952, 151926, 151912, 151951, 151909, 151965, 151959, 152001, 152010, 152014, 152018, 152002, 151991, 2995]","[-12.8686, -13.5103, -14.1544, -14.2773, -14.3622, -15.7392, -15.7256, -16.4663, -15.9936, -17.9821, -18.0671, -18.0999, -17.2296, -19.4345, -22.4583, -19.8602, -19.7693, -22.1233, -22.5214, -24.6395, -27.3768, -40.4189, -52.6464, -71.7975, -109.4345, -143.3786, -189.8376, -36.5044]",15,0
SP_057_W6,algorithmic,W6,Qwen/Qwen2.5-7B-Instruct,-1,28,"[0.9944, 0.9955, 0.9947, 0.994, 0.9937, 0.9928, 0.9923, 0.9917, 0.99, 0.9924, 0.9922, 0.9917, 0.9929, 0.9937, 0.9955, 0.9947, 0.9899, 0.9843, 0.9648, 0.9588, 0.948, 0.9512, 0.9528, 0.9607, 0.9693, 0.9712, 0.9721, 0.9097]","[152040, 152037, 152031, 152021, 152007, 151989, 151950, 151984, 151975, 151986, 151956, 151939, 151866, 151942, 151954, 151927, 151915, 151960, 151920, 151968, 151967, 152004, 152015, 152017, 152019, 152008, 152000, 13999]","[-12.8657, -13.5027, -14.1522, -14.2726, -14.3587, -15.7399, -15.7035, -16.5156, -15.9611, -17.9949, -18.0144, -18.0951, -17.2972, -19.5366, -22.5646, -19.9336, -19.7223, -22.1716, -22.5158, -24.7339, -27.5472, -40.999, -52.8408, -72.5966, -109.7923, -144.5949, -192.326, -39.6982]",15,0
SP_058_W6,algorithmic,W6,Qwen/Qwen2.5-7B-Instruct,-1,28,"[0.9934, 0.9948, 0.9936, 0.9929, 0.9929, 0.9919, 0.9918, 0.9912, 0.9897, 0.9928, 0.9929, 0.9925, 0.9936, 0.9939, 0.9958, 0.9948, 0.9905, 0.9839, 0.9623, 0.9573, 0.9423, 0.9462, 0.9462, 0.9539, 0.9638, 0.9659, 0.9672, 0.8961]","[152040, 152037, 152031, 152020, 152009, 151989, 151954, 151983, 151977, 151985, 151954, 151938, 151855, 151939, 151951, 151926, 151913, 151955, 151909, 151963, 151954, 152001, 152010, 152014, 152018, 152005, 151995, 18017]","[-12.8709, -13.5116, -14.1508, -14.2696, -14.377, -15.7652, -15.7374, -16.4956, -15.9964, -17.9817, -17.9857, -18.0586, -17.2516, -19.5339, -22.4185, -19.8865, -19.8524, -22.2221, -22.5958, -24.3853, -26.8852, -40.1497, -51.7926, -70.4086, -108.0048, -141.8871, -189.8835, -38.2116]",15,0
SP_059_W6,algorithmic,W6,Qwen/Qwen2.5-7B-Instruct,-1,28,"[0.9923, 0.9941, 0.9934, 0.9931, 0.9931, 0.9919, 0.9918, 0.9906, 0.9889, 0.9923, 0.9927, 0.9924, 0.9938, 0.9935, 0.9953, 0.9943, 0.9901, 0.9835, 0.9639, 0.9605, 0.9482, 0.9541, 0.956, 0.9629, 0.9709, 0.9727, 0.9714, 0.9055]","[152040, 152037, 152031, 152022, 152011, 151987, 151952, 151982, 151978, 151986, 151952, 151932, 151851, 151935, 151948, 151919, 151910, 151956, 151913, 151964, 151970, 152002, 152015, 152014, 152018, 152002, 151987, 2376]","[-12.8712, -13.5041, -14.1297, -14.2329, -14.3868, -15.7683, -15.7029, -16.42, -15.9378, -17.8501, -17.937, -17.9506, -17.2034, -19.4064, -22.4879, -19.8157, -19.6558, -22.1091, -22.4678, -24.6515, -27.7111, -40.536, -52.3798, -71.5134, -109.6306, -143.046, -189.3839, -36.3387]",15,0
SP_060_W6,algorithmic,W6,Qwen/Qwen2.5-7B-Instruct,-1,28,"[0.9924, 0.994, 0.9933, 0.9931, 0.993, 0.9918, 0.9917, 0.9905, 0.9888, 0.9922, 0.9926, 0.9921, 0.9936, 0.9932, 0.9951, 0.9943, 0.9899, 0.9841, 0.9669, 0.9641, 0.9531, 0.9582, 0.9597, 0.966, 0.9733, 0.9754, 0.9752, 0.9182]","[152040, 152037, 152028, 152021, 152011, 151987, 151953, 151983, 151978, 151988, 151953, 151934, 151857, 151935, 151947, 151920, 151909, 151949, 151912, 151960, 151968, 152002, 152014, 152015, 152019, 152001, 151987, 6467]","[-12.8687, -13.4968, -14.1182, -14.2118, -14.3815, -15.7706, -15.7171, -16.4471, -15.955, -17.8809, -17.9897, -18.0091, -17.2475, -19.4032, -22.4756, -19.8289, -19.6834, -22.1725, -22.5652, -24.6597, -28.2494, -41.5294, -53.167, -73.1072, -110.945, -144.3522, -190.9708, -37.6319]",15,0
SP_061_W6,algorithmic,W6,Qwen/Qwen2.5-7B-Instruct,-1,28,"[0.9936, 0.9949, 0.9933, 0.9928, 0.993, 0.9921, 0.992, 0.9916, 0.9902, 0.993, 0.9931, 0.9926, 0.9939, 0.9941, 0.9961, 0.9951, 0.9904, 0.9842, 0.9682, 0.9629, 0.9542, 0.9592, 0.9601, 0.967, 0.9746, 0.9772, 0.9776, 0.9261]","[152040, 152037, 152031, 152021, 152009, 151989, 151954, 151983, 151977, 151985, 151954, 151938, 151855, 151939, 151951, 151927, 151913, 151953, 151910, 151961, 151965, 152002, 152015, 152017, 152020, 152009, 151994, 6787]","[-12.8721, -13.5169, -14.1526, -14.2686, -14.3776, -15.7682, -15.7415, -16.4995, -16.0002, -17.9824, -17.9862, -18.0589, -17.2718, -19.5477, -22.4209, -19.888, -19.814, -22.1398, -22.5103, -24.5551, -27.8504, -41.3464, -53.6437, -73.0031, -110.4716, -144.7771, -191.5453, -39.1725]",15,0
SP_062_W6,algorithmic,W6,Qwen/Qwen2.5-7B-Instruct,-1,28,"[0.9909, 0.9928, 0.9923, 0.9918, 0.9911, 0.9908, 0.9909, 0.9902, 0.9881, 0.9912, 0.9909, 0.9909, 0.9922, 0.9932, 0.9952, 0.9944, 0.9901, 0.9834, 0.9569, 0.9544, 0.9386, 0.9407, 0.9421, 0.9496, 0.9612, 0.9644, 0.9659, 0.8919]","[152041, 152037, 152031, 152022, 152010, 151985, 151953, 151980, 151978, 151982, 151947, 151927, 151845, 151934, 151946, 151916, 151912, 151961, 151916, 151965, 151963, 152001, 152011, 152014, 152018, 152006, 152001, 38931]","[-12.8703, -13.5067, -14.148, -14.2211, -14.3265, -15.7514, -15.7177, -16.4347, -15.9909, -17.9836, -17.9555, -18.0115, -17.1987, -19.5442, -22.3492, -19.8584, -19.8017, -22.2813, -22.6785, -24.716, -27.623, -40.175, -51.6208, -69.8332, -108.1058, -142.6649, -189.2359, -39.7821]",15,0
SP_063_W6,algorithmic,W6,Qwen/Qwen2.5-7B-Instruct,-1,28,"[0.9887, 0.9911, 0.9907, 0.9908, 0.9907, 0.9901, 0.9905, 0.9897, 0.9873, 0.992, 0.9925, 0.9924, 0.9935, 0.9932, 0.9953, 0.9948, 0.9911, 0.9855, 0.9656, 0.9634, 0.9545, 0.9583, 0.9602, 0.9666, 0.9747, 0.9773, 0.9783, 0.9297]","[152043, 152036, 152029, 152022, 152007, 151987, 151947, 151980, 151973, 151978, 151948, 151919, 151838, 151931, 151941, 151911, 151906, 151951, 151912, 151959, 151955, 152001, 152010, 152014, 152019, 152007, 152001, 62855]","[-12.8742, -13.5307, -14.1423, -14.2101, -14.3153, -15.7806, -15.7364, -16.4424, -15.9455, -18.0199, -17.9486, -17.9434, -17.1986, -19.4398, -22.4086, -19.9614, -19.7425, -22.2775, -22.6525, -24.8151, -27.932, -40.9235, -52.0747, -72.0309, -109.6297, -145.3004, -194.2602, -42.6574]",15,0
SP_064_W6,algorithmic,W6,Qwen/Qwen2.5-7B-Instruct,-1,28,"[0.9909, 0.9929, 0.9923, 0.9918, 0.9908, 0.9905, 0.9906, 0.9903, 0.9878, 0.991, 0.9908, 0.9907, 0.9921, 0.9931, 0.9952, 0.9946, 0.9908, 0.9849, 0.9661, 0.965, 0.9543, 0.9588, 0.9622, 0.9682, 0.9755, 0.9772, 0.9775, 0.925]","[152039, 152037, 152032, 152023, 152012, 151988, 151954, 151981, 151979, 151984, 151949, 151932, 151855, 151933, 151943, 151916, 151913, 151961, 151912, 151962, 151959, 152001, 152010, 152014, 152018, 152000, 151987, 4107]","[-12.8678, -13.5135, -14.1579, -14.2421, -14.3558, -15.7684, -15.743, -16.4704, -16.0279, -18.0183, -17.9912, -18.0792, -17.3042, -19.6148, -22.3714, -19.8955, -19.7884, -22.3432, -22.5713, -24.8131, -27.7061, -40.2563, -52.4369, -72.376, -110.2113, -144.5176, -190.2724, -37.8056]",15,0
SP_065_W6,algorithmic,W6,Qwen/Qwen2.5-7B-Instruct,-1,28,"[0.9908, 0.9927, 0.9922, 0.9918, 0.991, 0.9907, 0.9908, 0.9902, 0.9878, 0.991, 0.9908, 0.9907, 0.9921, 0.9931, 0.9952, 0.9945, 0.9905, 0.9839, 0.9619, 0.9606, 0.9486, 0.9538, 0.9575, 0.9642, 0.9726, 0.9745, 0.9751, 0.9196]","[152040, 152037, 152032, 152021, 152012, 151986, 151952, 151980, 151979, 151983, 151948, 151929, 151850, 151934, 151944, 151916, 151911, 151961, 151914, 151961, 151959, 152001, 152009, 152014, 152018, 152000, 151989, 8706]","[-12.8704, -13.507, -14.1495, -14.2327, -14.338, -15.7649, -15.7295, -16.4545, -16.0069, -18.0019, -17.9663, -18.037, -17.2441, -19.5789, -22.347, -19.8903, -19.8277, -22.3694, -22.71, -24.7342, -27.6704, -40.1022, -51.7815, -71.2289, -108.8455, -143.1097, -189.2956, -38.3319]",15,0
SP_066_W6,algorithmic,W6,Qwen/Qwen2.5-7B-Instruct,-1,28,"[0.9904, 0.9924, 0.992, 0.9918, 0.9914, 0.9908, 0.9909, 0.9905, 0.9884, 0.9915, 0.9915, 0.9914, 0.9925, 0.9931, 0.9952, 0.9945, 0.9906, 0.985, 0.9661, 0.9618, 0.9515, 0.9567, 0.9596, 0.9661, 0.9739, 0.9761, 0.9767, 0.9215]","[152041, 152037, 152031, 152021, 152007, 151986, 151949, 151979, 151978, 151981, 151949, 151928, 151845, 151934, 151945, 151915, 151911, 151961, 151914, 151960, 151958, 152001, 152013, 152017, 152019, 152005, 151997, 30329]","[-12.8694, -13.5182, -14.1545, -14.2337, -14.3661, -15.7779, -15.7276, -16.4411, -15.9511, -17.9915, -17.9443, -17.9314, -17.2071, -19.5268, -22.4222, -19.8811, -19.7799, -22.2925, -22.6465, -24.8845, -28.1031, -40.9767, -52.8708, -72.9386, -110.3553, -145.5649, -193.6104, -40.9205]",15,0
SP_068_W6,algorithmic,W6,Qwen/Qwen2.5-7B-Instruct,-1,28,"[0.9882, 0.9908, 0.9907, 0.9908, 0.9908, 0.9905, 0.9908, 0.9901, 0.9881, 0.9919, 0.9923, 0.9922, 0.9933, 0.9936, 0.9951, 0.9944, 0.9911, 0.9851, 0.9651, 0.9607, 0.9519, 0.9569, 0.9591, 0.9656, 0.9735, 0.9763, 0.978, 0.9288]","[152043, 152036, 152030, 152022, 152007, 151984, 151944, 151975, 151972, 151975, 151943, 151917, 151835, 151928, 151940, 151905, 151908, 151951, 151913, 151964, 151953, 152001, 152009, 152015, 152018, 152009, 152005, 82234]","[-12.8759, -13.5389, -14.1493, -14.2085, -14.3503, -15.8029, -15.7235, -16.4425, -16.039, -18.0832, -17.9405, -18.0204, -17.1932, -19.6455, -22.3645, -19.9715, -19.8795, -22.2841, -22.7156, -25.0332, -28.3362, -41.5045, -52.7267, -72.6062, -110.4181, -146.1989, -196.2799, -43.708]",15,0
SP_069_W6,algorithmic,W6,Qwen/Qwen2.5-7B-Instruct,-1,28,"[0.9891, 0.9915, 0.9915, 0.9912, 0.991, 0.9903, 0.9902, 0.9897, 0.9878, 0.9918, 0.9921, 0.9917, 0.9926, 0.9924, 0.9948, 0.9939, 0.9907, 0.9842, 0.9655, 0.9617, 0.9535, 0.9574, 0.96, 0.9665, 0.9745, 0.9767, 0.9787, 0.9313]","[152042, 152037, 152030, 152022, 152007, 151984, 151943, 151977, 151973, 151974, 151946, 151918, 151843, 151928, 151941, 151907, 151908, 151950, 151911, 151959, 151956, 152001, 152011, 152016, 152018, 152007, 151999, 50936]","[-12.8782, -13.5403, -14.1578, -14.2247, -14.3306, -15.7582, -15.6898, -16.441, -15.9674, -18.0035, -17.9541, -17.9685, -17.3095, -19.5434, -22.3658, -19.8901, -19.8275, -22.264, -22.7118, -25.0379, -28.5359, -41.5949, -52.6097, -72.8084, -111.0689, -145.784, -195.1766, -42.6703]",15,0
SP_070_W6,algorithmic,W6,Qwen/Qwen2.5-7B-Instruct,-1,28,"[0.9909, 0.9929, 0.9924, 0.9919, 0.991, 0.9908, 0.9908, 0.9905, 0.9877, 0.9907, 0.9906, 0.9901, 0.9917, 0.9926, 0.9943, 0.9936, 0.9898, 0.9839, 0.9696, 0.9696, 0.9613, 0.9659, 0.9684, 0.9737, 0.9799, 0.9817, 0.9817, 0.9393]","[152041, 152037, 152032, 152024, 152013, 151987, 151952, 151980, 151979, 151983, 151949, 151932, 151855, 151933, 151945, 151918, 151913, 151960, 151912, 151965, 151958, 152001, 152012, 152015, 152019, 152002, 151989, 5713]","[-12.8703, -13.5132, -14.1573, -14.247, -14.3591, -15.7673, -15.7311, -16.459, -16.0206, -17.999, -17.9815, -18.0765, -17.2934, -19.611, -22.3698, -19.882, -19.7966, -22.3214, -22.6356, -24.8733, -28.1402, -41.2297, -53.1342, -73.2705, -110.566, -145.2929, -191.9273, -39.2631]",15,0
SP_071_W6,algorithmic,W6,Qwen/Qwen2.5-7B-Instruct,-1,28,"[0.9887, 0.9912, 0.9912, 0.991, 0.991, 0.9904, 0.9906, 0.9895, 0.9872, 0.9918, 0.9923, 0.9922, 0.9934, 0.9935, 0.9953, 0.9946, 0.9905, 0.9848, 0.9668, 0.9646, 0.956, 0.9589, 0.9605, 0.9667, 0.9747, 0.9782, 0.9792, 0.9338]","[152043, 152037, 152029, 152022, 152007, 151985, 151945, 151980, 151971, 151978, 151948, 151917, 151840, 151931, 151942, 151912, 151907, 151951, 151913, 151961, 151962, 152004, 152015, 152016, 152020, 152012, 152007, 81990]","[-12.874, -13.5258, -14.1419, -14.2174, -14.3119, -15.7813, -15.7315, -16.4475, -15.9498, -18.0119, -17.9277, -17.9441, -17.2, -19.4209, -22.4249, -19.9544, -19.7521, -22.2396, -22.4897, -24.6671, -28.1588, -41.595, -52.6013, -72.3372, -110.5373, -146.058, -194.9076, -43.6609]",15,0
SP_072_W6,algorithmic,W6,Qwen/Qwen2.5-7B-Instruct,-1,28,"[0.9912, 0.993, 0.9925, 0.9918, 0.9911, 0.991, 0.991, 0.9903, 0.9881, 0.9911, 0.9911, 0.9909, 0.9924, 0.9929, 0.9948, 0.9939, 0.9899, 0.9837, 0.9684, 0.9661, 0.956, 0.9613, 0.9639, 0.9697, 0.9767, 0.9792, 0.9792, 0.9311]","[152041, 152037, 152032, 152022, 152012, 151986, 151953, 151980, 151980, 151982, 151949, 151930, 151849, 151934, 151945, 151919, 151915, 151961, 151913, 151962, 151961, 152001, 152010, 152014, 152018, 152002, 151989, 3652]","[-12.8697, -13.5091, -14.1516, -14.2314, -14.3382, -15.7673, -15.7266, -16.4497, -16.0006, -18.0006, -17.9532, -18.0125, -17.2493, -19.5906, -22.3319, -19.8866, -19.8645, -22.2915, -22.6722, -24.8835, -28.0642, -40.6897, -52.6731, -72.3185, -110.2473, -144.9037, -191.0075, -37.8933]",15,0
SP_073_W6,algorithmic,W6,Qwen/Qwen2.5-7B-Instruct,-1,28,"[0.99, 0.9919, 0.9917, 0.9913, 0.9906, 0.9902, 0.9899, 0.9893, 0.9877, 0.9919, 0.992, 0.9917, 0.9929, 0.9927, 0.9952, 0.9943, 0.9907, 0.9851, 0.9696, 0.9658, 0.9553, 0.9596, 0.9613, 0.9678, 0.9753, 0.979, 0.9808, 0.9411]","[152043, 152037, 152028, 152021, 152008, 151988, 151946, 151979, 151970, 151979, 151949, 151927, 151849, 151933, 151945, 151907, 151909, 151958, 151915, 151964, 151960, 152003, 152015, 152017, 152020, 152010, 152003, 80580]","[-12.8685, -13.5161, -14.1259, -14.1985, -14.3622, -15.8303, -15.7147, -16.4665, -15.9214, -17.9501, -17.9047, -17.9373, -17.2436, -19.5101, -22.5917, -19.9294, -19.8512, -22.3289, -22.7241, -24.7887, -27.8794, -40.968, -52.3747, -72.183, -110.642, -145.8208, -195.0626, -43.9888]",15,0
WIS_006_W6,algorithmic,W6,Qwen/Qwen2.5-7B-Instruct,-1,28,"[1.0, 1.0, 1.0, 1.0, 1.0, 1.0, 1.0, 1.0, 1.0, 1.0, 1.0, 1.0, 1.0, 1.0, 1.0, 1.0, 1.0, 1.0, 1.0, 1.0, 1.0, 1.0, 1.0, 1.0, 1.0, 1.0, 1.0, 1.0]","[152037, 152035, 152024, 152020, 152012, 152001, 151971, 151984, 151977, 151983, 151946, 151923, 151852, 151941, 151942, 151911, 151872, 151916, 151894, 151947, 151941, 152003, 152015, 152018, 152017, 152019, 152016, 94398]","[-12.8026, -13.4796, -14.0635, -14.1618, -14.3389, -15.8813, -15.8855, -16.5662, -15.932, -17.8693, -17.8815, -17.7688, -17.2958, -19.5656, -22.6966, -20.3416, -19.566, -21.7413, -22.4346, -24.5253, -27.6425, -40.6092, -52.7431, -69.403, -110.7841, -146.7564, -192.8157, -45.5178]",15,0
WIS_007_W6,algorithmic,W6,Qwen/Qwen2.5-7B-Instruct,-1,28,"[1.0, 1.0, 1.0, 1.0, 1.0, 1.0, 1.0, 1.0, 1.0, 1.0, 1.0, 1.0, 1.0, 1.0, 1.0, 1.0, 1.0, 1.0, 1.0, 1.0, 1.0, 1.0, 1.0, 1.0, 1.0, 1.0, 1.0, 1.0]","[152037, 152035, 152028, 152026, 152013, 151998, 151969, 151982, 151981, 151985, 151947, 151923, 151853, 151944, 151941, 151915, 151876, 151916, 151892, 151943, 151936, 152001, 152014, 152018, 152015, 152017, 152016, 107640]","[-12.8011, -13.4746, -14.1004, -14.2222, -14.3469, -15.8471, -15.9194, -16.5424, -16.0339, -17.9479, -17.9183, -17.8162, -17.2702, -19.7538, -22.6766, -20.3188, -19.7153, -21.8914, -22.4298, -24.5965, -27.924, -40.9787, -53.0354, -69.2747, -110.8396, -146.7314, -193.1662, -45.3456]",15,0
WIS_009_W6,algorithmic,W6,Qwen/Qwen2.5-7B-Instruct,-1,28,"[1.0, 1.0, 1.0, 1.0, 1.0, 1.0, 1.0, 1.0, 1.0, 1.0, 1.0, 1.0, 1.0, 1.0, 1.0, 1.0, 1.0, 1.0, 1.0, 1.0, 1.0, 1.0, 1.0, 1.0, 1.0, 1.0, 1.0, 1.0]","[152037, 152035, 152026, 152021, 152012, 151998, 151968, 151982, 151975, 151983, 151944, 151911, 151843, 151941, 151937, 151914, 151871, 151904, 151891, 151939, 151932, 152003, 152014, 152018, 152017, 152018, 152016, 100051]","[-12.7995, -13.4857, -14.0773, -14.1723, -14.3049, -15.8749, -15.8989, -16.548, -16.0117, -18.0674, -17.9293, -17.8123, -17.2631, -19.8608, -22.5399, -20.2825, -19.6373, -21.653, -22.4219, -24.4827, -27.8569, -41.0452, -52.5536, -69.2805, -110.8965, -146.2366, -193.2536, -45.2633]",15,0
WIS_010_W6,algorithmic,W6,Qwen/Qwen2.5-7B-Instruct,-1,28,"[1.0, 1.0, 1.0, 1.0, 1.0, 1.0, 1.0, 1.0, 1.0, 1.0, 1.0, 1.0, 1.0, 1.0, 1.0, 1.0, 1.0, 1.0, 1.0, 1.0, 1.0, 1.0, 1.0, 1.0, 1.0, 1.0, 1.0, 1.0]","[152037, 152035, 152027, 152021, 152011, 151997, 151969, 151981, 151974, 151979, 151944, 151917, 151850, 151939, 151940, 151915, 151875, 151911, 151893, 151944, 151936, 152004, 152014, 152018, 152016, 152019, 152016, 102462]","[-12.8034, -13.472, -14.0812, -14.2002, -14.2904, -15.8383, -15.8828, -16.5225, -15.9962, -17.9667, -17.9193, -17.8384, -17.3655, -19.8055, -22.6444, -20.3188, -19.6848, -21.8216, -22.5047, -24.6859, -27.9335, -40.94, -52.5524, -69.0695, -111.0041, -146.4277, -192.7221, -45.9246]",15,0
WIS_012_W6,algorithmic,W6,Qwen/Qwen2.5-7B-Instruct,-1,28,"[1.0, 1.0, 1.0, 1.0, 1.0, 1.0, 1.0, 1.0, 1.0, 1.0, 1.0, 1.0, 1.0, 1.0, 1.0, 1.0, 1.0, 1.0, 1.0, 1.0, 1.0, 1.0, 1.0, 1.0, 1.0, 1.0, 1.0, 1.0]","[152037, 152035, 152024, 152019, 152011, 151999, 151971, 151983, 151974, 151985, 151943, 151919, 151849, 151944, 151939, 151911, 151870, 151910, 151891, 151931, 151918, 152002, 152013, 152017, 152016, 152017, 152015, 105511]","[-12.7942, -13.4713, -14.0595, -14.1594, -14.3027, -15.8827, -15.9354, -16.5701, -16.041, -18.1223, -17.9601, -17.8946, -17.3201, -19.8196, -22.5624, -20.2001, -19.4509, -21.6306, -22.2278, -24.0922, -27.4, -40.7432, -52.0171, -69.2769, -110.5645, -146.2316, -193.0816, -45.83]",15,0
WIS_013_W6,algorithmic,W6,Qwen/Qwen2.5-7B-Instruct,-1,28,"[1.0, 1.0, 1.0, 1.0, 1.0, 1.0, 1.0, 1.0, 1.0, 1.0, 1.0, 1.0, 1.0, 1.0, 1.0, 1.0, 1.0, 1.0, 1.0, 1.0, 1.0, 1.0, 1.0, 1.0, 1.0, 1.0, 1.0, 1.0]","[152037, 152035, 152027, 152022, 152012, 151998, 151969, 151983, 151975, 151984, 151950, 151924, 151863, 151946, 151945, 151920, 151884, 151915, 151903, 151967, 151952, 152005, 152018, 152019, 152017, 152018, 152015, 97650]","[-12.7982, -13.4841, -14.0873, -14.1675, -14.2905, -15.8083, -15.8688, -16.4874, -15.9184, -17.8784, -17.8235, -17.8289, -17.2941, -19.76, -22.524, -20.1968, -19.6935, -21.7217, -22.6115, -25.1283, -28.658, -41.4313, -53.8535, -69.7987, -111.6245, -146.817, -192.135, -43.9643]",15,0
WIS_014_W6,algorithmic,W6,Qwen/Qwen2.5-7B-Instruct,-1,28,"[1.0, 1.0, 1.0, 1.0, 1.0, 1.0, 1.0, 1.0, 1.0, 1.0, 1.0, 1.0, 1.0, 1.0, 1.0, 1.0, 1.0, 1.0, 1.0, 1.0, 1.0, 1.0, 1.0, 1.0, 1.0, 1.0, 1.0, 1.0]","[152037, 152035, 152027, 152022, 152012, 151999, 151969, 151983, 151975, 151984, 151950, 151924, 151863, 151946, 151945, 151921, 151884, 151916, 151905, 151966, 151954, 152005, 152018, 152019, 152017, 152019, 152016, 99082]","[-12.7983, -13.4862, -14.0917, -14.1724, -14.2928, -15.8144, -15.8764, -16.4932, -15.9281, -17.8886, -17.8316, -17.8486, -17.3108, -19.783, -22.5703, -20.229, -19.6825, -21.7297, -22.579, -25.1153, -28.5551, -41.2229, -53.7033, -69.7337, -111.7023, -147.4843, -193.2706, -43.9725]",15,0
WIS_015_W6,algorithmic,W6,Qwen/Qwen2.5-7B-Instruct,-1,28,"[1.0, 1.0, 1.0, 1.0, 1.0, 1.0, 1.0, 1.0, 1.0, 1.0, 1.0, 1.0, 1.0, 1.0, 1.0, 1.0, 1.0, 1.0, 1.0, 1.0, 1.0, 1.0, 1.0, 1.0, 1.0, 1.0, 1.0, 1.0]","[152037, 152035, 152027, 152022, 152012, 151999, 151969, 151983, 151975, 151984, 151950, 151924, 151863, 151946, 151945, 151920, 151883, 151916, 151904, 151967, 151953, 152003, 152016, 152019, 152017, 152018, 152016, 102373]","[-12.7979, -13.4864, -14.0928, -14.174, -14.2913, -15.8057, -15.8645, -16.488, -15.9224, -17.8748, -17.8309, -17.8237, -17.2723, -19.7333, -22.4929, -20.1546, -19.6676, -21.6892, -22.5781, -25.174, -28.6369, -41.1405, -53.4049, -69.3417, -111.6779, -146.9966, -192.5257, -44.3134]",15,0
WIS_016_W6,algorithmic,W6,Qwen/Qwen2.5-7B-Instruct,-1,28,"[1.0, 1.0, 1.0, 1.0, 1.0, 1.0, 1.0, 1.0, 1.0, 1.0, 1.0, 1.0, 1.0, 1.0, 1.0, 1.0, 1.0, 1.0, 1.0, 1.0, 1.0, 1.0, 1.0, 1.0, 1.0, 1.0, 1.0, 1.0]","[152037, 152035, 152027, 152022, 152012, 151999, 151970, 151983, 151976, 151984, 151950, 151923, 151862, 151946, 151945, 151921, 151883, 151916, 151904, 151967, 151951, 152003, 152017, 152019, 152017, 152018, 152016, 99688]","[-12.7976, -13.4862, -14.0918, -14.1733, -14.2959, -15.8093, -15.8742, -16.4934, -15.927, -17.8855, -17.8343, -17.8456, -17.307, -19.7824, -22.555, -20.2155, -19.6808, -21.7508, -22.6281, -25.0816, -28.4969, -41.242, -53.6416, -69.8032, -111.55, -147.352, -192.9003, -44.1202]",15,0
WIS_017_W6,algorithmic,W6,Qwen/Qwen2.5-7B-Instruct,-1,28,"[1.0, 1.0, 1.0, 1.0, 1.0, 1.0, 1.0, 1.0, 1.0, 1.0, 1.0, 1.0, 1.0, 1.0, 1.0, 1.0, 1.0, 1.0, 1.0, 1.0, 1.0, 1.0, 1.0, 1.0, 1.0, 1.0, 1.0, 1.0]","[152037, 152035, 152028, 152025, 152013, 152000, 151971, 151983, 151978, 151984, 151948, 151924, 151854, 151946, 151945, 151921, 151886, 151917, 151905, 151962, 151942, 152003, 152016, 152019, 152016, 152019, 152016, 80847]","[-12.8014, -13.4621, -14.0861, -14.2105, -14.3239, -15.8453, -15.8896, -16.5112, -15.9828, -17.9435, -17.8862, -17.8535, -17.3154, -19.8147, -22.6289, -20.3329, -19.8492, -21.8773, -22.7331, -25.0098, -28.4311, -41.0595, -53.7282, -69.8822, -112.4532, -148.09, -193.8858, -44.5743]",15,0
WIS_018_W6,algorithmic,W6,Qwen/Qwen2.5-7B-Instruct,-1,28,"[1.0, 1.0, 1.0, 1.0, 1.0, 1.0, 1.0, 1.0, 1.0, 1.0, 1.0, 1.0, 1.0, 1.0, 1.0, 1.0, 1.0, 1.0, 1.0, 1.0, 1.0, 1.0, 1.0, 1.0, 1.0, 1.0, 1.0, 1.0]","[152037, 152035, 152028, 152025, 152013, 151998, 151971, 151983, 151978, 151984, 151948, 151923, 151854, 151946, 151945, 151921, 151891, 151917, 151904, 151961, 151941, 152003, 152017, 152019, 152016, 152019, 152016, 85048]","[-12.8015, -13.4604, -14.0862, -14.2083, -14.3209, -15.8422, -15.8862, -16.5088, -15.9791, -17.9384, -17.8879, -17.8459, -17.3015, -19.806, -22.6169, -20.3263, -19.8614, -21.8995, -22.7483, -25.008, -28.3859, -40.9329, -53.6104, -69.7423, -112.3004, -148.0424, -193.6392, -44.6796]",15,0
WIS_019_W6,algorithmic,W6,Qwen/Qwen2.5-7B-Instruct,-1,28,"[1.0, 1.0, 1.0, 1.0, 1.0, 1.0, 1.0, 1.0, 1.0, 1.0, 1.0, 1.0, 1.0, 1.0, 1.0, 1.0, 1.0, 1.0, 1.0, 1.0, 1.0, 1.0, 1.0, 1.0, 1.0, 1.0, 1.0, 1.0]","[152037, 152035, 152028, 152025, 152013, 151998, 151971, 151983, 151978, 151984, 151949, 151924, 151854, 151944, 151947, 151920, 151888, 151917, 151905, 151961, 151942, 152001, 152017, 152019, 152016, 152019, 152019, 89059]","[-12.8015, -13.4594, -14.0849, -14.2072, -14.3226, -15.8362, -15.8868, -16.5147, -15.9821, -17.9443, -17.8924, -17.8634, -17.3089, -19.8064, -22.6286, -20.3394, -19.8631, -21.891, -22.7201, -25.1562, -28.5127, -40.8255, -53.4446, -69.8874, -112.2573, -148.1156, -193.6564, -45.1225]",15,0
WIS_020_W6,algorithmic,W6,Qwen/Qwen2.5-7B-Instruct,-1,28,"[1.0, 1.0, 1.0, 1.0, 1.0, 1.0, 1.0, 1.0, 1.0, 1.0, 1.0, 1.0, 1.0, 1.0, 1.0, 1.0, 1.0, 1.0, 1.0, 1.0, 1.0, 1.0, 1.0, 1.0, 1.0, 1.0, 1.0, 1.0]","[152037, 152035, 152028, 152025, 152013, 151999, 151971, 151983, 151978, 151984, 151949, 151924, 151855, 151945, 151946, 151921, 151888, 151917, 151904, 151962, 151940, 152002, 152015, 152019, 152016, 152019, 152015, 78624]","[-12.801, -13.4599, -14.0864, -14.211, -14.324, -15.8393, -15.8859, -16.5123, -15.9833, -17.9449, -17.8871, -17.8589, -17.3097, -19.8223, -22.6426, -20.345, -19.8624, -21.8919, -22.7204, -24.992, -28.4106, -40.9639, -53.57, -69.7316, -112.3605, -147.8863, -193.4351, -44.4945]",15,0
WIS_021_W6,algorithmic,W6,Qwen/Qwen2.5-7B-Instruct,-1,28,"[1.0, 1.0, 1.0, 1.0, 1.0, 1.0, 1.0, 1.0, 1.0, 1.0, 1.0, 1.0, 1.0, 1.0, 1.0, 1.0, 1.0, 1.0, 1.0, 1.0, 1.0, 1.0, 1.0, 1.0, 1.0, 1.0, 1.0, 1.0]","[152037, 152035, 152027, 152026, 152012, 152003, 151971, 151980, 151972, 151983, 151940, 151912, 151849, 151946, 151943, 151917, 151867, 151909, 151892, 151949, 151937, 152004, 152015, 152019, 152016, 152019, 152016, 72926]","[-12.7921, -13.4868, -14.0849, -14.2033, -14.2954, -15.8767, -15.9214, -16.5069, -15.9152, -17.9837, -17.7924, -17.702, -17.18, -19.8641, -22.4247, -20.1129, -19.4731, -21.5972, -22.2024, -24.6183, -27.5632, -40.7162, -53.0152, -69.7139, -111.1638, -146.8147, -193.296, -44.5984]",15,0
WIS_022_W6,algorithmic,W6,Qwen/Qwen2.5-7B-Instruct,-1,28,"[1.0, 1.0, 1.0, 1.0, 1.0, 1.0, 1.0, 1.0, 1.0, 1.0, 1.0, 1.0, 1.0, 1.0, 1.0, 1.0, 1.0, 1.0, 1.0, 1.0, 1.0, 1.0, 1.0, 1.0, 1.0, 1.0, 1.0, 1.0]","[152037, 152035, 152024, 152022, 152012, 152001, 151971, 151983, 151973, 151984, 151944, 151919, 151851, 151945, 151941, 151911, 151868, 151901, 151895, 151944, 151930, 152004, 152016, 152019, 152017, 152020, 152019, 102669]","[-12.7971, -13.4827, -14.075, -14.173, -14.3166, -15.8992, -15.9385, -16.5703, -16.0431, -18.109, -17.9642, -17.9111, -17.3288, -19.8936, -22.6129, -20.2455, -19.4596, -21.5539, -22.3475, -24.3269, -27.4013, -40.8869, -52.4968, -69.5143, -110.455, -146.1377, -193.2308, -45.076]",15,0
WIS_023_W6,algorithmic,W6,Qwen/Qwen2.5-7B-Instruct,-1,28,"[1.0, 1.0, 1.0, 1.0, 1.0, 1.0, 1.0, 1.0, 1.0, 1.0, 1.0, 1.0, 1.0, 1.0, 1.0, 1.0, 1.0, 1.0, 1.0, 1.0, 1.0, 1.0, 1.0, 1.0, 1.0, 1.0, 1.0, 1.0]","[152036, 152035, 152024, 152022, 152013, 152002, 151976, 151985, 151973, 151987, 151951, 151931, 151859, 151944, 151945, 151923, 151886, 151918, 151900, 151958, 151952, 152004, 152018, 152019, 152017, 152019, 152017, 103603]","[-12.8034, -13.4805, -14.0702, -14.1833, -14.3428, -15.8292, -15.9035, -16.5488, -15.9554, -17.7834, -17.9147, -17.8536, -17.2854, -19.6127, -22.697, -20.274, -19.6588, -21.751, -22.3665, -24.5663, -27.889, -40.8598, -53.3178, -69.2079, -111.9386, -147.1539, -193.5508, -44.0046]",15,0
WIS_024_W6,algorithmic,W6,Qwen/Qwen2.5-7B-Instruct,-1,28,"[1.0, 1.0, 1.0, 1.0, 1.0, 1.0, 1.0, 1.0, 1.0, 1.0, 1.0, 1.0, 1.0, 1.0, 1.0, 1.0, 1.0, 1.0, 1.0, 1.0, 1.0, 1.0, 1.0, 1.0, 1.0, 1.0, 1.0, 1.0]","[152037, 152035, 152027, 152022, 152012, 151999, 151970, 151983, 151975, 151984, 151951, 151924, 151863, 151946, 151945, 151921, 151886, 151916, 151902, 151966, 151950, 152004, 152017, 152019, 152017, 152019, 152016, 95294]","[-12.7985, -13.4857, -14.0913, -14.1732, -14.2935, -15.8118, -15.8768, -16.4915, -15.9289, -17.8798, -17.8407, -17.8482, -17.3091, -19.7774, -22.548, -20.2041, -19.706, -21.7345, -22.5172, -25.1695, -28.6191, -41.3289, -53.4646, -69.3274, -111.9145, -147.3268, -193.2355, -44.4303]",15,0
WIS_025_W6,algorithmic,W6,Qwen/Qwen2.5-7B-Instruct,-1,28,"[1.0, 1.0, 1.0, 1.0, 1.0, 1.0, 1.0, 1.0, 1.0, 1.0, 1.0, 1.0, 1.0, 1.0, 1.0, 1.0, 1.0, 1.0, 1.0, 1.0, 1.0, 1.0, 1.0, 1.0, 1.0, 1.0, 1.0, 1.0]","[152036, 152035, 152024, 152022, 152013, 152002, 151976, 151985, 151973, 151987, 151951, 151930, 151860, 151943, 151945, 151923, 151886, 151918, 151902, 151957, 151948, 152004, 152018, 152019, 152017, 152019, 152016, 106292]","[-12.8036, -13.4788, -14.0689, -14.1815, -14.3427, -15.8281, -15.9022, -16.551, -15.9558, -17.7806, -17.8997, -17.8465, -17.2981, -19.5976, -22.7022, -20.267, -19.6524, -21.7649, -22.4577, -24.5581, -27.8622, -40.8903, -53.2729, -69.3221, -111.6624, -146.7727, -193.1708, -44.0713]",15,0
WIS_026_W6,algorithmic,W6,Qwen/Qwen2.5-7B-Instruct,-1,28,"[1.0, 1.0, 1.0, 1.0, 1.0, 1.0, 1.0, 1.0, 1.0, 1.0, 1.0, 1.0, 1.0, 1.0, 1.0, 1.0, 1.0, 1.0, 1.0, 1.0, 1.0, 1.0, 1.0, 1.0, 1.0, 1.0, 1.0, 1.0]","[152037, 152035, 152027, 152022, 152012, 151999, 151970, 151983, 151976, 151984, 151950, 151923, 151862, 151946, 151945, 151920, 151884, 151916, 151904, 151967, 151952, 152003, 152016, 152019, 152016, 152018, 152015, 98927]","[-12.7984, -13.4854, -14.0909, -14.1701, -14.293, -15.8087, -15.8709, -16.4873, -15.9248, -17.8787, -17.8262, -17.8265, -17.2935, -19.772, -22.5312, -20.1976, -19.7074, -21.7506, -22.6703, -25.3081, -28.6646, -41.3536, -53.7628, -70.1044, -112.2625, -147.526, -192.6821, -44.4646]",15,0
WIS_027_W6,algorithmic,W6,Qwen/Qwen2.5-7B-Instruct,-1,28,"[1.0, 1.0, 1.0, 1.0, 1.0, 1.0, 1.0, 1.0, 1.0, 1.0, 1.0, 1.0, 1.0, 1.0, 1.0, 1.0, 1.0, 1.0, 1.0, 1.0, 1.0, 1.0, 1.0, 1.0, 1.0, 1.0, 1.0, 1.0]","[152037, 152035, 152028, 152025, 152013, 151998, 151971, 151983, 151978, 151984, 151948, 151924, 151855, 151945, 151946, 151921, 151890, 151917, 151905, 151961, 151942, 152003, 152017, 152019, 152016, 152019, 152017, 84160]","[-12.8015, -13.4593, -14.0849, -14.2072, -14.3226, -15.8365, -15.8881, -16.5144, -15.9822, -17.9438, -17.8923, -17.8637, -17.3157, -19.8116, -22.6389, -20.3476, -19.8813, -21.9052, -22.8009, -25.0489, -28.3736, -40.9224, -53.6592, -69.773, -112.2347, -148.1603, -193.5104, -44.6129]",15,0
WIS_028_W6,algorithmic,W6,Qwen/Qwen2.5-7B-Instruct,-1,28,"[1.0, 1.0, 1.0, 1.0, 1.0, 1.0, 1.0, 1.0, 1.0, 1.0, 1.0, 1.0, 1.0, 1.0, 1.0, 1.0, 1.0, 1.0, 1.0, 1.0, 1.0, 1.0, 1.0, 1.0, 1.0, 1.0, 1.0, 1.0]","[152036, 152035, 152024, 152022, 152013, 152002, 151975, 151985, 151973, 151987, 151951, 151931, 151861, 151943, 151945, 151923, 151886, 151918, 151901, 151958, 151949, 152003, 152017, 152019, 152017, 152019, 152016, 104597]","[-12.8032, -13.4795, -14.069, -14.1818, -14.3414, -15.8261, -15.9035, -16.5538, -15.9628, -17.7898, -17.9194, -17.8583, -17.2964, -19.5982, -22.6782, -20.2649, -19.6635, -21.7682, -22.381, -24.5186, -27.8813, -40.9021, -53.0395, -69.012, -111.3781, -146.3885, -192.9179, -44.1172]",15,0
WIS_029_W6,algorithmic,W6,Qwen/Qwen2.5-7B-Instruct,-1,28,"[1.0, 1.0, 1.0, 1.0, 1.0, 1.0, 1.0, 1.0, 1.0, 1.0, 1.0, 1.0, 1.0, 1.0, 1.0, 1.0, 1.0, 1.0, 1.0, 1.0, 1.0, 1.0, 1.0, 1.0, 1.0, 1.0, 1.0, 1.0]","[152037, 152035, 152027, 152022, 152012, 151999, 151969, 151983, 151975, 151984, 151950, 151924, 151863, 151946, 151945, 151920, 151887, 151916, 151906, 151968, 151952, 152004, 152017, 152019, 152017, 152019, 152016, 98957]","[-12.7982, -13.4847, -14.0921, -14.1727, -14.2924, -15.8074, -15.8709, -16.4901, -15.9256, -17.8787, -17.8338, -17.8389, -17.2923, -19.7605, -22.5127, -20.1978, -19.713, -21.7342, -22.6915, -25.3939, -28.8498, -41.4347, -53.8305, -70.1278, -112.2464, -147.3351, -192.6175, -44.461]",15,0
WIS_030_W6,algorithmic,W6,Qwen/Qwen2.5-7B-Instruct,-1,28,"[1.0, 1.0, 1.0, 1.0, 1.0, 1.0, 1.0, 1.0, 1.0, 1.0, 1.0, 1.0, 1.0, 1.0, 1.0, 1.0, 1.0, 1.0, 1.0, 1.0, 1.0, 1.0, 1.0, 1.0, 1.0, 1.0, 1.0, 1.0]","[152037, 152035, 152027, 152022, 152012, 151999, 151968, 151983, 151975, 151984, 151945, 151919, 151851, 151948, 151942, 151918, 151869, 151907, 151890, 151941, 151933, 152004, 152014, 152019, 152016, 152019, 152016, 88763]","[-12.7964, -13.4753, -14.0729, -14.1742, -14.305, -15.8874, -15.8979, -16.5347, -16.009, -18.0519, -17.8946, -17.8736, -17.3052, -19.9487, -22.5695, -20.2785, -19.5731, -21.636, -22.3389, -24.4136, -27.5236, -40.8374, -52.4637, -69.5178, -110.68, -146.2634, -193.7232, -44.8068]",15,0
WIS_031_W6,algorithmic,W6,Qwen/Qwen2.5-7B-Instruct,-1,28,"[1.0, 1.0, 1.0, 1.0, 1.0, 1.0, 1.0, 1.0, 1.0, 1.0, 1.0, 1.0, 1.0, 1.0, 1.0, 1.0, 1.0, 1.0, 1.0, 1.0, 1.0, 1.0, 1.0, 1.0, 1.0, 1.0, 1.0, 1.0]","[152037, 152035, 152027, 152022, 152012, 151999, 151968, 151983, 151975, 151984, 151946, 151917, 151851, 151949, 151941, 151918, 151869, 151907, 151894, 151943, 151932, 152003, 152016, 152019, 152017, 152020, 152016, 101823]","[-12.7973, -13.4764, -14.0746, -14.177, -14.3112, -15.8931, -15.9, -16.5364, -16.0119, -18.0495, -17.896, -17.8647, -17.2988, -19.9386, -22.5453, -20.2666, -19.5464, -21.5855, -22.2732, -24.1948, -27.2512, -40.5661, -52.3226, -69.1688, -110.0691, -145.7837, -192.9666, -45.3669]",15,0
WIS_032_W6,algorithmic,W6,Qwen/Qwen2.5-7B-Instruct,-1,28,"[1.0, 1.0, 1.0, 1.0, 1.0, 1.0, 1.0, 1.0, 1.0, 1.0, 1.0, 1.0, 1.0, 1.0, 1.0, 1.0, 1.0, 1.0, 1.0, 1.0, 1.0, 1.0, 1.0, 1.0, 1.0, 1.0, 1.0, 1.0]","[152037, 152035, 152024, 152020, 152011, 152000, 151970, 151984, 151977, 151985, 151945, 151920, 151849, 151947, 151943, 151911, 151872, 151907, 151889, 151929, 151921, 152001, 152012, 152017, 152016, 152018, 152016, 106824]","[-12.7931, -13.4868, -14.0585, -14.143, -14.3032, -15.8846, -15.9384, -16.5989, -16.0641, -18.096, -17.891, -17.8164, -17.2844, -19.7854, -22.5496, -20.1229, -19.3961, -21.5676, -22.1987, -24.0664, -27.3137, -40.5667, -51.8802, -68.988, -110.4428, -146.281, -193.5786, -45.4465]",15,0
BW_001_W6,planning_suite,W6,Qwen/Qwen2.5-7B-Instruct,27,28,"[0.9958, 0.9971, 0.9971, 0.9943, 0.9943, 0.9941, 0.9937, 0.9942, 0.9933, 0.993, 0.9914, 0.9922, 0.9924, 0.9912, 0.9941, 0.9938, 0.9939, 0.9939, 0.9927, 0.99, 0.986, 0.984, 0.9834, 0.9851, 0.9895, 0.9916, 0.9924, 0.9839]","[119692, 131943, 134823, 139359, 125910, 130067, 140581, 133757, 130588, 143334, 136615, 137026, 129722, 122619, 115091, 117677, 119083, 117415, 123217, 94535, 104045, 109485, 98322, 81264, 89142, 78947, 60588, 2]","[-12.1626, -12.5412, -12.8006, -12.7914, -12.7812, -13.709, -13.9964, -14.061, -13.7177, -15.0579, -14.8736, -14.9722, -14.6348, -15.9438, -17.7952, -16.4131, -16.8642, -17.8932, -18.8013, -18.3326, -19.4561, -26.9566, -36.6564, -47.7348, -79.2535, -100.9638, -121.8138, -2.8256]",29245,pick
BW_002_W6,planning_suite,W6,Qwen/Qwen2.5-7B-Instruct,27,28,"[0.9998, 0.9999, 0.9999, 0.9999, 0.9998, 0.9999, 0.9998, 0.9998, 0.9998, 0.9998, 0.9997, 0.9996, 0.9997, 0.9997, 0.9998, 0.9998, 0.9996, 0.9995, 0.9991, 0.9981, 0.9966, 0.9959, 0.9958, 0.9961, 0.9967, 0.9974, 0.9976, 0.9948]","[118253, 130705, 134083, 140628, 127872, 130961, 141540, 134155, 131298, 143450, 136842, 136632, 129933, 123472, 116268, 120234, 121947, 119770, 123891, 93168, 96166, 92191, 81583, 66037, 79037, 67086, 50461, 1]","[-12.1619, -12.5397, -12.8102, -12.8228, -12.7877, -13.7135, -14.0144, -14.0627, -13.7201, -15.039, -14.9059, -15.021, -14.6776, -16.0221, -17.9036, -16.4916, -17.0135, -18.043, -19.0513, -18.5974, -19.3627, -26.093, -34.1353, -43.8038, -77.5856, -99.2436, -115.7564, -0.0031]",29245,pick
BW_010_W6,planning_suite,W6,Qwen/Qwen2.5-7B-Instruct,27,28,"[0.9962, 0.9971, 0.9971, 0.9949, 0.9948, 0.9937, 0.9935, 0.9938, 0.9922, 0.9922, 0.9909, 0.9907, 0.9906, 0.9891, 0.9924, 0.992, 0.9925, 0.9928, 0.9916, 0.9901, 0.9867, 0.9865, 0.987, 0.9887, 0.9925, 0.9941, 0.9952, 0.9909]","[119034, 130636, 133782, 140164, 127632, 130792, 141166, 134309, 131146, 143260, 135624, 136576, 129273, 123281, 115547, 118919, 120691, 118567, 125970, 94603, 105514, 105988, 95059, 77289, 86942, 76182, 57437, 2]","[-12.1652, -12.5307, -12.8089, -12.8232, -12.7905, -13.6992, -14.0007, -14.059, -13.7004, -15.0375, -14.8916, -15.0691, -14.7098, -16.0396, -17.8955, -16.4871, -16.9517, -17.9521, -19.0071, -18.4015, -19.5857, -26.9159, -36.2967, -46.2399, -78.9206, -101.0643, -120.0318, -1.187]",29245,pick
BW_011_W6,planning_suite,W6,Qwen/Qwen2.5-7B-Instruct,27,28,"[0.9956, 0.9967, 0.9968, 0.9947, 0.9946, 0.9944, 0.9943, 0.9944, 0.9934, 0.9933, 0.9923, 0.9923, 0.9919, 0.9899, 0.9928, 0.9926, 0.9925, 0.9925, 0.9912, 0.989, 0.9827, 0.978, 0.9792, 0.9814, 0.9873, 0.99, 0.9915, 0.9814]","[120490, 132215, 134546, 139943, 127080, 129686, 140220, 134080, 130152, 142835, 136118, 136128, 128452, 122728, 113750, 117335, 118837, 117029, 123434, 95665, 109371, 112964, 102287, 83327, 92146, 79720, 60217, 2]","[-12.1686, -12.5606, -12.8093, -12.7906, -12.7843, -13.6798, -13.9561, -14.0368, -13.69, -14.9893, -14.8505, -14.9481, -14.5996, -16.0154, -17.667, -16.3118, -16.7816, -17.8227, -18.7822, -18.4528, -19.566, -27.0429, -36.7589, -46.6028, -77.9449, -99.1004, -118.2425, -1.4695]",29245,pick
BW_014_W6,planning_suite,W6,Qwen/Qwen2.5-7B-Instruct,27,28,"[0.9999, 0.9999, 0.9999, 0.9999, 0.9999, 0.9999, 0.9999, 0.9999, 0.9998, 0.9999, 0.9998, 0.9998, 0.9998, 0.9999, 0.9999, 0.9999, 0.9997, 0.9996, 0.9992, 0.9986, 0.997, 0.9971, 0.9976, 0.9979, 0.9986, 0.999, 0.9992, 0.9984]","[116453, 129044, 133563, 139784, 125766, 129576, 140369, 133470, 131517, 143070, 136432, 136603, 129704, 123955, 114789, 118681, 120141, 116468, 121189, 87857, 90681, 96833, 86456, 69939, 80653, 67283, 53664, 2]","[-12.1596, -12.5148, -12.8015, -12.82, -12.7838, -13.702, -13.9681, -14.055, -13.7102, -14.9916, -14.89, -14.9554, -14.6285, -15.9889, -17.8633, -16.4601, -16.978, -17.9502, -18.8266, -18.5383, -19.5253, -26.6589, -35.8484, -45.7139, -79.3351, -100.6311, -118.6043, -1.6388]",29245,pick
BW_022_W6,planning_suite,W6,Qwen/Qwen2.5-7B-Instruct,27,28,"[0.9999, 0.9999, 0.9999, 0.9999, 0.9999, 0.9998, 0.9998, 0.9998, 0.9997, 0.9998, 0.9997, 0.9997, 0.9997, 0.9997, 0.9998, 0.9998, 0.9996, 0.9995, 0.9986, 0.9975, 0.9961, 0.996, 0.9963, 0.9967, 0.9975, 0.998, 0.9983, 0.9965]","[117660, 129489, 133618, 139821, 126206, 130469, 140645, 132963, 131740, 143308, 136608, 136465, 129199, 123911, 114819, 118792, 121125, 117931, 123368, 91596, 95463, 94297, 83743, 68528, 79852, 68200, 51442, 1]","[-12.1612, -12.5108, -12.7929, -12.8262, -12.7862, -13.7167, -13.9992, -14.0834, -13.7459, -15.0408, -14.9341, -15.0139, -14.668, -16.0433, -17.9053, -16.4815, -16.9992, -17.9497, -19.0124, -18.5876, -19.4969, -26.5498, -35.2461, -44.903, -77.6717, -99.9145, -116.3996, -0.0555]",29245,pick
BW_080_W6,planning_suite,W6,Qwen/Qwen2.5-7B-Instruct,27,28,"[0.9961, 0.9968, 0.9971, 0.9947, 0.9946, 0.9939, 0.9938, 0.9936, 0.9928, 0.9921, 0.9897, 0.99, 0.9899, 0.9883, 0.9914, 0.991, 0.9911, 0.9914, 0.9904, 0.989, 0.987, 0.9872, 0.9869, 0.9862, 0.99, 0.9926, 0.9937, 0.9881]","[118364, 130466, 134307, 140279, 128369, 131646, 141037, 134044, 130208, 143413, 136562, 136872, 130937, 123620, 116902, 120195, 121470, 119496, 122937, 94132, 103246, 106188, 96246, 80628, 88326, 78093, 60926, 2]","[-12.1612, -12.5379, -12.8105, -12.8135, -12.8062, -13.7468, -14.0115, -14.0652, -13.7278, -15.0411, -14.9102, -15.0371, -14.706, -15.9988, -17.9605, -16.5174, -17.0198, -17.9953, -18.8954, -18.5093, -19.611, -27.4551, -37.0147, -47.8117, -79.7275, -101.4089, -122.539, -3.0732]",29245,pick
BW_120_W6,planning_suite,W6,Qwen/Qwen2.5-7B-Instruct,27,28,"[0.996, 0.9971, 0.9972, 0.9946, 0.9941, 0.9932, 0.9928, 0.9938, 0.993, 0.9941, 0.9932, 0.9933, 0.9929, 0.9915, 0.9935, 0.993, 0.9929, 0.9927, 0.9912, 0.9893, 0.988, 0.9879, 0.9891, 0.9904, 0.9931, 0.9944, 0.9951, 0.9893]","[118982, 130325, 133921, 139916, 127039, 130710, 140652, 133420, 131124, 143504, 136193, 136684, 129626, 123988, 115777, 120566, 121382, 119038, 124984, 93996, 103168, 100869, 91652, 74013, 83978, 73719, 55108, 2]","[-12.1655, -12.5244, -12.8048, -12.8207, -12.7887, -13.7086, -13.9873, -14.0534, -13.7136, -15.0101, -14.8684, -15.0478, -14.7093, -16.0724, -17.91, -16.5356, -17.0103, -18.0726, -18.9934, -18.4548, -19.7004, -26.9893, -36.2236, -46.1161, -78.4035, -100.1937, -118.0342, -0.8341]",29245,pick
BW_137_W6,planning_suite,W6,Qwen/Qwen2.5-7B-Instruct,27,28,"[0.9962, 0.9973, 0.9974, 0.9948, 0.9942, 0.9938, 0.9938, 0.9942, 0.9935, 0.994, 0.9927, 0.9929, 0.9925, 0.9905, 0.993, 0.9926, 0.9931, 0.9934, 0.9929, 0.9913, 0.987, 0.9845, 0.9863, 0.9877, 0.9914, 0.9928, 0.9937, 0.9842]","[120370, 132266, 134728, 140153, 127251, 129214, 140203, 132811, 130467, 143121, 136379, 136515, 130086, 124534, 116101, 119493, 120006, 117371, 121654, 95085, 103349, 105734, 97507, 81215, 89346, 77350, 59550, 2]","[-12.1673, -12.5571, -12.8087, -12.7984, -12.7733, -13.6562, -13.9689, -14.0139, -13.6833, -14.9553, -14.8393, -14.8992, -14.6272, -16.0277, -17.7767, -16.3972, -16.9096, -17.9259, -18.6902, -18.3763, -19.4421, -26.8742, -36.1711, -46.5664, -78.398, -100.1042, -120.5493, -1.2641]",29245,pick
BW_155_W6,planning_suite,W6,Qwen/Qwen2.5-7B-Instruct,27,28,"[0.9961, 0.997, 0.9969, 0.9948, 0.9948, 0.9939, 0.9937, 0.994, 0.9922, 0.9922, 0.9906, 0.9904, 0.9902, 0.9885, 0.9921, 0.9916, 0.9921, 0.9922, 0.9909, 0.9885, 0.9863, 0.9869, 0.9873, 0.9879, 0.9906, 0.993, 0.9939, 0.9877]","[118886, 130628, 133724, 140077, 127578, 130719, 141185, 134326, 131225, 143268, 135892, 136743, 129430, 123197, 115554, 118761, 120808, 119141, 125661, 94261, 102669, 103984, 93888, 78384, 86589, 75561, 57910, 2]","[-12.1648, -12.5307, -12.8089, -12.8215, -12.7908, -13.6981, -14.0056, -14.067, -13.7097, -15.0477, -14.9095, -15.0746, -14.7107, -16.0476, -17.9034, -16.4827, -16.9624, -17.9752, -18.997, -18.4318, -19.7192, -27.2792, -36.4979, -47.0553, -78.776, -100.6068, -119.4839, -2.0065]",29245,pick
BW_172_W6,planning_suite,W6,Qwen/Qwen2.5-7B-Instruct,27,28,"[0.9961, 0.9973, 0.9973, 0.9948, 0.994, 0.9937, 0.9937, 0.9941, 0.9932, 0.9932, 0.9914, 0.9914, 0.9908, 0.9885, 0.9915, 0.9909, 0.9913, 0.9918, 0.9913, 0.9898, 0.9862, 0.9854, 0.9869, 0.9885, 0.9922, 0.9936, 0.9948, 0.9882]","[120369, 132184, 134667, 140227, 127189, 129176, 140169, 132757, 130426, 143088, 136427, 136589, 130291, 124508, 116438, 120299, 120659, 118051, 122679, 96414, 108204, 109476, 97950, 78933, 86838, 74127, 55998, 1]","[-12.1674, -12.5532, -12.8059, -12.8025, -12.7746, -13.6559, -13.9717, -14.0144, -13.6797, -14.9572, -14.8328, -14.8946, -14.6376, -16.0291, -17.7823, -16.4248, -16.9214, -17.9302, -18.7248, -18.3233, -19.5885, -27.2837, -35.9827, -45.9218, -77.8047, -99.1778, -117.7, -0.4942]",29245,pick
BW_203_W6,planning_suite,W6,Qwen/Qwen2.5-7B-Instruct,27,28,"[0.9999, 0.9999, 0.9999, 0.9999, 0.9999, 0.9998, 0.9998, 0.9998, 0.9998, 0.9998, 0.9997, 0.9997, 0.9998, 0.9998, 0.9999, 0.9998, 0.9997, 0.9996, 0.9991, 0.9984, 0.9973, 0.9967, 0.9968, 0.9968, 0.9975, 0.9981, 0.9983, 0.9968]","[117365, 129308, 133692, 139738, 127432, 131610, 141366, 134387, 131385, 142640, 135852, 136651, 129515, 124347, 114421, 117605, 119272, 116266, 123265, 92213, 95958, 94514, 83456, 67407, 79936, 67202, 49598, 1]","[-12.1606, -12.5197, -12.797, -12.8156, -12.8047, -13.7313, -13.9852, -14.0815, -13.7145, -14.9764, -14.9078, -14.9897, -14.6205, -15.9718, -17.8679, -16.4304, -16.9529, -17.9148, -18.9776, -18.6252, -19.4974, -26.6615, -35.7826, -45.2291, -78.5493, -100.6129, -115.3748, -0.0332]",29245,pick
BW_227_W6,planning_suite,W6,Qwen/Qwen2.5-7B-Instruct,27,28,"[0.996, 0.9972, 0.9974, 0.9948, 0.9943, 0.9939, 0.9938, 0.9944, 0.9935, 0.9937, 0.9924, 0.993, 0.9931, 0.9919, 0.9942, 0.9935, 0.9939, 0.9941, 0.9931, 0.9912, 0.988, 0.9857, 0.9867, 0.989, 0.9926, 0.9936, 0.9948, 0.9888]","[120233, 132321, 134728, 139647, 127147, 129478, 140449, 133510, 130628, 143471, 136429, 136509, 129190, 124062, 115794, 119446, 119692, 116444, 122746, 94430, 107603, 109381, 98487, 81124, 88904, 78154, 59954, 2]","[-12.1658, -12.5484, -12.8033, -12.7859, -12.7856, -13.6847, -13.986, -14.037, -13.7052, -15.0475, -14.88, -14.9415, -14.6448, -16.0395, -17.7841, -16.445, -16.8572, -17.7895, -18.6776, -18.4137, -19.7107, -27.5456, -36.5487, -47.2874, -79.2936, -101.0806, -121.3806, -1.5741]",29245,pick
BW_282_W6,planning_suite,W6,Qwen/Qwen2.5-7B-Instruct,27,28,"[0.9999, 0.9999, 0.9999, 0.9999, 0.9999, 0.9999, 0.9998, 0.9998, 0.9997, 0.9997, 0.9997, 0.9997, 0.9997, 0.9997, 0.9998, 0.9998, 0.9996, 0.9995, 0.9989, 0.9984, 0.9964, 0.9952, 0.9955, 0.9956, 0.9967, 0.9975, 0.9978, 0.9954]","[117259, 129367, 133683, 139849, 126245, 130335, 140706, 132992, 131857, 143356, 136827, 136687, 129305, 124190, 115263, 119072, 121027, 118393, 122153, 89814, 92675, 92599, 83358, 68325, 79854, 68534, 52848, 1]","[-12.1596, -12.5116, -12.7957, -12.8258, -12.7854, -13.7179, -14.0057, -14.0851, -13.7506, -15.0447, -14.9486, -15.018, -14.6777, -16.0737, -17.925, -16.503, -17.028, -18.0061, -18.9378, -18.4898, -19.399, -26.1368, -34.5382, -44.6175, -77.8423, -99.4265, -117.3944, -0.1964]",29245,pick
BW_310_W6,planning_suite,W6,Qwen/Qwen2.5-7B-Instruct,27,28,"[0.9999, 0.9999, 0.9999, 0.9999, 0.9998, 0.9998, 0.9998, 0.9997, 0.9997, 0.9997, 0.9997, 0.9997, 0.9997, 0.9998, 0.9998, 0.9998, 0.9997, 0.9996, 0.9989, 0.998, 0.9956, 0.9945, 0.9947, 0.9953, 0.9961, 0.9971, 0.9976, 0.9949]","[118170, 129357, 134075, 140184, 126535, 129966, 140538, 134046, 131645, 142698, 137011, 137066, 128860, 123217, 114368, 117787, 118312, 115395, 121290, 90491, 92675, 91394, 82282, 67479, 79065, 67931, 51684, 1]","[-12.165, -12.5154, -12.8073, -12.8372, -12.7888, -13.6958, -13.9973, -14.1082, -13.753, -15.088, -15.0022, -15.1206, -14.7103, -16.0782, -17.8739, -16.4386, -16.8763, -17.8024, -18.9595, -18.5488, -19.2708, -26.0971, -34.347, -44.3628, -76.9128, -98.9195, -115.857, -0.0396]",29245,pick
BW_331_W6,planning_suite,W6,Qwen/Qwen2.5-7B-Instruct,27,28,"[1.0, 0.9999, 0.9999, 0.9999, 0.9999, 0.9999, 0.9999, 0.9999, 0.9998, 0.9998, 0.9997, 0.9998, 0.9998, 0.9998, 0.9998, 0.9998, 0.9996, 0.9995, 0.9987, 0.9974, 0.9938, 0.9934, 0.9941, 0.9943, 0.9959, 0.9969, 0.9973, 0.9948]","[116999, 129294, 133757, 139895, 125884, 129586, 140364, 133287, 131386, 143039, 136222, 136606, 129916, 124379, 115173, 119091, 121117, 117325, 121196, 88006, 83290, 89811, 82603, 66705, 78806, 65787, 51999, 2]","[-12.1611, -12.5182, -12.8047, -12.8195, -12.7844, -13.7063, -13.971, -14.0496, -13.7088, -14.9818, -14.88, -14.954, -14.6227, -15.9734, -17.8603, -16.4526, -16.9971, -17.9506, -18.8413, -18.4812, -19.1544, -26.2536, -35.154, -44.0504, -77.3345, -98.8584, -116.3872, -1.0674]",29245,pick
BW_350_W6,planning_suite,W6,Qwen/Qwen2.5-7B-Instruct,27,28,"[0.9998, 0.9999, 0.9999, 0.9998, 0.9998, 0.9998, 0.9998, 0.9998, 0.9998, 0.9998, 0.9997, 0.9997, 0.9997, 0.9998, 0.9998, 0.9998, 0.9997, 0.9994, 0.9981, 0.9968, 0.9946, 0.9942, 0.9944, 0.9947, 0.9958, 0.9967, 0.9971, 0.9941]","[118966, 131940, 134362, 139354, 124952, 128690, 140519, 133585, 131129, 143461, 137230, 136988, 129206, 122770, 114434, 117245, 118775, 116269, 120888, 89455, 92013, 91218, 84471, 69846, 79989, 67889, 51429, 1]","[-12.1608, -12.5431, -12.8004, -12.7849, -12.7663, -13.6835, -13.9864, -14.0632, -13.7254, -15.0491, -14.9101, -14.9404, -14.5638, -15.921, -17.707, -16.2629, -16.7862, -17.7506, -18.7833, -18.4507, -19.4123, -26.0942, -34.4745, -44.9628, -78.1616, -99.0773, -117.0629, -0.0273]",29245,pick
BW_408_W6,planning_suite,W6,Qwen/Qwen2.5-7B-Instruct,27,28,"[0.9999, 0.9999, 0.9998, 0.9998, 0.9997, 0.9998, 0.9997, 0.9997, 0.9997, 0.9997, 0.9997, 0.9997, 0.9998, 0.9998, 0.9998, 0.9998, 0.9997, 0.9995, 0.999, 0.9983, 0.9958, 0.996, 0.9955, 0.9954, 0.9967, 0.9977, 0.998, 0.9952]","[117438, 130609, 134310, 140100, 128053, 130785, 141166, 134624, 131333, 143898, 137777, 137314, 130579, 124473, 116753, 119543, 120963, 119260, 123101, 93014, 94466, 97118, 87774, 71898, 81603, 69069, 54135, 1]","[-12.1576, -12.5326, -12.8031, -12.8095, -12.8035, -13.7197, -14.0257, -14.1091, -13.7599, -15.1088, -14.9972, -15.0241, -14.7111, -16.0707, -18.0152, -16.5189, -17.023, -18.0018, -19.07, -18.7483, -19.6361, -26.7985, -35.1336, -44.8549, -77.6709, -98.8947, -118.5628, -0.393]",29245,pick
BW_467_W6,planning_suite,W6,Qwen/Qwen2.5-7B-Instruct,27,28,"[0.9961, 0.9971, 0.9971, 0.9942, 0.9937, 0.993, 0.9926, 0.9928, 0.992, 0.992, 0.9911, 0.992, 0.9919, 0.9902, 0.9931, 0.9933, 0.9938, 0.9943, 0.9935, 0.9921, 0.9877, 0.9873, 0.9865, 0.9863, 0.9895, 0.9921, 0.9926, 0.9848]","[117852, 130427, 134256, 139537, 126962, 130684, 140970, 134871, 131223, 143523, 137477, 137560, 130212, 122628, 115607, 118473, 119187, 118414, 123566, 95001, 105156, 107111, 96677, 81668, 89115, 79071, 63117, 2]","[-12.1584, -12.537, -12.8064, -12.7936, -12.7911, -13.7327, -14.0142, -14.0966, -13.7495, -15.0822, -14.9655, -15.0851, -14.6663, -16.0803, -17.7909, -16.3742, -16.8552, -17.9094, -18.9116, -18.5542, -19.6056, -27.0196, -36.5499, -47.1295, -78.0165, -99.956, -122.9448, -3.4825]",29245,pick
BW_495_W6,planning_suite,W6,Qwen/Qwen2.5-7B-Instruct,27,28,"[0.9999, 0.9999, 0.9999, 0.9999, 0.9999, 0.9999, 0.9999, 0.9999, 0.9999, 0.9999, 0.9998, 0.9998, 0.9998, 0.9998, 0.9999, 0.9999, 0.9997, 0.9996, 0.9993, 0.9986, 0.9978, 0.9977, 0.9977, 0.998, 0.9986, 0.9989, 0.9991, 0.9982]","[117174, 129378, 133732, 139835, 126298, 130388, 140629, 133077, 131635, 143334, 136688, 136753, 129308, 123737, 114973, 118942, 120640, 117846, 123753, 92352, 95925, 92904, 82962, 67306, 79626, 67296, 50304, 1]","[-12.16, -12.511, -12.7941, -12.8245, -12.7849, -13.7187, -13.9879, -14.0767, -13.732, -15.0312, -14.9203, -15.0008, -14.6745, -16.04, -17.9248, -16.4971, -17.0232, -17.9919, -19.0161, -18.6119, -19.395, -26.2193, -34.8511, -44.5593, -77.9596, -99.9511, -115.4877, -0.0231]",29245,pick
BW_E002_W6,planning_suite,W6,Qwen/Qwen2.5-7B-Instruct,27,28,"[0.98, 0.9795, 0.9817, 0.981, 0.9835, 0.99, 0.9904, 0.9923, 0.9921, 0.9944, 0.9937, 0.9942, 0.9949, 0.9935, 0.996, 0.9958, 0.9958, 0.9959, 0.9937, 0.9923, 0.9806, 0.9763, 0.9777, 0.9802, 0.9858, 0.989, 0.9905, 0.9808]","[117049, 129350, 133852, 139903, 126355, 130738, 140848, 133466, 131474, 143010, 136231, 136712, 130122, 125340, 116130, 118737, 120805, 118140, 123210, 90298, 93906, 92840, 84104, 66668, 78908, 66817, 51828, 1]","[-12.1586, -12.5064, -12.7903, -12.8178, -12.7806, -13.7185, -13.9951, -14.0726, -13.7392, -15.0345, -14.9266, -15.0486, -14.7171, -16.1003, -18.0605, -16.5788, -17.0138, -18.0156, -18.8168, -18.2975, -18.9973, -25.6318, -33.7448, -42.9604, -76.9808, -98.3283, -116.4157, -0.4244]",29245,pick
BW_E015_W6,planning_suite,W6,Qwen/Qwen2.5-7B-Instruct,-1,28,"[1.0, 1.0, 1.0, 1.0, 1.0, 1.0, 1.0, 1.0, 1.0, 1.0, 1.0, 1.0, 1.0, 1.0, 1.0, 1.0, 1.0, 1.0, 1.0, 1.0, 1.0, 1.0, 1.0, 1.0, 1.0, 1.0, 1.0, 1.0]","[151939, 151977, 151955, 151983, 151945, 151887, 151880, 151818, 151701, 151500, 151661, 151542, 151610, 151639, 151712, 151841, 151836, 151898, 151827, 151788, 151796, 151817, 151797, 151764, 151737, 151622, 150822, 129]","[-12.6407, -13.3944, -13.8758, -13.8936, -14.0083, -15.4561, -15.5264, -15.8743, -15.1035, -16.2283, -16.5558, -16.5502, -16.4456, -18.517, -21.6739, -20.0108, -20.6123, -22.2709, -23.1414, -23.8772, -26.2243, -36.8301, -52.6511, -65.9752, -107.1842, -134.8472, -156.7045, -24.5641]",359,un
BW_E017_W6,planning_suite,W6,Qwen/Qwen2.5-7B-Instruct,27,28,"[1.0, 1.0, 1.0, 1.0, 1.0, 1.0, 1.0, 1.0, 1.0, 1.0, 1.0, 1.0, 1.0, 1.0, 1.0, 1.0, 1.0, 1.0, 1.0, 1.0, 1.0, 1.0, 1.0, 1.0, 1.0, 1.0, 1.0, 1.0]","[117491, 129476, 133794, 139878, 126420, 131440, 141617, 133887, 131810, 143368, 136695, 137329, 130772, 125005, 115956, 119270, 120165, 115593, 120564, 91239, 103037, 98552, 84863, 66536, 76357, 64785, 50408, 1]","[-12.1597, -12.5136, -12.7958, -12.8139, -12.7844, -13.7374, -14.02, -14.085, -13.7258, -15.0353, -14.9221, -15.0341, -14.7108, -16.0382, -18.0525, -16.5779, -17.0368, -17.9559, -18.8679, -18.559, -19.9329, -27.2812, -35.4978, -43.6403, -77.6833, -99.2519, -115.6531, -0.02]",29245,pick
BW_E019_W6,planning_suite,W6,Qwen/Qwen2.5-7B-Instruct,-1,28,"[1.0, 1.0, 1.0, 1.0, 1.0, 1.0, 1.0, 1.0, 1.0, 1.0, 1.0, 1.0, 1.0, 1.0, 1.0, 1.0, 1.0, 1.0, 1.0, 1.0, 1.0, 1.0, 1.0, 1.0, 1.0, 1.0, 1.0, 1.0]","[151939, 151973, 151952, 151980, 151941, 151880, 151876, 151827, 151702, 151495, 151671, 151552, 151612, 151629, 151711, 151846, 151845, 151898, 151848, 151834, 151787, 151780, 151723, 151685, 151681, 151575, 149925, 31]","[-12.643, -13.4181, -13.883, -13.8854, -14.0227, -15.4456, -15.5167, -15.8608, -15.056, -16.129, -16.529, -16.5133, -16.4189, -18.3851, -21.5447, -19.9764, -20.6184, -22.0915, -22.8527, -23.7255, -24.9083, -35.0235, -49.7526, -63.2644, -105.1793, -134.4143, -152.3187, -18.6436]",359,un
BW_E100_W6,planning_suite,W6,Qwen/Qwen2.5-7B-Instruct,27,28,"[0.9685, 0.9674, 0.9688, 0.9641, 0.9667, 0.9751, 0.9743, 0.9772, 0.9771, 0.9865, 0.9861, 0.988, 0.9899, 0.9903, 0.9938, 0.9936, 0.9941, 0.9943, 0.9901, 0.9854, 0.9581, 0.9568, 0.9636, 0.9692, 0.9801, 0.9856, 0.9893, 0.9816]","[117138, 129347, 133927, 139992, 126290, 131015, 141103, 133669, 131545, 143111, 136282, 136738, 130118, 125088, 116095, 119016, 120750, 118192, 125008, 94186, 103163, 104427, 96029, 79817, 88554, 77132, 58694, 2]","[-12.1588, -12.5085, -12.7938, -12.8212, -12.7821, -13.7243, -14.003, -14.0766, -13.7387, -15.0314, -14.9291, -15.0452, -14.7149, -16.0784, -18.0102, -16.5637, -17.007, -17.938, -18.9399, -18.4139, -19.4846, -27.0378, -36.8656, -47.034, -79.4348, -101.3695, -120.9242, -2.7845]",29245,pick
MBW_001_W6,planning_suite,W6,Qwen/Qwen2.5-7B-Instruct,-1,28,"[1.0, 1.0, 1.0, 1.0, 1.0, 1.0, 1.0, 1.0, 1.0, 1.0, 1.0, 1.0, 1.0, 1.0, 1.0, 1.0, 1.0, 1.0, 1.0, 1.0, 1.0, 1.0, 1.0, 1.0, 1.0, 1.0, 1.0, 1.0]","[98418, 110299, 100549, 105742, 110512, 121792, 114379, 112084, 96314, 103076, 95611, 107665, 109596, 104548, 107005, 103861, 107444, 101333, 97812, 80125, 95619, 100416, 100040, 93639, 92356, 76848, 67596, 18]","[-12.0959, -12.3994, -12.5088, -12.4819, -12.6258, -13.5617, -13.4473, -13.6708, -13.1714, -14.0045, -13.9674, -14.3261, -14.1852, -15.3519, -17.5287, -15.9959, -16.4867, -17.7743, -18.0751, -18.4402, -21.1854, -29.3603, -39.2482, -48.6417, -81.7788, -102.6154, -124.7909, -22.0267]",20566,attack
MBW_002_W6,planning_suite,W6,Qwen/Qwen2.5-7B-Instruct,-1,28,"[0.9999, 0.9999, 0.9999, 0.9999, 0.9999, 0.9999, 0.9999, 0.9999, 0.9999, 0.9999, 0.9998, 0.9997, 0.9998, 0.9997, 0.9998, 0.9998, 0.9995, 0.9991, 0.9971, 0.9957, 0.9911, 0.991, 0.9922, 0.9931, 0.9956, 0.9961, 0.9967, 0.9937]","[95504, 106931, 97665, 106214, 110698, 117848, 112041, 109151, 95180, 106142, 99646, 109224, 108501, 104581, 104576, 102297, 108265, 102499, 99874, 81809, 95284, 102218, 102519, 93093, 91659, 72417, 58749, 8]","[-12.0893, -12.3902, -12.5093, -12.5095, -12.6466, -13.5289, -13.4838, -13.6507, -13.1865, -14.1072, -14.0957, -14.3203, -14.1969, -15.4032, -17.6833, -16.0481, -16.5736, -17.9083, -18.3272, -18.5041, -21.6136, -30.8745, -42.9455, -52.1314, -83.7903, -102.3129, -121.121, -15.3638]",20566,attack
MBW_010_W6,planning_suite,W6,Qwen/Qwen2.5-7B-Instruct,27,28,"[0.9999, 0.9999, 0.9999, 0.9999, 0.9999, 0.9999, 0.9999, 0.9999, 0.9998, 0.9999, 0.9998, 0.9998, 0.9998, 0.9998, 0.9999, 0.9998, 0.9996, 0.9993, 0.9976, 0.996, 0.9911, 0.9901, 0.9908, 0.9918, 0.9946, 0.9948, 0.9952, 0.9904]","[97177, 108070, 99080, 108583, 113976, 118757, 112987, 109366, 96066, 105854, 99357, 105343, 106268, 103265, 103568, 101458, 106853, 101237, 99097, 80637, 94535, 101174, 100546, 89418, 88672, 68319, 52905, 5]","[-12.0954, -12.3874, -12.5132, -12.5145, -12.6592, -13.5368, -13.5124, -13.6552, -13.1916, -14.1102, -14.0944, -14.2445, -14.2018, -15.4021, -17.6997, -16.0093, -16.5551, -17.8543, -18.2965, -18.6225, -21.6082, -30.5639, -42.7884, -51.2646, -83.3721, -100.8837, -116.8351, -12.0283]",20566,attack
MBW_014_W6,planning_suite,W6,Qwen/Qwen2.5-7B-Instruct,27,28,"[1.0, 1.0, 1.0, 0.9999, 0.9999, 1.0, 1.0, 1.0, 0.9999, 0.9999, 0.9999, 0.9999, 0.9999, 0.9999, 0.9999, 0.9999, 0.9996, 0.999, 0.9976, 0.9963, 0.9921, 0.9906, 0.9917, 0.9916, 0.9942, 0.9941, 0.9937, 0.9882]","[97500, 108114, 99764, 108779, 113390, 120345, 113748, 110782, 97401, 107721, 101798, 108090, 108547, 104674, 104527, 101743, 107911, 101055, 99373, 78053, 89943, 96658, 98205, 85892, 83020, 61092, 45809, 3]","[-12.0947, -12.3864, -12.5182, -12.5159, -12.6623, -13.5362, -13.5017, -13.6643, -13.2047, -14.0598, -14.1274, -14.2946, -14.2723, -15.4394, -17.7856, -16.043, -16.6021, -17.7952, -18.3456, -18.68, -21.8912, -31.255, -45.1724, -52.3907, -82.2778, -98.3977, -110.0605, -7.5213]",20566,attack
MBW_037_W6,planning_suite,W6,Qwen/Qwen2.5-7B-Instruct,27,28,"[1.0, 1.0, 1.0, 0.9999, 0.9999, 0.9999, 0.9999, 0.9999, 0.9999, 0.9999, 0.9998, 0.9998, 0.9998, 0.9998, 0.9999, 0.9998, 0.9995, 0.999, 0.9968, 0.9955, 0.9902, 0.9884, 0.9901, 0.9905, 0.9938, 0.9936, 0.9938, 0.9882]","[97179, 107878, 98127, 106713, 112204, 118709, 112916, 110162, 95964, 105934, 99475, 105638, 107096, 104146, 104625, 102951, 108127, 101470, 99159, 80313, 93083, 99835, 99916, 87035, 85525, 64061, 47230, 3]","[-12.0941, -12.3889, -12.5075, -12.4988, -12.6465, -13.5326, -13.5048, -13.6676, -13.1943, -14.1067, -14.1297, -14.2691, -14.2472, -15.4842, -17.6808, -16.0003, -16.5151, -17.6965, -18.3068, -18.6367, -21.8541, -31.2366, -44.3791, -51.8159, -82.5498, -98.6168, -111.746, -7.8663]",20566,attack
MBW_10_W6,planning_suite,W6,Qwen/Qwen2.5-7B-Instruct,-1,28,"[1.0, 1.0, 1.0, 1.0, 1.0, 1.0, 1.0, 1.0, 1.0, 1.0, 1.0, 1.0, 1.0, 1.0, 1.0, 1.0, 1.0, 1.0, 1.0, 1.0, 1.0, 1.0, 1.0, 1.0, 1.0, 1.0, 1.0, 1.0]","[99821, 110477, 100665, 108253, 113313, 122242, 116058, 111239, 95778, 101737, 94771, 104347, 107773, 103784, 106623, 103977, 104986, 99538, 97994, 78766, 92713, 99549, 98852, 91013, 91517, 74838, 64555, 13]","[-12.102, -12.4019, -12.5149, -12.4891, -12.6303, -13.5632, -13.4855, -13.6371, -13.1327, -13.9919, -13.9368, -14.2581, -14.1509, -15.26, -17.4758, -15.8861, -16.3489, -17.6729, -18.0802, -18.5649, -21.3412, -29.8957, -40.7083, -50.5117, -83.3704, -104.3504, -125.4403, -20.2624]",20566,attack
MBW_100_W6,planning_suite,W6,Qwen/Qwen2.5-7B-Instruct,-1,28,"[1.0, 1.0, 1.0, 1.0, 1.0, 1.0, 1.0, 1.0, 1.0, 1.0, 1.0, 1.0, 1.0, 1.0, 1.0, 1.0, 1.0, 1.0, 1.0, 1.0, 1.0, 1.0, 1.0, 1.0, 1.0, 1.0, 1.0, 1.0]","[99466, 110528, 99694, 106356, 111786, 122037, 115556, 112401, 95916, 102190, 94588, 104412, 108355, 104341, 107515, 104519, 106164, 101140, 100752, 80089, 94915, 101079, 99352, 89137, 89304, 70241, 58707, 6]","[-12.1008, -12.4023, -12.5057, -12.475, -12.6213, -13.5526, -13.4824, -13.6639, -13.1487, -14.007, -13.9651, -14.2841, -14.2103, -15.3235, -17.5128, -15.8882, -16.3006, -17.4879, -18.0171, -18.5274, -21.4816, -30.2482, -42.1987, -51.4151, -84.0392, -104.2457, -122.3055, -17.019]",20566,attack
MBW_127_W6,planning_suite,W6,Qwen/Qwen2.5-7B-Instruct,-1,28,"[1.0, 1.0, 1.0, 1.0, 1.0, 1.0, 1.0, 1.0, 1.0, 1.0, 1.0, 1.0, 1.0, 1.0, 1.0, 1.0, 1.0, 1.0, 1.0, 1.0, 1.0, 1.0, 1.0, 1.0, 1.0, 1.0, 1.0, 1.0]","[100004, 110804, 100563, 107764, 112711, 122149, 115835, 111190, 95388, 101715, 93973, 104258, 107950, 103825, 106608, 104106, 105133, 99277, 97784, 78902, 92195, 99454, 98694, 90227, 90286, 73048, 60854, 10]","[-12.1033, -12.4024, -12.5117, -12.4854, -12.6238, -13.5522, -13.4818, -13.6351, -13.1276, -13.9837, -13.9167, -14.2408, -14.1354, -15.2496, -17.4538, -15.8704, -16.3057, -17.6202, -18.0523, -18.6311, -21.3695, -30.0166, -41.1694, -50.2693, -82.6931, -103.0262, -121.9392, -17.6266]",20566,attack
MBW_185_W6,planning_suite,W6,Qwen/Qwen2.5-7B-Instruct,-1,28,"[1.0, 1.0, 1.0, 1.0, 1.0, 1.0, 1.0, 1.0, 1.0, 1.0, 1.0, 1.0, 1.0, 1.0, 1.0, 1.0, 1.0, 1.0, 1.0, 1.0, 1.0, 1.0, 1.0, 1.0, 1.0, 1.0, 1.0, 1.0]","[97313, 108974, 99968, 106677, 111474, 121696, 116257, 113225, 97437, 102831, 95561, 107753, 109516, 104696, 107802, 104221, 107901, 103091, 98731, 80215, 94822, 98143, 100035, 91001, 90856, 73219, 62713, 11]","[-12.0917, -12.3983, -12.5129, -12.4901, -12.6229, -13.5368, -13.4816, -13.6828, -13.2002, -14.0056, -13.9436, -14.3348, -14.2359, -15.3603, -17.5022, -15.9467, -16.4343, -17.6972, -18.0579, -18.4986, -21.3581, -29.6393, -40.4111, -49.723, -82.5969, -102.6732, -123.2783, -19.5988]",20566,attack
MBW_495_W6,planning_suite,W6,Qwen/Qwen2.5-7B-Instruct,27,28,"[1.0, 1.0, 0.9999, 0.9999, 0.9999, 0.9999, 0.9999, 0.9999, 0.9999, 0.9999, 0.9999, 0.9998, 0.9999, 0.9998, 0.9999, 0.9998, 0.9996, 0.9988, 0.9973, 0.9953, 0.9912, 0.9913, 0.9926, 0.9934, 0.9958, 0.996, 0.9963, 0.9929]","[97282, 108175, 98942, 108475, 113712, 118593, 113052, 108890, 95402, 105494, 98961, 105100, 105665, 102869, 103417, 101674, 106445, 100481, 97281, 79750, 93135, 99577, 99735, 89387, 88842, 67844, 52547, 5]","[-12.0959, -12.3885, -12.5135, -12.5138, -12.6571, -13.5301, -13.5059, -13.6389, -13.1761, -14.1022, -14.0847, -14.2592, -14.196, -15.4171, -17.7011, -16.0187, -16.56, -17.8978, -18.3582, -18.6681, -21.7315, -30.9024, -43.0412, -51.8263, -83.4293, -100.582, -116.6295, -12.2497]",20566,attack
BW_496_W6,planning_suite,W6,Qwen/Qwen2.5-7B-Instruct,27,28,"[0.9998, 0.9998, 0.9996, 0.9995, 0.9993, 0.9996, 0.9996, 0.9993, 0.9991, 0.9994, 0.9994, 0.9993, 0.9994, 0.9993, 0.9994, 0.9994, 0.9993, 0.9991, 0.997, 0.9944, 0.9857, 0.9788, 0.9799, 0.9818, 0.9883, 0.9913, 0.9932, 0.989]","[120262, 132202, 134561, 139885, 127192, 129555, 140097, 134041, 130060, 142788, 135716, 135779, 128257, 123074, 113824, 117179, 119228, 117031, 120295, 91986, 103866, 108672, 98118, 82880, 90800, 77859, 58096, 2]","[-12.1678, -12.5574, -12.8089, -12.7888, -12.7856, -13.6803, -13.9541, -14.0353, -13.6901, -14.9767, -14.8324, -14.9248, -14.6022, -16.0054, -17.6703, -16.2947, -16.7859, -17.7868, -18.5797, -18.4004, -19.7126, -27.5398, -37.618, -48.2028, -80.1711, -100.9094, -120.7851, -1.3705]",29245,pick
BW_497_W6,planning_suite,W6,Qwen/Qwen2.5-7B-Instruct,27,28,"[0.9998, 0.9997, 0.9994, 0.9992, 0.9989, 0.9993, 0.9993, 0.9992, 0.999, 0.9992, 0.9992, 0.9991, 0.9992, 0.9993, 0.9994, 0.9993, 0.9991, 0.9988, 0.997, 0.9956, 0.9896, 0.9885, 0.9897, 0.9893, 0.9917, 0.9941, 0.995, 0.9912]","[117778, 129712, 134087, 139839, 127124, 131398, 140905, 133618, 129930, 142561, 135132, 135783, 129502, 124946, 114751, 118848, 120064, 117316, 122757, 90191, 98384, 98168, 89502, 72585, 81622, 69733, 53707, 2]","[-12.1632, -12.5228, -12.8108, -12.8191, -12.8063, -13.7363, -13.9799, -14.0565, -13.6925, -14.9691, -14.8657, -15.0066, -14.6368, -16.0076, -17.85, -16.4519, -16.9584, -17.8762, -18.7492, -18.4489, -19.7347, -27.1765, -36.5954, -45.5566, -77.8196, -99.243, -117.9079, -1.3122]",29245,pick
BW_498_W6,planning_suite,W6,Qwen/Qwen2.5-7B-Instruct,27,28,"[0.9997, 0.9998, 0.9997, 0.9996, 0.9995, 0.9997, 0.9997, 0.9995, 0.9994, 0.9992, 0.9991, 0.9991, 0.9992, 0.9993, 0.9995, 0.9994, 0.9991, 0.9985, 0.997, 0.9958, 0.991, 0.9879, 0.9889, 0.9903, 0.9936, 0.9949, 0.9958, 0.9921]","[120612, 132359, 134777, 139703, 127101, 129607, 140550, 133590, 130725, 143529, 136627, 136570, 129307, 123940, 115570, 119380, 119460, 116699, 124115, 95578, 104734, 107375, 95320, 79000, 87376, 76525, 59907, 2]","[-12.1668, -12.5512, -12.8057, -12.7878, -12.7862, -13.6891, -13.9878, -14.0355, -13.7064, -15.0541, -14.8947, -14.9384, -14.6343, -16.0272, -17.7584, -16.4123, -16.8255, -17.7636, -18.6536, -18.3252, -19.3008, -26.8069, -35.3781, -46.3353, -77.9852, -100.0261, -121.3728, -2.0593]",29245,pick
BW_499_W6,planning_suite,W6,Qwen/Qwen2.5-7B-Instruct,27,28,"[0.9998, 0.9998, 0.9997, 0.9995, 0.9994, 0.9995, 0.9995, 0.9994, 0.999, 0.9992, 0.9991, 0.9991, 0.9992, 0.9994, 0.9995, 0.9994, 0.9993, 0.9989, 0.9979, 0.9965, 0.994, 0.9916, 0.9914, 0.9925, 0.9949, 0.9961, 0.997, 0.9945]","[119129, 130338, 133972, 140071, 127212, 130737, 140641, 133412, 131120, 143500, 136212, 136669, 129631, 123969, 115688, 120412, 121515, 119500, 125185, 94018, 104282, 104588, 95797, 80380, 88055, 77339, 58793, 2]","[-12.1659, -12.5249, -12.8055, -12.8229, -12.7905, -13.7078, -13.9874, -14.0538, -13.7127, -15.0108, -14.8692, -15.0511, -14.7191, -16.0731, -17.9328, -16.5497, -17.0179, -18.066, -18.9987, -18.4344, -19.9352, -27.2959, -37.2932, -48.017, -79.8289, -101.0865, -120.7026, -3.9857]",29245,pick
BW_500_W6,planning_suite,W6,Qwen/Qwen2.5-7B-Instruct,27,28,"[0.9998, 0.9998, 0.9996, 0.9994, 0.9994, 0.9996, 0.9996, 0.9994, 0.9993, 0.9994, 0.9993, 0.9993, 0.9993, 0.9993, 0.9994, 0.9994, 0.9991, 0.999, 0.9974, 0.9953, 0.9885, 0.9816, 0.9833, 0.9853, 0.9907, 0.9931, 0.9947, 0.9906]","[117836, 130615, 134330, 139589, 126998, 130699, 140945, 134870, 131246, 143546, 137415, 137552, 130254, 122979, 115749, 118738, 119364, 118441, 123483, 93634, 100907, 101440, 91426, 77780, 86542, 76301, 60164, 2]","[-12.1586, -12.5397, -12.8075, -12.7929, -12.7896, -13.7327, -14.0149, -14.0962, -13.7456, -15.0759, -14.959, -15.0763, -14.6696, -16.0861, -17.8283, -16.4074, -16.895, -17.9096, -18.8718, -18.4528, -19.5281, -26.7929, -35.7612, -46.5305, -77.7708, -99.4744, -122.0717, -2.4116]",29245,pick
BW_501_W6,planning_suite,W6,Qwen/Qwen2.5-7B-Instruct,27,28,"[0.9997, 0.9998, 0.9996, 0.9994, 0.9993, 0.9996, 0.9996, 0.9994, 0.9993, 0.9993, 0.9992, 0.9991, 0.9992, 0.9992, 0.9993, 0.9993, 0.9991, 0.9988, 0.9977, 0.9954, 0.9911, 0.9853, 0.9868, 0.988, 0.9924, 0.9943, 0.9955, 0.9915]","[117773, 130459, 134299, 139555, 126981, 130741, 141022, 134950, 131247, 143514, 137465, 137646, 130226, 122741, 115608, 118579, 119317, 118617, 123612, 95215, 105314, 107346, 96457, 80848, 90165, 79896, 62278, 2]","[-12.1579, -12.5386, -12.8068, -12.7934, -12.7906, -13.7339, -14.0158, -14.1, -13.7502, -15.0819, -14.9649, -15.0911, -14.6698, -16.0844, -17.8014, -16.3895, -16.8856, -17.9175, -18.8919, -18.5193, -19.6487, -27.3907, -36.8479, -47.2009, -78.8125, -100.6547, -121.8758, -2.6478]",29245,pick
BW_502_W6,planning_suite,W6,Qwen/Qwen2.5-7B-Instruct,27,28,"[0.9998, 0.9997, 0.9995, 0.9993, 0.9991, 0.9994, 0.9994, 0.9992, 0.9988, 0.9991, 0.9991, 0.9989, 0.9991, 0.9992, 0.9994, 0.9994, 0.9992, 0.9988, 0.9975, 0.9957, 0.9925, 0.9907, 0.9913, 0.9922, 0.9949, 0.9962, 0.997, 0.9945]","[117333, 129529, 134045, 140049, 126375, 131033, 141067, 133630, 131489, 143121, 136330, 136795, 130274, 125100, 116142, 119093, 120901, 118560, 123826, 90896, 100122, 101195, 90597, 73396, 82703, 72219, 55299, 2]","[-12.1593, -12.5108, -12.7962, -12.8218, -12.7818, -13.726, -14.001, -14.076, -13.7362, -15.0304, -14.9245, -15.0601, -14.7177, -16.08, -18.0121, -16.5672, -17.0423, -18.0062, -18.9325, -18.3847, -19.3142, -26.8661, -36.1372, -46.042, -78.5425, -100.3034, -118.8341, -1.593]",29245,pick
BW_503_W6,planning_suite,W6,Qwen/Qwen2.5-7B-Instruct,27,28,"[0.9999, 0.9997, 0.9996, 0.9995, 0.9992, 0.9995, 0.9995, 0.9994, 0.9993, 0.9994, 0.9994, 0.9994, 0.9994, 0.9995, 0.9996, 0.9995, 0.9992, 0.9989, 0.9951, 0.9914, 0.9786, 0.9734, 0.9743, 0.9751, 0.9832, 0.9879, 0.9904, 0.9844]","[120575, 132272, 134784, 140197, 127091, 129183, 140205, 132761, 130475, 143079, 136305, 136599, 130188, 124621, 116389, 120109, 120651, 118426, 123538, 95942, 105591, 106138, 95162, 77079, 85752, 72997, 56450, 1]","[-12.1678, -12.5559, -12.8081, -12.8008, -12.7746, -13.6575, -13.9724, -14.0168, -13.682, -14.9572, -14.8261, -14.898, -14.6349, -16.0342, -17.7869, -16.4274, -16.9243, -17.9857, -18.7776, -18.3881, -19.4344, -27.1932, -36.058, -45.6722, -77.2962, -98.8235, -118.9461, -0.6019]",29245,pick
BW_504_W6,planning_suite,W6,Qwen/Qwen2.5-7B-Instruct,27,28,"[0.9998, 0.9998, 0.9998, 0.9996, 0.9994, 0.9996, 0.9996, 0.9994, 0.9993, 0.9991, 0.9989, 0.9988, 0.999, 0.999, 0.9992, 0.9992, 0.9988, 0.9985, 0.9977, 0.9962, 0.9931, 0.9909, 0.9914, 0.9922, 0.9944, 0.9959, 0.9966, 0.9934]","[117968, 130398, 134237, 140218, 128495, 131579, 141022, 134128, 130246, 143391, 136556, 136956, 130835, 123479, 116504, 119511, 120430, 118615, 124858, 95912, 104847, 109347, 97656, 81151, 89584, 79399, 61296, 2]","[-12.16, -12.5385, -12.81, -12.8106, -12.805, -13.7416, -14.0099, -14.0694, -13.727, -15.0325, -14.9162, -15.0387, -14.6921, -15.9906, -17.9334, -16.5017, -16.9854, -18.0229, -18.9872, -18.529, -19.7134, -27.6394, -36.9119, -47.6977, -79.9081, -102.2397, -122.4958, -3.5191]",29245,pick
BW_505_W6,planning_suite,W6,Qwen/Qwen2.5-7B-Instruct,27,28,"[0.9998, 0.9998, 0.9997, 0.9996, 0.9995, 0.9996, 0.9996, 0.9994, 0.9991, 0.9993, 0.9992, 0.9992, 0.9993, 0.9994, 0.9995, 0.9994, 0.9992, 0.9989, 0.9979, 0.9967, 0.9914, 0.9902, 0.9905, 0.9913, 0.9939, 0.9952, 0.9958, 0.9923]","[119074, 130275, 133914, 139977, 126968, 130849, 140824, 133599, 131360, 143626, 136622, 137069, 129972, 124136, 115489, 120751, 121336, 118528, 124489, 92711, 102448, 106474, 95752, 79739, 88790, 80085, 61577, 2]","[-12.1657, -12.5261, -12.8079, -12.8208, -12.7882, -13.7122, -13.9942, -14.0619, -13.7217, -15.0236, -14.8883, -15.0794, -14.7165, -16.0597, -17.9025, -16.5427, -17.0073, -17.944, -18.9289, -18.3452, -19.3659, -26.6828, -35.5618, -46.6615, -79.2753, -101.9892, -122.7585, -4.214]",29245,pick
BW_506_W6,planning_suite,W6,Qwen/Qwen2.5-7B-Instruct,27,28,"[0.9998, 0.9997, 0.9995, 0.9992, 0.999, 0.9993, 0.9994, 0.9992, 0.999, 0.9993, 0.9993, 0.9992, 0.9994, 0.9994, 0.9994, 0.9994, 0.999, 0.9986, 0.996, 0.9933, 0.9847, 0.9823, 0.984, 0.9858, 0.9901, 0.9928, 0.9943, 0.9903]","[117650, 129558, 134032, 139774, 127010, 131388, 140938, 133561, 129879, 142517, 135040, 135799, 129586, 124799, 114766, 118858, 119868, 117696, 118940, 86271, 96130, 99050, 92341, 76653, 84492, 72470, 54646, 2]","[-12.1629, -12.521, -12.8102, -12.8184, -12.8065, -13.7363, -13.98, -14.0587, -13.6947, -14.971, -14.8707, -14.994, -14.6339, -15.9995, -17.8269, -16.4327, -16.9441, -17.9346, -18.6036, -18.3422, -19.9181, -27.2587, -36.6203, -46.8206, -79.4746, -100.7282, -118.2416, -2.1942]",29245,pick
BW_507_W6,planning_suite,W6,Qwen/Qwen2.5-7B-Instruct,27,28,"[0.9998, 0.9997, 0.9994, 0.9992, 0.999, 0.9993, 0.9993, 0.9992, 0.9991, 0.9993, 0.9992, 0.9991, 0.9993, 0.9994, 0.9994, 0.9993, 0.9991, 0.9987, 0.9976, 0.9963, 0.9926, 0.9908, 0.9912, 0.9915, 0.9933, 0.995, 0.996, 0.9931]","[117496, 129633, 134035, 139710, 127105, 131201, 140769, 133437, 129883, 142469, 135057, 135896, 129508, 124913, 114749, 118637, 120138, 117372, 122596, 88951, 92358, 94090, 87403, 70438, 80427, 67181, 54344, 2]","[-12.1625, -12.5205, -12.8084, -12.8164, -12.8054, -13.7297, -13.9731, -14.0518, -13.6884, -14.9632, -14.8587, -15.0057, -14.6364, -16.02, -17.8556, -16.4591, -16.972, -17.9817, -18.7919, -18.49, -19.5001, -26.4902, -35.3555, -44.4846, -77.731, -98.1412, -117.3725, -2.2004]",29245,pick
BW_508_W6,planning_suite,W6,Qwen/Qwen2.5-7B-Instruct,27,28,"[0.9998, 0.9998, 0.9997, 0.9995, 0.9994, 0.9996, 0.9996, 0.9994, 0.9991, 0.9993, 0.9992, 0.9992, 0.9993, 0.9995, 0.9995, 0.9994, 0.9992, 0.9989, 0.9979, 0.9967, 0.9941, 0.9917, 0.9921, 0.9925, 0.995, 0.9963, 0.9972, 0.9951]","[119072, 130294, 133974, 140060, 127130, 130729, 140666, 133423, 131082, 143517, 136199, 136651, 129651, 124047, 115872, 120755, 121713, 119705, 125178, 93807, 103788, 103631, 95899, 79100, 87650, 77342, 57502, 2]","[-12.1656, -12.5236, -12.8046, -12.8229, -12.7898, -13.7076, -13.9863, -14.0505, -13.7117, -15.0079, -14.8616, -15.043, -14.7094, -16.0743, -17.9161, -16.5493, -17.0311, -18.0874, -19.0036, -18.404, -19.8129, -27.4055, -37.3267, -47.5689, -79.7008, -101.3861, -119.9421, -2.3691]",29245,pick
BW_509_W6,planning_suite,W6,Qwen/Qwen2.5-7B-Instruct,27,28,"[0.9998, 0.9997, 0.9996, 0.9995, 0.9994, 0.9995, 0.9995, 0.9994, 0.9992, 0.9993, 0.9993, 0.9993, 0.9994, 0.9994, 0.9995, 0.9994, 0.9991, 0.9987, 0.9961, 0.9926, 0.9875, 0.986, 0.9872, 0.9845, 0.9873, 0.9913, 0.9925, 0.9867]","[118952, 130239, 133907, 139983, 127003, 130916, 140807, 133571, 131178, 143513, 136298, 136582, 129683, 124037, 115726, 120756, 120856, 118572, 122257, 91855, 101368, 99870, 89512, 72000, 82560, 72469, 51986, 1]","[-12.1654, -12.5274, -12.8077, -12.8222, -12.7907, -13.7126, -13.9934, -14.0577, -13.7135, -15.0087, -14.8766, -15.0457, -14.7124, -16.0648, -17.9002, -16.5385, -16.9974, -18.0427, -18.9487, -18.3864, -19.768, -27.0936, -35.7161, -45.4964, -77.6821, -99.8169, -115.941, -0.0868]",29245,pick
BW_510_W6,planning_suite,W6,Qwen/Qwen2.5-7B-Instruct,27,28,"[0.9998, 0.9998, 0.9997, 0.9996, 0.9994, 0.9996, 0.9996, 0.9994, 0.9993, 0.9992, 0.9991, 0.999, 0.9991, 0.9991, 0.9993, 0.9992, 0.9988, 0.9983, 0.9972, 0.9957, 0.9906, 0.9863, 0.9875, 0.9889, 0.9928, 0.9947, 0.9957, 0.9923]","[118039, 130311, 134213, 140216, 128339, 131594, 141063, 134160, 130380, 143439, 136906, 137232, 131101, 123469, 116577, 119768, 120920, 119529, 123785, 93623, 103518, 107283, 95744, 80654, 88636, 78531, 59966, 2]","[-12.1602, -12.536, -12.8094, -12.8113, -12.8044, -13.7426, -14.0096, -14.0709, -13.7309, -15.0454, -14.933, -15.0579, -14.6995, -15.9937, -17.9368, -16.5074, -17.0172, -18.0425, -18.9833, -18.381, -19.6088, -27.3267, -36.7464, -47.7907, -79.6413, -101.5237, -122.5215, -2.7095]",29245,pick
BW_511_W6,planning_suite,W6,Qwen/Qwen2.5-7B-Instruct,27,28,"[0.9998, 0.9997, 0.9995, 0.9993, 0.9991, 0.9993, 0.9993, 0.9992, 0.9988, 0.9991, 0.9991, 0.999, 0.9991, 0.9993, 0.9995, 0.9994, 0.9992, 0.999, 0.9966, 0.9951, 0.9915, 0.9804, 0.9821, 0.9826, 0.9878, 0.9912, 0.9931, 0.9879]","[117083, 129305, 133902, 139938, 126156, 130924, 141015, 133555, 131455, 143047, 136318, 136686, 130250, 125137, 116316, 118920, 120273, 118152, 120625, 89681, 94588, 97921, 91660, 71589, 81219, 69581, 51843, 1]","[-12.1583, -12.5088, -12.7935, -12.8185, -12.7809, -13.7253, -14.0018, -14.0771, -13.7379, -15.0309, -14.9321, -15.0389, -14.7144, -16.077, -18.0194, -16.547, -16.9928, -17.9846, -18.832, -18.4345, -19.3908, -26.9593, -35.993, -44.5904, -77.3971, -98.9442, -117.4938, -0.5715]",29245,pick
BW_512_W6,planning_suite,W6,Qwen/Qwen2.5-7B-Instruct,27,28,"[0.9998, 0.9997, 0.9994, 0.9991, 0.999, 0.9993, 0.9993, 0.9992, 0.9989, 0.9992, 0.9991, 0.9992, 0.9992, 0.9993, 0.9995, 0.9994, 0.9992, 0.9988, 0.9976, 0.9962, 0.9934, 0.9896, 0.9899, 0.9912, 0.9941, 0.9956, 0.9965, 0.994]","[119255, 130815, 133878, 140296, 127840, 130856, 141260, 134334, 131187, 143384, 135825, 136618, 129551, 123325, 115832, 119095, 120927, 119309, 125988, 95359, 106699, 109540, 98666, 82735, 90801, 80300, 61561, 2]","[-12.1659, -12.5319, -12.8099, -12.8247, -12.7915, -13.7006, -14.0056, -14.063, -13.7042, -15.0426, -14.8951, -15.0596, -14.711, -16.0265, -17.8947, -16.4925, -16.9545, -17.9877, -19.0077, -18.4972, -19.759, -27.4163, -37.2419, -48.1238, -80.0926, -102.3874, -122.764, -3.782]",29245,pick
BW_513_W6,planning_suite,W6,Qwen/Qwen2.5-7B-Instruct,27,28,"[0.9998, 0.9998, 0.9997, 0.9996, 0.9994, 0.9996, 0.9996, 0.9994, 0.9993, 0.999, 0.9987, 0.9987, 0.9989, 0.9989, 0.9991, 0.9991, 0.9987, 0.9984, 0.9978, 0.996, 0.9907, 0.9869, 0.9878, 0.9885, 0.9913, 0.9934, 0.9947, 0.9888]","[117903, 130349, 134197, 140229, 128352, 131523, 140982, 134082, 130343, 143403, 136765, 137075, 131051, 123378, 116323, 119280, 120236, 118534, 124849, 96057, 106107, 108158, 98255, 81864, 91069, 81221, 61263, 2]","[-12.1599, -12.5381, -12.8115, -12.812, -12.8064, -13.7451, -14.01, -14.0715, -13.7334, -15.0448, -14.9302, -15.0513, -14.7051, -15.9928, -17.9347, -16.489, -16.9855, -17.9953, -19.0254, -18.5347, -19.693, -26.8108, -36.0864, -47.4465, -80.8411, -103.4637, -122.8301, -2.8015]",29245,pick
BW_514_W6,planning_suite,W6,Qwen/Qwen2.5-7B-Instruct,27,28,"[0.9998, 0.9997, 0.9994, 0.9992, 0.9991, 0.9994, 0.9994, 0.9993, 0.999, 0.9993, 0.9992, 0.9992, 0.9993, 0.9994, 0.9995, 0.9994, 0.9993, 0.9991, 0.998, 0.9966, 0.9923, 0.9871, 0.9884, 0.9897, 0.9933, 0.9951, 0.9961, 0.9933]","[119071, 130646, 133741, 140148, 127606, 130752, 141190, 134276, 131030, 143240, 135460, 136233, 129323, 123556, 115981, 119181, 121154, 119544, 125522, 96061, 103949, 108227, 97467, 81595, 90268, 79015, 60526, 2]","[-12.1656, -12.5316, -12.8082, -12.8222, -12.7911, -13.7008, -14.0077, -14.0631, -13.701, -15.0342, -14.8883, -15.0368, -14.7103, -16.0395, -17.9109, -16.5042, -16.9655, -17.9734, -18.9914, -18.547, -19.6264, -27.5751, -36.927, -47.4646, -79.6788, -102.054, -122.561, -2.7067]",29245,pick
BW_515_W6,planning_suite,W6,Qwen/Qwen2.5-7B-Instruct,27,28,"[0.9998, 0.9997, 0.9994, 0.9992, 0.9991, 0.9993, 0.9994, 0.9993, 0.9989, 0.9993, 0.9992, 0.9992, 0.9993, 0.9994, 0.9995, 0.9994, 0.9993, 0.999, 0.9978, 0.9956, 0.9911, 0.9883, 0.9892, 0.9909, 0.9941, 0.9956, 0.9966, 0.9938]","[119157, 130767, 133827, 140215, 127823, 130618, 141070, 134169, 130998, 143230, 135384, 136314, 129293, 123277, 115976, 119117, 121408, 119643, 126505, 96251, 105681, 108139, 98893, 82427, 90827, 79638, 60845, 2]","[-12.1658, -12.529, -12.8063, -12.824, -12.7923, -13.6953, -14.0009, -14.0546, -13.6974, -15.0298, -14.8743, -15.0376, -14.7067, -16.0283, -17.9046, -16.5019, -16.957, -18.0056, -19.0226, -18.4992, -19.734, -27.7225, -37.7817, -47.8863, -79.7255, -101.7883, -121.7764, -3.5692]",29245,pick
BW_E_001_W6,planning_suite,W6,Qwen/Qwen2.5-7B-Instruct,27,28,"[0.9998, 0.9997, 0.9994, 0.9991, 0.9991, 0.9993, 0.9994, 0.9992, 0.999, 0.9993, 0.9992, 0.9991, 0.9992, 0.9993, 0.9995, 0.9994, 0.9991, 0.9989, 0.998, 0.9969, 0.9953, 0.9933, 0.9934, 0.9941, 0.9959, 0.997, 0.9977, 0.996]","[119048, 130717, 133766, 140085, 127436, 130618, 141151, 134277, 131139, 143293, 135701, 136594, 129420, 123250, 115586, 118948, 121071, 118887, 125699, 95265, 104272, 105760, 96901, 80327, 89007, 78312, 60153, 2]","[-12.1657, -12.5304, -12.8077, -12.8211, -12.7876, -13.6951, -14.0018, -14.0611, -13.7028, -15.0382, -14.8938, -15.0656, -14.7165, -16.032, -17.9062, -16.5075, -16.982, -17.9725, -19.0159, -18.4153, -19.5562, -27.0835, -36.7837, -47.0518, -79.0072, -100.7789, -121.5427, -2.6753]",29245,pick
BW_E_002_W6,planning_suite,W6,Qwen/Qwen2.5-7B-Instruct,27,28,"[0.9999, 0.9997, 0.9995, 0.9992, 0.9991, 0.9994, 0.9993, 0.9992, 0.9988, 0.9991, 0.9991, 0.999, 0.9991, 0.9993, 0.9994, 0.9994, 0.9992, 0.9988, 0.9977, 0.9968, 0.9939, 0.9898, 0.9908, 0.9921, 0.9948, 0.9962, 0.997, 0.9942]","[117121, 129386, 133932, 140033, 126524, 130883, 140942, 133523, 131454, 143030, 136229, 136772, 130050, 124938, 115965, 118637, 120388, 118226, 124434, 92429, 101771, 101155, 91816, 75774, 86340, 75827, 57299, 2]","[-12.1585, -12.5065, -12.7912, -12.8213, -12.7825, -13.7215, -13.9957, -14.0717, -13.7344, -15.0281, -14.9205, -15.0402, -14.7059, -16.0839, -18.0208, -16.5683, -16.9996, -18.012, -18.9802, -18.4486, -19.5587, -26.5688, -35.7676, -46.1351, -79.666, -102.0266, -120.1003, -2.819]",29245,pick
BW_E_003_W6,planning_suite,W6,Qwen/Qwen2.5-7B-Instruct,27,28,"[0.9998, 0.9997, 0.9996, 0.9995, 0.9994, 0.9996, 0.9996, 0.9994, 0.9992, 0.9993, 0.9993, 0.9993, 0.9993, 0.9994, 0.9995, 0.9994, 0.9991, 0.9988, 0.9968, 0.9938, 0.9902, 0.9885, 0.9897, 0.9884, 0.9913, 0.9939, 0.995, 0.9908]","[118992, 130317, 133942, 140076, 127060, 130837, 140768, 133581, 131265, 143522, 136594, 136805, 129731, 123741, 115435, 120206, 120416, 118187, 122099, 92191, 102457, 102328, 92106, 74001, 83548, 73309, 52585, 1]","[-12.1655, -12.529, -12.8102, -12.8215, -12.7891, -13.7131, -13.9953, -14.0631, -13.7221, -15.0218, -14.892, -15.0605, -14.7079, -16.0597, -17.9005, -16.5271, -17.0029, -18.015, -18.9201, -18.4264, -19.8851, -27.4041, -36.4197, -45.9347, -77.7823, -100.1192, -116.5378, -0.2148]",29245,pick
BW_E_004_W6,planning_suite,W6,Qwen/Qwen2.5-7B-Instruct,27,28,"[0.9997, 0.9997, 0.9996, 0.9994, 0.9994, 0.9995, 0.9995, 0.9994, 0.9992, 0.9993, 0.9993, 0.9992, 0.9993, 0.9993, 0.9994, 0.9993, 0.9992, 0.9989, 0.9976, 0.9956, 0.9923, 0.9892, 0.9896, 0.991, 0.9936, 0.9952, 0.9963, 0.9936]","[117995, 130549, 134289, 139565, 127240, 130654, 140874, 134771, 131075, 143458, 137157, 137292, 130048, 122701, 116017, 118772, 119824, 119311, 124180, 96497, 107876, 108770, 97582, 80998, 88706, 78421, 61342, 2]","[-12.1589, -12.5356, -12.8031, -12.795, -12.7939, -13.7327, -14.0091, -14.0888, -13.7412, -15.0695, -14.9439, -15.0498, -14.6607, -16.0756, -17.8187, -16.3862, -16.8775, -17.9926, -18.9625, -18.6291, -19.916, -27.241, -36.6926, -46.9891, -78.7507, -100.4671, -122.3681, -2.6785]",29245,pick
BW_E_005_W6,planning_suite,W6,Qwen/Qwen2.5-7B-Instruct,27,28,"[0.9998, 0.9997, 0.9996, 0.9995, 0.9995, 0.9996, 0.9996, 0.9994, 0.9991, 0.9993, 0.9992, 0.9992, 0.9993, 0.9995, 0.9995, 0.9994, 0.9992, 0.9989, 0.998, 0.9971, 0.9956, 0.9935, 0.9943, 0.995, 0.9967, 0.9976, 0.9982, 0.9966]","[118971, 130289, 133973, 140037, 127134, 130780, 140673, 133431, 131139, 143517, 136192, 136707, 129627, 123982, 115896, 120774, 121638, 119356, 125324, 94184, 103816, 103752, 93239, 76494, 85887, 75578, 57156, 2]","[-12.1651, -12.5241, -12.8057, -12.8216, -12.789, -13.71, -13.9858, -14.051, -13.7114, -15.0008, -14.8582, -15.0382, -14.7055, -16.0653, -17.9041, -16.5429, -17.0215, -18.0607, -18.999, -18.4194, -19.6189, -26.8792, -36.1359, -46.5109, -78.809, -100.6528, -119.3641, -2.312]",29245,pick
MBW_496_W6,planning_suite,W6,Qwen/Qwen2.5-7B-Instruct,27,28,"[0.996, 0.9965, 0.9964, 0.9954, 0.9953, 0.9972, 0.9973, 0.9971, 0.9962, 0.9972, 0.9968, 0.9964, 0.9964, 0.9951, 0.9963, 0.9956, 0.9896, 0.9862, 0.9724, 0.951, 0.9116, 0.9081, 0.8776, 0.8566, 0.8218, 0.8578, 0.8417, 0.5512]","[120713, 132393, 134704, 139597, 126935, 129515, 140488, 133500, 130595, 143404, 136518, 136411, 129274, 124035, 115906, 119665, 119339, 116363, 120233, 92791, 102886, 103133, 93016, 72680, 82380, 71358, 52911, 1]","[-12.1674, -12.5496, -12.8028, -12.7859, -12.7855, -13.6867, -13.9907, -14.0389, -13.7085, -15.0513, -14.8862, -14.925, -14.6417, -16.0438, -17.7911, -16.4321, -16.8343, -17.8006, -18.6667, -18.4887, -19.7605, -27.3133, -35.7664, -45.1255, -76.8487, -98.0574, -115.8106, -0.0621]",29245,pick
MBW_497_W6,planning_suite,W6,Qwen/Qwen2.5-7B-Instruct,27,28,"[0.996, 0.9965, 0.9964, 0.9954, 0.9953, 0.9972, 0.9973, 0.9971, 0.9962, 0.9972, 0.9968, 0.9964, 0.9965, 0.995, 0.9962, 0.9956, 0.9895, 0.986, 0.971, 0.9528, 0.917, 0.9157, 0.8861, 0.864, 0.822, 0.8571, 0.841, 0.5444]","[120683, 132458, 134777, 139666, 126868, 129495, 140512, 133483, 130588, 143459, 136433, 136512, 129294, 124130, 115791, 119718, 119700, 116336, 123761, 95613, 105790, 107059, 96257, 77200, 85160, 75018, 58079, 2]","[-12.167, -12.551, -12.8034, -12.7847, -12.7828, -13.6872, -13.9877, -14.0331, -13.6996, -15.0448, -14.8771, -14.9357, -14.6455, -16.0367, -17.7766, -16.4284, -16.8482, -17.7639, -18.7334, -18.4884, -19.4804, -27.0793, -36.198, -46.0971, -77.2695, -98.9811, -119.1868, -1.0954]",29245,pick
MBW_498_W6,planning_suite,W6,Qwen/Qwen2.5-7B-Instruct,27,28,"[0.9965, 0.9964, 0.9964, 0.9956, 0.9957, 0.9975, 0.9973, 0.9973, 0.996, 0.9967, 0.9962, 0.9961, 0.9964, 0.9955, 0.9964, 0.9957, 0.9896, 0.9871, 0.975, 0.9536, 0.9078, 0.9076, 0.878, 0.8567, 0.8135, 0.8517, 0.8422, 0.5428]","[120361, 132291, 134629, 140097, 127294, 129114, 140085, 132648, 130424, 143060, 136254, 136322, 130195, 124625, 116467, 119641, 120479, 117835, 122114, 94750, 101934, 103580, 91827, 74863, 83823, 71819, 54959, 1]","[-12.167, -12.5511, -12.8027, -12.7977, -12.7748, -13.651, -13.9662, -14.0066, -13.681, -14.964, -14.8311, -14.883, -14.6347, -16.0326, -17.7937, -16.408, -16.8945, -17.9979, -18.7449, -18.4316, -19.5784, -27.0322, -35.4458, -46.1484, -78.7282, -100.1325, -118.5548, -0.4926]",29245,pick
MBW_499_W6,planning_suite,W6,Qwen/Qwen2.5-7B-Instruct,27,28,"[0.9966, 0.997, 0.9965, 0.9963, 0.9963, 0.9975, 0.9972, 0.997, 0.9963, 0.997, 0.9966, 0.9966, 0.9968, 0.9947, 0.9955, 0.9949, 0.989, 0.9851, 0.9689, 0.9476, 0.9083, 0.9033, 0.8791, 0.8604, 0.8188, 0.8577, 0.8448, 0.5411]","[117836, 130583, 134347, 139546, 127109, 130662, 140891, 134864, 131056, 143519, 137144, 137290, 129901, 122839, 115559, 118471, 119317, 118687, 124200, 95797, 104149, 105704, 95580, 78892, 86439, 77099, 61274, 2]","[-12.1584, -12.5397, -12.8078, -12.793, -12.7915, -13.7343, -14.0151, -14.0973, -13.7421, -15.0728, -14.9459, -15.0618, -14.666, -16.0834, -17.8071, -16.3811, -16.8674, -17.9193, -18.9276, -18.5891, -19.6972, -26.8185, -36.1954, -46.2546, -77.7405, -99.9513, -121.9356, -2.535]",29245,pick
MBW_500_W6,planning_suite,W6,Qwen/Qwen2.5-7B-Instruct,27,28,"[0.9961, 0.9966, 0.9965, 0.9957, 0.9955, 0.9973, 0.9974, 0.9972, 0.9963, 0.9973, 0.9969, 0.9966, 0.9966, 0.9952, 0.9963, 0.9956, 0.9895, 0.9861, 0.9714, 0.9521, 0.9237, 0.9146, 0.8862, 0.8681, 0.8299, 0.8635, 0.8419, 0.5468]","[120607, 132432, 134810, 139677, 127024, 129562, 140593, 133667, 130804, 143548, 136731, 136808, 129431, 123931, 115750, 119522, 119435, 116539, 123148, 93736, 104200, 106636, 95244, 77692, 85698, 75083, 56207, 1]","[-12.1669, -12.5514, -12.8047, -12.784, -12.7822, -13.6867, -13.9872, -14.0383, -13.7091, -15.059, -14.895, -14.9501, -14.6368, -16.0222, -17.7632, -16.4121, -16.8284, -17.769, -18.6814, -18.3865, -19.4545, -27.0174, -35.9748, -46.1549, -77.2009, -98.7894, -117.1565, -0.5974]",29245,pick
