problem_id,problem_family,variant_type,model,crystallization_layer,n_layers_processed,layer_cosine_similarities,target_rank_per_layer,target_logprob_per_layer,target_token_id,target_token_decoded
GSM_001,arithmetic_reasoning,canonical,meta-llama/Llama-3.1-8B-Instruct,-1,32,"[0.9117, 0.8903, 0.9107, 0.91, 0.928, 0.9253, 0.9288, 0.9247, 0.9262, 0.9365, 0.9266, 0.9233, 0.9371, 0.913, 0.8728, 0.8441, 0.8354, 0.8337, 0.8411, 0.845, 0.8444, 0.851, 0.8395, 0.8426, 0.8471, 0.8306, 0.8317, 0.8194, 0.8205, 0.7884, 0.7793, 0.7583]","[57411, 42581, 37036, 98392, 91496, 126313, 126084, 110785, 96612, 63674, 76772, 93651, 73287, 121926, 51613, 75761, 18480, 43530, 38596, 20165, 8287, 5175, 1536, 1233, 1150, 864, 488, 337, 253, 115, 81, 47]","[-11.7605, -11.7552, -11.749, -11.7863, -11.7898, -11.9004, -11.8913, -11.832, -11.81, -11.7654, -11.7856, -11.8123, -11.7825, -11.9218, -11.7433, -11.7921, -11.637, -11.7113, -11.6833, -11.5684, -11.4436, -11.3185, -11.1305, -11.0124, -10.889, -10.8357, -10.5711, -10.4252, -10.0854, -9.629, -8.971, -6.4438]",3971,51
GSM_002,arithmetic_reasoning,canonical,meta-llama/Llama-3.1-8B-Instruct,-1,32,"[0.9418, 0.9284, 0.9367, 0.9236, 0.9342, 0.9262, 0.9303, 0.9327, 0.9327, 0.9429, 0.9396, 0.9386, 0.9477, 0.9192, 0.8664, 0.8391, 0.8472, 0.8466, 0.852, 0.8557, 0.8504, 0.868, 0.8683, 0.8697, 0.8726, 0.8585, 0.8717, 0.8612, 0.8552, 0.8351, 0.8523, 0.8991]","[39065, 75278, 81705, 102333, 113796, 111417, 109171, 114596, 109292, 108493, 101786, 80164, 115164, 115352, 110218, 100517, 64167, 28944, 38168, 18784, 21380, 13917, 7298, 5188, 2176, 986, 369, 221, 477, 450, 228, 260]","[-11.7564, -11.7653, -11.7705, -11.7896, -11.8198, -11.8328, -11.8279, -11.8424, -11.8358, -11.8455, -11.8317, -11.7904, -11.88, -11.8865, -11.8691, -11.8517, -11.7686, -11.6662, -11.6848, -11.5717, -11.5774, -11.4577, -11.3299, -11.2212, -11.0198, -10.9317, -10.5417, -10.3982, -10.3048, -10.2582, -9.5243, -6.9396]",966,30
GSM_003,arithmetic_reasoning,canonical,meta-llama/Llama-3.1-8B-Instruct,-1,32,"[0.9078, 0.8851, 0.9177, 0.9153, 0.945, 0.948, 0.9531, 0.9544, 0.9563, 0.9572, 0.9507, 0.9426, 0.9532, 0.9427, 0.9378, 0.9323, 0.934, 0.9302, 0.9371, 0.9362, 0.9315, 0.9367, 0.9364, 0.9363, 0.9377, 0.9261, 0.9316, 0.9214, 0.9229, 0.9171, 0.9113, 0.9166]","[5808, 27151, 48864, 37223, 62420, 102235, 72384, 54865, 84562, 34674, 51260, 49658, 78808, 71070, 65586, 73952, 17129, 7319, 15898, 7490, 7508, 4197, 763, 188, 430, 111, 114, 104, 40, 22, 13, 9]","[-11.7431, -11.749, -11.7552, -11.745, -11.7616, -11.815, -11.7742, -11.7528, -11.7923, -11.72, -11.7455, -11.7438, -11.7933, -11.78, -11.7694, -11.7884, -11.6331, -11.5453, -11.5778, -11.4732, -11.4608, -11.3176, -11.038, -10.7383, -10.7369, -10.5576, -10.3033, -10.2245, -9.5222, -9.0329, -8.2919, -5.762]",3965,150
GSM_004,arithmetic_reasoning,canonical,meta-llama/Llama-3.1-8B-Instruct,-1,32,"[0.8982, 0.8909, 0.9093, 0.9041, 0.9274, 0.923, 0.9285, 0.928, 0.9226, 0.9316, 0.9267, 0.9226, 0.9369, 0.9258, 0.9141, 0.8756, 0.8673, 0.8543, 0.846, 0.848, 0.8351, 0.8437, 0.8295, 0.8183, 0.8101, 0.7878, 0.7967, 0.7762, 0.7701, 0.7336, 0.7463, 0.7651]","[18831, 37989, 22059, 73640, 109097, 88333, 107674, 120229, 114626, 122818, 126193, 62379, 29483, 55599, 80741, 51275, 31994, 59038, 31587, 8689, 7077, 2120, 661, 358, 406, 329, 358, 619, 230, 190, 69, 155]","[-11.7506, -11.7534, -11.7396, -11.7689, -11.8142, -11.7954, -11.8249, -11.8612, -11.8506, -11.9015, -11.939, -11.7627, -11.7008, -11.7506, -11.8002, -11.7387, -11.6875, -11.756, -11.6599, -11.4928, -11.4625, -11.2499, -11.0594, -10.8519, -10.7463, -10.7604, -10.5193, -10.5977, -10.1874, -10.0039, -9.3425, -7.4196]",12463,216
GSM_005,arithmetic_reasoning,canonical,meta-llama/Llama-3.1-8B-Instruct,-1,32,"[0.858, 0.8475, 0.8872, 0.8914, 0.9178, 0.921, 0.9244, 0.9228, 0.9164, 0.9212, 0.9112, 0.8993, 0.9097, 0.8902, 0.8679, 0.8187, 0.8126, 0.8074, 0.8041, 0.8022, 0.7909, 0.7975, 0.7916, 0.7941, 0.7926, 0.7678, 0.7826, 0.7619, 0.7681, 0.7378, 0.7346, 0.7411]","[53098, 26179, 62431, 113179, 108399, 118766, 107794, 104201, 112336, 112615, 117336, 78083, 69319, 91958, 102783, 46514, 12917, 21056, 16863, 8076, 7961, 7398, 5225, 3617, 3089, 3567, 1163, 965, 329, 314, 199, 125]","[-11.7595, -11.7488, -11.7614, -11.8017, -11.8108, -11.8519, -11.8221, -11.8193, -11.8416, -11.8516, -11.8711, -11.7858, -11.7758, -11.8212, -11.8476, -11.729, -11.6112, -11.6344, -11.5865, -11.4846, -11.4663, -11.3864, -11.2863, -11.1535, -11.0516, -11.0906, -10.7163, -10.6798, -10.1823, -10.0538, -9.4402, -7.0346]",4370,54
GSM_006,arithmetic_reasoning,canonical,meta-llama/Llama-3.1-8B-Instruct,-1,32,"[0.9319, 0.9143, 0.93, 0.9173, 0.9402, 0.9413, 0.941, 0.9394, 0.9317, 0.9373, 0.9305, 0.9256, 0.9376, 0.9261, 0.9024, 0.8668, 0.851, 0.8326, 0.8281, 0.8202, 0.8123, 0.8179, 0.8144, 0.8109, 0.8102, 0.7848, 0.7866, 0.7653, 0.7513, 0.7184, 0.7155, 0.6931]","[121967, 85723, 70678, 113528, 84755, 68194, 40055, 47675, 103929, 87095, 65615, 41163, 100975, 77906, 52130, 91605, 44967, 46048, 50672, 23842, 8214, 7547, 6437, 3444, 8975, 9934, 10074, 1511, 1797, 2559, 944, 326]","[-11.7799, -11.7687, -11.7651, -11.802, -11.7834, -11.7692, -11.7357, -11.7445, -11.8226, -11.8011, -11.7678, -11.7301, -11.8398, -11.7924, -11.7445, -11.8316, -11.7218, -11.7192, -11.7245, -11.5934, -11.4588, -11.3732, -11.3101, -11.1546, -11.2524, -11.2686, -11.1848, -10.7633, -10.6081, -10.6473, -10.166, -8.4011]",22048,546
GSM_007,arithmetic_reasoning,canonical,meta-llama/Llama-3.1-8B-Instruct,-1,32,"[0.9058, 0.8893, 0.9096, 0.9158, 0.9291, 0.9258, 0.9288, 0.927, 0.9247, 0.9349, 0.9266, 0.9233, 0.9353, 0.9197, 0.9013, 0.8512, 0.8349, 0.8155, 0.818, 0.8227, 0.8173, 0.8294, 0.824, 0.8283, 0.8315, 0.8075, 0.8176, 0.8128, 0.8164, 0.7936, 0.7998, 0.8595]","[44848, 84607, 78228, 114716, 120761, 113883, 108969, 113999, 114111, 110946, 100044, 72789, 106164, 110258, 100218, 116299, 96031, 79448, 70516, 49434, 51282, 34854, 13172, 6687, 6853, 4730, 1085, 397, 168, 156, 115, 41]","[-11.7578, -11.7683, -11.7687, -11.8038, -11.8383, -11.8392, -11.8257, -11.8391, -11.8462, -11.8477, -11.8256, -11.778, -11.852, -11.8694, -11.8418, -11.9186, -11.8498, -11.8131, -11.7939, -11.7159, -11.7204, -11.621, -11.4238, -11.2518, -11.1874, -11.1445, -10.7233, -10.4762, -9.9594, -9.8777, -9.2818, -6.1372]",966,30
GSM_008,arithmetic_reasoning,canonical,meta-llama/Llama-3.1-8B-Instruct,-1,32,"[0.9471, 0.9322, 0.9377, 0.932, 0.9375, 0.9317, 0.9366, 0.9342, 0.9323, 0.9406, 0.9369, 0.9361, 0.9477, 0.929, 0.8965, 0.8633, 0.8428, 0.8352, 0.8128, 0.808, 0.7858, 0.788, 0.7738, 0.7684, 0.759, 0.7292, 0.7513, 0.7406, 0.7386, 0.7265, 0.7395, 0.7873]","[52019, 107019, 118958, 116083, 66111, 120187, 110739, 95935, 115038, 61276, 92455, 17289, 25678, 57703, 24760, 62288, 28021, 30988, 44524, 34374, 18364, 10130, 7965, 3222, 1415, 821, 92, 58, 42, 24, 13, 8]","[-11.7592, -11.7773, -11.797, -11.8054, -11.765, -11.8621, -11.8334, -11.8078, -11.8505, -11.7616, -11.8119, -11.6789, -11.691, -11.7549, -11.6838, -11.7641, -11.6748, -11.6703, -11.7067, -11.6577, -11.5647, -11.4398, -11.3502, -11.1584, -10.9645, -10.8775, -10.2304, -10.0463, -9.6397, -9.366, -8.434, -6.0722]",4278,102
GSM_009,arithmetic_reasoning,canonical,meta-llama/Llama-3.1-8B-Instruct,-1,32,"[0.9186, 0.9018, 0.9172, 0.9162, 0.9335, 0.924, 0.925, 0.9223, 0.9189, 0.93, 0.9196, 0.9148, 0.9273, 0.9019, 0.8743, 0.8378, 0.8363, 0.8323, 0.8289, 0.8362, 0.828, 0.8329, 0.8216, 0.8165, 0.8142, 0.7942, 0.8072, 0.7928, 0.8017, 0.7821, 0.7762, 0.7994]","[62914, 93607, 66267, 111290, 107806, 120518, 124467, 103393, 105074, 101436, 118107, 125708, 94235, 100109, 94998, 114958, 41473, 43284, 20692, 10654, 9353, 14112, 19014, 11104, 7091, 4655, 1629, 2237, 671, 225, 227, 226]","[-11.7615, -11.7716, -11.7631, -11.7991, -11.8116, -11.8632, -11.8818, -11.8194, -11.8272, -11.8282, -11.8756, -11.9287, -11.8215, -11.8395, -11.8285, -11.9109, -11.7135, -11.7113, -11.6012, -11.4963, -11.4723, -11.4648, -11.4863, -11.3464, -11.2075, -11.1383, -10.7708, -10.8304, -10.3608, -9.9092, -9.4607, -7.1746]",2491,49
GSM_010,arithmetic_reasoning,canonical,meta-llama/Llama-3.1-8B-Instruct,-1,32,"[0.9062, 0.8905, 0.9201, 0.9187, 0.9284, 0.9305, 0.9355, 0.9324, 0.9305, 0.9366, 0.9327, 0.9291, 0.9351, 0.9199, 0.8946, 0.8741, 0.8687, 0.855, 0.8592, 0.8567, 0.8503, 0.8525, 0.8539, 0.8518, 0.858, 0.8374, 0.8495, 0.8403, 0.8456, 0.8236, 0.8195, 0.8641]","[74733, 70508, 38505, 52546, 109105, 126011, 127370, 128033, 126509, 114554, 125962, 122499, 124903, 126032, 124817, 127133, 125129, 102910, 104372, 105607, 97204, 102737, 99228, 77172, 50683, 26748, 32399, 16574, 13179, 4979, 2318, 1023]","[-11.764, -11.7638, -11.7496, -11.755, -11.812, -11.8933, -11.9097, -11.9513, -11.9107, -11.8558, -11.9326, -11.8966, -11.9369, -11.9682, -11.959, -12.0397, -12.021, -11.8922, -11.9315, -11.9712, -11.9372, -12.0418, -12.0838, -11.9152, -11.703, -11.483, -11.5101, -11.2848, -11.1239, -10.7903, -10.4458, -8.7407]",19445,885
GSM_011,arithmetic_reasoning,canonical,meta-llama/Llama-3.1-8B-Instruct,-1,32,"[0.8821, 0.8664, 0.8986, 0.8948, 0.9183, 0.9174, 0.923, 0.9232, 0.9242, 0.9345, 0.9286, 0.927, 0.9389, 0.9183, 0.8836, 0.8609, 0.8546, 0.8494, 0.8603, 0.8609, 0.8533, 0.8561, 0.8502, 0.8575, 0.8586, 0.8401, 0.8519, 0.8445, 0.8498, 0.8314, 0.8229, 0.8537]","[63375, 44376, 48681, 94122, 113417, 104733, 110900, 96371, 82448, 109094, 68584, 98786, 118819, 103211, 46274, 55121, 36300, 60969, 43654, 22294, 17556, 17078, 7161, 8903, 11306, 7964, 3624, 13787, 2154, 938, 417, 281]","[-11.7617, -11.7555, -11.7548, -11.7829, -11.8205, -11.8191, -11.8299, -11.8063, -11.7885, -11.8429, -11.7726, -11.8212, -11.8973, -11.8457, -11.7335, -11.7481, -11.7005, -11.7607, -11.6994, -11.583, -11.5429, -11.4884, -11.3219, -11.2977, -11.2717, -11.2151, -10.944, -11.2356, -10.6008, -10.3572, -9.8132, -7.1765]",4218,86
GSM_012,arithmetic_reasoning,canonical,meta-llama/Llama-3.1-8B-Instruct,-1,32,"[0.8807, 0.869, 0.8997, 0.8936, 0.9103, 0.9151, 0.9253, 0.9248, 0.9215, 0.9327, 0.9288, 0.9275, 0.9405, 0.925, 0.8913, 0.8749, 0.8731, 0.8741, 0.8837, 0.8797, 0.8669, 0.8759, 0.8745, 0.8801, 0.8829, 0.8713, 0.8762, 0.8659, 0.8738, 0.8597, 0.8462, 0.8731]","[84031, 34824, 98544, 90119, 83896, 101787, 117742, 88392, 80863, 54332, 81582, 31364, 56411, 78278, 22589, 39369, 56666, 21410, 35488, 23001, 6707, 5133, 3227, 3459, 3822, 1505, 773, 773, 116, 52, 92, 395]","[-11.7661, -11.7522, -11.7797, -11.7799, -11.7813, -11.8129, -11.8457, -11.7945, -11.7861, -11.7512, -11.7929, -11.7122, -11.7536, -11.7921, -11.6778, -11.7129, -11.7506, -11.6365, -11.6757, -11.5951, -11.4535, -11.34, -11.2107, -11.1505, -11.0778, -10.9526, -10.6434, -10.6353, -9.8725, -9.4933, -8.9693, -7.1056]",5932,81
GSM_013,arithmetic_reasoning,canonical,meta-llama/Llama-3.1-8B-Instruct,-1,32,"[0.886, 0.8705, 0.9015, 0.8983, 0.9178, 0.9171, 0.9234, 0.9234, 0.9205, 0.9304, 0.9236, 0.9196, 0.9337, 0.9181, 0.8915, 0.8672, 0.8675, 0.8598, 0.8619, 0.8623, 0.8534, 0.8566, 0.8556, 0.8472, 0.8425, 0.8191, 0.8327, 0.8188, 0.8187, 0.7913, 0.7994, 0.8739]","[92990, 111740, 122390, 125534, 117913, 121510, 115317, 60502, 64104, 84732, 108736, 115621, 106179, 111340, 40563, 37013, 31383, 10704, 20427, 10518, 8555, 8640, 5369, 4191, 4910, 4058, 1037, 740, 376, 283, 222, 406]","[-11.7682, -11.7801, -11.8035, -11.8315, -11.8298, -11.8636, -11.8391, -11.7597, -11.7643, -11.7966, -11.8449, -11.8635, -11.8496, -11.87, -11.7225, -11.7081, -11.687, -11.5744, -11.6056, -11.5092, -11.4693, -11.4072, -11.2904, -11.179, -11.1402, -11.1302, -10.681, -10.5529, -10.1042, -10.0199, -9.4165, -7.0683]",1954,90
GSM_014,arithmetic_reasoning,canonical,meta-llama/Llama-3.1-8B-Instruct,-1,32,"[0.9027, 0.8875, 0.9084, 0.9129, 0.9356, 0.9327, 0.9366, 0.9338, 0.9257, 0.9257, 0.9151, 0.9092, 0.9231, 0.911, 0.8935, 0.8629, 0.864, 0.8645, 0.869, 0.86, 0.854, 0.8599, 0.8541, 0.861, 0.8588, 0.8443, 0.8544, 0.8451, 0.8543, 0.8376, 0.8464, 0.9112]","[74845, 71006, 47655, 70561, 81309, 101327, 94001, 85268, 70077, 76983, 84473, 68930, 70011, 77966, 29009, 43998, 9561, 2652, 6517, 11786, 3290, 5023, 1414, 1920, 2564, 1905, 445, 453, 88, 50, 48, 20]","[-11.764, -11.7639, -11.7545, -11.7668, -11.7793, -11.814, -11.8017, -11.7905, -11.7723, -11.7853, -11.7968, -11.7719, -11.7772, -11.7935, -11.694, -11.7236, -11.5953, -11.489, -11.5032, -11.533, -11.3937, -11.3503, -11.155, -11.0947, -11.0569, -11.0535, -10.6496, -10.5662, -9.8681, -9.6552, -8.967, -5.7307]",2031,70
GSM_015,arithmetic_reasoning,canonical,meta-llama/Llama-3.1-8B-Instruct,-1,32,"[0.8709, 0.8606, 0.8962, 0.8873, 0.9205, 0.9227, 0.928, 0.9262, 0.9274, 0.9363, 0.9321, 0.9283, 0.9389, 0.9214, 0.9085, 0.8895, 0.8798, 0.8591, 0.8589, 0.8657, 0.8565, 0.8645, 0.8629, 0.8624, 0.8599, 0.8388, 0.8466, 0.8254, 0.8267, 0.79, 0.7627, 0.7305]","[81873, 20154, 46852, 109670, 115858, 94089, 126911, 124113, 122401, 123713, 124222, 72417, 67984, 82752, 70098, 64821, 34997, 16808, 7599, 21958, 37106, 41243, 33547, 27102, 24273, 20380, 10452, 13923, 3997, 1478, 442, 229]","[-11.7656, -11.7461, -11.754, -11.7973, -11.8271, -11.8019, -11.9006, -11.8779, -11.8747, -11.8997, -11.9108, -11.778, -11.7734, -11.8009, -11.7783, -11.7684, -11.6961, -11.6119, -11.5071, -11.5824, -11.6547, -11.6585, -11.5991, -11.5305, -11.4711, -11.4367, -11.2096, -11.281, -10.8526, -10.6017, -9.9404, -7.6365]",18384,354
GSM_016,arithmetic_reasoning,canonical,meta-llama/Llama-3.1-8B-Instruct,-1,32,"[0.8741, 0.8632, 0.9047, 0.9021, 0.9223, 0.9266, 0.9344, 0.9322, 0.9317, 0.9343, 0.9335, 0.9281, 0.9367, 0.9132, 0.8846, 0.843, 0.8489, 0.8585, 0.8669, 0.8668, 0.8592, 0.8628, 0.8666, 0.8704, 0.8771, 0.8611, 0.8673, 0.8637, 0.8764, 0.8673, 0.8805, 0.9269]","[43222, 6368, 62824, 110613, 90730, 123090, 106170, 102128, 93359, 115467, 104079, 99271, 99223, 105375, 120306, 113802, 68181, 34456, 42619, 42153, 49343, 48221, 37122, 20033, 17248, 18656, 5560, 1641, 347, 412, 468, 994]","[-11.7573, -11.7347, -11.7615, -11.7977, -11.7883, -11.8723, -11.8209, -11.8159, -11.8043, -11.8585, -11.8348, -11.8215, -11.8313, -11.8553, -11.9158, -11.8965, -11.7771, -11.686, -11.7, -11.6889, -11.7147, -11.6979, -11.6225, -11.464, -11.3911, -11.4418, -11.1189, -10.8448, -10.2606, -10.2765, -9.7865, -8.7506]",20,5
GSM_017,arithmetic_reasoning,canonical,meta-llama/Llama-3.1-8B-Instruct,-1,32,"[0.8732, 0.8607, 0.8978, 0.8773, 0.918, 0.9204, 0.9239, 0.9234, 0.9156, 0.9236, 0.9178, 0.9071, 0.9207, 0.9092, 0.8887, 0.8497, 0.843, 0.8252, 0.8211, 0.8151, 0.8014, 0.7951, 0.7966, 0.7798, 0.7705, 0.7413, 0.7485, 0.7256, 0.7424, 0.7097, 0.7166, 0.7742]","[115350, 112584, 90148, 116018, 102656, 100129, 119591, 121203, 119971, 67030, 95202, 46107, 111714, 124556, 122143, 123872, 113695, 125482, 109294, 103964, 114830, 92899, 84864, 88540, 88805, 82203, 64505, 48173, 35850, 24392, 8836, 951]","[-11.7757, -11.7804, -11.7751, -11.8055, -11.8037, -11.8112, -11.851, -11.8634, -11.8654, -11.7698, -11.8169, -11.7384, -11.8675, -11.9488, -11.9284, -11.9725, -11.9214, -12.0788, -11.9715, -11.9722, -12.0781, -11.9617, -11.9401, -12.0035, -12.0604, -11.9866, -11.8677, -11.7074, -11.5626, -11.3928, -10.9497, -8.3964]",20275,922
GSM_018,arithmetic_reasoning,canonical,meta-llama/Llama-3.1-8B-Instruct,-1,32,"[0.9213, 0.9082, 0.9309, 0.9256, 0.9348, 0.9319, 0.9325, 0.9333, 0.9373, 0.9449, 0.9446, 0.9427, 0.9546, 0.9418, 0.9189, 0.8678, 0.8605, 0.8451, 0.8545, 0.8526, 0.8476, 0.8509, 0.8486, 0.8514, 0.8516, 0.8334, 0.8409, 0.8231, 0.831, 0.8152, 0.7996, 0.8048]","[57782, 61436, 58233, 81063, 84147, 123701, 113169, 120701, 97338, 90966, 53712, 18437, 31160, 86822, 52962, 20838, 3722, 5534, 18970, 11390, 11781, 11308, 3771, 3007, 3437, 4883, 3092, 699, 238, 135, 163, 119]","[-11.7605, -11.761, -11.7594, -11.7738, -11.7829, -11.8794, -11.8361, -11.8634, -11.8107, -11.8068, -11.7495, -11.682, -11.7034, -11.8118, -11.7459, -11.6619, -11.5359, -11.5296, -11.5948, -11.5179, -11.5083, -11.4445, -11.2439, -11.1443, -11.0883, -11.1245, -10.9231, -10.6037, -10.0239, -9.6972, -9.2374, -6.958]",1691,21
GSM_019,arithmetic_reasoning,canonical,meta-llama/Llama-3.1-8B-Instruct,-1,32,"[0.8847, 0.8753, 0.9119, 0.9067, 0.9178, 0.9188, 0.9282, 0.9242, 0.9216, 0.9273, 0.9254, 0.9204, 0.9305, 0.9048, 0.8665, 0.8217, 0.8222, 0.8222, 0.823, 0.8254, 0.8205, 0.8296, 0.8284, 0.8424, 0.8493, 0.8315, 0.8505, 0.8452, 0.8608, 0.839, 0.8442, 0.9015]","[12565, 12288, 66145, 104945, 100955, 117356, 116152, 107901, 113784, 126861, 104556, 98414, 95175, 67982, 38022, 14858, 36267, 18753, 13729, 11840, 10726, 9624, 2458, 846, 339, 224, 49, 23, 19, 14, 13, 9]","[-11.7479, -11.7407, -11.7632, -11.7934, -11.802, -11.8474, -11.8421, -11.8267, -11.8462, -11.941, -11.8346, -11.8203, -11.8222, -11.7735, -11.7169, -11.6413, -11.7009, -11.624, -11.5659, -11.5252, -11.5017, -11.4318, -11.2043, -10.9422, -10.6751, -10.7181, -10.1584, -9.7877, -9.1909, -9.0396, -8.3435, -5.5213]",18,3
GSM_020,arithmetic_reasoning,canonical,meta-llama/Llama-3.1-8B-Instruct,-1,32,"[0.9028, 0.8881, 0.915, 0.9095, 0.9216, 0.9213, 0.9252, 0.9281, 0.9281, 0.9404, 0.9367, 0.9334, 0.9436, 0.928, 0.8949, 0.8612, 0.8583, 0.841, 0.8412, 0.8414, 0.8303, 0.8406, 0.8458, 0.848, 0.8371, 0.8056, 0.817, 0.7998, 0.8069, 0.7831, 0.7623, 0.8052]","[25782, 29409, 46846, 68788, 50725, 114120, 117115, 117520, 110475, 67662, 58672, 76866, 70972, 97086, 49169, 60209, 50977, 50635, 48840, 45117, 44737, 16806, 16976, 10347, 8819, 16163, 5049, 3475, 853, 461, 420, 636]","[-11.7528, -11.7503, -11.7542, -11.7655, -11.7513, -11.8383, -11.8428, -11.8478, -11.8353, -11.7708, -11.7575, -11.7846, -11.7789, -11.8332, -11.7387, -11.7597, -11.7379, -11.7338, -11.719, -11.6957, -11.6895, -11.4813, -11.4356, -11.2943, -11.2091, -11.3535, -10.9937, -10.8921, -10.3521, -10.128, -9.6805, -7.5306]",1187,24
GSM_041,arithmetic_reasoning,canonical,meta-llama/Llama-3.1-8B-Instruct,-1,32,"[0.9252, 0.9221, 0.9475, 0.945, 0.962, 0.9658, 0.9685, 0.9672, 0.9604, 0.9609, 0.9622, 0.9589, 0.9664, 0.9615, 0.9561, 0.9404, 0.9437, 0.9376, 0.9437, 0.9381, 0.9337, 0.9385, 0.938, 0.9406, 0.9397, 0.9326, 0.9355, 0.9267, 0.9213, 0.909, 0.9003, 0.9161]","[4599, 28874, 51519, 38033, 49184, 95103, 70015, 71610, 78678, 42244, 60893, 54607, 64921, 91157, 62871, 75662, 36621, 34593, 29462, 9437, 8875, 3511, 438, 282, 499, 243, 115, 55, 162, 93, 122, 125]","[-11.7417, -11.7497, -11.7563, -11.7451, -11.7494, -11.8038, -11.7716, -11.7738, -11.7842, -11.7331, -11.761, -11.7515, -11.7679, -11.8181, -11.764, -11.7913, -11.7012, -11.6849, -11.6513, -11.5054, -11.4896, -11.3092, -10.9812, -10.8093, -10.7618, -10.6968, -10.3095, -10.0574, -9.894, -9.5698, -8.9057, -5.9435]",3965,150
GSM_042,arithmetic_reasoning,canonical,meta-llama/Llama-3.1-8B-Instruct,-1,32,"[0.927, 0.9245, 0.9423, 0.9441, 0.9594, 0.9633, 0.9661, 0.9671, 0.9637, 0.9645, 0.9629, 0.959, 0.969, 0.9554, 0.9476, 0.9382, 0.9394, 0.9367, 0.9367, 0.9387, 0.937, 0.94, 0.9334, 0.9383, 0.9387, 0.9323, 0.9387, 0.9299, 0.9156, 0.8963, 0.896, 0.9286]","[102881, 73790, 28194, 36385, 67665, 107165, 94823, 107193, 60918, 84128, 39294, 58335, 113321, 125574, 73668, 105090, 123718, 117948, 114090, 107248, 86416, 75178, 37520, 26430, 22964, 12223, 4058, 1969, 247, 358, 85, 14]","[-11.7711, -11.7648, -11.744, -11.7442, -11.7665, -11.8231, -11.8031, -11.8251, -11.7604, -11.7966, -11.7264, -11.7567, -11.8735, -11.9559, -11.7848, -11.87, -11.9988, -11.9813, -11.9977, -11.9942, -11.8826, -11.8521, -11.6101, -11.4972, -11.4312, -11.3024, -10.9327, -10.7642, -10.166, -10.1457, -9.2966, -5.9315]",16544,282
GSM_043,arithmetic_reasoning,canonical,meta-llama/Llama-3.1-8B-Instruct,-1,32,"[0.9277, 0.9257, 0.943, 0.9444, 0.9592, 0.9632, 0.966, 0.9663, 0.9629, 0.9629, 0.9621, 0.958, 0.9668, 0.9571, 0.9509, 0.9227, 0.9076, 0.9049, 0.9132, 0.9125, 0.9118, 0.9159, 0.9187, 0.9222, 0.9229, 0.9147, 0.928, 0.9183, 0.8965, 0.8792, 0.8814, 0.9227]","[55865, 19905, 75336, 120740, 93611, 124906, 124814, 89209, 81048, 119332, 117237, 117926, 116180, 113413, 114288, 86145, 5432, 13163, 12704, 18202, 15392, 937, 681, 535, 464, 266, 214, 288, 242, 95, 58, 82]","[-11.7601, -11.7459, -11.7672, -11.8139, -11.7918, -11.8854, -11.8822, -11.7967, -11.7877, -11.8792, -11.8745, -11.8753, -11.887, -11.8809, -11.8864, -11.8187, -11.5513, -11.5947, -11.5589, -11.566, -11.542, -11.1755, -11.048, -10.868, -10.7077, -10.5984, -10.2791, -10.3502, -10.0968, -9.6206, -9.1258, -6.5057]",23,8
GSM_044,arithmetic_reasoning,canonical,meta-llama/Llama-3.1-8B-Instruct,-1,32,"[0.9032, 0.8994, 0.9311, 0.9297, 0.9518, 0.9594, 0.964, 0.9632, 0.958, 0.9594, 0.955, 0.947, 0.9579, 0.9346, 0.915, 0.9015, 0.9075, 0.9113, 0.9205, 0.9191, 0.914, 0.9199, 0.9156, 0.9239, 0.9285, 0.9216, 0.9304, 0.9274, 0.9234, 0.9132, 0.9019, 0.9215]","[83526, 65222, 78200, 117738, 93337, 91281, 94099, 105412, 56149, 35896, 58598, 87192, 98582, 71252, 73447, 33562, 5216, 8749, 9599, 4339, 4417, 1317, 973, 668, 515, 295, 158, 275, 704, 393, 242, 143]","[-11.766, -11.7621, -11.7687, -11.8073, -11.791, -11.7974, -11.8008, -11.821, -11.7543, -11.7221, -11.7569, -11.8004, -11.83, -11.7791, -11.7831, -11.7004, -11.5504, -11.5622, -11.5347, -11.4339, -11.4258, -11.2217, -11.1222, -10.9585, -10.7787, -10.7481, -10.3466, -10.4047, -10.3731, -10.1508, -9.5359, -6.2024]",2946,59
GSM_045,arithmetic_reasoning,canonical,meta-llama/Llama-3.1-8B-Instruct,-1,32,"[0.9199, 0.9133, 0.9343, 0.9321, 0.9506, 0.959, 0.964, 0.965, 0.9606, 0.9607, 0.9558, 0.9492, 0.9606, 0.9447, 0.9333, 0.9105, 0.9064, 0.9054, 0.9132, 0.9096, 0.9014, 0.9086, 0.9117, 0.9188, 0.9222, 0.9179, 0.9259, 0.9219, 0.9275, 0.9175, 0.904, 0.9189]","[30775, 45094, 50825, 93319, 70317, 64553, 9696, 3875, 10807, 19860, 33161, 8877, 19576, 6428, 477, 989, 144, 1573, 520, 523, 251, 237, 503, 350, 715, 236, 651, 1604, 2113, 1477, 503, 255]","[-11.7544, -11.7559, -11.756, -11.7821, -11.7687, -11.7647, -11.6768, -11.643, -11.6714, -11.6882, -11.7153, -11.651, -11.6748, -11.6108, -11.4907, -11.4887, -11.3904, -11.447, -11.32, -11.2545, -11.1703, -11.0037, -10.9649, -10.7654, -10.751, -10.548, -10.4885, -10.6566, -10.5462, -10.407, -9.8453, -7.2594]",7261,112
GSM_046,arithmetic_reasoning,canonical,meta-llama/Llama-3.1-8B-Instruct,-1,32,"[0.9184, 0.9119, 0.9365, 0.934, 0.9549, 0.9558, 0.9544, 0.9536, 0.9503, 0.9503, 0.9482, 0.942, 0.9482, 0.9195, 0.8937, 0.8858, 0.8922, 0.8934, 0.9022, 0.8996, 0.8942, 0.8972, 0.8996, 0.9031, 0.9059, 0.895, 0.9062, 0.903, 0.9116, 0.895, 0.8984, 0.9346]","[94756, 59902, 12000, 27740, 65175, 117386, 122165, 108191, 58346, 42833, 72577, 35133, 18091, 17405, 27600, 3924, 2439, 36418, 27148, 22338, 13905, 33276, 22131, 15736, 5534, 7238, 1625, 2019, 266, 108, 251, 171]","[-11.7687, -11.7605, -11.7303, -11.7372, -11.7641, -11.8491, -11.863, -11.8268, -11.7571, -11.7332, -11.7792, -11.7204, -11.6729, -11.6656, -11.6938, -11.5612, -11.5101, -11.6901, -11.6396, -11.6003, -11.532, -11.6194, -11.5137, -11.4078, -11.1758, -11.241, -10.8539, -10.8575, -10.1374, -9.8096, -9.6183, -6.4539]",7994,121
GSM_047,arithmetic_reasoning,canonical,meta-llama/Llama-3.1-8B-Instruct,-1,32,"[0.9221, 0.9121, 0.9355, 0.9352, 0.957, 0.9628, 0.963, 0.9607, 0.9564, 0.9584, 0.9576, 0.9537, 0.9635, 0.9604, 0.9533, 0.9363, 0.9317, 0.9248, 0.9273, 0.9236, 0.9161, 0.919, 0.914, 0.9159, 0.9155, 0.9002, 0.9041, 0.8944, 0.8867, 0.8698, 0.8623, 0.876]","[99222, 94650, 92638, 108377, 73224, 62241, 57761, 47433, 49153, 22461, 52386, 53588, 47950, 85113, 21455, 86670, 16471, 24393, 15366, 9843, 5343, 12911, 2739, 7279, 9502, 4944, 2168, 2908, 4366, 1148, 755, 445]","[-11.7697, -11.772, -11.7761, -11.7977, -11.7722, -11.7621, -11.7566, -11.7438, -11.7444, -11.6918, -11.7472, -11.7494, -11.738, -11.8065, -11.6737, -11.8191, -11.6255, -11.6482, -11.572, -11.4933, -11.4188, -11.4568, -11.1997, -11.258, -11.2349, -11.1283, -10.8324, -10.8603, -10.81, -10.4113, -10.06, -7.7062]",15633,510
GSM_048,arithmetic_reasoning,canonical,meta-llama/Llama-3.1-8B-Instruct,-1,32,"[0.9006, 0.8979, 0.9305, 0.9275, 0.9513, 0.9612, 0.9641, 0.962, 0.9567, 0.9564, 0.9544, 0.9489, 0.9596, 0.9529, 0.9394, 0.9231, 0.9234, 0.9187, 0.9207, 0.9153, 0.9082, 0.9086, 0.9053, 0.9037, 0.9022, 0.8793, 0.8848, 0.8719, 0.8584, 0.8382, 0.8376, 0.8354]","[98889, 90359, 73786, 113960, 112435, 88766, 124751, 106450, 125296, 119184, 115133, 49300, 85013, 125523, 104163, 60774, 27235, 53873, 48828, 46901, 21510, 29716, 10496, 3748, 3892, 3436, 2786, 722, 2627, 628, 243, 75]","[-11.7698, -11.7705, -11.7667, -11.8025, -11.818, -11.7945, -11.8768, -11.8239, -11.8952, -11.8719, -11.8611, -11.743, -11.8034, -11.9565, -11.8516, -11.7603, -11.671, -11.7422, -11.7217, -11.7062, -11.58, -11.5909, -11.3878, -11.1907, -11.1261, -11.1101, -10.9463, -10.6865, -10.7262, -10.2864, -9.6313, -7.2105]",11056,206
GSM_049,arithmetic_reasoning,canonical,meta-llama/Llama-3.1-8B-Instruct,-1,32,"[0.8965, 0.8913, 0.9228, 0.9244, 0.9494, 0.9523, 0.9534, 0.955, 0.947, 0.9539, 0.9551, 0.9508, 0.9597, 0.9503, 0.9323, 0.9113, 0.9098, 0.9074, 0.9102, 0.9052, 0.9021, 0.9095, 0.9087, 0.91, 0.9131, 0.8989, 0.9055, 0.8963, 0.8959, 0.8857, 0.8842, 0.9034]","[108815, 88683, 88398, 109179, 109817, 121075, 126027, 123622, 125334, 119324, 126761, 123962, 108194, 102734, 24603, 28390, 12745, 5184, 4485, 2927, 3423, 6504, 4635, 2394, 2748, 1011, 647, 877, 1785, 742, 229, 206]","[-11.7729, -11.7698, -11.7738, -11.7964, -11.8138, -11.8627, -11.8892, -11.8778, -11.895, -11.8754, -11.9438, -11.9054, -11.8558, -11.8457, -11.6842, -11.6836, -11.6073, -11.5223, -11.4681, -11.3962, -11.3877, -11.3783, -11.2837, -11.1203, -11.057, -10.9241, -10.6836, -10.7137, -10.6345, -10.3503, -9.5718, -6.9907]",11256,178
GSM_050,arithmetic_reasoning,canonical,meta-llama/Llama-3.1-8B-Instruct,-1,32,"[0.9401, 0.9364, 0.9527, 0.9492, 0.9627, 0.9642, 0.9653, 0.9684, 0.9654, 0.9637, 0.9587, 0.952, 0.9617, 0.9581, 0.9512, 0.9376, 0.9373, 0.9288, 0.9313, 0.9192, 0.9139, 0.9164, 0.9143, 0.9149, 0.9173, 0.9084, 0.9141, 0.9063, 0.8993, 0.8862, 0.8828, 0.8981]","[91437, 76725, 75587, 99358, 105789, 87722, 100270, 90182, 106179, 78538, 38937, 34086, 30334, 100305, 58430, 96357, 25041, 33123, 52304, 39278, 31998, 30586, 25044, 16119, 15185, 13064, 3093, 1586, 126, 153, 116, 22]","[-11.7678, -11.7657, -11.7674, -11.787, -11.8079, -11.793, -11.8102, -11.7964, -11.8287, -11.7875, -11.7258, -11.7182, -11.7029, -11.8409, -11.756, -11.8431, -11.6656, -11.6825, -11.7339, -11.6788, -11.6424, -11.6076, -11.5492, -11.4348, -11.3795, -11.3531, -10.9786, -10.8356, -9.8863, -9.917, -9.3214, -6.0463]",508,20
GSM_051,arithmetic_reasoning,canonical,meta-llama/Llama-3.1-8B-Instruct,-1,32,"[0.955, 0.9462, 0.9587, 0.9483, 0.9618, 0.965, 0.968, 0.9662, 0.9635, 0.9662, 0.9636, 0.9573, 0.9647, 0.948, 0.93, 0.9149, 0.9096, 0.9072, 0.9078, 0.9118, 0.9058, 0.9014, 0.9012, 0.8978, 0.9004, 0.8889, 0.8924, 0.8876, 0.8839, 0.8742, 0.8788, 0.9081]","[74264, 34723, 85789, 114172, 110253, 121456, 116130, 114660, 106170, 73063, 94944, 111007, 95779, 122111, 120091, 97662, 65988, 57365, 66501, 41710, 40882, 21776, 11417, 11235, 11488, 7513, 5860, 1556, 397, 216, 99, 35]","[-11.7639, -11.7522, -11.7726, -11.8031, -11.8148, -11.8653, -11.844, -11.8428, -11.8272, -11.7789, -11.8157, -11.8485, -11.8231, -11.9169, -11.9077, -11.847, -11.7728, -11.75, -11.7792, -11.6799, -11.6687, -11.5248, -11.4009, -11.3477, -11.3028, -11.2333, -11.0627, -10.7308, -10.1385, -9.8535, -8.9432, -6.1312]",4146,256
GSM_052,arithmetic_reasoning,canonical,meta-llama/Llama-3.1-8B-Instruct,-1,32,"[0.9555, 0.948, 0.957, 0.9512, 0.9604, 0.961, 0.9617, 0.9604, 0.9566, 0.9565, 0.9566, 0.9547, 0.9655, 0.958, 0.9576, 0.9491, 0.9491, 0.9427, 0.9433, 0.9385, 0.9331, 0.933, 0.9322, 0.9296, 0.9308, 0.927, 0.9274, 0.9165, 0.9098, 0.8969, 0.8882, 0.8846]","[55905, 23496, 24099, 87502, 68013, 85254, 104088, 106167, 51814, 77983, 73230, 63869, 56922, 61686, 70029, 57992, 10675, 2843, 4112, 6409, 1144, 2812, 1819, 1256, 963, 394, 117, 115, 116, 86, 91, 63]","[-11.7601, -11.7478, -11.7413, -11.7784, -11.767, -11.7908, -11.8184, -11.8255, -11.748, -11.7865, -11.779, -11.7649, -11.7542, -11.7623, -11.7787, -11.755, -11.6015, -11.4855, -11.4569, -11.4662, -11.2927, -11.266, -11.1257, -11.0103, -10.8769, -10.7213, -10.2433, -10.2207, -9.8484, -9.6278, -9.1199, -7.0914]",2075,75
GSM_053,arithmetic_reasoning,canonical,meta-llama/Llama-3.1-8B-Instruct,-1,32,"[0.9325, 0.9204, 0.9388, 0.9343, 0.9483, 0.9548, 0.9566, 0.9548, 0.9514, 0.9545, 0.9527, 0.9464, 0.9552, 0.9373, 0.9154, 0.8913, 0.8778, 0.8622, 0.8696, 0.8552, 0.8479, 0.849, 0.8496, 0.8508, 0.8498, 0.8341, 0.8416, 0.8249, 0.8333, 0.8188, 0.8267, 0.839]","[122437, 84573, 110710, 105865, 80449, 66662, 69727, 91982, 79600, 33109, 37643, 45064, 35024, 25185, 44815, 36962, 21302, 61847, 34844, 16058, 23290, 30285, 28970, 15916, 14357, 4546, 3011, 3296, 1982, 2901, 479, 65]","[-11.7804, -11.7685, -11.7882, -11.7939, -11.7792, -11.7676, -11.7712, -11.8005, -11.7845, -11.717, -11.7243, -11.7371, -11.7148, -11.6872, -11.7304, -11.7091, -11.6556, -11.7639, -11.6758, -11.5683, -11.5986, -11.6069, -11.576, -11.4315, -11.3681, -11.166, -10.9476, -10.9492, -10.6511, -10.7261, -9.8702, -6.884]",19166,378
GSM_054,arithmetic_reasoning,canonical,meta-llama/Llama-3.1-8B-Instruct,-1,32,"[0.9079, 0.9027, 0.9343, 0.9351, 0.9531, 0.954, 0.9556, 0.9538, 0.9522, 0.9566, 0.9529, 0.9466, 0.9544, 0.9356, 0.9103, 0.8969, 0.894, 0.8833, 0.8869, 0.8852, 0.883, 0.8885, 0.8855, 0.886, 0.8893, 0.8743, 0.8835, 0.8752, 0.8827, 0.8687, 0.8647, 0.8498]","[15011, 35232, 47038, 53202, 27089, 89928, 83254, 69818, 69428, 75599, 78357, 25948, 28142, 10983, 9728, 11263, 4369, 5537, 6021, 2472, 1836, 1892, 2505, 2352, 3243, 4658, 1376, 364, 279, 190, 167, 49]","[-11.749, -11.7526, -11.7541, -11.7555, -11.7249, -11.7971, -11.7873, -11.7712, -11.7713, -11.7829, -11.7879, -11.7018, -11.6987, -11.637, -11.6279, -11.6186, -11.5377, -11.5203, -11.4857, -11.3671, -11.3036, -11.2065, -11.1804, -11.0874, -11.0476, -11.1062, -10.7364, -10.4504, -10.0711, -9.8151, -9.2957, -6.9888]",845,16
GSM_055,arithmetic_reasoning,canonical,meta-llama/Llama-3.1-8B-Instruct,-1,32,"[0.9195, 0.918, 0.9415, 0.9387, 0.9573, 0.9626, 0.9651, 0.9636, 0.9592, 0.9575, 0.9539, 0.9459, 0.957, 0.9443, 0.9326, 0.9057, 0.9062, 0.8997, 0.9058, 0.8972, 0.8851, 0.8934, 0.8927, 0.8979, 0.9024, 0.8873, 0.8962, 0.882, 0.8791, 0.8638, 0.8509, 0.8686]","[57683, 24872, 51074, 108418, 56358, 106359, 80107, 30879, 46928, 98239, 51913, 41608, 39633, 86435, 98711, 61311, 10353, 15502, 21602, 15303, 22098, 27310, 23403, 13592, 7541, 5566, 1257, 481, 140, 342, 109, 91]","[-11.7604, -11.7482, -11.756, -11.7956, -11.7561, -11.8214, -11.7828, -11.7212, -11.7418, -11.8195, -11.7474, -11.7324, -11.7239, -11.8078, -11.8359, -11.7617, -11.5952, -11.6067, -11.6141, -11.5491, -11.5856, -11.5766, -11.5197, -11.3799, -11.2266, -11.192, -10.7923, -10.6193, -10.0641, -10.1696, -9.307, -6.7423]",21,6
GSM_056,arithmetic_reasoning,canonical,meta-llama/Llama-3.1-8B-Instruct,-1,32,"[0.9196, 0.9129, 0.9403, 0.938, 0.9562, 0.9619, 0.9649, 0.9639, 0.9568, 0.9558, 0.9504, 0.9409, 0.9514, 0.9348, 0.9206, 0.9065, 0.9155, 0.913, 0.9177, 0.9125, 0.9054, 0.9103, 0.9054, 0.9083, 0.9079, 0.8949, 0.9077, 0.9019, 0.9054, 0.8948, 0.889, 0.9087]","[51266, 41135, 101314, 110277, 94494, 116504, 111287, 114559, 76483, 30748, 61837, 74855, 48377, 35395, 7853, 25459, 5298, 9405, 9237, 2499, 1632, 4278, 4616, 1846, 2703, 837, 555, 517, 146, 161, 114, 180]","[-11.7591, -11.7545, -11.7816, -11.7982, -11.7928, -11.8448, -11.8294, -11.8429, -11.781, -11.7137, -11.7621, -11.7805, -11.7393, -11.7098, -11.6151, -11.6769, -11.5581, -11.5658, -11.5246, -11.3857, -11.3246, -11.3308, -11.2782, -11.072, -11.0349, -10.8763, -10.6058, -10.5474, -9.948, -9.8811, -9.1462, -6.6538]",3076,69
GSM_057,arithmetic_reasoning,canonical,meta-llama/Llama-3.1-8B-Instruct,-1,32,"[0.9008, 0.9019, 0.9302, 0.9335, 0.9549, 0.9594, 0.9602, 0.9599, 0.9561, 0.9576, 0.956, 0.9506, 0.9595, 0.9573, 0.9533, 0.9307, 0.9314, 0.9191, 0.9289, 0.92, 0.9169, 0.9163, 0.9137, 0.9141, 0.9149, 0.9085, 0.909, 0.8941, 0.8918, 0.878, 0.8583, 0.864]","[92691, 50531, 103621, 124142, 123667, 123755, 124613, 106882, 107769, 96069, 68527, 70335, 93183, 105477, 105588, 60626, 64812, 46810, 44239, 27624, 20135, 10147, 5612, 8203, 10761, 13865, 5650, 6044, 1985, 462, 376, 362]","[-11.768, -11.7575, -11.7828, -11.8233, -11.851, -11.8768, -11.8779, -11.8245, -11.831, -11.816, -11.7723, -11.7743, -11.821, -11.8569, -11.8569, -11.7611, -11.7702, -11.7219, -11.704, -11.6213, -11.569, -11.4283, -11.2973, -11.2972, -11.2801, -11.3358, -11.0597, -11.0764, -10.6528, -10.1701, -9.5646, -7.4788]",5833,84
GSM_058,arithmetic_reasoning,canonical,meta-llama/Llama-3.1-8B-Instruct,-1,32,"[0.9001, 0.8972, 0.9291, 0.9283, 0.9513, 0.9558, 0.9565, 0.9593, 0.9548, 0.961, 0.9614, 0.96, 0.9678, 0.9609, 0.9583, 0.9536, 0.9552, 0.9571, 0.9619, 0.9602, 0.9596, 0.9604, 0.9601, 0.961, 0.9618, 0.9562, 0.9566, 0.9488, 0.9484, 0.9398, 0.9315, 0.935]","[119468, 84147, 64710, 115048, 126897, 120515, 108984, 123457, 94286, 29426, 89031, 2111, 112300, 113066, 102304, 88190, 83064, 39615, 47368, 29010, 17859, 24328, 16155, 11215, 6136, 4154, 2572, 2609, 1541, 1427, 1254, 728]","[-11.7781, -11.7683, -11.7624, -11.8056, -11.8798, -11.8622, -11.8266, -11.8778, -11.8052, -11.7109, -11.8046, -11.5964, -11.8701, -11.8795, -11.8456, -11.8208, -11.8158, -11.6994, -11.7144, -11.624, -11.5475, -11.5523, -11.4589, -11.3582, -11.2043, -11.1434, -10.9271, -10.9257, -10.6141, -10.597, -10.3072, -7.6225]",15935,285
GSM_059,arithmetic_reasoning,canonical,meta-llama/Llama-3.1-8B-Instruct,-1,32,"[0.9042, 0.9066, 0.9395, 0.9355, 0.9508, 0.9595, 0.9629, 0.9596, 0.9562, 0.9509, 0.9443, 0.9325, 0.9437, 0.925, 0.9078, 0.9081, 0.9093, 0.9115, 0.9166, 0.9159, 0.911, 0.9106, 0.9032, 0.9068, 0.9005, 0.8813, 0.8878, 0.8799, 0.8835, 0.8692, 0.8583, 0.8845]","[53247, 75200, 104748, 116189, 117181, 109332, 115277, 109639, 94247, 42849, 62253, 61398, 70142, 98546, 67961, 44673, 13244, 6752, 1071, 805, 879, 1220, 337, 183, 163, 133, 101, 46, 26, 25, 35, 37]","[-11.7596, -11.7653, -11.7846, -11.806, -11.8289, -11.8261, -11.8386, -11.8296, -11.8054, -11.7336, -11.7626, -11.7612, -11.7767, -11.8347, -11.7744, -11.7267, -11.6164, -11.5412, -11.3748, -11.2991, -11.2901, -11.2182, -11.0107, -10.7818, -10.5902, -10.691, -10.2713, -9.9787, -9.3561, -9.0712, -8.4613, -5.2232]",1682,29
GSM_060,arithmetic_reasoning,canonical,meta-llama/Llama-3.1-8B-Instruct,-1,32,"[0.9077, 0.9044, 0.9359, 0.9357, 0.9557, 0.9611, 0.9639, 0.9641, 0.957, 0.9565, 0.9554, 0.9527, 0.9627, 0.9568, 0.9413, 0.9178, 0.9097, 0.904, 0.9162, 0.9102, 0.9032, 0.9015, 0.8976, 0.901, 0.9019, 0.8931, 0.8976, 0.8902, 0.8847, 0.8679, 0.8525, 0.8335]","[89186, 100177, 102147, 75879, 78428, 93714, 121334, 118861, 117683, 107349, 100703, 96447, 62109, 68330, 96234, 92093, 74243, 48042, 29813, 11247, 8167, 13494, 6483, 4709, 3660, 2416, 979, 562, 306, 145, 77, 28]","[-11.7674, -11.7743, -11.7821, -11.77, -11.7762, -11.8007, -11.8588, -11.854, -11.856, -11.8365, -11.8275, -11.8165, -11.7633, -11.7747, -11.8309, -11.8293, -11.7947, -11.7253, -11.6454, -11.5086, -11.4567, -11.4482, -11.2937, -11.1868, -11.0666, -10.9819, -10.6715, -10.5006, -10.0699, -9.7092, -8.9314, -6.4833]",2790,46
GSM_061,arithmetic_reasoning,canonical,meta-llama/Llama-3.1-8B-Instruct,-1,32,"[0.9199, 0.9175, 0.9423, 0.9385, 0.9573, 0.9622, 0.9654, 0.9652, 0.9624, 0.9637, 0.9608, 0.9566, 0.9637, 0.952, 0.9484, 0.9314, 0.9247, 0.9153, 0.9196, 0.914, 0.9122, 0.9137, 0.9106, 0.9127, 0.9162, 0.9084, 0.9142, 0.9057, 0.8946, 0.8839, 0.877, 0.8511]","[50951, 83919, 51227, 25025, 24624, 45049, 64648, 93799, 96898, 64175, 124420, 67132, 72475, 105820, 105839, 117332, 51164, 63676, 29407, 33826, 26548, 14261, 4286, 4659, 11608, 12985, 4719, 4892, 4728, 3259, 1540, 304]","[-11.759, -11.7682, -11.7562, -11.7343, -11.7226, -11.7406, -11.7649, -11.8017, -11.8099, -11.7658, -11.9132, -11.7696, -11.7812, -11.8578, -11.856, -11.9209, -11.7386, -11.768, -11.6517, -11.6549, -11.6092, -11.4786, -11.2771, -11.2227, -11.3027, -11.321, -11.0005, -10.9841, -10.8503, -10.7016, -10.326, -7.7494]",12819,420
GSM_062,arithmetic_reasoning,canonical,meta-llama/Llama-3.1-8B-Instruct,-1,32,"[0.8934, 0.8905, 0.9283, 0.9258, 0.952, 0.9564, 0.9592, 0.9602, 0.9541, 0.9525, 0.9529, 0.9493, 0.9571, 0.9513, 0.9419, 0.9129, 0.9072, 0.8951, 0.9029, 0.8967, 0.8907, 0.8888, 0.8884, 0.8853, 0.8805, 0.8595, 0.86, 0.8419, 0.8475, 0.8235, 0.812, 0.8054]","[26455, 50574, 69288, 100784, 86914, 60345, 12699, 11159, 21055, 39671, 35191, 7612, 9993, 10594, 4233, 670, 47, 383, 1026, 1931, 771, 376, 704, 1063, 499, 244, 151, 170, 121, 92, 116, 173]","[-11.7529, -11.7575, -11.7646, -11.788, -11.7852, -11.7596, -11.6858, -11.6774, -11.6985, -11.7288, -11.7195, -11.6445, -11.638, -11.6328, -11.587, -11.4702, -11.3265, -11.375, -11.3548, -11.3583, -11.2584, -11.0996, -11.0832, -11.0387, -10.8303, -10.7154, -10.4342, -10.4211, -10.0128, -9.9308, -9.4547, -7.4124]",7261,112
GSM_063,arithmetic_reasoning,canonical,meta-llama/Llama-3.1-8B-Instruct,-1,32,"[0.8926, 0.8897, 0.9263, 0.9251, 0.9491, 0.955, 0.9582, 0.9564, 0.952, 0.9545, 0.9543, 0.9502, 0.9601, 0.9467, 0.9324, 0.9148, 0.9105, 0.9026, 0.9065, 0.9023, 0.8957, 0.8946, 0.8836, 0.8828, 0.8815, 0.8642, 0.8651, 0.8517, 0.8556, 0.8318, 0.8231, 0.8437]","[5040, 9578, 6852, 45679, 25480, 9514, 47001, 17896, 76321, 47442, 100317, 59978, 39602, 7015, 10603, 18146, 19281, 8941, 31076, 20553, 19446, 10806, 3762, 2874, 4673, 5377, 2741, 8255, 1092, 365, 221, 85]","[-11.7424, -11.7387, -11.7213, -11.7505, -11.7212, -11.6709, -11.7436, -11.6963, -11.78, -11.7416, -11.8261, -11.759, -11.7222, -11.6127, -11.6313, -11.6507, -11.6431, -11.5608, -11.6494, -11.5754, -11.5561, -11.431, -11.2655, -11.1483, -11.1537, -11.1675, -10.9157, -11.1359, -10.5071, -10.122, -9.534, -6.7183]",10674,162
GSM_064,arithmetic_reasoning,canonical,meta-llama/Llama-3.1-8B-Instruct,-1,32,"[0.9552, 0.9475, 0.9573, 0.9502, 0.962, 0.9614, 0.9629, 0.9636, 0.958, 0.9588, 0.9565, 0.9527, 0.9618, 0.9487, 0.9301, 0.9185, 0.9191, 0.9121, 0.9202, 0.9125, 0.9069, 0.9131, 0.9112, 0.9129, 0.9121, 0.9019, 0.9074, 0.8975, 0.8873, 0.8739, 0.8719, 0.8763]","[50481, 19002, 23368, 80202, 69842, 86185, 101414, 99418, 54760, 83703, 99468, 76483, 76197, 52222, 50886, 58407, 12455, 4406, 6921, 4516, 2043, 3409, 2727, 1219, 790, 283, 100, 112, 99, 45, 38, 43]","[-11.759, -11.7453, -11.7405, -11.7729, -11.7685, -11.7909, -11.8129, -11.8124, -11.7521, -11.7961, -11.8266, -11.7844, -11.7885, -11.7447, -11.7428, -11.7566, -11.6112, -11.5126, -11.502, -11.4295, -11.3345, -11.2789, -11.1928, -11.0086, -10.859, -10.7125, -10.2828, -10.2298, -9.8651, -9.4843, -8.6821, -6.0486]",2075,75
CC_01,coin change,canonical,meta-llama/Llama-3.1-8B-Instruct,-1,32,"[0.9694, 0.9636, 0.9683, 0.9492, 0.9574, 0.9608, 0.9613, 0.9638, 0.9602, 0.9647, 0.9632, 0.9615, 0.9574, 0.9368, 0.9022, 0.8766, 0.8675, 0.8528, 0.8683, 0.8723, 0.8606, 0.8639, 0.864, 0.8675, 0.8698, 0.8592, 0.8598, 0.8449, 0.8431, 0.8342, 0.8146, 0.7676]","[35373, 63986, 114796, 127691, 105751, 122462, 119246, 113149, 99159, 117317, 95003, 112839, 74422, 80031, 95270, 91825, 94077, 98518, 79989, 28468, 27034, 7457, 5893, 2337, 1513, 1704, 1222, 899, 1328, 1034, 858, 137]","[-11.7552, -11.7617, -11.7928, -11.8538, -11.8076, -11.8701, -11.8488, -11.8343, -11.8102, -11.862, -11.8162, -11.8584, -11.783, -11.7966, -11.8468, -11.8446, -11.8584, -11.8907, -11.8392, -11.6009, -11.5721, -11.2791, -11.1567, -10.8932, -10.6813, -10.5902, -10.3621, -10.1649, -10.1561, -9.9285, -9.7196, -8.3474]",17,2
CC_02,coin change,canonical,meta-llama/Llama-3.1-8B-Instruct,-1,32,"[0.9673, 0.96, 0.9652, 0.9439, 0.9542, 0.9578, 0.9588, 0.9617, 0.9571, 0.9614, 0.9603, 0.9578, 0.9555, 0.9324, 0.8912, 0.8595, 0.8517, 0.834, 0.8528, 0.8577, 0.8472, 0.8529, 0.8537, 0.8591, 0.8632, 0.8533, 0.8543, 0.8377, 0.8356, 0.8271, 0.807, 0.7548]","[36456, 62760, 115526, 127670, 104351, 122000, 119822, 112907, 102801, 117124, 94133, 111026, 80133, 81673, 92775, 90558, 89839, 97330, 78041, 26227, 25839, 6890, 5343, 2234, 1485, 1670, 1256, 905, 1220, 925, 802, 154]","[-11.7555, -11.7613, -11.7939, -11.8534, -11.8057, -11.868, -11.851, -11.8338, -11.8169, -11.8613, -11.8149, -11.8531, -11.7927, -11.8, -11.8399, -11.841, -11.8452, -11.8855, -11.8307, -11.5875, -11.5631, -11.2656, -11.1339, -10.8756, -10.6611, -10.5659, -10.3541, -10.15, -10.1202, -9.8775, -9.6817, -8.4589]",17,2
CC_03,coin change,canonical,meta-llama/Llama-3.1-8B-Instruct,-1,32,"[0.9679, 0.9604, 0.9652, 0.9415, 0.9529, 0.9572, 0.9593, 0.9617, 0.9567, 0.9613, 0.9598, 0.9569, 0.9544, 0.9308, 0.8897, 0.8568, 0.8473, 0.8302, 0.8486, 0.8535, 0.8423, 0.8471, 0.8478, 0.8536, 0.8581, 0.849, 0.8507, 0.8349, 0.833, 0.825, 0.8067, 0.7564]","[35537, 63609, 114871, 127652, 103835, 121769, 119356, 114700, 106044, 117193, 98468, 112910, 77970, 80520, 97020, 93302, 92202, 103133, 80685, 28173, 26804, 7137, 5553, 2171, 1438, 1625, 1175, 852, 1180, 864, 731, 107]","[-11.7552, -11.7616, -11.7931, -11.8532, -11.8049, -11.8659, -11.8496, -11.8386, -11.8228, -11.8616, -11.8233, -11.8589, -11.7888, -11.7972, -11.8517, -11.8497, -11.8526, -11.909, -11.8409, -11.6015, -11.572, -11.2748, -11.1449, -10.8759, -10.6621, -10.5669, -10.3459, -10.1415, -10.1124, -9.8525, -9.6137, -8.2644]",17,2
CC_04,coin change,canonical,meta-llama/Llama-3.1-8B-Instruct,-1,32,"[0.9714, 0.9659, 0.9694, 0.9516, 0.961, 0.9641, 0.9654, 0.9671, 0.9619, 0.9658, 0.9647, 0.9626, 0.96, 0.94, 0.9082, 0.8771, 0.8683, 0.8502, 0.8659, 0.8706, 0.8595, 0.8618, 0.86, 0.8628, 0.8649, 0.8557, 0.8572, 0.8423, 0.8395, 0.8318, 0.8131, 0.7681]","[36322, 64669, 115213, 127743, 106186, 122297, 119682, 116293, 108524, 116993, 100194, 114508, 79786, 92502, 100344, 91948, 89484, 96593, 76144, 25570, 24091, 5927, 4296, 1802, 1345, 1585, 1137, 875, 1338, 997, 878, 90]","[-11.7554, -11.7619, -11.7934, -11.8546, -11.8079, -11.868, -11.8504, -11.8425, -11.8276, -11.8604, -11.8266, -11.8636, -11.7919, -11.8213, -11.8594, -11.8452, -11.8439, -11.8817, -11.8217, -11.5872, -11.5555, -11.2522, -11.1064, -10.8491, -10.6585, -10.572, -10.3519, -10.17, -10.1777, -9.9324, -9.7326, -8.123]",17,2
CC_05,coin change,canonical,meta-llama/Llama-3.1-8B-Instruct,-1,32,"[0.9717, 0.9655, 0.9697, 0.9506, 0.9611, 0.9646, 0.9662, 0.9683, 0.9643, 0.968, 0.9657, 0.964, 0.9605, 0.9405, 0.9052, 0.8728, 0.8606, 0.8437, 0.8599, 0.8634, 0.8519, 0.8505, 0.8488, 0.8513, 0.8545, 0.8462, 0.8472, 0.8328, 0.831, 0.8232, 0.8045, 0.7616]","[35558, 62727, 114581, 127647, 103055, 121823, 119377, 114554, 107407, 119020, 101459, 115129, 81883, 85558, 98012, 95095, 95540, 101703, 82502, 29401, 29330, 8047, 5857, 2269, 1504, 1723, 1247, 895, 1235, 916, 814, 109]","[-11.7552, -11.7613, -11.7928, -11.8531, -11.8037, -11.8662, -11.8494, -11.838, -11.8255, -11.8689, -11.8294, -11.8666, -11.7957, -11.807, -11.8534, -11.855, -11.8634, -11.903, -11.8476, -11.6096, -11.5904, -11.3011, -11.1633, -10.897, -10.6916, -10.5992, -10.3809, -10.1769, -10.1445, -9.8919, -9.7012, -8.2726]",17,2
CC_06,coin change,canonical,meta-llama/Llama-3.1-8B-Instruct,-1,32,"[0.9698, 0.9639, 0.9683, 0.9466, 0.9568, 0.961, 0.9628, 0.9657, 0.9611, 0.9661, 0.9645, 0.9624, 0.9595, 0.938, 0.9014, 0.8718, 0.8614, 0.845, 0.8607, 0.8655, 0.8526, 0.8542, 0.8521, 0.8557, 0.8588, 0.8499, 0.8508, 0.835, 0.8308, 0.821, 0.8021, 0.759]","[16946, 41885, 109108, 125376, 116405, 126694, 126680, 120384, 100254, 112567, 80312, 96381, 85578, 77050, 112219, 113688, 109430, 100801, 85293, 32789, 26706, 8211, 6014, 2244, 1335, 1593, 1173, 991, 2215, 1753, 1756, 323]","[-11.7493, -11.7548, -11.7877, -11.8314, -11.8262, -11.9046, -11.8946, -11.8566, -11.8127, -11.847, -11.791, -11.8189, -11.8021, -11.7907, -11.9038, -11.929, -11.9176, -11.8978, -11.859, -11.6302, -11.5752, -11.307, -11.1727, -10.9014, -10.673, -10.5899, -10.3694, -10.2245, -10.3523, -10.1577, -10.0547, -8.7738]",18,3
CC_07,coin change,canonical,meta-llama/Llama-3.1-8B-Instruct,-1,32,"[0.9698, 0.9639, 0.9685, 0.9471, 0.9569, 0.9609, 0.9628, 0.9657, 0.9613, 0.966, 0.9645, 0.9626, 0.9587, 0.9369, 0.9009, 0.8719, 0.8622, 0.846, 0.8616, 0.8662, 0.8547, 0.8576, 0.8563, 0.8599, 0.8634, 0.8542, 0.8557, 0.8413, 0.8383, 0.8302, 0.8114, 0.7661]","[35573, 62273, 114657, 127656, 103628, 121883, 119336, 114360, 105530, 117700, 97770, 111995, 74648, 84496, 97570, 94108, 93739, 102575, 82526, 29717, 28192, 7544, 5361, 2179, 1457, 1638, 1198, 857, 1164, 863, 719, 94]","[-11.7552, -11.7612, -11.7929, -11.8534, -11.8046, -11.8666, -11.8493, -11.8375, -11.8218, -11.8635, -11.8221, -11.856, -11.7834, -11.8051, -11.853, -11.8519, -11.8574, -11.9068, -11.8489, -11.6092, -11.5814, -11.2852, -11.1409, -10.8792, -10.6717, -10.5761, -10.3535, -10.1469, -10.1104, -9.8598, -9.6018, -8.226]",17,2
CC_08,coin change,canonical,meta-llama/Llama-3.1-8B-Instruct,-1,32,"[0.9697, 0.964, 0.9686, 0.9473, 0.9572, 0.9612, 0.9629, 0.9658, 0.9615, 0.9662, 0.9647, 0.9625, 0.959, 0.9391, 0.9018, 0.8701, 0.8589, 0.8394, 0.8541, 0.8569, 0.8407, 0.8416, 0.8387, 0.8416, 0.8448, 0.836, 0.8374, 0.8225, 0.8193, 0.8082, 0.7886, 0.7454]","[34990, 62538, 114662, 127634, 103376, 121878, 119431, 113912, 106113, 118052, 99704, 114023, 79126, 89772, 100049, 96679, 95007, 101472, 81202, 28622, 26602, 7192, 5380, 2249, 1576, 1760, 1231, 886, 1207, 875, 780, 112]","[-11.7551, -11.7613, -11.7929, -11.8529, -11.8043, -11.8665, -11.8498, -11.8366, -11.8231, -11.8649, -11.8259, -11.8625, -11.7909, -11.8158, -11.86, -11.8598, -11.8612, -11.9012, -11.8426, -11.6052, -11.5714, -11.2811, -11.1451, -10.8925, -10.6943, -10.5985, -10.3662, -10.1597, -10.1256, -9.8645, -9.6653, -8.305]",17,2
CC_09,coin change,canonical,meta-llama/Llama-3.1-8B-Instruct,-1,32,"[0.9694, 0.9642, 0.9683, 0.9471, 0.9563, 0.9595, 0.9617, 0.9644, 0.959, 0.9643, 0.9633, 0.9623, 0.9596, 0.9401, 0.9097, 0.8795, 0.8713, 0.8593, 0.872, 0.874, 0.8604, 0.8592, 0.8573, 0.8577, 0.8594, 0.851, 0.8495, 0.8323, 0.8299, 0.817, 0.7946, 0.7545]","[71334, 31726, 102679, 124565, 100306, 124750, 102467, 92160, 59369, 74689, 83532, 114541, 81362, 109198, 120943, 118052, 98197, 65347, 59865, 24246, 38245, 14536, 14569, 7916, 4446, 5786, 5472, 3659, 5865, 4910, 6168, 258]","[-11.7633, -11.7512, -11.7829, -11.8267, -11.8001, -11.8829, -11.8119, -11.7983, -11.7586, -11.7792, -11.7961, -11.8635, -11.7943, -11.8638, -11.9461, -11.953, -11.8707, -11.7768, -11.7612, -11.5921, -11.6572, -11.4247, -11.3621, -11.189, -10.988, -10.9743, -10.8629, -10.6886, -10.7441, -10.6068, -10.6607, -8.4464]",20,5
CC_10,coin change,canonical,meta-llama/Llama-3.1-8B-Instruct,-1,32,"[0.9581, 0.9532, 0.9616, 0.9415, 0.9525, 0.9574, 0.9601, 0.9625, 0.9565, 0.9628, 0.9613, 0.959, 0.957, 0.937, 0.9088, 0.8814, 0.8744, 0.8647, 0.8773, 0.8806, 0.8705, 0.872, 0.8692, 0.8693, 0.869, 0.8579, 0.8562, 0.838, 0.8358, 0.8245, 0.804, 0.7595]","[40447, 20736, 94052, 121161, 111732, 124312, 125977, 119590, 96364, 111235, 111776, 127239, 118132, 123915, 121977, 125554, 112471, 94238, 77325, 46754, 45446, 20318, 11948, 7287, 3523, 2635, 2612, 1919, 3149, 3243, 916, 60]","[-11.7565, -11.7463, -11.7775, -11.8165, -11.8166, -11.8798, -11.8863, -11.8529, -11.8063, -11.8429, -11.8543, -11.9596, -11.8832, -11.9369, -11.9554, -12.0377, -11.9297, -11.8692, -11.8248, -11.7041, -11.6919, -11.486, -11.3324, -11.179, -10.9501, -10.808, -10.6796, -10.517, -10.5535, -10.482, -9.9093, -7.7184]",22,7
SP_001,algorithmic,canonical,meta-llama/Llama-3.1-8B-Instruct,-1,32,"[0.9134, 0.9121, 0.936, 0.9286, 0.9463, 0.9546, 0.9522, 0.9549, 0.9584, 0.9612, 0.9594, 0.9567, 0.956, 0.937, 0.9003, 0.8834, 0.8649, 0.866, 0.8678, 0.8667, 0.8456, 0.8452, 0.8417, 0.8455, 0.844, 0.8412, 0.8495, 0.8482, 0.8501, 0.8433, 0.8301, 0.8283]","[38019, 45837, 93693, 118792, 74947, 114005, 105793, 106625, 106017, 95094, 88616, 91503, 79908, 119603, 102482, 114953, 126938, 124371, 119677, 104035, 107154, 47885, 26881, 12816, 8171, 5624, 3484, 2279, 442, 570, 179, 33]","[-11.7559, -11.7561, -11.7776, -11.8131, -11.7739, -11.8418, -11.8242, -11.8292, -11.8289, -11.8115, -11.8038, -11.8073, -11.7934, -11.9108, -11.8617, -11.9212, -12.089, -12.0655, -12.0624, -11.9822, -12.0123, -11.6923, -11.5216, -11.3297, -11.1742, -11.0593, -10.8268, -10.6492, -9.9401, -9.8954, -9.1567, -7.0731]",15,0
SP_002,algorithmic,canonical,meta-llama/Llama-3.1-8B-Instruct,-1,32,"[0.9236, 0.9105, 0.9268, 0.928, 0.9434, 0.952, 0.9496, 0.9515, 0.9405, 0.9448, 0.9456, 0.9409, 0.9453, 0.9257, 0.8993, 0.8896, 0.8828, 0.8906, 0.8979, 0.9005, 0.8885, 0.8893, 0.8835, 0.8841, 0.8857, 0.8796, 0.8827, 0.8842, 0.8835, 0.8784, 0.8726, 0.8631]","[8268, 26195, 41380, 38457, 17199, 83104, 70618, 80440, 79130, 101740, 88370, 77211, 78522, 90818, 67385, 80973, 75925, 74664, 59773, 44077, 36804, 13200, 10415, 8744, 4498, 5738, 2179, 3682, 1183, 980, 701, 824]","[-11.7446, -11.7487, -11.7508, -11.7446, -11.7071, -11.7874, -11.7722, -11.7864, -11.785, -11.8245, -11.8039, -11.7847, -11.7905, -11.8196, -11.7762, -11.8104, -11.8043, -11.8075, -11.7631, -11.6971, -11.6648, -11.4513, -11.3676, -11.2894, -11.0998, -11.1106, -10.7706, -10.8119, -10.3271, -10.1094, -9.7981, -9.0806]",845,16
SP_003,algorithmic,canonical,meta-llama/Llama-3.1-8B-Instruct,-1,32,"[0.8204, 0.8397, 0.8926, 0.8961, 0.9027, 0.9259, 0.9343, 0.9356, 0.9375, 0.9421, 0.9461, 0.9425, 0.9401, 0.9124, 0.9006, 0.8854, 0.878, 0.8901, 0.8978, 0.9001, 0.8838, 0.8887, 0.8848, 0.8893, 0.8878, 0.8823, 0.8855, 0.8783, 0.8737, 0.8592, 0.8512, 0.8405]","[63908, 57191, 74468, 124809, 123954, 127618, 127619, 123226, 117692, 120418, 61075, 115137, 114803, 127208, 84754, 88460, 83997, 66678, 78736, 41715, 43118, 20466, 14127, 14128, 6733, 8151, 4016, 5348, 2625, 1929, 562, 138]","[-11.7617, -11.7596, -11.7673, -11.8329, -11.8552, -11.9252, -11.9353, -11.8813, -11.8599, -11.8814, -11.7604, -11.8628, -11.8794, -12.0097, -11.8143, -11.831, -11.827, -11.7832, -11.8304, -11.6833, -11.688, -11.5007, -11.3854, -11.3384, -11.1081, -11.1166, -10.8256, -10.8405, -10.4868, -10.2836, -9.6363, -8.1088]",806,11
SP_004,algorithmic,canonical,meta-llama/Llama-3.1-8B-Instruct,-1,32,"[0.9388, 0.9299, 0.9478, 0.9436, 0.9554, 0.9603, 0.9581, 0.9579, 0.9605, 0.9646, 0.9662, 0.9653, 0.965, 0.9527, 0.9298, 0.9175, 0.8999, 0.9007, 0.9082, 0.9118, 0.8996, 0.9099, 0.9056, 0.9076, 0.9069, 0.9011, 0.9072, 0.9076, 0.9077, 0.9028, 0.8937, 0.8863]","[43293, 50559, 91285, 115556, 72599, 112687, 111225, 106863, 111824, 85572, 88757, 90151, 64455, 114109, 88855, 109589, 126616, 124175, 118667, 103080, 114122, 56276, 27830, 16842, 6169, 2545, 1107, 438, 102, 91, 36, 10]","[-11.7572, -11.7575, -11.7762, -11.8061, -11.7714, -11.8381, -11.8365, -11.8292, -11.8435, -11.7953, -11.8032, -11.8052, -11.7663, -11.8801, -11.8215, -11.8927, -12.0654, -12.0467, -12.0278, -11.9567, -12.036, -11.7462, -11.5459, -11.4118, -11.1543, -10.9324, -10.5883, -10.2802, -9.5834, -9.3603, -8.4822, -5.9403]",15,0
SP_005,algorithmic,canonical,meta-llama/Llama-3.1-8B-Instruct,-1,32,"[0.8664, 0.8718, 0.9128, 0.91, 0.9305, 0.9477, 0.9506, 0.9546, 0.9542, 0.9532, 0.9539, 0.9522, 0.9508, 0.9323, 0.8999, 0.8827, 0.8815, 0.8918, 0.8963, 0.898, 0.8845, 0.8838, 0.8806, 0.8824, 0.884, 0.8799, 0.8849, 0.8838, 0.8827, 0.8758, 0.864, 0.8532]","[49378, 46123, 87285, 118114, 83159, 117677, 112947, 113785, 110775, 95889, 90985, 98144, 92127, 123425, 113650, 124631, 127575, 124194, 119013, 100068, 106561, 44738, 23588, 12121, 8905, 5373, 2817, 1546, 245, 308, 126, 22]","[-11.7584, -11.7558, -11.7742, -11.8116, -11.782, -11.851, -11.8394, -11.8479, -11.8401, -11.814, -11.8093, -11.8211, -11.8161, -11.9404, -11.9041, -12.0071, -12.13, -12.0715, -12.058, -11.9542, -12.0007, -11.676, -11.499, -11.3246, -11.1997, -11.0659, -10.7785, -10.5522, -9.7997, -9.6809, -9.027, -6.8223]",15,0
WIS_001,algorithmic,canonical,meta-llama/Llama-3.1-8B-Instruct,-1,32,"[0.945, 0.9341, 0.9535, 0.9516, 0.9639, 0.9687, 0.9683, 0.9685, 0.9651, 0.9692, 0.9709, 0.9682, 0.9641, 0.9484, 0.9238, 0.9097, 0.9012, 0.8955, 0.9026, 0.9054, 0.8984, 0.9063, 0.9074, 0.9125, 0.9179, 0.9163, 0.9155, 0.9123, 0.9082, 0.8976, 0.8855, 0.8611]","[33711, 52918, 94248, 123083, 89089, 119584, 116330, 118867, 109364, 91517, 83445, 96451, 75845, 120610, 119245, 116948, 124566, 124924, 118072, 80549, 83400, 31925, 18402, 7871, 5189, 3329, 2402, 735, 282, 337, 200, 145]","[-11.755, -11.7584, -11.7779, -11.8231, -11.7884, -11.8598, -11.8485, -11.8599, -11.8369, -11.8057, -11.7956, -11.8177, -11.7864, -11.916, -11.9324, -11.9336, -12.0322, -12.0953, -12.0746, -11.8589, -11.884, -11.5725, -11.4074, -11.1678, -10.995, -10.8122, -10.6207, -10.1718, -9.5661, -9.5489, -8.946, -8.1972]",15,0
WIS_002,algorithmic,canonical,meta-llama/Llama-3.1-8B-Instruct,-1,32,"[0.9355, 0.9264, 0.935, 0.9351, 0.9508, 0.9595, 0.9581, 0.9605, 0.9578, 0.9594, 0.9633, 0.9611, 0.9575, 0.9416, 0.9144, 0.9004, 0.8884, 0.8794, 0.8848, 0.8848, 0.8749, 0.881, 0.8887, 0.8928, 0.8987, 0.8983, 0.899, 0.8948, 0.8938, 0.886, 0.8749, 0.854]","[3101, 6587, 60927, 110546, 42179, 92376, 93967, 117408, 107065, 56861, 21626, 36929, 81892, 116029, 122993, 114001, 126302, 121594, 118813, 84875, 60544, 21001, 21588, 16565, 8544, 4850, 1899, 594, 594, 617, 126, 40]","[-11.7401, -11.7367, -11.7606, -11.7991, -11.7421, -11.8014, -11.8033, -11.8556, -11.8339, -11.7549, -11.6912, -11.7229, -11.7965, -11.8934, -11.9634, -11.9167, -12.0643, -12.0202, -12.0449, -11.8647, -11.7659, -11.523, -11.4901, -11.3995, -11.2132, -11.0358, -10.7394, -10.3905, -10.1263, -10.0465, -9.1122, -7.5028]",16,1
WIS_003,algorithmic,canonical,meta-llama/Llama-3.1-8B-Instruct,-1,32,"[0.8945, 0.8965, 0.9242, 0.9231, 0.9422, 0.9526, 0.9531, 0.9563, 0.9586, 0.9626, 0.9671, 0.9661, 0.9626, 0.95, 0.9257, 0.9131, 0.9046, 0.8987, 0.9055, 0.9041, 0.8954, 0.898, 0.9053, 0.9087, 0.912, 0.9113, 0.9122, 0.9078, 0.9058, 0.8999, 0.888, 0.869]","[4203, 8167, 73819, 115153, 46700, 89379, 88519, 114428, 100023, 64564, 33121, 39577, 82551, 113900, 120606, 110026, 125316, 121641, 119397, 86706, 68345, 25710, 18126, 9769, 6683, 4268, 1209, 463, 384, 416, 118, 30]","[-11.7416, -11.7386, -11.7671, -11.8064, -11.7461, -11.7974, -11.7956, -11.8477, -11.8198, -11.7658, -11.7152, -11.7273, -11.7983, -11.8857, -11.9418, -11.898, -12.0417, -12.0232, -12.0569, -11.8746, -11.7989, -11.5543, -11.446, -11.2891, -11.1503, -10.9959, -10.6169, -10.2771, -9.9597, -9.9092, -9.0518, -7.4083]",16,1
WIS_004,algorithmic,canonical,meta-llama/Llama-3.1-8B-Instruct,-1,32,"[0.8914, 0.8941, 0.9199, 0.9233, 0.94, 0.9531, 0.9541, 0.9603, 0.9621, 0.9633, 0.965, 0.9618, 0.96, 0.946, 0.9253, 0.9135, 0.9077, 0.9081, 0.9167, 0.9155, 0.9099, 0.9157, 0.9211, 0.9227, 0.9271, 0.9263, 0.9261, 0.922, 0.9221, 0.9143, 0.9047, 0.8895]","[28155, 31770, 93569, 121453, 87659, 119121, 118050, 120077, 113690, 86350, 81744, 97273, 73331, 121586, 116907, 120060, 127107, 125126, 124960, 102990, 109212, 50883, 34154, 18602, 14450, 8455, 5877, 1294, 640, 1050, 305, 89]","[-11.7535, -11.7514, -11.7776, -11.8182, -11.7871, -11.8584, -11.8547, -11.868, -11.8509, -11.7969, -11.7919, -11.8192, -11.782, -11.9234, -11.9166, -11.9535, -12.0945, -12.0779, -12.1503, -11.9618, -12.0172, -11.7102, -11.5881, -11.41, -11.3019, -11.127, -10.9628, -10.5103, -10.0653, -10.1469, -9.437, -8.0349]",15,0
WIS_005,algorithmic,canonical,meta-llama/Llama-3.1-8B-Instruct,-1,32,"[0.9093, 0.9097, 0.9327, 0.9361, 0.9513, 0.9599, 0.9591, 0.9612, 0.9584, 0.9596, 0.9617, 0.9598, 0.9594, 0.9463, 0.9168, 0.9028, 0.8975, 0.8926, 0.8963, 0.8933, 0.8827, 0.8858, 0.8935, 0.8966, 0.899, 0.8978, 0.8987, 0.8906, 0.89, 0.8811, 0.8735, 0.8557]","[38933, 89459, 120093, 127431, 118394, 124752, 125330, 123877, 114848, 106678, 78327, 107449, 115973, 123776, 120804, 92558, 123231, 122710, 120614, 95420, 80432, 42903, 36014, 23470, 18446, 11162, 5916, 1795, 1302, 1854, 1228, 254]","[-11.7563, -11.7698, -11.8007, -11.8504, -11.8335, -11.8872, -11.8947, -11.8915, -11.8545, -11.8331, -11.7873, -11.8415, -11.8795, -11.9455, -11.9467, -11.8414, -12.012, -12.0356, -12.0622, -11.9116, -11.8488, -11.6723, -11.6154, -11.4849, -11.3906, -11.2319, -11.006, -10.6476, -10.3725, -10.3952, -10.046, -8.4568]",17,2
CC_031,algorithmic,canonical,meta-llama/Llama-3.1-8B-Instruct,-1,32,"[0.9618, 0.9523, 0.9586, 0.9528, 0.9641, 0.9587, 0.958, 0.9561, 0.9486, 0.9512, 0.9434, 0.9345, 0.9267, 0.8804, 0.8095, 0.7597, 0.7378, 0.7232, 0.7263, 0.7252, 0.6948, 0.7037, 0.6969, 0.7032, 0.7221, 0.7183, 0.7338, 0.7174, 0.7166, 0.6934, 0.6739, 0.6616]","[75369, 33354, 93231, 125035, 103005, 125623, 109366, 97557, 65272, 91710, 89099, 121341, 94604, 104608, 115997, 108850, 99674, 72209, 60196, 17816, 24134, 7085, 6674, 3754, 2201, 2858, 2528, 1818, 2566, 2185, 2361, 413]","[-11.7643, -11.7517, -11.7771, -11.8298, -11.8044, -11.8913, -11.8243, -11.8065, -11.7661, -11.8061, -11.8066, -11.8986, -11.8201, -11.8525, -11.921, -11.905, -11.8772, -11.7981, -11.7623, -11.543, -11.5678, -11.302, -11.2194, -11.027, -10.8143, -10.7625, -10.6174, -10.4404, -10.4122, -10.265, -10.2064, -8.9641]",20,5
CC_032,algorithmic,canonical,meta-llama/Llama-3.1-8B-Instruct,-1,32,"[0.9591, 0.9496, 0.9579, 0.9513, 0.963, 0.9583, 0.9583, 0.9557, 0.949, 0.9517, 0.9445, 0.9373, 0.9289, 0.8841, 0.8261, 0.7766, 0.7552, 0.7446, 0.7486, 0.7478, 0.7188, 0.7272, 0.7221, 0.7284, 0.7461, 0.7411, 0.7544, 0.7376, 0.7371, 0.7162, 0.6973, 0.6864]","[16291, 42055, 109253, 124287, 83454, 125526, 120238, 105832, 102598, 100274, 86990, 117622, 64240, 93731, 111687, 90035, 85434, 89775, 71223, 21409, 20071, 3292, 2994, 1699, 1366, 1466, 1674, 1120, 2320, 2075, 1957, 478]","[-11.749, -11.7548, -11.7878, -11.8268, -11.7819, -11.8895, -11.8528, -11.8203, -11.8181, -11.8216, -11.8032, -11.8788, -11.7661, -11.8256, -11.8994, -11.8396, -11.8314, -11.8547, -11.8039, -11.5702, -11.5399, -11.206, -11.0976, -10.8899, -10.722, -10.6046, -10.5105, -10.2988, -10.3669, -10.2367, -10.1107, -9.0215]",19,4
CC_033,algorithmic,canonical,meta-llama/Llama-3.1-8B-Instruct,-1,32,"[0.9618, 0.9522, 0.9587, 0.9525, 0.9635, 0.9578, 0.9577, 0.9563, 0.9492, 0.9514, 0.9441, 0.9351, 0.9292, 0.8888, 0.8272, 0.7824, 0.7641, 0.7574, 0.7611, 0.7617, 0.737, 0.7436, 0.7393, 0.7441, 0.758, 0.7528, 0.7654, 0.7473, 0.7485, 0.7297, 0.7117, 0.6982]","[28487, 41011, 58172, 77421, 56920, 116554, 117626, 86260, 48647, 83943, 73502, 108143, 64967, 111962, 106760, 82967, 46436, 41556, 46302, 26634, 17098, 10822, 6734, 5131, 4299, 3370, 2396, 4881, 4879, 3221, 1783, 717]","[-11.7533, -11.7545, -11.7593, -11.7716, -11.7564, -11.8464, -11.844, -11.7909, -11.7449, -11.7938, -11.7808, -11.8476, -11.7673, -11.8753, -11.8793, -11.8192, -11.7235, -11.7039, -11.7101, -11.6043, -11.5243, -11.3748, -11.2338, -11.096, -10.967, -10.8213, -10.6185, -10.7473, -10.6421, -10.427, -10.0964, -9.1976]",1032,13
CC_034,algorithmic,canonical,meta-llama/Llama-3.1-8B-Instruct,-1,32,"[0.9616, 0.9523, 0.9589, 0.953, 0.964, 0.9585, 0.9581, 0.9566, 0.9488, 0.9509, 0.9435, 0.9342, 0.9256, 0.8749, 0.8042, 0.7503, 0.7291, 0.7075, 0.7078, 0.6996, 0.6631, 0.674, 0.6656, 0.6751, 0.6988, 0.6942, 0.7129, 0.6987, 0.6961, 0.6701, 0.6487, 0.6336]","[18383, 45731, 103155, 125396, 120560, 127076, 126675, 117868, 101861, 119212, 85385, 104679, 98216, 75189, 104679, 91690, 90786, 87831, 72119, 24453, 19652, 4980, 3582, 1328, 860, 1111, 879, 708, 1312, 1205, 1310, 388]","[-11.7499, -11.7559, -11.7833, -11.8318, -11.8389, -11.9118, -11.8947, -11.8488, -11.8169, -11.8733, -11.8001, -11.8385, -11.8276, -11.7879, -11.874, -11.8441, -11.8474, -11.8491, -11.8082, -11.5823, -11.5268, -11.2383, -11.1049, -10.8215, -10.5969, -10.5091, -10.3082, -10.1213, -10.1528, -9.9985, -9.9167, -8.952]",18,3
CC_035,algorithmic,canonical,meta-llama/Llama-3.1-8B-Instruct,-1,32,"[0.9618, 0.9524, 0.9589, 0.9527, 0.9638, 0.9583, 0.9583, 0.9563, 0.9489, 0.9513, 0.9436, 0.9347, 0.9286, 0.8863, 0.8224, 0.7756, 0.757, 0.7468, 0.7505, 0.7496, 0.7226, 0.7293, 0.7232, 0.7287, 0.7452, 0.7404, 0.7541, 0.7362, 0.7362, 0.7159, 0.6969, 0.6821]","[80554, 38538, 116701, 123821, 109095, 126098, 122649, 101170, 88333, 109419, 88454, 123511, 96035, 105069, 103431, 89675, 91833, 55617, 44937, 14565, 12171, 2660, 3564, 2861, 1874, 1465, 1692, 1287, 2444, 2517, 1262, 423]","[-11.7654, -11.7536, -11.7953, -11.825, -11.8134, -11.8963, -11.8631, -11.8122, -11.7961, -11.8412, -11.8056, -11.9133, -11.8229, -11.8536, -11.8687, -11.838, -11.8506, -11.7478, -11.704, -11.5184, -11.4727, -11.1784, -11.1279, -10.9833, -10.7834, -10.6105, -10.513, -10.3377, -10.3934, -10.3166, -9.9302, -8.9729]",23,8
CC_036,algorithmic,canonical,meta-llama/Llama-3.1-8B-Instruct,-1,32,"[0.9618, 0.9522, 0.9584, 0.9525, 0.9635, 0.9581, 0.9578, 0.956, 0.9489, 0.9509, 0.9429, 0.9335, 0.9261, 0.8818, 0.8125, 0.7652, 0.745, 0.7347, 0.7383, 0.7374, 0.7095, 0.718, 0.7149, 0.7202, 0.7362, 0.7323, 0.7477, 0.7311, 0.731, 0.71, 0.6922, 0.6789]","[50505, 26963, 69723, 117125, 94792, 117153, 111723, 112504, 75831, 98041, 93326, 106688, 62246, 112311, 81284, 53028, 38314, 28861, 27823, 15872, 11761, 5591, 6913, 4151, 2600, 2963, 3918, 4943, 4819, 3861, 2427, 1017]","[-11.7589, -11.7491, -11.7649, -11.8088, -11.7941, -11.8486, -11.8294, -11.8343, -11.7794, -11.8171, -11.8143, -11.8437, -11.7627, -11.8771, -11.8087, -11.7425, -11.6993, -11.658, -11.6313, -11.531, -11.473, -11.2799, -11.236, -11.0565, -10.8671, -10.789, -10.7516, -10.7493, -10.634, -10.4931, -10.2243, -9.4259]",717,12
CC_037,algorithmic,canonical,meta-llama/Llama-3.1-8B-Instruct,-1,32,"[0.9618, 0.9524, 0.9588, 0.9526, 0.9638, 0.9586, 0.9582, 0.9564, 0.9482, 0.9507, 0.943, 0.9336, 0.9264, 0.8804, 0.8146, 0.7623, 0.7441, 0.7264, 0.7304, 0.7253, 0.6934, 0.7024, 0.6958, 0.7041, 0.7247, 0.719, 0.7349, 0.7202, 0.7173, 0.6924, 0.6714, 0.6581]","[78269, 79001, 108279, 126532, 111477, 126544, 126846, 121674, 109249, 104360, 86729, 119802, 104013, 127098, 86501, 57342, 56865, 56546, 45417, 15299, 14632, 6745, 6344, 4416, 3047, 4348, 3760, 4568, 6002, 3080, 1595, 743]","[-11.7649, -11.7665, -11.7871, -11.8393, -11.8176, -11.902, -11.8972, -11.8629, -11.8311, -11.8296, -11.8024, -11.8888, -11.8405, -12.0002, -11.8216, -11.7533, -11.7525, -11.7505, -11.7054, -11.5224, -11.4937, -11.2916, -11.2074, -11.0519, -10.8756, -10.8613, -10.7172, -10.7018, -10.7007, -10.3895, -10.0136, -9.2606]",806,11
CC_038,algorithmic,canonical,meta-llama/Llama-3.1-8B-Instruct,-1,32,"[0.9619, 0.9523, 0.9588, 0.9531, 0.9641, 0.9584, 0.9579, 0.9558, 0.9474, 0.95, 0.9426, 0.933, 0.9249, 0.8747, 0.8064, 0.7506, 0.7275, 0.7071, 0.7069, 0.6992, 0.6645, 0.6749, 0.6659, 0.6762, 0.6998, 0.6948, 0.7127, 0.6986, 0.6948, 0.6679, 0.6469, 0.6316]","[46164, 21752, 80949, 116206, 89524, 113493, 96538, 56873, 55506, 64842, 65067, 105390, 58478, 99321, 107589, 115904, 105666, 83442, 56669, 21182, 20144, 7718, 6043, 3787, 2166, 3140, 2958, 1638, 4139, 3577, 2154, 526]","[-11.7578, -11.7467, -11.7705, -11.8075, -11.7883, -11.8384, -11.8033, -11.7555, -11.7538, -11.7664, -11.7672, -11.8403, -11.7565, -11.8396, -11.8848, -11.9426, -11.9016, -11.8346, -11.7483, -11.5612, -11.5306, -11.2982, -11.1852, -11.0025, -10.7788, -10.756, -10.6323, -10.3702, -10.553, -10.4332, -10.142, -9.098]",21,6
CC_039,algorithmic,canonical,meta-llama/Llama-3.1-8B-Instruct,-1,32,"[0.9616, 0.9523, 0.9589, 0.9529, 0.9636, 0.9586, 0.9583, 0.9566, 0.9492, 0.9509, 0.9438, 0.9345, 0.9271, 0.8853, 0.8295, 0.786, 0.7712, 0.7641, 0.7698, 0.7721, 0.7494, 0.7592, 0.7614, 0.7654, 0.7804, 0.7738, 0.7857, 0.7729, 0.7712, 0.7533, 0.7346, 0.723]","[16144, 40886, 109078, 124325, 82390, 125391, 120018, 102914, 99926, 97238, 83379, 116314, 68515, 88362, 105369, 79775, 77423, 78722, 64374, 21188, 22342, 3785, 3567, 2023, 1751, 1643, 1903, 1161, 2728, 2761, 3162, 683]","[-11.7489, -11.7544, -11.7877, -11.8268, -11.7809, -11.8891, -11.8519, -11.8151, -11.8138, -11.8156, -11.7964, -11.873, -11.7731, -11.8138, -11.8739, -11.8103, -11.8084, -11.8182, -11.7781, -11.5716, -11.5641, -11.2346, -11.1317, -10.9297, -10.7853, -10.6645, -10.5659, -10.3418, -10.4473, -10.384, -10.3613, -9.1029]",19,4
CC_040,algorithmic,canonical,meta-llama/Llama-3.1-8B-Instruct,-1,32,"[0.9618, 0.9523, 0.9586, 0.9526, 0.9636, 0.9581, 0.9578, 0.9562, 0.9485, 0.9507, 0.9432, 0.9334, 0.926, 0.88, 0.8234, 0.7773, 0.7598, 0.7482, 0.7502, 0.7494, 0.7222, 0.7302, 0.7257, 0.7308, 0.7492, 0.7432, 0.757, 0.7434, 0.7404, 0.7191, 0.6989, 0.6883]","[42181, 73432, 109280, 127570, 108458, 125075, 121933, 114668, 111771, 122264, 104670, 119248, 93086, 84246, 92665, 80269, 83554, 92340, 75318, 23445, 24947, 5659, 4121, 1688, 1255, 1180, 999, 704, 1079, 817, 805, 105]","[-11.7569, -11.7647, -11.7879, -11.8523, -11.8125, -11.8866, -11.8599, -11.8394, -11.8367, -11.8875, -11.8376, -11.8858, -11.817, -11.8059, -11.8372, -11.8117, -11.8259, -11.8648, -11.8209, -11.5799, -11.5708, -11.2637, -11.1295, -10.8642, -10.68, -10.5438, -10.3528, -10.1376, -10.0925, -9.8752, -9.7052, -8.1861]",17,2
CC_041,algorithmic,canonical,meta-llama/Llama-3.1-8B-Instruct,-1,32,"[0.9617, 0.9522, 0.9586, 0.9526, 0.9636, 0.9585, 0.9583, 0.9566, 0.9488, 0.9511, 0.9433, 0.9342, 0.9272, 0.8848, 0.832, 0.7891, 0.774, 0.7656, 0.7721, 0.7726, 0.7497, 0.7593, 0.7589, 0.7636, 0.778, 0.7711, 0.7823, 0.7691, 0.7679, 0.7493, 0.7299, 0.7192]","[75334, 34129, 93115, 124952, 102877, 125697, 109275, 98487, 64221, 88881, 90006, 120477, 91348, 103885, 116568, 105977, 94033, 67585, 56125, 18376, 27932, 7537, 6788, 3648, 2375, 2848, 2782, 1713, 2918, 2632, 3310, 341]","[-11.7642, -11.7519, -11.777, -11.8296, -11.8044, -11.8925, -11.8242, -11.808, -11.7647, -11.8013, -11.8081, -11.8922, -11.813, -11.8501, -11.9209, -11.8918, -11.8579, -11.7836, -11.7475, -11.553, -11.5998, -11.323, -11.2308, -11.0322, -10.8494, -10.7855, -10.6581, -10.4469, -10.4645, -10.3619, -10.3721, -8.7508]",20,5
CC_042,algorithmic,canonical,meta-llama/Llama-3.1-8B-Instruct,-1,32,"[0.9639, 0.9547, 0.9613, 0.9546, 0.9643, 0.9584, 0.958, 0.9569, 0.9494, 0.9495, 0.9415, 0.9322, 0.9231, 0.8767, 0.8182, 0.7766, 0.7642, 0.7551, 0.7603, 0.7588, 0.7324, 0.7456, 0.7444, 0.7515, 0.7677, 0.7626, 0.7739, 0.7608, 0.7583, 0.7368, 0.7172, 0.7052]","[69843, 32286, 75450, 112015, 113435, 125266, 121326, 105329, 82565, 52257, 50655, 78812, 98027, 124732, 112305, 75804, 54339, 29142, 30603, 12534, 12369, 5008, 5149, 2573, 1050, 1343, 1602, 2654, 4167, 1918, 1350, 262]","[-11.763, -11.7513, -11.7677, -11.8013, -11.8211, -11.8874, -11.8571, -11.8193, -11.7879, -11.7489, -11.7441, -11.7886, -11.8265, -11.952, -11.9026, -11.8003, -11.7454, -11.6582, -11.6407, -11.4971, -11.4706, -11.2477, -11.1672, -10.9425, -10.6524, -10.5742, -10.4859, -10.529, -10.5646, -10.2072, -9.9469, -8.6355]",605,10
CC_043,algorithmic,canonical,meta-llama/Llama-3.1-8B-Instruct,-1,32,"[0.9616, 0.9522, 0.9588, 0.9531, 0.9638, 0.9588, 0.9586, 0.957, 0.9496, 0.9525, 0.9452, 0.9361, 0.9283, 0.8835, 0.8255, 0.7815, 0.7665, 0.7572, 0.7626, 0.7644, 0.7407, 0.7506, 0.7518, 0.7553, 0.7706, 0.7647, 0.7778, 0.7644, 0.7632, 0.7429, 0.7237, 0.7119]","[46299, 21849, 80772, 116047, 88250, 113506, 97356, 59006, 56511, 60384, 64940, 105127, 54142, 104393, 108140, 115545, 102379, 73696, 55848, 23204, 25632, 8582, 7031, 4615, 2656, 3899, 3816, 2077, 4990, 4749, 3117, 566]","[-11.7579, -11.7468, -11.7704, -11.8071, -11.7869, -11.8384, -11.8045, -11.7581, -11.7549, -11.76, -11.7669, -11.8393, -11.7494, -11.8516, -11.8843, -11.9383, -11.8873, -11.8025, -11.7465, -11.5868, -11.5865, -11.3437, -11.2433, -11.0798, -10.8767, -10.8638, -10.7501, -10.5095, -10.6557, -10.583, -10.3535, -9.0469]",21,6
CC_044,algorithmic,canonical,meta-llama/Llama-3.1-8B-Instruct,-1,32,"[0.9639, 0.9548, 0.961, 0.954, 0.9642, 0.9581, 0.9578, 0.9567, 0.9503, 0.9498, 0.9421, 0.9329, 0.9236, 0.8785, 0.8197, 0.7789, 0.7667, 0.7569, 0.7616, 0.762, 0.7372, 0.7496, 0.7496, 0.7551, 0.7713, 0.7663, 0.7783, 0.7662, 0.7667, 0.748, 0.7286, 0.7159]","[73548, 31777, 97484, 123704, 105225, 123547, 119772, 116564, 75758, 61001, 82323, 116760, 86011, 111334, 110474, 104621, 107042, 62877, 60631, 34588, 23681, 5214, 5762, 5092, 3058, 2805, 2817, 3160, 4761, 3624, 2519, 382]","[-11.7638, -11.7511, -11.7795, -11.8244, -11.8077, -11.8752, -11.8512, -11.8444, -11.7791, -11.7608, -11.7945, -11.8746, -11.8033, -11.8739, -11.8938, -11.8863, -11.9051, -11.7695, -11.7636, -11.6444, -11.5681, -11.2669, -11.2008, -11.0896, -10.8943, -10.7759, -10.6587, -10.6124, -10.628, -10.4646, -10.249, -8.815]",24,9
CC_045,algorithmic,canonical,meta-llama/Llama-3.1-8B-Instruct,-1,32,"[0.9638, 0.9546, 0.9609, 0.954, 0.964, 0.9577, 0.9572, 0.9559, 0.9488, 0.9488, 0.9407, 0.9314, 0.9215, 0.8734, 0.8129, 0.7718, 0.7572, 0.7478, 0.7522, 0.7486, 0.72, 0.7305, 0.728, 0.7338, 0.7511, 0.7471, 0.7596, 0.746, 0.7439, 0.7224, 0.701, 0.6924]","[79787, 41032, 115448, 123763, 109472, 126220, 121745, 98761, 83962, 108711, 87293, 122878, 86673, 104560, 104900, 88681, 90008, 50883, 41139, 15203, 12381, 2557, 3387, 2313, 1532, 1202, 1511, 914, 1976, 2125, 1065, 272]","[-11.7652, -11.7545, -11.7936, -11.8248, -11.8141, -11.8975, -11.8587, -11.8082, -11.7898, -11.839, -11.803, -11.9065, -11.8045, -11.8522, -11.8743, -11.8349, -11.8447, -11.7323, -11.6861, -11.521, -11.4711, -11.1659, -11.1052, -10.9277, -10.7306, -10.5603, -10.4735, -10.2367, -10.3108, -10.2496, -9.8406, -8.6477]",23,8
SP_019,algorithmic,canonical,meta-llama/Llama-3.1-8B-Instruct,-1,32,"[0.9566, 0.9515, 0.9603, 0.958, 0.9624, 0.9646, 0.9647, 0.9614, 0.9615, 0.9631, 0.9609, 0.9593, 0.9497, 0.9189, 0.8637, 0.8301, 0.8082, 0.7952, 0.7997, 0.7989, 0.774, 0.774, 0.7739, 0.7748, 0.7811, 0.7848, 0.8031, 0.8004, 0.8071, 0.8033, 0.7878, 0.7776]","[30351, 36960, 92749, 121485, 79722, 117863, 112537, 114336, 109320, 94205, 93611, 85579, 62832, 119638, 95247, 112861, 126250, 123619, 113861, 87586, 86289, 33149, 6787, 3013, 3567, 2973, 1668, 1307, 233, 157, 46, 8]","[-11.754, -11.7533, -11.7768, -11.8179, -11.7788, -11.8508, -11.8373, -11.8461, -11.8367, -11.8104, -11.8148, -11.7984, -11.764, -11.9096, -11.8405, -11.9134, -12.0683, -12.0601, -12.014, -11.8941, -11.8922, -11.5883, -11.2268, -11.0254, -10.9687, -10.8794, -10.5845, -10.4464, -9.6951, -9.3845, -8.3715, -5.946]",15,0
SP_020,algorithmic,canonical,meta-llama/Llama-3.1-8B-Instruct,-1,32,"[0.9581, 0.9535, 0.9618, 0.9594, 0.9634, 0.9651, 0.9646, 0.9605, 0.9589, 0.9596, 0.9548, 0.9501, 0.9402, 0.9106, 0.8593, 0.8331, 0.8137, 0.804, 0.8099, 0.8093, 0.7853, 0.7808, 0.7828, 0.7839, 0.7852, 0.7862, 0.8056, 0.8046, 0.8104, 0.8027, 0.7851, 0.7782]","[31155, 38271, 101176, 122351, 78651, 118699, 113687, 113881, 104889, 98827, 83781, 84186, 50416, 117293, 96090, 117220, 126701, 124215, 116414, 90664, 88770, 35343, 8417, 3968, 4585, 3709, 2048, 1521, 240, 181, 51, 8]","[-11.7542, -11.7538, -11.782, -11.8206, -11.7775, -11.8544, -11.8402, -11.8446, -11.8262, -11.8196, -11.7973, -11.796, -11.7429, -11.8975, -11.8429, -11.9349, -12.0811, -12.0699, -12.0358, -11.9098, -11.9052, -11.6051, -11.2675, -11.0751, -11.0219, -10.9358, -10.64, -10.5053, -9.7318, -9.4734, -8.4302, -6.0074]",15,0
SP_021,algorithmic,canonical,meta-llama/Llama-3.1-8B-Instruct,-1,32,"[0.9518, 0.9455, 0.9548, 0.9529, 0.9576, 0.9616, 0.9612, 0.9609, 0.9572, 0.9578, 0.9511, 0.9479, 0.9386, 0.9092, 0.8609, 0.8253, 0.8053, 0.7948, 0.802, 0.8067, 0.7842, 0.7848, 0.7854, 0.7862, 0.7904, 0.7914, 0.8069, 0.802, 0.8076, 0.7987, 0.783, 0.7737]","[31431, 37712, 95618, 120564, 78778, 119340, 114026, 115325, 109519, 95492, 96010, 94638, 66605, 119407, 98410, 113266, 126604, 123271, 115793, 93467, 93804, 37612, 7782, 3688, 4254, 3710, 1841, 1186, 137, 105, 35, 7]","[-11.7542, -11.7536, -11.7785, -11.8159, -11.7776, -11.8557, -11.8426, -11.8489, -11.838, -11.8131, -11.8197, -11.8147, -11.7704, -11.9089, -11.8494, -11.9133, -12.0774, -12.0496, -12.0243, -11.9237, -11.9325, -11.6231, -11.2584, -11.0685, -11.0119, -10.9395, -10.6193, -10.4326, -9.5449, -9.2413, -8.2157, -5.8802]",15,0
SP_023,algorithmic,canonical,meta-llama/Llama-3.1-8B-Instruct,-1,32,"[0.958, 0.9524, 0.9621, 0.9595, 0.963, 0.966, 0.9651, 0.9618, 0.9593, 0.9585, 0.9545, 0.9515, 0.9421, 0.908, 0.8474, 0.8222, 0.8044, 0.7909, 0.7954, 0.797, 0.7731, 0.7713, 0.7753, 0.7763, 0.7835, 0.7849, 0.8038, 0.8005, 0.8061, 0.8005, 0.7821, 0.7678]","[30624, 37754, 94591, 121690, 78414, 118349, 113184, 113057, 104139, 94914, 88208, 87991, 56445, 119848, 95566, 118245, 126723, 123834, 116232, 94722, 95193, 41325, 13490, 6698, 6783, 5399, 2847, 1999, 306, 229, 67, 14]","[-11.7541, -11.7536, -11.7777, -11.8186, -11.7773, -11.8527, -11.8387, -11.8423, -11.8248, -11.8121, -11.8048, -11.8025, -11.7533, -11.9113, -11.8414, -11.9405, -12.083, -12.0662, -12.0368, -11.933, -11.9423, -11.6469, -11.3553, -11.1735, -11.1094, -11.0214, -10.73, -10.5687, -9.7985, -9.5501, -8.5744, -6.2883]",15,0
SP_024,algorithmic,canonical,meta-llama/Llama-3.1-8B-Instruct,31,32,"[0.9533, 0.947, 0.9574, 0.9545, 0.96, 0.9644, 0.9636, 0.9626, 0.9566, 0.9559, 0.9468, 0.9443, 0.9388, 0.9142, 0.8768, 0.8433, 0.821, 0.8124, 0.82, 0.8246, 0.8041, 0.8091, 0.8099, 0.8106, 0.8113, 0.8095, 0.8245, 0.8169, 0.8207, 0.8089, 0.7886, 0.7765]","[30183, 38150, 93969, 121006, 83503, 119790, 115962, 115374, 110555, 95810, 98038, 92513, 57011, 117266, 95270, 106036, 124621, 120344, 111694, 87994, 89573, 33387, 5183, 2474, 3263, 2448, 1130, 707, 107, 67, 27, 5]","[-11.7539, -11.7537, -11.7775, -11.8168, -11.7824, -11.8572, -11.8477, -11.8485, -11.84, -11.8133, -11.8232, -11.8104, -11.7541, -11.8957, -11.8385, -11.8804, -12.0283, -12.0142, -11.988, -11.8919, -11.9043, -11.5973, -11.1945, -11.0101, -10.967, -10.8651, -10.5048, -10.3105, -9.5034, -9.1356, -8.0426, -5.6384]",15,0
SP_026,algorithmic,canonical,meta-llama/Llama-3.1-8B-Instruct,-1,32,"[0.9518, 0.9453, 0.9548, 0.953, 0.9586, 0.9626, 0.9624, 0.9602, 0.9563, 0.9573, 0.9486, 0.9455, 0.937, 0.9062, 0.8622, 0.8339, 0.815, 0.809, 0.8169, 0.8224, 0.8032, 0.8094, 0.8121, 0.8145, 0.818, 0.8174, 0.8323, 0.8274, 0.8309, 0.8243, 0.81, 0.7983]","[30150, 37585, 92282, 120525, 76684, 118411, 113503, 116870, 109210, 94986, 96595, 94037, 63683, 120035, 101019, 115039, 126544, 122757, 116183, 97224, 95596, 37859, 7951, 3529, 3887, 3200, 1284, 842, 86, 58, 23, 6]","[-11.7539, -11.7535, -11.7765, -11.8158, -11.7755, -11.8525, -11.8407, -11.8536, -11.8373, -11.8123, -11.8209, -11.8138, -11.7654, -11.9132, -11.8579, -11.9214, -12.0748, -12.0431, -12.0269, -11.9427, -11.94, -11.6273, -11.2661, -11.0633, -10.9988, -10.9162, -10.543, -10.3456, -9.3854, -9.0653, -8.0033, -5.5563]",15,0
SP_027,algorithmic,canonical,meta-llama/Llama-3.1-8B-Instruct,-1,32,"[0.9567, 0.9513, 0.9604, 0.9584, 0.9629, 0.9651, 0.9653, 0.9618, 0.9615, 0.9627, 0.9595, 0.9573, 0.9485, 0.9199, 0.8672, 0.8346, 0.8135, 0.7972, 0.8027, 0.8027, 0.7788, 0.7755, 0.7782, 0.7795, 0.7874, 0.7895, 0.8059, 0.8036, 0.8096, 0.8044, 0.7876, 0.7809]","[31079, 36812, 94076, 121939, 79869, 117903, 112530, 113804, 108137, 93395, 91696, 84631, 61741, 119684, 95002, 112615, 126133, 123742, 114106, 88684, 85893, 31692, 6316, 2885, 3329, 2696, 1445, 1255, 218, 141, 43, 7]","[-11.7542, -11.7533, -11.7775, -11.8193, -11.7789, -11.8508, -11.8368, -11.8441, -11.8336, -11.8092, -11.8111, -11.7968, -11.7621, -11.9093, -11.8395, -11.9114, -12.0638, -12.0613, -12.0167, -11.8993, -11.8896, -11.5785, -11.2168, -11.0169, -10.9523, -10.8587, -10.5484, -10.4333, -9.6665, -9.3584, -8.3436, -5.9315]",15,0
SP_028,algorithmic,canonical,meta-llama/Llama-3.1-8B-Instruct,-1,32,"[0.9554, 0.9495, 0.9601, 0.9568, 0.9626, 0.9658, 0.9656, 0.9635, 0.9593, 0.9582, 0.9529, 0.9501, 0.9446, 0.9241, 0.8833, 0.8509, 0.8278, 0.8145, 0.8213, 0.8232, 0.8021, 0.8043, 0.8042, 0.8044, 0.8077, 0.8056, 0.8191, 0.8133, 0.8165, 0.8058, 0.7863, 0.7763]","[30959, 38140, 98151, 121556, 77563, 118112, 113343, 112673, 108948, 95830, 95836, 89969, 58876, 117554, 89864, 100503, 123658, 118675, 108385, 85249, 88520, 30211, 4262, 2143, 2882, 2215, 1081, 768, 116, 66, 24, 6]","[-11.7541, -11.7537, -11.7801, -11.8179, -11.7766, -11.8518, -11.8393, -11.8403, -11.8358, -11.8135, -11.8186, -11.8057, -11.7572, -11.8975, -11.8256, -11.8628, -12.0127, -11.9985, -11.968, -11.8775, -11.8974, -11.576, -11.1676, -10.9896, -10.9457, -10.8523, -10.5015, -10.3423, -9.5302, -9.1517, -8.0953, -5.7095]",15,0
SP_029,algorithmic,canonical,meta-llama/Llama-3.1-8B-Instruct,31,32,"[0.9548, 0.9493, 0.9603, 0.9568, 0.9625, 0.9655, 0.9651, 0.9622, 0.9585, 0.957, 0.9502, 0.9462, 0.9415, 0.9217, 0.8843, 0.8486, 0.8251, 0.8133, 0.8205, 0.8211, 0.7998, 0.8029, 0.8032, 0.8043, 0.8074, 0.8057, 0.8193, 0.8121, 0.8151, 0.8055, 0.7868, 0.7776]","[31198, 37781, 97702, 121565, 77607, 118564, 113560, 113841, 110423, 95844, 96368, 89778, 60779, 116598, 88581, 97035, 123305, 119404, 108177, 82520, 83478, 27791, 3042, 1572, 2160, 1617, 736, 523, 84, 55, 16, 5]","[-11.7542, -11.7536, -11.7798, -11.8179, -11.7765, -11.8535, -11.84, -11.8434, -11.8393, -11.8132, -11.8194, -11.8051, -11.7604, -11.8921, -11.8225, -11.8525, -12.0075, -12.0059, -11.9676, -11.8653, -11.8733, -11.5543, -11.1083, -10.9257, -10.8785, -10.7671, -10.3794, -10.2218, -9.4196, -9.0104, -7.8785, -5.4823]",15,0
SP_030,algorithmic,canonical,meta-llama/Llama-3.1-8B-Instruct,31,32,"[0.9551, 0.9493, 0.9598, 0.9567, 0.9625, 0.9656, 0.9653, 0.9629, 0.9591, 0.9582, 0.9511, 0.9478, 0.9428, 0.9221, 0.8818, 0.8471, 0.8256, 0.8117, 0.8187, 0.8198, 0.7982, 0.7981, 0.7974, 0.7981, 0.8016, 0.8012, 0.8158, 0.8109, 0.8141, 0.8045, 0.7861, 0.7787]","[31027, 38005, 97844, 121674, 77195, 118505, 113671, 113779, 109659, 95418, 94819, 89945, 60609, 116849, 88957, 100210, 123891, 119089, 107427, 81872, 82194, 28031, 3629, 1777, 2374, 1809, 882, 632, 104, 61, 21, 5]","[-11.7541, -11.7537, -11.7799, -11.8183, -11.7762, -11.8532, -11.8404, -11.8434, -11.8376, -11.8128, -11.8166, -11.8057, -11.7601, -11.8941, -11.8236, -11.8624, -12.0164, -12.0038, -11.9645, -11.8623, -11.8674, -11.5543, -11.1306, -10.9386, -10.8901, -10.7835, -10.418, -10.2564, -9.4372, -9.0432, -7.9469, -5.5332]",15,0
WIS_006,algorithmic,canonical,meta-llama/Llama-3.1-8B-Instruct,-1,32,"[0.9757, 0.971, 0.9741, 0.9705, 0.9774, 0.9786, 0.9774, 0.9742, 0.9705, 0.9696, 0.9716, 0.97, 0.9653, 0.9505, 0.9276, 0.9012, 0.8815, 0.8579, 0.8603, 0.8599, 0.8461, 0.8513, 0.8405, 0.838, 0.8394, 0.8316, 0.8438, 0.8343, 0.8341, 0.8272, 0.822, 0.8226]","[35426, 24337, 91891, 122744, 80637, 119726, 116959, 112508, 106092, 95784, 84544, 87298, 61058, 113512, 107962, 101292, 109529, 122448, 115909, 65397, 83690, 37639, 7482, 4028, 3647, 2171, 1826, 262, 216, 239, 43, 11]","[-11.7554, -11.7485, -11.7764, -11.8217, -11.7789, -11.8609, -11.851, -11.8401, -11.8287, -11.8136, -11.7975, -11.8007, -11.7607, -11.879, -11.872, -11.861, -11.9041, -12.0266, -12.0105, -11.7819, -11.862, -11.6314, -11.257, -11.0773, -10.9794, -10.8176, -10.6424, -10.1413, -9.7719, -9.7155, -8.5446, -6.6919]",15,0
WIS_007,algorithmic,canonical,meta-llama/Llama-3.1-8B-Instruct,-1,32,"[0.9766, 0.9719, 0.9744, 0.9714, 0.9775, 0.9788, 0.9776, 0.9741, 0.9693, 0.9677, 0.969, 0.966, 0.9644, 0.9498, 0.9293, 0.9087, 0.8891, 0.8676, 0.8671, 0.8651, 0.8507, 0.8518, 0.8417, 0.8395, 0.8389, 0.8318, 0.8452, 0.8325, 0.8305, 0.8242, 0.8169, 0.8189]","[35655, 22905, 88722, 122147, 79061, 119975, 117040, 109999, 106037, 100243, 95060, 80605, 52718, 112203, 109965, 99326, 102153, 118949, 112725, 65754, 85460, 44803, 12977, 8433, 6073, 3768, 3176, 356, 242, 339, 60, 21]","[-11.7555, -11.7479, -11.7747, -11.8195, -11.7773, -11.8609, -11.8507, -11.8334, -11.8289, -11.8215, -11.8165, -11.7897, -11.747, -11.8738, -11.8782, -11.8538, -11.875, -11.9871, -11.9847, -11.783, -11.8712, -11.6784, -11.3683, -11.2393, -11.105, -10.9599, -10.818, -10.2398, -9.8527, -9.8919, -8.7358, -6.9456]",15,0
WIS_009,algorithmic,canonical,meta-llama/Llama-3.1-8B-Instruct,-1,32,"[0.9751, 0.9697, 0.9718, 0.9682, 0.9766, 0.9783, 0.9772, 0.9739, 0.9707, 0.9716, 0.9711, 0.9682, 0.9627, 0.949, 0.9268, 0.8961, 0.8734, 0.8518, 0.8544, 0.8507, 0.8345, 0.8399, 0.8295, 0.8265, 0.8279, 0.8198, 0.8346, 0.823, 0.8211, 0.8133, 0.8076, 0.8081]","[35347, 26661, 85206, 122395, 80255, 118275, 116834, 114892, 108305, 88887, 85957, 79468, 52376, 115988, 108092, 95982, 106216, 120519, 115311, 72219, 87604, 41754, 10485, 6007, 4870, 3088, 2785, 420, 244, 298, 60, 14]","[-11.7554, -11.7495, -11.7728, -11.8202, -11.7785, -11.8545, -11.8495, -11.847, -11.8333, -11.8013, -11.7996, -11.7879, -11.7465, -11.8897, -11.8724, -11.8456, -11.8912, -12.0046, -12.0033, -11.8094, -11.8794, -11.6588, -11.3246, -11.1688, -11.0568, -10.9085, -10.7668, -10.266, -9.8387, -9.8431, -8.7623, -6.9667]",15,0
WIS_010,algorithmic,canonical,meta-llama/Llama-3.1-8B-Instruct,-1,32,"[0.9756, 0.9704, 0.9732, 0.9687, 0.976, 0.9781, 0.9771, 0.9732, 0.9706, 0.9697, 0.97, 0.9689, 0.9642, 0.9506, 0.9263, 0.9012, 0.8795, 0.8561, 0.8575, 0.8541, 0.8376, 0.8401, 0.8285, 0.822, 0.8248, 0.8142, 0.828, 0.815, 0.8138, 0.8046, 0.7972, 0.799]","[35325, 24694, 87680, 121818, 76222, 119128, 117564, 115730, 108169, 94490, 83749, 85782, 57284, 116867, 110524, 108253, 110509, 120451, 116014, 75150, 86834, 41895, 12707, 8314, 6243, 3630, 3259, 432, 268, 338, 70, 27]","[-11.7554, -11.7486, -11.7741, -11.819, -11.7745, -11.8583, -11.8526, -11.8506, -11.8334, -11.8108, -11.7961, -11.7979, -11.7546, -11.8936, -11.8817, -11.8857, -11.9087, -12.0041, -12.011, -11.8216, -11.8763, -11.6603, -11.366, -11.2375, -11.1139, -10.9568, -10.8174, -10.2807, -9.8948, -9.8959, -8.7838, -7.2277]",15,0
WIS_012,algorithmic,canonical,meta-llama/Llama-3.1-8B-Instruct,-1,32,"[0.9749, 0.9695, 0.9721, 0.9683, 0.9767, 0.9785, 0.9776, 0.9745, 0.9712, 0.9721, 0.9724, 0.9706, 0.9656, 0.9547, 0.9347, 0.9062, 0.8826, 0.8593, 0.8609, 0.8598, 0.8458, 0.8526, 0.8427, 0.8403, 0.8415, 0.8356, 0.8485, 0.836, 0.8345, 0.8274, 0.8219, 0.8233]","[34780, 26806, 85442, 122630, 80047, 118119, 116581, 115389, 109427, 91828, 88629, 77427, 52029, 116269, 112249, 102021, 109718, 121185, 116883, 73501, 88051, 43013, 10955, 6329, 5478, 3259, 2939, 433, 313, 370, 68, 15]","[-11.7552, -11.7495, -11.7729, -11.8209, -11.7782, -11.8538, -11.8488, -11.849, -11.8367, -11.8061, -11.8041, -11.7847, -11.7459, -11.8904, -11.8887, -11.8655, -11.9063, -12.0106, -12.016, -11.8147, -11.8806, -11.6683, -11.3365, -11.1841, -11.0857, -10.935, -10.794, -10.3069, -9.9619, -9.9411, -8.8316, -6.9608]",15,0
WIS_013,algorithmic,canonical,meta-llama/Llama-3.1-8B-Instruct,-1,32,"[0.9766, 0.9717, 0.9739, 0.9712, 0.9775, 0.9787, 0.9774, 0.9743, 0.9699, 0.9689, 0.9704, 0.9684, 0.9655, 0.9517, 0.9297, 0.9058, 0.888, 0.8662, 0.8674, 0.8661, 0.8528, 0.8546, 0.8428, 0.8396, 0.8398, 0.8314, 0.8441, 0.8328, 0.8283, 0.8202, 0.8113, 0.8152]","[15892, 39558, 106401, 121482, 73609, 123077, 122675, 104564, 81953, 82332, 85846, 91324, 60378, 89098, 102847, 81672, 97148, 112495, 101576, 45634, 51318, 16513, 10846, 9766, 10091, 5388, 3753, 1383, 2192, 3675, 1386, 334]","[-11.7492, -11.7543, -11.7858, -11.8175, -11.7721, -11.8757, -11.8734, -11.8222, -11.789, -11.7914, -11.7993, -11.8071, -11.7596, -11.8137, -11.8549, -11.8081, -11.8584, -11.9453, -11.9203, -11.6995, -11.7227, -11.4638, -11.3198, -11.2461, -11.1901, -11.0038, -10.8123, -10.521, -10.4754, -10.5851, -10.0556, -8.6077]",19,4
WIS_014,algorithmic,canonical,meta-llama/Llama-3.1-8B-Instruct,-1,32,"[0.9768, 0.972, 0.9748, 0.9718, 0.9778, 0.9788, 0.9776, 0.9746, 0.9705, 0.9697, 0.9711, 0.969, 0.9662, 0.9524, 0.9293, 0.9053, 0.8884, 0.8693, 0.8707, 0.8681, 0.8551, 0.8571, 0.8457, 0.8423, 0.8415, 0.8347, 0.8474, 0.8344, 0.8294, 0.8205, 0.8111, 0.8123]","[15978, 39121, 106294, 121788, 74680, 123132, 122795, 105156, 82380, 83149, 84780, 92095, 60288, 89969, 104150, 85740, 99327, 113687, 102824, 49239, 53831, 17948, 11182, 9761, 10280, 5591, 3957, 1446, 2202, 3542, 1237, 289]","[-11.7493, -11.7542, -11.7857, -11.8185, -11.7731, -11.8761, -11.8741, -11.8235, -11.7896, -11.7926, -11.7979, -11.8086, -11.7594, -11.8156, -11.8589, -11.8177, -11.866, -11.952, -11.927, -11.7136, -11.7338, -11.4777, -11.3255, -11.2453, -11.1958, -11.0166, -10.8333, -10.5428, -10.4799, -10.577, -10.0028, -8.4853]",19,4
WIS_015,algorithmic,canonical,meta-llama/Llama-3.1-8B-Instruct,-1,32,"[0.9766, 0.9716, 0.9741, 0.9711, 0.9774, 0.9787, 0.9777, 0.9746, 0.97, 0.9682, 0.9695, 0.9676, 0.965, 0.9522, 0.9303, 0.9056, 0.8876, 0.8683, 0.8698, 0.868, 0.8543, 0.8556, 0.8436, 0.8404, 0.8407, 0.8325, 0.8449, 0.8339, 0.8294, 0.823, 0.8144, 0.8181]","[15970, 39577, 106220, 121914, 74762, 123147, 122761, 104860, 82556, 81348, 87060, 91704, 59497, 90250, 106252, 89035, 101403, 115002, 102855, 50466, 58671, 20210, 13278, 11794, 13044, 7284, 5021, 1614, 2255, 3833, 1286, 302]","[-11.7493, -11.7543, -11.7856, -11.819, -11.7731, -11.8762, -11.8737, -11.8228, -11.7899, -11.7899, -11.8015, -11.8078, -11.7581, -11.8161, -11.8652, -11.826, -11.8726, -11.9589, -11.9258, -11.7194, -11.7547, -11.5003, -11.3609, -11.2887, -11.2603, -11.0877, -10.9102, -10.5848, -10.4965, -10.6141, -10.0333, -8.5516]",19,4
WIS_016,algorithmic,canonical,meta-llama/Llama-3.1-8B-Instruct,-1,32,"[0.9766, 0.9717, 0.9742, 0.9714, 0.9777, 0.9787, 0.9776, 0.9747, 0.9703, 0.9694, 0.97, 0.9681, 0.9651, 0.9508, 0.9284, 0.9028, 0.8848, 0.8613, 0.8631, 0.8613, 0.8476, 0.8515, 0.8419, 0.8382, 0.8379, 0.8298, 0.8426, 0.8314, 0.8278, 0.8191, 0.8092, 0.8112]","[15988, 39851, 106660, 121723, 74191, 123064, 122657, 105296, 81844, 80195, 85989, 93985, 61087, 90531, 104346, 83552, 100363, 113739, 105368, 50441, 53287, 17020, 10419, 9009, 9653, 5288, 3642, 1415, 2192, 3506, 1355, 362]","[-11.7493, -11.7544, -11.7859, -11.8183, -11.7726, -11.8758, -11.8732, -11.824, -11.7888, -11.7881, -11.7997, -11.8118, -11.7607, -11.8167, -11.8599, -11.8129, -11.8692, -11.9537, -11.9402, -11.7185, -11.7311, -11.4687, -11.3114, -11.2252, -11.1776, -10.9973, -10.7981, -10.5228, -10.4648, -10.5617, -10.0298, -8.6876]",19,4
WIS_017,algorithmic,canonical,meta-llama/Llama-3.1-8B-Instruct,-1,32,"[0.9765, 0.9718, 0.9746, 0.9713, 0.9775, 0.9789, 0.9779, 0.9746, 0.9707, 0.9703, 0.9717, 0.9698, 0.9676, 0.954, 0.9312, 0.908, 0.8895, 0.8721, 0.8721, 0.8721, 0.8586, 0.8612, 0.8501, 0.8466, 0.8448, 0.8368, 0.8511, 0.8401, 0.8384, 0.8325, 0.8262, 0.8325]","[16031, 40447, 106499, 121696, 74358, 122970, 122838, 104788, 80329, 81100, 82090, 90446, 56968, 88951, 107667, 86544, 103519, 113407, 105543, 54549, 56532, 17748, 11055, 9907, 10832, 5579, 3873, 1465, 2355, 4107, 1367, 354]","[-11.7493, -11.7546, -11.7858, -11.8182, -11.7727, -11.875, -11.874, -11.8226, -11.7866, -11.7896, -11.7934, -11.8057, -11.754, -11.8138, -11.8709, -11.82, -11.88, -11.9512, -11.9423, -11.7361, -11.7455, -11.4736, -11.3165, -11.2435, -11.2048, -11.0165, -10.8238, -10.5389, -10.4993, -10.6365, -10.0567, -8.5975]",19,4
WIS_018,algorithmic,canonical,meta-llama/Llama-3.1-8B-Instruct,-1,32,"[0.9765, 0.9719, 0.9752, 0.9718, 0.9777, 0.979, 0.9777, 0.9745, 0.9701, 0.9695, 0.9712, 0.9692, 0.9668, 0.9537, 0.9318, 0.9076, 0.8893, 0.8716, 0.8724, 0.8721, 0.8582, 0.8604, 0.8504, 0.8469, 0.8472, 0.8364, 0.8489, 0.839, 0.836, 0.8294, 0.8216, 0.8273]","[16039, 39498, 106411, 121931, 74389, 122795, 122485, 104427, 80508, 82413, 83175, 91688, 57352, 90060, 109012, 88957, 104466, 113544, 105563, 54098, 55786, 17641, 11515, 10284, 11403, 6027, 4134, 1496, 2342, 4155, 1502, 369]","[-11.7493, -11.7543, -11.7857, -11.8189, -11.7728, -11.874, -11.8722, -11.8218, -11.7868, -11.7917, -11.7952, -11.8079, -11.7546, -11.8159, -11.8756, -11.8263, -11.8835, -11.9517, -11.9421, -11.7341, -11.7425, -11.473, -11.3244, -11.2513, -11.2195, -11.032, -10.8406, -10.5399, -10.4979, -10.6388, -10.0934, -8.6065]",19,4
WIS_019,algorithmic,canonical,meta-llama/Llama-3.1-8B-Instruct,-1,32,"[0.9767, 0.9721, 0.9751, 0.972, 0.9778, 0.9788, 0.9775, 0.9745, 0.9699, 0.969, 0.971, 0.9691, 0.9666, 0.9519, 0.9287, 0.9056, 0.8876, 0.8701, 0.871, 0.871, 0.8567, 0.8589, 0.8482, 0.8442, 0.8435, 0.8344, 0.8468, 0.8366, 0.8322, 0.8256, 0.8185, 0.8236]","[15893, 39995, 107068, 122182, 74446, 122985, 122643, 104796, 79433, 82429, 82556, 89704, 56074, 86788, 106858, 85496, 102256, 113145, 104731, 53558, 55655, 17807, 11362, 10314, 11223, 5940, 4086, 1514, 2389, 4133, 1459, 364]","[-11.7493, -11.7544, -11.7863, -11.8197, -11.7728, -11.8753, -11.8732, -11.8226, -11.7853, -11.7916, -11.794, -11.8042, -11.7525, -11.8094, -11.8681, -11.8174, -11.8757, -11.9499, -11.9385, -11.7321, -11.7419, -11.4736, -11.3206, -11.2509, -11.2136, -11.0282, -10.8377, -10.5403, -10.4981, -10.634, -10.0828, -8.6003]",19,4
WIS_020,algorithmic,canonical,meta-llama/Llama-3.1-8B-Instruct,-1,32,"[0.9766, 0.972, 0.9753, 0.9723, 0.9782, 0.9791, 0.978, 0.9749, 0.9702, 0.9695, 0.9709, 0.9688, 0.9665, 0.9528, 0.9298, 0.9064, 0.888, 0.8706, 0.8712, 0.8713, 0.8575, 0.8596, 0.8498, 0.8454, 0.8456, 0.8345, 0.8465, 0.8367, 0.8348, 0.8281, 0.821, 0.8262]","[15940, 39745, 106288, 121803, 74192, 122855, 122363, 104159, 78951, 81624, 82453, 91460, 57715, 88721, 107546, 87889, 104108, 114052, 105413, 53421, 55045, 17014, 10628, 9296, 10481, 5433, 3709, 1410, 2347, 4055, 1341, 332]","[-11.7493, -11.7543, -11.7857, -11.8185, -11.7726, -11.8744, -11.8716, -11.8213, -11.7847, -11.7903, -11.7939, -11.8074, -11.7552, -11.8132, -11.8704, -11.8235, -11.8823, -11.955, -11.9421, -11.7311, -11.7389, -11.4659, -11.3055, -11.2255, -11.1949, -11.0056, -10.8052, -10.5223, -10.4963, -10.6312, -10.0474, -8.5494]",19,4
SP_031,algorithmic,canonical,meta-llama/Llama-3.1-8B-Instruct,-1,32,"[0.9584, 0.9534, 0.9629, 0.9608, 0.9646, 0.9667, 0.9658, 0.9619, 0.9609, 0.9618, 0.9576, 0.9542, 0.9456, 0.9128, 0.863, 0.8355, 0.8146, 0.8032, 0.8094, 0.8112, 0.7898, 0.7888, 0.7921, 0.7937, 0.8003, 0.8017, 0.8174, 0.816, 0.818, 0.8124, 0.7937, 0.7841]","[31810, 37021, 100300, 122849, 77225, 118938, 112594, 113768, 105909, 98921, 85090, 82661, 48769, 117696, 96539, 117018, 127008, 124371, 117018, 97398, 95464, 39617, 9083, 4197, 4703, 3987, 2298, 1454, 206, 141, 41, 7]","[-11.7544, -11.7534, -11.7813, -11.822, -11.7761, -11.8553, -11.8373, -11.8442, -11.8286, -11.8195, -11.7995, -11.7935, -11.7401, -11.8988, -11.8438, -11.9329, -12.0912, -12.071, -12.0395, -11.9454, -11.9409, -11.637, -11.2872, -11.0934, -11.0353, -10.9652, -10.6845, -10.4972, -9.6911, -9.4182, -8.3816, -5.9893]",15,0
SP_032,algorithmic,canonical,meta-llama/Llama-3.1-8B-Instruct,-1,32,"[0.9603, 0.9548, 0.9641, 0.9612, 0.9644, 0.9667, 0.9658, 0.9616, 0.9596, 0.9581, 0.9535, 0.9502, 0.9411, 0.909, 0.8501, 0.8197, 0.8058, 0.7979, 0.806, 0.8076, 0.7855, 0.7841, 0.7864, 0.7872, 0.7946, 0.7969, 0.8141, 0.8114, 0.8175, 0.812, 0.7951, 0.7849]","[31788, 35955, 94273, 121835, 79533, 118484, 112481, 111897, 104985, 99471, 88544, 86726, 53525, 116496, 92072, 116233, 126406, 122500, 113729, 90835, 90075, 35083, 9129, 4633, 5384, 4277, 2481, 1660, 324, 250, 76, 11]","[-11.7544, -11.753, -11.7776, -11.8189, -11.7783, -11.8523, -11.8368, -11.8384, -11.8263, -11.8206, -11.8057, -11.8003, -11.7483, -11.893, -11.8317, -11.9282, -12.0722, -12.0422, -12.0115, -11.9088, -11.9101, -11.6057, -11.2834, -11.1031, -11.0601, -10.9725, -10.6912, -10.5199, -9.8223, -9.5913, -8.6197, -6.2416]",15,0
SP_033,algorithmic,canonical,meta-llama/Llama-3.1-8B-Instruct,-1,32,"[0.9603, 0.9549, 0.9643, 0.9616, 0.9645, 0.967, 0.9662, 0.9625, 0.961, 0.9601, 0.9553, 0.9528, 0.9432, 0.9126, 0.8519, 0.8206, 0.8052, 0.7933, 0.7998, 0.8009, 0.7772, 0.7754, 0.7806, 0.7832, 0.791, 0.7929, 0.8123, 0.812, 0.8174, 0.8134, 0.7969, 0.7876]","[31370, 34931, 94393, 122327, 79521, 119144, 111880, 111665, 105651, 99935, 87157, 84708, 51577, 116641, 91689, 114132, 126186, 122775, 113666, 89239, 88433, 34672, 7986, 3806, 4369, 3349, 1787, 1304, 253, 191, 54, 9]","[-11.7543, -11.7527, -11.7776, -11.8201, -11.7782, -11.8546, -11.8352, -11.8379, -11.8278, -11.8215, -11.8032, -11.7969, -11.745, -11.8933, -11.8307, -11.9171, -12.0644, -12.0451, -12.0123, -11.9022, -11.9031, -11.6003, -11.2562, -11.0636, -11.0062, -10.9036, -10.5927, -10.4334, -9.7059, -9.4523, -8.4592, -6.0479]",15,0
SP_034,algorithmic,canonical,meta-llama/Llama-3.1-8B-Instruct,-1,32,"[0.9601, 0.9547, 0.9635, 0.9605, 0.964, 0.9664, 0.9653, 0.9621, 0.9603, 0.9588, 0.9541, 0.9513, 0.9421, 0.911, 0.8539, 0.821, 0.8077, 0.7956, 0.8021, 0.803, 0.7797, 0.7764, 0.7792, 0.7798, 0.7872, 0.7892, 0.8066, 0.8048, 0.8087, 0.8034, 0.7853, 0.7738]","[31942, 35463, 94967, 121562, 78470, 118293, 111997, 111900, 105060, 99074, 85447, 85320, 50669, 115571, 92723, 115474, 126326, 122385, 113946, 90296, 89316, 35117, 8736, 4173, 4690, 3705, 2011, 1410, 261, 191, 57, 10]","[-11.7545, -11.7529, -11.778, -11.8182, -11.7772, -11.8517, -11.8355, -11.8385, -11.8265, -11.8199, -11.8002, -11.798, -11.7434, -11.8881, -11.8332, -11.9241, -12.0692, -12.0402, -12.0134, -11.9069, -11.907, -11.605, -11.2736, -11.0794, -11.0208, -10.9304, -10.6265, -10.4616, -9.7242, -9.4487, -8.4629, -6.1371]",15,0
SP_035,algorithmic,canonical,meta-llama/Llama-3.1-8B-Instruct,-1,32,"[0.9617, 0.9569, 0.9655, 0.9621, 0.9646, 0.965, 0.9646, 0.9607, 0.9589, 0.9602, 0.9573, 0.9537, 0.9444, 0.9096, 0.8533, 0.8228, 0.8081, 0.8033, 0.8126, 0.8142, 0.7944, 0.7963, 0.7978, 0.7993, 0.8043, 0.8055, 0.8205, 0.8167, 0.8184, 0.8093, 0.7921, 0.7798]","[31234, 37239, 98547, 122044, 81396, 119457, 114063, 112127, 104127, 99158, 88381, 85492, 53507, 117456, 94166, 116668, 125895, 122034, 112252, 89811, 93287, 36432, 9134, 4358, 5238, 4102, 2425, 1494, 196, 132, 42, 7]","[-11.7543, -11.7535, -11.7802, -11.8193, -11.7803, -11.8562, -11.8404, -11.8391, -11.8243, -11.8197, -11.8054, -11.7983, -11.7482, -11.8981, -11.8365, -11.9294, -12.0549, -12.034, -11.9976, -11.9018, -11.9258, -11.6167, -11.2907, -11.1054, -11.0623, -10.9718, -10.7015, -10.517, -9.6906, -9.4008, -8.3687, -5.9871]",15,0
SP_036,algorithmic,canonical,meta-llama/Llama-3.1-8B-Instruct,-1,32,"[0.9603, 0.9549, 0.9636, 0.9608, 0.9644, 0.9668, 0.9657, 0.9621, 0.9606, 0.9595, 0.9547, 0.9519, 0.9438, 0.9132, 0.8528, 0.8236, 0.8083, 0.7984, 0.8064, 0.8083, 0.7851, 0.7856, 0.7881, 0.7903, 0.798, 0.7998, 0.8174, 0.8125, 0.8181, 0.813, 0.7959, 0.7817]","[31826, 35994, 94476, 121802, 80904, 118873, 112460, 111783, 105210, 98630, 86508, 86336, 51950, 116648, 94525, 115803, 126409, 122737, 114433, 89221, 88193, 33793, 8427, 3985, 4646, 3627, 1988, 1439, 271, 208, 66, 10]","[-11.7544, -11.753, -11.7777, -11.8189, -11.7797, -11.8536, -11.8366, -11.8381, -11.8266, -11.819, -11.8021, -11.7996, -11.7457, -11.8934, -11.8385, -11.9273, -12.0738, -12.046, -12.0174, -11.9012, -11.9006, -11.5947, -11.267, -11.0718, -11.0176, -10.9229, -10.6185, -10.4592, -9.7302, -9.4702, -8.4813, -6.1897]",15,0
SP_037,algorithmic,canonical,meta-llama/Llama-3.1-8B-Instruct,-1,32,"[0.9569, 0.9515, 0.9609, 0.9588, 0.963, 0.9652, 0.9656, 0.9623, 0.9622, 0.9639, 0.9616, 0.9602, 0.9506, 0.9202, 0.8642, 0.8299, 0.8089, 0.7969, 0.802, 0.8024, 0.7791, 0.7781, 0.7801, 0.7819, 0.7882, 0.7866, 0.8063, 0.8036, 0.8106, 0.8064, 0.7882, 0.7809]","[30624, 36225, 92368, 121408, 78325, 117282, 112173, 114431, 109678, 94179, 94812, 87140, 61492, 119658, 94323, 112607, 126340, 123742, 114987, 90342, 88726, 35055, 7671, 3446, 3942, 3280, 1802, 1385, 241, 168, 53, 9]","[-11.754, -11.7531, -11.7765, -11.8174, -11.7773, -11.8487, -11.8361, -11.8463, -11.8374, -11.8103, -11.8169, -11.801, -11.7617, -11.9096, -11.8381, -11.9117, -12.0717, -12.0617, -12.0229, -11.9083, -11.9058, -11.6024, -11.249, -11.0492, -10.989, -10.9072, -10.6076, -10.4688, -9.7156, -9.4287, -8.4244, -6.0033]",15,0
SP_038,algorithmic,canonical,meta-llama/Llama-3.1-8B-Instruct,-1,32,"[0.9522, 0.9458, 0.9552, 0.9531, 0.9575, 0.9613, 0.9609, 0.9606, 0.9573, 0.9579, 0.9511, 0.9479, 0.9392, 0.9122, 0.8647, 0.828, 0.8059, 0.7927, 0.7995, 0.8029, 0.7799, 0.7812, 0.783, 0.7836, 0.7889, 0.7911, 0.8084, 0.8047, 0.8102, 0.8027, 0.7861, 0.7758]","[31342, 37048, 95505, 120801, 79397, 119480, 114183, 115170, 110100, 96610, 96329, 95129, 66120, 118122, 101003, 112497, 126616, 123835, 117128, 95281, 93777, 36955, 8572, 3923, 4580, 3742, 1956, 1301, 165, 127, 44, 8]","[-11.7542, -11.7533, -11.7785, -11.8166, -11.7782, -11.8563, -11.8431, -11.8484, -11.8395, -11.8151, -11.8204, -11.8154, -11.7696, -11.9015, -11.857, -11.9099, -12.0779, -12.0579, -12.0356, -11.9322, -11.9313, -11.6197, -11.2764, -11.0814, -11.0284, -10.9426, -10.6377, -10.4616, -9.606, -9.3376, -8.3255, -6.0073]",15,0
SP_039,algorithmic,canonical,meta-llama/Llama-3.1-8B-Instruct,-1,32,"[0.9521, 0.9457, 0.9553, 0.9532, 0.9575, 0.9613, 0.9611, 0.9604, 0.9571, 0.9572, 0.9501, 0.9466, 0.9376, 0.9108, 0.8652, 0.8304, 0.8093, 0.7963, 0.8015, 0.8043, 0.7818, 0.7818, 0.7844, 0.786, 0.7919, 0.7933, 0.8098, 0.8048, 0.8097, 0.802, 0.7872, 0.7758]","[31537, 37566, 95519, 120662, 78706, 119575, 113665, 115107, 109234, 95260, 94849, 93545, 64527, 118577, 100824, 113589, 126730, 123514, 116703, 95662, 94694, 38621, 9219, 4225, 4916, 4090, 2205, 1432, 182, 144, 48, 12]","[-11.7543, -11.7535, -11.7784, -11.816, -11.7775, -11.8566, -11.8413, -11.8481, -11.8371, -11.8127, -11.8174, -11.8125, -11.7667, -11.904, -11.8567, -11.915, -12.0821, -12.0539, -12.0341, -11.9359, -11.938, -11.6305, -11.2855, -11.0903, -11.0404, -10.96, -10.6671, -10.485, -9.6493, -9.3942, -8.417, -6.1085]",15,0
SP_040,algorithmic,canonical,meta-llama/Llama-3.1-8B-Instruct,31,32,"[0.9547, 0.9491, 0.9602, 0.9566, 0.962, 0.9651, 0.9651, 0.9624, 0.9588, 0.9576, 0.951, 0.9478, 0.9412, 0.9188, 0.8739, 0.8387, 0.816, 0.8051, 0.8112, 0.815, 0.7936, 0.7956, 0.795, 0.7945, 0.7977, 0.7974, 0.8127, 0.8085, 0.8126, 0.8052, 0.7869, 0.7778]","[30579, 37712, 97581, 121506, 78165, 118620, 113438, 112877, 109991, 94698, 97498, 91461, 59424, 116311, 89396, 100756, 124274, 118243, 108856, 84944, 87583, 31697, 5227, 2619, 3697, 2646, 1246, 832, 135, 84, 30, 5]","[-11.754, -11.7536, -11.7797, -11.8177, -11.7771, -11.8534, -11.8398, -11.8409, -11.8385, -11.8114, -11.8221, -11.8084, -11.7582, -11.8919, -11.8243, -11.8633, -12.0207, -11.9939, -11.9693, -11.8763, -11.8935, -11.5856, -11.1972, -11.0178, -10.989, -10.8772, -10.5293, -10.3487, -9.5888, -9.2484, -8.1746, -5.7371]",15,0
SP_042,algorithmic,canonical,meta-llama/Llama-3.1-8B-Instruct,-1,32,"[0.9518, 0.9451, 0.9548, 0.9528, 0.9582, 0.962, 0.9621, 0.9603, 0.9562, 0.9569, 0.949, 0.946, 0.9383, 0.9075, 0.8651, 0.8375, 0.8186, 0.8125, 0.8203, 0.8257, 0.8065, 0.8139, 0.8163, 0.8189, 0.8211, 0.8205, 0.8354, 0.8295, 0.832, 0.8246, 0.8105, 0.7957]","[30795, 38078, 92953, 120469, 76517, 118414, 113820, 117582, 110512, 92825, 97474, 92496, 62134, 121211, 101885, 113501, 126444, 121551, 116137, 99896, 99978, 40425, 9157, 4225, 4646, 3711, 1535, 857, 84, 56, 19, 6]","[-11.754, -11.7537, -11.7769, -11.8155, -11.7753, -11.8525, -11.8413, -11.856, -11.8404, -11.8085, -11.8227, -11.8111, -11.7628, -11.9203, -11.8595, -11.9122, -12.0705, -12.0264, -12.0236, -11.9554, -11.9629, -11.6461, -11.2961, -11.1067, -11.0458, -10.9632, -10.6016, -10.3706, -9.4192, -9.1014, -8.0481, -5.6193]",15,0
SP_044,algorithmic,canonical,meta-llama/Llama-3.1-8B-Instruct,-1,32,"[0.9545, 0.949, 0.9583, 0.9563, 0.9618, 0.9652, 0.9659, 0.9632, 0.9628, 0.9609, 0.956, 0.9506, 0.9428, 0.9076, 0.8502, 0.8239, 0.8085, 0.8005, 0.8098, 0.8158, 0.7954, 0.7979, 0.8041, 0.8056, 0.8102, 0.8118, 0.8275, 0.8229, 0.8286, 0.8229, 0.8082, 0.7951]","[30568, 39491, 91929, 121173, 77994, 117804, 112080, 114063, 107815, 89864, 92467, 82433, 57616, 119198, 95387, 112994, 126317, 122607, 116637, 97250, 99521, 43243, 14198, 6833, 7260, 5530, 3109, 1905, 213, 169, 59, 13]","[-11.754, -11.7542, -11.7763, -11.8168, -11.7769, -11.85, -11.8357, -11.8443, -11.8324, -11.8031, -11.8122, -11.793, -11.7551, -11.9068, -11.8403, -11.91, -12.0667, -12.041, -12.0329, -11.9431, -11.9635, -11.6623, -11.3758, -11.1958, -11.1423, -11.0524, -10.7816, -10.5897, -9.745, -9.5137, -8.5734, -6.1474]",15,0
SP_045,algorithmic,canonical,meta-llama/Llama-3.1-8B-Instruct,-1,32,"[0.9568, 0.9518, 0.9607, 0.9586, 0.9632, 0.9651, 0.9654, 0.9621, 0.9618, 0.9637, 0.9611, 0.9593, 0.9502, 0.9229, 0.8698, 0.8406, 0.8188, 0.802, 0.8061, 0.8061, 0.7822, 0.7811, 0.7848, 0.7864, 0.7922, 0.7943, 0.8108, 0.807, 0.8127, 0.8063, 0.7887, 0.78]","[30988, 36762, 93656, 121930, 79272, 118195, 112758, 114635, 109786, 95530, 91955, 84685, 60101, 118677, 93819, 111949, 125852, 123710, 114308, 88890, 86572, 31863, 6496, 3044, 3537, 2727, 1472, 1220, 218, 137, 40, 6]","[-11.7541, -11.7533, -11.7773, -11.8192, -11.7783, -11.8518, -11.8374, -11.8463, -11.8376, -11.8128, -11.8116, -11.7969, -11.7593, -11.9037, -11.8364, -11.9081, -12.0566, -12.0611, -12.0192, -11.9009, -11.8936, -11.5804, -11.2224, -11.0314, -10.9685, -10.8682, -10.5605, -10.4388, -9.698, -9.3892, -8.3308, -5.8583]",15,0
SP_046,algorithmic,canonical,meta-llama/Llama-3.1-8B-Instruct,31,32,"[0.9553, 0.9497, 0.9598, 0.9565, 0.9625, 0.9657, 0.9654, 0.9625, 0.9595, 0.9583, 0.951, 0.9475, 0.9417, 0.9185, 0.8742, 0.8405, 0.8173, 0.8045, 0.8123, 0.8145, 0.793, 0.7936, 0.7941, 0.7949, 0.7973, 0.797, 0.8115, 0.8084, 0.8124, 0.8022, 0.7841, 0.7799]","[30971, 38228, 98167, 121320, 78098, 118573, 113738, 113600, 109691, 94599, 94921, 89224, 59732, 117021, 88640, 102685, 124006, 119564, 108606, 84281, 86638, 30379, 4433, 2243, 2961, 2263, 1193, 887, 124, 86, 29, 5]","[-11.7541, -11.7538, -11.7801, -11.8174, -11.7771, -11.8534, -11.8404, -11.8428, -11.8374, -11.8114, -11.8168, -11.8044, -11.7586, -11.8947, -11.8226, -11.8699, -12.0167, -12.0064, -11.9698, -11.8732, -11.8891, -11.5749, -11.1657, -10.989, -10.9438, -10.8479, -10.5239, -10.3712, -9.5621, -9.2343, -8.1475, -5.7765]",15,0
SP_047,algorithmic,canonical,meta-llama/Llama-3.1-8B-Instruct,-1,32,"[0.9569, 0.9519, 0.9612, 0.9592, 0.9631, 0.9651, 0.965, 0.9611, 0.9612, 0.9629, 0.9602, 0.9586, 0.9491, 0.9202, 0.8659, 0.8347, 0.8129, 0.7962, 0.8022, 0.8029, 0.7795, 0.778, 0.7823, 0.7842, 0.7895, 0.7923, 0.8089, 0.8065, 0.8132, 0.8062, 0.7881, 0.7803]","[31439, 37389, 93542, 121676, 79117, 117837, 113118, 115042, 109608, 95528, 92526, 87252, 62755, 119746, 97573, 114535, 126291, 124399, 116183, 91508, 88926, 34037, 7612, 3432, 3891, 3168, 1880, 1616, 293, 211, 63, 12]","[-11.7543, -11.7535, -11.7772, -11.8183, -11.7782, -11.8507, -11.8386, -11.8476, -11.837, -11.8128, -11.8126, -11.8012, -11.7638, -11.9101, -11.8471, -11.921, -12.07, -12.0735, -12.0338, -11.9142, -11.9056, -11.5965, -11.252, -11.0517, -10.988, -10.8993, -10.6172, -10.5094, -9.7824, -9.5119, -8.5195, -6.2102]",15,0
SP_048,algorithmic,canonical,meta-llama/Llama-3.1-8B-Instruct,31,32,"[0.9549, 0.9495, 0.9604, 0.9569, 0.9624, 0.9654, 0.9652, 0.9628, 0.9593, 0.9577, 0.9505, 0.9469, 0.941, 0.9195, 0.8786, 0.8438, 0.8206, 0.8078, 0.8142, 0.8154, 0.7926, 0.7932, 0.7922, 0.7932, 0.7965, 0.796, 0.8108, 0.8049, 0.8088, 0.7995, 0.7805, 0.775]","[31029, 38137, 98283, 121707, 78531, 118401, 113026, 113189, 109631, 95218, 95255, 89110, 59995, 116097, 88116, 100967, 124068, 119314, 108168, 82845, 83758, 28409, 3458, 1694, 2286, 1777, 889, 652, 104, 60, 19, 5]","[-11.7541, -11.7537, -11.7801, -11.8184, -11.7775, -11.8529, -11.8385, -11.8416, -11.8373, -11.8124, -11.8174, -11.8042, -11.7591, -11.8906, -11.8216, -11.8645, -12.0186, -12.0053, -11.9681, -11.8666, -11.8752, -11.558, -11.1255, -10.932, -10.8859, -10.7831, -10.4272, -10.2683, -9.4573, -9.0517, -7.9632, -5.557]",15,0
SP_049,algorithmic,canonical,meta-llama/Llama-3.1-8B-Instruct,-1,32,"[0.9583, 0.9535, 0.9626, 0.9602, 0.9639, 0.9659, 0.9652, 0.961, 0.9596, 0.9604, 0.9561, 0.9524, 0.9421, 0.9116, 0.8586, 0.8324, 0.813, 0.8045, 0.8107, 0.8115, 0.7893, 0.7891, 0.7943, 0.796, 0.8025, 0.8036, 0.8214, 0.8192, 0.8238, 0.8172, 0.7991, 0.7862]","[31988, 37598, 100692, 122419, 78327, 118773, 113204, 114379, 105938, 98756, 83280, 84984, 52458, 118784, 96676, 116582, 126697, 123337, 114886, 89818, 88419, 34559, 8934, 4235, 4739, 3893, 2183, 1375, 217, 146, 40, 9]","[-11.7545, -11.7536, -11.7816, -11.8207, -11.7771, -11.8546, -11.8387, -11.8457, -11.8284, -11.8193, -11.7965, -11.7973, -11.7464, -11.9051, -11.8441, -11.9303, -12.08, -12.0555, -12.0225, -11.9047, -11.9028, -11.6005, -11.2789, -11.092, -11.0323, -10.9551, -10.6703, -10.4919, -9.7155, -9.4422, -8.3795, -5.9727]",15,0
SP_050,algorithmic,canonical,meta-llama/Llama-3.1-8B-Instruct,-1,32,"[0.9605, 0.9549, 0.9636, 0.9605, 0.9637, 0.9658, 0.9651, 0.9612, 0.9589, 0.9576, 0.953, 0.9502, 0.9419, 0.9131, 0.8573, 0.8229, 0.809, 0.7989, 0.8056, 0.8073, 0.7848, 0.7825, 0.7841, 0.7845, 0.792, 0.7925, 0.8087, 0.8059, 0.8109, 0.8049, 0.784, 0.7712]","[31219, 35705, 94614, 121485, 79825, 118648, 112729, 112199, 105129, 98320, 86404, 87215, 53220, 114705, 90730, 112445, 125868, 121008, 111195, 86602, 86133, 31476, 7660, 3625, 4285, 3332, 1802, 1237, 221, 176, 55, 10]","[-11.7543, -11.7529, -11.7778, -11.818, -11.7786, -11.8531, -11.8375, -11.8393, -11.8266, -11.8185, -11.8019, -11.8012, -11.7478, -11.885, -11.8284, -11.9093, -12.0557, -12.0247, -11.9927, -11.8875, -11.8897, -11.5789, -11.2528, -11.0592, -11.0087, -10.9095, -10.6031, -10.427, -9.6803, -9.4278, -8.4589, -6.064]",15,0
SP_051,algorithmic,canonical,meta-llama/Llama-3.1-8B-Instruct,-1,32,"[0.9603, 0.9548, 0.964, 0.9613, 0.9642, 0.9665, 0.9656, 0.9624, 0.9612, 0.9602, 0.9555, 0.9528, 0.9436, 0.9126, 0.8522, 0.8214, 0.8054, 0.7953, 0.8025, 0.8052, 0.7834, 0.7841, 0.7877, 0.7899, 0.7978, 0.7996, 0.8175, 0.8137, 0.8186, 0.8127, 0.7957, 0.7807]","[31606, 35297, 94838, 122086, 80260, 118763, 112073, 111188, 103764, 97172, 86783, 85165, 52490, 116716, 95543, 115654, 126109, 122432, 114340, 89495, 90022, 34739, 8725, 4175, 5023, 3831, 1941, 1377, 232, 180, 57, 11]","[-11.7544, -11.7528, -11.7778, -11.8194, -11.779, -11.8532, -11.8357, -11.8368, -11.8239, -11.8163, -11.8025, -11.7976, -11.7467, -11.8933, -11.8403, -11.9255, -12.0634, -12.041, -12.0152, -11.9021, -11.9096, -11.6024, -11.2745, -11.0841, -11.0404, -10.9403, -10.6224, -10.4596, -9.6946, -9.443, -8.4692, -6.1107]",15,0
SP_052,algorithmic,canonical,meta-llama/Llama-3.1-8B-Instruct,-1,32,"[0.9582, 0.9532, 0.9625, 0.9602, 0.9642, 0.9662, 0.9657, 0.9617, 0.9599, 0.9608, 0.9558, 0.9511, 0.9416, 0.9133, 0.8656, 0.8394, 0.8173, 0.805, 0.8089, 0.8093, 0.7861, 0.7851, 0.7897, 0.7919, 0.7974, 0.7995, 0.8181, 0.8154, 0.8197, 0.8136, 0.7955, 0.7843]","[31730, 37659, 100735, 122587, 79173, 118873, 113429, 114387, 105530, 98135, 83007, 83915, 51727, 118077, 96897, 116196, 126763, 123480, 116103, 91186, 89997, 34955, 8340, 3715, 4239, 3413, 1703, 1163, 167, 115, 35, 7]","[-11.7544, -11.7536, -11.7816, -11.8213, -11.778, -11.8552, -11.8393, -11.8458, -11.8275, -11.818, -11.7959, -11.7955, -11.7452, -11.9011, -11.844, -11.9278, -12.083, -12.0575, -12.0339, -11.9133, -11.9121, -11.6021, -11.2616, -11.0585, -10.9981, -10.9097, -10.5831, -10.4096, -9.5792, -9.2904, -8.2336, -5.8558]",15,0
SP_053,algorithmic,canonical,meta-llama/Llama-3.1-8B-Instruct,-1,32,"[0.9623, 0.957, 0.9671, 0.9642, 0.9668, 0.9681, 0.966, 0.9614, 0.959, 0.9577, 0.9512, 0.947, 0.9401, 0.9145, 0.8633, 0.8323, 0.8139, 0.804, 0.8102, 0.8094, 0.7868, 0.7866, 0.7897, 0.79, 0.7957, 0.7981, 0.8147, 0.8118, 0.8147, 0.8086, 0.7909, 0.7761]","[31228, 39252, 100457, 122481, 76797, 118773, 112769, 110993, 103220, 93931, 85556, 81340, 55370, 116757, 95527, 113284, 125705, 121904, 114836, 93255, 94772, 38863, 10591, 5186, 6175, 4517, 2466, 1572, 231, 162, 46, 7]","[-11.7543, -11.7542, -11.7814, -11.8205, -11.7757, -11.8528, -11.8366, -11.8351, -11.8227, -11.8103, -11.8005, -11.7913, -11.7515, -11.8926, -11.8394, -11.9111, -12.0505, -12.0316, -12.0177, -11.9201, -11.9345, -11.6348, -11.3181, -11.1407, -11.1022, -10.9971, -10.709, -10.5308, -9.7389, -9.4712, -8.4559, -5.9602]",15,0
SP_054,algorithmic,canonical,meta-llama/Llama-3.1-8B-Instruct,-1,32,"[0.9603, 0.9548, 0.9633, 0.9606, 0.9637, 0.9658, 0.9646, 0.9616, 0.9591, 0.9582, 0.954, 0.9513, 0.9417, 0.9104, 0.8527, 0.8211, 0.8043, 0.7943, 0.8017, 0.804, 0.7815, 0.7813, 0.7845, 0.7863, 0.7937, 0.7953, 0.8133, 0.8106, 0.8164, 0.8113, 0.7943, 0.7814]","[31907, 36476, 95095, 121629, 79604, 118577, 112612, 111238, 103939, 97399, 86685, 87797, 52362, 116469, 92642, 115394, 126405, 122299, 113589, 89218, 87915, 33956, 8808, 4378, 4995, 3903, 2121, 1488, 295, 220, 65, 10]","[-11.7544, -11.7532, -11.778, -11.8184, -11.7784, -11.8528, -11.8372, -11.837, -11.824, -11.8169, -11.8024, -11.8021, -11.7463, -11.8931, -11.8331, -11.9241, -12.0716, -12.0387, -12.0097, -11.9008, -11.8985, -11.5964, -11.2768, -11.0911, -11.0382, -10.9427, -10.6406, -10.4772, -9.7621, -9.5083, -8.5294, -6.1543]",15,0
SP_055,algorithmic,canonical,meta-llama/Llama-3.1-8B-Instruct,-1,32,"[0.9617, 0.9567, 0.9656, 0.962, 0.9646, 0.965, 0.9647, 0.9609, 0.9584, 0.9597, 0.9568, 0.9532, 0.9451, 0.9157, 0.8638, 0.8302, 0.8145, 0.8114, 0.8205, 0.8229, 0.8045, 0.8089, 0.8106, 0.8106, 0.8139, 0.8158, 0.8304, 0.8268, 0.8286, 0.8207, 0.8022, 0.7896]","[31441, 37565, 98607, 121932, 80885, 119585, 114089, 111672, 103691, 97054, 89311, 85640, 55583, 116814, 93434, 113103, 125638, 120578, 112519, 90413, 94863, 36714, 9971, 4935, 6139, 4568, 2319, 1308, 161, 110, 37, 6]","[-11.7543, -11.7536, -11.7802, -11.8191, -11.7798, -11.8568, -11.8407, -11.8378, -11.8234, -11.816, -11.8072, -11.7986, -11.7518, -11.8945, -11.8337, -11.9108, -12.0476, -12.0158, -11.9959, -11.9042, -11.9336, -11.6208, -11.3088, -11.1339, -11.1056, -11.0082, -10.7002, -10.4961, -9.6497, -9.3663, -8.3004, -5.8281]",15,0
SP_056,algorithmic,canonical,meta-llama/Llama-3.1-8B-Instruct,-1,32,"[0.9603, 0.9549, 0.964, 0.9611, 0.9641, 0.9666, 0.9655, 0.962, 0.9598, 0.9587, 0.9543, 0.9516, 0.9427, 0.9116, 0.8504, 0.8193, 0.8029, 0.7898, 0.7966, 0.7977, 0.7745, 0.7738, 0.7779, 0.7806, 0.7882, 0.7907, 0.8088, 0.8066, 0.8121, 0.808, 0.7915, 0.7777]","[31664, 35680, 94850, 121870, 79185, 118777, 112451, 112189, 105290, 98419, 88153, 86951, 53282, 115641, 92821, 116218, 126444, 123574, 115656, 92656, 92955, 38011, 9950, 4817, 5655, 4419, 2361, 1585, 296, 228, 69, 12]","[-11.7544, -11.7529, -11.7779, -11.819, -11.7779, -11.8533, -11.8369, -11.8392, -11.8269, -11.8186, -11.805, -11.8007, -11.748, -11.8891, -11.8336, -11.9286, -12.0739, -12.058, -12.027, -11.92, -11.9271, -11.6255, -11.2966, -11.1089, -11.0677, -10.9726, -10.6735, -10.4998, -9.768, -9.5408, -8.5552, -6.1962]",15,0
SP_057,algorithmic,canonical,meta-llama/Llama-3.1-8B-Instruct,-1,32,"[0.9618, 0.9569, 0.9667, 0.9628, 0.9655, 0.9662, 0.9657, 0.9618, 0.96, 0.9612, 0.957, 0.9534, 0.9447, 0.9129, 0.8595, 0.8284, 0.8128, 0.8073, 0.8154, 0.8172, 0.7967, 0.8004, 0.8049, 0.806, 0.8112, 0.8132, 0.8296, 0.826, 0.8291, 0.8227, 0.8056, 0.7904]","[31236, 37424, 98308, 122590, 79877, 119330, 113356, 111508, 103480, 96981, 91293, 86648, 55832, 118106, 95765, 114810, 125716, 120901, 112201, 91023, 95240, 38113, 10457, 5160, 6302, 4612, 2479, 1411, 192, 133, 44, 7]","[-11.7543, -11.7535, -11.7801, -11.8209, -11.7788, -11.8559, -11.8385, -11.8374, -11.8232, -11.8158, -11.8107, -11.8003, -11.7522, -11.9014, -11.8402, -11.919, -12.0509, -12.0206, -11.9961, -11.9081, -11.9363, -11.6297, -11.317, -11.1432, -11.1118, -11.0108, -10.7175, -10.5164, -9.7116, -9.4442, -8.43, -5.9359]",15,0
SP_058,algorithmic,canonical,meta-llama/Llama-3.1-8B-Instruct,-1,32,"[0.9601, 0.9548, 0.9636, 0.9605, 0.9642, 0.9665, 0.9656, 0.9619, 0.9604, 0.9591, 0.9548, 0.9517, 0.9427, 0.9112, 0.8564, 0.8239, 0.8102, 0.8015, 0.8085, 0.8107, 0.7893, 0.7872, 0.7892, 0.7901, 0.7968, 0.7979, 0.8155, 0.8123, 0.8155, 0.8094, 0.7923, 0.7825]","[31683, 35507, 94549, 121623, 79576, 118660, 112135, 111390, 104997, 98506, 86735, 86574, 51969, 115786, 92580, 114400, 126073, 121761, 111878, 86086, 85610, 32585, 8078, 4037, 4659, 3535, 1855, 1327, 253, 190, 55, 9]","[-11.7544, -11.7529, -11.7777, -11.8184, -11.7784, -11.8529, -11.8358, -11.8371, -11.8262, -11.8187, -11.8024, -11.8, -11.7457, -11.8893, -11.8326, -11.9179, -12.0613, -12.0335, -11.9988, -11.8851, -11.8881, -11.5846, -11.2551, -11.07, -11.0147, -10.9127, -10.595, -10.4388, -9.7098, -9.4526, -8.4589, -6.0847]",15,0
SP_059,algorithmic,canonical,meta-llama/Llama-3.1-8B-Instruct,-1,32,"[0.9581, 0.9532, 0.9622, 0.96, 0.9641, 0.966, 0.9652, 0.9606, 0.9588, 0.9596, 0.955, 0.9512, 0.942, 0.913, 0.8632, 0.8334, 0.8121, 0.8001, 0.8056, 0.8068, 0.7833, 0.7802, 0.7835, 0.7848, 0.7908, 0.7925, 0.8094, 0.8064, 0.81, 0.8024, 0.7839, 0.7752]","[31575, 36867, 100600, 122511, 78726, 118713, 113677, 114218, 105434, 99282, 84598, 85518, 50513, 117975, 97249, 115304, 126448, 123002, 114617, 90705, 88805, 35040, 8936, 4346, 4691, 3778, 2120, 1408, 209, 147, 46, 8]","[-11.7543, -11.7533, -11.7815, -11.821, -11.7776, -11.8545, -11.8403, -11.8453, -11.8275, -11.8205, -11.7987, -11.7985, -11.7431, -11.9003, -11.8452, -11.9231, -12.0721, -12.0501, -12.021, -11.9098, -11.9051, -11.6038, -11.2758, -11.0908, -11.0248, -10.9391, -10.6506, -10.478, -9.6745, -9.3994, -8.3895, -6.0245]",15,0
SP_060,algorithmic,canonical,meta-llama/Llama-3.1-8B-Instruct,-1,32,"[0.9582, 0.9534, 0.9628, 0.9601, 0.9639, 0.9662, 0.9655, 0.9615, 0.9596, 0.9603, 0.9557, 0.9519, 0.9429, 0.9122, 0.8593, 0.8328, 0.8144, 0.804, 0.809, 0.8105, 0.7879, 0.7867, 0.7899, 0.7902, 0.7953, 0.7967, 0.8129, 0.8095, 0.8142, 0.8083, 0.7901, 0.7806]","[31803, 37688, 100592, 122615, 78646, 118748, 113011, 114338, 106436, 99570, 83445, 86508, 50093, 118161, 97348, 116244, 126720, 122479, 113937, 92446, 90100, 35078, 8367, 3956, 4447, 3828, 2058, 1323, 191, 127, 40, 7]","[-11.7544, -11.7536, -11.7815, -11.8214, -11.7775, -11.8544, -11.8382, -11.8455, -11.8295, -11.8207, -11.7967, -11.8, -11.7424, -11.9018, -11.8464, -11.9284, -12.0806, -12.043, -12.0135, -11.9173, -11.9102, -11.606, -11.2724, -11.0793, -11.0205, -10.9535, -10.6486, -10.4707, -9.6587, -9.3639, -8.3033, -5.9042]",15,0
SP_061,algorithmic,canonical,meta-llama/Llama-3.1-8B-Instruct,-1,32,"[0.9602, 0.9548, 0.9636, 0.9609, 0.9636, 0.9659, 0.9649, 0.9618, 0.9595, 0.9586, 0.9541, 0.9515, 0.9431, 0.9131, 0.8535, 0.824, 0.8076, 0.7977, 0.8048, 0.8065, 0.7847, 0.7828, 0.785, 0.7877, 0.7947, 0.797, 0.8148, 0.8115, 0.8161, 0.8094, 0.7911, 0.7752]","[31780, 36228, 95671, 121878, 80834, 118781, 113113, 112780, 106110, 99748, 88720, 88377, 51975, 113101, 88808, 113519, 126091, 122877, 114128, 88983, 88864, 35044, 8786, 4200, 4907, 3757, 1984, 1384, 286, 218, 68, 12]","[-11.7544, -11.7531, -11.7784, -11.819, -11.7796, -11.8534, -11.8385, -11.8409, -11.8289, -11.8214, -11.8062, -11.8033, -11.7457, -11.8788, -11.8238, -11.9149, -12.0637, -12.0481, -12.0157, -11.9009, -11.9053, -11.6037, -11.2743, -11.0822, -11.0334, -10.934, -10.6221, -10.4556, -9.7487, -9.4981, -8.544, -6.1619]",15,0
SP_062,algorithmic,canonical,meta-llama/Llama-3.1-8B-Instruct,-1,32,"[0.9565, 0.9514, 0.9607, 0.9587, 0.9628, 0.9646, 0.9648, 0.9614, 0.961, 0.9626, 0.96, 0.9585, 0.9493, 0.9183, 0.8617, 0.8284, 0.8081, 0.7961, 0.8012, 0.8016, 0.7782, 0.7779, 0.7802, 0.7819, 0.7887, 0.7907, 0.8097, 0.8062, 0.8127, 0.8075, 0.7889, 0.7803]","[30653, 37038, 92377, 121649, 78232, 117829, 112405, 114713, 110072, 94001, 94973, 86252, 61412, 119405, 93417, 112329, 126230, 123513, 114627, 90163, 89786, 36249, 8280, 3790, 4394, 3683, 2077, 1534, 255, 178, 52, 9]","[-11.754, -11.7533, -11.7765, -11.8182, -11.7772, -11.8504, -11.8366, -11.8471, -11.8384, -11.8101, -11.8173, -11.7996, -11.7615, -11.9083, -11.8358, -11.9104, -12.0682, -12.0576, -12.02, -11.9074, -11.9113, -11.6123, -11.2655, -11.0701, -11.0149, -10.9358, -10.6511, -10.5029, -9.74, -9.4533, -8.4539, -6.0206]",15,0
SP_063,algorithmic,canonical,meta-llama/Llama-3.1-8B-Instruct,-1,32,"[0.952, 0.9456, 0.9551, 0.953, 0.958, 0.9616, 0.9614, 0.9607, 0.9577, 0.9583, 0.9512, 0.9482, 0.9394, 0.9118, 0.8636, 0.8292, 0.8075, 0.7957, 0.8025, 0.806, 0.7829, 0.7838, 0.7874, 0.7893, 0.7954, 0.7958, 0.8121, 0.8072, 0.8128, 0.8046, 0.7888, 0.778]","[31457, 37731, 95076, 120690, 78165, 119348, 114358, 115252, 110621, 96483, 94449, 93358, 64517, 118434, 97961, 112954, 126535, 123043, 116193, 95447, 94685, 38108, 8296, 3910, 4516, 3835, 1732, 1108, 129, 95, 35, 8]","[-11.7542, -11.7536, -11.7781, -11.8162, -11.777, -11.8558, -11.8434, -11.8485, -11.8407, -11.8148, -11.8164, -11.8122, -11.7667, -11.9037, -11.848, -11.9118, -12.0747, -12.0456, -12.0279, -11.9328, -11.9361, -11.6279, -11.2722, -11.0813, -11.0302, -10.9536, -10.6149, -10.422, -9.5322, -9.218, -8.1971, -5.8829]",15,0
SP_064,algorithmic,canonical,meta-llama/Llama-3.1-8B-Instruct,-1,32,"[0.9566, 0.9516, 0.9606, 0.9583, 0.9626, 0.9649, 0.9648, 0.9613, 0.9613, 0.9633, 0.9609, 0.9597, 0.9505, 0.9201, 0.8644, 0.8304, 0.8085, 0.7956, 0.8006, 0.8017, 0.7791, 0.7783, 0.7808, 0.7825, 0.7884, 0.7909, 0.8096, 0.8067, 0.8126, 0.8082, 0.7901, 0.778]","[30382, 36910, 92415, 121554, 78525, 117644, 112602, 114752, 109527, 94653, 93870, 86749, 60082, 119312, 95785, 113741, 126383, 124023, 116162, 92218, 90446, 35803, 8104, 3737, 4221, 3431, 1969, 1454, 247, 174, 50, 9]","[-11.754, -11.7533, -11.7765, -11.818, -11.7775, -11.8501, -11.8373, -11.8473, -11.8372, -11.8112, -11.8152, -11.8004, -11.7594, -11.9079, -11.8422, -11.9173, -12.0722, -12.0666, -12.0327, -11.9188, -11.9153, -11.6084, -11.2609, -11.0661, -11.0048, -10.9211, -10.6378, -10.4928, -9.7367, -9.4463, -8.4274, -6.025]",15,0
SP_065,algorithmic,canonical,meta-llama/Llama-3.1-8B-Instruct,-1,32,"[0.9563, 0.9515, 0.9604, 0.9582, 0.9627, 0.9647, 0.9649, 0.9618, 0.9614, 0.9632, 0.9611, 0.9597, 0.9497, 0.9189, 0.8605, 0.8275, 0.8073, 0.7931, 0.7978, 0.798, 0.7737, 0.772, 0.7744, 0.7759, 0.7824, 0.7858, 0.8043, 0.8011, 0.8078, 0.8046, 0.7887, 0.7796]","[30613, 36756, 92574, 121345, 79269, 117807, 112820, 114547, 109854, 94297, 93898, 86120, 61686, 119628, 94394, 113257, 126343, 124000, 115428, 89912, 88691, 35785, 8242, 3624, 4035, 3365, 1875, 1409, 236, 175, 57, 8]","[-11.754, -11.7533, -11.7766, -11.8174, -11.7783, -11.8505, -11.8379, -11.8465, -11.8377, -11.8106, -11.8152, -11.7994, -11.762, -11.9097, -11.8388, -11.9156, -12.0723, -12.0675, -12.0278, -11.9068, -11.9062, -11.6081, -11.2619, -11.0584, -10.9927, -10.9098, -10.6137, -10.4674, -9.6977, -9.4246, -8.44, -6.0015]",15,0
SP_066,algorithmic,canonical,meta-llama/Llama-3.1-8B-Instruct,-1,32,"[0.955, 0.9493, 0.959, 0.9569, 0.9623, 0.9654, 0.9662, 0.9635, 0.9631, 0.9613, 0.9566, 0.9518, 0.9433, 0.9083, 0.8514, 0.8241, 0.809, 0.799, 0.8074, 0.8111, 0.7904, 0.7907, 0.7955, 0.7969, 0.802, 0.804, 0.82, 0.8164, 0.8208, 0.8172, 0.803, 0.7936]","[30123, 40227, 91974, 121354, 77313, 117558, 111855, 113304, 107528, 88675, 92213, 83166, 56859, 119259, 96209, 112405, 126279, 122733, 116211, 95484, 96969, 41838, 12724, 6072, 6290, 4774, 2812, 1875, 208, 166, 58, 12]","[-11.7539, -11.7543, -11.7763, -11.8173, -11.7762, -11.8492, -11.8351, -11.842, -11.8319, -11.8013, -11.812, -11.7943, -11.7539, -11.9072, -11.8427, -11.9076, -12.0654, -12.043, -12.0308, -11.9341, -11.949, -11.6528, -11.3518, -11.17, -11.1069, -11.0113, -10.7455, -10.5725, -9.7112, -9.4803, -8.5381, -6.1427]",15,0
SP_068,algorithmic,canonical,meta-llama/Llama-3.1-8B-Instruct,-1,32,"[0.9514, 0.9446, 0.9546, 0.9526, 0.9583, 0.9624, 0.9624, 0.9601, 0.9555, 0.9557, 0.9471, 0.9441, 0.9361, 0.9073, 0.8601, 0.8323, 0.8141, 0.8084, 0.8172, 0.8232, 0.8047, 0.8112, 0.8133, 0.8152, 0.8174, 0.8171, 0.8314, 0.8244, 0.8277, 0.82, 0.8068, 0.7908]","[30683, 38617, 93076, 120570, 78007, 118709, 113800, 117187, 109687, 94217, 98801, 96130, 65944, 120972, 102893, 114913, 126577, 121869, 116592, 99840, 99861, 40947, 10225, 4753, 4977, 4122, 1770, 1001, 101, 70, 27, 7]","[-11.754, -11.7539, -11.7769, -11.8158, -11.7768, -11.8534, -11.841, -11.8548, -11.8384, -11.8109, -11.8256, -11.818, -11.7694, -11.9197, -11.8634, -11.9201, -12.0757, -12.03, -12.0283, -11.9564, -11.9623, -11.6493, -11.3129, -11.1244, -11.0575, -10.9801, -10.6328, -10.4134, -9.4758, -9.1632, -8.1343, -5.6891]",15,0
SP_069,algorithmic,canonical,meta-llama/Llama-3.1-8B-Instruct,-1,32,"[0.9536, 0.9471, 0.9572, 0.9548, 0.9604, 0.9647, 0.9637, 0.9628, 0.9574, 0.9568, 0.9475, 0.9451, 0.9396, 0.9137, 0.8745, 0.8432, 0.8209, 0.8122, 0.8186, 0.8237, 0.8044, 0.8098, 0.812, 0.8125, 0.8137, 0.8126, 0.8269, 0.8197, 0.8232, 0.8119, 0.7918, 0.7782]","[30566, 38103, 94411, 120788, 81617, 119677, 115906, 115151, 110356, 95068, 97766, 92200, 56525, 117181, 94700, 106709, 124830, 120527, 113177, 92010, 93676, 37181, 7374, 3588, 4533, 3407, 1564, 953, 134, 92, 34, 6]","[-11.754, -11.7537, -11.7778, -11.8161, -11.7805, -11.857, -11.8476, -11.8479, -11.8396, -11.8122, -11.8226, -11.8098, -11.7533, -11.8959, -11.8374, -11.8832, -12.0326, -12.0164, -11.9982, -11.911, -11.9252, -11.6254, -11.259, -11.0784, -11.0459, -10.9457, -10.6112, -10.4106, -9.6212, -9.293, -8.2218, -5.8367]",15,0
SP_070,algorithmic,canonical,meta-llama/Llama-3.1-8B-Instruct,-1,32,"[0.9565, 0.9516, 0.9606, 0.9583, 0.9627, 0.9646, 0.9648, 0.9612, 0.961, 0.9626, 0.9596, 0.9574, 0.9491, 0.9212, 0.8707, 0.8409, 0.8203, 0.8054, 0.8102, 0.8115, 0.789, 0.788, 0.7911, 0.7921, 0.7985, 0.8009, 0.8165, 0.8121, 0.8173, 0.8111, 0.7928, 0.7842]","[30807, 37594, 93033, 121681, 79282, 118013, 112515, 114878, 110519, 96081, 92618, 85724, 61881, 118497, 95209, 111493, 125990, 123487, 113958, 88201, 85564, 31416, 6169, 2820, 3376, 2668, 1450, 1236, 220, 141, 42, 6]","[-11.7541, -11.7535, -11.7769, -11.8183, -11.7783, -11.8512, -11.8369, -11.8469, -11.8392, -11.8138, -11.8128, -11.7987, -11.7624, -11.9027, -11.8401, -11.9062, -12.0603, -12.0577, -12.0152, -11.8965, -11.8878, -11.5769, -11.212, -11.013, -10.9559, -10.858, -10.5521, -10.4369, -9.69, -9.3851, -8.3458, -5.9167]",15,0
SP_071,algorithmic,canonical,meta-llama/Llama-3.1-8B-Instruct,-1,32,"[0.9525, 0.9462, 0.9554, 0.9533, 0.9576, 0.9613, 0.9612, 0.9602, 0.9565, 0.9573, 0.95, 0.9466, 0.9382, 0.9114, 0.8675, 0.8341, 0.8144, 0.8047, 0.8134, 0.8177, 0.7949, 0.7966, 0.7995, 0.8015, 0.8062, 0.8071, 0.8214, 0.8144, 0.8174, 0.8072, 0.7897, 0.7753]","[31965, 37758, 96673, 120917, 79393, 119436, 113912, 115559, 110318, 96374, 93843, 93493, 66529, 118915, 97183, 113241, 126174, 123290, 116828, 97877, 97552, 39400, 8406, 3935, 4642, 3703, 1808, 1213, 127, 87, 31, 6]","[-11.7544, -11.7536, -11.7791, -11.8167, -11.7783, -11.8559, -11.8421, -11.849, -11.84, -11.8151, -11.8155, -11.8123, -11.7703, -11.906, -11.8454, -11.9124, -12.0643, -12.0495, -12.0322, -11.9452, -11.9501, -11.6388, -11.2798, -11.0896, -11.0386, -10.9506, -10.6277, -10.4558, -9.5506, -9.1994, -8.1559, -5.7968]",15,0
SP_072,algorithmic,canonical,meta-llama/Llama-3.1-8B-Instruct,-1,32,"[0.9568, 0.9516, 0.9609, 0.9588, 0.9631, 0.9652, 0.9654, 0.9616, 0.9614, 0.9627, 0.9601, 0.9579, 0.9496, 0.922, 0.8691, 0.8376, 0.8174, 0.7998, 0.8054, 0.8059, 0.7833, 0.7814, 0.7839, 0.7857, 0.7917, 0.7945, 0.8106, 0.8094, 0.8146, 0.8082, 0.7884, 0.7808]","[30910, 37458, 93671, 121761, 80017, 117784, 112595, 114618, 109676, 95838, 92608, 85456, 63151, 120181, 97139, 111972, 125984, 124033, 115348, 90076, 87976, 33232, 6346, 2906, 3447, 2790, 1555, 1283, 228, 149, 45, 7]","[-11.7541, -11.7535, -11.7773, -11.8187, -11.779, -11.8503, -11.8371, -11.8463, -11.8373, -11.8133, -11.8128, -11.7982, -11.7645, -11.9127, -11.8458, -11.9084, -12.0601, -12.066, -12.0264, -11.9066, -11.9002, -11.5909, -11.2193, -11.0227, -10.9618, -10.8681, -10.5676, -10.4471, -9.7012, -9.4011, -8.3728, -5.9732]",15,0
SP_073,algorithmic,canonical,meta-llama/Llama-3.1-8B-Instruct,31,32,"[0.9551, 0.9495, 0.9602, 0.9569, 0.9622, 0.9653, 0.9652, 0.9626, 0.9589, 0.9577, 0.9505, 0.947, 0.9419, 0.922, 0.8824, 0.849, 0.8259, 0.8133, 0.8199, 0.8223, 0.8011, 0.8022, 0.8016, 0.802, 0.8048, 0.8041, 0.8177, 0.8128, 0.8162, 0.8087, 0.7898, 0.7824]","[30888, 37976, 97952, 121685, 77452, 118235, 113589, 113423, 109640, 95312, 96277, 89769, 61182, 117134, 89154, 98591, 123277, 118133, 107387, 82686, 84268, 28117, 3484, 1867, 2587, 1858, 915, 625, 93, 59, 19, 5]","[-11.7541, -11.7537, -11.7799, -11.8182, -11.7764, -11.8523, -11.8402, -11.8421, -11.8373, -11.8124, -11.8194, -11.8052, -11.761, -11.8949, -11.8235, -11.8564, -12.0069, -11.9945, -11.9629, -11.8658, -11.8766, -11.5578, -11.1295, -10.9553, -10.9179, -10.8084, -10.4493, -10.2798, -9.4482, -9.0684, -7.9517, -5.578]",15,0
WIS_021,algorithmic,canonical,meta-llama/Llama-3.1-8B-Instruct,-1,32,"[0.9746, 0.9689, 0.9727, 0.9688, 0.9767, 0.9771, 0.9755, 0.9717, 0.9671, 0.9659, 0.9652, 0.9639, 0.9599, 0.9388, 0.9102, 0.8803, 0.8595, 0.8416, 0.8455, 0.8445, 0.827, 0.8352, 0.8281, 0.8243, 0.8243, 0.8142, 0.8261, 0.8124, 0.8126, 0.8026, 0.7956, 0.7911]","[4365, 6881, 53105, 108615, 37539, 95803, 108826, 116000, 88325, 73568, 43028, 37788, 56701, 96388, 106051, 77624, 105140, 89839, 84220, 16764, 16820, 4485, 995, 903, 901, 641, 412, 130, 137, 195, 42, 19]","[-11.7414, -11.7369, -11.7567, -11.7973, -11.7376, -11.8064, -11.8305, -11.8515, -11.799, -11.7789, -11.7329, -11.7246, -11.7537, -11.8307, -11.8663, -11.7993, -11.8882, -11.8511, -11.8464, -11.5548, -11.5515, -11.2935, -10.9763, -10.8587, -10.7413, -10.5836, -10.3374, -9.9887, -9.6783, -9.7042, -8.5454, -7.0702]",16,1
WIS_022,algorithmic,canonical,meta-llama/Llama-3.1-8B-Instruct,-1,32,"[0.975, 0.9696, 0.9724, 0.9688, 0.9771, 0.9786, 0.9776, 0.9744, 0.9712, 0.9713, 0.9711, 0.9687, 0.964, 0.9511, 0.9285, 0.8964, 0.8714, 0.8433, 0.8438, 0.8407, 0.8236, 0.8309, 0.8195, 0.816, 0.8188, 0.8093, 0.8257, 0.8163, 0.8173, 0.8116, 0.8108, 0.8138]","[35720, 27230, 85983, 122625, 79967, 118140, 116446, 115158, 109855, 91946, 85961, 76335, 50259, 116705, 107080, 97191, 108456, 120359, 115447, 74058, 86277, 38581, 10258, 5411, 4508, 2690, 2685, 388, 191, 260, 65, 14]","[-11.7554, -11.7497, -11.7732, -11.821, -11.7782, -11.854, -11.8482, -11.8477, -11.8375, -11.8063, -11.7993, -11.7831, -11.7429, -11.8926, -11.8694, -11.8495, -11.9014, -12.0035, -12.0076, -11.8173, -11.8743, -11.6385, -11.3184, -11.146, -11.0344, -10.8684, -10.7588, -10.2414, -9.7543, -9.761, -8.7463, -6.9101]",15,0
WIS_023,algorithmic,canonical,meta-llama/Llama-3.1-8B-Instruct,-1,32,"[0.9761, 0.9713, 0.9754, 0.9717, 0.9785, 0.9802, 0.9779, 0.9742, 0.9689, 0.9684, 0.9678, 0.9648, 0.9626, 0.9488, 0.9261, 0.8986, 0.8808, 0.8605, 0.8643, 0.866, 0.8513, 0.8535, 0.8442, 0.8387, 0.8382, 0.8292, 0.8427, 0.8292, 0.8255, 0.8186, 0.8094, 0.8134]","[19340, 47693, 110739, 125115, 115173, 125055, 126733, 119030, 92969, 107505, 72506, 64961, 83956, 101471, 120016, 108927, 105053, 106223, 90571, 36049, 39315, 22261, 9992, 8392, 9599, 7790, 3236, 1549, 2442, 3151, 766, 161]","[-11.7507, -11.7568, -11.7892, -11.8301, -11.8236, -11.8878, -11.9066, -11.8583, -11.8057, -11.8357, -11.7785, -11.7662, -11.7978, -11.8427, -11.9268, -11.8876, -11.8863, -11.9138, -11.8711, -11.6604, -11.675, -11.5224, -11.3109, -11.2216, -11.1886, -11.1067, -10.7935, -10.5654, -10.5192, -10.5497, -9.8203, -8.1511]",18,3
WIS_024,algorithmic,canonical,meta-llama/Llama-3.1-8B-Instruct,-1,32,"[0.9768, 0.9721, 0.9743, 0.9714, 0.9776, 0.9788, 0.9775, 0.9744, 0.9701, 0.9692, 0.9704, 0.9685, 0.9666, 0.9548, 0.9339, 0.9082, 0.8897, 0.8698, 0.8712, 0.8696, 0.8561, 0.8569, 0.8455, 0.8415, 0.8413, 0.8329, 0.8464, 0.8366, 0.8315, 0.8244, 0.8148, 0.8185]","[15809, 39851, 106773, 121749, 74640, 123043, 122754, 105086, 82530, 81997, 85366, 94011, 61000, 92988, 108137, 91132, 104040, 114772, 104861, 52534, 58191, 19750, 12072, 11012, 12436, 6677, 4500, 1636, 2335, 3961, 1315, 298]","[-11.7492, -11.7544, -11.786, -11.8184, -11.773, -11.8755, -11.8735, -11.8233, -11.7898, -11.791, -11.7988, -11.8122, -11.7606, -11.8223, -11.8724, -11.8313, -11.8819, -11.9578, -11.9365, -11.7279, -11.7524, -11.4958, -11.3418, -11.2738, -11.2471, -11.0671, -10.8756, -10.5869, -10.5119, -10.6299, -10.0418, -8.5409]",19,4
WIS_025,algorithmic,canonical,meta-llama/Llama-3.1-8B-Instruct,-1,32,"[0.976, 0.9712, 0.9747, 0.9713, 0.9784, 0.9801, 0.9778, 0.9739, 0.9693, 0.9687, 0.9684, 0.9658, 0.9637, 0.9498, 0.9249, 0.8985, 0.88, 0.8627, 0.8668, 0.8681, 0.853, 0.8557, 0.8479, 0.8432, 0.8423, 0.8337, 0.8468, 0.8321, 0.8278, 0.8204, 0.8097, 0.8135]","[19377, 47802, 111085, 125033, 115093, 125027, 126767, 119288, 93580, 107462, 70359, 60302, 82235, 100162, 116755, 105059, 103164, 109387, 90440, 33969, 41148, 22777, 10880, 10105, 11045, 9415, 3825, 1671, 3140, 3977, 929, 198]","[-11.7507, -11.7568, -11.7896, -11.8297, -11.8237, -11.888, -11.9077, -11.8594, -11.8066, -11.8357, -11.7752, -11.7591, -11.7947, -11.839, -11.9064, -11.8725, -11.8791, -11.9278, -11.8709, -11.6515, -11.6834, -11.5276, -11.3271, -11.2668, -11.2283, -11.1621, -10.8512, -10.5998, -10.6121, -10.6355, -9.9165, -8.2257]",18,3
WIS_026,algorithmic,canonical,meta-llama/Llama-3.1-8B-Instruct,-1,32,"[0.9766, 0.9716, 0.974, 0.9712, 0.9775, 0.9788, 0.9777, 0.9745, 0.9703, 0.9692, 0.9705, 0.9683, 0.9663, 0.9535, 0.9318, 0.9062, 0.8891, 0.8691, 0.8697, 0.8695, 0.8571, 0.8598, 0.8458, 0.8424, 0.8426, 0.8345, 0.8471, 0.8355, 0.8297, 0.8224, 0.8132, 0.8189]","[16042, 40141, 106831, 121704, 74373, 122955, 122642, 104939, 81689, 81973, 84737, 91071, 59798, 89408, 106245, 87616, 101506, 114892, 103732, 50826, 56561, 19254, 11862, 10387, 11330, 5949, 4362, 1582, 2177, 3456, 1158, 274]","[-11.7493, -11.7545, -11.7861, -11.8182, -11.7728, -11.8752, -11.8731, -11.823, -11.7886, -11.7909, -11.7977, -11.8067, -11.7586, -11.8145, -11.8657, -11.8225, -11.8729, -11.9588, -11.9308, -11.7205, -11.7457, -11.4903, -11.337, -11.2591, -11.2209, -11.0303, -10.8567, -10.5622, -10.4703, -10.5632, -9.9743, -8.4737]",19,4
WIS_027,algorithmic,canonical,meta-llama/Llama-3.1-8B-Instruct,-1,32,"[0.9767, 0.9721, 0.9755, 0.9722, 0.978, 0.979, 0.9778, 0.9746, 0.9702, 0.9695, 0.9713, 0.9692, 0.9666, 0.953, 0.9298, 0.9051, 0.8858, 0.8687, 0.869, 0.8691, 0.8551, 0.8578, 0.8479, 0.844, 0.8441, 0.8333, 0.847, 0.8363, 0.8332, 0.8266, 0.8186, 0.8246]","[15924, 39719, 106866, 122020, 74551, 122988, 122634, 105163, 80725, 82166, 82303, 91787, 56998, 89048, 107395, 87158, 103575, 112927, 104774, 53915, 54684, 17250, 10946, 9628, 10645, 5615, 3841, 1400, 2181, 3754, 1402, 323]","[-11.7493, -11.7544, -11.7861, -11.8193, -11.773, -11.8752, -11.873, -11.8234, -11.7871, -11.7912, -11.7935, -11.8079, -11.754, -11.8139, -11.8696, -11.8215, -11.8806, -11.9488, -11.9387, -11.7332, -11.7373, -11.468, -11.3137, -11.2369, -11.2015, -11.0138, -10.8203, -10.5186, -10.4643, -10.6004, -10.0654, -8.5499]",19,4
WIS_028,algorithmic,canonical,meta-llama/Llama-3.1-8B-Instruct,-1,32,"[0.976, 0.9712, 0.9745, 0.9708, 0.978, 0.9799, 0.9777, 0.9738, 0.9692, 0.9686, 0.9682, 0.9655, 0.9633, 0.9488, 0.9242, 0.8951, 0.8763, 0.8552, 0.8595, 0.8614, 0.8453, 0.8487, 0.8393, 0.8349, 0.8349, 0.8253, 0.8393, 0.8256, 0.8215, 0.8141, 0.8037, 0.8102]","[19491, 48572, 110873, 125032, 114861, 124986, 126783, 119441, 93657, 108346, 72355, 63640, 83575, 100811, 119679, 108594, 106504, 106704, 90472, 37369, 39606, 22023, 9952, 8287, 9221, 7514, 3084, 1484, 2315, 2925, 725, 162]","[-11.7507, -11.7571, -11.7894, -11.8297, -11.8229, -11.8876, -11.9079, -11.8602, -11.8067, -11.8376, -11.7784, -11.7643, -11.7971, -11.8408, -11.9246, -11.8868, -11.8923, -11.9163, -11.8712, -11.667, -11.6765, -11.5204, -11.3091, -11.2177, -11.179, -11.0956, -10.778, -10.5486, -10.4961, -10.5201, -9.7882, -8.1317]",18,3
WIS_029,algorithmic,canonical,meta-llama/Llama-3.1-8B-Instruct,-1,32,"[0.9767, 0.972, 0.9743, 0.9715, 0.9777, 0.979, 0.9777, 0.9746, 0.9704, 0.9695, 0.9706, 0.9683, 0.9658, 0.9534, 0.9326, 0.908, 0.8899, 0.8676, 0.8685, 0.8659, 0.8526, 0.8544, 0.8435, 0.8399, 0.8391, 0.8314, 0.8461, 0.8332, 0.8291, 0.82, 0.811, 0.8141]","[15879, 40626, 106626, 121674, 74585, 123070, 122670, 104343, 81022, 82651, 82594, 90850, 58488, 93006, 108572, 91091, 104943, 116406, 105532, 53057, 58951, 20840, 12898, 11937, 12962, 7395, 4843, 1775, 2531, 4393, 1386, 361]","[-11.7492, -11.7547, -11.7859, -11.8181, -11.773, -11.8758, -11.8733, -11.8217, -11.7876, -11.7919, -11.7941, -11.8063, -11.7566, -11.822, -11.8737, -11.8313, -11.885, -11.9685, -11.9406, -11.73, -11.7559, -11.5072, -11.3565, -11.2935, -11.26, -11.092, -10.8966, -10.6114, -10.5373, -10.6678, -10.0605, -8.6381]",19,4
WIS_030,algorithmic,canonical,meta-llama/Llama-3.1-8B-Instruct,-1,32,"[0.9752, 0.9698, 0.9724, 0.9685, 0.9768, 0.9781, 0.9769, 0.9737, 0.9707, 0.9718, 0.9712, 0.9682, 0.9634, 0.951, 0.9305, 0.8989, 0.877, 0.8532, 0.8521, 0.8498, 0.8334, 0.8394, 0.8271, 0.822, 0.8257, 0.8172, 0.8318, 0.822, 0.822, 0.8159, 0.8106, 0.8163]","[4166, 6864, 48257, 109795, 29534, 88236, 103022, 112711, 79118, 65312, 41648, 27001, 40243, 88042, 103233, 76986, 103547, 89761, 85740, 17619, 15316, 2875, 557, 490, 521, 356, 262, 74, 113, 116, 35, 8]","[-11.7412, -11.7369, -11.7544, -11.7986, -11.7284, -11.7952, -11.8176, -11.8412, -11.785, -11.7671, -11.7302, -11.7044, -11.7254, -11.8124, -11.8582, -11.7986, -11.8818, -11.8511, -11.8528, -11.5579, -11.5343, -11.2287, -10.8489, -10.7009, -10.5815, -10.3887, -10.1365, -9.7471, -9.5394, -9.5045, -8.4715, -6.6894]",16,1
WIS_031,algorithmic,canonical,meta-llama/Llama-3.1-8B-Instruct,-1,32,"[0.9752, 0.9696, 0.971, 0.9677, 0.9763, 0.9782, 0.9772, 0.9733, 0.9701, 0.9703, 0.9709, 0.9679, 0.9639, 0.9489, 0.928, 0.9004, 0.8798, 0.8605, 0.8602, 0.8583, 0.8434, 0.8497, 0.8394, 0.8359, 0.8378, 0.8297, 0.8417, 0.8309, 0.8308, 0.8242, 0.8185, 0.8215]","[35196, 26656, 85804, 122384, 80676, 118436, 117308, 116003, 110177, 94562, 87003, 78562, 56711, 117752, 110163, 97415, 103221, 120479, 115972, 72762, 88206, 39212, 9816, 5189, 4322, 2492, 2572, 356, 210, 256, 48, 11]","[-11.7553, -11.7495, -11.7731, -11.8201, -11.7789, -11.855, -11.851, -11.8509, -11.8384, -11.8106, -11.8008, -11.7864, -11.7538, -11.899, -11.8799, -11.8499, -11.8794, -12.002, -12.0077, -11.8107, -11.88, -11.6462, -11.3162, -11.1461, -11.031, -10.8745, -10.769, -10.2687, -9.8506, -9.8269, -8.6642, -6.6734]",15,0
WIS_032,algorithmic,canonical,meta-llama/Llama-3.1-8B-Instruct,-1,32,"[0.9753, 0.97, 0.9715, 0.9678, 0.9766, 0.9782, 0.977, 0.9736, 0.9706, 0.9715, 0.9718, 0.9693, 0.9643, 0.9501, 0.9275, 0.8965, 0.8747, 0.8552, 0.8557, 0.8562, 0.843, 0.8501, 0.8421, 0.8399, 0.8419, 0.8346, 0.8463, 0.835, 0.8356, 0.8294, 0.8235, 0.8245]","[34567, 26522, 85195, 122259, 80009, 118461, 116973, 115424, 109751, 92030, 86863, 78700, 51286, 114687, 110015, 100428, 109239, 119854, 116283, 71151, 91004, 48025, 13937, 9345, 7513, 4611, 4909, 768, 531, 727, 105, 50]","[-11.7552, -11.7494, -11.7728, -11.8198, -11.7782, -11.8552, -11.85, -11.8486, -11.837, -11.8065, -11.8008, -11.7867, -11.7448, -11.8843, -11.8793, -11.8589, -11.9034, -11.9967, -12.0124, -11.8052, -11.8949, -11.6973, -11.3801, -11.2544, -11.1475, -11.0074, -10.9264, -10.4466, -10.1265, -10.1597, -9.0356, -7.5124]",15,0
BW_001,planning_suite,canonical,meta-llama/Llama-3.1-8B-Instruct,30,32,"[0.9089, 0.8876, 0.9189, 0.9182, 0.9382, 0.9504, 0.9562, 0.9577, 0.9582, 0.9588, 0.9521, 0.9498, 0.9558, 0.9496, 0.9547, 0.9539, 0.9542, 0.9507, 0.9574, 0.9604, 0.9594, 0.9629, 0.961, 0.9628, 0.9545, 0.9392, 0.9371, 0.9227, 0.9232, 0.9206, 0.9162, 0.9204]","[120070, 91304, 89814, 67816, 40495, 72567, 98142, 63311, 66781, 53190, 78766, 112588, 101723, 75569, 88130, 48470, 51509, 33144, 31205, 29987, 30243, 32748, 7839, 12291, 16081, 49, 17, 11, 15, 10, 5, 1]","[-11.7787, -11.7708, -11.7752, -11.7649, -11.7402, -11.7748, -11.8069, -11.763, -11.7676, -11.7501, -11.7894, -11.8577, -11.8389, -11.7885, -11.8229, -11.733, -11.7371, -11.673, -11.6442, -11.6128, -11.6045, -11.5806, -11.2144, -11.2443, -11.2547, -9.7405, -8.5603, -7.9851, -7.7136, -6.9403, -6.1307, -2.1353]",30345,pick
BW_002,planning_suite,canonical,meta-llama/Llama-3.1-8B-Instruct,30,32,"[0.9063, 0.8996, 0.9243, 0.927, 0.9477, 0.9614, 0.964, 0.9656, 0.9639, 0.9626, 0.9583, 0.9554, 0.9562, 0.9456, 0.9483, 0.942, 0.9436, 0.9387, 0.9484, 0.951, 0.9492, 0.9531, 0.9523, 0.9539, 0.9476, 0.934, 0.9338, 0.9208, 0.9207, 0.9182, 0.9142, 0.9231]","[119713, 89300, 95349, 65709, 34980, 48743, 85825, 52435, 60126, 43723, 65379, 110278, 99426, 84808, 85465, 36557, 43735, 26930, 28415, 26629, 26053, 25783, 5315, 8407, 13333, 80, 19, 14, 16, 10, 5, 1]","[-11.7785, -11.7701, -11.7783, -11.7636, -11.7339, -11.7454, -11.7903, -11.7493, -11.7594, -11.7358, -11.7677, -11.8515, -11.8323, -11.8072, -11.8161, -11.7037, -11.716, -11.6482, -11.6309, -11.5974, -11.5793, -11.5248, -11.1433, -11.1553, -11.1939, -9.8934, -8.7058, -8.1734, -7.7814, -7.023, -6.1832, -2.1285]",30345,pick
BW_010,planning_suite,canonical,meta-llama/Llama-3.1-8B-Instruct,30,32,"[0.9148, 0.8936, 0.9222, 0.9196, 0.9402, 0.9502, 0.9563, 0.958, 0.9589, 0.9596, 0.9552, 0.953, 0.9572, 0.9518, 0.9555, 0.9516, 0.9488, 0.942, 0.9505, 0.9518, 0.95, 0.9508, 0.9437, 0.9464, 0.9385, 0.9236, 0.9199, 0.905, 0.9071, 0.9053, 0.9039, 0.9119]","[120646, 92861, 90619, 63737, 39023, 73014, 99121, 66214, 73568, 62883, 86734, 113906, 105615, 86130, 98490, 51112, 56120, 31799, 27836, 28205, 26308, 25032, 4249, 7232, 11273, 54, 18, 11, 11, 9, 5, 1]","[-11.779, -11.7714, -11.7756, -11.7622, -11.7388, -11.7753, -11.8084, -11.7667, -11.7762, -11.7633, -11.8035, -11.8645, -11.8494, -11.8105, -11.8525, -11.7378, -11.7489, -11.6638, -11.6225, -11.5946, -11.5711, -11.5051, -11.0747, -11.096, -11.128, -9.66, -8.4934, -7.8916, -7.4491, -6.7042, -5.8391, -1.9172]",30345,pick
BW_011,planning_suite,canonical,meta-llama/Llama-3.1-8B-Instruct,30,32,"[0.9015, 0.8794, 0.91, 0.9127, 0.9335, 0.9478, 0.9533, 0.9562, 0.9592, 0.9587, 0.9543, 0.9523, 0.9573, 0.9504, 0.9507, 0.9491, 0.9518, 0.9469, 0.9521, 0.9555, 0.9544, 0.957, 0.9551, 0.9571, 0.9495, 0.9347, 0.932, 0.9174, 0.9189, 0.9158, 0.9131, 0.9202]","[119915, 91748, 91035, 72352, 41912, 72963, 102172, 73419, 68238, 62869, 80070, 110655, 102661, 80061, 103298, 59355, 58728, 35549, 27909, 26799, 26258, 27094, 5609, 9428, 13055, 37, 16, 9, 9, 9, 5, 1]","[-11.7787, -11.771, -11.776, -11.7682, -11.742, -11.7752, -11.8136, -11.7757, -11.7693, -11.7632, -11.7912, -11.853, -11.8425, -11.7977, -11.868, -11.7579, -11.7563, -11.682, -11.6287, -11.5914, -11.5775, -11.5312, -11.1392, -11.1666, -11.1811, -9.5817, -8.3493, -7.7363, -7.4544, -6.7031, -5.8564, -2.0165]",30345,pick
BW_014,planning_suite,canonical,meta-llama/Llama-3.1-8B-Instruct,30,32,"[0.9146, 0.9084, 0.9295, 0.9332, 0.9501, 0.9603, 0.9623, 0.9643, 0.9625, 0.9617, 0.9578, 0.9555, 0.9583, 0.9474, 0.9488, 0.939, 0.9404, 0.9366, 0.9455, 0.9465, 0.9441, 0.9453, 0.9378, 0.9412, 0.9349, 0.9211, 0.9169, 0.9001, 0.9005, 0.8987, 0.8966, 0.909]","[120322, 88866, 96060, 64292, 34544, 46959, 89749, 53644, 67352, 46323, 70138, 109378, 99943, 82041, 97570, 36087, 35232, 19414, 23562, 20851, 20973, 17934, 3113, 5512, 9798, 70, 19, 12, 13, 9, 5, 1]","[-11.7788, -11.77, -11.7788, -11.7626, -11.7334, -11.7431, -11.7953, -11.7511, -11.7683, -11.7396, -11.7757, -11.851, -11.834, -11.8017, -11.8486, -11.7009, -11.6916, -11.6069, -11.5985, -11.5482, -11.5334, -11.4351, -11.0126, -11.0247, -11.0783, -9.7117, -8.5521, -7.9381, -7.4348, -6.6895, -5.8222, -1.8724]",30345,pick
BW_022,planning_suite,canonical,meta-llama/Llama-3.1-8B-Instruct,30,32,"[0.9081, 0.9013, 0.9255, 0.9282, 0.9483, 0.961, 0.9633, 0.9649, 0.9636, 0.9639, 0.9599, 0.9576, 0.9593, 0.9494, 0.9517, 0.945, 0.9463, 0.9423, 0.9513, 0.9535, 0.9519, 0.9555, 0.9527, 0.9551, 0.9485, 0.9356, 0.9331, 0.9195, 0.919, 0.9178, 0.9141, 0.9228]","[120075, 89391, 95869, 67040, 35734, 50365, 88072, 53413, 65707, 49340, 71502, 109458, 99581, 83125, 91422, 32406, 40725, 21613, 23170, 21302, 20247, 19127, 4103, 6711, 11626, 92, 20, 14, 16, 10, 5, 1]","[-11.7788, -11.7702, -11.7787, -11.7645, -11.7349, -11.7473, -11.7933, -11.7506, -11.7665, -11.7442, -11.7778, -11.8515, -11.8337, -11.8047, -11.8329, -11.691, -11.7072, -11.6217, -11.5993, -11.5568, -11.5311, -11.4551, -11.0866, -11.0928, -11.1439, -9.8745, -8.6893, -8.1147, -7.632, -6.8652, -5.9925, -1.9332]",30345,pick
BW_080,planning_suite,canonical,meta-llama/Llama-3.1-8B-Instruct,30,32,"[0.9147, 0.8927, 0.9229, 0.9214, 0.9404, 0.9501, 0.956, 0.9573, 0.9584, 0.9589, 0.9535, 0.9502, 0.9561, 0.9505, 0.9542, 0.9529, 0.9527, 0.9476, 0.9548, 0.9577, 0.9563, 0.9594, 0.9558, 0.9578, 0.9499, 0.935, 0.9323, 0.9186, 0.9191, 0.9164, 0.9115, 0.9161]","[120721, 94382, 91862, 64239, 37464, 69250, 97187, 64592, 70648, 59455, 84953, 113690, 107309, 84174, 96081, 59420, 65237, 39530, 30729, 31645, 30484, 30090, 6712, 10631, 14749, 63, 19, 11, 14, 9, 5, 1]","[-11.7791, -11.7719, -11.7762, -11.7626, -11.7369, -11.7705, -11.8054, -11.7647, -11.7724, -11.7585, -11.7999, -11.8626, -11.8537, -11.8061, -11.845, -11.7579, -11.7732, -11.6944, -11.6387, -11.6178, -11.6015, -11.5541, -11.1679, -11.1953, -11.2147, -9.7571, -8.5787, -7.9999, -7.5798, -6.833, -5.9735, -2.0584]",30345,pick
BW_120,planning_suite,canonical,meta-llama/Llama-3.1-8B-Instruct,30,32,"[0.9166, 0.8961, 0.9247, 0.9207, 0.9386, 0.9484, 0.9554, 0.9573, 0.959, 0.9597, 0.9539, 0.9521, 0.9573, 0.952, 0.9572, 0.9499, 0.9489, 0.9434, 0.9508, 0.9516, 0.9492, 0.9494, 0.9422, 0.9451, 0.9378, 0.9225, 0.9192, 0.9033, 0.9065, 0.9046, 0.902, 0.9128]","[120502, 91974, 92640, 60771, 36292, 72539, 100611, 70941, 74207, 60644, 85290, 113983, 108364, 89176, 100667, 51058, 51393, 29766, 25170, 24888, 23212, 22329, 4102, 7007, 11066, 53, 16, 11, 11, 9, 5, 1]","[-11.7789, -11.771, -11.7767, -11.7603, -11.7358, -11.7747, -11.811, -11.7727, -11.777, -11.7601, -11.8011, -11.8642, -11.8567, -11.8163, -11.8587, -11.7384, -11.7364, -11.6552, -11.6073, -11.5718, -11.5472, -11.4771, -11.0614, -11.0824, -11.1172, -9.6331, -8.4139, -7.8033, -7.4232, -6.6848, -5.8115, -1.9242]",30345,pick
BW_137,planning_suite,canonical,meta-llama/Llama-3.1-8B-Instruct,30,32,"[0.9016, 0.8811, 0.9134, 0.9161, 0.9352, 0.9491, 0.9538, 0.9559, 0.9583, 0.9578, 0.954, 0.9521, 0.9561, 0.9472, 0.9499, 0.9495, 0.9494, 0.9444, 0.951, 0.9531, 0.9513, 0.9526, 0.9476, 0.9498, 0.9412, 0.9251, 0.9218, 0.9068, 0.9092, 0.9066, 0.9042, 0.9078]","[119739, 92811, 92557, 70513, 36554, 70181, 100494, 69641, 68817, 57569, 78338, 110183, 104854, 82932, 100246, 63444, 65601, 41442, 31164, 30243, 30736, 31464, 4919, 8624, 11965, 42, 16, 9, 11, 8, 4, 1]","[-11.7785, -11.7714, -11.7768, -11.7669, -11.736, -11.7716, -11.8112, -11.771, -11.7702, -11.7564, -11.7883, -11.8504, -11.8471, -11.8029, -11.8571, -11.7674, -11.7739, -11.7024, -11.6443, -11.6116, -11.6071, -11.5681, -11.1122, -11.1459, -11.153, -9.5885, -8.3961, -7.8107, -7.5651, -6.8032, -5.9777, -2.102]",30345,pick
BW_155,planning_suite,canonical,meta-llama/Llama-3.1-8B-Instruct,30,32,"[0.9142, 0.8933, 0.9222, 0.9196, 0.9401, 0.9503, 0.956, 0.9578, 0.9589, 0.9602, 0.9549, 0.9526, 0.9582, 0.9524, 0.9549, 0.9513, 0.9516, 0.9456, 0.9548, 0.9564, 0.9547, 0.9564, 0.9507, 0.9532, 0.944, 0.9297, 0.9275, 0.9121, 0.9135, 0.9119, 0.9079, 0.9173]","[120422, 92475, 91145, 65070, 39803, 74883, 98806, 66436, 72882, 62303, 85819, 112222, 105678, 85238, 94967, 46594, 52141, 31919, 26799, 27669, 26440, 25815, 5511, 9092, 13741, 65, 17, 11, 13, 9, 5, 1]","[-11.7788, -11.7713, -11.7759, -11.7631, -11.7397, -11.7777, -11.8078, -11.767, -11.7753, -11.7625, -11.8019, -11.8588, -11.8495, -11.8086, -11.8432, -11.7275, -11.7384, -11.6646, -11.6175, -11.5933, -11.5724, -11.5149, -11.1297, -11.1535, -11.1917, -9.7479, -8.5195, -7.9265, -7.4884, -6.7362, -5.8787, -1.9236]",30345,pick
BW_172,planning_suite,canonical,meta-llama/Llama-3.1-8B-Instruct,30,32,"[0.9015, 0.8808, 0.9126, 0.9156, 0.9352, 0.9492, 0.9541, 0.9563, 0.9588, 0.9589, 0.9541, 0.9527, 0.9565, 0.9484, 0.9517, 0.9503, 0.9486, 0.9427, 0.9496, 0.9517, 0.9497, 0.9505, 0.9454, 0.9477, 0.9394, 0.9229, 0.9193, 0.9024, 0.9044, 0.9022, 0.8994, 0.9085]","[119627, 92680, 92349, 71917, 37031, 70471, 100377, 70358, 69724, 59983, 81106, 110631, 104953, 80231, 99569, 64845, 68969, 43411, 31234, 28311, 27931, 28912, 4502, 8191, 11771, 35, 15, 6, 11, 8, 5, 1]","[-11.7785, -11.7714, -11.7767, -11.7678, -11.7366, -11.772, -11.8112, -11.772, -11.7713, -11.7593, -11.793, -11.8516, -11.8474, -11.7976, -11.8564, -11.7709, -11.7825, -11.7097, -11.6453, -11.6019, -11.5906, -11.5487, -11.1017, -11.1338, -11.147, -9.5255, -8.2354, -7.6248, -7.479, -6.7309, -5.8958, -2.1478]",30345,pick
BW_203,planning_suite,canonical,meta-llama/Llama-3.1-8B-Instruct,30,32,"[0.9108, 0.904, 0.9281, 0.9299, 0.949, 0.9601, 0.9623, 0.9646, 0.9629, 0.9631, 0.9588, 0.9567, 0.9585, 0.9473, 0.9492, 0.9408, 0.9433, 0.9398, 0.9479, 0.9495, 0.9465, 0.95, 0.9464, 0.9485, 0.9426, 0.9293, 0.9269, 0.9126, 0.9133, 0.9109, 0.9068, 0.9151]","[119950, 88941, 97693, 63547, 34652, 51078, 89235, 53851, 65956, 47129, 72605, 111369, 103353, 89725, 95133, 36570, 41429, 22066, 24979, 20452, 19659, 18641, 2925, 5128, 9605, 65, 19, 13, 16, 10, 5, 1]","[-11.7786, -11.77, -11.7798, -11.7621, -11.7336, -11.7479, -11.795, -11.7511, -11.7667, -11.7407, -11.7799, -11.857, -11.8427, -11.818, -11.8416, -11.7026, -11.7092, -11.6224, -11.6081, -11.5471, -11.5252, -11.4447, -11.0115, -11.0228, -11.077, -9.731, -8.5515, -7.9664, -7.5599, -6.8189, -5.9455, -1.919]",30345,pick
BW_227,planning_suite,canonical,meta-llama/Llama-3.1-8B-Instruct,30,32,"[0.9038, 0.8825, 0.9142, 0.9159, 0.9371, 0.9492, 0.9554, 0.9573, 0.9592, 0.9599, 0.954, 0.9524, 0.9569, 0.9509, 0.9544, 0.9511, 0.9517, 0.9468, 0.9535, 0.9567, 0.9556, 0.9592, 0.9566, 0.959, 0.9505, 0.9361, 0.9336, 0.9193, 0.9214, 0.9188, 0.9155, 0.9209]","[119846, 91195, 89441, 67798, 38149, 67409, 98305, 64245, 65597, 57602, 78993, 110617, 106103, 78189, 101651, 54021, 58092, 42060, 34673, 30356, 32031, 30529, 8694, 12783, 16758, 67, 17, 11, 16, 9, 5, 1]","[-11.7786, -11.7708, -11.775, -11.765, -11.7377, -11.7683, -11.8077, -11.7642, -11.7661, -11.7564, -11.7898, -11.8526, -11.8506, -11.7937, -11.8614, -11.7451, -11.7545, -11.7044, -11.6595, -11.6117, -11.6126, -11.5601, -11.2237, -11.2428, -11.2572, -9.7962, -8.5757, -8.0176, -7.677, -6.9218, -6.0908, -2.0989]",30345,pick
BW_282,planning_suite,canonical,meta-llama/Llama-3.1-8B-Instruct,30,32,"[0.9081, 0.9013, 0.9254, 0.9284, 0.9486, 0.9613, 0.9635, 0.965, 0.9639, 0.9641, 0.9602, 0.9577, 0.9593, 0.9499, 0.953, 0.9457, 0.9466, 0.9436, 0.9521, 0.9538, 0.9522, 0.9555, 0.9527, 0.9552, 0.9492, 0.9362, 0.9342, 0.9205, 0.9196, 0.918, 0.914, 0.9219]","[120168, 88876, 96362, 67083, 35667, 51098, 88052, 51989, 65990, 49751, 72286, 110045, 101614, 86566, 91483, 34049, 43155, 24831, 24667, 21186, 20676, 19866, 4573, 7371, 12630, 100, 20, 15, 16, 10, 5, 1]","[-11.7788, -11.77, -11.779, -11.7646, -11.7347, -11.7479, -11.7933, -11.7485, -11.7669, -11.7449, -11.7792, -11.8532, -11.8385, -11.8116, -11.8328, -11.6957, -11.7142, -11.6374, -11.6085, -11.5581, -11.5365, -11.4657, -11.1126, -11.1207, -11.1721, -9.9109, -8.7041, -8.1393, -7.6987, -6.9378, -6.0669, -1.9559]",30345,pick
BW_310,planning_suite,canonical,meta-llama/Llama-3.1-8B-Instruct,30,32,"[0.9094, 0.9032, 0.9278, 0.9313, 0.9499, 0.9618, 0.9646, 0.9655, 0.964, 0.963, 0.9588, 0.9567, 0.9579, 0.9467, 0.9478, 0.9438, 0.9449, 0.9401, 0.9485, 0.9513, 0.9495, 0.9535, 0.9511, 0.9532, 0.947, 0.9341, 0.9324, 0.919, 0.9188, 0.9169, 0.9141, 0.9237]","[120317, 91649, 96803, 66620, 34646, 46427, 85496, 50640, 62616, 46229, 69472, 111807, 105506, 89247, 95643, 44564, 51438, 33252, 30975, 27224, 26184, 25056, 5792, 8747, 14003, 90, 19, 14, 17, 10, 5, 1]","[-11.7789, -11.771, -11.7792, -11.7642, -11.7333, -11.7424, -11.7897, -11.747, -11.7625, -11.7398, -11.7744, -11.8573, -11.8482, -11.8173, -11.8415, -11.7238, -11.7375, -11.6727, -11.6412, -11.5967, -11.5778, -11.516, -11.1597, -11.1652, -11.2102, -9.9285, -8.7241, -8.1754, -7.8047, -7.0373, -6.1946, -2.1038]",30345,pick
BW_331,planning_suite,canonical,meta-llama/Llama-3.1-8B-Instruct,30,32,"[0.9141, 0.9077, 0.9291, 0.9324, 0.9498, 0.9602, 0.9622, 0.964, 0.9619, 0.9614, 0.9578, 0.9556, 0.9587, 0.9477, 0.9499, 0.9423, 0.9431, 0.9384, 0.9472, 0.9476, 0.9445, 0.9449, 0.9373, 0.94, 0.9335, 0.92, 0.9164, 0.8993, 0.8997, 0.8977, 0.896, 0.9082]","[120328, 88571, 96417, 65492, 35543, 47882, 89859, 54285, 67615, 46282, 71819, 109370, 99457, 83028, 97359, 38232, 37118, 19354, 21924, 20173, 20119, 16785, 2549, 4692, 8836, 66, 19, 12, 12, 9, 5, 1]","[-11.7788, -11.7698, -11.7789, -11.7634, -11.7345, -11.7443, -11.7955, -11.7518, -11.7687, -11.7396, -11.7784, -11.8505, -11.8327, -11.8037, -11.8481, -11.7065, -11.697, -11.6058, -11.5882, -11.5417, -11.5269, -11.4201, -10.9729, -10.9887, -11.0471, -9.7055, -8.4913, -7.885, -7.3732, -6.628, -5.7295, -1.7961]",30345,pick
BW_350,planning_suite,canonical,meta-llama/Llama-3.1-8B-Instruct,30,32,"[0.8988, 0.8911, 0.9182, 0.9248, 0.9441, 0.9586, 0.9621, 0.9638, 0.9636, 0.9636, 0.9606, 0.959, 0.9595, 0.9474, 0.9528, 0.9511, 0.9524, 0.9467, 0.9534, 0.9561, 0.9547, 0.9578, 0.9566, 0.9584, 0.9507, 0.9376, 0.9347, 0.92, 0.9201, 0.9167, 0.9127, 0.92]","[119448, 87577, 97010, 72194, 38550, 48980, 91222, 55947, 59556, 47342, 60986, 106110, 99545, 86808, 96545, 52075, 53611, 35340, 30728, 27987, 26857, 29185, 6213, 9813, 13703, 48, 16, 10, 15, 9, 5, 1]","[-11.7784, -11.7696, -11.7796, -11.7681, -11.7382, -11.7454, -11.7978, -11.7537, -11.7587, -11.7415, -11.7607, -11.8411, -11.8332, -11.8114, -11.8455, -11.7408, -11.7432, -11.6823, -11.6441, -11.6043, -11.5853, -11.5526, -11.1694, -11.1832, -11.1992, -9.6824, -8.4372, -7.8528, -7.6513, -6.8931, -6.0431, -2.0624]",30345,pick
BW_408,planning_suite,canonical,meta-llama/Llama-3.1-8B-Instruct,31,32,"[0.9035, 0.8981, 0.9248, 0.9274, 0.9491, 0.9624, 0.9651, 0.9654, 0.9625, 0.9619, 0.9581, 0.9558, 0.9571, 0.9476, 0.9523, 0.9478, 0.9485, 0.9408, 0.9501, 0.9521, 0.9506, 0.9532, 0.952, 0.954, 0.9486, 0.9349, 0.9343, 0.9197, 0.9206, 0.9177, 0.9144, 0.9221]","[119552, 87985, 95280, 66768, 37114, 48301, 86756, 48657, 62303, 42817, 65189, 110142, 97214, 81123, 88638, 36652, 41837, 28620, 32762, 26811, 25853, 25255, 4538, 7662, 12437, 82, 19, 13, 15, 10, 6, 1]","[-11.7784, -11.7697, -11.7783, -11.7643, -11.7363, -11.7447, -11.7915, -11.7443, -11.762, -11.7343, -11.7674, -11.8517, -11.828, -11.7995, -11.8235, -11.7041, -11.7109, -11.655, -11.6517, -11.5977, -11.5782, -11.5243, -11.1275, -11.1457, -11.1816, -9.9474, -8.7699, -8.2184, -7.8322, -7.1022, -6.288, -2.1738]",30345,pick
BW_467,planning_suite,canonical,meta-llama/Llama-3.1-8B-Instruct,30,32,"[0.9108, 0.8893, 0.9194, 0.9188, 0.9389, 0.9508, 0.9562, 0.9583, 0.9585, 0.9597, 0.9524, 0.9505, 0.9563, 0.9497, 0.9546, 0.9529, 0.9543, 0.9493, 0.9563, 0.96, 0.9599, 0.9636, 0.9623, 0.9639, 0.9547, 0.9399, 0.9395, 0.9268, 0.9268, 0.925, 0.9206, 0.9247]","[120217, 92965, 91163, 66243, 36266, 69097, 96185, 64506, 67461, 56922, 80778, 113640, 103631, 77729, 95462, 52244, 52385, 33469, 29336, 31256, 29768, 30092, 6465, 10167, 14654, 57, 17, 11, 13, 9, 5, 1]","[-11.7788, -11.7714, -11.7759, -11.7639, -11.7356, -11.7703, -11.8037, -11.7646, -11.7684, -11.7554, -11.7927, -11.8619, -11.8445, -11.7932, -11.8436, -11.7406, -11.7391, -11.6718, -11.632, -11.6179, -11.599, -11.5581, -11.1764, -11.1962, -11.2226, -9.7782, -8.5684, -7.994, -7.6164, -6.8622, -6.0581, -2.0992]",30345,pick
BW_495,planning_suite,canonical,meta-llama/Llama-3.1-8B-Instruct,30,32,"[0.9082, 0.9018, 0.9256, 0.9288, 0.9486, 0.9612, 0.9633, 0.9647, 0.9636, 0.9637, 0.9601, 0.9578, 0.9596, 0.9499, 0.9522, 0.9441, 0.945, 0.9415, 0.9504, 0.9518, 0.9502, 0.9536, 0.9506, 0.953, 0.9473, 0.9343, 0.9312, 0.9174, 0.9175, 0.916, 0.9117, 0.9204]","[119960, 88922, 96870, 66886, 36342, 50231, 87966, 52313, 65903, 49556, 71204, 110060, 100073, 84136, 91070, 30952, 41917, 23319, 24508, 21297, 20206, 19818, 4490, 7195, 12227, 95, 20, 14, 16, 10, 5, 1]","[-11.7786, -11.77, -11.7793, -11.7644, -11.7355, -11.7471, -11.7931, -11.749, -11.7667, -11.7445, -11.7773, -11.8535, -11.8348, -11.8068, -11.8322, -11.6864, -11.7108, -11.6302, -11.6072, -11.5584, -11.5318, -11.4648, -11.1053, -11.1126, -11.1604, -9.8968, -8.6931, -8.1164, -7.6824, -6.9223, -6.0642, -1.9692]",30345,pick
BW_E002,planning_suite,canonical,meta-llama/Llama-3.1-8B-Instruct,30,32,"[0.9165, 0.8992, 0.9233, 0.9232, 0.941, 0.9535, 0.957, 0.959, 0.9589, 0.9596, 0.9569, 0.955, 0.9586, 0.9465, 0.9485, 0.9415, 0.9426, 0.9398, 0.9478, 0.9493, 0.9473, 0.9484, 0.9419, 0.9453, 0.9395, 0.9253, 0.9219, 0.9073, 0.9082, 0.9065, 0.9045, 0.9151]","[120449, 89712, 96537, 64864, 35671, 48531, 87894, 52204, 69808, 51565, 72016, 110738, 103201, 90400, 105315, 45328, 40647, 21355, 22516, 20378, 19063, 17124, 3363, 5716, 10383, 56, 19, 13, 15, 9, 5, 1]","[-11.779, -11.7703, -11.779, -11.763, -11.7349, -11.7451, -11.7929, -11.7489, -11.7716, -11.7475, -11.7788, -11.8553, -11.8433, -11.8206, -11.8737, -11.7248, -11.7062, -11.6176, -11.5914, -11.5406, -11.5149, -11.4211, -11.0241, -11.0328, -11.0926, -9.6568, -8.4948, -7.8772, -7.4446, -6.7002, -5.7984, -1.8574]",30345,pick
BW_E015,planning_suite,canonical,meta-llama/Llama-3.1-8B-Instruct,-1,32,"[0.9166, 0.8985, 0.9231, 0.9233, 0.9417, 0.9554, 0.9587, 0.961, 0.962, 0.9619, 0.9591, 0.9567, 0.959, 0.9461, 0.9477, 0.9341, 0.9362, 0.9294, 0.9396, 0.9428, 0.9404, 0.9438, 0.9402, 0.9441, 0.9398, 0.9254, 0.9234, 0.9101, 0.9096, 0.9076, 0.9024, 0.9133]","[128155, 127711, 128119, 127829, 123478, 126178, 127960, 128006, 123628, 116920, 116258, 127456, 125896, 118743, 37173, 20650, 9007, 16855, 11208, 2880, 704, 510, 93, 145, 181, 217, 235, 86, 60, 83, 6, 6]","[-11.7999, -11.8066, -11.8437, -11.8589, -11.8506, -11.9024, -11.939, -11.9585, -11.8835, -11.8643, -11.8757, -11.9782, -11.9547, -11.9115, -11.7058, -11.6497, -11.569, -11.5898, -11.5044, -11.3076, -11.1298, -10.8827, -10.3553, -10.2219, -10.0362, -10.0154, -9.6923, -9.2104, -8.68, -8.591, -5.7963, -4.618]",359,un
BW_E017,planning_suite,canonical,meta-llama/Llama-3.1-8B-Instruct,30,32,"[0.9165, 0.8989, 0.9228, 0.9223, 0.9409, 0.9536, 0.9571, 0.959, 0.9591, 0.9597, 0.9571, 0.9552, 0.9591, 0.9477, 0.9493, 0.9413, 0.9423, 0.9393, 0.9473, 0.9486, 0.9461, 0.9469, 0.9402, 0.9435, 0.9381, 0.9239, 0.9208, 0.9064, 0.9071, 0.9055, 0.9036, 0.9149]","[120445, 89153, 96194, 65278, 34983, 49281, 87806, 51799, 69940, 52183, 70800, 111027, 103507, 90026, 105466, 43976, 40687, 19936, 21765, 20129, 18906, 17125, 3205, 5586, 10195, 63, 19, 14, 14, 9, 5, 1]","[-11.779, -11.7701, -11.7788, -11.7633, -11.734, -11.7459, -11.793, -11.7484, -11.7718, -11.7483, -11.7768, -11.8563, -11.8441, -11.8196, -11.8742, -11.7211, -11.7062, -11.6096, -11.5864, -11.5384, -11.5131, -11.4202, -11.0101, -11.021, -11.0811, -9.6533, -8.5057, -7.8789, -7.3755, -6.6285, -5.7115, -1.8164]",30345,pick
BW_E019,planning_suite,canonical,meta-llama/Llama-3.1-8B-Instruct,30,32,"[0.917, 0.8976, 0.922, 0.9223, 0.941, 0.9532, 0.957, 0.9592, 0.9592, 0.9607, 0.959, 0.9567, 0.9604, 0.9494, 0.9523, 0.9444, 0.9443, 0.9356, 0.9457, 0.9457, 0.9429, 0.9433, 0.9354, 0.9392, 0.9338, 0.9191, 0.9157, 0.9002, 0.9002, 0.8978, 0.8908, 0.9056]","[128156, 127748, 128116, 127794, 123503, 126087, 127899, 127963, 123833, 117239, 118662, 127388, 126125, 120251, 42109, 25998, 12111, 23688, 16087, 4764, 1010, 703, 117, 159, 201, 208, 203, 64, 48, 63, 4, 5]","[-11.8, -11.8071, -11.8432, -11.8582, -11.8516, -11.9004, -11.9348, -11.9553, -11.8853, -11.8656, -11.8863, -11.9736, -11.9587, -11.9195, -11.7182, -11.6699, -11.5942, -11.6309, -11.5521, -11.3714, -11.1853, -10.9608, -10.4474, -10.2879, -10.1068, -10.0578, -9.6905, -9.1671, -8.6214, -8.5088, -5.4223, -4.1787]",359,un
BW_E100,planning_suite,canonical,meta-llama/Llama-3.1-8B-Instruct,30,32,"[0.9174, 0.8986, 0.9233, 0.9229, 0.9415, 0.9544, 0.9589, 0.9609, 0.9612, 0.9614, 0.9598, 0.9581, 0.961, 0.9484, 0.9524, 0.9436, 0.9439, 0.9369, 0.9478, 0.9493, 0.9468, 0.9475, 0.9401, 0.9437, 0.9378, 0.9223, 0.9186, 0.9029, 0.903, 0.9007, 0.8942, 0.905]","[120968, 90524, 96450, 65568, 37133, 46133, 85605, 50105, 64611, 49195, 66070, 107409, 102146, 88807, 107173, 56413, 54588, 19028, 22875, 21748, 19973, 16983, 2742, 5006, 8696, 66, 19, 15, 13, 8, 5, 1]","[-11.7794, -11.7706, -11.779, -11.7636, -11.7363, -11.7419, -11.7899, -11.7462, -11.765, -11.7441, -11.7689, -11.8456, -11.8394, -11.8165, -11.8783, -11.7508, -11.7454, -11.607, -11.5967, -11.5561, -11.527, -11.4224, -10.9876, -11.009, -11.047, -9.7414, -8.6016, -8.0278, -7.5024, -6.7217, -5.7397, -2.107]",30345,pick
MBW_001,planning_suite,canonical,meta-llama/Llama-3.1-8B-Instruct,31,32,"[0.9096, 0.8901, 0.9252, 0.9204, 0.9355, 0.9453, 0.9522, 0.9554, 0.9558, 0.9597, 0.9565, 0.9546, 0.959, 0.9508, 0.9519, 0.9454, 0.9447, 0.9405, 0.9508, 0.9493, 0.9459, 0.9468, 0.9319, 0.9349, 0.9213, 0.9042, 0.89, 0.8781, 0.876, 0.8703, 0.8611, 0.8752]","[95015, 78543, 114823, 67367, 68441, 29715, 45409, 4965, 12571, 8596, 68406, 39744, 50179, 46252, 27188, 21254, 26305, 18775, 13496, 13452, 20355, 13669, 3472, 4594, 26, 7, 16, 8, 9, 18, 10, 1]","[-11.7689, -11.7664, -11.7929, -11.7645, -11.7672, -11.7178, -11.7417, -11.6457, -11.6774, -11.6523, -11.773, -11.7255, -11.7415, -11.7324, -11.6805, -11.6549, -11.6629, -11.6072, -11.5373, -11.4981, -11.5386, -11.3915, -11.0499, -11.0077, -9.4416, -8.4246, -8.4323, -7.9955, -7.4487, -7.7448, -6.7576, -2.8122]",21208,attack
MBW_002,planning_suite,canonical,meta-llama/Llama-3.1-8B-Instruct,31,32,"[0.9076, 0.9026, 0.9291, 0.9305, 0.9481, 0.9595, 0.961, 0.9635, 0.9632, 0.9634, 0.9599, 0.9588, 0.9623, 0.9516, 0.9517, 0.9441, 0.9436, 0.9418, 0.9509, 0.9487, 0.9451, 0.9448, 0.9305, 0.9339, 0.9221, 0.9059, 0.8941, 0.881, 0.8789, 0.872, 0.8604, 0.8746]","[95317, 74120, 112444, 57242, 73687, 31488, 45001, 5050, 11336, 6695, 67089, 46696, 53752, 50812, 35489, 34923, 36932, 24347, 15868, 16453, 22860, 14365, 3648, 5469, 25, 7, 19, 9, 8, 17, 8, 1]","[-11.769, -11.765, -11.7906, -11.7579, -11.7723, -11.7212, -11.7412, -11.6477, -11.6735, -11.6414, -11.7708, -11.7367, -11.748, -11.7415, -11.7047, -11.6991, -11.6979, -11.636, -11.5551, -11.526, -11.5583, -11.4002, -11.0569, -11.0462, -9.4726, -8.5393, -8.5155, -8.0658, -7.4456, -7.7777, -6.8051, -2.7979]",21208,attack
MBW_010,planning_suite,canonical,meta-llama/Llama-3.1-8B-Instruct,31,32,"[0.9122, 0.9059, 0.9298, 0.9308, 0.9495, 0.9597, 0.9608, 0.9646, 0.9622, 0.963, 0.9589, 0.9577, 0.9627, 0.9517, 0.9528, 0.946, 0.9442, 0.9417, 0.9507, 0.9495, 0.9458, 0.9446, 0.9267, 0.9304, 0.9169, 0.8999, 0.887, 0.8742, 0.873, 0.8665, 0.8572, 0.8725]","[98058, 72944, 112582, 57010, 74913, 30566, 46754, 5434, 10108, 7402, 69135, 47540, 58211, 48950, 25580, 27294, 32291, 20412, 13043, 14864, 22547, 13168, 3754, 5733, 27, 7, 20, 11, 11, 18, 11, 1]","[-11.7697, -11.7646, -11.7911, -11.7578, -11.7735, -11.7197, -11.7437, -11.6502, -11.6702, -11.6458, -11.7744, -11.7386, -11.756, -11.7383, -11.6762, -11.6767, -11.6836, -11.6166, -11.532, -11.5107, -11.5543, -11.3822, -11.0552, -11.0437, -9.4488, -8.4584, -8.4817, -8.061, -7.5021, -7.8297, -6.8533, -2.7518]",21208,attack
MBW_014,planning_suite,canonical,meta-llama/Llama-3.1-8B-Instruct,31,32,"[0.9138, 0.907, 0.9304, 0.9318, 0.9474, 0.9578, 0.9593, 0.9635, 0.9598, 0.9609, 0.9589, 0.9574, 0.9629, 0.9522, 0.952, 0.951, 0.9468, 0.94, 0.9477, 0.9444, 0.9399, 0.935, 0.9107, 0.9157, 0.901, 0.8823, 0.8695, 0.8551, 0.856, 0.8513, 0.8435, 0.8614]","[99821, 74163, 112069, 57854, 74066, 30683, 48670, 6782, 10982, 7143, 71921, 46549, 57517, 49327, 29430, 37185, 40961, 23384, 14320, 14878, 22100, 13085, 2907, 4438, 21, 6, 17, 9, 8, 17, 10, 1]","[-11.7702, -11.765, -11.7903, -11.7583, -11.7726, -11.7202, -11.7461, -11.6589, -11.6731, -11.6452, -11.7788, -11.7376, -11.7548, -11.7387, -11.6876, -11.7048, -11.7089, -11.6327, -11.5476, -11.5159, -11.5545, -11.3877, -11.0287, -11.0069, -9.4421, -8.4364, -8.4188, -7.9994, -7.4333, -7.6837, -6.6644, -2.5598]",21208,attack
MBW_037,planning_suite,canonical,meta-llama/Llama-3.1-8B-Instruct,31,32,"[0.9116, 0.9049, 0.9295, 0.9314, 0.9477, 0.9578, 0.9586, 0.9633, 0.9604, 0.9619, 0.9584, 0.9565, 0.9623, 0.9527, 0.9533, 0.9495, 0.9484, 0.9444, 0.9519, 0.9494, 0.9451, 0.9417, 0.9188, 0.9224, 0.9092, 0.8901, 0.8767, 0.8622, 0.8612, 0.8544, 0.8461, 0.8684]","[98262, 74655, 113715, 60124, 74479, 27637, 43769, 5853, 10059, 6429, 69694, 46929, 56639, 53585, 32658, 35467, 36655, 24421, 12941, 15274, 21327, 11582, 3527, 5756, 24, 8, 18, 10, 10, 17, 10, 1]","[-11.7698, -11.7652, -11.792, -11.7599, -11.7731, -11.7147, -11.7403, -11.6533, -11.6696, -11.6404, -11.7753, -11.7382, -11.7531, -11.747, -11.6964, -11.7002, -11.697, -11.6361, -11.5336, -11.518, -11.5482, -11.3693, -11.0591, -11.0544, -9.4643, -8.4841, -8.4552, -7.9092, -7.2927, -7.7665, -6.7139, -2.4852]",21208,attack
MBW_10,planning_suite,canonical,meta-llama/Llama-3.1-8B-Instruct,31,32,"[0.9158, 0.8965, 0.9272, 0.9215, 0.9392, 0.9484, 0.9525, 0.9566, 0.9558, 0.9587, 0.954, 0.9505, 0.9555, 0.9453, 0.9459, 0.9369, 0.9326, 0.9291, 0.9407, 0.9385, 0.9341, 0.932, 0.9127, 0.9175, 0.905, 0.8864, 0.8722, 0.8586, 0.8582, 0.8528, 0.8465, 0.8677]","[98085, 78215, 114379, 67824, 72196, 29522, 48753, 6275, 11542, 8570, 68178, 42314, 52670, 40904, 22801, 19092, 26519, 18707, 12187, 12917, 19577, 11481, 3082, 4265, 24, 7, 18, 8, 8, 17, 9, 1]","[-11.7697, -11.7663, -11.7927, -11.7649, -11.7708, -11.7176, -11.7461, -11.6548, -11.6761, -11.6537, -11.7728, -11.73, -11.7462, -11.7219, -11.6661, -11.6468, -11.6632, -11.6049, -11.5217, -11.4863, -11.5271, -11.3538, -11.0115, -10.9736, -9.3752, -8.3338, -8.3541, -7.8774, -7.2921, -7.738, -6.7446, -2.791]",21208,attack
MBW_100,planning_suite,canonical,meta-llama/Llama-3.1-8B-Instruct,31,32,"[0.9057, 0.8889, 0.9238, 0.9193, 0.9361, 0.9458, 0.9528, 0.9578, 0.9563, 0.959, 0.9537, 0.9508, 0.9583, 0.9501, 0.9514, 0.9491, 0.9477, 0.943, 0.9516, 0.9502, 0.9466, 0.944, 0.9247, 0.9283, 0.9138, 0.8955, 0.8838, 0.8712, 0.8707, 0.8646, 0.8573, 0.8772]","[97325, 79489, 115533, 70102, 70928, 26225, 45408, 6810, 11580, 6785, 69098, 41526, 53364, 41771, 25594, 24832, 29745, 20370, 11847, 14164, 19039, 11277, 2953, 4426, 24, 7, 18, 7, 7, 16, 9, 1]","[-11.7694, -11.7667, -11.7938, -11.7664, -11.7695, -11.7115, -11.7426, -11.6586, -11.6763, -11.6448, -11.7742, -11.7288, -11.7474, -11.7234, -11.6746, -11.6663, -11.6747, -11.6144, -11.5235, -11.5025, -11.5263, -11.3579, -11.0182, -10.9924, -9.4116, -8.3781, -8.3801, -7.8968, -7.3197, -7.6504, -6.6255, -2.5998]",21208,attack
MBW_127,planning_suite,canonical,meta-llama/Llama-3.1-8B-Instruct,31,32,"[0.9161, 0.897, 0.9276, 0.9226, 0.9406, 0.9493, 0.9548, 0.959, 0.9593, 0.9612, 0.9553, 0.952, 0.9578, 0.9481, 0.9495, 0.9448, 0.9433, 0.9376, 0.9474, 0.9441, 0.9395, 0.9364, 0.9153, 0.9193, 0.9067, 0.8876, 0.875, 0.862, 0.8619, 0.8575, 0.8502, 0.8679]","[96637, 78142, 113964, 68320, 71893, 28759, 47992, 6587, 11814, 8487, 69217, 41746, 51355, 40100, 23758, 19495, 26679, 17390, 10878, 12846, 18915, 11275, 2984, 4007, 24, 7, 17, 8, 7, 19, 9, 1]","[-11.7693, -11.7663, -11.7923, -11.7653, -11.7705, -11.7162, -11.7452, -11.657, -11.6772, -11.6533, -11.7746, -11.729, -11.7437, -11.7202, -11.6692, -11.6476, -11.6638, -11.5962, -11.5094, -11.4842, -11.5209, -11.3488, -11.0036, -10.9565, -9.3584, -8.3076, -8.3183, -7.8567, -7.3024, -7.6784, -6.6654, -2.7154]",21208,attack
MBW_185,planning_suite,canonical,meta-llama/Llama-3.1-8B-Instruct,31,32,"[0.9084, 0.8903, 0.9242, 0.9186, 0.9375, 0.948, 0.9538, 0.9563, 0.9545, 0.9576, 0.9536, 0.9518, 0.9568, 0.9475, 0.9489, 0.9461, 0.9433, 0.9368, 0.9455, 0.9428, 0.9385, 0.9391, 0.923, 0.9272, 0.9151, 0.8977, 0.8845, 0.8718, 0.8719, 0.8666, 0.8586, 0.8736]","[94864, 79569, 114779, 66685, 72437, 31471, 47131, 4958, 11289, 8282, 63829, 37628, 50276, 41250, 18978, 15970, 24826, 15104, 11934, 12331, 20762, 13249, 3032, 4172, 21, 7, 13, 8, 7, 12, 8, 1]","[-11.7688, -11.7667, -11.793, -11.7642, -11.771, -11.7208, -11.744, -11.646, -11.6729, -11.6524, -11.7653, -11.7217, -11.7417, -11.7221, -11.651, -11.631, -11.6561, -11.5865, -11.5259, -11.4881, -11.5433, -11.3864, -11.0266, -10.9862, -9.3722, -8.3539, -8.3592, -7.8667, -7.2997, -7.7355, -6.7066, -2.8576]",21208,attack
MBW_495,planning_suite,canonical,meta-llama/Llama-3.1-8B-Instruct,31,32,"[0.9115, 0.9051, 0.9297, 0.9304, 0.9487, 0.9591, 0.9606, 0.9644, 0.9619, 0.9628, 0.9587, 0.9571, 0.9621, 0.9511, 0.9533, 0.9491, 0.9477, 0.945, 0.9532, 0.9516, 0.9475, 0.9458, 0.927, 0.9296, 0.9165, 0.8991, 0.8863, 0.8727, 0.8709, 0.865, 0.855, 0.8722]","[97603, 73239, 112275, 56984, 73989, 30811, 47853, 5830, 9985, 7225, 69926, 45400, 56167, 50194, 30178, 28186, 32993, 21840, 12255, 14349, 21838, 12319, 3518, 4995, 27, 7, 19, 10, 8, 17, 10, 1]","[-11.7696, -11.7647, -11.7906, -11.7578, -11.7725, -11.7201, -11.745, -11.6526, -11.67, -11.6453, -11.7756, -11.7356, -11.7524, -11.7406, -11.6896, -11.6793, -11.6853, -11.6223, -11.524, -11.502, -11.5457, -11.3678, -11.0362, -11.0056, -9.4279, -8.4595, -8.427, -7.9748, -7.376, -7.7114, -6.6941, -2.6051]",21208,attack
BW_496,planning_suite,canonical,meta-llama/Llama-3.1-8B-Instruct,31,32,"[0.88, 0.868, 0.901, 0.9085, 0.9348, 0.9486, 0.9557, 0.9595, 0.9613, 0.9603, 0.9551, 0.9508, 0.948, 0.9355, 0.9363, 0.9254, 0.9246, 0.9145, 0.9246, 0.9268, 0.9245, 0.9335, 0.9304, 0.9321, 0.927, 0.9187, 0.9135, 0.9, 0.9059, 0.9003, 0.891, 0.8907]","[119388, 88927, 97659, 71294, 33726, 47875, 90448, 55509, 61810, 46945, 63973, 104483, 97552, 84335, 90169, 46600, 58091, 34182, 31568, 27881, 27618, 27589, 4464, 7601, 11131, 65, 17, 11, 17, 10, 6, 1]","[-11.7784, -11.7701, -11.7799, -11.7675, -11.7324, -11.7439, -11.7972, -11.7531, -11.7615, -11.7408, -11.7654, -11.8363, -11.8285, -11.806, -11.8287, -11.7287, -11.7548, -11.6788, -11.6486, -11.6047, -11.5918, -11.5416, -11.1092, -11.1303, -11.1392, -9.8072, -8.5835, -8.0192, -7.7232, -6.9213, -6.0699, -2.1399]",30345,pick
BW_497,planning_suite,canonical,meta-llama/Llama-3.1-8B-Instruct,31,32,"[0.9, 0.8874, 0.9138, 0.9202, 0.9391, 0.9501, 0.9576, 0.9615, 0.9616, 0.9588, 0.9505, 0.9456, 0.9465, 0.9406, 0.9443, 0.93, 0.9293, 0.9252, 0.9362, 0.9386, 0.9359, 0.944, 0.9408, 0.9454, 0.9385, 0.9279, 0.9282, 0.9096, 0.9118, 0.9094, 0.8944, 0.8972]","[120164, 88757, 96443, 64897, 34329, 46509, 89191, 53193, 66000, 45146, 69677, 110035, 98039, 84386, 97837, 38662, 38360, 18078, 21290, 18748, 18408, 15989, 2730, 4929, 8938, 75, 20, 15, 14, 9, 6, 1]","[-11.7787, -11.7699, -11.779, -11.763, -11.7332, -11.7425, -11.7947, -11.7505, -11.7667, -11.7378, -11.775, -11.8532, -11.8299, -11.8068, -11.8497, -11.7078, -11.7009, -11.5992, -11.5847, -11.5322, -11.5126, -11.4106, -10.9885, -11.0023, -11.05, -9.752, -8.6143, -8.0321, -7.508, -6.7685, -5.9121, -1.9748]",30345,pick
BW_498,planning_suite,canonical,meta-llama/Llama-3.1-8B-Instruct,31,32,"[0.88, 0.8669, 0.9005, 0.9077, 0.9341, 0.9487, 0.9559, 0.9603, 0.9629, 0.9623, 0.9554, 0.9536, 0.9501, 0.9374, 0.9378, 0.9286, 0.9251, 0.9147, 0.9259, 0.9289, 0.9277, 0.9354, 0.9336, 0.9351, 0.929, 0.9228, 0.9175, 0.9014, 0.9011, 0.8971, 0.8862, 0.8892]","[119611, 88306, 97312, 71289, 37380, 49461, 91746, 54826, 59952, 48141, 63958, 108065, 99976, 86208, 91467, 49490, 50662, 27464, 27932, 26745, 26090, 25025, 4152, 7160, 10852, 69, 19, 13, 15, 10, 6, 1]","[-11.7786, -11.7699, -11.7798, -11.7675, -11.7368, -11.7461, -11.7983, -11.7523, -11.759, -11.7427, -11.7654, -11.8459, -11.834, -11.8103, -11.8314, -11.735, -11.7354, -11.6531, -11.6324, -11.5983, -11.5813, -11.5166, -11.0901, -11.1104, -11.1259, -9.807, -8.6376, -8.0911, -7.6814, -6.9011, -6.0615, -2.1653]",30345,pick
BW_499,planning_suite,canonical,meta-llama/Llama-3.1-8B-Instruct,30,32,"[0.8938, 0.8807, 0.9082, 0.9143, 0.9389, 0.9504, 0.9571, 0.9584, 0.9573, 0.9564, 0.949, 0.9445, 0.9434, 0.9356, 0.9338, 0.9205, 0.9187, 0.9126, 0.9232, 0.9241, 0.921, 0.9289, 0.9272, 0.9326, 0.9287, 0.9184, 0.9154, 0.9012, 0.906, 0.9002, 0.8882, 0.8837]","[119845, 89525, 95515, 64896, 35731, 49960, 85309, 48597, 63680, 47722, 70788, 110833, 101328, 82593, 91689, 37360, 45904, 23251, 23364, 19934, 19213, 18058, 3590, 6047, 10628, 99, 20, 14, 15, 10, 5, 1]","[-11.7785, -11.7702, -11.7785, -11.7631, -11.7347, -11.7468, -11.7896, -11.7442, -11.7639, -11.7418, -11.7768, -11.8565, -11.8378, -11.8033, -11.8327, -11.7048, -11.7222, -11.6292, -11.5995, -11.5459, -11.5225, -11.4416, -11.0578, -11.0663, -11.1158, -9.878, -8.7257, -8.1472, -7.641, -6.8842, -5.9904, -2.042]",30345,pick
BW_500,planning_suite,canonical,meta-llama/Llama-3.1-8B-Instruct,31,32,"[0.887, 0.8753, 0.9068, 0.9112, 0.9377, 0.9506, 0.9562, 0.959, 0.9582, 0.9579, 0.9501, 0.9451, 0.9431, 0.9345, 0.9348, 0.9248, 0.9216, 0.9043, 0.9134, 0.9121, 0.9063, 0.913, 0.9118, 0.9172, 0.9156, 0.9042, 0.901, 0.885, 0.8923, 0.8845, 0.8757, 0.8696]","[119443, 88336, 95478, 65808, 37388, 47026, 84728, 47123, 59181, 40289, 63291, 109269, 96134, 75495, 83551, 36213, 40759, 27635, 31902, 27401, 28300, 27576, 4907, 8061, 12651, 93, 19, 13, 15, 10, 6, 1]","[-11.7783, -11.7698, -11.7785, -11.7636, -11.7365, -11.743, -11.7891, -11.7422, -11.7582, -11.7302, -11.7645, -11.8494, -11.8257, -11.7883, -11.812, -11.7028, -11.7079, -11.6521, -11.6491, -11.604, -11.597, -11.5439, -11.1412, -11.1549, -11.1822, -9.9674, -8.8338, -8.2891, -7.9047, -7.158, -6.319, -2.2945]",30345,pick
BW_501,planning_suite,canonical,meta-llama/Llama-3.1-8B-Instruct,30,32,"[0.8861, 0.8741, 0.9052, 0.9113, 0.9378, 0.9509, 0.9563, 0.9594, 0.9588, 0.9581, 0.9495, 0.9433, 0.9425, 0.9323, 0.9332, 0.9234, 0.9205, 0.9086, 0.9183, 0.9185, 0.9153, 0.9211, 0.9176, 0.9222, 0.9197, 0.9095, 0.9059, 0.8914, 0.8977, 0.891, 0.8826, 0.8793]","[119577, 89622, 95767, 66200, 38093, 47948, 85802, 48594, 60952, 43559, 64035, 108353, 97866, 80440, 87051, 44551, 49737, 26406, 29588, 28470, 26768, 26776, 5421, 8421, 12973, 70, 19, 13, 15, 10, 5, 1]","[-11.7784, -11.7702, -11.7786, -11.7639, -11.7374, -11.7442, -11.7903, -11.7442, -11.7603, -11.7354, -11.7656, -11.8468, -11.8296, -11.7983, -11.8204, -11.724, -11.7328, -11.6466, -11.637, -11.608, -11.5851, -11.5365, -11.1593, -11.1685, -11.1954, -9.9115, -8.7304, -8.1693, -7.8136, -7.0574, -6.2187, -2.1612]",30345,pick
BW_502,planning_suite,canonical,meta-llama/Llama-3.1-8B-Instruct,30,32,"[0.8954, 0.8822, 0.9102, 0.9178, 0.9386, 0.9497, 0.956, 0.9586, 0.9571, 0.9566, 0.9488, 0.9442, 0.9421, 0.9357, 0.9376, 0.9272, 0.9264, 0.9201, 0.932, 0.9337, 0.9305, 0.9384, 0.9336, 0.937, 0.928, 0.9158, 0.9142, 0.9008, 0.9059, 0.9023, 0.8902, 0.8872]","[119934, 89109, 97870, 62921, 33968, 49403, 88377, 54102, 65244, 46240, 68556, 111765, 100959, 89960, 93054, 37304, 42954, 24168, 25956, 22154, 21205, 18844, 3017, 5330, 9650, 77, 19, 13, 16, 10, 5, 1]","[-11.7786, -11.7701, -11.7798, -11.7617, -11.7329, -11.7461, -11.7935, -11.7514, -11.7659, -11.7395, -11.7731, -11.8582, -11.8368, -11.8183, -11.8356, -11.7045, -11.7138, -11.6332, -11.6139, -11.5604, -11.5374, -11.447, -11.0168, -11.0295, -11.0803, -9.7986, -8.5965, -8.0229, -7.5993, -6.845, -5.9358, -1.9812]",30345,pick
BW_503,planning_suite,canonical,meta-llama/Llama-3.1-8B-Instruct,31,32,"[0.8757, 0.8632, 0.8972, 0.9033, 0.932, 0.9465, 0.9538, 0.9574, 0.9582, 0.959, 0.9541, 0.9514, 0.9489, 0.9353, 0.9306, 0.9234, 0.9213, 0.9141, 0.9246, 0.9271, 0.9243, 0.9327, 0.9289, 0.9303, 0.925, 0.9164, 0.9115, 0.897, 0.9024, 0.897, 0.8868, 0.8865]","[119475, 88322, 95388, 70916, 32693, 47701, 89726, 57087, 67532, 52536, 72234, 110384, 100842, 86811, 91259, 53343, 52233, 32708, 30415, 30570, 31098, 29896, 4703, 7914, 11829, 60, 19, 12, 16, 10, 6, 1]","[-11.7785, -11.7699, -11.7784, -11.7672, -11.7311, -11.7437, -11.7962, -11.7551, -11.7689, -11.7492, -11.7787, -11.8535, -11.8369, -11.811, -11.8299, -11.7441, -11.7397, -11.6742, -11.6454, -11.6226, -11.6173, -11.5624, -11.1205, -11.1416, -11.1567, -9.79, -8.6635, -8.1245, -7.8193, -7.0407, -6.1926, -2.1663]",30345,pick
BW_504,planning_suite,canonical,meta-llama/Llama-3.1-8B-Instruct,30,32,"[0.8891, 0.8762, 0.9048, 0.9107, 0.9377, 0.9508, 0.9566, 0.9586, 0.9574, 0.9562, 0.9489, 0.9447, 0.9422, 0.9308, 0.9304, 0.9198, 0.918, 0.905, 0.915, 0.916, 0.9109, 0.9188, 0.9144, 0.9198, 0.9122, 0.907, 0.906, 0.8888, 0.8925, 0.8848, 0.8787, 0.8826]","[119518, 89279, 95262, 65018, 33632, 47131, 83823, 50558, 61047, 43430, 66690, 110783, 96093, 85423, 90559, 39591, 43823, 24853, 26669, 25340, 25397, 26327, 4210, 6969, 11233, 70, 19, 13, 16, 10, 5, 1]","[-11.7784, -11.7702, -11.7783, -11.7631, -11.7322, -11.7433, -11.7878, -11.7468, -11.7605, -11.7354, -11.7698, -11.8532, -11.8253, -11.8088, -11.8283, -11.711, -11.7163, -11.6391, -11.6214, -11.5867, -11.574, -11.5285, -11.0986, -11.1124, -11.1411, -9.8714, -8.6798, -8.1298, -7.752, -7.0132, -6.196, -2.1762]",30345,pick
BW_505,planning_suite,canonical,meta-llama/Llama-3.1-8B-Instruct,31,32,"[0.8941, 0.8808, 0.9085, 0.9147, 0.9385, 0.9502, 0.9566, 0.9584, 0.9579, 0.9567, 0.9492, 0.9448, 0.9445, 0.9367, 0.9378, 0.9261, 0.9233, 0.9139, 0.9265, 0.9261, 0.9216, 0.9292, 0.9239, 0.9274, 0.9194, 0.9074, 0.9064, 0.8921, 0.8977, 0.8933, 0.8812, 0.874]","[120032, 89323, 95478, 65351, 34433, 49362, 85833, 50769, 64572, 49452, 70651, 110952, 99679, 85167, 88966, 34196, 44966, 22437, 22918, 20558, 20722, 20283, 4235, 6807, 11512, 105, 20, 14, 17, 10, 6, 1]","[-11.7787, -11.7702, -11.7785, -11.7634, -11.7332, -11.7461, -11.7903, -11.747, -11.765, -11.7444, -11.7765, -11.8567, -11.8337, -11.8085, -11.8258, -11.6962, -11.7193, -11.6263, -11.5986, -11.5539, -11.5372, -11.4679, -11.0936, -11.0987, -11.1408, -9.9316, -8.7407, -8.1712, -7.7222, -6.9473, -6.0696, -2.0512]",30345,pick
BW_506,planning_suite,canonical,meta-llama/Llama-3.1-8B-Instruct,31,32,"[0.9016, 0.8886, 0.9152, 0.9209, 0.9392, 0.9503, 0.9573, 0.9609, 0.9609, 0.9581, 0.9498, 0.9445, 0.9451, 0.9393, 0.9427, 0.9306, 0.9302, 0.9243, 0.9361, 0.9382, 0.9353, 0.943, 0.9378, 0.9418, 0.9327, 0.9216, 0.9196, 0.9047, 0.9094, 0.9053, 0.8929, 0.8896]","[120327, 88583, 96872, 64518, 34672, 47513, 90012, 53117, 65816, 45682, 70209, 110488, 98931, 84590, 97827, 37390, 36122, 17465, 20536, 18298, 18383, 16197, 2934, 5083, 8949, 73, 19, 14, 13, 9, 6, 1]","[-11.7789, -11.7699, -11.7793, -11.7628, -11.7336, -11.7438, -11.7958, -11.7503, -11.7664, -11.7386, -11.7759, -11.8547, -11.8319, -11.8072, -11.8497, -11.7043, -11.6941, -11.5954, -11.5801, -11.5284, -11.5136, -11.4128, -10.998, -11.003, -11.0492, -9.7288, -8.5813, -8.0002, -7.4453, -6.6905, -5.819, -1.934]",30345,pick
BW_507,planning_suite,canonical,meta-llama/Llama-3.1-8B-Instruct,31,32,"[0.9011, 0.8887, 0.9151, 0.9215, 0.9399, 0.9507, 0.9578, 0.9615, 0.9615, 0.9588, 0.9511, 0.9457, 0.9462, 0.9403, 0.9437, 0.9279, 0.9275, 0.9216, 0.9332, 0.9352, 0.9316, 0.9396, 0.9348, 0.9389, 0.931, 0.9201, 0.9183, 0.9043, 0.9087, 0.9049, 0.8915, 0.8893]","[119983, 88466, 96191, 64344, 35157, 47611, 88733, 53156, 64323, 44366, 70146, 109512, 98518, 81982, 97489, 35624, 35421, 18311, 21393, 18947, 18785, 16062, 2935, 5337, 9373, 89, 21, 16, 14, 9, 6, 1]","[-11.7786, -11.7698, -11.7788, -11.7627, -11.7341, -11.7439, -11.7941, -11.7504, -11.7645, -11.7366, -11.7757, -11.8512, -11.8308, -11.8021, -11.8486, -11.6994, -11.6919, -11.6002, -11.5845, -11.533, -11.5149, -11.4116, -11.0007, -11.0151, -11.0643, -9.8004, -8.6663, -8.0737, -7.4783, -6.7496, -5.8839, -1.9124]",30345,pick
BW_508,planning_suite,canonical,meta-llama/Llama-3.1-8B-Instruct,31,32,"[0.8942, 0.8806, 0.9083, 0.9152, 0.9393, 0.9507, 0.9571, 0.9588, 0.9579, 0.9565, 0.9486, 0.9436, 0.9428, 0.9348, 0.9358, 0.9249, 0.9238, 0.9157, 0.9279, 0.9278, 0.9242, 0.9313, 0.9256, 0.9289, 0.9213, 0.9089, 0.9078, 0.8941, 0.8995, 0.8954, 0.8829, 0.8754]","[120233, 89709, 95463, 64988, 34638, 49432, 86130, 51508, 64236, 49917, 70061, 109518, 99280, 85139, 92301, 35246, 46202, 23670, 23511, 21624, 21088, 20470, 4114, 6729, 11583, 104, 19, 14, 16, 10, 6, 1]","[-11.7789, -11.7703, -11.7785, -11.7632, -11.7335, -11.7461, -11.7907, -11.748, -11.7647, -11.7452, -11.7755, -11.8524, -11.8329, -11.8088, -11.8347, -11.699, -11.7228, -11.6323, -11.6024, -11.5616, -11.5407, -11.4711, -11.0902, -11.0978, -11.1449, -9.9311, -8.7267, -8.1479, -7.6905, -6.9136, -6.0391, -2.0236]",30345,pick
BW_509,planning_suite,canonical,meta-llama/Llama-3.1-8B-Instruct,31,32,"[0.8936, 0.8804, 0.9083, 0.9146, 0.9387, 0.9507, 0.957, 0.9588, 0.9583, 0.9561, 0.9479, 0.9425, 0.9413, 0.9342, 0.9364, 0.9225, 0.921, 0.9125, 0.9254, 0.9252, 0.9214, 0.9288, 0.9237, 0.9274, 0.919, 0.911, 0.9114, 0.8968, 0.9017, 0.8982, 0.8863, 0.8794]","[119936, 89057, 95904, 65251, 35141, 50712, 86296, 51548, 64647, 49056, 69017, 110246, 99792, 84603, 89676, 34463, 47086, 23216, 23690, 20662, 21053, 20433, 4331, 6848, 11772, 102, 20, 16, 15, 10, 6, 1]","[-11.7786, -11.7701, -11.7787, -11.7633, -11.7341, -11.7477, -11.7909, -11.748, -11.7652, -11.7438, -11.7738, -11.8546, -11.834, -11.8077, -11.828, -11.6968, -11.7253, -11.6295, -11.6026, -11.5541, -11.5392, -11.4715, -11.0999, -11.1055, -11.152, -9.9283, -8.7523, -8.1967, -7.7135, -6.9459, -6.0654, -2.027]",30345,pick
BW_510,planning_suite,canonical,meta-llama/Llama-3.1-8B-Instruct,30,32,"[0.8884, 0.8758, 0.9045, 0.9099, 0.9372, 0.9504, 0.9565, 0.9585, 0.9575, 0.9568, 0.9491, 0.9441, 0.9416, 0.9318, 0.9286, 0.918, 0.9167, 0.9054, 0.9149, 0.9176, 0.9128, 0.9202, 0.9154, 0.9207, 0.913, 0.9068, 0.9059, 0.8888, 0.8927, 0.8849, 0.8788, 0.8854]","[119552, 89059, 96045, 65068, 34604, 47282, 83515, 49271, 60246, 43369, 66037, 110413, 96419, 80911, 89580, 45066, 52762, 27007, 27196, 26288, 25080, 26925, 4295, 7022, 11523, 66, 18, 11, 15, 9, 5, 1]","[-11.7784, -11.7701, -11.7787, -11.7632, -11.7334, -11.7435, -11.7873, -11.7451, -11.7594, -11.7354, -11.7689, -11.8526, -11.826, -11.7991, -11.826, -11.7252, -11.7409, -11.6488, -11.6253, -11.5951, -11.5739, -11.5362, -11.1105, -11.123, -11.155, -9.8766, -8.6836, -8.1159, -7.7786, -7.0281, -6.1864, -2.2478]",30345,pick
BW_511,planning_suite,canonical,meta-llama/Llama-3.1-8B-Instruct,30,32,"[0.8957, 0.8824, 0.9101, 0.9171, 0.9382, 0.949, 0.9554, 0.9579, 0.9559, 0.9553, 0.9471, 0.9429, 0.9412, 0.9351, 0.9375, 0.9253, 0.9237, 0.9178, 0.9294, 0.9301, 0.9265, 0.9348, 0.9299, 0.9336, 0.9254, 0.9138, 0.913, 0.899, 0.9047, 0.9016, 0.8903, 0.8836]","[119791, 89355, 97915, 63345, 35037, 50930, 88705, 53464, 64785, 45301, 69424, 111827, 101090, 90839, 92977, 33783, 38457, 22862, 25501, 21310, 20507, 18401, 3193, 5405, 9801, 67, 19, 13, 15, 10, 5, 1]","[-11.7786, -11.7702, -11.7798, -11.762, -11.734, -11.7478, -11.7941, -11.7505, -11.7653, -11.738, -11.7745, -11.8583, -11.8372, -11.8205, -11.8359, -11.6948, -11.7019, -11.627, -11.6111, -11.555, -11.5327, -11.4446, -11.0317, -11.0392, -11.0889, -9.7804, -8.5962, -8.0355, -7.635, -6.8952, -6.0057, -1.9703]",30345,pick
BW_512,planning_suite,canonical,meta-llama/Llama-3.1-8B-Instruct,30,32,"[0.8902, 0.8771, 0.9069, 0.9148, 0.9388, 0.951, 0.9576, 0.9606, 0.9612, 0.9593, 0.952, 0.948, 0.9488, 0.9388, 0.9377, 0.9251, 0.9233, 0.912, 0.9238, 0.9225, 0.9184, 0.9256, 0.9236, 0.9276, 0.9218, 0.9116, 0.9122, 0.8939, 0.8978, 0.8945, 0.8829, 0.8839]","[119841, 90761, 96504, 65098, 33636, 46063, 85862, 50898, 62763, 45033, 65538, 108771, 99836, 85509, 85861, 39095, 53399, 32447, 31043, 28374, 28301, 28062, 6641, 9750, 14819, 112, 21, 16, 17, 10, 5, 1]","[-11.7786, -11.7707, -11.779, -11.7632, -11.7321, -11.742, -11.7902, -11.7473, -11.7626, -11.738, -11.768, -11.8478, -11.8334, -11.8092, -11.8178, -11.71, -11.7423, -11.67, -11.6427, -11.6067, -11.5929, -11.5438, -11.1886, -11.1936, -11.2304, -9.9969, -8.8449, -8.2766, -7.8344, -7.0701, -6.1708, -2.0763]",30345,pick
BW_513,planning_suite,canonical,meta-llama/Llama-3.1-8B-Instruct,30,32,"[0.8885, 0.8753, 0.9045, 0.9103, 0.9372, 0.9504, 0.9563, 0.9583, 0.9577, 0.9572, 0.9492, 0.9444, 0.9422, 0.9312, 0.9307, 0.9209, 0.9187, 0.9078, 0.9179, 0.9176, 0.9137, 0.9203, 0.9177, 0.9212, 0.9188, 0.9113, 0.9057, 0.8903, 0.8969, 0.8914, 0.8831, 0.8844]","[119751, 89267, 95553, 65337, 34914, 46291, 83288, 50017, 61673, 43847, 65560, 109520, 95287, 83600, 87512, 40102, 44513, 25632, 26315, 25316, 25326, 26116, 4875, 7840, 12737, 69, 19, 12, 15, 10, 5, 1]","[-11.7786, -11.7702, -11.7785, -11.7633, -11.7337, -11.7422, -11.787, -11.7461, -11.7613, -11.7361, -11.7681, -11.8501, -11.8236, -11.8047, -11.8216, -11.7125, -11.7186, -11.6428, -11.62, -11.589, -11.5752, -11.5298, -11.1365, -11.1471, -11.1848, -9.8919, -8.7123, -8.1435, -7.779, -7.0254, -6.1534, -2.1632]",30345,pick
BW_514,planning_suite,canonical,meta-llama/Llama-3.1-8B-Instruct,31,32,"[0.8935, 0.8802, 0.9093, 0.9165, 0.9397, 0.9513, 0.9572, 0.9597, 0.9589, 0.9568, 0.95, 0.9463, 0.9465, 0.9339, 0.9333, 0.9212, 0.9188, 0.9085, 0.9201, 0.9205, 0.9164, 0.9228, 0.921, 0.9246, 0.9218, 0.9135, 0.9079, 0.8923, 0.8979, 0.8921, 0.8831, 0.8839]","[119858, 90230, 95623, 64349, 34315, 46576, 85795, 49805, 63204, 45510, 68613, 110967, 102037, 89242, 91463, 44199, 55147, 31152, 30954, 26954, 27400, 26064, 5660, 8571, 13577, 108, 22, 15, 17, 10, 6, 1]","[-11.7786, -11.7705, -11.7785, -11.7627, -11.7329, -11.7426, -11.7901, -11.7459, -11.7633, -11.7386, -11.7732, -11.8545, -11.8388, -11.8171, -11.8312, -11.7224, -11.747, -11.6643, -11.6412, -11.5954, -11.5849, -11.5231, -11.1472, -11.1518, -11.1926, -9.9455, -8.8202, -8.2435, -7.7764, -6.9985, -6.1132, -2.1652]",30345,pick
BW_515,planning_suite,canonical,meta-llama/Llama-3.1-8B-Instruct,31,32,"[0.8925, 0.8795, 0.9086, 0.9153, 0.9391, 0.9511, 0.9573, 0.9599, 0.9589, 0.9569, 0.9503, 0.9465, 0.9462, 0.9359, 0.9335, 0.9199, 0.9173, 0.9082, 0.9192, 0.9194, 0.9156, 0.9219, 0.9198, 0.9249, 0.9214, 0.9117, 0.9083, 0.8932, 0.8989, 0.8934, 0.8854, 0.8835]","[119732, 90566, 96651, 64658, 35293, 47469, 85711, 50972, 64439, 47059, 68377, 111143, 102966, 88023, 89309, 42341, 52749, 29921, 29789, 26270, 26970, 25035, 5479, 8401, 13790, 107, 20, 15, 16, 10, 6, 1]","[-11.7785, -11.7706, -11.7791, -11.7629, -11.7341, -11.7438, -11.79, -11.7474, -11.7649, -11.7411, -11.7727, -11.8553, -11.8409, -11.8146, -11.8257, -11.7178, -11.7407, -11.6597, -11.6359, -11.5927, -11.5836, -11.5158, -11.1471, -11.1551, -11.2038, -9.968, -8.8326, -8.2653, -7.8136, -7.054, -6.1437, -2.1716]",30345,pick
MBW_496,planning_suite,canonical,meta-llama/Llama-3.1-8B-Instruct,31,32,"[0.8891, 0.8799, 0.9127, 0.9148, 0.9393, 0.9518, 0.9585, 0.9647, 0.9644, 0.9668, 0.962, 0.9604, 0.9581, 0.9481, 0.938, 0.9342, 0.9322, 0.9225, 0.929, 0.9292, 0.9247, 0.9303, 0.9258, 0.9313, 0.9188, 0.903, 0.8974, 0.8848, 0.8811, 0.8766, 0.87, 0.8813]","[94931, 72627, 112969, 55692, 75826, 34232, 48419, 4456, 9123, 7557, 60626, 41694, 54742, 51155, 27694, 23699, 32435, 20144, 13814, 14394, 22761, 12604, 3112, 4890, 23, 7, 18, 8, 7, 15, 9, 1]","[-11.7689, -11.7645, -11.7914, -11.7568, -11.7744, -11.7254, -11.7456, -11.6427, -11.6645, -11.648, -11.7602, -11.7293, -11.7499, -11.7424, -11.682, -11.6629, -11.6828, -11.6169, -11.5446, -11.5132, -11.5611, -11.3883, -11.0457, -11.0267, -9.4184, -8.4374, -8.4199, -7.9101, -7.2905, -7.6523, -6.6355, -2.6085]",21208,attack
MBW_497,planning_suite,canonical,meta-llama/Llama-3.1-8B-Instruct,31,32,"[0.8897, 0.8804, 0.913, 0.9151, 0.9393, 0.9519, 0.9585, 0.9642, 0.9632, 0.9653, 0.96, 0.9576, 0.9548, 0.945, 0.9381, 0.9362, 0.9365, 0.9299, 0.937, 0.938, 0.9359, 0.9404, 0.9374, 0.9362, 0.9262, 0.9115, 0.898, 0.8881, 0.8883, 0.8822, 0.8698, 0.8754]","[95118, 72810, 113098, 56162, 75529, 33667, 46823, 4506, 9398, 7802, 60010, 41548, 57988, 51283, 25991, 22935, 32094, 19379, 13852, 14667, 21492, 12431, 2849, 4410, 21, 7, 13, 8, 7, 11, 9, 1]","[-11.7689, -11.7646, -11.7914, -11.7571, -11.7741, -11.7246, -11.7436, -11.643, -11.6657, -11.649, -11.7592, -11.7287, -11.7555, -11.7426, -11.6772, -11.6605, -11.6821, -11.6132, -11.5442, -11.5156, -11.5525, -11.3846, -11.0313, -11.0088, -9.3947, -8.4144, -8.404, -7.8287, -7.1862, -7.6355, -6.6392, -2.6636]",21208,attack
MBW_498,planning_suite,canonical,meta-llama/Llama-3.1-8B-Instruct,31,32,"[0.8845, 0.8757, 0.9095, 0.9116, 0.9375, 0.95, 0.9565, 0.9634, 0.963, 0.9643, 0.959, 0.9577, 0.9546, 0.9415, 0.9251, 0.919, 0.9199, 0.9129, 0.9189, 0.9168, 0.9131, 0.9193, 0.9162, 0.9197, 0.9092, 0.8953, 0.8883, 0.8732, 0.874, 0.8699, 0.8636, 0.8749]","[91909, 72515, 112980, 56196, 75961, 34793, 52313, 5019, 9971, 8198, 62925, 45820, 56523, 61792, 40168, 30713, 36156, 24249, 17107, 16001, 22942, 14222, 3658, 6129, 20, 7, 17, 11, 10, 16, 10, 1]","[-11.7681, -11.7645, -11.7915, -11.7572, -11.7746, -11.7261, -11.75, -11.6467, -11.6686, -11.651, -11.7638, -11.737, -11.7529, -11.7624, -11.7157, -11.6872, -11.6954, -11.6384, -11.5703, -11.5319, -11.5668, -11.4222, -11.099, -11.0999, -9.5064, -8.5968, -8.5941, -8.1099, -7.5102, -7.8365, -6.9135, -2.9993]",21208,attack
MBW_499,planning_suite,canonical,meta-llama/Llama-3.1-8B-Instruct,31,32,"[0.8915, 0.8808, 0.9123, 0.9157, 0.9388, 0.9513, 0.9582, 0.964, 0.9627, 0.9657, 0.958, 0.9563, 0.9556, 0.9465, 0.9391, 0.9332, 0.9303, 0.9233, 0.9292, 0.9293, 0.9258, 0.9311, 0.9283, 0.9326, 0.9201, 0.9101, 0.9024, 0.8875, 0.8843, 0.8786, 0.8654, 0.8744]","[95376, 71091, 113435, 56508, 72135, 32665, 47849, 5331, 10717, 7599, 64940, 42511, 54429, 54473, 31836, 29190, 35046, 24093, 14906, 15672, 22567, 12967, 3459, 5099, 24, 7, 18, 10, 10, 16, 10, 1]","[-11.769, -11.7641, -11.7917, -11.7574, -11.7707, -11.723, -11.7447, -11.6474, -11.6702, -11.6465, -11.7673, -11.7305, -11.7492, -11.7486, -11.6942, -11.6821, -11.6913, -11.6334, -11.5494, -11.5207, -11.5567, -11.3857, -11.0572, -11.0292, -9.4397, -8.4638, -8.4571, -8.0135, -7.4197, -7.6484, -6.6951, -2.6298]",21208,attack
MBW_500,planning_suite,canonical,meta-llama/Llama-3.1-8B-Instruct,31,32,"[0.8821, 0.8707, 0.9054, 0.9083, 0.9349, 0.9482, 0.9545, 0.9601, 0.9596, 0.9606, 0.9545, 0.9523, 0.9483, 0.9366, 0.9292, 0.9261, 0.9243, 0.9179, 0.9275, 0.9299, 0.9275, 0.9326, 0.9288, 0.9305, 0.9192, 0.9058, 0.898, 0.8849, 0.8866, 0.8828, 0.8752, 0.8844]","[95004, 73397, 113347, 56157, 76392, 35004, 48139, 4618, 9603, 7542, 59697, 42365, 55633, 54628, 33145, 27208, 32844, 21101, 13483, 15085, 22663, 13931, 3405, 5113, 20, 7, 16, 8, 8, 13, 9, 1]","[-11.7689, -11.7648, -11.7917, -11.7571, -11.775, -11.7266, -11.7452, -11.6437, -11.666, -11.6474, -11.7588, -11.7302, -11.7515, -11.749, -11.6986, -11.676, -11.6847, -11.6223, -11.5406, -11.5167, -11.5586, -11.4025, -11.0626, -11.0437, -9.4107, -8.4856, -8.4797, -7.97, -7.3427, -7.7007, -6.6961, -2.6753]",21208,attack
BW_E_001,planning_suite,canonical,meta-llama/Llama-3.1-8B-Instruct,30,32,"[0.8926, 0.8791, 0.9089, 0.9159, 0.9399, 0.9516, 0.9576, 0.9601, 0.9591, 0.9571, 0.9505, 0.9467, 0.9466, 0.9327, 0.9327, 0.9205, 0.9177, 0.9091, 0.9206, 0.9197, 0.9146, 0.9217, 0.9198, 0.9245, 0.9216, 0.9112, 0.9089, 0.8944, 0.9012, 0.895, 0.8856, 0.8861]","[119924, 89976, 96261, 65322, 35116, 47264, 85273, 50488, 64024, 46099, 68209, 110317, 102809, 90631, 92182, 39957, 50799, 32853, 32475, 27300, 27551, 26477, 6027, 9211, 14497, 113, 20, 14, 17, 10, 5, 1]","[-11.7786, -11.7704, -11.7789, -11.7634, -11.7338, -11.7434, -11.7895, -11.7467, -11.7643, -11.7396, -11.7724, -11.8524, -11.8408, -11.8204, -11.833, -11.7119, -11.7353, -11.6711, -11.6485, -11.5973, -11.5859, -11.5289, -11.1669, -11.1749, -11.2166, -9.9762, -8.8007, -8.222, -7.7962, -7.0288, -6.1546, -2.1544]",30345,pick
BW_E_002,planning_suite,canonical,meta-llama/Llama-3.1-8B-Instruct,30,32,"[0.8962, 0.8828, 0.9107, 0.9186, 0.9391, 0.95, 0.9561, 0.9585, 0.9571, 0.9561, 0.9485, 0.9441, 0.9415, 0.9353, 0.9372, 0.924, 0.924, 0.9168, 0.9282, 0.9301, 0.9267, 0.9349, 0.9302, 0.9337, 0.9248, 0.9145, 0.9127, 0.8983, 0.9034, 0.8998, 0.8874, 0.8837]","[119902, 88805, 98442, 63836, 34774, 50493, 88501, 54006, 64493, 45709, 68052, 111395, 100380, 90252, 90459, 34445, 41553, 20551, 23969, 19842, 19849, 17913, 3313, 5696, 9904, 70, 19, 15, 15, 10, 5, 1]","[-11.7786, -11.77, -11.7802, -11.7623, -11.7338, -11.7472, -11.7937, -11.7512, -11.7649, -11.7386, -11.7724, -11.8573, -11.8352, -11.8189, -11.8294, -11.6966, -11.7096, -11.6156, -11.6039, -11.546, -11.5297, -11.4404, -11.0421, -11.0515, -11.0929, -9.8186, -8.6575, -8.0983, -7.6089, -6.8434, -5.9649, -1.9936]",30345,pick
BW_E_003,planning_suite,canonical,meta-llama/Llama-3.1-8B-Instruct,31,32,"[0.8936, 0.88, 0.908, 0.9148, 0.9388, 0.9505, 0.9571, 0.9589, 0.9584, 0.9571, 0.9496, 0.9448, 0.9431, 0.935, 0.9364, 0.9231, 0.9211, 0.9131, 0.9253, 0.9239, 0.9196, 0.9263, 0.9211, 0.9238, 0.9171, 0.9054, 0.9049, 0.891, 0.8976, 0.8937, 0.8829, 0.8775]","[119950, 89386, 96222, 66365, 35519, 49959, 87261, 51341, 65331, 49671, 71101, 109720, 100090, 85380, 89425, 32554, 46342, 23786, 25138, 22059, 21990, 20457, 4847, 7448, 12619, 118, 20, 16, 16, 10, 6, 1]","[-11.7786, -11.7702, -11.7789, -11.7641, -11.7345, -11.7469, -11.7922, -11.7478, -11.766, -11.7448, -11.7772, -11.8527, -11.8349, -11.8094, -11.8277, -11.6911, -11.7231, -11.6321, -11.6101, -11.5641, -11.5463, -11.4724, -11.1219, -11.1238, -11.1725, -9.971, -8.7973, -8.233, -7.7136, -6.9438, -6.0552, -2.0159]",30345,pick
BW_E_004,planning_suite,canonical,meta-llama/Llama-3.1-8B-Instruct,30,32,"[0.8863, 0.8742, 0.9055, 0.9102, 0.937, 0.9503, 0.9557, 0.9583, 0.9577, 0.9572, 0.95, 0.9455, 0.9429, 0.9332, 0.9314, 0.9226, 0.92, 0.9085, 0.9197, 0.9202, 0.9157, 0.9224, 0.9185, 0.9203, 0.9172, 0.9079, 0.9056, 0.8908, 0.8913, 0.8884, 0.8783, 0.8771]","[119390, 88338, 95958, 66479, 38229, 47413, 85403, 47850, 60602, 40006, 62404, 108905, 95022, 78125, 83519, 43514, 45649, 24721, 28105, 27808, 25805, 26670, 5637, 8970, 13867, 67, 18, 11, 14, 10, 5, 1]","[-11.7783, -11.7698, -11.7787, -11.7641, -11.7376, -11.7435, -11.7899, -11.7432, -11.7598, -11.7298, -11.763, -11.848, -11.8228, -11.7933, -11.8116, -11.7218, -11.722, -11.6399, -11.6309, -11.6055, -11.5802, -11.536, -11.1634, -11.1787, -11.214, -9.8939, -8.6979, -8.1395, -7.7748, -7.0237, -6.1827, -2.1895]",30345,pick
BW_E_005,planning_suite,canonical,meta-llama/Llama-3.1-8B-Instruct,31,32,"[0.8938, 0.8805, 0.9084, 0.9146, 0.9386, 0.9503, 0.957, 0.9589, 0.9583, 0.9571, 0.9495, 0.9449, 0.9444, 0.9366, 0.9369, 0.9244, 0.9219, 0.9135, 0.9251, 0.9242, 0.9196, 0.9271, 0.9213, 0.9243, 0.9169, 0.9049, 0.9043, 0.8904, 0.8962, 0.8925, 0.8809, 0.8746]","[120110, 89567, 95697, 65096, 34544, 49678, 86889, 51968, 63898, 48726, 70966, 110745, 100239, 82979, 90055, 34421, 45981, 23852, 24720, 22035, 21521, 20704, 4317, 6954, 11794, 102, 20, 14, 16, 10, 6, 1]","[-11.7788, -11.7703, -11.7786, -11.7632, -11.7333, -11.7465, -11.7918, -11.7486, -11.7642, -11.7433, -11.777, -11.8559, -11.8353, -11.8043, -11.8291, -11.6967, -11.7222, -11.6323, -11.6085, -11.5635, -11.5428, -11.4737, -11.1006, -11.1064, -11.1511, -9.9265, -8.7518, -8.1728, -7.7052, -6.9468, -6.0687, -2.0071]",30345,pick
GSM_041_W6,arithmetic_reasoning,W6,meta-llama/Llama-3.1-8B-Instruct,-1,32,"[0.9976, 0.9977, 0.9979, 0.9978, 0.9984, 0.9982, 0.9981, 0.9977, 0.9973, 0.9975, 0.9971, 0.9966, 0.9967, 0.9955, 0.9939, 0.9921, 0.9919, 0.9869, 0.9856, 0.9856, 0.9838, 0.9847, 0.9623, 0.9574, 0.9573, 0.9436, 0.946, 0.9288, 0.9306, 0.9205, 0.9061, 0.9378]","[32121, 37452, 45972, 59371, 32409, 107726, 113687, 68091, 51124, 83802, 82312, 94907, 56531, 91146, 39244, 67009, 12516, 8545, 20624, 20164, 20134, 14243, 1530, 1937, 1973, 908, 185, 88, 52, 34, 45, 16]","[-11.7545, -11.7531, -11.7536, -11.7595, -11.7313, -11.8258, -11.8382, -11.7694, -11.7471, -11.7953, -11.7934, -11.8124, -11.7537, -11.8188, -11.7201, -11.7735, -11.6137, -11.5599, -11.6103, -11.5847, -11.5777, -11.4747, -11.1234, -11.0751, -10.9836, -10.918, -10.4047, -10.0955, -9.4302, -9.108, -8.4392, -4.565]",1032,13
GSM_042_W6,arithmetic_reasoning,W6,meta-llama/Llama-3.1-8B-Instruct,-1,32,"[0.9958, 0.9934, 0.9947, 0.9946, 0.9947, 0.9944, 0.9949, 0.9947, 0.9936, 0.9946, 0.9944, 0.9932, 0.9941, 0.9919, 0.9888, 0.982, 0.9708, 0.9664, 0.9186, 0.9334, 0.9286, 0.9317, 0.8967, 0.8866, 0.8468, 0.8208, 0.8373, 0.8189, 0.798, 0.7624, 0.7697, 0.8469]","[37436, 49681, 52435, 40073, 45487, 95778, 111729, 106410, 105482, 55099, 73649, 5806, 44664, 71098, 51184, 104901, 106689, 94248, 52211, 36526, 33190, 17584, 14318, 12206, 21026, 11517, 10504, 6277, 12960, 3852, 2371, 27]","[-11.756, -11.7573, -11.7568, -11.7467, -11.7461, -11.8046, -11.8317, -11.8229, -11.8254, -11.7521, -11.7805, -11.6303, -11.7317, -11.7793, -11.7429, -11.8676, -11.8858, -11.8636, -11.7296, -11.65, -11.6271, -11.4739, -11.4132, -11.3214, -11.3934, -11.2562, -11.1251, -10.9584, -11.0971, -10.6833, -10.4389, -6.3012]",23411,577
GSM_043_W6,arithmetic_reasoning,W6,meta-llama/Llama-3.1-8B-Instruct,-1,32,"[0.9995, 0.9991, 0.9991, 0.9989, 0.9988, 0.9989, 0.9988, 0.9985, 0.9977, 0.9982, 0.9981, 0.9978, 0.9976, 0.9946, 0.993, 0.9841, 0.9597, 0.9515, 0.9133, 0.927, 0.9177, 0.9002, 0.8868, 0.8612, 0.8541, 0.8105, 0.7547, 0.7326, 0.7383, 0.6892, 0.6944, 0.7996]","[68129, 80686, 42102, 77068, 96388, 100078, 102128, 88553, 79423, 86213, 103386, 93261, 76904, 51422, 25273, 23105, 11325, 8774, 6956, 6953, 3220, 4757, 880, 464, 461, 376, 101, 123, 76, 67, 17, 11]","[-11.7626, -11.767, -11.7518, -11.7708, -11.7951, -11.8125, -11.8149, -11.7962, -11.7858, -11.8008, -11.8348, -11.8125, -11.7899, -11.743, -11.6847, -11.6663, -11.5993, -11.558, -11.4989, -11.4648, -11.386, -11.3334, -11.0765, -10.8479, -10.7155, -10.7199, -10.1716, -10.2271, -9.9017, -9.6425, -8.6265, -5.3455]",2031,70
GSM_044_W6,arithmetic_reasoning,W6,meta-llama/Llama-3.1-8B-Instruct,-1,32,"[0.9997, 0.9996, 0.9995, 0.9994, 0.9994, 0.9995, 0.9995, 0.9995, 0.9993, 0.9994, 0.9991, 0.9989, 0.9989, 0.9975, 0.9963, 0.9957, 0.9955, 0.9956, 0.9903, 0.9921, 0.9908, 0.9919, 0.979, 0.9683, 0.9509, 0.9053, 0.9179, 0.8734, 0.8912, 0.8747, 0.8701, 0.9156]","[40747, 66952, 107653, 126785, 126130, 127796, 124681, 124624, 118132, 94956, 70404, 83895, 76427, 104417, 71915, 46913, 58128, 71989, 40497, 19754, 24567, 16437, 18416, 16652, 16782, 14525, 7642, 6448, 5589, 3144, 452, 238]","[-11.7568, -11.7627, -11.786, -11.8371, -11.8646, -11.9305, -11.8778, -11.8829, -11.8582, -11.814, -11.7754, -11.7949, -11.7877, -11.8462, -11.7802, -11.7321, -11.7551, -11.7912, -11.6919, -11.5758, -11.599, -11.4947, -11.4788, -11.4093, -11.3538, -11.3419, -11.0935, -11.0145, -10.8567, -10.7016, -9.8866, -7.0451]",3174,41
GSM_045_W6,arithmetic_reasoning,W6,meta-llama/Llama-3.1-8B-Instruct,-1,32,"[0.9979, 0.997, 0.9975, 0.9975, 0.9983, 0.9985, 0.9984, 0.9983, 0.998, 0.998, 0.9974, 0.9969, 0.9967, 0.9938, 0.9919, 0.9879, 0.9875, 0.9783, 0.9775, 0.9784, 0.9786, 0.9794, 0.9701, 0.9569, 0.9503, 0.9294, 0.9265, 0.8852, 0.8935, 0.8769, 0.8532, 0.8831]","[127641, 122359, 115881, 120581, 122720, 112621, 124527, 127603, 128033, 125394, 127994, 115389, 123556, 121698, 82051, 72906, 31316, 19554, 88141, 94135, 101397, 94067, 89968, 75839, 61827, 67549, 62393, 63330, 65761, 52801, 21734, 917]","[-11.7911, -11.7894, -11.7931, -11.8132, -11.8434, -11.8339, -11.8765, -11.9271, -11.9692, -11.9172, -12.0029, -11.8632, -11.9264, -11.9189, -11.8011, -11.7866, -11.6861, -11.6251, -11.8567, -11.9073, -11.9563, -11.9741, -11.99, -11.9116, -11.8088, -11.8655, -11.8546, -11.8879, -11.9981, -11.8131, -11.3051, -8.4759]",24538,988
GSM_046_W6,arithmetic_reasoning,W6,meta-llama/Llama-3.1-8B-Instruct,-1,32,"[0.9997, 0.9996, 0.9997, 0.9996, 0.9996, 0.9997, 0.9996, 0.9994, 0.9992, 0.9991, 0.9987, 0.9984, 0.9978, 0.9949, 0.9896, 0.9859, 0.9869, 0.9867, 0.9862, 0.9865, 0.9853, 0.9852, 0.9841, 0.9818, 0.9774, 0.9622, 0.9633, 0.932, 0.9417, 0.9392, 0.9402, 0.9711]","[54678, 13767, 82638, 119040, 85970, 125034, 124308, 83072, 70388, 116840, 112336, 109036, 101206, 117758, 112460, 75274, 51822, 29401, 27653, 31220, 28214, 16477, 11696, 10373, 9812, 5591, 977, 402, 190, 196, 267, 971]","[-11.7599, -11.7422, -11.7709, -11.8097, -11.7841, -11.8869, -11.8753, -11.7876, -11.7729, -11.8696, -11.8585, -11.8446, -11.8352, -11.8927, -11.8731, -11.7909, -11.7396, -11.6648, -11.6401, -11.6387, -11.6181, -11.4977, -11.4002, -11.3252, -11.2626, -11.1912, -10.754, -10.5251, -10.0312, -9.9329, -9.5809, -8.5373]",23,8
GSM_047_W6,arithmetic_reasoning,W6,meta-llama/Llama-3.1-8B-Instruct,-1,32,"[0.9986, 0.9983, 0.9986, 0.9982, 0.9986, 0.9987, 0.9987, 0.9982, 0.997, 0.9962, 0.9952, 0.994, 0.9955, 0.9945, 0.993, 0.9904, 0.9871, 0.9844, 0.9818, 0.9831, 0.9816, 0.9831, 0.9729, 0.9698, 0.9664, 0.955, 0.9431, 0.9241, 0.9247, 0.9186, 0.9097, 0.9337]","[104383, 89613, 87716, 103254, 95866, 79392, 95619, 93989, 105407, 95165, 55935, 32736, 38309, 107179, 81332, 89009, 17601, 12923, 23479, 21218, 19185, 24426, 18239, 6918, 5919, 3725, 1397, 581, 233, 224, 235, 168]","[-11.7712, -11.77, -11.7735, -11.792, -11.7961, -11.7837, -11.8055, -11.8038, -11.8268, -11.8175, -11.7529, -11.7157, -11.719, -11.8592, -11.7993, -11.8255, -11.6283, -11.5891, -11.6159, -11.5794, -11.5535, -11.5504, -11.4634, -11.2543, -11.1523, -11.075, -10.7367, -10.5042, -10.011, -9.8858, -9.4872, -7.1427]",508,20
GSM_048_W6,arithmetic_reasoning,W6,meta-llama/Llama-3.1-8B-Instruct,-1,32,"[0.9994, 0.999, 0.9989, 0.9965, 0.9978, 0.9983, 0.9983, 0.9981, 0.9971, 0.9974, 0.9973, 0.9972, 0.9976, 0.9968, 0.9964, 0.9953, 0.9943, 0.9919, 0.9925, 0.9909, 0.991, 0.9914, 0.9901, 0.9898, 0.9888, 0.9817, 0.9799, 0.9728, 0.9703, 0.9648, 0.9524, 0.95]","[57163, 82607, 41415, 75469, 48498, 26254, 32600, 41316, 23801, 24403, 58647, 33286, 18041, 30441, 20252, 55391, 20714, 65603, 45500, 24342, 30618, 19495, 24239, 24295, 33230, 18322, 9477, 7861, 2674, 955, 288, 240]","[-11.7604, -11.7677, -11.7512, -11.7699, -11.7489, -11.7137, -11.7258, -11.7361, -11.7066, -11.701, -11.7571, -11.7167, -11.6703, -11.7003, -11.671, -11.7494, -11.6459, -11.7735, -11.7091, -11.6051, -11.6301, -11.5196, -11.5289, -11.5031, -11.5604, -11.4192, -11.1914, -11.1502, -10.7441, -10.4217, -9.7285, -7.473]",18044,366
GSM_049_W6,arithmetic_reasoning,W6,meta-llama/Llama-3.1-8B-Instruct,-1,32,"[0.9993, 0.9992, 0.9988, 0.995, 0.9967, 0.9977, 0.9981, 0.9982, 0.9972, 0.9975, 0.9974, 0.9974, 0.9981, 0.9978, 0.9972, 0.9969, 0.9958, 0.9871, 0.9907, 0.9916, 0.9919, 0.9927, 0.9902, 0.9869, 0.9851, 0.9784, 0.9762, 0.9541, 0.959, 0.9547, 0.9493, 0.961]","[91653, 61196, 59931, 52132, 99321, 85383, 49378, 115444, 106589, 40536, 41152, 13448, 34108, 74627, 31170, 22806, 4097, 7743, 46809, 69518, 68149, 39555, 37022, 27256, 19924, 16727, 7420, 22870, 14789, 6213, 1410, 492]","[-11.7679, -11.7609, -11.7602, -11.7551, -11.7991, -11.7907, -11.7468, -11.8452, -11.8257, -11.7306, -11.7297, -11.6707, -11.711, -11.7858, -11.7017, -11.6667, -11.5324, -11.5482, -11.7127, -11.7952, -11.7922, -11.6465, -11.6155, -11.5219, -11.4142, -11.3864, -11.1406, -11.4153, -11.2091, -10.9394, -10.3247, -7.4328]",23000,624
GSM_050_W6,arithmetic_reasoning,W6,meta-llama/Llama-3.1-8B-Instruct,-1,32,"[0.9998, 0.9996, 0.9993, 0.9991, 0.999, 0.9989, 0.999, 0.9989, 0.9983, 0.9983, 0.9981, 0.9978, 0.9982, 0.9975, 0.9966, 0.9956, 0.9957, 0.9955, 0.9954, 0.9947, 0.9946, 0.9948, 0.9931, 0.9927, 0.9899, 0.9869, 0.9831, 0.9769, 0.95, 0.9228, 0.9245, 0.9598]","[55793, 30572, 63440, 101105, 97232, 123497, 103599, 59664, 84631, 60437, 39591, 41096, 64887, 99831, 84677, 96838, 28240, 15068, 26171, 20774, 35881, 32333, 34911, 26608, 11214, 9079, 1763, 581, 91, 179, 81, 16]","[-11.7601, -11.7506, -11.7617, -11.7884, -11.7966, -11.8735, -11.8161, -11.7586, -11.7927, -11.7602, -11.7269, -11.7305, -11.7679, -11.8393, -11.8067, -11.845, -11.676, -11.6079, -11.6391, -11.5945, -11.6576, -11.6154, -11.6118, -11.5318, -11.3183, -11.2846, -10.8761, -10.6259, -9.8099, -9.9591, -9.1864, -6.1906]",605,10
GSM_051_W6,arithmetic_reasoning,W6,meta-llama/Llama-3.1-8B-Instruct,-1,32,"[0.9979, 0.9981, 0.9986, 0.9981, 0.9985, 0.9987, 0.9984, 0.9982, 0.9978, 0.9982, 0.9978, 0.997, 0.9971, 0.9938, 0.989, 0.9852, 0.9823, 0.9809, 0.9819, 0.9827, 0.9801, 0.9813, 0.9748, 0.9704, 0.9681, 0.9551, 0.9467, 0.9262, 0.9357, 0.9209, 0.9209, 0.955]","[55687, 48936, 79328, 116261, 118522, 98054, 92688, 56726, 42800, 24719, 41234, 88184, 123711, 119137, 79994, 90999, 44250, 38067, 48114, 2723, 5059, 3622, 447, 1339, 2024, 524, 361, 155, 99, 78, 88, 131]","[-11.76, -11.757, -11.7693, -11.8064, -11.8317, -11.809, -11.7996, -11.755, -11.736, -11.7001, -11.7293, -11.802, -11.9225, -11.8997, -11.7953, -11.8294, -11.7208, -11.696, -11.7185, -11.3914, -11.4192, -11.3054, -11.013, -11.0474, -11.0051, -10.8235, -10.5181, -10.2662, -9.7959, -9.615, -8.9821, -6.5453]",11584,214
GSM_052_W6,arithmetic_reasoning,W6,meta-llama/Llama-3.1-8B-Instruct,-1,32,"[0.9998, 0.9995, 0.999, 0.9982, 0.9979, 0.9978, 0.9979, 0.9975, 0.9965, 0.9968, 0.9964, 0.9963, 0.9963, 0.9953, 0.9946, 0.9921, 0.9916, 0.9889, 0.987, 0.981, 0.9799, 0.9797, 0.979, 0.9778, 0.9779, 0.9756, 0.9724, 0.9648, 0.9336, 0.9224, 0.9183, 0.9213]","[54710, 24164, 22175, 88571, 72727, 91326, 105401, 105385, 55164, 79877, 72897, 63558, 57868, 62887, 71335, 60212, 11166, 3696, 5029, 5293, 990, 2575, 1976, 1173, 1114, 405, 157, 134, 74, 47, 52, 43]","[-11.7599, -11.7481, -11.7399, -11.7792, -11.7715, -11.7993, -11.8199, -11.8234, -11.7526, -11.7894, -11.7785, -11.7645, -11.7558, -11.7644, -11.7811, -11.7595, -11.6074, -11.5055, -11.4782, -11.453, -11.292, -11.2631, -11.152, -11.0168, -10.9019, -10.7458, -10.336, -10.2871, -9.7583, -9.4743, -8.8425, -6.6838]",2075,75
GSM_053_W6,arithmetic_reasoning,W6,meta-llama/Llama-3.1-8B-Instruct,-1,32,"[1.0, 0.9998, 0.9992, 0.999, 0.9988, 0.9989, 0.9989, 0.9988, 0.9981, 0.9982, 0.9982, 0.998, 0.9983, 0.9972, 0.9967, 0.9956, 0.995, 0.9938, 0.9941, 0.9935, 0.9933, 0.9933, 0.9924, 0.9912, 0.9895, 0.9872, 0.9769, 0.9628, 0.9598, 0.9508, 0.9487, 0.9621]","[118031, 114605, 87293, 117939, 116499, 109039, 83563, 120356, 123716, 103697, 93745, 39336, 4389, 89459, 108407, 108123, 97044, 107042, 93652, 93083, 87586, 81479, 53673, 60546, 54139, 64265, 16041, 10842, 1847, 1914, 877, 287]","[-11.7772, -11.7823, -11.7734, -11.8095, -11.8292, -11.8297, -11.7883, -11.8626, -11.8859, -11.831, -11.8125, -11.7277, -11.6053, -11.8155, -11.8622, -11.8753, -11.8484, -11.8971, -11.8691, -11.8826, -11.8712, -11.8682, -11.7256, -11.7707, -11.7293, -11.8145, -11.324, -11.2225, -10.6533, -10.6464, -10.1791, -7.2915]",10568,330
GSM_054_W6,arithmetic_reasoning,W6,meta-llama/Llama-3.1-8B-Instruct,-1,32,"[0.9981, 0.9975, 0.9979, 0.9927, 0.9948, 0.9958, 0.9961, 0.9966, 0.9961, 0.9963, 0.9954, 0.994, 0.9953, 0.9928, 0.9923, 0.9908, 0.9894, 0.984, 0.9812, 0.9829, 0.9829, 0.9842, 0.9794, 0.9786, 0.9729, 0.9687, 0.9652, 0.9442, 0.9443, 0.9383, 0.9114, 0.8642]","[35530, 58245, 67902, 96729, 107026, 123238, 114102, 123979, 83993, 96825, 50995, 79163, 47416, 68771, 35602, 67963, 14222, 7143, 8743, 6297, 10027, 9153, 7711, 4850, 4938, 3095, 1289, 580, 502, 489, 276, 140]","[-11.7555, -11.7601, -11.764, -11.7852, -11.81, -11.8749, -11.8371, -11.8797, -11.7904, -11.8169, -11.7455, -11.788, -11.7374, -11.7753, -11.7111, -11.7756, -11.6137, -11.5348, -11.5184, -11.4465, -11.4692, -11.3867, -11.3224, -11.1881, -11.1126, -11.0202, -10.6992, -10.5425, -10.2092, -10.1525, -9.586, -7.6081]",1419,23
GSM_055_W6,arithmetic_reasoning,W6,meta-llama/Llama-3.1-8B-Instruct,-1,32,"[0.9969, 0.9966, 0.9973, 0.9968, 0.9973, 0.9977, 0.998, 0.998, 0.9974, 0.9977, 0.9976, 0.9972, 0.9974, 0.9966, 0.9954, 0.9937, 0.9938, 0.9926, 0.9925, 0.9919, 0.9911, 0.991, 0.9833, 0.9831, 0.9804, 0.9611, 0.9536, 0.9041, 0.9043, 0.8929, 0.8515, 0.8813]","[101757, 112398, 103480, 124931, 124029, 126057, 126751, 101769, 107795, 75886, 78422, 104056, 105362, 83480, 34418, 79185, 39764, 55523, 44738, 27656, 28610, 22957, 18253, 16564, 23504, 18151, 11820, 11744, 5447, 2359, 763, 910]","[-11.7707, -11.7802, -11.7827, -11.8266, -11.8503, -11.8945, -11.8984, -11.8146, -11.8314, -11.783, -11.7875, -11.8302, -11.8441, -11.8024, -11.7092, -11.7997, -11.7087, -11.7458, -11.7063, -11.624, -11.6231, -11.5521, -11.4828, -11.4236, -11.4574, -11.4097, -11.2343, -11.2341, -10.923, -10.6797, -10.061, -8.2308]",6281,94
GSM_056_W6,arithmetic_reasoning,W6,meta-llama/Llama-3.1-8B-Instruct,-1,32,"[0.9999, 0.9997, 0.9994, 0.9992, 0.9992, 0.9993, 0.9993, 0.9992, 0.9987, 0.9988, 0.9984, 0.9979, 0.9982, 0.9975, 0.9968, 0.9967, 0.9966, 0.9957, 0.9959, 0.9958, 0.9953, 0.9955, 0.987, 0.9871, 0.9828, 0.976, 0.9642, 0.9427, 0.9509, 0.9423, 0.9167, 0.9476]","[82558, 47456, 80888, 112967, 71293, 81736, 114296, 115498, 87336, 78059, 67768, 91145, 92657, 91027, 74587, 92725, 60444, 75294, 62479, 67841, 34638, 37799, 52884, 39177, 26725, 19580, 12140, 8995, 1481, 492, 225, 130]","[-11.7658, -11.7565, -11.7702, -11.8013, -11.7696, -11.7853, -11.8362, -11.845, -11.796, -11.7856, -11.7711, -11.806, -11.8167, -11.8195, -11.7864, -11.8299, -11.7596, -11.8006, -11.7657, -11.7871, -11.6468, -11.6391, -11.7159, -11.6117, -11.4754, -11.4075, -11.2171, -11.1416, -10.5082, -10.1992, -9.4687, -6.4743]",4513,123
GSM_057_W6,arithmetic_reasoning,W6,meta-llama/Llama-3.1-8B-Instruct,-1,32,"[0.9999, 0.9997, 0.9991, 0.9986, 0.998, 0.9982, 0.9984, 0.9981, 0.9971, 0.9963, 0.9959, 0.9948, 0.9956, 0.9942, 0.9937, 0.9917, 0.9919, 0.9838, 0.9852, 0.9833, 0.9845, 0.9849, 0.9777, 0.9777, 0.9748, 0.9653, 0.9615, 0.9328, 0.9458, 0.9429, 0.9338, 0.945]","[71434, 36604, 49119, 103621, 119044, 108176, 110074, 100160, 83263, 115527, 87671, 92261, 119804, 106100, 53551, 52472, 19335, 15659, 8512, 6634, 5585, 15031, 4341, 3679, 3275, 2370, 432, 152, 47, 20, 8, 11]","[-11.7633, -11.7529, -11.7552, -11.7907, -11.8333, -11.8258, -11.8281, -11.8123, -11.7896, -11.8613, -11.8029, -11.8088, -11.9016, -11.8576, -11.747, -11.7437, -11.6434, -11.6054, -11.5168, -11.466, -11.4313, -11.4833, -11.2633, -11.1822, -11.0745, -11.0383, -10.6042, -10.3753, -9.6892, -9.3157, -8.1591, -5.8838]",4218,86
GSM_058_W6,arithmetic_reasoning,W6,meta-llama/Llama-3.1-8B-Instruct,-1,32,"[0.9957, 0.9958, 0.9968, 0.993, 0.995, 0.9967, 0.9969, 0.9972, 0.9961, 0.9965, 0.9962, 0.9961, 0.9967, 0.9935, 0.9926, 0.9917, 0.9904, 0.9858, 0.9864, 0.9858, 0.9856, 0.9862, 0.9839, 0.9819, 0.9793, 0.9722, 0.9672, 0.942, 0.9413, 0.9329, 0.9034, 0.9023]","[23398, 40644, 13446, 17223, 48183, 70449, 31315, 56312, 57381, 17388, 30908, 9358, 6997, 12015, 8032, 1881, 434, 2969, 3043, 3202, 3739, 1885, 3129, 3343, 2620, 1081, 338, 371, 155, 58, 46, 9]","[-11.7521, -11.7543, -11.7311, -11.7248, -11.7483, -11.7721, -11.7223, -11.7545, -11.7557, -11.6825, -11.7119, -11.6541, -11.6192, -11.6395, -11.6169, -11.516, -11.4168, -11.4779, -11.4205, -11.3825, -11.3746, -11.2162, -11.2231, -11.1735, -11.0543, -10.9201, -10.561, -10.5501, -10.0618, -9.6063, -8.9261, -6.0147]",4364,120
GSM_059_W6,arithmetic_reasoning,W6,meta-llama/Llama-3.1-8B-Instruct,-1,32,"[0.9991, 0.9989, 0.9988, 0.9984, 0.9985, 0.9984, 0.9982, 0.9976, 0.9966, 0.9967, 0.996, 0.9955, 0.9956, 0.9948, 0.9941, 0.9941, 0.9938, 0.993, 0.9911, 0.991, 0.9898, 0.9906, 0.9837, 0.9802, 0.9782, 0.9701, 0.9718, 0.9629, 0.9666, 0.9641, 0.9541, 0.964]","[54840, 58308, 110439, 118134, 124009, 122526, 123973, 124527, 126444, 117709, 95159, 73998, 56414, 104170, 83692, 55361, 60614, 22999, 11901, 9068, 8720, 5558, 1593, 1225, 835, 1076, 414, 135, 83, 88, 61, 48]","[-11.7599, -11.7599, -11.7892, -11.8091, -11.852, -11.8655, -11.8714, -11.881, -11.9123, -11.8694, -11.8164, -11.7803, -11.7534, -11.848, -11.8039, -11.7498, -11.7602, -11.642, -11.5536, -11.4992, -11.4834, -11.3731, -11.1865, -11.0411, -10.865, -10.9949, -10.6098, -10.2781, -9.7302, -9.5393, -8.656, -5.5118]",1272,40
GSM_060_W6,arithmetic_reasoning,W6,meta-llama/Llama-3.1-8B-Instruct,-1,32,"[0.9994, 0.9993, 0.9994, 0.9992, 0.9992, 0.9993, 0.9992, 0.9991, 0.999, 0.9988, 0.9989, 0.9985, 0.9988, 0.9988, 0.9985, 0.9986, 0.9987, 0.9984, 0.9985, 0.9984, 0.9982, 0.9983, 0.998, 0.9961, 0.9928, 0.9897, 0.9877, 0.9773, 0.9701, 0.9593, 0.9468, 0.9372]","[87118, 107667, 95987, 121918, 114336, 88586, 77141, 99406, 113709, 65138, 43039, 22213, 65252, 67394, 66648, 62828, 36443, 40111, 15020, 11262, 3485, 4452, 2147, 1214, 1274, 826, 256, 700, 367, 134, 68, 41]","[-11.7668, -11.7779, -11.7783, -11.8165, -11.8204, -11.7938, -11.7794, -11.8106, -11.8436, -11.7668, -11.7324, -11.6942, -11.7686, -11.7729, -11.7713, -11.7646, -11.6966, -11.7008, -11.5627, -11.5033, -11.3685, -11.3026, -11.1405, -10.975, -10.8745, -10.7858, -10.4027, -10.5338, -10.1324, -9.6762, -8.9128, -6.647]",5538,62
GSM_061_W6,arithmetic_reasoning,W6,meta-llama/Llama-3.1-8B-Instruct,-1,32,"[0.9981, 0.9976, 0.998, 0.9969, 0.9976, 0.9978, 0.9974, 0.9971, 0.9966, 0.9963, 0.9954, 0.9944, 0.9952, 0.9941, 0.9927, 0.9922, 0.9914, 0.9839, 0.9861, 0.9867, 0.987, 0.9871, 0.9835, 0.9828, 0.9803, 0.9732, 0.9735, 0.9602, 0.9468, 0.9416, 0.919, 0.9156]","[125382, 127706, 126113, 128112, 127737, 116492, 111464, 124794, 121517, 127638, 127277, 115061, 113445, 119729, 98031, 107304, 72219, 70508, 82230, 89062, 30258, 21420, 27033, 18349, 15126, 9548, 5863, 7023, 2631, 2512, 1055, 542]","[-11.7843, -11.8069, -11.8138, -11.8665, -11.8899, -11.845, -11.8296, -11.8836, -11.8722, -11.9639, -11.9593, -11.8631, -11.8724, -11.9129, -11.8347, -11.8765, -11.7876, -11.7864, -11.8328, -11.8721, -11.6313, -11.5436, -11.5583, -11.451, -11.3661, -11.2779, -11.057, -11.0681, -10.6928, -10.6316, -10.1444, -8.032]",18660,630
GSM_062_W6,arithmetic_reasoning,W6,meta-llama/Llama-3.1-8B-Instruct,-1,32,"[1.0, 1.0, 0.9999, 0.9998, 0.9998, 0.9998, 0.9998, 0.9998, 0.9997, 0.9997, 0.9996, 0.9996, 0.9997, 0.9994, 0.9993, 0.9992, 0.9991, 0.9985, 0.9987, 0.9988, 0.9987, 0.9987, 0.998, 0.9966, 0.9952, 0.9933, 0.9929, 0.9879, 0.9878, 0.9869, 0.984, 0.9867]","[125661, 108040, 112186, 86987, 92921, 52857, 58016, 23986, 31412, 18112, 54150, 6547, 62524, 109943, 91016, 85301, 79296, 111479, 101244, 93673, 91921, 83558, 76114, 83910, 66226, 50611, 34676, 45875, 23974, 32693, 3350, 827]","[-11.785, -11.7782, -11.7904, -11.7773, -11.7917, -11.7504, -11.7573, -11.7088, -11.7185, -11.6841, -11.7502, -11.638, -11.7638, -11.8684, -11.8184, -11.814, -11.806, -11.9332, -11.9208, -11.9042, -11.9053, -11.8907, -11.8649, -11.9501, -11.8322, -11.7106, -11.5599, -11.683, -11.3913, -11.5414, -10.657, -8.4159]",20744,656
GSM_063_W6,arithmetic_reasoning,W6,meta-llama/Llama-3.1-8B-Instruct,-1,32,"[0.9987, 0.9983, 0.9984, 0.998, 0.9983, 0.9986, 0.9986, 0.9984, 0.9979, 0.9979, 0.9977, 0.9975, 0.9974, 0.9957, 0.9938, 0.9907, 0.9901, 0.9836, 0.9865, 0.9879, 0.9867, 0.9873, 0.9856, 0.9818, 0.9757, 0.964, 0.9472, 0.9184, 0.9215, 0.908, 0.8902, 0.9044]","[97228, 22440, 25041, 64506, 55287, 34433, 88115, 76217, 48864, 90437, 111310, 92653, 108432, 124397, 104792, 113905, 117050, 79600, 58717, 57620, 53223, 51359, 29187, 23573, 32697, 15832, 17753, 12981, 11813, 4210, 910, 337]","[-11.7693, -11.747, -11.7411, -11.7628, -11.7549, -11.7257, -11.7935, -11.779, -11.7447, -11.8062, -11.8523, -11.81, -11.8568, -11.9461, -11.8519, -11.901, -11.9362, -11.8145, -11.7524, -11.7461, -11.726, -11.7121, -11.5713, -11.4964, -11.5556, -11.3811, -11.3424, -11.2603, -11.1496, -10.8661, -10.2336, -7.2075]",14205,246
GSM_064_W6,arithmetic_reasoning,W6,meta-llama/Llama-3.1-8B-Instruct,-1,32,"[0.9997, 0.9991, 0.9992, 0.9974, 0.9978, 0.9978, 0.998, 0.9976, 0.9971, 0.9968, 0.9959, 0.9945, 0.9943, 0.9896, 0.9821, 0.9806, 0.9802, 0.9715, 0.9761, 0.9753, 0.9728, 0.973, 0.9677, 0.9674, 0.9668, 0.9592, 0.9614, 0.9547, 0.9512, 0.946, 0.9455, 0.9706]","[49586, 19222, 23651, 83692, 70568, 91242, 107228, 99509, 52997, 85565, 98619, 78395, 79695, 59770, 51644, 78578, 17807, 9768, 12064, 10229, 4284, 7245, 4678, 1889, 1138, 404, 123, 75, 60, 30, 22, 36]","[-11.7588, -11.7453, -11.7406, -11.7753, -11.7692, -11.7973, -11.8229, -11.8118, -11.7498, -11.7985, -11.8233, -11.7868, -11.7946, -11.7588, -11.7442, -11.7995, -11.6366, -11.572, -11.5539, -11.51, -11.4059, -11.3776, -11.2775, -11.0951, -10.9504, -10.7885, -10.361, -10.1641, -9.6948, -9.3187, -8.6686, -6.1519]",2075,75
CC_031_W6,algorithmic,W6,meta-llama/Llama-3.1-8B-Instruct,-1,32,"[1.0, 1.0, 1.0, 0.9999, 0.9999, 0.9999, 0.9998, 0.9996, 0.9992, 0.9991, 0.9987, 0.9985, 0.9982, 0.9955, 0.9959, 0.9963, 0.9965, 0.9962, 0.9963, 0.9961, 0.996, 0.9963, 0.9962, 0.9964, 0.9967, 0.9965, 0.9968, 0.9966, 0.9962, 0.9959, 0.9946, 0.993]","[16069, 41076, 109901, 124553, 83245, 125378, 119949, 103481, 100282, 95958, 81222, 116065, 66408, 87188, 104841, 79635, 76750, 78237, 61116, 18383, 19071, 3005, 2864, 1591, 1393, 1400, 1644, 1083, 2373, 2364, 2534, 637]","[-11.7489, -11.7545, -11.7884, -11.828, -11.7818, -11.889, -11.8518, -11.8162, -11.8142, -11.8132, -11.7928, -11.8716, -11.7695, -11.8116, -11.8719, -11.8103, -11.8065, -11.8162, -11.7654, -11.5516, -11.538, -11.2031, -11.0988, -10.8896, -10.7338, -10.6126, -10.5179, -10.3011, -10.3891, -10.3029, -10.2436, -9.1127]",19,4
CC_032_W6,algorithmic,W6,meta-llama/Llama-3.1-8B-Instruct,-1,32,"[1.0, 1.0, 0.9999, 0.9999, 0.9999, 0.9999, 0.9998, 0.9997, 0.9992, 0.9993, 0.9985, 0.9986, 0.9987, 0.9969, 0.9968, 0.996, 0.9947, 0.991, 0.9894, 0.9865, 0.9842, 0.9857, 0.984, 0.9854, 0.987, 0.9875, 0.9887, 0.9879, 0.9878, 0.987, 0.9846, 0.9813]","[45584, 21466, 79313, 115408, 89246, 113137, 97664, 63212, 59688, 63227, 65792, 107245, 56597, 107220, 108982, 117858, 105219, 81021, 58687, 24176, 24977, 8140, 6112, 4393, 2363, 3438, 3503, 1905, 4552, 4470, 2697, 501]","[-11.7577, -11.7466, -11.7696, -11.8058, -11.7879, -11.8369, -11.805, -11.763, -11.759, -11.764, -11.7685, -11.8444, -11.7534, -11.8597, -11.8861, -11.9531, -11.8979, -11.825, -11.7577, -11.5949, -11.5858, -11.3413, -11.2237, -11.0806, -10.8658, -10.8431, -10.7331, -10.4896, -10.6295, -10.5624, -10.2822, -8.959]",21,6
CC_033_W6,algorithmic,W6,meta-llama/Llama-3.1-8B-Instruct,-1,32,"[1.0, 1.0, 0.9999, 0.9999, 0.9999, 0.9999, 0.9998, 0.9997, 0.9994, 0.9993, 0.998, 0.9978, 0.9976, 0.9957, 0.9957, 0.9951, 0.9955, 0.9953, 0.9957, 0.9954, 0.9957, 0.9961, 0.996, 0.9964, 0.9969, 0.9965, 0.9968, 0.9967, 0.9962, 0.9961, 0.995, 0.9936]","[7940, 3604, 41453, 110780, 35666, 100978, 88192, 96621, 84462, 94665, 76066, 92662, 76474, 84666, 115012, 120597, 122911, 121331, 107986, 43610, 35818, 3586, 2261, 983, 734, 698, 502, 226, 230, 165, 88, 10]","[-11.7444, -11.7307, -11.7511, -11.7998, -11.735, -11.8134, -11.7922, -11.8052, -11.7907, -11.8108, -11.7844, -11.8127, -11.7865, -11.8064, -11.9136, -11.9731, -12.0125, -12.0281, -11.9755, -11.6861, -11.6397, -11.2158, -11.0537, -10.7986, -10.5994, -10.4498, -10.1933, -9.7992, -9.5292, -9.2472, -8.6852, -7.074]",16,1
CC_034_W6,algorithmic,W6,meta-llama/Llama-3.1-8B-Instruct,-1,32,"[1.0, 1.0, 0.9999, 0.9999, 0.9999, 0.9999, 0.9999, 0.9998, 0.9996, 0.9994, 0.9987, 0.9986, 0.9985, 0.9972, 0.9969, 0.9956, 0.9951, 0.9931, 0.9931, 0.9919, 0.9917, 0.9923, 0.9917, 0.9923, 0.9927, 0.9929, 0.993, 0.9925, 0.9921, 0.9915, 0.9895, 0.9865]","[18772, 46230, 103401, 125388, 120164, 127132, 126670, 118446, 101350, 118235, 83033, 103474, 98216, 69278, 99373, 94325, 98564, 92188, 74802, 24165, 20306, 4973, 3516, 1336, 884, 1026, 875, 668, 1442, 1257, 1556, 254]","[-11.75, -11.7561, -11.7835, -11.8317, -11.8375, -11.9132, -11.8948, -11.8508, -11.8159, -11.8683, -11.7957, -11.835, -11.8274, -11.7767, -11.8567, -11.8526, -11.8735, -11.8639, -11.8183, -11.5849, -11.5391, -11.2481, -11.107, -10.8336, -10.6197, -10.5173, -10.3288, -10.1306, -10.2003, -10.0522, -10.0147, -8.618]",18,3
CC_035_W6,algorithmic,W6,meta-llama/Llama-3.1-8B-Instruct,-1,32,"[1.0, 1.0, 0.9999, 0.9999, 0.9999, 0.9999, 0.9998, 0.9996, 0.9992, 0.9992, 0.9986, 0.9984, 0.9982, 0.9964, 0.9961, 0.9958, 0.9952, 0.9933, 0.9926, 0.9913, 0.9906, 0.9912, 0.9908, 0.9916, 0.9924, 0.9922, 0.9929, 0.9923, 0.9918, 0.9909, 0.9892, 0.9868]","[80400, 38310, 116496, 123600, 107769, 125995, 122278, 100934, 87201, 107720, 87300, 122966, 90653, 104213, 102538, 89421, 90187, 55788, 47819, 18381, 19424, 3283, 3995, 2798, 1880, 1225, 1435, 976, 1812, 2410, 1057, 291]","[-11.7654, -11.7536, -11.795, -11.8241, -11.8113, -11.8952, -11.8615, -11.812, -11.7946, -11.8366, -11.8033, -11.9077, -11.8117, -11.8509, -11.8641, -11.8368, -11.8454, -11.7486, -11.7158, -11.5561, -11.5471, -11.2266, -11.16, -11.0029, -10.8161, -10.6125, -10.5026, -10.3083, -10.3258, -10.3372, -9.8909, -8.6932]",23,8
CC_036_W6,algorithmic,W6,meta-llama/Llama-3.1-8B-Instruct,-1,32,"[1.0, 1.0, 1.0, 0.9999, 0.9999, 0.9999, 0.9999, 0.9998, 0.9995, 0.9994, 0.9982, 0.998, 0.9982, 0.9966, 0.9957, 0.9952, 0.995, 0.9934, 0.993, 0.9916, 0.9902, 0.9909, 0.9903, 0.9911, 0.9921, 0.9919, 0.993, 0.9924, 0.9925, 0.9921, 0.991, 0.9889]","[41393, 17440, 78796, 119179, 113454, 125566, 126259, 122783, 104632, 116228, 115983, 127603, 120993, 123026, 114894, 119369, 106082, 88427, 69816, 33770, 40645, 15764, 9115, 6019, 3265, 2427, 2740, 1918, 2593, 2595, 1203, 180]","[-11.7567, -11.7445, -11.7694, -11.8126, -11.8213, -11.8909, -11.8893, -11.869, -11.8218, -11.8606, -11.8695, -11.9792, -11.9, -11.9352, -11.9122, -11.9628, -11.9011, -11.8497, -11.7984, -11.6462, -11.6718, -11.445, -11.2949, -11.1437, -10.9364, -10.7767, -10.6771, -10.5125, -10.4542, -10.3742, -9.961, -8.3987]",22,7
CC_037_W6,algorithmic,W6,meta-llama/Llama-3.1-8B-Instruct,-1,32,"[1.0, 0.9999, 0.9999, 0.9999, 0.9999, 0.9999, 0.9998, 0.9996, 0.999, 0.999, 0.998, 0.998, 0.9979, 0.9957, 0.9962, 0.9952, 0.9953, 0.9949, 0.9954, 0.9952, 0.9953, 0.9959, 0.9958, 0.9959, 0.9963, 0.9958, 0.9958, 0.9953, 0.9949, 0.9945, 0.9925, 0.9887]","[70002, 28571, 75003, 110877, 112273, 125259, 121559, 106710, 85438, 50773, 48673, 77918, 100371, 124469, 111956, 73247, 50411, 31096, 30454, 13286, 11993, 4605, 4532, 2495, 1065, 1378, 1660, 2923, 4592, 2235, 1461, 306]","[-11.7631, -11.7498, -11.7675, -11.7999, -11.819, -11.8878, -11.8584, -11.8222, -11.7919, -11.7469, -11.7409, -11.787, -11.8313, -11.9486, -11.8988, -11.7934, -11.7343, -11.6656, -11.6416, -11.5027, -11.4649, -11.2289, -11.1323, -10.9209, -10.6349, -10.5684, -10.4872, -10.5646, -10.6016, -10.269, -9.982, -8.7172]",605,10
CC_038_W6,algorithmic,W6,meta-llama/Llama-3.1-8B-Instruct,-1,32,"[1.0, 1.0, 0.9999, 0.9999, 0.9999, 0.9999, 0.9998, 0.9996, 0.9988, 0.9989, 0.9988, 0.9987, 0.9985, 0.997, 0.9972, 0.9966, 0.9962, 0.9952, 0.9948, 0.9938, 0.9934, 0.994, 0.9936, 0.9942, 0.9947, 0.9949, 0.9952, 0.995, 0.9947, 0.9944, 0.993, 0.9916]","[46206, 21135, 79854, 116025, 88066, 113320, 96448, 58748, 55180, 61295, 65069, 103981, 54070, 100844, 106417, 114644, 103882, 79399, 55907, 21324, 21091, 7564, 5227, 2993, 1697, 2462, 2504, 1372, 3252, 3162, 1946, 388]","[-11.7579, -11.7464, -11.7699, -11.8071, -11.7867, -11.8378, -11.8031, -11.7578, -11.7533, -11.7612, -11.7672, -11.8364, -11.7492, -11.8423, -11.8783, -11.9331, -11.8933, -11.8205, -11.7461, -11.5684, -11.5472, -11.3086, -11.1743, -10.9761, -10.752, -10.718, -10.6036, -10.3464, -10.4833, -10.4087, -10.1219, -8.8927]",21,6
CC_039_W6,algorithmic,W6,meta-llama/Llama-3.1-8B-Instruct,-1,32,"[1.0, 1.0, 1.0, 0.9999, 0.9999, 0.9999, 0.9999, 0.9998, 0.9996, 0.9997, 0.9996, 0.9996, 0.9996, 0.9993, 0.9993, 0.9992, 0.9992, 0.9992, 0.9992, 0.9991, 0.9991, 0.9992, 0.9992, 0.9991, 0.9992, 0.9984, 0.9984, 0.9981, 0.998, 0.9979, 0.9974, 0.9955]","[78260, 79064, 108178, 126586, 111528, 126552, 126910, 122172, 109584, 102724, 85232, 119921, 103893, 127080, 85177, 58652, 54754, 47387, 41324, 14432, 14809, 7004, 6217, 4956, 3585, 4688, 3848, 5223, 5070, 2766, 1496, 498]","[-11.7649, -11.7665, -11.787, -11.8397, -11.8176, -11.9018, -11.898, -11.8655, -11.8316, -11.8258, -11.7994, -11.8883, -11.8395, -11.9973, -11.8171, -11.7565, -11.7465, -11.7224, -11.6892, -11.52, -11.5042, -11.3082, -11.2136, -11.0833, -10.9256, -10.902, -10.744, -10.7704, -10.6581, -10.3794, -10.033, -8.9458]",806,11
CC_040_W6,algorithmic,W6,meta-llama/Llama-3.1-8B-Instruct,-1,32,"[1.0, 1.0, 0.9999, 0.9999, 0.9999, 0.9999, 0.9999, 0.9998, 0.9996, 0.9996, 0.9993, 0.9993, 0.9992, 0.9984, 0.9988, 0.9989, 0.9989, 0.9988, 0.9989, 0.9989, 0.999, 0.9991, 0.9991, 0.999, 0.9989, 0.9986, 0.9987, 0.9985, 0.9982, 0.9982, 0.9976, 0.9969]","[41231, 17382, 79032, 118760, 112964, 125515, 126185, 122886, 104594, 116789, 115827, 127537, 121142, 122261, 116766, 120043, 109504, 96057, 70421, 31718, 28848, 12326, 6876, 4112, 2313, 2107, 2274, 1662, 2356, 2374, 991, 148]","[-11.7566, -11.7444, -11.7695, -11.8116, -11.8203, -11.89, -11.8883, -11.8693, -11.8216, -11.8628, -11.8694, -11.977, -11.9017, -11.9281, -11.9238, -11.9698, -11.9186, -11.8783, -11.8014, -11.6275, -11.5965, -11.3795, -11.2125, -11.0266, -10.8062, -10.6739, -10.5668, -10.3895, -10.3642, -10.2879, -9.8202, -8.3854]",22,7
CC_041_W6,algorithmic,W6,meta-llama/Llama-3.1-8B-Instruct,-1,32,"[1.0, 1.0, 1.0, 0.9999, 0.9999, 0.9999, 0.9999, 0.9998, 0.9997, 0.9996, 0.9989, 0.9989, 0.9986, 0.9969, 0.9967, 0.9956, 0.9947, 0.9935, 0.9923, 0.9907, 0.99, 0.9906, 0.9898, 0.9906, 0.9914, 0.9916, 0.9922, 0.9913, 0.9908, 0.9902, 0.9876, 0.9846]","[41279, 58788, 74334, 92373, 100021, 124859, 119328, 104780, 93181, 77441, 78001, 113561, 77153, 104993, 90002, 71356, 63239, 57531, 47543, 24041, 9586, 4730, 3505, 2039, 1641, 1983, 1417, 2358, 4438, 2784, 1517, 718]","[-11.7567, -11.7601, -11.7672, -11.7823, -11.8006, -11.8847, -11.8497, -11.8187, -11.8029, -11.7841, -11.7877, -11.8627, -11.7879, -11.8533, -11.8297, -11.7888, -11.7696, -11.7535, -11.7134, -11.5833, -11.4386, -11.2396, -11.1024, -10.8971, -10.73, -10.6548, -10.4447, -10.5044, -10.5886, -10.347, -9.9911, -9.2103]",975,14
CC_042_W6,algorithmic,W6,meta-llama/Llama-3.1-8B-Instruct,-1,32,"[1.0, 1.0, 0.9999, 0.9999, 0.9999, 0.9999, 0.9999, 0.9998, 0.9996, 0.9997, 0.9993, 0.9993, 0.999, 0.9973, 0.9969, 0.9957, 0.9945, 0.9924, 0.9909, 0.9887, 0.9872, 0.9876, 0.9861, 0.9871, 0.9884, 0.9888, 0.9897, 0.989, 0.9884, 0.9874, 0.9857, 0.9829]","[43096, 66304, 99220, 111534, 108369, 110832, 117904, 106789, 85754, 82527, 66846, 83044, 56746, 91819, 26381, 22064, 9811, 5443, 4288, 1219, 815, 1105, 921, 913, 1245, 909, 1003, 1199, 2500, 2500, 4338, 2606]","[-11.7571, -11.7624, -11.7806, -11.8007, -11.8123, -11.8318, -11.8448, -11.822, -11.7922, -11.7915, -11.77, -11.7952, -11.7537, -11.8211, -11.6766, -11.6498, -11.575, -11.5038, -11.4291, -11.2926, -11.224, -11.1004, -10.9607, -10.8185, -10.7378, -10.553, -10.4234, -10.3716, -10.4237, -10.3515, -10.494, -9.9555]",1682,29
CC_043_W6,algorithmic,W6,meta-llama/Llama-3.1-8B-Instruct,-1,32,"[1.0, 1.0, 1.0, 0.9999, 0.9999, 0.9999, 0.9999, 0.9998, 0.9998, 0.9998, 0.9996, 0.9996, 0.9995, 0.9993, 0.9993, 0.9991, 0.999, 0.9985, 0.9984, 0.998, 0.9977, 0.9978, 0.9976, 0.9978, 0.9978, 0.9979, 0.998, 0.9973, 0.9972, 0.9971, 0.9961, 0.9947]","[16096, 40966, 109172, 124501, 82327, 125228, 119747, 103172, 99500, 96018, 80910, 115616, 64554, 88856, 107960, 84442, 81959, 82219, 67409, 21601, 21387, 3365, 3084, 1660, 1375, 1383, 1586, 983, 2131, 2047, 2355, 542]","[-11.7489, -11.7545, -11.7878, -11.8277, -11.7808, -11.8874, -11.8513, -11.8156, -11.8129, -11.8132, -11.7923, -11.8701, -11.7665, -11.8148, -11.8835, -11.823, -11.8209, -11.8292, -11.7893, -11.5741, -11.5542, -11.2148, -11.1118, -10.8978, -10.7353, -10.6122, -10.5099, -10.2756, -10.3527, -10.2563, -10.2154, -9.0349]",19,4
CC_044_W6,algorithmic,W6,meta-llama/Llama-3.1-8B-Instruct,-1,32,"[1.0, 1.0, 1.0, 0.9999, 0.9999, 0.9999, 0.9999, 0.9998, 0.9997, 0.9997, 0.9995, 0.9995, 0.9994, 0.9986, 0.9985, 0.9979, 0.9975, 0.9967, 0.9961, 0.9953, 0.9948, 0.995, 0.9943, 0.9949, 0.9954, 0.9956, 0.9954, 0.9947, 0.9942, 0.9937, 0.9923, 0.9902]","[79768, 40149, 115495, 123826, 109929, 126292, 122018, 98744, 84038, 109511, 88771, 123500, 89129, 103959, 105301, 86466, 88213, 49261, 41365, 15510, 12087, 2701, 3578, 2633, 1805, 1435, 1739, 1164, 2837, 2634, 1371, 381]","[-11.7652, -11.7542, -11.7937, -11.825, -11.8148, -11.8982, -11.86, -11.8082, -11.79, -11.8412, -11.8054, -11.9116, -11.8089, -11.8499, -11.875, -11.8283, -11.8394, -11.7271, -11.6858, -11.5194, -11.4631, -11.1591, -11.0984, -10.9357, -10.7468, -10.5798, -10.5006, -10.2806, -10.4226, -10.3182, -9.9461, -8.8411]",23,8
CC_045_W6,algorithmic,W6,meta-llama/Llama-3.1-8B-Instruct,-1,32,"[1.0, 1.0, 0.9999, 0.9999, 0.9999, 0.9999, 0.9999, 0.9998, 0.9997, 0.9996, 0.9989, 0.999, 0.9989, 0.9979, 0.998, 0.9973, 0.9973, 0.9971, 0.9976, 0.9976, 0.9977, 0.9979, 0.9978, 0.9979, 0.9981, 0.998, 0.998, 0.9978, 0.9974, 0.9972, 0.9962, 0.9954]","[74574, 35771, 92633, 125023, 103696, 125676, 106330, 96029, 58382, 88379, 85771, 119982, 82474, 93768, 111786, 99114, 92896, 67233, 50207, 16320, 19537, 5674, 6115, 3261, 2061, 2628, 2480, 1525, 2692, 2160, 2350, 313]","[-11.7641, -11.7526, -11.7766, -11.8296, -11.8054, -11.8914, -11.8187, -11.8043, -11.7574, -11.8006, -11.8002, -11.8885, -11.7968, -11.8252, -11.899, -11.8663, -11.8536, -11.7826, -11.7232, -11.5274, -11.5306, -11.2571, -11.1858, -10.9752, -10.7773, -10.7251, -10.5862, -10.3619, -10.4043, -10.2521, -10.1961, -8.7197]",20,5
SP_019_W6,algorithmic,W6,meta-llama/Llama-3.1-8B-Instruct,30,32,"[0.9855, 0.9841, 0.9867, 0.9847, 0.9848, 0.9851, 0.983, 0.9797, 0.974, 0.9715, 0.9652, 0.9645, 0.9646, 0.9618, 0.959, 0.9505, 0.9485, 0.9423, 0.9413, 0.9412, 0.9302, 0.9239, 0.9258, 0.9287, 0.9327, 0.9319, 0.9365, 0.9346, 0.9385, 0.9345, 0.9347, 0.9344]","[33734, 35425, 95379, 122468, 65734, 116410, 111631, 105518, 98682, 96936, 86804, 62084, 51041, 113803, 97276, 101807, 123130, 124321, 115949, 79259, 84957, 29388, 1484, 723, 813, 357, 63, 46, 11, 10, 3, 2]","[-11.7548, -11.7527, -11.7785, -11.8219, -11.7647, -11.8471, -11.8341, -11.8247, -11.8144, -11.8149, -11.802, -11.7616, -11.7439, -11.8805, -11.843, -11.8649, -11.9997, -12.0534, -12.0023, -11.8443, -11.874, -11.5757, -11.0281, -10.8301, -10.7433, -10.5078, -9.799, -9.5004, -8.5892, -8.0283, -6.6385, -4.2128]",15,0
SP_020_W6,algorithmic,W6,meta-llama/Llama-3.1-8B-Instruct,30,32,"[0.9873, 0.9862, 0.9873, 0.984, 0.9853, 0.9854, 0.9833, 0.98, 0.9749, 0.974, 0.9725, 0.9731, 0.9713, 0.9622, 0.9559, 0.9488, 0.9445, 0.9377, 0.9361, 0.9354, 0.9251, 0.9191, 0.9223, 0.9245, 0.93, 0.9306, 0.9365, 0.9373, 0.9428, 0.9406, 0.9418, 0.9396]","[31464, 35434, 95002, 122376, 64477, 116598, 111312, 106236, 97328, 88183, 74786, 51598, 45297, 117098, 108542, 104347, 123021, 123660, 117625, 84760, 85141, 24154, 1919, 749, 1083, 506, 96, 61, 25, 14, 4, 2]","[-11.7543, -11.7527, -11.7782, -11.8216, -11.7636, -11.8474, -11.8322, -11.8251, -11.8127, -11.7998, -11.7822, -11.7466, -11.7344, -11.8956, -11.8769, -11.8747, -11.9998, -12.0502, -12.0221, -11.8704, -11.8768, -11.5375, -11.0682, -10.841, -10.7981, -10.5678, -9.8968, -9.6494, -8.8815, -8.2894, -6.9157, -4.4168]",15,0
SP_021_W6,algorithmic,W6,meta-llama/Llama-3.1-8B-Instruct,31,32,"[0.9825, 0.9803, 0.9839, 0.9813, 0.9825, 0.983, 0.9799, 0.9782, 0.9755, 0.9742, 0.9664, 0.9668, 0.9662, 0.9613, 0.9621, 0.9599, 0.9597, 0.9582, 0.9625, 0.9643, 0.9595, 0.9571, 0.9556, 0.9572, 0.9611, 0.9616, 0.9632, 0.9603, 0.9576, 0.9501, 0.9463, 0.9373]","[31731, 36096, 90412, 121793, 64544, 114523, 112555, 110560, 101896, 93372, 82054, 64656, 53986, 115865, 100745, 106611, 125108, 124922, 117795, 95342, 96321, 37030, 9237, 4249, 4393, 2543, 811, 642, 108, 53, 15, 3]","[-11.7542, -11.7529, -11.7755, -11.8201, -11.7637, -11.8416, -11.8361, -11.836, -11.8206, -11.8085, -11.7938, -11.7655, -11.7489, -11.8896, -11.8543, -11.8837, -12.0336, -12.0749, -12.0304, -11.9249, -11.9368, -11.6267, -11.3038, -11.1184, -11.0481, -10.8956, -10.4436, -10.2923, -9.5309, -9.054, -7.9947, -5.1413]",15,0
SP_023_W6,algorithmic,W6,meta-llama/Llama-3.1-8B-Instruct,30,32,"[0.9861, 0.9851, 0.9874, 0.9846, 0.9852, 0.9856, 0.9838, 0.9798, 0.9765, 0.9755, 0.9697, 0.9703, 0.9679, 0.9606, 0.9553, 0.9461, 0.9416, 0.9355, 0.9343, 0.9343, 0.9227, 0.9149, 0.9179, 0.9195, 0.9243, 0.9241, 0.9281, 0.9274, 0.9314, 0.9258, 0.9249, 0.9194]","[32287, 38001, 99859, 122987, 67572, 117165, 111866, 105902, 94329, 96290, 79553, 60305, 47610, 115356, 100501, 103888, 122767, 123832, 118438, 86595, 90132, 33288, 4483, 1644, 2369, 1035, 181, 105, 27, 17, 5, 2]","[-11.7545, -11.7536, -11.7812, -11.8236, -11.7665, -11.8493, -11.8341, -11.8249, -11.807, -11.814, -11.7902, -11.7592, -11.7379, -11.8873, -11.8529, -11.8731, -11.996, -12.0493, -12.0288, -11.8787, -11.9035, -11.603, -11.1818, -10.9566, -10.9281, -10.7087, -10.0376, -9.8353, -8.9922, -8.462, -7.1609, -4.5744]",15,0
SP_024_W6,algorithmic,W6,meta-llama/Llama-3.1-8B-Instruct,30,32,"[0.9828, 0.981, 0.9845, 0.9825, 0.9837, 0.9837, 0.9808, 0.9776, 0.9749, 0.9755, 0.9693, 0.9706, 0.9723, 0.9668, 0.9668, 0.962, 0.9581, 0.9578, 0.9602, 0.9625, 0.9569, 0.9591, 0.9579, 0.9585, 0.9596, 0.9601, 0.9596, 0.9586, 0.9587, 0.9554, 0.9535, 0.9482]","[32899, 36855, 92696, 122655, 65516, 116372, 112589, 110467, 97794, 94761, 78711, 69069, 59312, 115345, 101854, 105576, 124691, 125871, 118729, 84930, 85185, 32292, 2930, 1106, 1329, 703, 117, 75, 21, 14, 5, 2]","[-11.7546, -11.7532, -11.7768, -11.8229, -11.7645, -11.848, -11.837, -11.8356, -11.8131, -11.8111, -11.7884, -11.7722, -11.7578, -11.8894, -11.8577, -11.8809, -12.0246, -12.093, -12.0367, -11.8738, -11.8796, -11.5947, -11.1178, -10.8893, -10.8184, -10.615, -9.9017, -9.6769, -8.7872, -8.2913, -6.9583, -4.325]",15,0
SP_026_W6,algorithmic,W6,meta-llama/Llama-3.1-8B-Instruct,31,32,"[0.981, 0.9788, 0.9831, 0.981, 0.9822, 0.9833, 0.9805, 0.9788, 0.9756, 0.9752, 0.9673, 0.9675, 0.9661, 0.9597, 0.9625, 0.9594, 0.9566, 0.9563, 0.9602, 0.9632, 0.9573, 0.961, 0.9616, 0.9633, 0.9659, 0.9663, 0.9677, 0.9674, 0.9669, 0.9637, 0.9617, 0.956]","[32629, 37844, 81090, 120874, 60043, 114144, 112023, 110698, 101838, 85347, 79084, 56558, 50427, 117330, 101874, 99807, 124510, 125817, 119509, 93906, 91613, 35515, 3115, 1096, 1151, 709, 202, 133, 32, 21, 7, 2]","[-11.7545, -11.7535, -11.7706, -11.8176, -11.7595, -11.8408, -11.835, -11.8363, -11.8209, -11.796, -11.789, -11.7535, -11.7429, -11.8967, -11.8588, -11.8611, -12.0232, -12.0934, -12.0503, -11.9194, -11.9146, -11.6138, -11.1156, -10.8714, -10.7687, -10.591, -10.0398, -9.8266, -8.9435, -8.3783, -7.1306, -4.5418]",15,0
SP_027_W6,algorithmic,W6,meta-llama/Llama-3.1-8B-Instruct,30,32,"[0.9854, 0.9838, 0.9866, 0.9849, 0.9849, 0.9853, 0.9834, 0.9792, 0.9753, 0.9736, 0.9685, 0.9675, 0.9654, 0.9612, 0.9574, 0.9464, 0.9441, 0.9349, 0.9356, 0.9353, 0.9241, 0.9148, 0.9165, 0.92, 0.9249, 0.9244, 0.9265, 0.9266, 0.9305, 0.9311, 0.9334, 0.9344]","[33694, 36144, 96035, 122392, 64741, 116371, 111667, 104907, 98771, 97503, 86277, 59918, 52452, 115217, 102851, 105141, 124186, 124530, 117708, 83960, 87094, 30038, 1024, 496, 556, 269, 44, 27, 7, 6, 2, 2]","[-11.7548, -11.7529, -11.7788, -11.8216, -11.7638, -11.847, -11.8339, -11.8229, -11.8145, -11.8162, -11.8011, -11.7584, -11.7464, -11.8862, -11.8584, -11.8768, -12.0161, -12.0565, -12.0155, -11.8645, -11.8836, -11.5837, -10.99, -10.7824, -10.6814, -10.4691, -9.6965, -9.3362, -8.3301, -7.7544, -6.4121, -4.0492]",15,0
SP_028_W6,algorithmic,W6,meta-llama/Llama-3.1-8B-Instruct,30,32,"[0.9841, 0.9822, 0.9861, 0.9839, 0.9844, 0.9843, 0.983, 0.9791, 0.978, 0.9783, 0.9744, 0.9746, 0.9721, 0.9669, 0.9665, 0.9621, 0.957, 0.9556, 0.9587, 0.9617, 0.9561, 0.9581, 0.9568, 0.9581, 0.9594, 0.9587, 0.9577, 0.9578, 0.9591, 0.9585, 0.9583, 0.9568]","[32491, 35672, 98820, 122984, 63826, 116787, 111619, 109044, 97364, 95427, 75508, 62731, 47002, 115651, 105152, 110523, 124834, 125252, 120328, 94843, 92588, 32693, 1141, 473, 519, 274, 46, 38, 10, 10, 4, 2]","[-11.7545, -11.7527, -11.7806, -11.824, -11.763, -11.8497, -11.8347, -11.8326, -11.8124, -11.8125, -11.7833, -11.7626, -11.737, -11.889, -11.869, -11.9009, -12.0277, -12.0773, -12.0533, -11.9204, -11.9167, -11.5995, -10.9953, -10.7645, -10.6615, -10.4467, -9.7042, -9.3904, -8.4962, -7.9182, -6.6262, -4.289]",15,0
SP_029_W6,algorithmic,W6,meta-llama/Llama-3.1-8B-Instruct,30,32,"[0.9842, 0.9825, 0.9864, 0.9841, 0.9847, 0.9846, 0.9834, 0.9794, 0.9785, 0.9784, 0.9741, 0.9746, 0.973, 0.9694, 0.9675, 0.9604, 0.9582, 0.9556, 0.9597, 0.964, 0.9608, 0.9637, 0.9636, 0.9657, 0.968, 0.9686, 0.9683, 0.9675, 0.9668, 0.9649, 0.963, 0.959]","[32562, 36635, 99063, 122924, 66224, 116642, 111898, 108990, 98692, 97607, 82031, 67122, 51349, 116394, 104963, 113526, 125917, 125813, 121877, 96732, 95751, 36426, 3718, 1477, 1721, 918, 171, 115, 26, 17, 5, 2]","[-11.7545, -11.7531, -11.7807, -11.8239, -11.7652, -11.8495, -11.8354, -11.8323, -11.815, -11.8167, -11.7941, -11.7693, -11.7445, -11.8926, -11.8681, -11.9148, -12.0524, -12.0899, -12.0688, -11.9294, -11.9337, -11.6243, -11.1617, -10.9485, -10.8784, -10.6927, -10.0421, -9.8309, -8.942, -8.3962, -7.1226, -4.5049]",15,0
SP_030_W6,algorithmic,W6,meta-llama/Llama-3.1-8B-Instruct,31,32,"[0.9842, 0.9824, 0.9863, 0.9841, 0.9846, 0.9845, 0.9833, 0.98, 0.9781, 0.977, 0.9709, 0.9716, 0.9721, 0.9684, 0.9673, 0.9609, 0.9589, 0.9594, 0.963, 0.9668, 0.9624, 0.9666, 0.9669, 0.9688, 0.9711, 0.9712, 0.9705, 0.9697, 0.9685, 0.9658, 0.9637, 0.9573]","[32516, 37067, 99043, 123039, 65742, 116411, 111823, 108195, 98557, 97847, 79463, 65915, 52465, 113644, 98354, 107933, 124839, 126151, 120788, 93342, 91899, 35765, 3841, 1364, 1378, 821, 192, 142, 34, 23, 7, 2]","[-11.7545, -11.7533, -11.7807, -11.8242, -11.7648, -11.8488, -11.8354, -11.8308, -11.815, -11.8169, -11.7899, -11.7675, -11.7463, -11.8825, -11.8491, -11.8897, -12.0286, -12.099, -12.0617, -11.9145, -11.9159, -11.6141, -11.1441, -10.9066, -10.8015, -10.6276, -10.0249, -9.8317, -8.9655, -8.4112, -7.1444, -4.4517]",15,0
SP_031_W6,algorithmic,W6,meta-llama/Llama-3.1-8B-Instruct,30,32,"[0.9872, 0.986, 0.9888, 0.9857, 0.9864, 0.9865, 0.9847, 0.9807, 0.9762, 0.9763, 0.9752, 0.9754, 0.9741, 0.9649, 0.9576, 0.9476, 0.9428, 0.9342, 0.932, 0.9318, 0.9189, 0.9131, 0.9185, 0.9221, 0.9275, 0.9289, 0.9345, 0.9352, 0.9371, 0.9356, 0.9351, 0.9331]","[31948, 35553, 94811, 121837, 62757, 116377, 111606, 106566, 95785, 89627, 75872, 52436, 46227, 112079, 100953, 92396, 120379, 122390, 115176, 82229, 87339, 26181, 3528, 1411, 1841, 725, 152, 93, 35, 19, 5, 2]","[-11.7544, -11.7528, -11.7781, -11.8199, -11.7621, -11.8465, -11.8328, -11.826, -11.8102, -11.8024, -11.7841, -11.7475, -11.7357, -11.8744, -11.8523, -11.8379, -11.9737, -12.0295, -11.9981, -11.8582, -11.8864, -11.555, -11.1588, -10.9461, -10.8945, -10.6496, -10.0134, -9.7728, -9.0207, -8.4108, -7.214, -4.3981]",15,0
SP_032_W6,algorithmic,W6,meta-llama/Llama-3.1-8B-Instruct,30,32,"[0.9884, 0.987, 0.9897, 0.9877, 0.987, 0.9863, 0.9839, 0.9804, 0.9782, 0.9747, 0.9704, 0.97, 0.9692, 0.9635, 0.9467, 0.9363, 0.9327, 0.9244, 0.9257, 0.9242, 0.9109, 0.9063, 0.9089, 0.9122, 0.9186, 0.9185, 0.9245, 0.9252, 0.9312, 0.9314, 0.9325, 0.9306]","[31221, 35540, 95062, 122573, 65938, 117132, 111623, 103546, 101787, 94534, 89620, 67229, 53606, 114130, 104403, 98402, 122149, 123207, 113478, 79055, 84630, 25351, 2520, 1157, 1366, 555, 103, 56, 21, 13, 4, 2]","[-11.7542, -11.7528, -11.7782, -11.8222, -11.7649, -11.8477, -11.8325, -11.8195, -11.8196, -11.81, -11.8064, -11.7696, -11.7484, -11.8799, -11.8621, -11.8544, -11.99, -12.0384, -11.9851, -11.8433, -11.8736, -11.5463, -11.1066, -10.9147, -10.8412, -10.5919, -9.9026, -9.6204, -8.8259, -8.2045, -6.8343, -4.1361]",15,0
SP_033_W6,algorithmic,W6,meta-llama/Llama-3.1-8B-Instruct,30,32,"[0.9884, 0.9872, 0.9903, 0.9883, 0.9872, 0.9866, 0.9847, 0.9818, 0.9792, 0.9752, 0.9716, 0.9716, 0.9697, 0.9633, 0.9469, 0.9378, 0.9352, 0.9288, 0.9301, 0.9279, 0.9148, 0.9085, 0.9125, 0.9164, 0.9225, 0.9226, 0.9288, 0.9293, 0.9335, 0.9333, 0.9344, 0.9327]","[31320, 36274, 95036, 121983, 64167, 116820, 111261, 104245, 103157, 96008, 87963, 65609, 47091, 114546, 103131, 97218, 122424, 123144, 115190, 81329, 85580, 27418, 2940, 1227, 1520, 663, 149, 88, 33, 19, 4, 2]","[-11.7542, -11.7531, -11.7782, -11.8206, -11.7633, -11.8469, -11.8316, -11.8213, -11.8227, -11.8128, -11.8038, -11.7671, -11.7374, -11.882, -11.8581, -11.8502, -11.992, -12.0386, -11.999, -11.8545, -11.8788, -11.5596, -11.1234, -10.9152, -10.8501, -10.6169, -9.9778, -9.7334, -9.0204, -8.3866, -7.0145, -4.2697]",15,0
SP_034_W6,algorithmic,W6,meta-llama/Llama-3.1-8B-Instruct,30,32,"[0.9883, 0.9871, 0.9891, 0.9872, 0.9865, 0.9858, 0.9832, 0.9805, 0.9773, 0.9723, 0.968, 0.9682, 0.9661, 0.9581, 0.9419, 0.9303, 0.9271, 0.9211, 0.9236, 0.9237, 0.91, 0.9054, 0.9035, 0.9062, 0.9109, 0.9092, 0.9125, 0.9152, 0.9186, 0.9185, 0.9217, 0.9228]","[31397, 36229, 95241, 122291, 64166, 116883, 110097, 102293, 101560, 93196, 85039, 58597, 45545, 113660, 104942, 100990, 122627, 124521, 115589, 78899, 81193, 23457, 345, 158, 178, 91, 20, 14, 6, 6, 2, 2]","[-11.7542, -11.753, -11.7784, -11.8214, -11.7633, -11.8467, -11.8288, -11.8176, -11.8195, -11.8078, -11.7987, -11.7566, -11.7347, -11.8774, -11.8636, -11.862, -11.9936, -12.0587, -12.0017, -11.8424, -11.857, -11.5319, -10.8284, -10.5859, -10.4686, -10.2071, -9.4155, -9.0144, -8.0932, -7.448, -5.9686, -3.7272]",15,0
SP_035_W6,algorithmic,W6,meta-llama/Llama-3.1-8B-Instruct,30,32,"[0.9893, 0.9879, 0.9895, 0.9867, 0.9859, 0.9849, 0.9827, 0.9791, 0.9756, 0.9745, 0.9721, 0.9696, 0.9656, 0.9521, 0.935, 0.9228, 0.9185, 0.9119, 0.9076, 0.9084, 0.895, 0.8891, 0.8918, 0.8947, 0.8999, 0.8987, 0.9055, 0.9082, 0.914, 0.915, 0.9188, 0.9167]","[31651, 35315, 98139, 122183, 63503, 116130, 108703, 96979, 100223, 96997, 86799, 61621, 49263, 112742, 105536, 96269, 120667, 122887, 115197, 83664, 90163, 26200, 1101, 541, 673, 223, 41, 30, 10, 6, 2, 2]","[-11.7543, -11.7527, -11.7801, -11.821, -11.7627, -11.8457, -11.8265, -11.8084, -11.8171, -11.8144, -11.8014, -11.7611, -11.7411, -11.8745, -11.8654, -11.8483, -11.9749, -12.0322, -11.9922, -11.8611, -11.8979, -11.5588, -11.008, -10.8095, -10.7367, -10.4395, -9.6878, -9.3592, -8.5292, -7.8815, -6.4002, -4.0026]",15,0
SP_036_W6,algorithmic,W6,meta-llama/Llama-3.1-8B-Instruct,30,32,"[0.9885, 0.9871, 0.9888, 0.9864, 0.9861, 0.9857, 0.9835, 0.9802, 0.9785, 0.9747, 0.9718, 0.9717, 0.9691, 0.9603, 0.944, 0.9321, 0.9279, 0.9195, 0.9192, 0.9152, 0.9018, 0.8884, 0.8885, 0.8921, 0.8993, 0.9002, 0.9092, 0.9108, 0.9155, 0.9157, 0.9174, 0.9205]","[31612, 34817, 94620, 121933, 63958, 116718, 110637, 103467, 100464, 93811, 84893, 61771, 45394, 114588, 104635, 98888, 121832, 122452, 114499, 83977, 90205, 26108, 2988, 1430, 1684, 585, 113, 58, 19, 12, 3, 2]","[-11.7543, -11.7525, -11.778, -11.8205, -11.7631, -11.8462, -11.8302, -11.8192, -11.817, -11.8087, -11.7984, -11.7613, -11.7343, -11.8818, -11.863, -11.8552, -11.9862, -12.0288, -11.989, -11.8631, -11.8958, -11.5602, -11.1583, -10.9858, -10.9163, -10.6559, -10.0248, -9.7207, -8.9497, -8.3234, -6.9974, -4.401]",15,0
SP_037_W6,algorithmic,W6,meta-llama/Llama-3.1-8B-Instruct,30,32,"[0.9854, 0.9838, 0.9867, 0.9849, 0.9852, 0.9856, 0.9836, 0.9798, 0.9747, 0.9745, 0.9694, 0.9694, 0.9679, 0.9643, 0.96, 0.9474, 0.944, 0.9361, 0.9361, 0.9356, 0.9244, 0.9166, 0.9181, 0.921, 0.9249, 0.9239, 0.9275, 0.9261, 0.9294, 0.9283, 0.9293, 0.9316]","[32861, 35545, 95139, 122821, 65998, 116457, 111786, 106169, 97708, 98263, 86458, 63389, 53796, 116052, 103397, 103665, 123462, 124248, 115316, 78028, 84950, 29481, 1606, 766, 821, 336, 58, 37, 9, 8, 2, 2]","[-11.7546, -11.7527, -11.7783, -11.8229, -11.765, -11.8473, -11.8343, -11.8257, -11.8125, -11.8175, -11.8013, -11.7636, -11.7485, -11.8898, -11.8602, -11.8718, -12.0051, -12.0511, -11.9972, -11.8394, -11.8753, -11.578, -11.0418, -10.8432, -10.7489, -10.5004, -9.7714, -9.4678, -8.5358, -7.975, -6.5795, -4.0622]",15,0
SP_038_W6,algorithmic,W6,meta-llama/Llama-3.1-8B-Instruct,31,32,"[0.9825, 0.9803, 0.9842, 0.9817, 0.9825, 0.9826, 0.98, 0.9779, 0.9753, 0.9741, 0.9656, 0.9651, 0.9656, 0.9629, 0.9649, 0.962, 0.962, 0.9605, 0.9639, 0.9662, 0.9609, 0.9624, 0.9618, 0.9628, 0.9665, 0.967, 0.9691, 0.9677, 0.966, 0.9641, 0.9614, 0.9536]","[31872, 35986, 90892, 121840, 64834, 115066, 111997, 109161, 102177, 92076, 80849, 62357, 51636, 117293, 99730, 104233, 124943, 124678, 116775, 92400, 94747, 39848, 9878, 4382, 4735, 2813, 923, 747, 163, 75, 21, 3]","[-11.7543, -11.7528, -11.7757, -11.8204, -11.7639, -11.8433, -11.8349, -11.8328, -11.8211, -11.8065, -11.7917, -11.7621, -11.7451, -11.897, -11.8524, -11.8756, -12.0292, -12.0689, -12.021, -11.9099, -11.9296, -11.644, -11.3127, -11.1199, -11.0586, -10.9027, -10.4641, -10.3269, -9.6473, -9.1726, -8.0365, -5.1601]",15,0
SP_039_W6,algorithmic,W6,meta-llama/Llama-3.1-8B-Instruct,31,32,"[0.9825, 0.9804, 0.9843, 0.9818, 0.9826, 0.9826, 0.9803, 0.9779, 0.9748, 0.9721, 0.9618, 0.9617, 0.9628, 0.9586, 0.9632, 0.961, 0.959, 0.9572, 0.961, 0.9631, 0.9571, 0.9593, 0.9592, 0.9606, 0.9638, 0.9642, 0.9651, 0.9634, 0.9618, 0.9582, 0.9548, 0.9449]","[31739, 36185, 90931, 121963, 66257, 115236, 112815, 109732, 99544, 88547, 80031, 60731, 50545, 114202, 96544, 102090, 124974, 125478, 117454, 88187, 88885, 35124, 5077, 1966, 2059, 1252, 369, 315, 60, 31, 11, 2]","[-11.7542, -11.7529, -11.7758, -11.8207, -11.7652, -11.8435, -11.8369, -11.8341, -11.8159, -11.8008, -11.7904, -11.7598, -11.7433, -11.8825, -11.8435, -11.8689, -12.0298, -12.0878, -12.0319, -11.8909, -11.9016, -11.6089, -11.1879, -10.9638, -10.8708, -10.7139, -10.1826, -10.0486, -9.2661, -8.746, -7.5601, -4.6869]",15,0
SP_040_W6,algorithmic,W6,meta-llama/Llama-3.1-8B-Instruct,31,32,"[0.9841, 0.9825, 0.9862, 0.9839, 0.9846, 0.9846, 0.9834, 0.9797, 0.978, 0.9784, 0.9736, 0.9741, 0.9724, 0.9683, 0.9684, 0.9623, 0.9569, 0.955, 0.9563, 0.9594, 0.9529, 0.9577, 0.9587, 0.9602, 0.9625, 0.963, 0.9639, 0.963, 0.9637, 0.9601, 0.9574, 0.9472]","[32357, 35366, 98747, 122882, 65818, 116417, 111964, 110009, 97750, 97031, 77235, 63275, 43463, 112438, 99752, 106492, 124415, 126344, 120546, 90622, 85682, 32088, 5264, 1790, 2061, 1101, 242, 181, 37, 23, 7, 2]","[-11.7544, -11.7526, -11.7805, -11.8238, -11.7648, -11.8487, -11.8355, -11.8351, -11.8132, -11.8156, -11.7863, -11.7636, -11.7308, -11.8769, -11.8529, -11.8851, -12.0225, -12.1096, -12.0601, -11.9011, -11.8849, -11.5888, -11.1897, -10.9394, -10.8719, -10.6811, -10.0677, -9.9034, -9.0402, -8.4788, -7.2307, -4.5047]",15,0
SP_042_W6,algorithmic,W6,meta-llama/Llama-3.1-8B-Instruct,30,32,"[0.9811, 0.9788, 0.9834, 0.9811, 0.9822, 0.9835, 0.9811, 0.9794, 0.9767, 0.9755, 0.9669, 0.9664, 0.9663, 0.9592, 0.96, 0.955, 0.9542, 0.9517, 0.9546, 0.9578, 0.9518, 0.9529, 0.9535, 0.9551, 0.9585, 0.9597, 0.9617, 0.9611, 0.9602, 0.9577, 0.9555, 0.9501]","[32776, 37207, 80999, 120529, 59008, 114509, 113009, 111242, 101058, 88046, 81644, 61257, 56251, 118271, 102039, 100472, 125012, 124735, 117436, 91024, 92200, 33551, 3525, 1502, 1637, 795, 227, 136, 33, 20, 5, 2]","[-11.7545, -11.7533, -11.7706, -11.8168, -11.7586, -11.842, -11.8376, -11.8374, -11.8196, -11.8002, -11.7933, -11.7605, -11.7528, -11.9025, -11.8577, -11.8622, -12.0316, -12.0672, -12.022, -11.9018, -11.9139, -11.6053, -11.1472, -10.9464, -10.8605, -10.6546, -10.11, -9.8656, -9.0452, -8.5247, -7.2101, -4.5154]",15,0
SP_044_W6,algorithmic,W6,meta-llama/Llama-3.1-8B-Instruct,30,32,"[0.9843, 0.9827, 0.9855, 0.9828, 0.9837, 0.9846, 0.9833, 0.9816, 0.9789, 0.9769, 0.9716, 0.9703, 0.9692, 0.9646, 0.9628, 0.9535, 0.9442, 0.9374, 0.9338, 0.9326, 0.9173, 0.9136, 0.9148, 0.9149, 0.9168, 0.9144, 0.9177, 0.9182, 0.9232, 0.9215, 0.9229, 0.915]","[32817, 36156, 92413, 122975, 68995, 116823, 112433, 106586, 99237, 98265, 79084, 63903, 51263, 118262, 100836, 103529, 124411, 125707, 119639, 86250, 85608, 31485, 1104, 383, 447, 189, 42, 28, 10, 8, 3, 2]","[-11.7546, -11.7529, -11.7766, -11.8237, -11.7678, -11.8483, -11.8362, -11.8274, -11.8157, -11.8177, -11.7892, -11.7645, -11.7444, -11.9003, -11.8545, -11.8729, -12.019, -12.0859, -12.0419, -11.877, -11.8796, -11.5912, -10.9868, -10.7298, -10.6272, -10.3739, -9.6047, -9.3397, -8.4614, -7.8823, -6.4155, -4.2215]",15,0
SP_045_W6,algorithmic,W6,meta-llama/Llama-3.1-8B-Instruct,30,32,"[0.9854, 0.9838, 0.9865, 0.985, 0.9853, 0.9856, 0.9837, 0.9802, 0.9767, 0.976, 0.9711, 0.9707, 0.9687, 0.9649, 0.9597, 0.9495, 0.9488, 0.944, 0.9465, 0.9475, 0.9383, 0.933, 0.9337, 0.9369, 0.9404, 0.94, 0.9414, 0.9409, 0.9435, 0.9427, 0.9438, 0.9441]","[33206, 36092, 94935, 122421, 66200, 116547, 111884, 106757, 99046, 97226, 84979, 60982, 50980, 114864, 102330, 102039, 123240, 122771, 115057, 82408, 87152, 27954, 1477, 762, 882, 466, 89, 47, 14, 11, 3, 2]","[-11.7547, -11.7529, -11.7782, -11.8218, -11.7652, -11.8477, -11.8346, -11.8265, -11.8148, -11.8154, -11.7987, -11.7599, -11.7438, -11.8842, -11.8562, -11.8649, -12.0019, -12.0313, -11.9979, -11.8587, -11.8863, -11.5647, -11.0242, -10.8358, -10.7586, -10.5592, -9.8827, -9.5753, -8.624, -8.0806, -6.7667, -4.1994]",15,0
SP_046_W6,algorithmic,W6,meta-llama/Llama-3.1-8B-Instruct,30,32,"[0.9842, 0.9824, 0.9854, 0.9831, 0.9839, 0.984, 0.9829, 0.9793, 0.9776, 0.9772, 0.9714, 0.9717, 0.9717, 0.968, 0.9664, 0.9593, 0.9565, 0.9533, 0.9561, 0.9598, 0.9551, 0.9561, 0.9554, 0.9574, 0.9598, 0.96, 0.9589, 0.9584, 0.9577, 0.9562, 0.9552, 0.9511]","[32310, 36180, 99120, 122922, 64473, 115877, 111308, 110034, 98210, 99221, 76596, 63199, 48248, 115358, 100160, 109605, 125167, 126137, 121357, 91174, 88103, 30624, 2544, 984, 1038, 576, 105, 70, 18, 15, 5, 2]","[-11.7544, -11.7529, -11.7808, -11.8237, -11.7636, -11.8471, -11.8341, -11.8348, -11.8141, -11.8196, -11.7852, -11.7633, -11.7392, -11.8877, -11.8525, -11.8963, -12.0357, -12.1002, -12.0657, -11.9019, -11.8939, -11.5834, -11.0982, -10.8688, -10.7757, -10.5848, -9.9234, -9.6521, -8.7445, -8.2753, -7.047, -4.4131]",15,0
SP_047_W6,algorithmic,W6,meta-llama/Llama-3.1-8B-Instruct,30,32,"[0.9855, 0.9838, 0.9868, 0.9851, 0.985, 0.9851, 0.9831, 0.9792, 0.9741, 0.973, 0.9673, 0.9672, 0.964, 0.9616, 0.959, 0.9468, 0.9427, 0.9335, 0.9332, 0.9321, 0.9201, 0.9135, 0.9144, 0.917, 0.9216, 0.9202, 0.9229, 0.9229, 0.926, 0.927, 0.9302, 0.9313]","[33241, 35659, 95022, 122817, 65795, 116312, 111751, 105922, 97479, 97382, 86446, 61827, 55029, 115122, 99388, 102516, 122761, 124773, 116180, 80907, 86053, 29280, 1167, 554, 609, 262, 41, 24, 8, 6, 2, 2]","[-11.7547, -11.7528, -11.7782, -11.823, -11.7648, -11.847, -11.8342, -11.8255, -11.8125, -11.8161, -11.8014, -11.7613, -11.7506, -11.886, -11.8484, -11.8668, -11.994, -12.0601, -12.0035, -11.8511, -11.8793, -11.576, -11.0047, -10.801, -10.6986, -10.4595, -9.658, -9.31, -8.3258, -7.713, -6.303, -3.9885]",15,0
SP_048_W6,algorithmic,W6,meta-llama/Llama-3.1-8B-Instruct,30,32,"[0.9842, 0.9825, 0.986, 0.9838, 0.9842, 0.9844, 0.9833, 0.9799, 0.9788, 0.9787, 0.9738, 0.974, 0.9727, 0.9687, 0.9684, 0.9613, 0.9573, 0.9558, 0.9598, 0.9641, 0.9597, 0.9627, 0.9628, 0.9644, 0.9659, 0.9655, 0.9639, 0.9631, 0.9632, 0.961, 0.9589, 0.9535]","[32858, 35930, 98554, 122808, 64628, 116590, 111889, 109633, 97307, 98096, 78847, 64638, 56812, 117500, 104688, 110789, 125789, 126220, 121302, 90296, 87913, 31168, 1841, 768, 844, 472, 81, 52, 17, 12, 4, 2]","[-11.7546, -11.7528, -11.7804, -11.8234, -11.7637, -11.8492, -11.8354, -11.8336, -11.8126, -11.8174, -11.7889, -11.7655, -11.7536, -11.8988, -11.866, -11.9012, -12.0477, -12.0986, -12.0623, -11.8977, -11.8925, -11.5847, -11.0446, -10.8133, -10.7152, -10.5186, -9.815, -9.553, -8.6354, -8.1241, -6.8031, -4.1955]",15,0
SP_049_W6,algorithmic,W6,meta-llama/Llama-3.1-8B-Instruct,30,32,"[0.9873, 0.986, 0.9873, 0.9842, 0.9857, 0.9858, 0.9839, 0.9806, 0.9749, 0.9728, 0.9701, 0.9702, 0.9686, 0.9596, 0.9499, 0.94, 0.937, 0.9318, 0.9302, 0.9292, 0.9182, 0.9146, 0.9184, 0.9215, 0.9265, 0.9282, 0.9351, 0.9362, 0.9404, 0.9373, 0.9385, 0.9372]","[32211, 35490, 94657, 122235, 64233, 116910, 111191, 106993, 97018, 87426, 78525, 50733, 44050, 111657, 103229, 97651, 120893, 122846, 113157, 79898, 84546, 27028, 2684, 1100, 1425, 564, 91, 59, 19, 12, 4, 2]","[-11.7545, -11.7527, -11.778, -11.8213, -11.7634, -11.8486, -11.8322, -11.8266, -11.8123, -11.7986, -11.7882, -11.7454, -11.7319, -11.8723, -11.8586, -11.8516, -11.9774, -12.0339, -11.9824, -11.8464, -11.8723, -11.5629, -11.1212, -10.9148, -10.8687, -10.6033, -9.9317, -9.648, -8.8757, -8.2867, -6.9623, -4.1871]",15,0
SP_050_W6,algorithmic,W6,meta-llama/Llama-3.1-8B-Instruct,30,32,"[0.9883, 0.987, 0.989, 0.9866, 0.986, 0.985, 0.9829, 0.9795, 0.9765, 0.9727, 0.9692, 0.9691, 0.9685, 0.9607, 0.9465, 0.9341, 0.9313, 0.9225, 0.9214, 0.918, 0.9044, 0.8964, 0.8913, 0.8916, 0.8938, 0.8923, 0.8972, 0.9004, 0.905, 0.9045, 0.9094, 0.9156]","[31111, 35078, 94913, 122168, 65141, 117000, 111027, 102562, 101256, 93514, 90048, 62915, 49501, 112373, 108846, 103869, 122103, 124243, 118364, 86481, 89922, 31555, 1252, 532, 709, 229, 41, 23, 8, 6, 2, 2]","[-11.7542, -11.7526, -11.7782, -11.8211, -11.7641, -11.8472, -11.8313, -11.8176, -11.8189, -11.8084, -11.8071, -11.763, -11.7415, -11.8738, -11.8771, -11.8719, -11.9892, -12.0509, -12.0189, -11.8734, -11.894, -11.6028, -11.0532, -10.8551, -10.7914, -10.4972, -9.7691, -9.3876, -8.5952, -7.9164, -6.4669, -3.9842]",15,0
SP_051_W6,algorithmic,W6,meta-llama/Llama-3.1-8B-Instruct,30,32,"[0.9884, 0.9871, 0.9897, 0.9876, 0.9866, 0.9856, 0.9835, 0.9798, 0.978, 0.9751, 0.9723, 0.9719, 0.9705, 0.9655, 0.9564, 0.9463, 0.9423, 0.9367, 0.938, 0.9373, 0.9252, 0.9196, 0.9216, 0.9241, 0.9292, 0.9287, 0.9338, 0.9351, 0.9375, 0.9375, 0.9387, 0.9321]","[31246, 35064, 94580, 122264, 65462, 117017, 111105, 102762, 98408, 90771, 87141, 61102, 46249, 112012, 103071, 99864, 122611, 124952, 117374, 85334, 85325, 28103, 4730, 1916, 2136, 929, 186, 124, 34, 18, 4, 2]","[-11.7542, -11.7526, -11.778, -11.8213, -11.7645, -11.8473, -11.8314, -11.8179, -11.8135, -11.8038, -11.8022, -11.7603, -11.7357, -11.8718, -11.8589, -11.8599, -11.9961, -12.0693, -12.0194, -11.8733, -11.8784, -11.5652, -11.1987, -10.9883, -10.9096, -10.6942, -10.0499, -9.8335, -9.0404, -8.3576, -7.03, -4.3059]",15,0
SP_052_W6,algorithmic,W6,meta-llama/Llama-3.1-8B-Instruct,30,32,"[0.9873, 0.986, 0.9876, 0.9843, 0.9857, 0.9859, 0.9839, 0.9804, 0.9755, 0.9754, 0.9735, 0.9737, 0.9713, 0.9662, 0.9599, 0.9482, 0.9435, 0.9344, 0.9313, 0.9302, 0.9203, 0.9109, 0.9144, 0.9174, 0.9218, 0.9228, 0.9296, 0.9308, 0.9336, 0.932, 0.933, 0.935]","[31812, 35004, 94789, 122005, 64436, 116806, 111449, 106363, 95179, 88845, 75384, 55749, 46829, 116784, 104262, 99699, 121628, 122535, 116851, 87665, 90639, 28145, 2610, 1196, 1811, 698, 114, 63, 17, 13, 3, 2]","[-11.7543, -11.7526, -11.7781, -11.8205, -11.7636, -11.8479, -11.8325, -11.8256, -11.8093, -11.801, -11.7832, -11.7524, -11.7368, -11.8932, -11.8623, -11.8583, -11.9853, -12.0321, -12.0099, -11.8824, -11.9015, -11.5729, -11.132, -10.9433, -10.9213, -10.6752, -9.9985, -9.7041, -8.8996, -8.2914, -7.0115, -4.3573]",15,0
SP_053_W6,algorithmic,W6,meta-llama/Llama-3.1-8B-Instruct,30,32,"[0.9911, 0.9898, 0.9917, 0.9891, 0.9878, 0.9869, 0.9836, 0.9784, 0.9734, 0.9688, 0.966, 0.9623, 0.9597, 0.9491, 0.938, 0.9277, 0.9215, 0.9107, 0.9057, 0.9022, 0.8898, 0.887, 0.8892, 0.8929, 0.8992, 0.9009, 0.9084, 0.912, 0.9122, 0.9119, 0.9157, 0.9176]","[30814, 34410, 98111, 121600, 62558, 116269, 109390, 98912, 97986, 99459, 88151, 55573, 42249, 111003, 103156, 95756, 117241, 120933, 113822, 78612, 88600, 25163, 1220, 685, 794, 236, 52, 30, 9, 7, 2, 2]","[-11.7541, -11.7524, -11.7801, -11.8194, -11.7618, -11.846, -11.828, -11.8115, -11.813, -11.8186, -11.8028, -11.7521, -11.7289, -11.8661, -11.8562, -11.8449, -11.9455, -12.0058, -11.9793, -11.8375, -11.8865, -11.555, -11.0409, -10.8844, -10.7963, -10.4892, -9.8355, -9.4854, -8.6143, -7.9815, -6.5962, -4.1138]",15,0
SP_054_W6,algorithmic,W6,meta-llama/Llama-3.1-8B-Instruct,30,32,"[0.9884, 0.987, 0.9889, 0.9866, 0.9861, 0.9855, 0.9832, 0.9803, 0.9776, 0.9743, 0.9714, 0.9711, 0.9678, 0.9605, 0.9519, 0.9404, 0.9344, 0.9253, 0.9258, 0.9234, 0.9069, 0.9023, 0.9042, 0.9065, 0.9102, 0.9083, 0.9139, 0.9162, 0.9198, 0.9192, 0.9231, 0.9166]","[31103, 36083, 95745, 122109, 63928, 116737, 111622, 104467, 100204, 93915, 87013, 59869, 47169, 112114, 105778, 103279, 123522, 125595, 118966, 87951, 86685, 30978, 3167, 1132, 1214, 502, 74, 55, 22, 12, 4, 2]","[-11.7542, -11.753, -11.7787, -11.8208, -11.7631, -11.8465, -11.8325, -11.8212, -11.8167, -11.809, -11.8021, -11.7585, -11.7373, -11.8728, -11.8682, -11.8725, -12.0089, -12.083, -12.0313, -11.8847, -11.8851, -11.5885, -11.1505, -10.9152, -10.829, -10.5897, -9.8461, -9.584, -8.7365, -8.0065, -6.5716, -4.0965]",15,0
SP_055_W6,algorithmic,W6,meta-llama/Llama-3.1-8B-Instruct,30,32,"[0.9893, 0.9879, 0.9895, 0.9865, 0.9859, 0.9849, 0.9823, 0.979, 0.9748, 0.9729, 0.9709, 0.9696, 0.9673, 0.9609, 0.9523, 0.9406, 0.9356, 0.9256, 0.9188, 0.9158, 0.9, 0.8963, 0.8974, 0.8999, 0.9033, 0.8997, 0.904, 0.9062, 0.9087, 0.9101, 0.9132, 0.908]","[31231, 35318, 98089, 122178, 63679, 116180, 108555, 95870, 99547, 96472, 85949, 61667, 51809, 114633, 105854, 92294, 121871, 122432, 111076, 74302, 81018, 20415, 671, 335, 438, 135, 22, 14, 6, 6, 2, 2]","[-11.7542, -11.7528, -11.7801, -11.8209, -11.7629, -11.8457, -11.8259, -11.8066, -11.8157, -11.8135, -11.7999, -11.7612, -11.7453, -11.882, -11.8666, -11.8368, -11.9861, -12.0254, -11.961, -11.8197, -11.8529, -11.5135, -10.9568, -10.7487, -10.6784, -10.365, -9.5232, -9.1547, -8.3331, -7.6692, -6.1967, -4.0265]",15,0
SP_056_W6,algorithmic,W6,meta-llama/Llama-3.1-8B-Instruct,30,32,"[0.9884, 0.9871, 0.9896, 0.9875, 0.9867, 0.986, 0.9835, 0.9808, 0.9778, 0.9744, 0.9702, 0.9693, 0.9672, 0.9609, 0.948, 0.936, 0.9337, 0.9226, 0.9207, 0.916, 0.905, 0.8971, 0.8974, 0.9015, 0.9074, 0.9076, 0.9145, 0.9153, 0.9197, 0.9177, 0.921, 0.9238]","[31216, 35823, 95267, 122238, 64379, 116791, 111046, 103881, 101902, 94810, 87940, 60646, 47915, 111238, 99481, 96503, 121052, 123706, 113572, 81046, 88365, 23986, 1266, 637, 777, 263, 42, 23, 7, 6, 2, 2]","[-11.7542, -11.7529, -11.7784, -11.8211, -11.7635, -11.8466, -11.8311, -11.82, -11.8197, -11.8107, -11.8034, -11.7596, -11.7387, -11.8691, -11.8471, -11.848, -11.9774, -12.0417, -11.9786, -11.8494, -11.8862, -11.5403, -11.0292, -10.8449, -10.7651, -10.4865, -9.7377, -9.3725, -8.4626, -7.8569, -6.589, -4.1608]",15,0
SP_057_W6,algorithmic,W6,meta-llama/Llama-3.1-8B-Instruct,30,32,"[0.9892, 0.988, 0.9906, 0.9879, 0.987, 0.9859, 0.9833, 0.9798, 0.9759, 0.9739, 0.9708, 0.9702, 0.9667, 0.9579, 0.9489, 0.9361, 0.9318, 0.9216, 0.9156, 0.9128, 0.898, 0.8883, 0.8913, 0.8946, 0.9003, 0.8998, 0.9052, 0.9078, 0.9096, 0.9091, 0.9129, 0.909]","[31281, 35436, 98276, 122284, 64649, 116172, 108852, 96573, 99705, 96945, 83023, 60088, 46876, 111375, 102488, 92960, 121936, 123197, 116177, 87544, 92650, 26725, 1088, 476, 741, 224, 38, 26, 8, 6, 2, 2]","[-11.7542, -11.7528, -11.7802, -11.8213, -11.7638, -11.8459, -11.8266, -11.808, -11.8161, -11.8147, -11.7953, -11.7589, -11.7369, -11.8706, -11.8565, -11.8389, -11.9883, -12.0371, -11.9982, -11.878, -11.9081, -11.5658, -11.0281, -10.8173, -10.7752, -10.4786, -9.6922, -9.3643, -8.4833, -7.8154, -6.3641, -4.0424]",15,0
SP_058_W6,algorithmic,W6,meta-llama/Llama-3.1-8B-Instruct,30,32,"[0.9883, 0.9869, 0.989, 0.9869, 0.9866, 0.9859, 0.9835, 0.981, 0.9779, 0.9745, 0.9713, 0.9706, 0.968, 0.9608, 0.9467, 0.9334, 0.932, 0.9273, 0.9308, 0.9295, 0.919, 0.9113, 0.9129, 0.9167, 0.9226, 0.9223, 0.9282, 0.9295, 0.9319, 0.9315, 0.9332, 0.9338]","[31204, 34943, 94406, 122044, 63678, 116687, 110549, 101141, 100184, 93655, 87862, 62176, 48552, 110553, 101445, 98991, 121791, 124069, 117883, 91151, 97069, 32539, 4750, 2378, 2613, 1045, 184, 95, 27, 15, 4, 2]","[-11.7542, -11.7526, -11.7778, -11.8207, -11.7629, -11.8463, -11.8299, -11.8152, -11.8168, -11.8085, -11.8034, -11.7619, -11.7398, -11.8671, -11.8528, -11.8561, -11.9871, -12.0496, -12.0187, -11.8974, -11.9337, -11.6038, -11.2151, -11.0504, -10.9775, -10.7523, -10.1157, -9.8213, -9.0544, -8.4435, -7.1553, -4.3234]",15,0
SP_059_W6,algorithmic,W6,meta-llama/Llama-3.1-8B-Instruct,30,32,"[0.9872, 0.9859, 0.9876, 0.9844, 0.9853, 0.9854, 0.9833, 0.9806, 0.9734, 0.9697, 0.967, 0.9674, 0.9645, 0.9547, 0.9468, 0.9338, 0.9279, 0.9172, 0.9123, 0.9082, 0.8921, 0.8821, 0.8837, 0.8871, 0.8929, 0.892, 0.9007, 0.9035, 0.9076, 0.9075, 0.9117, 0.9191]","[32119, 35706, 94691, 122256, 62645, 116908, 111903, 105498, 97625, 86752, 75662, 49943, 40303, 115380, 109521, 102368, 121628, 122729, 116173, 80216, 88047, 25637, 721, 368, 511, 176, 41, 21, 10, 6, 2, 2]","[-11.7544, -11.7528, -11.778, -11.8213, -11.7619, -11.8483, -11.8338, -11.824, -11.8137, -11.7976, -11.7837, -11.7442, -11.7253, -11.8869, -11.8796, -11.866, -11.9832, -12.0305, -12.0005, -11.8458, -11.8849, -11.5581, -10.9686, -10.7741, -10.7139, -10.4373, -9.7302, -9.3322, -8.5841, -7.9709, -6.5347, -4.1586]",15,0
SP_060_W6,algorithmic,W6,meta-llama/Llama-3.1-8B-Instruct,30,32,"[0.9872, 0.9858, 0.9875, 0.9845, 0.9856, 0.986, 0.9839, 0.9814, 0.9761, 0.9745, 0.9726, 0.972, 0.9693, 0.9576, 0.9481, 0.9366, 0.9346, 0.9252, 0.9225, 0.9219, 0.9119, 0.9086, 0.9126, 0.9167, 0.9215, 0.9213, 0.9289, 0.9284, 0.9318, 0.9305, 0.9288, 0.9332]","[31645, 35129, 94521, 122225, 63371, 117024, 111144, 105292, 96738, 89919, 75675, 51889, 49247, 119107, 104999, 94333, 119156, 120658, 113313, 77262, 81293, 22797, 1474, 916, 1071, 401, 99, 52, 19, 12, 2, 2]","[-11.7543, -11.7526, -11.7779, -11.8213, -11.7626, -11.8488, -11.8318, -11.8236, -11.8118, -11.8029, -11.7837, -11.7467, -11.741, -11.9057, -11.8632, -11.8415, -11.9614, -12.0064, -11.9805, -11.8343, -11.8549, -11.5307, -11.0378, -10.8909, -10.8209, -10.5669, -9.965, -9.6203, -8.9102, -8.4377, -7.1462, -4.4266]",15,0
SP_061_W6,algorithmic,W6,meta-llama/Llama-3.1-8B-Instruct,30,32,"[0.9884, 0.987, 0.9887, 0.9867, 0.9861, 0.9854, 0.9832, 0.9806, 0.9772, 0.971, 0.9665, 0.9662, 0.9635, 0.9571, 0.9414, 0.9297, 0.9269, 0.9162, 0.9141, 0.9091, 0.8952, 0.8828, 0.8837, 0.8877, 0.8944, 0.8948, 0.9037, 0.9066, 0.9114, 0.9131, 0.9172, 0.9219]","[31531, 35232, 95131, 122074, 64839, 116989, 110978, 103704, 102223, 92669, 85985, 59929, 45117, 114979, 107615, 104942, 122955, 124159, 116403, 86562, 94340, 30851, 3501, 1641, 1854, 648, 89, 54, 16, 12, 3, 2]","[-11.7543, -11.7527, -11.7783, -11.8208, -11.7639, -11.8472, -11.8309, -11.8201, -11.8207, -11.8067, -11.8001, -11.7586, -11.7339, -11.8828, -11.8727, -11.8758, -11.9995, -12.054, -12.0034, -11.8752, -11.918, -11.5954, -11.1845, -11.011, -10.9379, -10.677, -9.9895, -9.6613, -8.8295, -8.1581, -6.7363, -4.153]",15,0
SP_062_W6,algorithmic,W6,meta-llama/Llama-3.1-8B-Instruct,30,32,"[0.9854, 0.9839, 0.9868, 0.985, 0.9852, 0.9853, 0.9834, 0.9793, 0.9744, 0.9743, 0.9687, 0.969, 0.9673, 0.9616, 0.9558, 0.9471, 0.9455, 0.9427, 0.9435, 0.9434, 0.9327, 0.9251, 0.9282, 0.9309, 0.9355, 0.9352, 0.9384, 0.9379, 0.9419, 0.9398, 0.9408, 0.9394]","[33297, 36452, 95158, 122786, 66266, 116543, 112397, 105416, 94407, 92476, 79867, 55591, 45998, 111991, 97722, 101107, 122518, 123968, 114350, 83686, 86506, 28799, 2384, 989, 1224, 600, 93, 61, 16, 11, 4, 2]","[-11.7547, -11.7531, -11.7783, -11.8227, -11.7652, -11.8475, -11.8357, -11.8244, -11.807, -11.8074, -11.7904, -11.752, -11.7352, -11.8735, -11.8438, -11.8633, -11.9934, -12.0497, -11.9922, -11.8641, -11.8822, -11.5719, -11.1019, -10.8867, -10.8179, -10.6081, -9.8944, -9.6522, -8.7262, -8.0772, -6.6994, -4.1977]",15,0
SP_063_W6,algorithmic,W6,meta-llama/Llama-3.1-8B-Instruct,30,32,"[0.9825, 0.9803, 0.9841, 0.9816, 0.9827, 0.9826, 0.9802, 0.9787, 0.9745, 0.9705, 0.9602, 0.9604, 0.9605, 0.9566, 0.9604, 0.9578, 0.9568, 0.9549, 0.9572, 0.959, 0.9525, 0.9506, 0.9484, 0.9494, 0.9536, 0.9543, 0.9569, 0.9561, 0.9554, 0.9517, 0.9505, 0.9452]","[31476, 35553, 90175, 121777, 65045, 114396, 111926, 110729, 102932, 92728, 79763, 61640, 49216, 117907, 100804, 103913, 124019, 125000, 118469, 90460, 91524, 36362, 3818, 1533, 1666, 842, 256, 149, 35, 19, 5, 2]","[-11.7542, -11.7527, -11.7753, -11.8201, -11.7641, -11.8414, -11.8348, -11.837, -11.8229, -11.8077, -11.7898, -11.7611, -11.741, -11.8991, -11.8545, -11.8728, -12.0136, -12.0728, -12.034, -11.898, -11.9094, -11.6241, -11.1621, -10.9635, -10.8795, -10.6843, -10.1706, -9.9376, -9.1168, -8.5804, -7.3214, -4.7725]",15,0
SP_064_W6,algorithmic,W6,meta-llama/Llama-3.1-8B-Instruct,30,32,"[0.9854, 0.9841, 0.9863, 0.9847, 0.9851, 0.9855, 0.983, 0.9799, 0.9739, 0.9714, 0.9659, 0.9653, 0.964, 0.9561, 0.9542, 0.9432, 0.9438, 0.9407, 0.9423, 0.9419, 0.9322, 0.9295, 0.9299, 0.9325, 0.9365, 0.936, 0.9407, 0.9396, 0.9426, 0.9402, 0.9414, 0.9407]","[33643, 36270, 94487, 122565, 66127, 116517, 112050, 106376, 103681, 99493, 88802, 61402, 55495, 115676, 102798, 106158, 122802, 123346, 114083, 82129, 91944, 33670, 1499, 755, 814, 389, 96, 48, 12, 10, 3, 2]","[-11.7548, -11.753, -11.7779, -11.8221, -11.7651, -11.8477, -11.8351, -11.826, -11.8244, -11.8195, -11.805, -11.7607, -11.7515, -11.8888, -11.858, -11.8782, -11.9926, -12.0366, -11.988, -11.8559, -11.9071, -11.6083, -11.0413, -10.857, -10.7636, -10.5522, -9.939, -9.595, -8.6595, -8.0925, -6.8956, -4.4537]",15,0
SP_065_W6,algorithmic,W6,meta-llama/Llama-3.1-8B-Instruct,30,32,"[0.9854, 0.984, 0.9865, 0.9846, 0.9847, 0.9851, 0.983, 0.9796, 0.9755, 0.9752, 0.9702, 0.9694, 0.9666, 0.9602, 0.9506, 0.9397, 0.9385, 0.9312, 0.9323, 0.9329, 0.9218, 0.9144, 0.9165, 0.9207, 0.9257, 0.9259, 0.9297, 0.9293, 0.934, 0.9337, 0.936, 0.938]","[33487, 35598, 94830, 122608, 65743, 116431, 111724, 105542, 99374, 97959, 85425, 58569, 47334, 110189, 100884, 101680, 123201, 123810, 115168, 82398, 87888, 29610, 1530, 813, 952, 443, 69, 43, 9, 8, 3, 2]","[-11.7547, -11.7528, -11.7781, -11.8223, -11.7647, -11.8472, -11.8342, -11.8243, -11.8158, -11.8169, -11.7997, -11.7563, -11.7375, -11.8669, -11.8521, -11.8644, -12.0017, -12.0443, -11.9934, -11.8574, -11.888, -11.5801, -11.0449, -10.8611, -10.7867, -10.5652, -9.845, -9.5252, -8.5188, -7.9498, -6.6799, -4.1929]",15,0
SP_066_W6,algorithmic,W6,meta-llama/Llama-3.1-8B-Instruct,30,32,"[0.9844, 0.9827, 0.9858, 0.983, 0.9837, 0.9844, 0.9833, 0.9814, 0.9789, 0.9767, 0.9715, 0.9705, 0.9693, 0.9622, 0.9615, 0.9527, 0.9476, 0.9428, 0.9415, 0.9435, 0.9325, 0.9279, 0.929, 0.9305, 0.9333, 0.9325, 0.9339, 0.934, 0.9356, 0.9334, 0.9347, 0.9304]","[32661, 35223, 92766, 122901, 69231, 116768, 112018, 106840, 99555, 97745, 83052, 65441, 51591, 116703, 101847, 106936, 124123, 125591, 119186, 90276, 92278, 35335, 1755, 637, 714, 346, 50, 42, 9, 7, 3, 2]","[-11.7545, -11.7526, -11.7768, -11.8235, -11.768, -11.8479, -11.8351, -11.8276, -11.8163, -11.8165, -11.7956, -11.7668, -11.7449, -11.8927, -11.857, -11.8843, -12.0147, -12.0804, -12.0342, -11.8957, -11.9124, -11.6185, -11.0561, -10.8128, -10.7138, -10.4884, -9.7377, -9.4622, -8.4236, -7.7798, -6.4862, -4.232]",15,0
SP_068_W6,algorithmic,W6,meta-llama/Llama-3.1-8B-Instruct,31,32,"[0.9813, 0.9791, 0.9834, 0.981, 0.9822, 0.9834, 0.9806, 0.979, 0.9758, 0.9745, 0.9665, 0.9668, 0.967, 0.9616, 0.9631, 0.9578, 0.9548, 0.9521, 0.9552, 0.9572, 0.9495, 0.9529, 0.9522, 0.9536, 0.9567, 0.9574, 0.9591, 0.9585, 0.9587, 0.9561, 0.9535, 0.9465]","[33123, 37311, 81584, 120601, 60416, 114261, 112617, 111450, 102553, 85908, 82800, 60566, 54133, 119017, 105951, 104478, 124799, 124957, 116891, 86498, 87786, 30651, 3361, 1220, 1403, 764, 228, 168, 46, 27, 7, 2]","[-11.7546, -11.7533, -11.7709, -11.8169, -11.7599, -11.8412, -11.8366, -11.8381, -11.8225, -11.7965, -11.7951, -11.7595, -11.7493, -11.9074, -11.8721, -11.8766, -12.0278, -12.0756, -12.0231, -11.8828, -11.8942, -11.5785, -11.1248, -10.8869, -10.8098, -10.6124, -10.0512, -9.8981, -9.1589, -8.6078, -7.3138, -4.5723]",15,0
SP_069_W6,algorithmic,W6,meta-llama/Llama-3.1-8B-Instruct,30,32,"[0.9828, 0.9807, 0.9849, 0.9831, 0.9838, 0.984, 0.9811, 0.9774, 0.9753, 0.976, 0.97, 0.9715, 0.9726, 0.9692, 0.9684, 0.9625, 0.9597, 0.9598, 0.9627, 0.9651, 0.9608, 0.9621, 0.9614, 0.9625, 0.9645, 0.9652, 0.9644, 0.9629, 0.9615, 0.9576, 0.9542, 0.9485]","[32711, 36584, 92236, 122448, 65653, 116329, 112869, 110050, 101103, 94430, 79726, 68112, 62014, 119306, 108160, 112599, 125427, 125785, 120705, 91823, 93195, 36688, 4777, 2022, 2552, 1345, 277, 156, 27, 19, 5, 2]","[-11.7545, -11.7531, -11.7765, -11.8222, -11.7646, -11.8479, -11.8378, -11.8348, -11.8195, -11.8105, -11.79, -11.7707, -11.7623, -11.9093, -11.8776, -11.9104, -12.0419, -12.0899, -12.0567, -11.9048, -11.9174, -11.628, -11.2056, -11.0127, -10.9643, -10.7873, -10.1887, -9.9689, -9.0551, -8.6019, -7.3848, -4.7121]",15,0
SP_070_W6,algorithmic,W6,meta-llama/Llama-3.1-8B-Instruct,30,32,"[0.9854, 0.9836, 0.9868, 0.9852, 0.985, 0.985, 0.983, 0.9795, 0.972, 0.9668, 0.959, 0.9582, 0.9571, 0.9523, 0.9513, 0.9402, 0.9396, 0.9322, 0.9326, 0.9309, 0.919, 0.9144, 0.9114, 0.9157, 0.9201, 0.9185, 0.9234, 0.9229, 0.9241, 0.9246, 0.9262, 0.9336]","[33201, 36396, 96123, 122702, 67147, 116973, 111998, 105663, 100106, 99096, 85273, 54102, 44335, 113181, 100122, 104078, 122729, 123996, 115879, 77052, 85816, 27981, 513, 297, 321, 155, 43, 18, 6, 6, 2, 2]","[-11.7547, -11.753, -11.7789, -11.8226, -11.766, -11.8491, -11.8351, -11.8251, -11.8173, -11.8189, -11.7994, -11.7504, -11.7324, -11.8776, -11.8507, -11.8704, -11.9913, -12.0456, -11.9995, -11.8323, -11.8745, -11.5695, -10.8987, -10.7075, -10.6075, -10.3745, -9.7075, -9.2906, -8.4103, -7.8658, -6.4898, -4.1435]",15,0
SP_071_W6,algorithmic,W6,meta-llama/Llama-3.1-8B-Instruct,31,32,"[0.9825, 0.9802, 0.984, 0.9815, 0.9823, 0.982, 0.9796, 0.9774, 0.973, 0.9701, 0.9615, 0.9611, 0.9619, 0.9553, 0.959, 0.9564, 0.9562, 0.9564, 0.9609, 0.9639, 0.9571, 0.9598, 0.9599, 0.9611, 0.9644, 0.9649, 0.9653, 0.9637, 0.964, 0.9611, 0.9583, 0.9504]","[31348, 35548, 91363, 122068, 64989, 114847, 111958, 109468, 103339, 90444, 78309, 58459, 47727, 114912, 100403, 101936, 125283, 126324, 120027, 97128, 95849, 40597, 10006, 4140, 4261, 2519, 867, 765, 129, 62, 16, 3]","[-11.7541, -11.7527, -11.776, -11.821, -11.7641, -11.8423, -11.8349, -11.8339, -11.8234, -11.8037, -11.7874, -11.7564, -11.7384, -11.8851, -11.8538, -11.8677, -12.0357, -12.1088, -12.0589, -11.936, -11.9373, -11.6485, -11.3108, -11.1053, -11.0301, -10.875, -10.4528, -10.3287, -9.5772, -9.0862, -7.9903, -5.0875]",15,0
SP_072_W6,algorithmic,W6,meta-llama/Llama-3.1-8B-Instruct,30,32,"[0.9855, 0.9837, 0.9865, 0.9848, 0.985, 0.9851, 0.9831, 0.9793, 0.9736, 0.9721, 0.9669, 0.966, 0.9639, 0.9593, 0.9565, 0.9459, 0.9414, 0.9315, 0.93, 0.9285, 0.9175, 0.909, 0.9107, 0.9144, 0.9205, 0.9203, 0.9247, 0.9246, 0.9277, 0.9284, 0.9289, 0.9345]","[33350, 34760, 95107, 122659, 64485, 116150, 111601, 104729, 98197, 96697, 81556, 58406, 50283, 114346, 103965, 106408, 124666, 124650, 119144, 86626, 93695, 36257, 2458, 1004, 1121, 494, 91, 52, 15, 11, 3, 2]","[-11.7547, -11.7525, -11.7783, -11.8224, -11.7636, -11.8462, -11.8338, -11.8234, -11.8138, -11.815, -11.7932, -11.7562, -11.7425, -11.8818, -11.862, -11.8821, -12.0237, -12.0607, -12.0295, -11.877, -11.9155, -11.629, -11.1095, -10.9026, -10.8245, -10.5955, -9.9516, -9.64, -8.7826, -8.2891, -7.0205, -4.3842]",15,0
SP_073_W6,algorithmic,W6,meta-llama/Llama-3.1-8B-Instruct,31,32,"[0.9843, 0.9825, 0.9863, 0.9839, 0.9844, 0.9844, 0.9834, 0.9795, 0.9781, 0.9781, 0.9724, 0.973, 0.9727, 0.9668, 0.9661, 0.9603, 0.9563, 0.9544, 0.9564, 0.9594, 0.9517, 0.9565, 0.9578, 0.9592, 0.9619, 0.9617, 0.9616, 0.9602, 0.9617, 0.9577, 0.9562, 0.948]","[32291, 35744, 98633, 122888, 64404, 116493, 112559, 109711, 98318, 97966, 79923, 67146, 49066, 114948, 99542, 108854, 124659, 124701, 118188, 88332, 86092, 31237, 4873, 1943, 2230, 1259, 322, 216, 50, 27, 9, 2]","[-11.7544, -11.7528, -11.7805, -11.8237, -11.7635, -11.8491, -11.8373, -11.8346, -11.8143, -11.8172, -11.7906, -11.7693, -11.7406, -11.8872, -11.852, -11.8937, -12.0245, -12.071, -12.0356, -11.8916, -11.8882, -11.5801, -11.1762, -10.9519, -10.884, -10.7043, -10.1176, -9.9462, -9.1668, -8.5551, -7.3399, -4.615]",15,0
WIS_006_W6,algorithmic,W6,meta-llama/Llama-3.1-8B-Instruct,-1,32,"[1.0, 1.0, 1.0, 1.0, 1.0, 1.0, 1.0, 1.0, 1.0, 1.0, 1.0, 1.0, 1.0, 1.0, 1.0, 1.0, 1.0, 1.0, 1.0, 1.0, 1.0, 1.0, 1.0, 1.0, 1.0, 1.0, 1.0, 1.0, 1.0, 1.0, 1.0, 1.0]","[35426, 24337, 91891, 122744, 80637, 119726, 116959, 112508, 106092, 95784, 84544, 87298, 61058, 113512, 107962, 101292, 109529, 122448, 115909, 65397, 83690, 37639, 7482, 4028, 3647, 2171, 1826, 262, 216, 239, 43, 11]","[-11.7554, -11.7485, -11.7764, -11.8217, -11.7789, -11.8609, -11.851, -11.8401, -11.8287, -11.8136, -11.7975, -11.8007, -11.7607, -11.879, -11.872, -11.861, -11.9041, -12.0266, -12.0105, -11.7819, -11.862, -11.6314, -11.257, -11.0773, -10.9794, -10.8176, -10.6424, -10.1413, -9.7719, -9.7155, -8.5446, -6.6919]",15,0
WIS_007_W6,algorithmic,W6,meta-llama/Llama-3.1-8B-Instruct,-1,32,"[1.0, 1.0, 1.0, 1.0, 1.0, 1.0, 1.0, 1.0, 1.0, 1.0, 1.0, 1.0, 1.0, 1.0, 1.0, 1.0, 1.0, 1.0, 1.0, 1.0, 1.0, 1.0, 1.0, 1.0, 1.0, 1.0, 1.0, 1.0, 1.0, 1.0, 1.0, 1.0]","[35655, 22905, 88722, 122147, 79061, 119975, 117040, 109999, 106037, 100243, 95060, 80605, 52718, 112203, 109965, 99326, 102153, 118949, 112725, 65754, 85460, 44803, 12977, 8433, 6073, 3768, 3176, 356, 242, 339, 60, 21]","[-11.7555, -11.7479, -11.7747, -11.8195, -11.7773, -11.8609, -11.8507, -11.8334, -11.8289, -11.8215, -11.8165, -11.7897, -11.747, -11.8738, -11.8782, -11.8538, -11.875, -11.9871, -11.9847, -11.783, -11.8712, -11.6784, -11.3683, -11.2393, -11.105, -10.9599, -10.818, -10.2398, -9.8527, -9.8919, -8.7358, -6.9456]",15,0
WIS_009_W6,algorithmic,W6,meta-llama/Llama-3.1-8B-Instruct,-1,32,"[1.0, 1.0, 1.0, 1.0, 1.0, 1.0, 1.0, 1.0, 1.0, 1.0, 1.0, 1.0, 1.0, 1.0, 1.0, 1.0, 1.0, 1.0, 1.0, 1.0, 1.0, 1.0, 1.0, 1.0, 1.0, 1.0, 1.0, 1.0, 1.0, 1.0, 1.0, 1.0]","[35347, 26661, 85206, 122395, 80255, 118275, 116834, 114892, 108305, 88887, 85957, 79468, 52376, 115988, 108092, 95982, 106216, 120519, 115311, 72219, 87604, 41754, 10485, 6007, 4870, 3088, 2785, 420, 244, 298, 60, 14]","[-11.7554, -11.7495, -11.7728, -11.8202, -11.7785, -11.8545, -11.8495, -11.847, -11.8333, -11.8013, -11.7996, -11.7879, -11.7465, -11.8897, -11.8724, -11.8456, -11.8912, -12.0046, -12.0033, -11.8094, -11.8794, -11.6588, -11.3246, -11.1688, -11.0568, -10.9085, -10.7668, -10.266, -9.8387, -9.8431, -8.7623, -6.9667]",15,0
WIS_010_W6,algorithmic,W6,meta-llama/Llama-3.1-8B-Instruct,-1,32,"[1.0, 1.0, 1.0, 1.0, 1.0, 1.0, 1.0, 1.0, 1.0, 1.0, 1.0, 1.0, 1.0, 1.0, 1.0, 1.0, 1.0, 1.0, 1.0, 1.0, 1.0, 1.0, 1.0, 1.0, 1.0, 1.0, 1.0, 1.0, 1.0, 1.0, 1.0, 1.0]","[35325, 24694, 87680, 121818, 76222, 119128, 117564, 115730, 108169, 94490, 83749, 85782, 57284, 116867, 110524, 108253, 110509, 120451, 116014, 75150, 86834, 41895, 12707, 8314, 6243, 3630, 3259, 432, 268, 338, 70, 27]","[-11.7554, -11.7486, -11.7741, -11.819, -11.7745, -11.8583, -11.8526, -11.8506, -11.8334, -11.8108, -11.7961, -11.7979, -11.7546, -11.8936, -11.8817, -11.8857, -11.9087, -12.0041, -12.011, -11.8216, -11.8763, -11.6603, -11.366, -11.2375, -11.1139, -10.9568, -10.8174, -10.2807, -9.8948, -9.8959, -8.7838, -7.2277]",15,0
WIS_012_W6,algorithmic,W6,meta-llama/Llama-3.1-8B-Instruct,-1,32,"[1.0, 1.0, 1.0, 1.0, 1.0, 1.0, 1.0, 1.0, 1.0, 1.0, 1.0, 1.0, 1.0, 1.0, 1.0, 1.0, 1.0, 1.0, 1.0, 1.0, 1.0, 1.0, 1.0, 1.0, 1.0, 1.0, 1.0, 1.0, 1.0, 1.0, 1.0, 1.0]","[34780, 26806, 85442, 122630, 80047, 118119, 116581, 115389, 109427, 91828, 88629, 77427, 52029, 116269, 112249, 102021, 109718, 121185, 116883, 73501, 88051, 43013, 10955, 6329, 5478, 3259, 2939, 433, 313, 370, 68, 15]","[-11.7552, -11.7495, -11.7729, -11.8209, -11.7782, -11.8538, -11.8488, -11.849, -11.8367, -11.8061, -11.8041, -11.7847, -11.7459, -11.8904, -11.8887, -11.8655, -11.9063, -12.0106, -12.016, -11.8147, -11.8806, -11.6683, -11.3365, -11.1841, -11.0857, -10.935, -10.794, -10.3069, -9.9619, -9.9411, -8.8316, -6.9608]",15,0
WIS_013_W6,algorithmic,W6,meta-llama/Llama-3.1-8B-Instruct,-1,32,"[1.0, 1.0, 1.0, 1.0, 1.0, 1.0, 1.0, 1.0, 1.0, 1.0, 1.0, 1.0, 1.0, 1.0, 1.0, 1.0, 1.0, 1.0, 1.0, 1.0, 1.0, 1.0, 1.0, 1.0, 1.0, 1.0, 1.0, 1.0, 1.0, 1.0, 1.0, 1.0]","[35754, 22771, 88756, 121866, 77626, 119931, 117220, 109659, 106038, 96174, 90105, 76010, 52910, 110559, 105026, 93457, 97158, 118680, 112858, 58833, 78689, 35286, 8732, 4862, 3718, 2339, 1871, 280, 225, 265, 58, 12]","[-11.7555, -11.7478, -11.7747, -11.8186, -11.776, -11.8607, -11.8513, -11.8327, -11.8285, -11.8137, -11.8068, -11.7825, -11.7474, -11.8676, -11.8614, -11.8372, -11.8584, -11.9877, -11.988, -11.7536, -11.842, -11.6132, -11.2814, -11.1126, -10.9785, -10.8185, -10.6376, -10.1051, -9.7593, -9.748, -8.7059, -6.8436]",15,0
WIS_014_W6,algorithmic,W6,meta-llama/Llama-3.1-8B-Instruct,-1,32,"[1.0, 1.0, 1.0, 1.0, 1.0, 1.0, 1.0, 1.0, 1.0, 1.0, 1.0, 1.0, 1.0, 1.0, 1.0, 1.0, 1.0, 1.0, 1.0, 1.0, 1.0, 1.0, 1.0, 1.0, 1.0, 1.0, 1.0, 1.0, 1.0, 1.0, 1.0, 1.0]","[36030, 22462, 88375, 122309, 78481, 119870, 117292, 110030, 104951, 96049, 89436, 77938, 53373, 111208, 104648, 95264, 98682, 118768, 113120, 61315, 80176, 37458, 9042, 4975, 3859, 2408, 2101, 296, 249, 289, 61, 14]","[-11.7556, -11.7477, -11.7745, -11.82, -11.7768, -11.8605, -11.8517, -11.8337, -11.8263, -11.8136, -11.8058, -11.7855, -11.7481, -11.8699, -11.8603, -11.8423, -11.8639, -11.9883, -11.9902, -11.7641, -11.849, -11.6281, -11.2874, -11.1162, -10.9895, -10.8322, -10.6701, -10.141, -9.8025, -9.7849, -8.7047, -6.811]",15,0
WIS_015_W6,algorithmic,W6,meta-llama/Llama-3.1-8B-Instruct,-1,32,"[1.0, 1.0, 1.0, 1.0, 1.0, 1.0, 1.0, 1.0, 1.0, 1.0, 1.0, 1.0, 1.0, 1.0, 1.0, 1.0, 1.0, 1.0, 1.0, 1.0, 1.0, 1.0, 1.0, 1.0, 1.0, 1.0, 1.0, 1.0, 1.0, 1.0, 1.0, 1.0]","[35724, 22674, 88480, 122331, 77597, 119788, 117101, 109461, 105760, 96607, 93346, 76912, 51902, 111389, 104381, 95944, 99616, 119451, 113720, 63928, 83643, 39361, 9958, 5666, 4703, 3052, 2423, 310, 243, 306, 61, 14]","[-11.7555, -11.7477, -11.7745, -11.82, -11.7759, -11.8602, -11.8507, -11.8322, -11.8281, -11.8144, -11.8128, -11.7839, -11.7458, -11.8705, -11.8594, -11.8444, -11.8665, -11.9926, -11.9924, -11.7753, -11.8643, -11.6416, -11.3073, -11.1452, -11.0364, -10.8969, -10.7255, -10.1731, -9.8107, -9.8247, -8.7397, -6.8579]",15,0
WIS_016_W6,algorithmic,W6,meta-llama/Llama-3.1-8B-Instruct,-1,32,"[1.0, 1.0, 1.0, 1.0, 1.0, 1.0, 1.0, 1.0, 1.0, 1.0, 1.0, 1.0, 1.0, 1.0, 1.0, 1.0, 1.0, 1.0, 1.0, 1.0, 1.0, 1.0, 1.0, 1.0, 1.0, 1.0, 1.0, 1.0, 1.0, 1.0, 1.0, 1.0]","[35964, 23170, 88998, 122003, 77459, 119700, 117376, 109797, 104583, 95710, 90652, 79621, 54409, 111262, 105454, 93201, 102447, 120346, 115690, 62716, 80048, 35556, 8347, 4520, 3711, 2304, 1814, 278, 226, 266, 61, 13]","[-11.7555, -11.748, -11.7748, -11.8191, -11.7758, -11.86, -11.8517, -11.8333, -11.8257, -11.8128, -11.8077, -11.788, -11.7498, -11.8702, -11.8634, -11.837, -11.8764, -12.0041, -12.0096, -11.77, -11.8481, -11.6149, -11.2724, -11.0944, -10.9749, -10.8133, -10.6239, -10.1038, -9.7535, -9.7275, -8.6953, -6.9396]",15,0
WIS_017_W6,algorithmic,W6,meta-llama/Llama-3.1-8B-Instruct,-1,32,"[1.0, 1.0, 1.0, 1.0, 1.0, 1.0, 1.0, 1.0, 1.0, 1.0, 1.0, 1.0, 1.0, 1.0, 1.0, 1.0, 1.0, 1.0, 1.0, 1.0, 1.0, 1.0, 1.0, 1.0, 1.0, 1.0, 1.0, 1.0, 1.0, 1.0, 1.0, 1.0]","[35800, 23292, 89081, 122186, 77493, 119626, 117129, 108886, 102503, 92966, 85900, 74666, 49849, 110428, 106404, 93664, 105110, 121057, 114845, 62900, 79313, 34796, 7330, 4450, 4021, 2478, 2017, 315, 271, 326, 61, 14]","[-11.7555, -11.748, -11.7748, -11.8196, -11.7758, -11.8593, -11.8508, -11.831, -11.8214, -11.8085, -11.7997, -11.7806, -11.7422, -11.8677, -11.8666, -11.8383, -11.8858, -12.0108, -12.0044, -11.7711, -11.8447, -11.6093, -11.2435, -11.0873, -10.9908, -10.8389, -10.6564, -10.1469, -9.8358, -9.8497, -8.7835, -6.8462]",15,0
WIS_018_W6,algorithmic,W6,meta-llama/Llama-3.1-8B-Instruct,-1,32,"[1.0, 1.0, 1.0, 1.0, 1.0, 1.0, 1.0, 1.0, 1.0, 1.0, 1.0, 1.0, 1.0, 1.0, 1.0, 1.0, 1.0, 1.0, 1.0, 1.0, 1.0, 1.0, 1.0, 1.0, 1.0, 1.0, 1.0, 1.0, 1.0, 1.0, 1.0, 1.0]","[35844, 22918, 88020, 122362, 78046, 119679, 116706, 109202, 103196, 94941, 88113, 75603, 49354, 110318, 106621, 94312, 105750, 120610, 114303, 62211, 78661, 34878, 7624, 4656, 4234, 2610, 2178, 326, 286, 355, 68, 14]","[-11.7555, -11.7479, -11.7743, -11.8201, -11.7764, -11.8596, -11.8495, -11.8316, -11.8226, -11.8119, -11.8036, -11.782, -11.7413, -11.8671, -11.8675, -11.8403, -11.8883, -12.0061, -11.9998, -11.7682, -11.8423, -11.6098, -11.2506, -11.0967, -11.0041, -10.8477, -10.6759, -10.1534, -9.8538, -9.8721, -8.821, -6.8658]",15,0
WIS_019_W6,algorithmic,W6,meta-llama/Llama-3.1-8B-Instruct,-1,32,"[1.0, 1.0, 1.0, 1.0, 1.0, 1.0, 1.0, 1.0, 1.0, 1.0, 1.0, 1.0, 1.0, 1.0, 1.0, 1.0, 1.0, 1.0, 1.0, 1.0, 1.0, 1.0, 1.0, 1.0, 1.0, 1.0, 1.0, 1.0, 1.0, 1.0, 1.0, 1.0]","[35828, 23211, 88933, 122517, 78165, 119762, 117222, 109123, 102773, 94536, 87810, 74738, 49397, 108985, 105549, 94772, 104387, 120604, 113910, 62642, 79268, 35601, 7698, 4787, 4325, 2705, 2284, 359, 327, 404, 80, 15]","[-11.7555, -11.748, -11.7748, -11.8206, -11.7764, -11.86, -11.8513, -11.8314, -11.8218, -11.8112, -11.8029, -11.7807, -11.7414, -11.863, -11.8636, -11.8414, -11.8834, -12.0062, -11.9981, -11.7702, -11.8454, -11.6149, -11.2509, -11.1005, -11.0053, -10.8544, -10.6869, -10.171, -9.8857, -9.9077, -8.8508, -6.8839]",15,0
WIS_020_W6,algorithmic,W6,meta-llama/Llama-3.1-8B-Instruct,-1,32,"[1.0, 1.0, 1.0, 1.0, 1.0, 1.0, 1.0, 1.0, 1.0, 1.0, 1.0, 1.0, 1.0, 1.0, 1.0, 1.0, 1.0, 1.0, 1.0, 1.0, 1.0, 1.0, 1.0, 1.0, 1.0, 1.0, 1.0, 1.0, 1.0, 1.0, 1.0, 1.0]","[35778, 23193, 88300, 122299, 77460, 119638, 116725, 108726, 101261, 93516, 87278, 75163, 49925, 110308, 106568, 94328, 104807, 121078, 114528, 61044, 77105, 33068, 6693, 3974, 3758, 2372, 1886, 306, 265, 327, 61, 14]","[-11.7555, -11.748, -11.7744, -11.8199, -11.7757, -11.8594, -11.8496, -11.8305, -11.8191, -11.8093, -11.8021, -11.7813, -11.7423, -11.867, -11.8671, -11.8403, -11.8849, -12.011, -12.0024, -11.7632, -11.8348, -11.597, -11.2241, -11.0617, -10.9738, -10.8217, -10.6317, -10.1263, -9.8308, -9.8452, -8.7793, -6.8117]",15,0
WIS_021_W6,algorithmic,W6,meta-llama/Llama-3.1-8B-Instruct,-1,32,"[1.0, 1.0, 1.0, 1.0, 1.0, 1.0, 1.0, 1.0, 1.0, 1.0, 1.0, 1.0, 1.0, 1.0, 1.0, 1.0, 1.0, 1.0, 1.0, 1.0, 1.0, 1.0, 1.0, 1.0, 1.0, 1.0, 1.0, 1.0, 1.0, 1.0, 1.0, 1.0]","[34764, 27573, 88291, 121441, 84563, 120279, 119801, 118675, 113504, 97293, 91453, 91540, 64106, 117468, 108578, 99024, 106620, 119581, 116236, 73414, 87433, 45646, 14388, 8757, 7370, 4937, 4855, 718, 392, 604, 87, 40]","[-11.7552, -11.7498, -11.7746, -11.8179, -11.7828, -11.8622, -11.8623, -11.8606, -11.8482, -11.8159, -11.8084, -11.8076, -11.7656, -11.8967, -11.8748, -11.8544, -11.8938, -11.9963, -12.0125, -11.8148, -11.8787, -11.6841, -11.3878, -11.2444, -11.1472, -11.0124, -10.9227, -10.4293, -10.0131, -10.0711, -8.9259, -7.449]",15,0
WIS_022_W6,algorithmic,W6,meta-llama/Llama-3.1-8B-Instruct,-1,32,"[1.0, 1.0, 1.0, 1.0, 1.0, 1.0, 1.0, 1.0, 1.0, 1.0, 1.0, 1.0, 1.0, 1.0, 1.0, 1.0, 1.0, 1.0, 1.0, 1.0, 1.0, 1.0, 1.0, 1.0, 1.0, 1.0, 1.0, 1.0, 1.0, 1.0, 1.0, 1.0]","[35720, 27230, 85983, 122625, 79967, 118140, 116446, 115158, 109855, 91946, 85961, 76335, 50259, 116705, 107080, 97191, 108456, 120359, 115447, 74058, 86277, 38581, 10258, 5411, 4508, 2690, 2685, 388, 191, 260, 65, 14]","[-11.7554, -11.7497, -11.7732, -11.821, -11.7782, -11.854, -11.8482, -11.8477, -11.8375, -11.8063, -11.7993, -11.7831, -11.7429, -11.8926, -11.8694, -11.8495, -11.9014, -12.0035, -12.0076, -11.8173, -11.8743, -11.6385, -11.3184, -11.146, -11.0344, -10.8684, -10.7588, -10.2414, -9.7543, -9.761, -8.7463, -6.9101]",15,0
WIS_023_W6,algorithmic,W6,meta-llama/Llama-3.1-8B-Instruct,-1,32,"[1.0, 1.0, 1.0, 1.0, 1.0, 1.0, 1.0, 1.0, 1.0, 1.0, 1.0, 1.0, 1.0, 1.0, 1.0, 1.0, 1.0, 1.0, 1.0, 1.0, 1.0, 1.0, 1.0, 1.0, 1.0, 1.0, 1.0, 1.0, 1.0, 1.0, 1.0, 1.0]","[34984, 23986, 92480, 122121, 74477, 119849, 116378, 108610, 102496, 95220, 84702, 78246, 47644, 115083, 113057, 98538, 98875, 118887, 115035, 66356, 81470, 36898, 8034, 4387, 3665, 2183, 1633, 224, 191, 233, 50, 11]","[-11.7553, -11.7484, -11.7767, -11.8195, -11.7729, -11.8591, -11.8475, -11.8295, -11.8219, -11.8116, -11.7979, -11.7859, -11.7387, -11.8852, -11.8904, -11.8522, -11.8647, -11.9899, -12.0025, -11.7858, -11.8522, -11.6289, -11.2729, -11.0998, -10.9891, -10.8256, -10.6277, -10.0694, -9.7406, -9.7196, -8.6259, -6.7384]",15,0
WIS_024_W6,algorithmic,W6,meta-llama/Llama-3.1-8B-Instruct,-1,32,"[1.0, 1.0, 1.0, 1.0, 1.0, 1.0, 1.0, 1.0, 1.0, 1.0, 1.0, 1.0, 1.0, 1.0, 1.0, 1.0, 1.0, 1.0, 1.0, 1.0, 1.0, 1.0, 1.0, 1.0, 1.0, 1.0, 1.0, 1.0, 1.0, 1.0, 1.0, 1.0]","[35424, 22580, 88927, 122181, 78080, 119643, 117227, 109488, 105021, 96161, 90483, 79135, 53147, 112016, 106238, 94565, 101327, 119777, 114223, 63383, 82380, 37920, 8737, 4785, 4089, 2507, 1988, 271, 229, 288, 60, 13]","[-11.7554, -11.7477, -11.7748, -11.8196, -11.7764, -11.8594, -11.8511, -11.8323, -11.8264, -11.8138, -11.8078, -11.7875, -11.7478, -11.8733, -11.8661, -11.8409, -11.8725, -11.996, -11.9964, -11.7731, -11.8582, -11.6321, -11.2838, -11.1138, -11.0071, -10.8539, -10.6684, -10.1328, -9.8048, -9.8145, -8.73, -6.8294]",15,0
WIS_025_W6,algorithmic,W6,meta-llama/Llama-3.1-8B-Instruct,-1,32,"[1.0, 1.0, 1.0, 1.0, 1.0, 1.0, 1.0, 1.0, 1.0, 1.0, 1.0, 1.0, 1.0, 1.0, 1.0, 1.0, 1.0, 1.0, 1.0, 1.0, 1.0, 1.0, 1.0, 1.0, 1.0, 1.0, 1.0, 1.0, 1.0, 1.0, 1.0, 1.0]","[34959, 23960, 93169, 121965, 74486, 120108, 117078, 109336, 104203, 96586, 84449, 75069, 46252, 115296, 110512, 101232, 101708, 120204, 116066, 70231, 86751, 41271, 9541, 6004, 4900, 2935, 2184, 266, 235, 291, 59, 15]","[-11.7553, -11.7484, -11.7772, -11.819, -11.7729, -11.8604, -11.8499, -11.8311, -11.8251, -11.8141, -11.7973, -11.7811, -11.7364, -11.8853, -11.8791, -11.8599, -11.8739, -12.0009, -12.0123, -11.8016, -11.8758, -11.6571, -11.305, -11.1676, -11.0552, -10.9043, -10.7128, -10.1545, -9.8379, -9.8373, -8.7282, -6.8079]",15,0
WIS_026_W6,algorithmic,W6,meta-llama/Llama-3.1-8B-Instruct,-1,32,"[1.0, 1.0, 1.0, 1.0, 1.0, 1.0, 1.0, 1.0, 1.0, 1.0, 1.0, 1.0, 1.0, 1.0, 1.0, 1.0, 1.0, 1.0, 1.0, 1.0, 1.0, 1.0, 1.0, 1.0, 1.0, 1.0, 1.0, 1.0, 1.0, 1.0, 1.0, 1.0]","[36023, 23138, 89450, 122258, 77819, 119453, 116789, 109671, 104844, 96111, 90119, 77615, 52251, 110046, 103943, 92345, 101203, 119862, 113388, 60522, 81813, 37554, 9157, 4987, 4110, 2502, 2189, 314, 236, 269, 52, 11]","[-11.7556, -11.748, -11.775, -11.8198, -11.7761, -11.8589, -11.8498, -11.8327, -11.8261, -11.8136, -11.807, -11.785, -11.7463, -11.8663, -11.8583, -11.8345, -11.8719, -11.9972, -11.9907, -11.7609, -11.8558, -11.6289, -11.2899, -11.1179, -11.0042, -10.8391, -10.6778, -10.1461, -9.7747, -9.7519, -8.6702, -6.7752]",15,0
WIS_027_W6,algorithmic,W6,meta-llama/Llama-3.1-8B-Instruct,-1,32,"[1.0, 1.0, 1.0, 1.0, 1.0, 1.0, 1.0, 1.0, 1.0, 1.0, 1.0, 1.0, 1.0, 1.0, 1.0, 1.0, 1.0, 1.0, 1.0, 1.0, 1.0, 1.0, 1.0, 1.0, 1.0, 1.0, 1.0, 1.0, 1.0, 1.0, 1.0, 1.0]","[35823, 23232, 89602, 122716, 78769, 119692, 116798, 109431, 102132, 92812, 86913, 75826, 49638, 110487, 105677, 95135, 106607, 120673, 114413, 63196, 79173, 34907, 7743, 4589, 4171, 2556, 2078, 316, 286, 344, 70, 14]","[-11.7555, -11.748, -11.7751, -11.8212, -11.777, -11.8596, -11.8499, -11.8322, -11.8206, -11.8081, -11.8013, -11.7822, -11.7419, -11.8676, -11.8638, -11.8426, -11.8922, -12.0075, -12.0017, -11.7722, -11.8448, -11.6097, -11.252, -11.0929, -10.9987, -10.8406, -10.664, -10.1389, -9.8344, -9.8496, -8.822, -6.8449]",15,0
WIS_028_W6,algorithmic,W6,meta-llama/Llama-3.1-8B-Instruct,-1,32,"[1.0, 1.0, 1.0, 1.0, 1.0, 1.0, 1.0, 1.0, 1.0, 1.0, 1.0, 1.0, 1.0, 1.0, 1.0, 1.0, 1.0, 1.0, 1.0, 1.0, 1.0, 1.0, 1.0, 1.0, 1.0, 1.0, 1.0, 1.0, 1.0, 1.0, 1.0, 1.0]","[35169, 24375, 93696, 121987, 73756, 119998, 117146, 109520, 103952, 96577, 84841, 77294, 46481, 114377, 112455, 100476, 102145, 119757, 115546, 68605, 83181, 37920, 8367, 4530, 3634, 2220, 1590, 227, 183, 223, 47, 11]","[-11.7554, -11.7486, -11.7775, -11.819, -11.7722, -11.86, -11.8501, -11.8316, -11.8246, -11.8142, -11.7981, -11.7844, -11.7367, -11.8821, -11.8879, -11.8585, -11.8761, -11.9982, -12.0077, -11.795, -11.8599, -11.6351, -11.2788, -11.1046, -10.9866, -10.8258, -10.6184, -10.0643, -9.7207, -9.6887, -8.5803, -6.7091]",15,0
WIS_029_W6,algorithmic,W6,meta-llama/Llama-3.1-8B-Instruct,-1,32,"[1.0, 1.0, 1.0, 1.0, 1.0, 1.0, 1.0, 1.0, 1.0, 1.0, 1.0, 1.0, 1.0, 1.0, 1.0, 1.0, 1.0, 1.0, 1.0, 1.0, 1.0, 1.0, 1.0, 1.0, 1.0, 1.0, 1.0, 1.0, 1.0, 1.0, 1.0, 1.0]","[35547, 23329, 88886, 122107, 77278, 119761, 117167, 110019, 105068, 96717, 88176, 77033, 50921, 111628, 104343, 92492, 100321, 119068, 112616, 60542, 81139, 39883, 9964, 5973, 4930, 3024, 2346, 323, 249, 328, 58, 14]","[-11.7554, -11.748, -11.7747, -11.8194, -11.7756, -11.86, -11.8511, -11.8333, -11.8264, -11.8147, -11.8035, -11.7841, -11.744, -11.8714, -11.8595, -11.8351, -11.8689, -11.9894, -11.9851, -11.7611, -11.8523, -11.6454, -11.3084, -11.1579, -11.0471, -10.8948, -10.7114, -10.1872, -9.8435, -9.8648, -8.7313, -6.8471]",15,0
WIS_030_W6,algorithmic,W6,meta-llama/Llama-3.1-8B-Instruct,-1,32,"[1.0, 1.0, 1.0, 1.0, 1.0, 1.0, 1.0, 1.0, 1.0, 1.0, 1.0, 1.0, 1.0, 1.0, 1.0, 1.0, 1.0, 1.0, 1.0, 1.0, 1.0, 1.0, 1.0, 1.0, 1.0, 1.0, 1.0, 1.0, 1.0, 1.0, 1.0, 1.0]","[34726, 26889, 85096, 122373, 80251, 118376, 116442, 114761, 108545, 90058, 86068, 72526, 51262, 114840, 107081, 93340, 108329, 120696, 115569, 71503, 84345, 35765, 8325, 4308, 3903, 2263, 2163, 342, 249, 292, 64, 13]","[-11.7552, -11.7496, -11.7727, -11.8202, -11.7785, -11.8548, -11.8483, -11.8469, -11.8344, -11.803, -11.7996, -11.7773, -11.7446, -11.8848, -11.8705, -11.8394, -11.9008, -12.0078, -12.0099, -11.8072, -11.8676, -11.6179, -11.2695, -11.0833, -10.9855, -10.8102, -10.6693, -10.169, -9.8133, -9.8036, -8.7582, -6.8534]",15,0
WIS_031_W6,algorithmic,W6,meta-llama/Llama-3.1-8B-Instruct,-1,32,"[1.0, 1.0, 1.0, 1.0, 1.0, 1.0, 1.0, 1.0, 1.0, 1.0, 1.0, 1.0, 1.0, 1.0, 1.0, 1.0, 1.0, 1.0, 1.0, 1.0, 1.0, 1.0, 1.0, 1.0, 1.0, 1.0, 1.0, 1.0, 1.0, 1.0, 1.0, 1.0]","[35196, 26656, 85804, 122384, 80676, 118436, 117308, 116003, 110177, 94562, 87003, 78562, 56711, 117752, 110163, 97415, 103221, 120479, 115972, 72762, 88206, 39212, 9816, 5189, 4322, 2492, 2572, 356, 210, 256, 48, 11]","[-11.7553, -11.7495, -11.7731, -11.8201, -11.7789, -11.855, -11.851, -11.8509, -11.8384, -11.8106, -11.8008, -11.7864, -11.7538, -11.899, -11.8799, -11.8499, -11.8794, -12.002, -12.0077, -11.8107, -11.88, -11.6462, -11.3162, -11.1461, -11.031, -10.8745, -10.769, -10.2687, -9.8506, -9.8269, -8.6642, -6.6734]",15,0
WIS_032_W6,algorithmic,W6,meta-llama/Llama-3.1-8B-Instruct,-1,32,"[1.0, 1.0, 1.0, 1.0, 1.0, 1.0, 1.0, 1.0, 1.0, 1.0, 1.0, 1.0, 1.0, 1.0, 1.0, 1.0, 1.0, 1.0, 1.0, 1.0, 1.0, 1.0, 1.0, 1.0, 1.0, 1.0, 1.0, 1.0, 1.0, 1.0, 1.0, 1.0]","[34567, 26522, 85195, 122259, 80009, 118461, 116973, 115424, 109751, 92030, 86863, 78700, 51286, 114687, 110015, 100428, 109239, 119854, 116283, 71151, 91004, 48025, 13937, 9345, 7513, 4611, 4909, 768, 531, 727, 105, 50]","[-11.7552, -11.7494, -11.7728, -11.8198, -11.7782, -11.8552, -11.85, -11.8486, -11.837, -11.8065, -11.8008, -11.7867, -11.7448, -11.8843, -11.8793, -11.8589, -11.9034, -11.9967, -12.0124, -11.8052, -11.8949, -11.6973, -11.3801, -11.2544, -11.1475, -11.0074, -10.9264, -10.4466, -10.1265, -10.1597, -9.0356, -7.5124]",15,0
BW_001_W6,planning_suite,W6,meta-llama/Llama-3.1-8B-Instruct,30,32,"[0.9954, 0.9837, 0.9871, 0.9842, 0.9862, 0.9865, 0.9876, 0.9872, 0.9874, 0.989, 0.9888, 0.987, 0.9891, 0.9878, 0.9899, 0.987, 0.9871, 0.9873, 0.9895, 0.9899, 0.9902, 0.9913, 0.9921, 0.9926, 0.9936, 0.9936, 0.9934, 0.993, 0.993, 0.9926, 0.9906, 0.9886]","[119485, 88014, 97711, 68979, 36045, 47090, 89014, 52567, 61079, 49621, 64118, 105898, 97869, 87699, 97743, 47918, 51848, 39650, 33635, 27662, 25326, 25816, 6063, 9525, 13679, 47, 17, 11, 14, 10, 5, 1]","[-11.7784, -11.7697, -11.78, -11.7659, -11.7352, -11.7428, -11.7949, -11.7493, -11.7605, -11.7449, -11.7658, -11.84, -11.8293, -11.8134, -11.8499, -11.7312, -11.7383, -11.6967, -11.6562, -11.599, -11.5714, -11.5217, -11.1581, -11.1714, -11.193, -9.671, -8.4754, -7.884, -7.5846, -6.8162, -5.9563, -1.9094]",30345,pick
BW_002_W6,planning_suite,W6,meta-llama/Llama-3.1-8B-Instruct,30,32,"[0.9996, 0.9996, 0.9996, 0.9993, 0.9994, 0.9995, 0.9996, 0.9996, 0.9992, 0.9992, 0.9991, 0.999, 0.9986, 0.9975, 0.9976, 0.9968, 0.9971, 0.9969, 0.9972, 0.9974, 0.9974, 0.9976, 0.9977, 0.9978, 0.9981, 0.9982, 0.9982, 0.9971, 0.9971, 0.9968, 0.9959, 0.9956]","[119940, 91128, 95647, 64633, 31660, 44382, 82964, 49997, 59921, 44043, 66086, 109189, 97834, 82085, 86648, 32123, 41772, 28035, 28872, 26582, 25440, 25899, 4740, 7865, 12923, 97, 19, 11, 16, 10, 5, 1]","[-11.7788, -11.7709, -11.7785, -11.7629, -11.7298, -11.7397, -11.7866, -11.7461, -11.759, -11.7363, -11.7689, -11.8488, -11.8291, -11.8019, -11.82, -11.691, -11.711, -11.6526, -11.632, -11.5966, -11.5759, -11.5283, -11.1288, -11.1469, -11.1878, -9.9416, -8.7265, -8.1515, -7.8452, -7.079, -6.2341, -2.1921]",30345,pick
BW_010_W6,planning_suite,W6,meta-llama/Llama-3.1-8B-Instruct,30,32,"[0.9963, 0.9834, 0.9871, 0.9822, 0.9842, 0.9837, 0.9863, 0.9874, 0.9881, 0.9887, 0.9897, 0.9884, 0.9895, 0.9882, 0.9878, 0.9848, 0.9862, 0.9859, 0.9887, 0.989, 0.9898, 0.9901, 0.9907, 0.9909, 0.992, 0.9919, 0.9919, 0.9912, 0.992, 0.9921, 0.9915, 0.9906]","[120085, 90710, 94865, 65305, 33212, 45241, 85345, 52730, 62994, 45643, 67030, 110928, 99993, 91522, 96918, 48463, 51286, 30528, 27071, 25656, 24947, 26104, 4981, 8074, 12662, 68, 19, 13, 16, 10, 5, 1]","[-11.7788, -11.7707, -11.7782, -11.7633, -11.7317, -11.7408, -11.7898, -11.7497, -11.763, -11.7386, -11.7707, -11.8561, -11.8347, -11.8224, -11.8454, -11.7328, -11.7364, -11.6603, -11.6203, -11.5836, -11.5663, -11.5179, -11.108, -11.1249, -11.164, -9.7643, -8.5883, -8.0037, -7.6269, -6.8455, -6.0052, -1.9835]",30345,pick
BW_011_W6,planning_suite,W6,meta-llama/Llama-3.1-8B-Instruct,30,32,"[0.9964, 0.9866, 0.988, 0.9857, 0.9854, 0.9855, 0.9878, 0.988, 0.9881, 0.9885, 0.9884, 0.9849, 0.9846, 0.985, 0.9881, 0.9866, 0.9871, 0.9882, 0.99, 0.9905, 0.9903, 0.9913, 0.9915, 0.9923, 0.9932, 0.993, 0.9925, 0.9902, 0.9908, 0.9905, 0.9895, 0.9889]","[119667, 89979, 98350, 70590, 32943, 48971, 91247, 59764, 69074, 52953, 69443, 108308, 96724, 85566, 93493, 46566, 58433, 37201, 33601, 24768, 24501, 25512, 3971, 7085, 11309, 62, 18, 12, 14, 9, 5, 1]","[-11.7787, -11.7705, -11.7804, -11.767, -11.7313, -11.7453, -11.7984, -11.7586, -11.7708, -11.7496, -11.7743, -11.8486, -11.8276, -11.8088, -11.8379, -11.7286, -11.7559, -11.689, -11.6572, -11.5807, -11.5675, -11.517, -11.075, -11.1011, -11.1315, -9.7174, -8.5546, -7.9845, -7.607, -6.838, -5.9457, -1.9324]",30345,pick
BW_014_W6,planning_suite,W6,meta-llama/Llama-3.1-8B-Instruct,30,32,"[0.9999, 0.9998, 0.9998, 0.9993, 0.9995, 0.9996, 0.9997, 0.9996, 0.9996, 0.9996, 0.9995, 0.9995, 0.9995, 0.9993, 0.9992, 0.9987, 0.9988, 0.9989, 0.999, 0.9989, 0.9988, 0.9988, 0.9984, 0.9986, 0.9987, 0.9986, 0.9987, 0.9986, 0.9986, 0.9986, 0.9974, 0.9954]","[120605, 88594, 96050, 65602, 33297, 45000, 87379, 53796, 70051, 48503, 73135, 109149, 100503, 81170, 98141, 37806, 33954, 21216, 23077, 21347, 21219, 16944, 2986, 5273, 9571, 76, 18, 12, 10, 9, 5, 1]","[-11.779, -11.7699, -11.7788, -11.7635, -11.7318, -11.7404, -11.7923, -11.7513, -11.7717, -11.7428, -11.7806, -11.8499, -11.835, -11.8001, -11.8509, -11.7054, -11.6876, -11.617, -11.5961, -11.5508, -11.5356, -11.4214, -10.9962, -11.0085, -11.0679, -9.7279, -8.5127, -7.9149, -7.4055, -6.6631, -5.7669, -1.8646]",30345,pick
BW_022_W6,planning_suite,W6,meta-llama/Llama-3.1-8B-Instruct,30,32,"[0.9998, 0.9997, 0.9997, 0.9977, 0.9981, 0.9988, 0.9991, 0.9994, 0.9994, 0.9995, 0.9995, 0.9995, 0.9996, 0.9993, 0.9993, 0.9989, 0.9989, 0.999, 0.9992, 0.9992, 0.9991, 0.9992, 0.9992, 0.9992, 0.9993, 0.9994, 0.9993, 0.9992, 0.9992, 0.9991, 0.9981, 0.997]","[120129, 88917, 96511, 65624, 34293, 49632, 83842, 50467, 63617, 48453, 70509, 109449, 100384, 83078, 90431, 28755, 36993, 20531, 21835, 19419, 19189, 18522, 4019, 6611, 11699, 97, 20, 14, 15, 10, 5, 1]","[-11.7788, -11.77, -11.779, -11.7635, -11.7331, -11.7463, -11.7879, -11.7466, -11.7639, -11.7429, -11.7762, -11.8513, -11.8354, -11.8046, -11.8308, -11.6795, -11.6972, -11.6167, -11.5919, -11.5436, -11.5236, -11.4513, -11.088, -11.0935, -11.1476, -9.8885, -8.7232, -8.1481, -7.6531, -6.9051, -6.0775, -2.0169]",30345,pick
BW_080_W6,planning_suite,W6,meta-llama/Llama-3.1-8B-Instruct,30,32,"[0.9957, 0.9841, 0.9879, 0.9816, 0.9849, 0.9855, 0.9869, 0.9869, 0.9877, 0.9891, 0.9887, 0.9872, 0.9854, 0.982, 0.9831, 0.9769, 0.9786, 0.9771, 0.9815, 0.9805, 0.9799, 0.979, 0.9791, 0.9796, 0.9819, 0.9811, 0.981, 0.9789, 0.9795, 0.9793, 0.9799, 0.9776]","[119714, 88274, 94229, 65642, 33904, 45926, 86260, 48007, 60423, 41761, 62263, 109214, 96040, 89082, 90059, 43822, 49420, 30715, 30809, 26970, 26433, 27116, 5711, 8750, 13812, 94, 19, 14, 15, 10, 5, 1]","[-11.7786, -11.7698, -11.7777, -11.7635, -11.7326, -11.7416, -11.7909, -11.7433, -11.7597, -11.7325, -11.7627, -11.8495, -11.8254, -11.8166, -11.8261, -11.7225, -11.7319, -11.6637, -11.6422, -11.597, -11.5804, -11.5346, -11.1573, -11.1679, -11.2061, -9.9416, -8.7755, -8.2189, -7.7988, -7.0387, -6.2121, -2.1328]",30345,pick
BW_120_W6,planning_suite,W6,meta-llama/Llama-3.1-8B-Instruct,30,32,"[0.996, 0.9824, 0.9864, 0.9811, 0.9837, 0.9838, 0.9863, 0.9869, 0.9877, 0.9887, 0.9899, 0.9881, 0.99, 0.9884, 0.9905, 0.9883, 0.9891, 0.9899, 0.9916, 0.9922, 0.9928, 0.9933, 0.9939, 0.9944, 0.9952, 0.9951, 0.995, 0.9946, 0.9949, 0.9946, 0.9931, 0.9912]","[120441, 89982, 95905, 63989, 33670, 47254, 85753, 49276, 67641, 49544, 69968, 111412, 103235, 88093, 97539, 42511, 50619, 26894, 23824, 22072, 21942, 21441, 3440, 5778, 9894, 61, 19, 12, 15, 9, 5, 1]","[-11.7791, -11.7704, -11.7786, -11.7625, -11.7321, -11.7433, -11.7903, -11.7451, -11.769, -11.7446, -11.7753, -11.8573, -11.8419, -11.8144, -11.8485, -11.7178, -11.7348, -11.6447, -11.6014, -11.556, -11.5417, -11.4697, -11.0301, -11.0397, -11.0829, -9.694, -8.5092, -7.9126, -7.4984, -6.7058, -5.8296, -1.9466]",30345,pick
BW_137_W6,planning_suite,W6,meta-llama/Llama-3.1-8B-Instruct,30,32,"[0.9958, 0.9866, 0.988, 0.9858, 0.9859, 0.9869, 0.9889, 0.9892, 0.9899, 0.9911, 0.992, 0.9899, 0.9888, 0.9885, 0.9909, 0.9902, 0.9901, 0.9888, 0.9907, 0.9906, 0.9905, 0.9909, 0.9911, 0.9915, 0.9922, 0.9921, 0.9912, 0.9898, 0.9894, 0.9888, 0.9879, 0.9866]","[119150, 87501, 95885, 72924, 32936, 47660, 90431, 58940, 64139, 51159, 68478, 105571, 96666, 86757, 98991, 50739, 51702, 28971, 24355, 19848, 19298, 21594, 3136, 5933, 10065, 43, 16, 10, 15, 9, 5, 1]","[-11.7783, -11.7696, -11.7788, -11.7686, -11.7312, -11.7436, -11.7974, -11.7575, -11.7645, -11.7471, -11.7727, -11.8408, -11.8273, -11.811, -11.8528, -11.7375, -11.7382, -11.6584, -11.6107, -11.5459, -11.5301, -11.4816, -11.0324, -11.0591, -11.0968, -9.625, -8.4292, -7.8612, -7.5256, -6.7415, -5.8461, -1.8894]",30345,pick
BW_155_W6,planning_suite,W6,meta-llama/Llama-3.1-8B-Instruct,30,32,"[0.9962, 0.9832, 0.9869, 0.9821, 0.9844, 0.9837, 0.9862, 0.9872, 0.9878, 0.9884, 0.9895, 0.988, 0.9891, 0.9873, 0.9877, 0.9842, 0.9865, 0.9873, 0.9897, 0.9902, 0.9907, 0.9911, 0.9919, 0.9921, 0.9932, 0.9931, 0.9931, 0.9927, 0.9933, 0.9932, 0.9922, 0.9905]","[120132, 90699, 95217, 65724, 33836, 44563, 85123, 51723, 64145, 46379, 67227, 111566, 99876, 91992, 95028, 45120, 52655, 31461, 28247, 24730, 24916, 26083, 4913, 7903, 12594, 65, 19, 11, 15, 10, 5, 1]","[-11.7789, -11.7707, -11.7784, -11.7636, -11.7325, -11.7399, -11.7894, -11.7483, -11.7644, -11.7397, -11.771, -11.858, -11.8345, -11.8234, -11.8405, -11.7247, -11.74, -11.6653, -11.6275, -11.5796, -11.5677, -11.5215, -11.1146, -11.129, -11.1674, -9.7891, -8.6291, -8.0057, -7.6456, -6.8592, -5.9729, -1.9706]",30345,pick
BW_172_W6,planning_suite,W6,meta-llama/Llama-3.1-8B-Instruct,30,32,"[0.9959, 0.9866, 0.9879, 0.9857, 0.9853, 0.9861, 0.9882, 0.9884, 0.9884, 0.9892, 0.9897, 0.9876, 0.9866, 0.9866, 0.9883, 0.9868, 0.9877, 0.9876, 0.9892, 0.9896, 0.989, 0.9894, 0.99, 0.9907, 0.9918, 0.9914, 0.9908, 0.9891, 0.9882, 0.9879, 0.987, 0.9861]","[119274, 87970, 96255, 71698, 32763, 47710, 90106, 58129, 63107, 49569, 64515, 103825, 95371, 86039, 92804, 55286, 59360, 44905, 35493, 31468, 28736, 30114, 4896, 8504, 12749, 53, 18, 12, 16, 10, 5, 1]","[-11.7784, -11.7698, -11.779, -11.7678, -11.731, -11.7437, -11.7969, -11.7564, -11.7632, -11.7448, -11.7664, -11.836, -11.8246, -11.8096, -11.836, -11.7483, -11.7584, -11.7147, -11.6661, -11.6226, -11.597, -11.5596, -11.1249, -11.1459, -11.17, -9.7024, -8.4779, -7.9406, -7.6813, -6.9115, -6.024, -1.9918]",30345,pick
BW_203_W6,planning_suite,W6,meta-llama/Llama-3.1-8B-Instruct,30,32,"[0.9999, 0.9998, 0.9998, 0.9993, 0.9995, 0.9996, 0.9997, 0.9997, 0.9995, 0.9995, 0.9995, 0.9994, 0.9995, 0.999, 0.9989, 0.9983, 0.9984, 0.9985, 0.9987, 0.9987, 0.9985, 0.9987, 0.9983, 0.9984, 0.9987, 0.9986, 0.9987, 0.9986, 0.9986, 0.9984, 0.997, 0.9953]","[120183, 90308, 97370, 63023, 32945, 49615, 88964, 55297, 66424, 48592, 72153, 110221, 103504, 86398, 94075, 35008, 39534, 23348, 25123, 21099, 20440, 18491, 3216, 5743, 10260, 76, 19, 13, 16, 10, 5, 1]","[-11.7788, -11.7705, -11.7796, -11.7618, -11.7316, -11.7464, -11.7945, -11.753, -11.7674, -11.743, -11.7789, -11.853, -11.8426, -11.8106, -11.8388, -11.6982, -11.704, -11.6293, -11.6089, -11.5515, -11.5306, -11.4426, -11.0234, -11.0398, -11.0949, -9.7815, -8.5658, -7.981, -7.5979, -6.8592, -6.0196, -2.0397]",30345,pick
BW_227_W6,planning_suite,W6,meta-llama/Llama-3.1-8B-Instruct,30,32,"[0.9962, 0.9852, 0.9881, 0.9849, 0.9866, 0.9876, 0.9892, 0.9891, 0.9899, 0.9904, 0.9896, 0.9873, 0.9885, 0.986, 0.9907, 0.988, 0.9888, 0.9856, 0.9882, 0.9895, 0.9898, 0.9909, 0.992, 0.9929, 0.9939, 0.994, 0.9939, 0.9936, 0.9938, 0.9936, 0.9922, 0.9909]","[119417, 86733, 97387, 68106, 33174, 47665, 89788, 56168, 65066, 50922, 64634, 107228, 96458, 89698, 98713, 54172, 57792, 36752, 31439, 27571, 25433, 25633, 5001, 8217, 12187, 55, 16, 10, 15, 9, 5, 1]","[-11.7784, -11.7693, -11.7798, -11.7653, -11.7315, -11.7436, -11.7962, -11.754, -11.7656, -11.7467, -11.7666, -11.8438, -11.8266, -11.8177, -11.8528, -11.7454, -11.7541, -11.6872, -11.6466, -11.5968, -11.5729, -11.5176, -11.1141, -11.1328, -11.1533, -9.6854, -8.4515, -7.8797, -7.5615, -6.7967, -5.924, -1.9536]",30345,pick
BW_282_W6,planning_suite,W6,meta-llama/Llama-3.1-8B-Instruct,30,32,"[0.9999, 0.9998, 0.9998, 0.9976, 0.9982, 0.9989, 0.9992, 0.9994, 0.9993, 0.9993, 0.9993, 0.9993, 0.9994, 0.9991, 0.9992, 0.9989, 0.9988, 0.9988, 0.999, 0.9989, 0.9989, 0.9988, 0.9987, 0.9988, 0.9989, 0.9989, 0.9989, 0.9985, 0.9984, 0.9983, 0.9975, 0.9965]","[120119, 89126, 95207, 64573, 33664, 49667, 84597, 50970, 62226, 46758, 69793, 108551, 99823, 85048, 93583, 32268, 42992, 24662, 23981, 21292, 20408, 20148, 4409, 7035, 12055, 94, 20, 14, 15, 10, 5, 1]","[-11.7788, -11.7701, -11.7783, -11.7628, -11.7324, -11.7464, -11.7889, -11.7473, -11.7621, -11.7403, -11.7749, -11.8487, -11.8337, -11.8085, -11.8386, -11.6906, -11.7138, -11.6366, -11.6038, -11.5568, -11.5338, -11.466, -11.0994, -11.1048, -11.1561, -9.8794, -8.69, -8.0974, -7.6346, -6.8838, -6.0266, -1.9461]",30345,pick
BW_310_W6,planning_suite,W6,meta-llama/Llama-3.1-8B-Instruct,30,32,"[0.9997, 0.9995, 0.9996, 0.9987, 0.999, 0.9993, 0.9994, 0.9995, 0.9994, 0.9992, 0.999, 0.9989, 0.9987, 0.9972, 0.9969, 0.9961, 0.9964, 0.9947, 0.9949, 0.9946, 0.9947, 0.995, 0.9951, 0.9953, 0.996, 0.996, 0.9963, 0.9961, 0.9959, 0.9959, 0.9949, 0.9938]","[120347, 89939, 97231, 66685, 32340, 45839, 83641, 49581, 60269, 45228, 68464, 109789, 102569, 87982, 90123, 32804, 48237, 35451, 33112, 26587, 27463, 26306, 7877, 10945, 16791, 108, 20, 14, 16, 10, 5, 1]","[-11.779, -11.7704, -11.7794, -11.7643, -11.7307, -11.7417, -11.7873, -11.7457, -11.7595, -11.7381, -11.7728, -11.8515, -11.84, -11.8147, -11.8287, -11.6927, -11.7283, -11.6812, -11.6519, -11.5948, -11.5865, -11.5295, -11.2237, -11.2217, -11.2693, -9.9916, -8.8224, -8.2323, -7.8284, -7.0754, -6.2303, -2.1204]",30345,pick
BW_331_W6,planning_suite,W6,meta-llama/Llama-3.1-8B-Instruct,30,32,"[0.9999, 0.9998, 0.9998, 0.9993, 0.9995, 0.9996, 0.9997, 0.9996, 0.9995, 0.9995, 0.9996, 0.9995, 0.9995, 0.9991, 0.9992, 0.9986, 0.9987, 0.9986, 0.9988, 0.9987, 0.9987, 0.9988, 0.9983, 0.9985, 0.9987, 0.9987, 0.9989, 0.9988, 0.9988, 0.9987, 0.9979, 0.9968]","[120607, 89369, 95795, 64580, 33101, 45083, 86691, 53055, 69225, 47979, 72593, 108557, 100845, 83401, 98243, 38602, 37032, 21966, 24800, 21962, 21661, 17503, 2990, 5395, 9799, 79, 19, 13, 12, 9, 5, 1]","[-11.779, -11.7701, -11.7786, -11.7628, -11.7316, -11.7405, -11.7914, -11.7503, -11.7707, -11.742, -11.7798, -11.8486, -11.8356, -11.8048, -11.851, -11.7074, -11.6968, -11.6213, -11.6061, -11.5571, -11.5399, -11.4288, -10.9991, -11.0149, -11.0735, -9.7558, -8.567, -7.9442, -7.3884, -6.6381, -5.7172, -1.8311]",30345,pick
BW_350_W6,planning_suite,W6,meta-llama/Llama-3.1-8B-Instruct,30,32,"[0.9996, 0.9994, 0.9996, 0.9992, 0.9994, 0.9995, 0.9996, 0.9995, 0.9992, 0.9991, 0.9988, 0.9987, 0.9983, 0.9962, 0.9959, 0.9953, 0.9951, 0.9943, 0.9949, 0.995, 0.995, 0.9955, 0.996, 0.9962, 0.9968, 0.9967, 0.9969, 0.9949, 0.9951, 0.9948, 0.9942, 0.9937]","[119851, 90135, 97396, 71558, 35685, 47441, 89849, 56690, 60992, 49552, 63196, 104390, 98275, 86259, 94596, 38193, 42287, 32050, 29970, 26603, 27274, 27462, 5416, 9132, 13205, 54, 17, 11, 16, 10, 5, 1]","[-11.7788, -11.7705, -11.7798, -11.7676, -11.735, -11.7433, -11.7959, -11.7547, -11.7604, -11.7448, -11.7641, -11.8367, -11.8299, -11.8101, -11.8415, -11.707, -11.7123, -11.6705, -11.6411, -11.5982, -11.5895, -11.5435, -11.1563, -11.1783, -11.196, -9.796, -8.5457, -7.9766, -7.784, -7.0401, -6.2004, -2.0667]",30345,pick
BW_408_W6,planning_suite,W6,meta-llama/Llama-3.1-8B-Instruct,30,32,"[0.9997, 0.9994, 0.9995, 0.9993, 0.9995, 0.9995, 0.9995, 0.9995, 0.9994, 0.9992, 0.999, 0.9988, 0.9983, 0.9969, 0.9964, 0.9954, 0.9952, 0.9938, 0.9945, 0.9948, 0.9947, 0.9952, 0.9956, 0.9958, 0.9964, 0.9964, 0.9957, 0.9944, 0.9939, 0.9935, 0.9932, 0.9943]","[119718, 89209, 94758, 65914, 36172, 46528, 85738, 50717, 59631, 42134, 62569, 107095, 97018, 78368, 83923, 42365, 47265, 26468, 28124, 26959, 26235, 27414, 5811, 9498, 14988, 77, 19, 12, 15, 10, 5, 1]","[-11.7786, -11.7701, -11.778, -11.7637, -11.7353, -11.7424, -11.7902, -11.7471, -11.7586, -11.7333, -11.7634, -11.8437, -11.8271, -11.7939, -11.8123, -11.7192, -11.7263, -11.648, -11.6307, -11.6016, -11.5841, -11.5448, -11.182, -11.2022, -11.2462, -9.9743, -8.7493, -8.1926, -7.9019, -7.1724, -6.3571, -2.2746]",30345,pick
BW_467_W6,planning_suite,W6,meta-llama/Llama-3.1-8B-Instruct,31,32,"[0.996, 0.9845, 0.9878, 0.9848, 0.9864, 0.9865, 0.9875, 0.9872, 0.9887, 0.99, 0.9896, 0.9876, 0.9871, 0.9861, 0.9872, 0.985, 0.9872, 0.9871, 0.9886, 0.9893, 0.9891, 0.9899, 0.9906, 0.9913, 0.9922, 0.9918, 0.9914, 0.9898, 0.9898, 0.9895, 0.9875, 0.9851]","[119648, 86473, 95530, 65120, 35183, 46115, 87175, 50070, 61244, 47328, 65413, 110014, 98099, 91431, 100282, 41384, 46881, 30716, 29163, 25119, 23550, 24223, 5198, 8579, 12194, 79, 20, 13, 17, 11, 6, 1]","[-11.7785, -11.7692, -11.7786, -11.7632, -11.7341, -11.7415, -11.7922, -11.7461, -11.7608, -11.7412, -11.7679, -11.8534, -11.8308, -11.8223, -11.8566, -11.715, -11.7247, -11.663, -11.6333, -11.5828, -11.5576, -11.5048, -11.1226, -11.143, -11.1523, -9.8206, -8.6439, -8.0897, -7.7274, -6.9847, -6.1395, -1.9955]",30345,pick
BW_495_W6,planning_suite,W6,meta-llama/Llama-3.1-8B-Instruct,30,32,"[0.9997, 0.9997, 0.9997, 0.9995, 0.9995, 0.9996, 0.9996, 0.9997, 0.9996, 0.9995, 0.9994, 0.9993, 0.9993, 0.999, 0.9991, 0.9983, 0.9982, 0.9984, 0.9986, 0.9984, 0.9985, 0.9986, 0.9985, 0.9986, 0.9988, 0.9988, 0.9988, 0.9986, 0.9985, 0.9984, 0.9975, 0.9961]","[119998, 88958, 95339, 65871, 33802, 49054, 85719, 50249, 63106, 49089, 70890, 109011, 101534, 86333, 91285, 31157, 40422, 24250, 24325, 21491, 21180, 20910, 4906, 7769, 12958, 94, 19, 14, 15, 10, 5, 1]","[-11.7787, -11.77, -11.7784, -11.7637, -11.7325, -11.7457, -11.7902, -11.7464, -11.7632, -11.7438, -11.7769, -11.8504, -11.8381, -11.8112, -11.8326, -11.6876, -11.7068, -11.635, -11.6065, -11.5595, -11.5406, -11.4752, -11.1217, -11.1288, -11.1794, -9.8823, -8.6744, -8.0876, -7.6391, -6.8702, -5.9968, -1.9574]",30345,pick
BW_E002_W6,planning_suite,W6,meta-llama/Llama-3.1-8B-Instruct,30,32,"[0.9997, 0.9993, 0.9995, 0.9993, 0.9992, 0.9993, 0.9993, 0.9989, 0.9986, 0.9984, 0.9981, 0.9979, 0.9978, 0.9963, 0.9962, 0.9944, 0.9952, 0.9954, 0.9963, 0.9964, 0.9965, 0.9969, 0.9969, 0.9973, 0.9976, 0.9977, 0.9974, 0.9973, 0.997, 0.9969, 0.9965, 0.9963]","[120461, 89734, 96798, 65000, 35937, 50444, 87836, 53686, 67853, 51535, 76500, 113290, 103623, 91446, 99663, 35108, 37029, 17419, 20768, 17959, 16065, 16032, 2567, 4597, 8651, 55, 19, 12, 15, 9, 5, 1]","[-11.779, -11.7703, -11.7793, -11.7631, -11.7351, -11.7473, -11.793, -11.7509, -11.7692, -11.7475, -11.7864, -11.864, -11.844, -11.8226, -11.8547, -11.6983, -11.6967, -11.5961, -11.5818, -11.5232, -11.4906, -11.4092, -10.9721, -10.9828, -11.0385, -9.6308, -8.452, -7.8403, -7.4051, -6.6211, -5.7651, -1.8864]",30345,pick
BW_E015_W6,planning_suite,W6,meta-llama/Llama-3.1-8B-Instruct,-1,32,"[1.0, 1.0, 1.0, 1.0, 1.0, 1.0, 1.0, 1.0, 1.0, 1.0, 1.0, 1.0, 1.0, 1.0, 1.0, 1.0, 1.0, 1.0, 1.0, 1.0, 1.0, 1.0, 1.0, 1.0, 1.0, 1.0, 1.0, 1.0, 1.0, 1.0, 1.0, 1.0]","[128155, 127711, 128119, 127829, 123478, 126178, 127960, 128006, 123628, 116920, 116258, 127456, 125896, 118743, 37173, 20650, 9007, 16855, 11208, 2880, 704, 510, 93, 145, 181, 217, 235, 86, 60, 83, 6, 6]","[-11.7999, -11.8066, -11.8437, -11.8589, -11.8506, -11.9024, -11.939, -11.9585, -11.8835, -11.8643, -11.8757, -11.9782, -11.9547, -11.9115, -11.7058, -11.6497, -11.569, -11.5898, -11.5044, -11.3076, -11.1298, -10.8827, -10.3553, -10.2219, -10.0362, -10.0154, -9.6923, -9.2104, -8.68, -8.591, -5.7963, -4.618]",359,un
BW_E017_W6,planning_suite,W6,meta-llama/Llama-3.1-8B-Instruct,30,32,"[1.0, 1.0, 1.0, 1.0, 1.0, 1.0, 1.0, 1.0, 1.0, 1.0, 1.0, 1.0, 1.0, 1.0, 1.0, 1.0, 1.0, 1.0, 1.0, 1.0, 1.0, 1.0, 1.0, 1.0, 1.0, 1.0, 1.0, 1.0, 1.0, 1.0, 1.0, 1.0]","[120445, 89153, 96194, 65278, 34983, 49281, 87806, 51799, 69940, 52183, 70800, 111027, 103507, 90026, 105466, 43976, 40687, 19936, 21765, 20129, 18906, 17125, 3205, 5586, 10195, 63, 19, 14, 14, 9, 5, 1]","[-11.779, -11.7701, -11.7788, -11.7633, -11.734, -11.7459, -11.793, -11.7484, -11.7718, -11.7483, -11.7768, -11.8563, -11.8441, -11.8196, -11.8742, -11.7211, -11.7062, -11.6096, -11.5864, -11.5384, -11.5131, -11.4202, -11.0101, -11.021, -11.0811, -9.6533, -8.5057, -7.8789, -7.3755, -6.6285, -5.7115, -1.8164]",30345,pick
BW_E019_W6,planning_suite,W6,meta-llama/Llama-3.1-8B-Instruct,30,32,"[1.0, 1.0, 1.0, 1.0, 1.0, 1.0, 1.0, 1.0, 1.0, 1.0, 1.0, 1.0, 1.0, 1.0, 1.0, 1.0, 1.0, 1.0, 1.0, 1.0, 1.0, 1.0, 1.0, 1.0, 1.0, 1.0, 1.0, 1.0, 1.0, 1.0, 1.0, 1.0]","[128156, 127748, 128116, 127794, 123503, 126087, 127899, 127963, 123833, 117239, 118662, 127388, 126125, 120251, 42109, 25998, 12111, 23688, 16087, 4764, 1010, 703, 117, 159, 201, 208, 203, 64, 48, 63, 4, 5]","[-11.8, -11.8071, -11.8432, -11.8582, -11.8516, -11.9004, -11.9348, -11.9553, -11.8853, -11.8656, -11.8863, -11.9736, -11.9587, -11.9195, -11.7182, -11.6699, -11.5942, -11.6309, -11.5521, -11.3714, -11.1853, -10.9608, -10.4474, -10.2879, -10.1068, -10.0578, -9.6905, -9.1671, -8.6214, -8.5088, -5.4223, -4.1787]",359,un
BW_E100_W6,planning_suite,W6,meta-llama/Llama-3.1-8B-Instruct,30,32,"[0.9997, 0.999, 0.9989, 0.9984, 0.9984, 0.9979, 0.9979, 0.9974, 0.997, 0.9974, 0.9971, 0.9969, 0.9959, 0.9914, 0.9908, 0.986, 0.987, 0.9874, 0.991, 0.992, 0.9918, 0.9929, 0.9928, 0.9933, 0.9939, 0.9939, 0.9946, 0.9942, 0.994, 0.9937, 0.9907, 0.991]","[120519, 90197, 96957, 65224, 35728, 49920, 87799, 52963, 69206, 52698, 74460, 112505, 102343, 93553, 100236, 39741, 42614, 20882, 20894, 18938, 17962, 17721, 3133, 5595, 9669, 63, 19, 13, 15, 9, 5, 1]","[-11.7791, -11.7705, -11.7793, -11.7633, -11.7349, -11.7467, -11.7929, -11.7499, -11.7709, -11.7491, -11.7829, -11.8612, -11.8408, -11.8278, -11.8575, -11.71, -11.7121, -11.6155, -11.5826, -11.5308, -11.5069, -11.4269, -11.005, -11.0219, -11.0683, -9.6784, -8.5323, -7.9085, -7.3984, -6.6098, -5.6889, -1.8515]",30345,pick
MBW_001_W6,planning_suite,W6,meta-llama/Llama-3.1-8B-Instruct,31,32,"[1.0, 1.0, 1.0, 1.0, 1.0, 1.0, 1.0, 1.0, 1.0, 1.0, 1.0, 1.0, 1.0, 1.0, 1.0, 1.0, 1.0, 1.0, 1.0, 1.0, 1.0, 1.0, 1.0, 1.0, 1.0, 1.0, 1.0, 1.0, 1.0, 1.0, 1.0, 1.0]","[95015, 78543, 114823, 67367, 68441, 29715, 45409, 4965, 12571, 8596, 68406, 39744, 50179, 46252, 27188, 21254, 26305, 18775, 13496, 13452, 20355, 13669, 3472, 4594, 26, 7, 16, 8, 9, 18, 10, 1]","[-11.7689, -11.7664, -11.7929, -11.7645, -11.7672, -11.7178, -11.7417, -11.6457, -11.6774, -11.6523, -11.773, -11.7255, -11.7415, -11.7324, -11.6805, -11.6549, -11.6629, -11.6072, -11.5373, -11.4981, -11.5386, -11.3915, -11.0499, -11.0077, -9.4416, -8.4246, -8.4323, -7.9955, -7.4487, -7.7448, -6.7576, -2.8122]",21208,attack
MBW_002_W6,planning_suite,W6,meta-llama/Llama-3.1-8B-Instruct,31,32,"[0.9998, 0.9998, 0.9998, 0.9996, 0.9996, 0.9997, 0.9997, 0.9995, 0.9992, 0.9988, 0.9985, 0.9983, 0.9982, 0.9968, 0.9962, 0.9947, 0.9946, 0.994, 0.9946, 0.9944, 0.9947, 0.9952, 0.9956, 0.9956, 0.9963, 0.9961, 0.9963, 0.9958, 0.996, 0.9956, 0.9954, 0.9961]","[96234, 74260, 112133, 57660, 74758, 32223, 46479, 5386, 12332, 7137, 66903, 44196, 53772, 53588, 35834, 31752, 35184, 22623, 17526, 17737, 24823, 15212, 3177, 5109, 22, 7, 13, 8, 8, 15, 9, 1]","[-11.7692, -11.765, -11.7904, -11.7582, -11.7733, -11.7224, -11.743, -11.6497, -11.6771, -11.6447, -11.7704, -11.7334, -11.7481, -11.7469, -11.7053, -11.6899, -11.6928, -11.629, -11.5669, -11.5401, -11.575, -11.4191, -11.0485, -11.0441, -9.4795, -8.5341, -8.5252, -7.9911, -7.3096, -7.8738, -6.8988, -2.9839]",21208,attack
MBW_010_W6,planning_suite,W6,meta-llama/Llama-3.1-8B-Instruct,31,32,"[0.9998, 0.9998, 0.9998, 0.9997, 0.9997, 0.9997, 0.9997, 0.9996, 0.9994, 0.9991, 0.9987, 0.9985, 0.9983, 0.9975, 0.9973, 0.9967, 0.9965, 0.996, 0.9968, 0.9969, 0.9968, 0.9972, 0.9967, 0.9969, 0.9973, 0.9972, 0.9968, 0.9966, 0.9963, 0.9961, 0.9958, 0.996]","[97399, 73212, 112523, 57647, 75515, 30778, 47186, 5493, 11057, 7963, 67878, 45504, 57456, 49299, 27584, 27691, 31712, 21732, 13873, 15638, 22900, 13137, 3183, 4814, 24, 7, 15, 8, 8, 16, 10, 1]","[-11.7695, -11.7647, -11.7909, -11.7582, -11.7741, -11.72, -11.7441, -11.651, -11.6737, -11.6492, -11.7723, -11.736, -11.7546, -11.739, -11.683, -11.6785, -11.6822, -11.6238, -11.5389, -11.5183, -11.5577, -11.3822, -11.0285, -11.0135, -9.4617, -8.4866, -8.4682, -8.0166, -7.385, -7.7735, -6.8108, -2.72]",21208,attack
MBW_014_W6,planning_suite,W6,meta-llama/Llama-3.1-8B-Instruct,31,32,"[0.9999, 0.9999, 0.9999, 0.9998, 0.9998, 0.9998, 0.9998, 0.9996, 0.9994, 0.9992, 0.999, 0.9987, 0.9987, 0.998, 0.998, 0.9971, 0.997, 0.9962, 0.9968, 0.997, 0.997, 0.9972, 0.997, 0.9972, 0.9975, 0.9975, 0.9976, 0.9974, 0.9974, 0.9972, 0.9969, 0.9973]","[99600, 73792, 111852, 58207, 74877, 30815, 48701, 6877, 11699, 7393, 71125, 46676, 58976, 54689, 31618, 36917, 43284, 22225, 14261, 15347, 22733, 12718, 2131, 3364, 22, 6, 14, 7, 7, 16, 9, 1]","[-11.7701, -11.7649, -11.79, -11.7586, -11.7734, -11.7203, -11.7461, -11.6596, -11.6755, -11.6467, -11.7773, -11.738, -11.7572, -11.7492, -11.6939, -11.7039, -11.7151, -11.6276, -11.5476, -11.5185, -11.5586, -11.378, -10.966, -10.9392, -9.3842, -8.3953, -8.367, -7.9274, -7.3101, -7.6537, -6.592, -2.4795]",21208,attack
MBW_037_W6,planning_suite,W6,meta-llama/Llama-3.1-8B-Instruct,31,32,"[0.9999, 0.9999, 0.9999, 0.9998, 0.9998, 0.9998, 0.9998, 0.9996, 0.9995, 0.9994, 0.9993, 0.9991, 0.999, 0.9982, 0.998, 0.9973, 0.9972, 0.9966, 0.9968, 0.9966, 0.9963, 0.9964, 0.9961, 0.9964, 0.9968, 0.9966, 0.9961, 0.9949, 0.9947, 0.9943, 0.9939, 0.9942]","[98268, 74417, 113466, 59797, 74653, 28443, 45356, 5897, 10598, 6755, 68492, 45416, 54615, 51788, 31414, 34418, 37821, 23835, 13413, 16599, 22093, 12866, 3027, 4800, 24, 7, 19, 10, 11, 18, 9, 1]","[-11.7698, -11.7651, -11.7917, -11.7597, -11.7732, -11.7161, -11.742, -11.6537, -11.672, -11.6429, -11.7732, -11.7359, -11.7495, -11.7436, -11.6935, -11.6974, -11.7, -11.6342, -11.5382, -11.5278, -11.5534, -11.3814, -11.0275, -11.0175, -9.4867, -8.5475, -8.5211, -8.1206, -7.5611, -7.783, -6.7754, -2.6297]",21208,attack
MBW_10_W6,planning_suite,W6,meta-llama/Llama-3.1-8B-Instruct,31,32,"[1.0, 1.0, 1.0, 1.0, 1.0, 1.0, 1.0, 1.0, 1.0, 1.0, 1.0, 1.0, 1.0, 1.0, 1.0, 1.0, 1.0, 1.0, 1.0, 1.0, 1.0, 1.0, 1.0, 1.0, 1.0, 1.0, 1.0, 1.0, 1.0, 1.0, 1.0, 1.0]","[98085, 78215, 114379, 67824, 72196, 29522, 48753, 6275, 11542, 8570, 68178, 42314, 52670, 40904, 22801, 19092, 26519, 18707, 12187, 12917, 19577, 11481, 3082, 4265, 24, 7, 18, 8, 8, 17, 9, 1]","[-11.7697, -11.7663, -11.7927, -11.7649, -11.7708, -11.7176, -11.7461, -11.6548, -11.6761, -11.6537, -11.7728, -11.73, -11.7462, -11.7219, -11.6661, -11.6468, -11.6632, -11.6049, -11.5217, -11.4863, -11.5271, -11.3538, -11.0115, -10.9736, -9.3752, -8.3338, -8.3541, -7.8774, -7.2921, -7.738, -6.7446, -2.791]",21208,attack
MBW_100_W6,planning_suite,W6,meta-llama/Llama-3.1-8B-Instruct,31,32,"[1.0, 1.0, 1.0, 1.0, 1.0, 1.0, 1.0, 1.0, 1.0, 1.0, 1.0, 1.0, 1.0, 1.0, 1.0, 1.0, 1.0, 1.0, 1.0, 1.0, 1.0, 1.0, 1.0, 1.0, 1.0, 1.0, 1.0, 1.0, 1.0, 1.0, 1.0, 1.0]","[97325, 79489, 115533, 70102, 70928, 26225, 45408, 6810, 11580, 6785, 69098, 41526, 53364, 41771, 25594, 24832, 29745, 20370, 11847, 14164, 19039, 11277, 2953, 4426, 24, 7, 18, 7, 7, 16, 9, 1]","[-11.7694, -11.7667, -11.7938, -11.7664, -11.7695, -11.7115, -11.7426, -11.6586, -11.6763, -11.6448, -11.7742, -11.7288, -11.7474, -11.7234, -11.6746, -11.6663, -11.6747, -11.6144, -11.5235, -11.5025, -11.5263, -11.3579, -11.0182, -10.9924, -9.4116, -8.3781, -8.3801, -7.8968, -7.3197, -7.6504, -6.6255, -2.5998]",21208,attack
MBW_127_W6,planning_suite,W6,meta-llama/Llama-3.1-8B-Instruct,31,32,"[1.0, 1.0, 1.0, 1.0, 1.0, 1.0, 1.0, 1.0, 1.0, 1.0, 1.0, 1.0, 1.0, 1.0, 1.0, 1.0, 1.0, 1.0, 1.0, 1.0, 1.0, 1.0, 1.0, 1.0, 1.0, 1.0, 1.0, 1.0, 1.0, 1.0, 1.0, 1.0]","[96637, 78142, 113964, 68320, 71893, 28759, 47992, 6587, 11814, 8487, 69217, 41746, 51355, 40100, 23758, 19495, 26679, 17390, 10878, 12846, 18915, 11275, 2984, 4007, 24, 7, 17, 8, 7, 19, 9, 1]","[-11.7693, -11.7663, -11.7923, -11.7653, -11.7705, -11.7162, -11.7452, -11.657, -11.6772, -11.6533, -11.7746, -11.729, -11.7437, -11.7202, -11.6692, -11.6476, -11.6638, -11.5962, -11.5094, -11.4842, -11.5209, -11.3488, -11.0036, -10.9565, -9.3584, -8.3076, -8.3183, -7.8567, -7.3024, -7.6784, -6.6654, -2.7154]",21208,attack
MBW_185_W6,planning_suite,W6,meta-llama/Llama-3.1-8B-Instruct,31,32,"[1.0, 1.0, 1.0, 1.0, 1.0, 1.0, 1.0, 1.0, 1.0, 1.0, 1.0, 1.0, 1.0, 1.0, 1.0, 1.0, 1.0, 1.0, 1.0, 1.0, 1.0, 1.0, 1.0, 1.0, 1.0, 1.0, 1.0, 1.0, 1.0, 1.0, 1.0, 1.0]","[94864, 79569, 114779, 66685, 72437, 31471, 47131, 4958, 11289, 8282, 63829, 37628, 50276, 41250, 18978, 15970, 24826, 15104, 11934, 12331, 20762, 13249, 3032, 4172, 21, 7, 13, 8, 7, 12, 8, 1]","[-11.7688, -11.7667, -11.793, -11.7642, -11.771, -11.7208, -11.744, -11.646, -11.6729, -11.6524, -11.7653, -11.7217, -11.7417, -11.7221, -11.651, -11.631, -11.6561, -11.5865, -11.5259, -11.4881, -11.5433, -11.3864, -11.0266, -10.9862, -9.3722, -8.3539, -8.3592, -7.8667, -7.2997, -7.7355, -6.7066, -2.8576]",21208,attack
MBW_495_W6,planning_suite,W6,meta-llama/Llama-3.1-8B-Instruct,31,32,"[0.9999, 0.9998, 0.9999, 0.9997, 0.9998, 0.9998, 0.9998, 0.9996, 0.9992, 0.999, 0.9989, 0.9987, 0.9986, 0.9975, 0.9972, 0.9957, 0.9962, 0.9956, 0.996, 0.996, 0.9958, 0.9962, 0.996, 0.9963, 0.9967, 0.9968, 0.9965, 0.996, 0.9956, 0.9953, 0.9948, 0.995]","[97436, 72907, 112259, 56815, 74755, 30852, 47233, 5928, 10420, 7598, 68265, 45606, 60454, 54068, 29133, 26682, 31599, 19663, 12852, 15782, 23154, 12994, 2943, 4470, 26, 7, 18, 9, 10, 18, 11, 1]","[-11.7696, -11.7646, -11.7907, -11.7576, -11.7733, -11.72, -11.7442, -11.6532, -11.672, -11.6473, -11.7729, -11.7359, -11.7599, -11.748, -11.6869, -11.6741, -11.6811, -11.6131, -11.5315, -11.5165, -11.5582, -11.3768, -11.0035, -10.9763, -9.3938, -8.3903, -8.4039, -7.9911, -7.3757, -7.7448, -6.7277, -2.634]",21208,attack
BW_496_W6,planning_suite,W6,meta-llama/Llama-3.1-8B-Instruct,30,32,"[0.9997, 0.9995, 0.9993, 0.9989, 0.999, 0.999, 0.9989, 0.9985, 0.9978, 0.9977, 0.9977, 0.9977, 0.9962, 0.9926, 0.9929, 0.9905, 0.9887, 0.9884, 0.9905, 0.9905, 0.9908, 0.9915, 0.9922, 0.9925, 0.9939, 0.994, 0.9943, 0.9935, 0.9935, 0.9932, 0.9931, 0.9942]","[119557, 89507, 98378, 71013, 32411, 48503, 91001, 58551, 69495, 53245, 68642, 107801, 96724, 80821, 98299, 55134, 61598, 32669, 29550, 23319, 22911, 24045, 4106, 7531, 11628, 62, 18, 13, 13, 9, 5, 1]","[-11.7786, -11.7703, -11.7805, -11.7673, -11.7307, -11.7447, -11.7981, -11.757, -11.7714, -11.7501, -11.7731, -11.8468, -11.8273, -11.7988, -11.8507, -11.7478, -11.764, -11.6726, -11.6383, -11.5716, -11.5576, -11.5034, -11.0746, -11.1031, -11.133, -9.6884, -8.5283, -7.9457, -7.4984, -6.7276, -5.8329, -1.9232]",30345,pick
BW_497_W6,planning_suite,W6,meta-llama/Llama-3.1-8B-Instruct,30,32,"[0.9996, 0.9993, 0.999, 0.9986, 0.999, 0.9991, 0.9989, 0.9986, 0.9983, 0.9983, 0.9981, 0.9978, 0.998, 0.9968, 0.9971, 0.996, 0.9962, 0.9958, 0.997, 0.997, 0.997, 0.9973, 0.9971, 0.9974, 0.9977, 0.9976, 0.9977, 0.9975, 0.9976, 0.9975, 0.9962, 0.9949]","[120716, 89244, 96859, 62978, 34254, 48666, 90147, 55098, 68205, 47657, 72699, 111941, 102064, 94725, 102331, 39871, 43067, 21433, 22111, 18214, 18025, 17639, 2904, 5277, 9166, 57, 19, 13, 13, 9, 5, 1]","[-11.7792, -11.7701, -11.7793, -11.7617, -11.7332, -11.7452, -11.796, -11.7528, -11.7695, -11.7414, -11.7798, -11.8593, -11.8394, -11.829, -11.8627, -11.7109, -11.7132, -11.6176, -11.5878, -11.5236, -11.5065, -11.4274, -10.991, -11.006, -11.0515, -9.6493, -8.5055, -7.8891, -7.3828, -6.6088, -5.6987, -1.8423]",30345,pick
BW_498_W6,planning_suite,W6,meta-llama/Llama-3.1-8B-Instruct,30,32,"[0.9998, 0.9996, 0.9995, 0.9992, 0.9993, 0.9992, 0.9991, 0.9988, 0.9985, 0.9986, 0.9982, 0.9979, 0.9973, 0.9952, 0.9955, 0.9939, 0.9932, 0.9921, 0.9934, 0.9938, 0.994, 0.9943, 0.9946, 0.995, 0.9957, 0.9955, 0.9954, 0.9943, 0.9943, 0.9941, 0.9935, 0.9945]","[119420, 87043, 97504, 67902, 32749, 47249, 89626, 55065, 63284, 46187, 63192, 105660, 97234, 92054, 96203, 56163, 57604, 37260, 30495, 25879, 25258, 26310, 5552, 9256, 13048, 53, 18, 10, 15, 9, 5, 1]","[-11.7784, -11.7694, -11.7798, -11.7652, -11.7311, -11.7431, -11.796, -11.7525, -11.7634, -11.7397, -11.7644, -11.84, -11.8278, -11.8227, -11.844, -11.7502, -11.7535, -11.6887, -11.642, -11.5875, -11.5721, -11.5222, -11.1337, -11.1586, -11.1767, -9.7025, -8.5485, -7.9419, -7.5938, -6.8215, -5.9357, -1.9254]",30345,pick
BW_499_W6,planning_suite,W6,meta-llama/Llama-3.1-8B-Instruct,30,32,"[0.9998, 0.9993, 0.9992, 0.9992, 0.9994, 0.9993, 0.9992, 0.9991, 0.9988, 0.9986, 0.998, 0.9979, 0.9979, 0.9966, 0.996, 0.9927, 0.9909, 0.9907, 0.9925, 0.9922, 0.9924, 0.993, 0.9928, 0.9932, 0.9939, 0.9937, 0.994, 0.9933, 0.9934, 0.9936, 0.9936, 0.9934]","[120389, 90004, 95896, 63054, 33484, 47385, 85356, 49504, 66657, 48754, 70535, 111854, 102521, 90173, 99720, 44738, 48486, 27129, 23238, 22929, 22018, 22495, 3418, 5579, 9590, 68, 19, 13, 14, 9, 5, 1]","[-11.779, -11.7704, -11.7787, -11.7618, -11.7319, -11.7434, -11.7898, -11.7454, -11.7677, -11.7434, -11.7762, -11.8583, -11.8399, -11.819, -11.8542, -11.7232, -11.7288, -11.646, -11.5995, -11.5625, -11.5426, -11.4804, -11.0276, -11.0311, -11.0718, -9.7224, -8.5558, -7.9702, -7.5095, -6.7258, -5.8692, -1.9733]",30345,pick
BW_500_W6,planning_suite,W6,meta-llama/Llama-3.1-8B-Instruct,30,32,"[0.9998, 0.9995, 0.9993, 0.9991, 0.9993, 0.9992, 0.999, 0.9988, 0.9975, 0.9976, 0.9974, 0.9971, 0.9966, 0.9938, 0.9913, 0.9891, 0.9887, 0.9874, 0.9899, 0.9903, 0.9901, 0.9907, 0.9907, 0.9912, 0.9922, 0.9917, 0.9921, 0.9912, 0.9913, 0.9904, 0.991, 0.992]","[119493, 86350, 95302, 64597, 34947, 46000, 87237, 51144, 60538, 45082, 63417, 109400, 98592, 92657, 100427, 39672, 46309, 27725, 26547, 21674, 20554, 22257, 4098, 6996, 10968, 65, 19, 13, 14, 10, 5, 1]","[-11.7783, -11.7691, -11.7785, -11.7629, -11.7337, -11.7415, -11.7922, -11.7475, -11.7598, -11.7378, -11.7646, -11.8515, -11.8317, -11.8249, -11.8568, -11.7105, -11.7228, -11.6507, -11.6187, -11.5568, -11.5345, -11.484, -11.0764, -11.0954, -11.1191, -9.7493, -8.5696, -8.0106, -7.5829, -6.8291, -5.9731, -1.9051]",30345,pick
BW_501_W6,planning_suite,W6,meta-llama/Llama-3.1-8B-Instruct,30,32,"[0.9997, 0.9995, 0.9994, 0.9991, 0.9993, 0.9992, 0.999, 0.9988, 0.9978, 0.9978, 0.9977, 0.9976, 0.9971, 0.9941, 0.9926, 0.9905, 0.9903, 0.9904, 0.9922, 0.9924, 0.9921, 0.9924, 0.9921, 0.9922, 0.993, 0.9927, 0.9927, 0.9914, 0.9911, 0.9905, 0.9907, 0.9913]","[119602, 86565, 95533, 64816, 35196, 45823, 87600, 51208, 60392, 45530, 62579, 109035, 97522, 91390, 98909, 38662, 44493, 29283, 28683, 23440, 21946, 23100, 4797, 7751, 11739, 75, 19, 13, 15, 11, 5, 1]","[-11.7784, -11.7692, -11.7786, -11.763, -11.734, -11.7412, -11.7927, -11.7475, -11.7596, -11.7385, -11.7633, -11.8507, -11.8295, -11.8223, -11.8526, -11.708, -11.718, -11.6572, -11.6296, -11.5686, -11.543, -11.4904, -11.105, -11.118, -11.1389, -9.7828, -8.5724, -8.0174, -7.611, -6.855, -6.0051, -1.926]",30345,pick
BW_502_W6,planning_suite,W6,meta-llama/Llama-3.1-8B-Instruct,30,32,"[0.9996, 0.9993, 0.9994, 0.9987, 0.999, 0.9989, 0.9989, 0.9986, 0.9983, 0.9983, 0.9981, 0.998, 0.9979, 0.9966, 0.9966, 0.9951, 0.9942, 0.9945, 0.9953, 0.9953, 0.9953, 0.9955, 0.9952, 0.9955, 0.9962, 0.996, 0.9958, 0.9949, 0.9945, 0.9947, 0.9938, 0.9929]","[120418, 89810, 97007, 65888, 36393, 50828, 88367, 53557, 68158, 52503, 74624, 112412, 102267, 92372, 97670, 38640, 41664, 20216, 20476, 18788, 17558, 16804, 2884, 5098, 9156, 60, 19, 13, 14, 9, 5, 1]","[-11.779, -11.7703, -11.7794, -11.7637, -11.7356, -11.7475, -11.7937, -11.7507, -11.7696, -11.7489, -11.7832, -11.8608, -11.8406, -11.8251, -11.8499, -11.7074, -11.7095, -11.612, -11.5803, -11.5298, -11.5038, -11.4178, -10.9936, -11.0067, -11.0545, -9.6781, -8.533, -7.9149, -7.4129, -6.6298, -5.7231, -1.8659]",30345,pick
BW_503_W6,planning_suite,W6,meta-llama/Llama-3.1-8B-Instruct,30,32,"[0.9999, 0.9997, 0.9995, 0.9993, 0.9993, 0.9994, 0.9992, 0.9988, 0.9979, 0.9977, 0.9974, 0.9972, 0.9963, 0.9929, 0.9907, 0.9887, 0.9889, 0.9875, 0.9888, 0.9896, 0.9892, 0.9907, 0.9919, 0.9926, 0.9938, 0.9938, 0.9944, 0.9937, 0.9942, 0.9941, 0.9937, 0.9945]","[119345, 88223, 96098, 72004, 33250, 47731, 90987, 59464, 65652, 51299, 66968, 104017, 93014, 86945, 94650, 49632, 53644, 32382, 27145, 22231, 21575, 23454, 3056, 5710, 9712, 47, 17, 10, 14, 9, 5, 1]","[-11.7785, -11.7699, -11.7789, -11.768, -11.7316, -11.7437, -11.7981, -11.7582, -11.7664, -11.7473, -11.7703, -11.8372, -11.8196, -11.8111, -11.841, -11.735, -11.7433, -11.6722, -11.6278, -11.5676, -11.5501, -11.5014, -11.0314, -11.0539, -11.0884, -9.651, -8.485, -7.9262, -7.5778, -6.8097, -5.9208, -1.9394]",30345,pick
BW_504_W6,planning_suite,W6,meta-llama/Llama-3.1-8B-Instruct,30,32,"[0.9998, 0.9997, 0.9995, 0.9993, 0.9994, 0.9994, 0.9991, 0.9991, 0.9987, 0.9987, 0.9986, 0.9986, 0.9982, 0.9972, 0.9967, 0.9957, 0.9959, 0.9955, 0.9965, 0.9968, 0.9968, 0.997, 0.9972, 0.9973, 0.9977, 0.9976, 0.9977, 0.9974, 0.9972, 0.9969, 0.9963, 0.9954]","[119701, 88537, 94635, 66663, 34347, 46727, 87399, 48688, 60993, 43654, 65786, 110397, 96600, 91014, 90094, 44325, 54177, 34410, 30986, 26857, 25860, 28303, 5552, 8677, 13046, 71, 19, 13, 14, 10, 5, 1]","[-11.7785, -11.7699, -11.778, -11.7642, -11.7332, -11.7426, -11.7924, -11.7442, -11.7603, -11.7355, -11.7684, -11.853, -11.8268, -11.8208, -11.8265, -11.7235, -11.7446, -11.6783, -11.6436, -11.597, -11.5774, -11.5443, -11.1493, -11.1639, -11.1877, -9.877, -8.7216, -8.1149, -7.6963, -6.9239, -6.0694, -2.0651]",30345,pick
BW_505_W6,planning_suite,W6,meta-llama/Llama-3.1-8B-Instruct,30,32,"[0.9998, 0.9993, 0.9992, 0.9991, 0.9993, 0.9993, 0.9992, 0.999, 0.9986, 0.9979, 0.9973, 0.9972, 0.9971, 0.9957, 0.9954, 0.9933, 0.9916, 0.9908, 0.9922, 0.9917, 0.992, 0.9921, 0.9918, 0.9922, 0.9932, 0.9929, 0.9933, 0.9923, 0.9918, 0.9919, 0.9919, 0.992]","[120489, 90086, 96145, 64277, 34286, 47628, 84713, 48253, 67119, 49184, 70216, 110470, 102570, 90757, 100061, 47992, 53410, 28143, 24038, 22229, 22120, 22534, 3731, 6146, 10178, 73, 19, 15, 17, 9, 5, 1]","[-11.7791, -11.7705, -11.7788, -11.7627, -11.7328, -11.7438, -11.7889, -11.7437, -11.7683, -11.744, -11.7757, -11.8542, -11.8401, -11.8204, -11.8551, -11.7314, -11.7421, -11.6504, -11.6037, -11.5574, -11.5428, -11.48, -11.0449, -11.0535, -11.0895, -9.7437, -8.6296, -8.0532, -7.5877, -6.8037, -5.9553, -2.0255]",30345,pick
BW_506_W6,planning_suite,W6,meta-llama/Llama-3.1-8B-Instruct,30,32,"[0.9997, 0.9994, 0.9991, 0.9987, 0.999, 0.9991, 0.9989, 0.9987, 0.9984, 0.9984, 0.9982, 0.998, 0.998, 0.9969, 0.9969, 0.993, 0.9937, 0.9938, 0.9952, 0.9953, 0.9954, 0.996, 0.9957, 0.9962, 0.9968, 0.9968, 0.9971, 0.9969, 0.9972, 0.9971, 0.9959, 0.9945]","[120605, 88933, 97006, 61865, 33816, 49082, 90589, 55912, 68684, 48357, 72719, 111382, 101000, 90884, 100662, 45127, 46168, 21092, 21443, 18998, 18983, 17761, 2372, 4133, 7847, 61, 19, 15, 14, 9, 5, 1]","[-11.7791, -11.77, -11.7794, -11.761, -11.7327, -11.7457, -11.7966, -11.7538, -11.7701, -11.7426, -11.7799, -11.8576, -11.837, -11.8206, -11.8567, -11.7245, -11.7222, -11.6146, -11.5832, -11.5268, -11.5116, -11.4237, -10.9389, -10.9436, -10.9983, -9.6109, -8.5109, -7.9207, -7.3796, -6.6272, -5.7538, -1.8751]",30345,pick
BW_507_W6,planning_suite,W6,meta-llama/Llama-3.1-8B-Instruct,30,32,"[0.9997, 0.9993, 0.9991, 0.9987, 0.999, 0.9991, 0.999, 0.9987, 0.9982, 0.9982, 0.9982, 0.998, 0.998, 0.9962, 0.9962, 0.9949, 0.9951, 0.995, 0.9961, 0.996, 0.996, 0.9964, 0.9958, 0.9963, 0.9968, 0.9967, 0.9968, 0.9962, 0.9964, 0.9964, 0.9953, 0.9943]","[120689, 88672, 96810, 62912, 34887, 49123, 91351, 56451, 68233, 47006, 73438, 112961, 102626, 93678, 101640, 38138, 41512, 21225, 22701, 18073, 17835, 16959, 2332, 4259, 7934, 54, 19, 12, 10, 9, 5, 1]","[-11.7792, -11.7699, -11.7793, -11.7617, -11.7339, -11.7458, -11.7975, -11.7545, -11.7695, -11.7405, -11.7811, -11.863, -11.8409, -11.8263, -11.8594, -11.7067, -11.7089, -11.6167, -11.5927, -11.5246, -11.5079, -11.4208, -10.9529, -10.9628, -11.0128, -9.616, -8.46, -7.8465, -7.3319, -6.5631, -5.667, -1.8209]",30345,pick
BW_508_W6,planning_suite,W6,meta-llama/Llama-3.1-8B-Instruct,30,32,"[0.9998, 0.9993, 0.9992, 0.9991, 0.9993, 0.9992, 0.9991, 0.9991, 0.9986, 0.9982, 0.9977, 0.9976, 0.9975, 0.9964, 0.9961, 0.9933, 0.9921, 0.9926, 0.9941, 0.9941, 0.9944, 0.9947, 0.9945, 0.9949, 0.9955, 0.9952, 0.9955, 0.9949, 0.9947, 0.9948, 0.9943, 0.9939]","[120367, 89701, 96267, 63224, 33838, 46910, 85198, 48873, 66632, 49210, 70873, 111764, 103189, 89195, 96438, 43282, 52418, 32618, 27248, 25174, 24516, 24341, 4280, 6788, 11075, 72, 19, 13, 14, 9, 5, 1]","[-11.779, -11.7703, -11.7789, -11.7619, -11.7323, -11.7429, -11.7895, -11.7445, -11.7677, -11.744, -11.7768, -11.8584, -11.8418, -11.8171, -11.8451, -11.7197, -11.7394, -11.6688, -11.6211, -11.5786, -11.5615, -11.4999, -11.0763, -11.0811, -11.1173, -9.759, -8.5681, -7.9645, -7.5493, -6.766, -5.9007, -1.9999]",30345,pick
BW_509_W6,planning_suite,W6,meta-llama/Llama-3.1-8B-Instruct,30,32,"[0.9996, 0.9991, 0.999, 0.999, 0.9993, 0.9992, 0.9992, 0.999, 0.9985, 0.9979, 0.9972, 0.9972, 0.997, 0.9955, 0.9958, 0.9899, 0.9886, 0.9891, 0.9913, 0.991, 0.9914, 0.9916, 0.9913, 0.9917, 0.9928, 0.9926, 0.993, 0.9922, 0.9921, 0.9922, 0.9917, 0.9903]","[120461, 89546, 95402, 62041, 33408, 47694, 85092, 48118, 67813, 51092, 71281, 112001, 102750, 88076, 95884, 45018, 53810, 29066, 25186, 24086, 24278, 23804, 4029, 6511, 10669, 75, 20, 16, 16, 9, 5, 1]","[-11.7791, -11.7703, -11.7784, -11.7611, -11.7318, -11.7439, -11.7893, -11.7435, -11.7691, -11.7469, -11.7775, -11.8592, -11.8408, -11.8149, -11.8437, -11.7239, -11.7433, -11.6545, -11.6099, -11.5701, -11.5587, -11.4939, -11.0619, -11.0674, -11.1034, -9.7436, -8.6532, -8.0624, -7.5789, -6.807, -5.9132, -1.9862]",30345,pick
BW_510_W6,planning_suite,W6,meta-llama/Llama-3.1-8B-Instruct,30,32,"[0.9998, 0.9995, 0.9994, 0.9991, 0.9992, 0.9993, 0.9991, 0.999, 0.9986, 0.9983, 0.9982, 0.9982, 0.9976, 0.9963, 0.9956, 0.9926, 0.9929, 0.9927, 0.9939, 0.9935, 0.9933, 0.9933, 0.9938, 0.9943, 0.995, 0.9951, 0.9953, 0.995, 0.9951, 0.9949, 0.9943, 0.9922]","[119714, 88829, 94988, 67169, 35192, 46447, 86514, 49114, 62348, 44104, 63670, 109939, 96827, 92123, 94949, 42188, 50299, 31346, 32437, 28278, 27262, 28067, 5565, 8400, 12940, 102, 20, 14, 15, 10, 5, 1]","[-11.7786, -11.77, -11.7782, -11.7646, -11.7342, -11.7423, -11.7912, -11.7447, -11.7621, -11.7362, -11.7651, -11.8519, -11.8273, -11.8236, -11.839, -11.7182, -11.734, -11.6662, -11.6498, -11.6046, -11.5851, -11.5419, -11.1515, -11.1565, -11.1851, -9.9486, -8.8078, -8.2444, -7.7541, -7.0023, -6.1696, -2.1417]",30345,pick
BW_511_W6,planning_suite,W6,meta-llama/Llama-3.1-8B-Instruct,31,32,"[0.9996, 0.9992, 0.9993, 0.9987, 0.999, 0.9989, 0.9988, 0.9986, 0.9981, 0.9981, 0.998, 0.9979, 0.9977, 0.9961, 0.9957, 0.9929, 0.9922, 0.9921, 0.993, 0.9926, 0.9925, 0.9928, 0.9922, 0.9925, 0.9934, 0.9931, 0.9932, 0.9918, 0.9916, 0.9918, 0.9914, 0.9904]","[120471, 89625, 96509, 64828, 36054, 49534, 87123, 52740, 67150, 52198, 73571, 111597, 101737, 90846, 98984, 41470, 43254, 18973, 20358, 19646, 18233, 17159, 2746, 4878, 8781, 71, 21, 16, 15, 9, 6, 1]","[-11.779, -11.7703, -11.7791, -11.763, -11.7352, -11.7462, -11.7921, -11.7496, -11.7683, -11.7484, -11.7813, -11.8585, -11.8393, -11.8214, -11.8534, -11.7148, -11.714, -11.6046, -11.5793, -11.5345, -11.507, -11.4192, -10.9771, -10.9879, -11.0346, -9.6671, -8.5962, -8.004, -7.4073, -6.6458, -5.7541, -1.8883]",30345,pick
BW_512_W6,planning_suite,W6,meta-llama/Llama-3.1-8B-Instruct,30,32,"[0.9996, 0.9991, 0.999, 0.9985, 0.999, 0.999, 0.9988, 0.9983, 0.9976, 0.9976, 0.9971, 0.9968, 0.997, 0.9948, 0.9946, 0.9932, 0.992, 0.9918, 0.9927, 0.9927, 0.9924, 0.9925, 0.9923, 0.9926, 0.9936, 0.9934, 0.9938, 0.9931, 0.993, 0.9929, 0.9928, 0.9931]","[120189, 91097, 95262, 65236, 33410, 45434, 85262, 52790, 63469, 46876, 66703, 110711, 99021, 92697, 96304, 43115, 52305, 28513, 25955, 23010, 22910, 24428, 4732, 7703, 11916, 81, 20, 13, 16, 10, 5, 1]","[-11.7789, -11.7709, -11.7784, -11.7633, -11.732, -11.7411, -11.7896, -11.7497, -11.7635, -11.7404, -11.7701, -11.8551, -11.8328, -11.8254, -11.844, -11.7197, -11.739, -11.653, -11.6148, -11.5667, -11.5508, -11.5025, -11.0988, -11.1147, -11.1443, -9.8218, -8.6885, -8.1101, -7.6787, -6.9172, -6.0722, -1.9987]",30345,pick
BW_513_W6,planning_suite,W6,meta-llama/Llama-3.1-8B-Instruct,30,32,"[0.9998, 0.9996, 0.9995, 0.9992, 0.9993, 0.9994, 0.999, 0.9987, 0.998, 0.998, 0.9978, 0.9977, 0.9976, 0.9962, 0.9957, 0.9952, 0.9959, 0.9962, 0.9969, 0.9969, 0.997, 0.9971, 0.9973, 0.9975, 0.9979, 0.9979, 0.9977, 0.9976, 0.9974, 0.9972, 0.9966, 0.9961]","[119788, 88792, 95322, 66686, 34415, 46235, 87475, 49469, 60450, 44946, 64760, 109689, 95652, 90264, 94465, 40264, 45890, 26564, 26556, 22237, 21544, 22728, 4650, 7622, 12160, 72, 19, 12, 14, 10, 5, 1]","[-11.7786, -11.77, -11.7784, -11.7642, -11.7333, -11.742, -11.7925, -11.7452, -11.7596, -11.7375, -11.7668, -11.8514, -11.8251, -11.8193, -11.8383, -11.7131, -11.7226, -11.6461, -11.619, -11.564, -11.5449, -11.4917, -11.1113, -11.1308, -11.1639, -9.8551, -8.697, -8.1197, -7.6969, -6.9249, -6.0669, -2.0076]",30345,pick
BW_514_W6,planning_suite,W6,meta-llama/Llama-3.1-8B-Instruct,30,32,"[0.9997, 0.9994, 0.9992, 0.9986, 0.999, 0.999, 0.9988, 0.9985, 0.9977, 0.9978, 0.9977, 0.9975, 0.9976, 0.9969, 0.9966, 0.9953, 0.9958, 0.9953, 0.9966, 0.9969, 0.9968, 0.997, 0.9971, 0.9974, 0.9975, 0.9975, 0.9975, 0.9969, 0.9969, 0.9967, 0.9961, 0.9962]","[120074, 90368, 94438, 64347, 33671, 45232, 85435, 51549, 63106, 46000, 66308, 111642, 100347, 91171, 94300, 43523, 52414, 32001, 28317, 23874, 24456, 25716, 5655, 8979, 13808, 79, 20, 12, 16, 10, 5, 1]","[-11.7788, -11.7706, -11.7779, -11.7627, -11.7323, -11.7409, -11.7898, -11.7481, -11.7631, -11.7391, -11.7695, -11.858, -11.8354, -11.8212, -11.8388, -11.7207, -11.7395, -11.6669, -11.6272, -11.574, -11.5644, -11.5177, -11.141, -11.1587, -11.1958, -9.857, -8.7133, -8.0937, -7.6832, -6.9118, -6.0206, -2.0114]",30345,pick
BW_515_W6,planning_suite,W6,meta-llama/Llama-3.1-8B-Instruct,30,32,"[0.9996, 0.9992, 0.999, 0.9985, 0.999, 0.999, 0.9987, 0.9984, 0.9974, 0.9975, 0.9969, 0.9968, 0.9971, 0.9955, 0.9951, 0.994, 0.994, 0.9942, 0.9957, 0.9958, 0.9957, 0.9961, 0.9964, 0.9967, 0.9971, 0.997, 0.9972, 0.997, 0.9968, 0.9967, 0.9964, 0.9963]","[120024, 90286, 95076, 65078, 33389, 45302, 85567, 53301, 63220, 47490, 68216, 111835, 100574, 90916, 95739, 42201, 49275, 27234, 25002, 20504, 20263, 22351, 4381, 7333, 11934, 79, 20, 13, 16, 10, 5, 1]","[-11.7788, -11.7706, -11.7783, -11.7632, -11.7319, -11.7409, -11.79, -11.7504, -11.7633, -11.7414, -11.7726, -11.8595, -11.8366, -11.821, -11.8418, -11.7175, -11.7313, -11.6491, -11.6104, -11.5515, -11.535, -11.4866, -11.0961, -11.1152, -11.1534, -9.8682, -8.7272, -8.1487, -7.7336, -6.9741, -6.1024, -2.0557]",30345,pick
BW_E_001_W6,planning_suite,W6,meta-llama/Llama-3.1-8B-Instruct,30,32,"[0.9996, 0.9993, 0.9991, 0.9985, 0.999, 0.999, 0.9988, 0.9984, 0.9976, 0.9977, 0.9974, 0.9973, 0.9973, 0.9964, 0.9965, 0.9955, 0.9949, 0.9947, 0.9956, 0.9956, 0.9955, 0.9956, 0.9955, 0.9956, 0.9962, 0.996, 0.9965, 0.9962, 0.996, 0.9958, 0.9957, 0.9961]","[120145, 90843, 95359, 66040, 33840, 44909, 85932, 52538, 63653, 46104, 66141, 111121, 99017, 90366, 96680, 48276, 55730, 31324, 28206, 25357, 25129, 26731, 5257, 8370, 13049, 75, 20, 13, 17, 10, 5, 1]","[-11.7789, -11.7708, -11.7785, -11.7638, -11.7324, -11.7404, -11.7905, -11.7494, -11.7638, -11.7392, -11.7693, -11.8564, -11.8327, -11.8198, -11.8451, -11.7322, -11.7482, -11.6641, -11.6266, -11.5818, -11.5671, -11.5246, -11.1201, -11.1346, -11.172, -9.7916, -8.6608, -8.0736, -7.6412, -6.8677, -5.9849, -1.9804]",30345,pick
BW_E_002_W6,planning_suite,W6,meta-llama/Llama-3.1-8B-Instruct,30,32,"[0.9997, 0.9993, 0.9994, 0.9986, 0.999, 0.999, 0.9989, 0.9986, 0.9982, 0.9982, 0.9982, 0.9981, 0.9979, 0.996, 0.9961, 0.9936, 0.9925, 0.9928, 0.9942, 0.994, 0.9938, 0.9941, 0.9939, 0.9943, 0.995, 0.9947, 0.9947, 0.994, 0.9936, 0.9936, 0.9931, 0.9929]","[120422, 89905, 96859, 64984, 35292, 49847, 87532, 53769, 68498, 52440, 74467, 112637, 102470, 92237, 99637, 31637, 36554, 16589, 17993, 16510, 14943, 14861, 2365, 4363, 8219, 61, 19, 13, 14, 9, 5, 1]","[-11.779, -11.7704, -11.7793, -11.7631, -11.7344, -11.7466, -11.7926, -11.751, -11.7701, -11.7488, -11.7829, -11.8619, -11.8409, -11.8244, -11.8551, -11.6884, -11.6953, -11.5915, -11.5631, -11.5115, -11.4814, -11.3961, -10.9584, -10.9731, -11.0247, -9.6679, -8.4876, -7.8822, -7.3838, -6.6116, -5.7004, -1.8722]",30345,pick
BW_E_003_W6,planning_suite,W6,meta-llama/Llama-3.1-8B-Instruct,31,32,"[0.9997, 0.9991, 0.9991, 0.9991, 0.9993, 0.9992, 0.9992, 0.999, 0.9985, 0.9981, 0.9977, 0.9975, 0.9974, 0.9959, 0.9959, 0.9902, 0.9892, 0.9896, 0.9914, 0.9908, 0.9913, 0.9915, 0.9913, 0.9916, 0.9927, 0.9926, 0.993, 0.992, 0.9919, 0.992, 0.9915, 0.9896]","[120403, 89731, 95682, 62746, 34036, 46218, 84917, 49322, 67488, 50314, 70850, 111930, 102682, 87848, 97815, 47718, 54887, 30229, 25720, 23966, 24005, 23514, 3817, 6264, 10421, 82, 21, 16, 16, 9, 6, 1]","[-11.779, -11.7703, -11.7785, -11.7616, -11.7326, -11.742, -11.7892, -11.7451, -11.7687, -11.7458, -11.7767, -11.859, -11.8407, -11.8144, -11.8489, -11.7301, -11.7461, -11.6591, -11.6131, -11.5699, -11.5563, -11.491, -11.0539, -11.0603, -11.098, -9.7724, -8.6818, -8.0991, -7.5941, -6.8327, -5.9777, -2.0114]",30345,pick
BW_E_004_W6,planning_suite,W6,meta-llama/Llama-3.1-8B-Instruct,30,32,"[0.9997, 0.9995, 0.9994, 0.9992, 0.9993, 0.9992, 0.999, 0.9989, 0.9979, 0.998, 0.9979, 0.9977, 0.9975, 0.9946, 0.9927, 0.9908, 0.9903, 0.9922, 0.9935, 0.9939, 0.9937, 0.9939, 0.9939, 0.9942, 0.9947, 0.9945, 0.9942, 0.9933, 0.9925, 0.9921, 0.9924, 0.9926]","[119515, 85952, 95278, 64453, 34993, 45484, 86153, 49695, 59924, 45721, 63419, 109779, 97623, 87200, 96746, 39428, 44300, 24709, 25951, 21874, 21076, 21917, 5359, 8586, 12545, 69, 19, 13, 16, 10, 5, 1]","[-11.7784, -11.769, -11.7784, -11.7628, -11.7338, -11.7408, -11.7908, -11.7456, -11.759, -11.7388, -11.7647, -11.8526, -11.8296, -11.8131, -11.8463, -11.7104, -11.7179, -11.6391, -11.6169, -11.5624, -11.5408, -11.4831, -11.1319, -11.1462, -11.1664, -9.8077, -8.6211, -8.0505, -7.6257, -6.8611, -5.9476, -1.9318]",30345,pick
BW_E_005_W6,planning_suite,W6,meta-llama/Llama-3.1-8B-Instruct,30,32,"[0.9998, 0.9993, 0.9992, 0.9991, 0.9993, 0.9992, 0.9992, 0.9991, 0.9986, 0.9982, 0.9977, 0.9976, 0.9975, 0.9963, 0.9965, 0.9937, 0.9923, 0.9925, 0.9938, 0.9934, 0.9937, 0.9937, 0.9934, 0.9938, 0.9945, 0.9944, 0.9945, 0.994, 0.9936, 0.9938, 0.9933, 0.9929]","[120429, 89446, 95792, 63206, 33643, 47261, 85042, 49346, 66813, 49622, 70278, 111547, 102405, 87220, 95696, 41835, 53532, 29962, 26235, 24080, 23627, 23627, 4349, 7043, 11134, 83, 20, 15, 15, 9, 5, 1]","[-11.779, -11.7702, -11.7786, -11.7619, -11.7321, -11.7433, -11.7893, -11.7451, -11.7679, -11.7446, -11.7758, -11.8577, -11.8397, -11.8127, -11.8431, -11.7159, -11.7425, -11.6582, -11.6156, -11.571, -11.5544, -11.4925, -11.0777, -11.0882, -11.1185, -9.8004, -8.6724, -8.0703, -7.5457, -6.7739, -5.8837, -1.969]",30345,pick
MBW_496_W6,planning_suite,W6,meta-llama/Llama-3.1-8B-Instruct,31,32,"[0.991, 0.9839, 0.9839, 0.9858, 0.9903, 0.9899, 0.9902, 0.9906, 0.9894, 0.9892, 0.9873, 0.986, 0.9857, 0.9748, 0.9703, 0.9612, 0.9595, 0.9437, 0.9508, 0.9557, 0.9516, 0.9527, 0.9306, 0.9322, 0.8707, 0.8467, 0.8117, 0.7839, 0.7851, 0.7754, 0.7542, 0.7882]","[119339, 86707, 96913, 66823, 32652, 47149, 89225, 54867, 63328, 48035, 63133, 105991, 96267, 86654, 93353, 52033, 54436, 33092, 27439, 25691, 23798, 24203, 5006, 8399, 12045, 62, 19, 15, 17, 9, 6, 1]","[-11.7784, -11.7693, -11.7795, -11.7644, -11.7309, -11.7429, -11.7954, -11.7523, -11.7634, -11.7425, -11.7644, -11.8401, -11.8261, -11.8114, -11.8372, -11.7406, -11.7452, -11.6734, -11.6274, -11.586, -11.5621, -11.5043, -11.1106, -11.1324, -11.1467, -9.6986, -8.6244, -8.0791, -7.6711, -6.921, -6.0918, -2.0677]",30345,pick
MBW_497_W6,planning_suite,W6,meta-llama/Llama-3.1-8B-Instruct,30,32,"[0.991, 0.9836, 0.984, 0.9858, 0.99, 0.9897, 0.99, 0.99, 0.9882, 0.9888, 0.9871, 0.9862, 0.9861, 0.9763, 0.973, 0.9623, 0.959, 0.9386, 0.9455, 0.9495, 0.9458, 0.9471, 0.9267, 0.9284, 0.8669, 0.8411, 0.8069, 0.7786, 0.7822, 0.7728, 0.7527, 0.7913]","[119356, 87007, 97059, 67081, 32896, 47576, 89788, 54965, 63592, 47446, 62980, 105927, 96497, 86139, 97436, 54268, 55938, 36998, 31502, 28356, 26783, 26611, 5170, 8610, 12572, 54, 18, 12, 14, 9, 5, 1]","[-11.7784, -11.7694, -11.7796, -11.7646, -11.7313, -11.7435, -11.7961, -11.7524, -11.7637, -11.7416, -11.764, -11.8401, -11.8264, -11.81, -11.8483, -11.7457, -11.749, -11.6876, -11.6472, -11.603, -11.5817, -11.5259, -11.1214, -11.1415, -11.162, -9.6816, -8.5263, -7.9355, -7.5936, -6.8409, -5.9746, -1.9436]",30345,pick
MBW_498_W6,planning_suite,W6,meta-llama/Llama-3.1-8B-Instruct,30,32,"[0.9905, 0.9823, 0.9839, 0.9862, 0.9905, 0.9894, 0.9891, 0.9894, 0.9886, 0.988, 0.9865, 0.9852, 0.9845, 0.975, 0.9666, 0.954, 0.9507, 0.9355, 0.9415, 0.9466, 0.9426, 0.9467, 0.9285, 0.9289, 0.8663, 0.8407, 0.8051, 0.7762, 0.7804, 0.7681, 0.7462, 0.7883]","[119201, 87550, 96104, 72141, 33446, 47849, 91189, 59185, 64683, 51665, 69104, 105494, 95045, 84129, 94620, 49187, 52557, 33878, 26954, 25047, 23846, 26336, 4364, 7579, 11870, 46, 17, 11, 15, 10, 5, 1]","[-11.7784, -11.7696, -11.7789, -11.7681, -11.7318, -11.7438, -11.7984, -11.7578, -11.7652, -11.7479, -11.7738, -11.8409, -11.8242, -11.8059, -11.8411, -11.7339, -11.7403, -11.6767, -11.624, -11.5836, -11.5646, -11.5264, -11.0985, -11.1209, -11.15, -9.662, -8.4375, -7.8592, -7.5763, -6.8265, -5.9524, -1.943]",30345,pick
MBW_499_W6,planning_suite,W6,meta-llama/Llama-3.1-8B-Instruct,30,32,"[0.9929, 0.9869, 0.9867, 0.9869, 0.9898, 0.9902, 0.9901, 0.9908, 0.9889, 0.9892, 0.9887, 0.9874, 0.9886, 0.9782, 0.9716, 0.9579, 0.9557, 0.9413, 0.9474, 0.952, 0.9484, 0.95, 0.9287, 0.9302, 0.8674, 0.8434, 0.8124, 0.7834, 0.7822, 0.7722, 0.7491, 0.7793]","[119520, 86246, 95671, 65069, 35110, 45484, 86310, 49256, 60545, 44298, 62025, 107965, 97309, 88664, 100498, 43581, 47929, 26833, 27068, 23207, 22165, 23295, 4877, 8072, 11978, 67, 20, 13, 15, 10, 5, 1]","[-11.7784, -11.7691, -11.7787, -11.7632, -11.7339, -11.7407, -11.7912, -11.7449, -11.7598, -11.7366, -11.7624, -11.847, -11.8288, -11.8158, -11.8573, -11.7205, -11.7275, -11.6471, -11.6223, -11.5684, -11.5465, -11.4932, -11.1049, -11.1235, -11.1431, -9.7389, -8.5951, -8.0034, -7.5421, -6.793, -5.9024, -1.8855]",30345,pick
MBW_500_W6,planning_suite,W6,meta-llama/Llama-3.1-8B-Instruct,30,32,"[0.9913, 0.9839, 0.9841, 0.9861, 0.9901, 0.99, 0.9901, 0.9902, 0.9891, 0.9888, 0.9874, 0.987, 0.9871, 0.9783, 0.9748, 0.9639, 0.9605, 0.9436, 0.9489, 0.9525, 0.9489, 0.9503, 0.9292, 0.9305, 0.8667, 0.8426, 0.8084, 0.7793, 0.7811, 0.7714, 0.7533, 0.7897]","[119451, 86748, 97277, 68411, 33403, 48033, 89474, 54465, 64350, 47399, 64376, 106949, 94686, 86309, 97545, 52172, 56319, 37597, 33654, 28781, 26605, 26115, 4437, 7376, 11252, 51, 18, 10, 14, 9, 5, 1]","[-11.7784, -11.7693, -11.7797, -11.7655, -11.7318, -11.744, -11.7958, -11.7518, -11.7647, -11.7415, -11.7663, -11.8431, -11.8228, -11.8104, -11.8486, -11.7407, -11.7501, -11.6898, -11.6573, -11.606, -11.5817, -11.5229, -11.0927, -11.1115, -11.1309, -9.6645, -8.4769, -7.8672, -7.5608, -6.794, -5.9179, -1.9302]",30345,pick
