problem_id,problem_family,variant_type,model,crystallization_layer,n_layers_processed,layer_cosine_similarities,target_rank_per_layer,target_logprob_per_layer,target_token_id,target_token_decoded
GSM_001,arithmetic_reasoning,canonical,Qwen/Qwen2.5-7B,-1,28,"[0.9584, 0.9636, 0.9607, 0.9381, 0.9208, 0.9026, 0.8891, 0.8679, 0.8478, 0.87, 0.868, 0.8644, 0.8566, 0.838, 0.8199, 0.8161, 0.7753, 0.7916, 0.7797, 0.8112, 0.8174, 0.8256, 0.8217, 0.8305, 0.8582, 0.8637, 0.8704, 0.8464]","[151625, 151849, 151855, 151791, 151639, 151924, 151916, 151864, 151776, 151937, 151972, 151953, 151895, 151942, 151924, 151921, 151858, 151850, 151887, 151915, 151951, 151876, 151911, 151914, 151951, 151954, 151897, 44181]","[-12.6103, -13.4452, -13.9219, -13.289, -13.3904, -14.5308, -15.0739, -14.8988, -15.9036, -17.2956, -17.9623, -18.6264, -18.2062, -19.0615, -20.2191, -21.2463, -20.8456, -23.9731, -26.2593, -37.2384, -45.5803, -55.7153, -76.12, -91.9993, -126.2133, -147.7018, -173.3989, -41.7222]",20,5
GSM_002,arithmetic_reasoning,canonical,Qwen/Qwen2.5-7B,-1,28,"[0.9635, 0.9691, 0.9651, 0.9523, 0.94, 0.9262, 0.9152, 0.8963, 0.8745, 0.8855, 0.889, 0.8847, 0.8797, 0.8629, 0.8491, 0.8425, 0.8087, 0.8146, 0.8027, 0.8261, 0.8397, 0.8518, 0.8452, 0.8438, 0.8689, 0.8667, 0.88, 0.881]","[151593, 151875, 151897, 151922, 151912, 151984, 151966, 151947, 151929, 152010, 152034, 152013, 152005, 152010, 152007, 151988, 151963, 151937, 151926, 151966, 151989, 151947, 151950, 151961, 151999, 151974, 151952, 11818]","[-12.5953, -13.4224, -13.9505, -13.398, -13.6724, -14.8052, -15.4796, -15.0458, -16.0236, -17.3129, -18.8984, -19.0948, -19.3797, -20.1035, -21.6639, -21.9143, -21.4553, -24.2922, -25.1374, -34.0096, -43.0602, -53.7475, -69.3338, -86.9904, -118.8681, -136.6611, -166.7752, -30.4829]",18,3
GSM_003,arithmetic_reasoning,canonical,Qwen/Qwen2.5-7B,-1,28,"[0.9573, 0.9618, 0.9593, 0.9455, 0.9356, 0.9256, 0.9215, 0.9061, 0.892, 0.9092, 0.9046, 0.9025, 0.9, 0.8844, 0.8749, 0.8744, 0.8495, 0.8501, 0.8437, 0.8619, 0.8784, 0.8862, 0.8818, 0.8915, 0.905, 0.9055, 0.9085, 0.9256]","[151938, 152017, 152015, 152027, 152026, 152046, 152039, 152038, 152041, 152053, 152053, 152051, 152047, 152048, 152041, 152038, 152033, 152031, 152030, 152036, 152036, 152025, 152018, 152025, 152033, 152024, 152003, 308]","[-12.7125, -13.7817, -14.3803, -13.7962, -14.0525, -15.4386, -16.1814, -15.7466, -17.0769, -18.7616, -19.4833, -20.6546, -20.6993, -21.1534, -22.3687, -23.3356, -23.1374, -25.9501, -28.3214, -37.8477, -45.6411, -58.2057, -71.466, -94.9861, -129.2211, -147.2146, -171.9114, -21.1853]",16,1
GSM_004,arithmetic_reasoning,canonical,Qwen/Qwen2.5-7B,-1,28,"[0.9613, 0.9638, 0.9618, 0.9415, 0.9258, 0.9063, 0.8957, 0.8669, 0.8333, 0.8559, 0.8577, 0.8553, 0.8451, 0.8255, 0.8163, 0.7989, 0.7457, 0.756, 0.7388, 0.7799, 0.7933, 0.8098, 0.7894, 0.7992, 0.8317, 0.837, 0.844, 0.7908]","[151993, 152016, 152004, 152030, 152021, 152038, 152023, 152026, 152028, 152041, 152044, 152034, 152031, 152035, 152034, 152034, 152028, 152029, 152029, 152033, 152034, 152030, 152030, 152029, 152038, 152031, 152023, 520]","[-12.7742, -13.8864, -14.3486, -13.7856, -14.0615, -15.4879, -16.0357, -15.6076, -17.1402, -18.4795, -19.3805, -20.3611, -20.8558, -21.7818, -23.2461, -23.7288, -24.2152, -27.0772, -29.1934, -37.5012, -46.0485, -59.4387, -77.216, -90.5329, -121.9328, -142.7453, -178.0073, -20.8478]",17,2
GSM_005,arithmetic_reasoning,canonical,Qwen/Qwen2.5-7B,-1,28,"[0.9581, 0.9598, 0.9571, 0.9373, 0.921, 0.9015, 0.8884, 0.8705, 0.8522, 0.8739, 0.8768, 0.8751, 0.8675, 0.8578, 0.8508, 0.835, 0.7901, 0.7847, 0.7647, 0.787, 0.794, 0.8073, 0.8056, 0.8142, 0.8404, 0.8414, 0.8554, 0.8536]","[151445, 151834, 151847, 151866, 151856, 151946, 151917, 151848, 151611, 151916, 151969, 151943, 151877, 151898, 151928, 151918, 151834, 151840, 151846, 151805, 151869, 151797, 151842, 151844, 151908, 151893, 151855, 4737]","[-12.551, -13.3726, -13.8533, -13.3365, -13.5293, -14.6659, -15.0692, -14.6989, -15.386, -16.5665, -17.3968, -18.8146, -18.7974, -19.1416, -20.1421, -20.5015, -20.2837, -22.9116, -23.707, -28.8442, -34.8476, -44.2002, -62.8294, -75.9606, -109.3716, -126.7044, -157.1585, -26.3733]",20,5
GSM_006,arithmetic_reasoning,canonical,Qwen/Qwen2.5-7B,-1,28,"[0.9601, 0.9621, 0.9615, 0.9453, 0.9321, 0.9234, 0.9184, 0.9027, 0.8808, 0.8854, 0.8849, 0.8846, 0.8774, 0.8644, 0.8444, 0.8394, 0.7997, 0.8093, 0.7963, 0.828, 0.8446, 0.8613, 0.8561, 0.8608, 0.8839, 0.8904, 0.8818, 0.8527]","[151387, 151773, 151800, 151696, 151620, 151935, 151929, 151906, 151797, 151921, 151961, 151951, 151929, 151949, 151950, 151949, 151895, 151901, 151925, 151934, 151952, 151896, 151907, 151919, 151935, 151916, 151869, 117211]","[-12.5526, -13.3323, -13.7835, -13.2134, -13.3896, -14.7212, -15.4611, -15.0954, -16.0064, -16.8106, -18.2013, -19.4432, -19.2963, -19.8945, -22.3979, -23.1796, -22.8434, -25.8023, -28.1987, -37.4167, -48.4486, -60.6632, -79.8468, -96.1743, -131.4066, -161.384, -185.738, -104.6887]",20,5
GSM_007,arithmetic_reasoning,canonical,Qwen/Qwen2.5-7B,-1,28,"[0.9602, 0.9645, 0.9626, 0.9473, 0.9386, 0.9153, 0.9033, 0.883, 0.8542, 0.8784, 0.8777, 0.874, 0.8609, 0.8362, 0.8172, 0.8003, 0.7479, 0.7521, 0.7475, 0.7993, 0.8148, 0.8284, 0.8124, 0.8167, 0.8377, 0.843, 0.8571, 0.8696]","[151550, 151885, 151882, 151833, 151899, 151995, 151964, 151960, 151938, 152015, 152030, 152008, 152001, 152005, 152005, 151991, 151969, 151962, 151958, 151986, 151987, 151955, 151994, 151995, 152021, 152010, 151984, 25472]","[-12.5903, -13.5594, -13.9785, -13.2694, -13.5608, -14.8638, -15.3634, -15.1539, -16.3443, -17.96, -19.0129, -19.833, -19.3188, -19.9587, -20.9484, -21.8354, -21.1529, -23.373, -24.7854, -35.0763, -43.0969, -54.5663, -71.4538, -84.9773, -119.1849, -139.1399, -179.7291, -33.7652]",18,3
GSM_008,arithmetic_reasoning,canonical,Qwen/Qwen2.5-7B,-1,28,"[0.959, 0.9647, 0.9616, 0.9441, 0.9302, 0.92, 0.911, 0.8909, 0.87, 0.8788, 0.8767, 0.8714, 0.8611, 0.8363, 0.8199, 0.8136, 0.7617, 0.777, 0.7725, 0.8162, 0.8314, 0.8458, 0.832, 0.8386, 0.8615, 0.8639, 0.8767, 0.8829]","[151915, 152016, 152007, 152027, 152024, 152043, 152039, 152039, 152042, 152055, 152056, 152049, 152048, 152048, 152042, 152041, 152035, 152035, 152038, 152044, 152045, 152041, 152044, 152042, 152046, 152043, 152032, 105274]","[-12.7153, -13.9236, -14.449, -13.8897, -14.0847, -15.3348, -16.2428, -15.8248, -17.4119, -19.3491, -19.9531, -21.0148, -20.2603, -21.0365, -23.4809, -25.4315, -25.5679, -28.2568, -31.4373, -47.1663, -58.4236, -72.4544, -90.521, -113.3208, -149.5662, -176.1493, -202.3085, -68.325]",16,1
GSM_009,arithmetic_reasoning,canonical,Qwen/Qwen2.5-7B,-1,28,"[0.9518, 0.9569, 0.9568, 0.9418, 0.9334, 0.9192, 0.905, 0.8833, 0.861, 0.8783, 0.8741, 0.8675, 0.8618, 0.8394, 0.8243, 0.8145, 0.7675, 0.7782, 0.7688, 0.8097, 0.8261, 0.84, 0.8349, 0.8408, 0.8651, 0.8684, 0.8779, 0.8811]","[151474, 151847, 151847, 151713, 151556, 151861, 151747, 151571, 151725, 151944, 152001, 151952, 151933, 151965, 151935, 151929, 151902, 151914, 151937, 151932, 151943, 151919, 151943, 151954, 151990, 151980, 151930, 99786]","[-12.5816, -13.4687, -13.9745, -13.2861, -13.4395, -14.3629, -14.7957, -14.315, -15.6406, -17.0238, -18.2919, -18.3521, -18.5336, -19.6232, -20.4415, -21.6211, -21.3745, -23.9199, -26.8357, -39.3147, -48.9631, -61.6312, -79.5743, -97.8042, -129.3751, -151.7954, -188.5192, -57.9223]",19,4
GSM_010,arithmetic_reasoning,canonical,Qwen/Qwen2.5-7B,-1,28,"[0.9601, 0.9631, 0.9642, 0.9459, 0.9275, 0.9191, 0.9071, 0.8882, 0.8682, 0.886, 0.8889, 0.8903, 0.8837, 0.8755, 0.8633, 0.8508, 0.8083, 0.7996, 0.7871, 0.8018, 0.8101, 0.8135, 0.812, 0.8119, 0.8457, 0.8453, 0.8626, 0.8477]","[151141, 151634, 151659, 150958, 149463, 151748, 151544, 151638, 151642, 151913, 151933, 151901, 151846, 151874, 151883, 151853, 151775, 151825, 151668, 151670, 151764, 151562, 151705, 151735, 151818, 151772, 151761, 509]","[-12.5017, -13.1618, -13.6205, -13.1061, -13.0974, -14.2215, -14.5686, -14.3912, -15.4006, -16.2087, -16.7635, -18.0807, -18.6761, -18.6351, -19.3621, -19.4313, -19.243, -21.4895, -20.6135, -23.9686, -30.107, -38.4183, -52.7133, -63.199, -92.9681, -109.3692, -152.0583, -19.7674]",23,8
GSM_011,arithmetic_reasoning,canonical,Qwen/Qwen2.5-7B,-1,28,"[0.9569, 0.9593, 0.9615, 0.9461, 0.9376, 0.9187, 0.9059, 0.8896, 0.8673, 0.8805, 0.8726, 0.872, 0.8636, 0.8495, 0.8373, 0.8275, 0.7832, 0.7873, 0.7794, 0.8183, 0.8303, 0.8392, 0.8416, 0.8465, 0.8633, 0.8642, 0.8751, 0.8594]","[151076, 151576, 151677, 151021, 150430, 151813, 151699, 151826, 151839, 151931, 151940, 151906, 151890, 151896, 151903, 151879, 151799, 151834, 151761, 151790, 151787, 151688, 151743, 151720, 151805, 151689, 151545, 18112]","[-12.5176, -13.1872, -13.6925, -13.0912, -13.2005, -14.3648, -14.7257, -14.6576, -15.5323, -16.6037, -17.2484, -18.4167, -19.1651, -19.196, -19.9814, -20.6244, -20.3096, -23.1718, -23.6035, -30.9532, -38.3609, -47.8898, -67.0535, -79.5455, -109.6904, -124.7898, -157.5498, -45.8845]",23,8
GSM_012,arithmetic_reasoning,canonical,Qwen/Qwen2.5-7B,-1,28,"[0.9586, 0.9625, 0.9614, 0.9446, 0.9359, 0.9218, 0.9091, 0.8936, 0.8697, 0.8866, 0.884, 0.8829, 0.8764, 0.8629, 0.8473, 0.8353, 0.7908, 0.7916, 0.7812, 0.813, 0.8209, 0.8275, 0.8174, 0.8199, 0.8475, 0.8481, 0.8634, 0.8804]","[151086, 151551, 151602, 150842, 150511, 151794, 151649, 151802, 151823, 151953, 151951, 151892, 151852, 151881, 151894, 151859, 151797, 151854, 151770, 151823, 151848, 151642, 151633, 151613, 151789, 151744, 151701, 86432]","[-12.5149, -13.2096, -13.6377, -13.0935, -13.1869, -14.246, -14.6746, -14.6459, -15.5833, -17.063, -17.5607, -18.6838, -18.7404, -19.054, -19.8021, -20.2371, -19.9576, -23.5114, -22.6077, -27.7492, -33.1634, -41.0655, -54.584, -66.2846, -99.6256, -120.8522, -160.7618, -80.5258]",23,8
GSM_013,arithmetic_reasoning,canonical,Qwen/Qwen2.5-7B,-1,28,"[0.9535, 0.9581, 0.9567, 0.9439, 0.939, 0.9247, 0.9092, 0.8885, 0.8628, 0.8722, 0.8632, 0.8598, 0.8584, 0.841, 0.8248, 0.8187, 0.7649, 0.7706, 0.7583, 0.7944, 0.82, 0.8346, 0.8373, 0.8362, 0.8549, 0.8563, 0.8679, 0.8433]","[151395, 151731, 151751, 151699, 151573, 151810, 151566, 151701, 151151, 151819, 151900, 151871, 151826, 151892, 151886, 151841, 151792, 151844, 151824, 151805, 151874, 151730, 151811, 151799, 151858, 151841, 151797, 6824]","[-12.5502, -13.2403, -13.6832, -13.2307, -13.3824, -14.2252, -14.4599, -14.4427, -14.8845, -16.1091, -16.6539, -17.7532, -17.8854, -17.9717, -18.7199, -19.9624, -19.6039, -22.1109, -23.3558, -29.3457, -39.0573, -48.5456, -68.0725, -82.9254, -112.9901, -128.8884, -163.3926, -28.7251]",24,9
GSM_014,arithmetic_reasoning,canonical,Qwen/Qwen2.5-7B,-1,28,"[0.9552, 0.9614, 0.9614, 0.9465, 0.9375, 0.9229, 0.9091, 0.8923, 0.8693, 0.8865, 0.8784, 0.8779, 0.8686, 0.8496, 0.8373, 0.8243, 0.773, 0.7816, 0.7738, 0.8124, 0.8329, 0.8506, 0.8544, 0.8618, 0.8859, 0.8888, 0.8966, 0.8748]","[147653, 151035, 151175, 150607, 150245, 151380, 150970, 151353, 151252, 151754, 151875, 151824, 151788, 151836, 151848, 151837, 151801, 151810, 151806, 151832, 151853, 151805, 151840, 151825, 151850, 151843, 151794, 851]","[-12.4062, -13.1119, -13.4902, -13.0527, -13.2072, -14.0025, -14.3686, -14.2632, -15.1531, -16.1817, -16.8971, -18.2128, -17.8546, -18.6433, -19.8846, -20.7268, -21.0538, -23.2008, -26.7682, -35.3486, -44.6687, -56.6165, -74.5516, -88.043, -116.3489, -134.7403, -165.7422, -21.7209]",22,7
GSM_015,arithmetic_reasoning,canonical,Qwen/Qwen2.5-7B,-1,28,"[0.9586, 0.953, 0.9523, 0.9305, 0.9169, 0.9072, 0.9044, 0.8921, 0.8688, 0.8843, 0.8828, 0.881, 0.8713, 0.8596, 0.854, 0.8448, 0.8026, 0.8115, 0.8007, 0.83, 0.8458, 0.8538, 0.8501, 0.8535, 0.8703, 0.8756, 0.8643, 0.8535]","[151702, 151851, 151842, 151745, 151591, 151978, 151959, 151936, 151948, 152012, 152008, 151983, 151966, 151989, 151985, 151974, 151961, 151983, 151947, 151952, 151972, 151922, 151975, 151959, 152010, 151993, 151983, 33040]","[-12.5864, -13.2908, -13.7379, -13.2213, -13.3454, -14.9472, -15.4209, -15.2352, -16.5062, -17.6623, -18.4078, -19.2857, -19.6028, -20.8925, -22.1954, -22.322, -22.2966, -25.5093, -24.9804, -31.9589, -40.8456, -50.651, -71.0781, -87.4074, -119.3631, -146.5694, -182.7593, -45.4273]",18,3
GSM_016,arithmetic_reasoning,canonical,Qwen/Qwen2.5-7B,-1,28,"[0.9606, 0.9635, 0.963, 0.9496, 0.9387, 0.9262, 0.9202, 0.9035, 0.8817, 0.8913, 0.8876, 0.8903, 0.8805, 0.8677, 0.8517, 0.8422, 0.794, 0.7963, 0.7869, 0.8122, 0.8299, 0.8407, 0.838, 0.8459, 0.872, 0.871, 0.8831, 0.8495]","[151201, 151806, 151818, 151785, 151809, 151937, 151904, 151835, 151781, 151933, 151958, 151931, 151854, 151884, 151908, 151922, 151862, 151887, 151864, 151890, 151892, 151834, 151882, 151886, 151915, 151913, 151878, 37563]","[-12.5145, -13.3496, -13.8332, -13.2974, -13.5155, -14.7115, -15.2065, -14.9194, -15.6455, -16.7973, -17.2528, -19.5074, -19.1505, -19.3708, -20.8792, -21.0712, -21.5731, -24.4354, -25.2251, -30.4211, -39.0812, -48.9461, -66.3678, -80.8416, -108.3445, -123.6837, -164.5607, -36.042]",20,5
GSM_017,arithmetic_reasoning,canonical,Qwen/Qwen2.5-7B,-1,28,"[0.955, 0.9592, 0.9584, 0.9445, 0.9378, 0.9107, 0.9001, 0.8812, 0.8425, 0.8654, 0.8617, 0.8601, 0.8521, 0.8378, 0.8276, 0.8067, 0.7546, 0.7486, 0.7241, 0.7525, 0.7546, 0.76, 0.7541, 0.7584, 0.8065, 0.8095, 0.8298, 0.8337]","[151248, 151719, 151736, 151727, 151577, 151846, 151688, 151641, 151393, 151786, 151840, 151845, 151827, 151852, 151830, 151806, 151722, 151858, 151801, 151719, 151830, 151646, 151750, 151760, 151843, 151824, 151753, 301]","[-12.5226, -13.2323, -13.6863, -13.2246, -13.3454, -14.4167, -14.7156, -14.6164, -15.2786, -16.3454, -16.7754, -18.2736, -18.8034, -19.1417, -19.9443, -20.2323, -20.0797, -23.3773, -22.4898, -25.0963, -30.4212, -38.5277, -57.0045, -68.7998, -100.0853, -116.6976, -151.0486, -20.479]",24,9
GSM_018,arithmetic_reasoning,canonical,Qwen/Qwen2.5-7B,-1,28,"[0.9661, 0.9683, 0.9676, 0.9586, 0.947, 0.93, 0.9201, 0.9051, 0.8868, 0.8986, 0.8925, 0.8872, 0.8815, 0.8643, 0.8566, 0.8519, 0.8166, 0.8312, 0.8189, 0.8418, 0.8568, 0.8723, 0.8771, 0.8713, 0.8932, 0.8927, 0.8946, 0.8631]","[151998, 152013, 152007, 152028, 152022, 152036, 152030, 152023, 152029, 152040, 152041, 152030, 152033, 152035, 152032, 152023, 152004, 152012, 152017, 152025, 152034, 152030, 152036, 152034, 152033, 152024, 152007, 754]","[-12.7343, -13.6574, -14.2416, -13.7701, -14.0579, -15.4798, -15.9228, -15.5307, -16.6781, -17.9659, -18.0436, -19.1307, -20.2871, -20.5344, -21.1183, -21.9146, -21.4576, -23.9786, -25.2792, -34.1572, -44.2571, -56.828, -74.9866, -90.3559, -124.237, -144.6702, -174.2171, -22.6502]",17,2
GSM_019,arithmetic_reasoning,canonical,Qwen/Qwen2.5-7B,-1,28,"[0.9596, 0.9638, 0.9602, 0.9431, 0.9324, 0.9052, 0.8941, 0.8718, 0.8469, 0.8708, 0.8706, 0.8694, 0.8608, 0.8422, 0.8295, 0.8137, 0.765, 0.7625, 0.7433, 0.7771, 0.7892, 0.8038, 0.8008, 0.8061, 0.8322, 0.835, 0.8554, 0.8505]","[151387, 151885, 151894, 151789, 151825, 151977, 151931, 151829, 151799, 152005, 152018, 151998, 151982, 151993, 151985, 151966, 151937, 151963, 151922, 151967, 151988, 151946, 151969, 151966, 152007, 151983, 151946, 22649]","[-12.5312, -13.4344, -13.913, -13.2123, -13.4635, -14.7792, -14.9766, -14.6113, -15.4088, -17.2024, -17.8861, -19.2369, -19.7969, -19.9508, -20.6809, -20.8401, -20.6316, -23.8279, -23.6824, -29.0651, -39.1467, -48.3019, -68.4527, -81.0531, -112.8486, -128.7554, -169.3354, -34.3929]",18,3
GSM_020,arithmetic_reasoning,canonical,Qwen/Qwen2.5-7B,-1,28,"[0.964, 0.9684, 0.9658, 0.9492, 0.9369, 0.9082, 0.8949, 0.8729, 0.8468, 0.8706, 0.8736, 0.8746, 0.8664, 0.8444, 0.8357, 0.8185, 0.772, 0.7758, 0.7659, 0.8021, 0.8121, 0.8237, 0.8111, 0.8165, 0.8435, 0.8435, 0.8529, 0.8323]","[151987, 152017, 152005, 152025, 152016, 152036, 152028, 152022, 152021, 152038, 152041, 152032, 152034, 152035, 152031, 152029, 152022, 152028, 152024, 152029, 152035, 152027, 152040, 152041, 152044, 152041, 152029, 691]","[-12.7469, -13.8215, -14.3718, -13.789, -14.0214, -15.4798, -15.9806, -15.566, -16.6904, -17.7056, -18.6873, -20.3074, -20.8327, -20.6622, -21.8782, -22.3899, -22.4688, -25.2016, -24.097, -30.1469, -36.2979, -47.0918, -66.8419, -82.9503, -116.57, -139.0575, -171.916, -21.5923]",17,2
GSM_041,arithmetic_reasoning,canonical,Qwen/Qwen2.5-7B,-1,28,"[0.9761, 0.9821, 0.9637, 0.9551, 0.9525, 0.952, 0.9447, 0.932, 0.9203, 0.9297, 0.9288, 0.9291, 0.927, 0.9252, 0.9304, 0.9315, 0.9231, 0.9212, 0.9194, 0.9256, 0.9303, 0.9322, 0.9254, 0.9253, 0.9332, 0.9312, 0.9317, 0.9349]","[151907, 152011, 152012, 152028, 152024, 152041, 152035, 152035, 152034, 152050, 152053, 152051, 152048, 152048, 152043, 152038, 152030, 152033, 152037, 152041, 152044, 152032, 152033, 152031, 152033, 152024, 152024, 275]","[-12.6589, -13.6802, -14.3338, -13.8211, -14.0824, -15.4421, -16.1341, -15.7343, -16.7513, -18.6808, -19.3579, -21.0272, -21.1508, -22.0291, -22.191, -23.2904, -22.867, -26.0376, -27.9232, -36.5718, -46.1157, -56.4131, -73.9008, -93.4286, -124.221, -142.5107, -178.2424, -16.8115]",16,1
GSM_042,arithmetic_reasoning,canonical,Qwen/Qwen2.5-7B,-1,28,"[0.9791, 0.9846, 0.968, 0.9631, 0.9612, 0.9579, 0.9487, 0.9368, 0.9258, 0.9336, 0.9317, 0.9298, 0.9276, 0.9247, 0.9288, 0.927, 0.9162, 0.9115, 0.8997, 0.9062, 0.9098, 0.9169, 0.9101, 0.9127, 0.9217, 0.9193, 0.9171, 0.9266]","[151992, 152015, 152005, 152029, 152020, 152035, 152028, 152025, 152029, 152041, 152046, 152034, 152035, 152036, 152037, 152027, 152027, 152030, 152031, 152033, 152034, 152026, 152032, 152029, 152037, 152032, 152018, 85231]","[-12.7801, -13.7984, -14.425, -13.9102, -14.1234, -15.3762, -16.0123, -15.5204, -16.8924, -18.3399, -19.2048, -19.8512, -20.3208, -20.8591, -22.0429, -22.4781, -22.4793, -25.6387, -27.1883, -36.623, -43.7948, -54.5036, -70.1333, -87.3094, -122.048, -145.1369, -177.9702, -60.4222]",17,2
GSM_043,arithmetic_reasoning,canonical,Qwen/Qwen2.5-7B,-1,28,"[0.9769, 0.9828, 0.9656, 0.9596, 0.9562, 0.9529, 0.9475, 0.9351, 0.9248, 0.9341, 0.9322, 0.9321, 0.9299, 0.9293, 0.9328, 0.9335, 0.9261, 0.9228, 0.9208, 0.9257, 0.9334, 0.9394, 0.9327, 0.9298, 0.9363, 0.9322, 0.9307, 0.9286]","[151394, 151653, 151676, 151364, 150812, 151815, 151769, 151861, 151842, 151937, 151945, 151897, 151890, 151917, 151925, 151915, 151860, 151847, 151787, 151836, 151852, 151784, 151805, 151797, 151806, 151750, 151608, 1864]","[-12.5704, -13.2519, -13.7203, -13.1834, -13.2739, -14.3484, -14.9821, -14.8996, -15.882, -16.8518, -17.5875, -18.4845, -18.7649, -19.3625, -20.7074, -21.5161, -21.1738, -24.1151, -25.0472, -34.2073, -43.8158, -53.3551, -70.012, -84.9873, -113.3804, -130.8313, -159.8029, -26.5588]",23,8
GSM_044,arithmetic_reasoning,canonical,Qwen/Qwen2.5-7B,-1,28,"[0.9785, 0.9842, 0.9639, 0.9547, 0.9522, 0.9543, 0.9447, 0.9341, 0.924, 0.9326, 0.9324, 0.9315, 0.9273, 0.9262, 0.9324, 0.9327, 0.9201, 0.9108, 0.8988, 0.9034, 0.9059, 0.9068, 0.9025, 0.8976, 0.9018, 0.8947, 0.9019, 0.8969]","[151336, 151829, 151836, 151822, 151799, 151933, 151902, 151815, 151528, 151918, 151959, 151907, 151863, 151906, 151911, 151907, 151846, 151845, 151842, 151861, 151912, 151781, 151839, 151847, 151899, 151891, 151842, 46667]","[-12.5424, -13.349, -13.8652, -13.3565, -13.5345, -14.6207, -15.1932, -14.766, -15.331, -16.7911, -17.374, -18.6067, -19.05, -19.3841, -19.9807, -20.3172, -20.0605, -23.0402, -21.8803, -26.3846, -33.1287, -40.0372, -57.4438, -69.6978, -99.1643, -111.6757, -153.6834, -48.0198]",20,5
GSM_045,arithmetic_reasoning,canonical,Qwen/Qwen2.5-7B,-1,28,"[0.9709, 0.9775, 0.9622, 0.9529, 0.9495, 0.9424, 0.9354, 0.9222, 0.9129, 0.9297, 0.9319, 0.9345, 0.931, 0.9261, 0.9323, 0.9332, 0.9242, 0.9187, 0.9072, 0.9164, 0.9166, 0.9175, 0.9064, 0.901, 0.9044, 0.8986, 0.9015, 0.899]","[151940, 152019, 152016, 152027, 152022, 152044, 152039, 152038, 152041, 152054, 152055, 152049, 152047, 152049, 152045, 152037, 152032, 152032, 152034, 152042, 152045, 152026, 152027, 152025, 152041, 152035, 152025, 16]","[-12.7223, -13.8164, -14.4345, -13.7522, -14.0667, -15.5664, -16.3257, -15.7898, -17.3637, -18.7861, -19.51, -20.7805, -21.1417, -21.3263, -22.1568, -22.5633, -22.2305, -25.708, -26.5828, -33.137, -39.8576, -47.9874, -63.1645, -79.0746, -111.3513, -127.5247, -165.2211, -10.8833]",16,1
GSM_046,arithmetic_reasoning,canonical,Qwen/Qwen2.5-7B,-1,28,"[0.9714, 0.9778, 0.9649, 0.9531, 0.9502, 0.9469, 0.939, 0.9273, 0.9193, 0.9279, 0.9311, 0.9334, 0.9312, 0.9279, 0.9325, 0.9306, 0.9203, 0.9176, 0.9124, 0.9155, 0.9203, 0.9268, 0.9236, 0.922, 0.9337, 0.9337, 0.9264, 0.9277]","[151896, 152017, 152012, 152026, 152016, 152040, 152033, 152032, 152037, 152052, 152052, 152049, 152045, 152047, 152043, 152037, 152026, 152030, 152027, 152035, 152037, 152030, 152031, 152028, 152037, 152038, 152032, 339]","[-12.6717, -13.7603, -14.3374, -13.7562, -13.9741, -15.3198, -15.9459, -15.4614, -16.9651, -18.3152, -19.3368, -20.9416, -20.6871, -21.3434, -22.6269, -22.9686, -22.5283, -25.2356, -25.5795, -34.5322, -44.8908, -58.7051, -79.6532, -94.6725, -132.9635, -157.0567, -181.8324, -15.7084]",16,1
GSM_047,arithmetic_reasoning,canonical,Qwen/Qwen2.5-7B,-1,28,"[0.9748, 0.9831, 0.9647, 0.9527, 0.9497, 0.9446, 0.9345, 0.9206, 0.9081, 0.92, 0.9201, 0.9179, 0.9156, 0.9096, 0.9185, 0.9203, 0.9062, 0.9013, 0.906, 0.9205, 0.9287, 0.9365, 0.9342, 0.9355, 0.9445, 0.9431, 0.9396, 0.9385]","[151384, 151822, 151857, 151867, 151924, 151946, 151934, 151901, 151662, 151891, 151954, 151943, 151879, 151941, 151937, 151943, 151878, 151827, 151908, 151910, 151925, 151857, 151911, 151908, 151920, 151931, 151888, 1882]","[-12.6074, -13.5575, -14.0963, -13.416, -13.7735, -14.6963, -15.267, -14.894, -15.5572, -16.9428, -17.5026, -18.765, -18.5871, -18.9092, -19.872, -21.4169, -21.2081, -23.0292, -26.0525, -35.5335, -44.8838, -58.0998, -76.2551, -91.2705, -124.1498, -146.6926, -174.0643, -27.1145]",20,5
GSM_048,arithmetic_reasoning,canonical,Qwen/Qwen2.5-7B,-1,28,"[0.9759, 0.9826, 0.9636, 0.957, 0.9536, 0.9541, 0.9451, 0.9365, 0.9256, 0.9365, 0.9346, 0.9364, 0.9326, 0.9307, 0.9367, 0.9368, 0.9256, 0.9162, 0.9084, 0.9117, 0.9117, 0.9102, 0.9026, 0.8937, 0.894, 0.8967, 0.9031, 0.893]","[151988, 152016, 152005, 152023, 152012, 152034, 152018, 152011, 152019, 152038, 152038, 152032, 152031, 152035, 152034, 152026, 152019, 152029, 152028, 152037, 152046, 152034, 152043, 152037, 152042, 152040, 152030, 111174]","[-12.744, -13.8334, -14.3132, -13.7616, -13.9701, -15.3612, -15.9557, -15.6586, -17.0228, -18.4623, -18.832, -20.3905, -20.5259, -21.1255, -22.1073, -22.0367, -22.1045, -25.8599, -25.7758, -33.6104, -40.9218, -50.1048, -71.6815, -83.2716, -117.3651, -134.9573, -179.6435, -50.1833]",17,2
GSM_049,arithmetic_reasoning,canonical,Qwen/Qwen2.5-7B,-1,28,"[0.9725, 0.9789, 0.963, 0.955, 0.9499, 0.9437, 0.9326, 0.9198, 0.9085, 0.9224, 0.9229, 0.9223, 0.9191, 0.9152, 0.9245, 0.9235, 0.9135, 0.9098, 0.9062, 0.9136, 0.9141, 0.9159, 0.9099, 0.9094, 0.9186, 0.9161, 0.9061, 0.9019]","[151942, 152018, 152017, 152026, 152021, 152043, 152033, 152014, 152032, 152047, 152051, 152048, 152044, 152045, 152043, 152032, 152028, 152032, 152031, 152035, 152042, 152025, 152024, 152026, 152037, 152029, 152025, 53055]","[-12.7008, -13.7958, -14.4442, -13.8308, -14.0415, -15.5433, -16.0147, -15.4661, -17.0054, -18.4791, -19.3711, -20.6008, -20.9539, -21.4084, -22.2908, -22.4854, -22.434, -25.4539, -27.6114, -35.1752, -41.5166, -51.6023, -68.7592, -82.6747, -120.5254, -136.9913, -174.5138, -45.5948]",16,1
GSM_050,arithmetic_reasoning,canonical,Qwen/Qwen2.5-7B,-1,28,"[0.9795, 0.9848, 0.9666, 0.9615, 0.9583, 0.9537, 0.9449, 0.9345, 0.9262, 0.9376, 0.9382, 0.9393, 0.9369, 0.934, 0.9407, 0.9408, 0.9313, 0.9243, 0.9154, 0.9181, 0.9237, 0.9275, 0.9194, 0.9149, 0.9279, 0.9283, 0.9252, 0.9206]","[151988, 152015, 152010, 152035, 152023, 152040, 152033, 152022, 152026, 152040, 152045, 152035, 152034, 152037, 152035, 152029, 152025, 152030, 152028, 152032, 152034, 152027, 152036, 152031, 152036, 152033, 152023, 1075]","[-12.7529, -13.6962, -14.3175, -13.8342, -14.0102, -15.3705, -16.0222, -15.4685, -16.9613, -18.0092, -18.6648, -20.1594, -20.591, -21.0799, -22.3545, -22.7252, -22.8219, -25.5922, -28.4073, -35.9091, -43.3006, -53.6257, -70.4831, -84.5294, -120.7505, -144.3684, -178.8536, -24.3839]",17,2
GSM_051,arithmetic_reasoning,canonical,Qwen/Qwen2.5-7B,-1,28,"[0.9806, 0.9859, 0.9657, 0.9575, 0.9547, 0.9518, 0.9419, 0.9285, 0.9177, 0.9242, 0.9249, 0.927, 0.9246, 0.9259, 0.9345, 0.9358, 0.9265, 0.9255, 0.9193, 0.9252, 0.9305, 0.9355, 0.9283, 0.9229, 0.9306, 0.93, 0.9316, 0.9351]","[151988, 152014, 152002, 152026, 152017, 152038, 152031, 152023, 152025, 152044, 152047, 152036, 152035, 152039, 152037, 152027, 152019, 152029, 152031, 152039, 152043, 152028, 152037, 152030, 152036, 152032, 152025, 695]","[-12.7354, -13.6767, -14.2043, -13.7252, -13.9732, -15.3109, -15.815, -15.4243, -16.54, -18.2785, -18.9659, -20.5339, -20.5477, -21.2574, -22.091, -22.3617, -22.1536, -26.1065, -27.7144, -37.6739, -47.152, -58.6265, -77.4204, -94.2282, -124.0935, -145.5039, -179.5698, -20.6525]",17,2
GSM_052,arithmetic_reasoning,canonical,Qwen/Qwen2.5-7B,-1,28,"[0.9747, 0.9801, 0.9628, 0.9546, 0.9473, 0.9462, 0.9408, 0.9282, 0.9151, 0.9192, 0.919, 0.9218, 0.9192, 0.9173, 0.9232, 0.9228, 0.9116, 0.9117, 0.9079, 0.9235, 0.9305, 0.9392, 0.9342, 0.9349, 0.941, 0.9411, 0.9329, 0.9275]","[147474, 150994, 151329, 150624, 149815, 151493, 151355, 151564, 151480, 151785, 151858, 151816, 151768, 151831, 151820, 151781, 151677, 151796, 151818, 151821, 151827, 151802, 151834, 151828, 151831, 151816, 151797, 20222]","[-12.4085, -13.0773, -13.5372, -13.0581, -13.1401, -14.0522, -14.6425, -14.5118, -15.3083, -16.1447, -17.3941, -18.7412, -18.3816, -19.23, -20.9801, -21.7214, -21.5716, -24.3751, -26.9461, -37.0472, -46.602, -61.0071, -80.5657, -97.506, -127.717, -148.8075, -172.7288, -41.5147]",22,7
GSM_053,arithmetic_reasoning,canonical,Qwen/Qwen2.5-7B,-1,28,"[0.9775, 0.9841, 0.9645, 0.9543, 0.9501, 0.9433, 0.9331, 0.9209, 0.9083, 0.9196, 0.9198, 0.9196, 0.9186, 0.9158, 0.9189, 0.92, 0.9087, 0.9065, 0.9062, 0.9153, 0.9191, 0.9257, 0.9213, 0.9176, 0.9197, 0.9216, 0.9208, 0.9202]","[151644, 151922, 151922, 151924, 151942, 151997, 151972, 151964, 151926, 152013, 152023, 152012, 152009, 152015, 152003, 151985, 151956, 151957, 151955, 151972, 151994, 151975, 152012, 152006, 152020, 152013, 151996, 58716]","[-12.6322, -13.6709, -14.2053, -13.4349, -13.7653, -15.1004, -15.5246, -15.1738, -15.6857, -17.2456, -18.2008, -19.809, -19.9987, -20.1379, -20.7528, -21.6428, -21.6765, -23.7751, -24.0812, -32.556, -42.4713, -53.8527, -75.6268, -90.9876, -122.6811, -142.0582, -180.5208, -47.7034]",18,3
GSM_054,arithmetic_reasoning,canonical,Qwen/Qwen2.5-7B,-1,28,"[0.9796, 0.9857, 0.9689, 0.9629, 0.9596, 0.9544, 0.9453, 0.9337, 0.9217, 0.9341, 0.9337, 0.9334, 0.93, 0.9212, 0.9295, 0.9309, 0.9229, 0.9247, 0.9205, 0.9328, 0.9382, 0.9431, 0.9405, 0.9413, 0.951, 0.9494, 0.9474, 0.9448]","[151936, 152019, 152013, 152022, 152016, 152041, 152036, 152032, 152039, 152050, 152052, 152048, 152044, 152048, 152042, 152034, 152025, 152030, 152030, 152033, 152035, 152024, 152027, 152028, 152040, 152036, 152027, 121]","[-12.7084, -13.8331, -14.4047, -13.7735, -13.9387, -15.3853, -15.9447, -15.6949, -17.188, -18.6347, -19.2524, -20.5552, -19.9838, -20.6568, -22.0138, -22.8898, -22.4626, -25.4286, -28.7004, -39.0413, -47.1069, -59.0657, -79.0384, -96.9226, -136.4059, -155.4949, -186.8203, -13.7849]",16,1
GSM_055,arithmetic_reasoning,canonical,Qwen/Qwen2.5-7B,-1,28,"[0.9761, 0.9838, 0.9638, 0.9577, 0.9552, 0.9538, 0.9455, 0.9347, 0.9233, 0.9341, 0.9329, 0.9343, 0.9291, 0.9258, 0.9324, 0.9306, 0.9192, 0.9098, 0.8954, 0.8881, 0.8746, 0.8818, 0.8715, 0.8714, 0.8887, 0.888, 0.8907, 0.9159]","[150594, 151621, 151689, 151810, 151742, 151878, 151746, 151733, 151438, 151885, 151941, 151840, 151847, 151868, 151862, 151853, 151737, 151839, 151662, 151750, 151795, 151543, 151753, 151675, 151830, 151713, 151631, 3703]","[-12.4936, -13.2307, -13.7073, -13.3032, -13.4648, -14.4843, -14.7225, -14.5555, -15.3321, -16.277, -17.2293, -18.4031, -19.1984, -19.4393, -19.9677, -20.3298, -20.4264, -23.355, -22.1733, -27.3454, -30.7866, -37.9142, -53.0373, -63.3424, -97.0208, -112.0654, -136.201, -27.874]",21,6
GSM_056,arithmetic_reasoning,canonical,Qwen/Qwen2.5-7B,-1,28,"[0.9734, 0.9787, 0.9604, 0.951, 0.9475, 0.9465, 0.935, 0.9215, 0.909, 0.9193, 0.9214, 0.9232, 0.9208, 0.9159, 0.9222, 0.9187, 0.9055, 0.9037, 0.9005, 0.8976, 0.9005, 0.9011, 0.8918, 0.8929, 0.8974, 0.8976, 0.9, 0.899]","[150817, 151656, 151713, 151756, 151627, 151857, 151695, 151654, 150898, 151890, 151927, 151850, 151834, 151858, 151834, 151841, 151714, 151837, 151772, 151839, 151859, 151814, 151853, 151846, 151923, 151893, 151836, 228]","[-12.4923, -13.1957, -13.6518, -13.276, -13.4002, -14.3687, -14.6096, -14.3796, -14.8719, -16.1585, -16.9662, -18.1167, -18.7568, -18.9617, -19.4903, -20.263, -19.989, -22.5629, -23.3946, -28.6744, -34.5049, -42.4541, -57.3298, -70.9051, -102.6787, -120.8673, -158.4531, -18.3052]",21,6
GSM_057,arithmetic_reasoning,canonical,Qwen/Qwen2.5-7B,-1,28,"[0.9774, 0.9831, 0.9666, 0.9602, 0.9588, 0.9523, 0.9444, 0.9341, 0.9257, 0.9379, 0.939, 0.9419, 0.9386, 0.9297, 0.9258, 0.9238, 0.9127, 0.907, 0.9059, 0.922, 0.9294, 0.9357, 0.9333, 0.9329, 0.935, 0.9324, 0.9297, 0.9226]","[151245, 151595, 151701, 150876, 150075, 151803, 151661, 151764, 151788, 151874, 151910, 151911, 151866, 151903, 151845, 151816, 151725, 151769, 151784, 151804, 151839, 151719, 151780, 151773, 151794, 151716, 151699, 1694]","[-12.5443, -13.2173, -13.7416, -13.0858, -13.1758, -14.3727, -14.7239, -14.6001, -15.7029, -16.3843, -17.1998, -18.4632, -18.2307, -18.423, -19.7196, -19.9859, -19.3345, -20.724, -22.1262, -28.7695, -36.5853, -46.0608, -64.0022, -79.4767, -103.7475, -119.0032, -157.4477, -19.7741]",23,8
GSM_058,arithmetic_reasoning,canonical,Qwen/Qwen2.5-7B,-1,28,"[0.9778, 0.9835, 0.963, 0.9549, 0.9504, 0.9497, 0.9391, 0.9295, 0.9209, 0.9349, 0.9332, 0.9325, 0.9284, 0.924, 0.9309, 0.9303, 0.9225, 0.9183, 0.9139, 0.9194, 0.9205, 0.9234, 0.9237, 0.9222, 0.9289, 0.9234, 0.9211, 0.9217]","[151992, 152019, 152005, 152025, 152019, 152039, 152026, 152014, 152025, 152038, 152040, 152032, 152032, 152035, 152034, 152025, 152015, 152027, 152028, 152033, 152033, 152027, 152030, 152033, 152038, 152029, 152017, 3566]","[-12.7489, -13.8905, -14.4281, -13.7941, -13.9965, -15.4712, -15.9686, -15.5892, -17.0255, -18.5278, -18.8365, -20.1748, -20.6081, -21.1908, -21.4738, -22.0384, -22.5525, -25.2454, -27.3083, -34.2515, -40.8892, -50.4786, -70.9183, -86.3057, -121.7525, -143.2487, -172.3819, -27.9519]",17,2
GSM_059,arithmetic_reasoning,canonical,Qwen/Qwen2.5-7B,-1,28,"[0.9768, 0.9823, 0.9575, 0.9479, 0.9479, 0.95, 0.9397, 0.9282, 0.9204, 0.9281, 0.9295, 0.9317, 0.9292, 0.9272, 0.9319, 0.9336, 0.9194, 0.9062, 0.8947, 0.9002, 0.9076, 0.9111, 0.9104, 0.906, 0.9136, 0.9078, 0.9114, 0.9082]","[151969, 152016, 152006, 152024, 152021, 152035, 152020, 152005, 151986, 152036, 152039, 152027, 152026, 152040, 152033, 152026, 152018, 152028, 152030, 152027, 152035, 152022, 152031, 152033, 152044, 152036, 152025, 10831]","[-12.6782, -13.6393, -14.1883, -13.7408, -13.9608, -15.1475, -15.5627, -15.1534, -15.771, -17.7724, -18.4059, -19.9998, -20.175, -20.7322, -21.163, -21.7835, -21.6975, -24.6831, -25.1797, -29.2522, -37.8888, -44.9666, -65.3755, -79.8809, -112.4299, -129.0865, -175.2176, -30.3416]",17,2
GSM_060,arithmetic_reasoning,canonical,Qwen/Qwen2.5-7B,-1,28,"[0.9771, 0.9831, 0.9627, 0.9556, 0.9543, 0.9526, 0.9443, 0.9339, 0.9216, 0.9307, 0.9313, 0.934, 0.9316, 0.9266, 0.9337, 0.933, 0.9221, 0.9163, 0.9154, 0.9199, 0.9216, 0.9273, 0.9231, 0.9231, 0.9294, 0.93, 0.9253, 0.9245]","[151342, 151835, 151823, 151639, 151499, 151866, 151687, 151675, 151587, 151910, 151987, 151946, 151913, 151959, 151926, 151901, 151859, 151914, 151830, 151829, 151853, 151776, 151846, 151790, 151856, 151718, 151684, 489]","[-12.5229, -13.303, -13.7513, -13.2138, -13.3426, -14.3613, -14.614, -14.5485, -15.2393, -16.5266, -17.6287, -18.8396, -18.9626, -19.3202, -20.0291, -20.4406, -20.4207, -23.2527, -24.3609, -31.4497, -37.4201, -46.7474, -64.254, -77.1972, -106.1931, -119.4599, -147.9427, -19.9671]",19,4
GSM_061,arithmetic_reasoning,canonical,Qwen/Qwen2.5-7B,-1,28,"[0.9807, 0.9854, 0.9672, 0.9615, 0.9554, 0.948, 0.9377, 0.9236, 0.9143, 0.9276, 0.9279, 0.93, 0.9285, 0.9263, 0.9336, 0.9345, 0.9249, 0.9214, 0.922, 0.9298, 0.9365, 0.9395, 0.9317, 0.9314, 0.9391, 0.9313, 0.924, 0.9332]","[151558, 151829, 151849, 151710, 151574, 151865, 151765, 151743, 151769, 151951, 152002, 151953, 151923, 151958, 151937, 151925, 151880, 151921, 151901, 151892, 151934, 151914, 151927, 151896, 151935, 151809, 151747, 728]","[-12.6031, -13.4214, -13.8895, -13.2592, -13.3957, -14.4668, -14.9136, -14.6153, -15.5941, -17.0178, -17.9062, -18.7406, -18.7746, -19.4999, -20.6654, -21.2149, -21.0396, -23.6209, -26.2826, -35.0438, -45.3045, -56.6337, -75.7184, -90.6763, -120.4462, -131.4342, -160.5404, -20.6352]",19,4
GSM_062,arithmetic_reasoning,canonical,Qwen/Qwen2.5-7B,27,28,"[0.9702, 0.9758, 0.9602, 0.9504, 0.9473, 0.9438, 0.9317, 0.9187, 0.9091, 0.9219, 0.9217, 0.9186, 0.9192, 0.9172, 0.9242, 0.9235, 0.9112, 0.904, 0.8894, 0.8788, 0.8665, 0.8625, 0.8639, 0.859, 0.8809, 0.8819, 0.8629, 0.871]","[151939, 152019, 152017, 152027, 152023, 152044, 152032, 152019, 152030, 152048, 152051, 152048, 152045, 152048, 152043, 152035, 152030, 152032, 152026, 152032, 152044, 152027, 152031, 152030, 152041, 152038, 152031, 1]","[-12.6963, -13.8235, -14.3933, -13.7926, -14.0308, -15.4698, -15.6927, -15.3494, -16.6129, -18.1647, -19.0468, -20.4067, -21.3658, -21.4194, -23.063, -23.2017, -22.6997, -25.7586, -25.9197, -28.5463, -31.289, -37.1197, -56.9343, -70.8436, -105.1747, -125.2643, -162.4576, -0.4724]",16,1
GSM_063,arithmetic_reasoning,canonical,Qwen/Qwen2.5-7B,-1,28,"[0.9714, 0.9783, 0.9625, 0.9535, 0.9499, 0.9468, 0.9364, 0.9245, 0.9189, 0.9345, 0.9338, 0.9332, 0.9311, 0.9253, 0.9321, 0.9322, 0.922, 0.9185, 0.9124, 0.9186, 0.9217, 0.9215, 0.9154, 0.9097, 0.9186, 0.9073, 0.8936, 0.9008]","[151928, 152017, 152013, 152025, 152018, 152039, 152025, 152018, 152026, 152044, 152050, 152047, 152047, 152049, 152043, 152033, 152028, 152031, 152029, 152041, 152044, 152024, 152033, 152032, 152042, 152033, 152026, 2405]","[-12.6834, -13.8123, -14.3451, -13.7082, -13.9178, -15.2249, -15.559, -15.2778, -16.7463, -18.2157, -19.0571, -20.1156, -20.8091, -21.1343, -22.3023, -22.7288, -22.4489, -25.2378, -26.4536, -34.8591, -42.7783, -51.2819, -70.184, -85.0777, -120.3252, -133.9188, -172.9592, -29.2577]",16,1
GSM_064,arithmetic_reasoning,canonical,Qwen/Qwen2.5-7B,-1,28,"[0.98, 0.9853, 0.9662, 0.9617, 0.9593, 0.9565, 0.9487, 0.9347, 0.9236, 0.9279, 0.926, 0.9283, 0.927, 0.9254, 0.9297, 0.9279, 0.9228, 0.9223, 0.9216, 0.9284, 0.9369, 0.9438, 0.9413, 0.9418, 0.9492, 0.9448, 0.9419, 0.9499]","[147491, 150932, 151254, 150752, 150839, 151493, 151423, 151565, 151405, 151841, 151904, 151826, 151809, 151840, 151835, 151821, 151785, 151780, 151801, 151802, 151829, 151760, 151818, 151807, 151822, 151805, 151740, 2097]","[-12.4024, -13.0615, -13.485, -13.0421, -13.2941, -14.0502, -14.6016, -14.4309, -15.2949, -16.2744, -17.5516, -18.1034, -18.3749, -19.2316, -20.7379, -21.4484, -21.4761, -23.4751, -25.1921, -34.803, -44.4843, -56.333, -75.9402, -93.0153, -120.1772, -136.7283, -164.9201, -25.6427]",22,7
CC_01,coin change,canonical,Qwen/Qwen2.5-7B,-1,28,"[0.9777, 0.9862, 0.9819, 0.9717, 0.9661, 0.9624, 0.9606, 0.9454, 0.9276, 0.934, 0.94, 0.942, 0.9381, 0.9341, 0.9372, 0.9387, 0.9294, 0.9255, 0.9237, 0.9318, 0.9364, 0.9418, 0.9232, 0.9254, 0.9372, 0.9384, 0.9344, 0.912]","[151913, 152017, 152001, 152020, 152017, 152042, 152035, 152040, 152036, 152048, 152046, 152039, 152038, 152046, 152035, 152030, 152034, 152040, 152038, 152039, 152044, 152039, 152037, 152036, 152034, 152036, 152030, 152010]","[-12.6895, -14.0639, -14.5494, -13.516, -13.836, -15.4078, -16.214, -16.3728, -16.8151, -19.2572, -19.2704, -19.4368, -18.1829, -19.7962, -23.228, -23.0713, -23.6628, -25.7274, -27.1324, -35.1868, -43.2859, -55.3594, -70.0624, -87.0101, -129.2705, -166.3757, -206.841, -146.5214]",17,2
CC_02,coin change,canonical,Qwen/Qwen2.5-7B,-1,28,"[0.9734, 0.9833, 0.9793, 0.9682, 0.9629, 0.9592, 0.9573, 0.9419, 0.9222, 0.9303, 0.9351, 0.938, 0.9343, 0.9297, 0.9344, 0.9354, 0.9246, 0.919, 0.917, 0.9257, 0.9313, 0.9374, 0.9169, 0.9191, 0.9311, 0.9329, 0.93, 0.9128]","[151910, 152016, 152001, 152019, 152016, 152041, 152035, 152040, 152036, 152047, 152046, 152039, 152038, 152047, 152037, 152030, 152034, 152040, 152039, 152039, 152044, 152039, 152037, 152036, 152034, 152035, 152030, 152010]","[-12.6853, -14.0581, -14.5266, -13.5147, -13.8384, -15.3988, -16.2455, -16.4175, -16.8416, -19.255, -19.2178, -19.5214, -18.216, -19.6971, -23.0631, -22.9189, -23.4229, -25.584, -26.8588, -34.9214, -43.1328, -55.1944, -69.8565, -86.3346, -128.3202, -165.1532, -205.5453, -144.9256]",17,2
CC_03,coin change,canonical,Qwen/Qwen2.5-7B,-1,28,"[0.9735, 0.9835, 0.9796, 0.9683, 0.9627, 0.9593, 0.9571, 0.9415, 0.9208, 0.9291, 0.9344, 0.9374, 0.9337, 0.9288, 0.9331, 0.9348, 0.9242, 0.9187, 0.9168, 0.9268, 0.932, 0.938, 0.9173, 0.9193, 0.9313, 0.933, 0.9302, 0.9125]","[151910, 152017, 152001, 152018, 152016, 152041, 152034, 152040, 152036, 152048, 152046, 152039, 152038, 152047, 152036, 152030, 152031, 152040, 152039, 152037, 152044, 152039, 152037, 152035, 152034, 152035, 152030, 152010]","[-12.6838, -14.0538, -14.5365, -13.5155, -13.8242, -15.4072, -16.2083, -16.3892, -16.776, -19.3428, -19.2669, -19.4835, -18.0646, -19.6683, -23.009, -22.7883, -23.2774, -25.5789, -26.7442, -34.8726, -43.107, -55.2719, -70.1126, -86.5643, -128.4251, -165.3897, -206.332, -146.6335]",17,2
CC_04,coin change,canonical,Qwen/Qwen2.5-7B,-1,28,"[0.978, 0.9866, 0.9826, 0.9733, 0.9689, 0.9662, 0.9658, 0.9534, 0.9377, 0.9436, 0.9472, 0.9497, 0.9453, 0.9407, 0.9422, 0.9445, 0.9348, 0.9291, 0.925, 0.9325, 0.9379, 0.9435, 0.9267, 0.928, 0.9403, 0.9407, 0.9385, 0.9189]","[151908, 152017, 152002, 152021, 152016, 152040, 152035, 152040, 152036, 152048, 152046, 152039, 152038, 152047, 152035, 152030, 152031, 152040, 152038, 152036, 152044, 152039, 152037, 152034, 152031, 152032, 152030, 152000]","[-12.6807, -14.0667, -14.558, -13.5284, -13.8456, -15.3938, -16.1984, -16.3713, -16.8205, -19.2802, -19.3303, -19.4998, -18.0831, -19.5764, -22.8166, -22.6369, -23.0538, -25.3629, -26.5264, -34.5351, -42.8714, -55.1118, -69.8953, -86.2729, -128.2545, -164.4581, -205.3765, -145.252]",17,2
CC_05,coin change,canonical,Qwen/Qwen2.5-7B,-1,28,"[0.9781, 0.9865, 0.9824, 0.9726, 0.9677, 0.9649, 0.964, 0.951, 0.9354, 0.9414, 0.9455, 0.9476, 0.9431, 0.9385, 0.94, 0.9425, 0.9328, 0.9279, 0.9247, 0.9332, 0.9383, 0.9438, 0.9268, 0.9278, 0.9395, 0.9402, 0.9377, 0.9147]","[151910, 152017, 152001, 152018, 152016, 152041, 152034, 152040, 152036, 152048, 152046, 152039, 152038, 152047, 152037, 152030, 152034, 152040, 152039, 152037, 152044, 152039, 152037, 152036, 152034, 152035, 152030, 152012]","[-12.6836, -14.051, -14.5348, -13.5128, -13.8219, -15.3995, -16.2007, -16.3786, -16.7651, -19.3347, -19.2532, -19.4888, -18.0577, -19.6464, -23.0057, -22.7915, -23.2634, -25.5719, -26.7763, -34.8222, -43.0458, -55.2023, -69.9901, -86.3462, -128.3429, -165.1459, -206.0453, -147.8886]",17,2
CC_06,coin change,canonical,Qwen/Qwen2.5-7B,-1,28,"[0.9778, 0.9864, 0.9819, 0.9716, 0.9657, 0.9627, 0.961, 0.9463, 0.9283, 0.9358, 0.9414, 0.9436, 0.9402, 0.9357, 0.939, 0.9411, 0.9318, 0.927, 0.9249, 0.933, 0.9374, 0.9424, 0.9226, 0.9246, 0.9364, 0.9376, 0.9338, 0.9103]","[151189, 151883, 151869, 151731, 151821, 151999, 151973, 151990, 151980, 152018, 152025, 151993, 151972, 152000, 151988, 151966, 151982, 151990, 151992, 151992, 152014, 152007, 152016, 152016, 152012, 152012, 152004, 151963]","[-12.5397, -13.6833, -14.1314, -13.1569, -13.4226, -14.8438, -15.4782, -15.6723, -15.9983, -18.4661, -18.5524, -18.5536, -17.0682, -18.4338, -21.8022, -21.6189, -21.9994, -24.0746, -25.197, -32.5802, -40.7288, -52.544, -67.5896, -83.5021, -123.4341, -158.3362, -197.9905, -138.9743]",18,3
CC_07,coin change,canonical,Qwen/Qwen2.5-7B,-1,28,"[0.9779, 0.9864, 0.982, 0.9717, 0.9657, 0.9627, 0.9609, 0.9462, 0.9282, 0.9354, 0.9409, 0.9432, 0.9396, 0.9354, 0.9388, 0.9404, 0.9311, 0.9263, 0.9244, 0.9334, 0.9378, 0.9431, 0.9236, 0.9257, 0.9371, 0.9384, 0.9343, 0.9115]","[151910, 152016, 152001, 152018, 152016, 152041, 152035, 152040, 152036, 152048, 152046, 152039, 152038, 152047, 152037, 152030, 152034, 152040, 152038, 152038, 152044, 152039, 152037, 152035, 152034, 152035, 152030, 152011]","[-12.683, -14.0464, -14.5212, -13.4972, -13.8138, -15.4051, -16.2127, -16.3907, -16.7829, -19.3555, -19.2406, -19.4898, -18.0917, -19.693, -23.0234, -22.7936, -23.3049, -25.6783, -26.9252, -35.0438, -43.217, -55.4863, -70.33, -86.8545, -128.7122, -165.6398, -206.2628, -147.8156]",17,2
CC_08,coin change,canonical,Qwen/Qwen2.5-7B,-1,28,"[0.9778, 0.9864, 0.9819, 0.9716, 0.9659, 0.9627, 0.9611, 0.9461, 0.928, 0.9356, 0.9412, 0.9433, 0.9399, 0.9356, 0.9389, 0.9406, 0.931, 0.9257, 0.9239, 0.9332, 0.9378, 0.9427, 0.9233, 0.9253, 0.9371, 0.9381, 0.9345, 0.9122]","[151907, 152017, 152001, 152021, 152017, 152041, 152035, 152040, 152036, 152048, 152046, 152039, 152038, 152047, 152037, 152030, 152033, 152040, 152039, 152037, 152044, 152038, 152037, 152035, 152034, 152035, 152030, 152010]","[-12.6831, -14.0698, -14.5494, -13.5246, -13.833, -15.4171, -16.2332, -16.4125, -16.8468, -19.3514, -19.3017, -19.5162, -18.1318, -19.6343, -22.918, -22.75, -23.1921, -25.5381, -26.7559, -34.8767, -43.221, -55.451, -70.1723, -86.595, -128.5594, -165.2136, -206.4954, -145.7493]",17,2
CC_09,coin change,canonical,Qwen/Qwen2.5-7B,-1,28,"[0.9779, 0.9865, 0.9821, 0.972, 0.9667, 0.9636, 0.9621, 0.9477, 0.93, 0.9368, 0.9422, 0.9441, 0.9408, 0.9369, 0.9398, 0.9416, 0.9318, 0.9274, 0.9249, 0.9331, 0.9381, 0.943, 0.9244, 0.9265, 0.9382, 0.9393, 0.9357, 0.914]","[151068, 151828, 151806, 151617, 151708, 151956, 151954, 151945, 151929, 151959, 151968, 151879, 151774, 151900, 151889, 151841, 151888, 151877, 151859, 151900, 151943, 151916, 151906, 151893, 151880, 151913, 151884, 151796]","[-12.5292, -13.6032, -14.0338, -13.1216, -13.3631, -14.6249, -15.3551, -15.4091, -15.7118, -17.5955, -17.7514, -17.8572, -16.4516, -17.7289, -20.9517, -20.7604, -21.2466, -23.0811, -23.7004, -31.2205, -38.9495, -50.1693, -63.6492, -78.4894, -117.2563, -151.5287, -188.2332, -137.4682]",20,5
CC_10,coin change,canonical,Qwen/Qwen2.5-7B,-1,28,"[0.9756, 0.985, 0.9807, 0.9709, 0.9652, 0.9613, 0.9601, 0.946, 0.9282, 0.9356, 0.9418, 0.9442, 0.9402, 0.9359, 0.9383, 0.9397, 0.9285, 0.9235, 0.9194, 0.9292, 0.9341, 0.9401, 0.9202, 0.9227, 0.9351, 0.9367, 0.9333, 0.9065]","[142642, 150982, 150966, 147238, 148256, 151556, 151541, 151775, 151830, 151896, 151845, 151748, 151598, 151735, 151702, 151626, 151659, 151732, 151705, 151812, 151840, 151836, 151868, 151848, 151831, 151837, 151808, 151450]","[-12.335, -13.2728, -13.6413, -12.7808, -12.9819, -14.0784, -14.6801, -14.9727, -15.439, -17.3424, -17.172, -17.3503, -16.1102, -17.197, -20.2031, -20.0674, -20.3887, -22.3287, -22.89, -30.3436, -37.7366, -48.7095, -62.8621, -76.942, -114.796, -146.9014, -182.6934, -134.8222]",22,7
SP_001,algorithmic,canonical,Qwen/Qwen2.5-7B,-1,28,"[0.9676, 0.9788, 0.9603, 0.9506, 0.9419, 0.9389, 0.9423, 0.9335, 0.9174, 0.9293, 0.9323, 0.9321, 0.9234, 0.9171, 0.9206, 0.9232, 0.9216, 0.9213, 0.92, 0.9248, 0.9301, 0.9366, 0.9338, 0.9367, 0.9456, 0.9458, 0.938, 0.8959]","[152029, 152017, 152003, 152031, 152022, 152023, 151995, 152009, 152007, 152025, 152014, 151998, 151943, 151984, 151983, 152001, 151996, 152008, 152000, 152001, 152005, 152002, 152020, 152026, 152019, 152014, 151992, 151907]","[-12.8396, -14.0385, -14.5134, -13.9316, -14.1773, -15.3494, -15.7836, -15.9181, -15.9916, -19.3996, -18.1595, -18.813, -17.1242, -18.2798, -21.4284, -22.398, -22.1785, -24.8631, -25.3101, -32.0319, -41.4899, -53.2656, -70.1592, -87.6758, -122.3253, -154.0098, -189.4889, -135.9008]",15,0
SP_002,algorithmic,canonical,Qwen/Qwen2.5-7B,-1,28,"[0.9665, 0.9748, 0.9669, 0.9603, 0.9532, 0.9466, 0.9456, 0.9378, 0.9174, 0.9306, 0.9346, 0.9331, 0.9258, 0.92, 0.927, 0.9294, 0.9225, 0.9151, 0.9107, 0.9162, 0.9211, 0.9278, 0.9224, 0.9234, 0.9386, 0.9413, 0.9441, 0.9199]","[151543, 152007, 152012, 152033, 152042, 152045, 152038, 152046, 152044, 152052, 152050, 152049, 152044, 152049, 152042, 152042, 152045, 152048, 152043, 152050, 152052, 152050, 152050, 152052, 152052, 152052, 152047, 152019]","[-12.5836, -13.8734, -14.502, -13.959, -14.3878, -15.5362, -16.2022, -16.2756, -16.7546, -20.3959, -19.2962, -20.4501, -18.4093, -19.4086, -22.8267, -23.5714, -23.4962, -26.3548, -27.2092, -33.9534, -44.3081, -56.1989, -73.1782, -91.4376, -131.9984, -164.2799, -206.4824, -141.4889]",16,1
SP_003,algorithmic,canonical,Qwen/Qwen2.5-7B,-1,28,"[0.9464, 0.9659, 0.9411, 0.927, 0.9178, 0.9138, 0.9124, 0.8987, 0.8811, 0.8997, 0.9077, 0.9033, 0.89, 0.8881, 0.8929, 0.896, 0.8886, 0.8818, 0.872, 0.885, 0.8915, 0.9022, 0.8958, 0.8976, 0.9184, 0.9209, 0.9216, 0.9008]","[151586, 152015, 152023, 152045, 152041, 152044, 152033, 152029, 152043, 152051, 152048, 152045, 152037, 152044, 152043, 152041, 152043, 152046, 152045, 152047, 152049, 152051, 152051, 152053, 152053, 152053, 152052, 131451]","[-12.5603, -14.0241, -14.4733, -13.8629, -14.1766, -15.4398, -15.7437, -15.8871, -16.3767, -19.4652, -18.9333, -18.9949, -16.8097, -19.1391, -22.5161, -22.7804, -24.0167, -26.1494, -27.2381, -33.9893, -43.3939, -56.6731, -76.1445, -93.9524, -134.8353, -169.9811, -210.8202, -57.9225]",16,1
SP_004,algorithmic,canonical,Qwen/Qwen2.5-7B,-1,28,"[0.9772, 0.9785, 0.9681, 0.9606, 0.9511, 0.9416, 0.9396, 0.9276, 0.9086, 0.923, 0.924, 0.9256, 0.9185, 0.9144, 0.9223, 0.923, 0.918, 0.9128, 0.9117, 0.9196, 0.9247, 0.9309, 0.9266, 0.9272, 0.9416, 0.9432, 0.9443, 0.9229]","[152034, 152019, 152001, 152032, 152026, 152024, 152000, 152007, 152008, 152031, 152020, 151996, 151952, 151974, 151975, 151999, 151987, 151997, 151974, 151995, 152001, 152005, 152020, 152023, 152019, 152008, 151993, 151911]","[-12.836, -13.7448, -14.3187, -13.9521, -14.1911, -15.7441, -16.1643, -16.1309, -16.1543, -19.7072, -18.6049, -19.0719, -17.3437, -18.2077, -21.5089, -22.1413, -21.9445, -24.5966, -25.1869, -31.9218, -42.812, -53.0503, -69.7568, -85.9037, -122.3283, -151.2124, -192.4461, -140.4845]",15,0
SP_005,algorithmic,canonical,Qwen/Qwen2.5-7B,-1,28,"[0.9482, 0.9716, 0.9458, 0.9336, 0.9301, 0.9311, 0.9352, 0.9224, 0.9009, 0.9172, 0.9232, 0.9209, 0.911, 0.9123, 0.9204, 0.9252, 0.926, 0.9278, 0.9299, 0.9363, 0.943, 0.9484, 0.943, 0.944, 0.9532, 0.953, 0.9408, 0.899]","[152029, 152015, 151996, 152030, 152018, 152019, 151986, 152000, 151985, 152022, 152013, 151998, 151929, 151979, 151973, 151994, 151991, 152005, 151999, 151998, 152007, 152006, 152022, 152027, 152021, 152013, 151999, 151925]","[-12.8353, -14.184, -14.5945, -13.6913, -13.9079, -15.0873, -15.5059, -15.5334, -15.9004, -19.2231, -18.2712, -18.9695, -16.8316, -18.2385, -21.3726, -21.888, -21.8886, -24.1292, -25.1182, -31.3715, -40.362, -51.1791, -67.2729, -85.1076, -120.5195, -148.843, -187.8641, -139.2807]",15,0
WIS_001,algorithmic,canonical,Qwen/Qwen2.5-7B,-1,28,"[0.9813, 0.9798, 0.969, 0.9621, 0.954, 0.9504, 0.9488, 0.9396, 0.9167, 0.9233, 0.9242, 0.9226, 0.9169, 0.912, 0.927, 0.9316, 0.9304, 0.934, 0.9373, 0.9452, 0.9473, 0.9499, 0.947, 0.9484, 0.957, 0.9543, 0.948, 0.9578]","[152029, 152015, 152001, 152027, 152020, 152023, 151999, 152007, 152005, 152031, 152015, 151988, 151958, 151964, 151955, 151987, 151948, 151977, 151973, 151996, 151998, 152001, 152019, 152021, 152016, 152008, 151993, 143348]","[-12.8472, -13.7463, -14.3764, -13.8324, -14.0699, -15.4721, -15.974, -16.0557, -16.141, -18.693, -18.1477, -18.5375, -17.4039, -18.1724, -20.747, -21.3903, -20.9649, -23.359, -25.0628, -32.1013, -41.2517, -53.5122, -69.7751, -87.6445, -125.8138, -159.5745, -190.4176, -101.1116]",15,0
WIS_002,algorithmic,canonical,Qwen/Qwen2.5-7B,-1,28,"[0.9746, 0.9787, 0.9669, 0.953, 0.9403, 0.9398, 0.9411, 0.9326, 0.9129, 0.9236, 0.9232, 0.9226, 0.9172, 0.9089, 0.9189, 0.9214, 0.9192, 0.9246, 0.9257, 0.9322, 0.9351, 0.9406, 0.939, 0.9427, 0.9533, 0.9538, 0.948, 0.9197]","[151757, 152013, 152021, 152032, 152045, 152048, 152043, 152046, 152044, 152056, 152052, 152051, 152041, 152046, 152040, 152040, 152036, 152041, 152040, 152045, 152050, 152045, 152048, 152051, 152051, 152051, 152046, 152030]","[-12.6189, -13.8609, -14.6085, -13.8022, -14.2987, -15.8639, -16.6194, -16.6305, -16.727, -20.2652, -19.4246, -20.1736, -18.8889, -19.9232, -22.4165, -22.9296, -22.4508, -25.1749, -26.338, -33.6445, -44.072, -56.8255, -71.4718, -90.2476, -131.6672, -168.7686, -206.7419, -174.5496]",16,1
WIS_003,algorithmic,canonical,Qwen/Qwen2.5-7B,-1,28,"[0.9653, 0.9763, 0.9526, 0.9352, 0.9244, 0.9248, 0.9287, 0.916, 0.8908, 0.9085, 0.9154, 0.9151, 0.9114, 0.9075, 0.9145, 0.9194, 0.9183, 0.9273, 0.9247, 0.9241, 0.9254, 0.9318, 0.9319, 0.9375, 0.9483, 0.9498, 0.9416, 0.9205]","[151765, 152014, 152021, 152032, 152046, 152048, 152038, 152045, 152045, 152053, 152052, 152050, 152040, 152044, 152035, 152038, 152032, 152044, 152040, 152044, 152049, 152044, 152047, 152050, 152051, 152051, 152046, 152030]","[-12.622, -13.937, -14.6816, -13.8609, -14.3347, -15.8653, -16.4878, -16.5866, -16.9277, -20.0685, -19.5493, -20.4094, -18.9156, -19.7327, -22.4783, -23.1586, -22.0767, -25.9452, -26.7017, -32.8641, -42.7316, -54.1892, -68.4687, -86.774, -126.6004, -164.8263, -202.4197, -177.1857]",16,1
WIS_004,algorithmic,canonical,Qwen/Qwen2.5-7B,-1,28,"[0.9656, 0.9783, 0.9553, 0.9407, 0.9298, 0.9275, 0.9284, 0.9112, 0.8845, 0.9003, 0.9045, 0.904, 0.8962, 0.8841, 0.8954, 0.8976, 0.8938, 0.9029, 0.8989, 0.9132, 0.9165, 0.9234, 0.9234, 0.9295, 0.9428, 0.9451, 0.9364, 0.9151]","[152033, 152015, 151993, 152021, 152016, 152022, 151999, 152007, 152012, 152033, 152017, 152004, 151965, 151967, 151948, 151979, 151945, 151971, 151958, 151985, 151993, 152000, 152019, 152018, 152014, 152006, 151996, 151909]","[-12.8462, -14.0102, -14.5436, -13.751, -13.9739, -15.3496, -15.9763, -15.9344, -16.2669, -18.9488, -18.1533, -18.7602, -17.2445, -17.6976, -20.1672, -20.8795, -20.3544, -23.0317, -24.0641, -30.6322, -39.3965, -52.0822, -67.3127, -84.156, -121.4333, -155.4642, -192.0539, -159.7035]",15,0
WIS_005,algorithmic,canonical,Qwen/Qwen2.5-7B,-1,28,"[0.9655, 0.9788, 0.9576, 0.9456, 0.9392, 0.9391, 0.9413, 0.9279, 0.9021, 0.9183, 0.9273, 0.9268, 0.9209, 0.9151, 0.9209, 0.922, 0.9159, 0.9256, 0.9237, 0.9215, 0.9191, 0.9268, 0.929, 0.9353, 0.948, 0.951, 0.9429, 0.9227]","[151948, 152019, 152022, 152038, 152041, 152049, 152040, 152042, 152040, 152048, 152048, 152047, 152038, 152034, 152029, 152017, 152009, 152030, 152027, 152032, 152043, 152036, 152044, 152046, 152045, 152041, 152038, 152022]","[-12.6971, -13.9899, -14.6503, -13.9702, -14.2934, -15.6852, -16.3187, -16.3758, -16.6322, -19.8447, -18.8416, -20.0139, -18.2832, -18.991, -21.3678, -20.9765, -19.8951, -23.6657, -24.317, -30.8383, -40.0303, -51.7754, -65.1765, -83.1334, -120.8828, -157.7741, -195.3274, -170.371]",17,2
CC_031,algorithmic,canonical,Qwen/Qwen2.5-7B,-1,28,"[0.9847, 0.9874, 0.9836, 0.9719, 0.963, 0.9531, 0.9498, 0.9448, 0.9228, 0.9148, 0.9182, 0.9167, 0.8982, 0.8748, 0.8785, 0.8738, 0.8521, 0.8567, 0.861, 0.8765, 0.8785, 0.8927, 0.881, 0.8908, 0.9089, 0.9082, 0.9104, 0.9079]","[151175, 151811, 151805, 151745, 151785, 151957, 151965, 151960, 151915, 151955, 151957, 151875, 151742, 151878, 151811, 151683, 151833, 151887, 151862, 151916, 151940, 151929, 151897, 151883, 151867, 151878, 151855, 81974]","[-12.5713, -13.5579, -14.0327, -13.2177, -13.4694, -14.563, -15.4792, -15.4504, -15.6213, -17.2509, -17.5301, -17.7408, -16.2267, -17.4081, -20.166, -19.6419, -20.1802, -22.7255, -24.2005, -31.8842, -37.6515, -50.3762, -62.8973, -80.7149, -115.3363, -147.1259, -187.667, -49.0789]",20,5
CC_032,algorithmic,canonical,Qwen/Qwen2.5-7B,-1,28,"[0.9848, 0.9873, 0.9834, 0.9716, 0.9623, 0.9516, 0.9485, 0.9435, 0.9215, 0.9138, 0.9168, 0.9152, 0.8965, 0.873, 0.8786, 0.8746, 0.8533, 0.8576, 0.8618, 0.8794, 0.8823, 0.8957, 0.8846, 0.8932, 0.9111, 0.9105, 0.9123, 0.9083]","[151147, 151827, 151816, 151659, 151725, 151935, 151902, 151917, 151942, 151973, 151986, 151959, 151904, 151976, 151922, 151843, 151901, 151943, 151927, 151974, 151983, 151970, 151965, 151961, 151932, 151940, 151907, 98042]","[-12.5671, -13.5635, -14.0444, -13.178, -13.4337, -14.4818, -15.2452, -15.2581, -15.6782, -17.3758, -17.8332, -18.1478, -16.5985, -18.0224, -20.7984, -20.1277, -20.5406, -23.2315, -24.8377, -33.0135, -38.8916, -51.5039, -64.9427, -83.2865, -118.7902, -150.7848, -191.3588, -50.8744]",19,4
CC_033,algorithmic,canonical,Qwen/Qwen2.5-7B,-1,28,"[0.9847, 0.9872, 0.9837, 0.9718, 0.9627, 0.9532, 0.9497, 0.9447, 0.9221, 0.9145, 0.9176, 0.9163, 0.8981, 0.8749, 0.8794, 0.875, 0.8537, 0.8579, 0.8615, 0.8775, 0.8794, 0.8937, 0.8818, 0.891, 0.9091, 0.9086, 0.9107, 0.9074]","[151834, 152011, 152009, 152016, 152026, 152042, 152037, 152049, 152043, 152051, 152051, 152048, 152041, 152050, 152040, 152030, 152033, 152045, 152036, 152041, 152048, 152046, 152044, 152047, 152046, 152045, 152043, 113449]","[-12.6928, -13.977, -14.5697, -13.6077, -13.9862, -15.3005, -16.325, -16.5002, -16.7758, -19.0682, -19.3694, -19.9281, -18.1663, -19.525, -22.7031, -22.1057, -22.4266, -25.3699, -26.9165, -35.5933, -42.1741, -56.3059, -71.0152, -91.8341, -131.6851, -166.4951, -213.1663, -55.2457]",16,1
CC_034,algorithmic,canonical,Qwen/Qwen2.5-7B,-1,28,"[0.9848, 0.9873, 0.9834, 0.9714, 0.962, 0.9514, 0.9487, 0.9436, 0.922, 0.9143, 0.9176, 0.9157, 0.8977, 0.8739, 0.8787, 0.8748, 0.854, 0.858, 0.8608, 0.8764, 0.8787, 0.8927, 0.8814, 0.8906, 0.9086, 0.9082, 0.9103, 0.9072]","[151466, 151885, 151882, 151896, 151920, 152006, 151979, 151996, 151971, 152018, 152021, 151996, 151959, 151989, 151960, 151913, 151937, 151993, 151990, 151995, 152009, 152007, 152009, 152013, 152005, 151997, 151983, 113204]","[-12.6088, -13.6517, -14.1736, -13.3239, -13.5951, -14.8242, -15.5475, -15.6805, -15.8432, -18.0694, -18.3473, -18.561, -16.9059, -18.1956, -21.0847, -20.489, -20.8347, -23.6682, -25.6018, -33.4505, -39.8521, -53.0475, -67.0708, -86.6331, -122.8753, -155.692, -199.0248, -54.7578]",18,3
CC_035,algorithmic,canonical,Qwen/Qwen2.5-7B,-1,28,"[0.9847, 0.9874, 0.9836, 0.9719, 0.9628, 0.9528, 0.9495, 0.9444, 0.9224, 0.9145, 0.9177, 0.9163, 0.8975, 0.8745, 0.8791, 0.8741, 0.8528, 0.8575, 0.8616, 0.8776, 0.8796, 0.8935, 0.8819, 0.8913, 0.9093, 0.9087, 0.9104, 0.9073]","[150902, 151575, 151578, 150770, 150642, 151828, 151837, 151935, 151919, 151959, 151926, 151866, 151815, 151854, 151687, 151622, 151659, 151798, 151803, 151870, 151916, 151877, 151861, 151861, 151837, 151832, 151792, 77639]","[-12.5474, -13.4035, -13.8357, -13.0112, -13.1894, -14.2547, -15.1094, -15.3553, -15.6398, -17.2722, -17.3574, -17.717, -16.402, -17.3311, -19.7593, -19.4861, -19.6477, -22.2367, -23.7968, -31.4677, -37.4899, -49.4818, -62.2635, -79.9458, -114.1561, -144.3562, -182.4368, -48.0777]",23,8
CC_036,algorithmic,canonical,Qwen/Qwen2.5-7B,-1,28,"[0.9846, 0.9872, 0.9837, 0.9717, 0.9625, 0.9531, 0.9498, 0.9449, 0.9226, 0.9149, 0.9187, 0.917, 0.8993, 0.8756, 0.8799, 0.8755, 0.8543, 0.8582, 0.8613, 0.8768, 0.8782, 0.8922, 0.8806, 0.8897, 0.9081, 0.9076, 0.9095, 0.9062]","[151834, 152012, 152009, 152016, 152026, 152042, 152037, 152049, 152044, 152051, 152051, 152047, 152041, 152050, 152040, 152029, 152032, 152044, 152036, 152041, 152048, 152046, 152044, 152047, 152046, 152045, 152043, 114030]","[-12.6926, -13.9797, -14.5696, -13.6052, -13.9853, -15.3038, -16.3351, -16.5202, -16.8148, -19.1054, -19.401, -19.9265, -18.1645, -19.5214, -22.6823, -22.1075, -22.3939, -25.265, -26.8421, -35.5275, -42.161, -56.2351, -71.1012, -91.8875, -131.9242, -166.6648, -212.6871, -55.3256]",16,1
CC_037,algorithmic,canonical,Qwen/Qwen2.5-7B,-1,28,"[0.9848, 0.9873, 0.9833, 0.9716, 0.9623, 0.9517, 0.9484, 0.9435, 0.9214, 0.9136, 0.9168, 0.9155, 0.8975, 0.8745, 0.88, 0.8757, 0.8545, 0.8584, 0.8615, 0.8776, 0.8801, 0.8938, 0.8829, 0.8921, 0.9098, 0.9091, 0.9112, 0.9084]","[151836, 152012, 152009, 152016, 152026, 152042, 152036, 152049, 152042, 152051, 152051, 152048, 152041, 152050, 152040, 152030, 152033, 152045, 152037, 152041, 152047, 152047, 152045, 152049, 152047, 152046, 152043, 116308]","[-12.6931, -13.9813, -14.5785, -13.6119, -13.9797, -15.3034, -16.2997, -16.4607, -16.7449, -19.0839, -19.3811, -19.8894, -18.1038, -19.5561, -22.7365, -22.0509, -22.3603, -25.4335, -27.0457, -35.608, -42.2411, -56.2987, -71.0223, -92.4644, -131.9328, -167.981, -213.7824, -54.9819]",16,1
CC_038,algorithmic,canonical,Qwen/Qwen2.5-7B,-1,28,"[0.9848, 0.9874, 0.9833, 0.9717, 0.9625, 0.9518, 0.9487, 0.9436, 0.9215, 0.9139, 0.9169, 0.9156, 0.8975, 0.8738, 0.8782, 0.8738, 0.8522, 0.8566, 0.8599, 0.8761, 0.8787, 0.8926, 0.8812, 0.8907, 0.9087, 0.9081, 0.9104, 0.9082]","[150080, 151566, 151615, 151631, 151781, 151921, 151924, 151967, 151924, 151973, 151976, 151906, 151851, 151891, 151781, 151678, 151756, 151873, 151849, 151894, 151920, 151905, 151905, 151910, 151888, 151878, 151842, 95222]","[-12.5014, -13.3912, -13.8553, -13.1677, -13.4623, -14.46, -15.2953, -15.4552, -15.623, -17.4031, -17.7193, -17.8547, -16.4712, -17.5472, -20.0602, -19.5507, -19.8515, -22.718, -24.2492, -31.9383, -37.7908, -50.1576, -63.4604, -82.0871, -116.8818, -147.9198, -187.4749, -50.9035]",21,6
CC_039,algorithmic,canonical,Qwen/Qwen2.5-7B,-1,28,"[0.9848, 0.9873, 0.9835, 0.9717, 0.9623, 0.9518, 0.9483, 0.9435, 0.9214, 0.9145, 0.9175, 0.9159, 0.8973, 0.8741, 0.8792, 0.8756, 0.8547, 0.8585, 0.8616, 0.8779, 0.8798, 0.8937, 0.8829, 0.8927, 0.9106, 0.9112, 0.9133, 0.9074]","[151177, 151828, 151816, 151650, 151722, 151935, 151901, 151916, 151943, 151972, 151985, 151959, 151896, 151975, 151921, 151826, 151899, 151937, 151923, 151971, 151981, 151963, 151958, 151957, 151927, 151931, 151902, 107752]","[-12.5708, -13.5573, -14.0405, -13.1715, -13.4259, -14.4811, -15.2333, -15.245, -15.6683, -17.3981, -17.8368, -18.1595, -16.5591, -17.96, -20.6575, -19.9203, -20.4692, -23.0659, -24.7587, -33.1087, -38.875, -51.5406, -65.0714, -83.7658, -118.8702, -151.4201, -193.2737, -55.6113]",19,4
CC_040,algorithmic,canonical,Qwen/Qwen2.5-7B,-1,28,"[0.9848, 0.9874, 0.9836, 0.972, 0.9628, 0.9527, 0.9493, 0.9444, 0.9222, 0.9144, 0.9173, 0.916, 0.8974, 0.8746, 0.8785, 0.874, 0.853, 0.8579, 0.8617, 0.8782, 0.8798, 0.8937, 0.8832, 0.8935, 0.9116, 0.9118, 0.9139, 0.9089]","[151950, 152017, 152004, 152028, 152023, 152037, 152034, 152041, 152033, 152047, 152046, 152038, 152039, 152047, 152033, 152021, 152024, 152043, 152037, 152040, 152044, 152039, 152038, 152037, 152033, 152035, 152028, 126277]","[-12.7627, -14.0087, -14.5475, -13.6707, -13.9581, -15.278, -16.2652, -16.3157, -16.5466, -18.8031, -19.0072, -19.5619, -17.9801, -19.3238, -22.3161, -21.6448, -22.0194, -25.1208, -26.9639, -35.4817, -41.8174, -55.4891, -69.9787, -89.9298, -127.8691, -162.517, -208.3893, -59.2629]",17,2
CC_041,algorithmic,canonical,Qwen/Qwen2.5-7B,-1,28,"[0.9849, 0.9874, 0.9835, 0.9717, 0.9623, 0.9516, 0.9481, 0.9431, 0.9207, 0.9132, 0.9162, 0.9148, 0.8958, 0.8731, 0.878, 0.8736, 0.8527, 0.8566, 0.8595, 0.8766, 0.8779, 0.8925, 0.8818, 0.8925, 0.9107, 0.9116, 0.9136, 0.9068]","[151182, 151810, 151809, 151736, 151755, 151952, 151964, 151953, 151908, 151955, 151959, 151879, 151731, 151878, 151807, 151672, 151840, 151886, 151859, 151917, 151945, 151931, 151897, 151891, 151870, 151890, 151857, 90147]","[-12.5711, -13.5382, -14.0252, -13.2128, -13.4462, -14.5645, -15.4411, -15.3966, -15.5528, -17.2743, -17.5437, -17.7259, -16.125, -17.4368, -20.1594, -19.5245, -20.3117, -22.6963, -24.2557, -32.1725, -38.0084, -50.5112, -63.2082, -81.1864, -115.6887, -148.359, -189.5662, -51.3345]",20,5
CC_042,algorithmic,canonical,Qwen/Qwen2.5-7B,-1,28,"[0.9846, 0.9872, 0.9831, 0.9717, 0.9628, 0.9513, 0.948, 0.943, 0.9206, 0.9135, 0.9169, 0.9158, 0.8961, 0.8733, 0.8775, 0.8734, 0.8524, 0.8563, 0.8596, 0.8758, 0.8768, 0.8913, 0.8803, 0.8912, 0.9094, 0.9102, 0.912, 0.9062]","[151831, 152012, 152010, 152018, 152026, 152042, 152037, 152049, 152041, 152051, 152051, 152048, 152041, 152050, 152040, 152029, 152033, 152044, 152035, 152041, 152047, 152047, 152044, 152049, 152047, 152046, 152044, 118381]","[-12.693, -13.9827, -14.5814, -13.6247, -14.0112, -15.2782, -16.303, -16.4701, -16.7324, -19.0398, -19.436, -19.8951, -18.0938, -19.4467, -22.6646, -22.0747, -22.4812, -25.3471, -27.0237, -35.6887, -42.0747, -56.3402, -71.1489, -92.7837, -131.6001, -167.5832, -214.3599, -56.0899]",16,1
CC_043,algorithmic,canonical,Qwen/Qwen2.5-7B,-1,28,"[0.9847, 0.9873, 0.9836, 0.972, 0.9628, 0.9527, 0.9492, 0.944, 0.9216, 0.9138, 0.9173, 0.916, 0.8977, 0.8747, 0.8794, 0.8749, 0.8537, 0.8579, 0.8607, 0.8777, 0.8791, 0.8935, 0.8837, 0.8941, 0.9121, 0.913, 0.9151, 0.9084]","[150095, 151560, 151605, 151616, 151776, 151918, 151924, 151966, 151925, 151974, 151975, 151905, 151850, 151885, 151771, 151657, 151753, 151867, 151842, 151897, 151924, 151908, 151904, 151911, 151890, 151881, 151843, 99769]","[-12.5019, -13.3765, -13.8392, -13.161, -13.4571, -14.4595, -15.3049, -15.4651, -15.6215, -17.3907, -17.6812, -17.8813, -16.4359, -17.4662, -19.9636, -19.4654, -19.8672, -22.5911, -24.0936, -31.9031, -37.6714, -50.0244, -63.3242, -81.7987, -116.9243, -147.7883, -188.157, -53.3111]",21,6
CC_044,algorithmic,canonical,Qwen/Qwen2.5-7B,-1,28,"[0.9846, 0.9872, 0.9831, 0.9718, 0.9629, 0.9513, 0.948, 0.943, 0.9207, 0.9132, 0.9168, 0.9156, 0.8959, 0.8733, 0.8783, 0.8739, 0.853, 0.8573, 0.861, 0.878, 0.8791, 0.8936, 0.8831, 0.8939, 0.912, 0.9129, 0.9144, 0.9084]","[151138, 151666, 151626, 151678, 151595, 151836, 151809, 151881, 151883, 151909, 151907, 151871, 151821, 151890, 151744, 151567, 151770, 151851, 151832, 151873, 151889, 151863, 151862, 151870, 151834, 151837, 151799, 83804]","[-12.5682, -13.4391, -13.8632, -13.187, -13.3776, -14.2636, -15.0407, -15.1631, -15.5053, -17.0095, -17.3353, -17.6899, -16.3325, -17.3989, -19.8716, -19.3076, -19.9709, -22.4212, -23.9968, -31.4808, -36.9874, -49.1862, -62.2589, -80.6423, -113.9184, -145.3721, -184.3087, -50.3886]",24,9
CC_045,algorithmic,canonical,Qwen/Qwen2.5-7B,-1,28,"[0.9845, 0.9872, 0.9831, 0.9717, 0.9628, 0.9512, 0.9478, 0.9427, 0.9203, 0.9128, 0.9162, 0.9151, 0.8957, 0.8729, 0.8776, 0.8734, 0.8518, 0.8562, 0.86, 0.8767, 0.878, 0.8921, 0.8815, 0.892, 0.9101, 0.911, 0.9132, 0.9079]","[150912, 151578, 151582, 150825, 150692, 151820, 151834, 151934, 151917, 151958, 151924, 151872, 151813, 151850, 151683, 151609, 151660, 151796, 151798, 151874, 151917, 151880, 151866, 151869, 151846, 151845, 151804, 88484]","[-12.5486, -13.3962, -13.8346, -13.0173, -13.1953, -14.244, -15.0843, -15.3249, -15.601, -17.2701, -17.3871, -17.7154, -16.3322, -17.2708, -19.7062, -19.3781, -19.6662, -22.12, -23.8206, -31.5091, -37.3724, -49.4387, -62.2255, -80.5299, -114.4518, -145.845, -185.3279, -51.2918]",23,8
SP_019,algorithmic,canonical,Qwen/Qwen2.5-7B,-1,28,"[0.9894, 0.9912, 0.9878, 0.9813, 0.9754, 0.9719, 0.9697, 0.9631, 0.9405, 0.9334, 0.9366, 0.928, 0.9172, 0.916, 0.9258, 0.9271, 0.9111, 0.9095, 0.9095, 0.905, 0.9103, 0.9139, 0.9112, 0.9116, 0.9183, 0.9195, 0.9225, 0.8986]","[152033, 152014, 151984, 152027, 152009, 152019, 151983, 152001, 152001, 152024, 152013, 151994, 151958, 151994, 151975, 152000, 152004, 152011, 151991, 152005, 152004, 152006, 152021, 152029, 152021, 152009, 151988, 151862]","[-12.8528, -14.0323, -14.4662, -13.7907, -14.0125, -15.129, -15.573, -15.6787, -16.0632, -19.0042, -18.3502, -18.681, -16.9581, -18.4056, -20.8991, -22.2132, -22.408, -24.9922, -25.7777, -33.2478, -42.49, -55.2687, -71.2686, -89.2231, -125.0083, -151.2232, -187.7206, -147.8473]",15,0
SP_020,algorithmic,canonical,Qwen/Qwen2.5-7B,-1,28,"[0.9903, 0.9917, 0.9881, 0.9815, 0.9758, 0.9728, 0.9705, 0.964, 0.9433, 0.937, 0.9399, 0.932, 0.9213, 0.9184, 0.9278, 0.9284, 0.9116, 0.9107, 0.9109, 0.9077, 0.9127, 0.915, 0.9114, 0.9107, 0.9155, 0.9182, 0.9209, 0.8976]","[152032, 152014, 151985, 152028, 152016, 152020, 151984, 152002, 152003, 152025, 152014, 151997, 151960, 151996, 151985, 152006, 152006, 152012, 151995, 152008, 152011, 152009, 152022, 152030, 152022, 152010, 151986, 151858]","[-12.8519, -14.0142, -14.4503, -13.8103, -14.0356, -15.2097, -15.6351, -15.7346, -15.9177, -18.9307, -18.2745, -18.5713, -16.8667, -18.2935, -20.7849, -21.9404, -22.3478, -24.8759, -25.6747, -33.6645, -42.9468, -55.7872, -72.14, -89.9165, -125.6756, -151.8907, -188.3438, -148.556]",15,0
SP_021,algorithmic,canonical,Qwen/Qwen2.5-7B,-1,28,"[0.9876, 0.9904, 0.9866, 0.9796, 0.974, 0.9701, 0.9685, 0.9621, 0.9395, 0.9316, 0.9355, 0.9272, 0.9165, 0.916, 0.9263, 0.9274, 0.9115, 0.9104, 0.9111, 0.9058, 0.9102, 0.9135, 0.9111, 0.9109, 0.9167, 0.919, 0.9224, 0.8994]","[152033, 152014, 151984, 152024, 152008, 152018, 151982, 152000, 151999, 152023, 152013, 151993, 151951, 151992, 151971, 151998, 152001, 152010, 151989, 152009, 152008, 152007, 152021, 152029, 152022, 152010, 151986, 151851]","[-12.8447, -14.0472, -14.4752, -13.788, -14.0095, -15.1135, -15.5615, -15.6726, -15.9687, -19.023, -18.3225, -18.6093, -16.8753, -18.1126, -20.7438, -22.0078, -22.0853, -24.7354, -25.3992, -33.1076, -42.6067, -55.5683, -71.9395, -89.9749, -125.8751, -152.55, -188.2181, -149.2851]",15,0
SP_023,algorithmic,canonical,Qwen/Qwen2.5-7B,-1,28,"[0.9903, 0.9918, 0.9884, 0.9818, 0.9762, 0.9723, 0.9701, 0.9635, 0.9421, 0.936, 0.9384, 0.9308, 0.9203, 0.919, 0.9286, 0.9294, 0.9128, 0.9122, 0.9131, 0.9095, 0.9144, 0.9153, 0.9118, 0.9095, 0.9159, 0.9178, 0.9197, 0.8938]","[152032, 152013, 151984, 152029, 152016, 152021, 151985, 152002, 152002, 152023, 152015, 151997, 151963, 151997, 151981, 152005, 152005, 152011, 151993, 152010, 152013, 152009, 152024, 152030, 152022, 152013, 151988, 151865]","[-12.852, -14.0356, -14.4784, -13.8034, -14.0464, -15.2273, -15.6301, -15.732, -15.9318, -18.8825, -18.2748, -18.636, -16.9943, -18.4419, -20.957, -22.1416, -22.4452, -24.9285, -25.5627, -33.2921, -42.6174, -55.4096, -71.6529, -89.5116, -125.0608, -151.1694, -187.1549, -147.5088]",15,0
SP_024,algorithmic,canonical,Qwen/Qwen2.5-7B,-1,28,"[0.9883, 0.9909, 0.987, 0.9802, 0.9746, 0.9711, 0.9697, 0.964, 0.943, 0.9356, 0.9384, 0.9302, 0.9203, 0.9194, 0.9289, 0.93, 0.9143, 0.9133, 0.9116, 0.9054, 0.9103, 0.9124, 0.9097, 0.908, 0.9149, 0.9168, 0.9208, 0.9015]","[152033, 152014, 151984, 152025, 152011, 152019, 151983, 152001, 152002, 152024, 152015, 151995, 151952, 151993, 151974, 151998, 152002, 152011, 151990, 152010, 152011, 152008, 152022, 152031, 152022, 152012, 151988, 151871]","[-12.8496, -14.0589, -14.4844, -13.793, -14.0236, -15.1513, -15.6084, -15.693, -15.9142, -18.9908, -18.2625, -18.5747, -16.8998, -18.1612, -20.8016, -22.0019, -22.0723, -24.7537, -25.4571, -33.1129, -42.6109, -55.6975, -71.8115, -89.6063, -125.6522, -151.5634, -188.5934, -146.7343]",15,0
SP_026,algorithmic,canonical,Qwen/Qwen2.5-7B,-1,28,"[0.9885, 0.9911, 0.9874, 0.9809, 0.9751, 0.9714, 0.9697, 0.9632, 0.94, 0.9319, 0.9352, 0.9271, 0.9166, 0.9152, 0.9247, 0.9259, 0.91, 0.9092, 0.91, 0.9049, 0.9099, 0.913, 0.9114, 0.9108, 0.9179, 0.9197, 0.9221, 0.9007]","[152033, 152014, 151984, 152023, 152009, 152016, 151982, 152002, 151999, 152023, 152012, 151993, 151952, 151994, 151973, 151997, 152001, 152010, 151989, 152008, 152010, 152009, 152022, 152031, 152022, 152013, 151988, 151856]","[-12.8483, -14.0792, -14.4923, -13.7697, -14.0024, -15.1239, -15.5926, -15.7212, -15.9827, -18.9979, -18.2468, -18.6074, -16.8396, -18.1784, -20.6904, -21.8522, -22.0067, -24.5469, -25.3094, -32.941, -42.4613, -55.5269, -71.6387, -89.6959, -125.9612, -152.1447, -188.3773, -148.6056]",15,0
SP_027,algorithmic,canonical,Qwen/Qwen2.5-7B,-1,28,"[0.9898, 0.9916, 0.9879, 0.9815, 0.976, 0.9722, 0.9702, 0.9637, 0.941, 0.9338, 0.9372, 0.9288, 0.9176, 0.9165, 0.9257, 0.9259, 0.9099, 0.9095, 0.9103, 0.9091, 0.9134, 0.9165, 0.9132, 0.9123, 0.9195, 0.9215, 0.9235, 0.8989]","[152032, 152014, 151985, 152029, 152016, 152022, 151983, 152004, 152002, 152024, 152015, 151996, 151963, 151994, 151974, 151999, 152003, 152011, 151991, 152006, 152008, 152006, 152021, 152029, 152021, 152010, 151988, 151871]","[-12.8501, -14.0473, -14.4923, -13.8082, -14.0473, -15.1359, -15.5871, -15.6958, -15.9896, -18.9299, -18.3453, -18.677, -17.0316, -18.3321, -20.8237, -22.0471, -22.0964, -24.7693, -25.5091, -33.1549, -42.54, -55.261, -70.8651, -88.6692, -124.7613, -150.7868, -187.22, -146.3821]",15,0
SP_028,algorithmic,canonical,Qwen/Qwen2.5-7B,-1,28,"[0.9891, 0.9915, 0.9881, 0.9813, 0.9757, 0.9721, 0.9704, 0.9643, 0.9418, 0.9336, 0.9368, 0.929, 0.9191, 0.9179, 0.9265, 0.9268, 0.9108, 0.9091, 0.9103, 0.9066, 0.9118, 0.9157, 0.9135, 0.9122, 0.9201, 0.9219, 0.9234, 0.8981]","[152033, 152014, 151984, 152025, 152007, 152018, 151983, 152001, 152001, 152024, 152014, 151995, 151953, 151993, 151971, 151997, 152002, 152010, 151988, 152004, 152007, 152006, 152020, 152029, 152021, 152011, 151988, 151879]","[-12.8501, -14.0552, -14.4727, -13.7949, -14.0168, -15.1441, -15.6011, -15.6839, -15.8806, -18.9082, -18.2014, -18.6234, -16.9514, -18.1812, -20.7336, -21.979, -22.0579, -24.638, -25.2826, -32.8602, -42.377, -55.1553, -71.0153, -88.1636, -124.7009, -150.8119, -187.806, -146.5723]",15,0
SP_029,algorithmic,canonical,Qwen/Qwen2.5-7B,-1,28,"[0.9883, 0.9912, 0.9879, 0.981, 0.9753, 0.9719, 0.9702, 0.9641, 0.9415, 0.9335, 0.9368, 0.929, 0.9191, 0.918, 0.9265, 0.9271, 0.9113, 0.9097, 0.9103, 0.9069, 0.9118, 0.9156, 0.9132, 0.9124, 0.9202, 0.9223, 0.9249, 0.9028]","[152032, 152014, 151984, 152025, 152008, 152017, 151983, 152001, 152002, 152024, 152014, 151995, 151954, 151993, 151971, 151997, 152002, 152010, 151989, 152004, 152008, 152006, 152020, 152029, 152021, 152011, 151988, 151882]","[-12.8501, -14.0612, -14.4746, -13.7896, -14.0153, -15.1396, -15.6051, -15.6922, -15.8836, -18.8992, -18.1926, -18.6049, -16.9407, -18.1615, -20.7295, -21.9797, -22.0696, -24.6553, -25.2906, -32.9348, -42.4057, -55.1401, -70.9968, -88.3487, -124.7121, -151.0705, -188.162, -146.8969]",15,0
SP_030,algorithmic,canonical,Qwen/Qwen2.5-7B,-1,28,"[0.9889, 0.9915, 0.9881, 0.9812, 0.9755, 0.972, 0.9703, 0.9641, 0.9418, 0.9337, 0.937, 0.9293, 0.9193, 0.9183, 0.9266, 0.927, 0.911, 0.9095, 0.911, 0.9079, 0.9131, 0.917, 0.9149, 0.9134, 0.9209, 0.922, 0.9249, 0.9021]","[152032, 152014, 151984, 152025, 152008, 152017, 151983, 152002, 152002, 152024, 152014, 151995, 151954, 151994, 151971, 151997, 152002, 152010, 151988, 152004, 152008, 152006, 152020, 152029, 152021, 152011, 151988, 151883]","[-12.8507, -14.0615, -14.4777, -13.7948, -14.022, -15.1434, -15.6107, -15.6985, -15.8965, -18.9093, -18.208, -18.6283, -16.9515, -18.2057, -20.7275, -21.9698, -22.0625, -24.6052, -25.2641, -32.8262, -42.2886, -54.9953, -70.88, -88.1528, -124.6685, -150.7024, -187.6685, -146.9681]",15,0
WIS_006,algorithmic,canonical,Qwen/Qwen2.5-7B,-1,28,"[0.9906, 0.9927, 0.9901, 0.9837, 0.9781, 0.9752, 0.9736, 0.9695, 0.9565, 0.9588, 0.9595, 0.9576, 0.9529, 0.9454, 0.9472, 0.9454, 0.9306, 0.9279, 0.9217, 0.9122, 0.9138, 0.9159, 0.9094, 0.9111, 0.9291, 0.9318, 0.9317, 0.9288]","[152032, 152014, 151993, 152028, 152020, 152025, 152002, 152014, 152017, 152033, 152015, 151986, 151967, 151986, 151977, 152003, 151977, 152001, 151981, 151994, 152004, 152000, 152020, 152021, 152015, 152009, 151997, 134944]","[-12.8829, -14.1092, -14.5333, -13.7586, -13.9997, -15.2976, -16.0115, -16.3162, -16.5682, -18.8365, -18.5276, -18.4185, -17.8764, -18.7801, -21.5549, -23.1125, -21.9606, -24.6928, -25.8843, -32.2931, -41.286, -52.7066, -67.8992, -82.6283, -120.7328, -154.3014, -191.0569, -78.1042]",15,0
WIS_007,algorithmic,canonical,Qwen/Qwen2.5-7B,-1,28,"[0.9907, 0.9925, 0.9902, 0.9838, 0.9782, 0.975, 0.9733, 0.969, 0.9566, 0.959, 0.9593, 0.9572, 0.9523, 0.9446, 0.9453, 0.9431, 0.9289, 0.9268, 0.9216, 0.9106, 0.9119, 0.9133, 0.906, 0.9077, 0.9265, 0.9287, 0.9285, 0.9368]","[152032, 152014, 151993, 152028, 152022, 152025, 152003, 152013, 152016, 152031, 152017, 151990, 151971, 151988, 151976, 152002, 151978, 152002, 151982, 151994, 152004, 152000, 152020, 152021, 152015, 152009, 151997, 136087]","[-12.8789, -14.0907, -14.514, -13.7645, -14.0185, -15.3045, -16.0165, -16.2972, -16.5477, -18.8024, -18.5657, -18.5164, -17.9857, -18.9098, -21.6771, -23.1749, -22.0903, -24.8254, -26.0857, -32.2932, -41.1931, -52.7332, -68.1247, -82.5761, -121.1068, -154.313, -190.8937, -79.3204]",15,0
WIS_009,algorithmic,canonical,Qwen/Qwen2.5-7B,-1,28,"[0.9906, 0.9928, 0.9903, 0.9836, 0.9784, 0.9757, 0.9742, 0.971, 0.9595, 0.961, 0.9618, 0.959, 0.9536, 0.9471, 0.9489, 0.947, 0.9324, 0.9307, 0.925, 0.913, 0.9142, 0.9165, 0.9092, 0.9106, 0.9295, 0.9323, 0.9317, 0.9218]","[152032, 152013, 151993, 152027, 152017, 152024, 151999, 152013, 152015, 152031, 152010, 151987, 151966, 151985, 151973, 151998, 151972, 151998, 151976, 151991, 152001, 151998, 152018, 152020, 152015, 152008, 151997, 151915]","[-12.8807, -14.1646, -14.5723, -13.7431, -13.9655, -15.2397, -15.9654, -16.2634, -16.5813, -18.8234, -18.5354, -18.5516, -17.923, -18.6548, -21.6168, -23.2265, -21.9796, -24.9631, -26.1438, -32.3512, -41.0485, -52.3356, -67.6462, -82.2964, -120.2138, -154.0313, -190.122, -152.2337]",15,0
WIS_010,algorithmic,canonical,Qwen/Qwen2.5-7B,-1,28,"[0.9905, 0.9928, 0.9902, 0.9829, 0.9775, 0.9743, 0.973, 0.97, 0.9585, 0.9607, 0.9615, 0.9589, 0.9533, 0.9465, 0.9483, 0.9458, 0.9315, 0.9284, 0.9227, 0.9116, 0.9134, 0.9145, 0.9071, 0.908, 0.9266, 0.9293, 0.9266, 0.9219]","[152032, 152014, 151994, 152028, 152019, 152025, 151999, 152013, 152013, 152030, 152014, 151989, 151966, 151986, 151975, 152000, 151975, 152000, 151978, 151991, 151999, 151998, 152018, 152021, 152015, 152007, 151997, 134530]","[-12.8811, -14.1493, -14.5684, -13.7564, -13.9767, -15.3106, -15.9704, -16.2686, -16.605, -18.8931, -18.5284, -18.5056, -17.9372, -18.7896, -21.6978, -23.2683, -21.9916, -24.9272, -26.0414, -32.3617, -41.1866, -52.4429, -67.6466, -82.6191, -120.913, -154.4665, -191.6655, -77.4065]",15,0
WIS_012,algorithmic,canonical,Qwen/Qwen2.5-7B,-1,28,"[0.9902, 0.9924, 0.9897, 0.983, 0.977, 0.9735, 0.9721, 0.9689, 0.9571, 0.9601, 0.9613, 0.9591, 0.954, 0.9469, 0.9482, 0.9464, 0.9307, 0.9281, 0.922, 0.9112, 0.9134, 0.9168, 0.9105, 0.912, 0.9306, 0.9331, 0.9327, 0.9414]","[152032, 152014, 151993, 152026, 152018, 152023, 151996, 152009, 152013, 152027, 152009, 151980, 151962, 151984, 151971, 151991, 151966, 151994, 151971, 151991, 151998, 151998, 152018, 152019, 152013, 152007, 151995, 135155]","[-12.8819, -14.171, -14.5803, -13.7502, -13.982, -15.2302, -15.9083, -16.1626, -16.4774, -18.6588, -18.4507, -18.4529, -17.8397, -18.6582, -21.6125, -23.047, -21.8988, -24.9258, -26.0476, -32.1376, -40.9462, -52.1775, -67.5024, -81.9981, -119.8205, -153.6527, -190.3866, -78.9481]",15,0
WIS_013,algorithmic,canonical,Qwen/Qwen2.5-7B,-1,28,"[0.9904, 0.9927, 0.9902, 0.9835, 0.9777, 0.9751, 0.9736, 0.9698, 0.9583, 0.9601, 0.9609, 0.9592, 0.9542, 0.947, 0.9481, 0.9463, 0.9325, 0.9308, 0.9262, 0.9173, 0.9185, 0.919, 0.912, 0.9134, 0.9307, 0.9329, 0.9325, 0.9397]","[150941, 151830, 151817, 151705, 151899, 151952, 151899, 151921, 151966, 151987, 151990, 151953, 151935, 151971, 151939, 151951, 151940, 151933, 151907, 151961, 151965, 151951, 151977, 151966, 151961, 151955, 151940, 139339]","[-12.5385, -13.6816, -14.0851, -13.2232, -13.5928, -14.7662, -15.4724, -15.6393, -16.1068, -17.917, -18.0664, -18.1409, -17.7215, -18.7541, -21.2639, -22.6391, -21.7419, -24.0698, -25.3727, -32.0239, -40.8871, -52.0955, -66.7023, -80.4814, -118.2258, -150.7319, -186.379, -81.7008]",19,4
WIS_014,algorithmic,canonical,Qwen/Qwen2.5-7B,-1,28,"[0.9905, 0.9928, 0.9903, 0.9836, 0.9779, 0.9752, 0.9737, 0.9699, 0.9584, 0.9601, 0.9608, 0.9591, 0.954, 0.9469, 0.948, 0.9463, 0.9327, 0.9311, 0.9267, 0.9172, 0.918, 0.9187, 0.9118, 0.9131, 0.9306, 0.9328, 0.9326, 0.9396]","[150943, 151830, 151816, 151704, 151899, 151953, 151901, 151920, 151967, 151987, 151990, 151953, 151935, 151971, 151939, 151951, 151940, 151935, 151908, 151961, 151966, 151953, 151978, 151967, 151961, 151955, 151941, 140416]","[-12.5386, -13.677, -14.0803, -13.2205, -13.5883, -14.7646, -15.4754, -15.6437, -16.1144, -17.9258, -18.079, -18.1536, -17.7255, -18.7619, -21.2612, -22.6288, -21.74, -24.101, -25.4077, -31.9816, -40.7659, -52.0289, -66.698, -80.3723, -118.0529, -150.6059, -186.4673, -82.61]",19,4
WIS_015,algorithmic,canonical,Qwen/Qwen2.5-7B,-1,28,"[0.9903, 0.9925, 0.99, 0.9831, 0.9769, 0.9744, 0.9729, 0.9691, 0.9576, 0.9596, 0.9605, 0.9588, 0.9539, 0.9468, 0.9477, 0.9459, 0.9322, 0.9307, 0.9267, 0.9178, 0.9184, 0.9184, 0.9113, 0.9128, 0.9305, 0.9329, 0.9325, 0.9387]","[150940, 151830, 151816, 151708, 151899, 151953, 151900, 151921, 151966, 151987, 151990, 151953, 151935, 151969, 151938, 151951, 151938, 151932, 151903, 151961, 151966, 151950, 151977, 151965, 151959, 151952, 151937, 137586]","[-12.5384, -13.6786, -14.0825, -13.2224, -13.5919, -14.7655, -15.4736, -15.6406, -16.1103, -17.9104, -18.0673, -18.1341, -17.717, -18.7443, -21.2666, -22.6383, -21.7225, -24.0517, -25.3338, -31.9539, -40.7775, -51.9338, -66.6154, -80.5779, -118.1424, -150.5547, -185.938, -80.5921]",19,4
WIS_016,algorithmic,canonical,Qwen/Qwen2.5-7B,-1,28,"[0.9903, 0.9925, 0.99, 0.9829, 0.9767, 0.9742, 0.9726, 0.9687, 0.957, 0.9592, 0.9602, 0.9585, 0.9537, 0.9466, 0.9479, 0.9461, 0.9323, 0.9305, 0.9259, 0.9166, 0.9175, 0.9182, 0.9113, 0.9128, 0.9304, 0.9327, 0.9326, 0.9393]","[150934, 151830, 151816, 151706, 151899, 151953, 151901, 151920, 151966, 151987, 151990, 151953, 151935, 151971, 151939, 151951, 151939, 151934, 151908, 151961, 151965, 151951, 151977, 151967, 151961, 151952, 151940, 138917]","[-12.5379, -13.6728, -14.0764, -13.2215, -13.5909, -14.7643, -15.4734, -15.6381, -16.1128, -17.929, -18.0809, -18.1559, -17.7242, -18.7507, -21.2524, -22.6214, -21.7106, -24.0581, -25.3551, -31.9128, -40.7465, -51.9573, -66.6081, -80.3587, -118.1255, -150.7028, -186.6289, -81.1955]",19,4
WIS_017,algorithmic,canonical,Qwen/Qwen2.5-7B,-1,28,"[0.9904, 0.9925, 0.99, 0.9838, 0.978, 0.9746, 0.9726, 0.9685, 0.9555, 0.9579, 0.9587, 0.9562, 0.9507, 0.9429, 0.9436, 0.9423, 0.9278, 0.927, 0.9235, 0.9137, 0.9143, 0.9158, 0.9087, 0.9102, 0.9285, 0.931, 0.9306, 0.918]","[150941, 151830, 151815, 151711, 151901, 151952, 151893, 151916, 151968, 151990, 151990, 151951, 151938, 151967, 151936, 151948, 151939, 151931, 151907, 151962, 151969, 151960, 151980, 151967, 151960, 151946, 151937, 151838]","[-12.5377, -13.6556, -14.0702, -13.2315, -13.601, -14.7204, -15.4363, -15.5839, -16.0392, -17.8392, -18.1095, -18.1245, -17.7161, -18.6461, -21.1648, -22.6499, -21.8238, -24.1988, -25.5069, -31.9979, -40.5799, -51.7427, -66.4864, -80.0203, -117.1702, -149.5026, -185.8763, -149.5654]",19,4
WIS_018,algorithmic,canonical,Qwen/Qwen2.5-7B,-1,28,"[0.9905, 0.9926, 0.9901, 0.9837, 0.9779, 0.9745, 0.9728, 0.9688, 0.9561, 0.9586, 0.9593, 0.9569, 0.9518, 0.9442, 0.9448, 0.9434, 0.9291, 0.9283, 0.9244, 0.9146, 0.9149, 0.9162, 0.9091, 0.9102, 0.9285, 0.9307, 0.9296, 0.9168]","[150943, 151830, 151815, 151715, 151901, 151952, 151894, 151917, 151968, 151990, 151990, 151951, 151938, 151966, 151937, 151947, 151939, 151933, 151908, 151962, 151969, 151960, 151981, 151967, 151960, 151947, 151936, 151838]","[-12.5379, -13.6538, -14.0704, -13.2341, -13.6018, -14.7205, -15.4364, -15.5869, -16.0425, -17.84, -18.1218, -18.135, -17.7307, -18.6507, -21.1819, -22.6807, -21.8603, -24.2594, -25.5366, -32.0084, -40.6244, -51.7923, -66.5556, -80.0353, -117.3504, -149.6478, -185.828, -149.4452]",19,4
WIS_019,algorithmic,canonical,Qwen/Qwen2.5-7B,-1,28,"[0.9906, 0.9926, 0.9901, 0.9838, 0.9779, 0.9745, 0.9727, 0.9686, 0.9555, 0.958, 0.9589, 0.9566, 0.9516, 0.9442, 0.9447, 0.9434, 0.929, 0.9282, 0.9243, 0.9148, 0.9152, 0.9161, 0.909, 0.9102, 0.9286, 0.9309, 0.9301, 0.9175]","[150944, 151830, 151815, 151715, 151902, 151952, 151893, 151916, 151969, 151990, 151990, 151950, 151938, 151968, 151937, 151947, 151940, 151934, 151907, 151963, 151968, 151958, 151980, 151967, 151960, 151947, 151937, 151845]","[-12.5377, -13.6547, -14.0684, -13.2346, -13.6037, -14.7215, -15.4379, -15.5881, -16.0479, -17.8489, -18.1228, -18.135, -17.7335, -18.6689, -21.1827, -22.6866, -21.8707, -24.2501, -25.5478, -32.0779, -40.7705, -51.9498, -66.7274, -80.3196, -117.5318, -150.0083, -186.1622, -150.1259]",19,4
WIS_020,algorithmic,canonical,Qwen/Qwen2.5-7B,-1,28,"[0.9906, 0.9926, 0.9901, 0.9837, 0.9779, 0.9745, 0.9728, 0.9688, 0.9559, 0.9584, 0.9592, 0.9569, 0.952, 0.9445, 0.9452, 0.9437, 0.9294, 0.9285, 0.9247, 0.9148, 0.9151, 0.9164, 0.9093, 0.9106, 0.9287, 0.9311, 0.93, 0.9173]","[150950, 151830, 151815, 151714, 151901, 151952, 151893, 151916, 151968, 151990, 151990, 151951, 151938, 151967, 151937, 151947, 151939, 151934, 151907, 151962, 151969, 151958, 151980, 151967, 151960, 151947, 151937, 151838]","[-12.5386, -13.658, -14.0723, -13.2339, -13.6031, -14.7235, -15.441, -15.59, -16.0445, -17.8494, -18.1208, -18.1411, -17.7404, -18.6713, -21.1854, -22.6787, -21.8426, -24.2391, -25.5224, -32.0223, -40.658, -51.8559, -66.5963, -80.1261, -117.2995, -149.723, -186.0255, -149.6807]",19,4
SP_031,algorithmic,canonical,Qwen/Qwen2.5-7B,-1,28,"[0.9903, 0.9916, 0.9879, 0.9811, 0.9753, 0.9722, 0.9698, 0.9635, 0.9426, 0.9368, 0.9395, 0.9317, 0.9212, 0.9191, 0.9287, 0.9292, 0.9128, 0.9122, 0.9132, 0.9102, 0.9147, 0.9166, 0.9138, 0.9127, 0.9191, 0.9203, 0.9222, 0.8985]","[152033, 152015, 151985, 152029, 152014, 152021, 151984, 152002, 152002, 152025, 152015, 151998, 151962, 151996, 151985, 152005, 152005, 152012, 151995, 152010, 152010, 152008, 152022, 152030, 152022, 152014, 151988, 151860]","[-12.8562, -14.0125, -14.4445, -13.8045, -14.0234, -15.221, -15.6361, -15.7355, -15.9391, -18.9607, -18.3055, -18.6268, -16.9326, -18.3286, -20.8746, -22.0571, -22.4658, -24.8463, -25.8008, -33.8415, -43.3879, -56.4171, -72.7994, -90.7364, -126.7737, -153.4862, -189.5743, -150.0969]",15,0
SP_032,algorithmic,canonical,Qwen/Qwen2.5-7B,-1,28,"[0.9907, 0.992, 0.9882, 0.9819, 0.9761, 0.9731, 0.971, 0.9646, 0.9427, 0.9359, 0.939, 0.9307, 0.9198, 0.9186, 0.9281, 0.9281, 0.911, 0.9103, 0.9109, 0.9076, 0.9117, 0.9144, 0.9104, 0.9089, 0.9156, 0.9177, 0.9214, 0.8975]","[152032, 152015, 151985, 152029, 152017, 152022, 151986, 152003, 152003, 152024, 152015, 151998, 151957, 151995, 151981, 152005, 152005, 152012, 151992, 152007, 152007, 152007, 152022, 152029, 152021, 152009, 151984, 151845]","[-12.8539, -14.0142, -14.4673, -13.8286, -14.0671, -15.1871, -15.6354, -15.7093, -15.8966, -18.9453, -18.3139, -18.6733, -16.8554, -18.3369, -20.8265, -21.987, -22.4027, -24.8223, -25.6275, -33.3851, -42.7066, -55.4298, -71.5451, -89.0178, -125.1338, -151.328, -187.0002, -146.9574]",15,0
SP_033,algorithmic,canonical,Qwen/Qwen2.5-7B,-1,28,"[0.9907, 0.9919, 0.9883, 0.9819, 0.9759, 0.9725, 0.9704, 0.9641, 0.9424, 0.9363, 0.9393, 0.931, 0.9203, 0.9191, 0.9291, 0.9295, 0.9124, 0.9122, 0.9129, 0.9103, 0.9137, 0.9154, 0.9118, 0.9103, 0.9173, 0.9189, 0.9219, 0.8997]","[152032, 152015, 151985, 152029, 152017, 152022, 151986, 152003, 152003, 152024, 152015, 151997, 151957, 151995, 151980, 152005, 152004, 152012, 151992, 152010, 152010, 152009, 152023, 152029, 152021, 152009, 151985, 151843]","[-12.8542, -14.0078, -14.4614, -13.8278, -14.0645, -15.1977, -15.6364, -15.7005, -15.8945, -18.9321, -18.3405, -18.6537, -16.8709, -18.292, -20.8016, -21.9825, -22.4776, -24.8714, -25.6903, -33.7572, -43.0923, -56.0561, -72.0801, -89.9841, -126.0234, -152.5625, -188.5737, -147.4461]",15,0
SP_034,algorithmic,canonical,Qwen/Qwen2.5-7B,-1,28,"[0.9904, 0.9917, 0.9879, 0.9816, 0.9758, 0.9731, 0.9713, 0.9649, 0.9431, 0.936, 0.9388, 0.9305, 0.9197, 0.9183, 0.9279, 0.9281, 0.9115, 0.9107, 0.9106, 0.9072, 0.9108, 0.9124, 0.9091, 0.9081, 0.9151, 0.9179, 0.9216, 0.8986]","[152033, 152015, 151985, 152029, 152016, 152021, 151986, 152003, 152003, 152024, 152015, 151997, 151957, 151995, 151981, 152005, 152004, 152012, 151992, 152008, 152007, 152006, 152022, 152029, 152021, 152009, 151986, 151856]","[-12.8548, -14.0005, -14.4538, -13.8196, -14.0559, -15.1827, -15.6349, -15.7077, -15.9253, -18.9401, -18.3106, -18.6616, -16.888, -18.3349, -20.821, -22.0006, -22.4043, -24.8375, -25.6405, -33.3654, -42.6379, -55.6537, -71.7183, -89.3442, -125.4137, -152.0056, -187.6634, -147.9235]",15,0
SP_035,algorithmic,canonical,Qwen/Qwen2.5-7B,-1,28,"[0.9911, 0.9923, 0.9889, 0.9827, 0.9768, 0.9734, 0.9713, 0.9652, 0.9445, 0.9374, 0.9404, 0.9313, 0.9201, 0.9181, 0.9275, 0.9279, 0.9116, 0.9125, 0.9147, 0.9124, 0.9162, 0.9169, 0.9134, 0.9119, 0.9178, 0.9194, 0.9221, 0.8988]","[152032, 152016, 151985, 152029, 152016, 152022, 151986, 152004, 152003, 152025, 152015, 151996, 151960, 151995, 151980, 152005, 152005, 152012, 151992, 152005, 152007, 152008, 152021, 152029, 152021, 152010, 151986, 151878]","[-12.8578, -14.0209, -14.4662, -13.8118, -14.0631, -15.1999, -15.6415, -15.7113, -15.9358, -18.913, -18.2891, -18.61, -16.8468, -18.3563, -20.8387, -22.0106, -22.5208, -24.8763, -25.6684, -33.7871, -43.1211, -55.9486, -71.8135, -90.0166, -126.243, -152.2098, -188.2472, -149.1127]",15,0
SP_036,algorithmic,canonical,Qwen/Qwen2.5-7B,-1,28,"[0.9905, 0.992, 0.9883, 0.982, 0.976, 0.9727, 0.9707, 0.9644, 0.9428, 0.9362, 0.939, 0.9306, 0.9198, 0.9181, 0.9276, 0.928, 0.9116, 0.9112, 0.912, 0.91, 0.9141, 0.9154, 0.9124, 0.9115, 0.9192, 0.9212, 0.9242, 0.9017]","[152032, 152015, 151985, 152029, 152016, 152022, 151986, 152003, 152003, 152024, 152015, 151998, 151957, 151995, 151979, 152005, 152004, 152012, 151991, 152008, 152010, 152009, 152022, 152029, 152021, 152009, 151986, 151855]","[-12.8544, -14.0161, -14.4679, -13.828, -14.071, -15.2051, -15.6451, -15.7106, -15.8848, -18.9247, -18.3042, -18.6467, -16.8631, -18.3291, -20.8235, -21.9433, -22.3351, -24.7656, -25.5541, -33.4274, -42.6719, -55.5285, -71.5498, -89.1366, -125.2322, -151.6147, -187.7022, -146.1774]",15,0
SP_037,algorithmic,canonical,Qwen/Qwen2.5-7B,-1,28,"[0.9898, 0.9916, 0.9881, 0.9817, 0.976, 0.9728, 0.9709, 0.9643, 0.9423, 0.9347, 0.938, 0.9297, 0.9188, 0.9175, 0.9272, 0.9283, 0.9126, 0.9113, 0.9108, 0.9056, 0.9108, 0.9142, 0.9112, 0.9114, 0.918, 0.9201, 0.9221, 0.8952]","[152033, 152014, 151984, 152026, 152012, 152019, 151983, 152002, 152002, 152024, 152014, 151994, 151957, 151994, 151975, 152001, 152004, 152011, 151990, 152004, 152003, 152006, 152021, 152029, 152021, 152009, 151987, 151861]","[-12.8504, -14.0466, -14.4793, -13.7956, -14.0271, -15.1329, -15.5778, -15.6812, -16.0349, -18.9806, -18.3123, -18.6496, -16.9119, -18.3511, -20.8373, -22.1513, -22.3224, -24.9497, -25.6809, -33.2405, -42.4624, -55.2709, -71.1897, -89.1479, -124.8377, -151.1445, -187.5859, -147.7927]",15,0
SP_038,algorithmic,canonical,Qwen/Qwen2.5-7B,-1,28,"[0.9888, 0.991, 0.987, 0.9802, 0.9745, 0.9706, 0.9688, 0.9623, 0.9399, 0.932, 0.9359, 0.9277, 0.9169, 0.9163, 0.9264, 0.9273, 0.9113, 0.9095, 0.9104, 0.9048, 0.9094, 0.9131, 0.911, 0.9104, 0.9163, 0.9177, 0.9207, 0.8966]","[152033, 152014, 151984, 152025, 152008, 152018, 151982, 152000, 151999, 152023, 152014, 151993, 151952, 151993, 151972, 151998, 152001, 152010, 151989, 152008, 152007, 152007, 152022, 152029, 152022, 152010, 151984, 151834]","[-12.8448, -14.0478, -14.4789, -13.7909, -14.0106, -15.1132, -15.5589, -15.6719, -15.9701, -19.0171, -18.3376, -18.6432, -16.8874, -18.1438, -20.7564, -21.9842, -22.0732, -24.6913, -25.3842, -32.9064, -42.2679, -55.1868, -71.5756, -89.3711, -125.4826, -152.0317, -187.3313, -147.5107]",15,0
SP_039,algorithmic,canonical,Qwen/Qwen2.5-7B,-1,28,"[0.9888, 0.991, 0.987, 0.9802, 0.9745, 0.9705, 0.9687, 0.962, 0.9394, 0.9316, 0.9354, 0.9271, 0.916, 0.9157, 0.9263, 0.9272, 0.9113, 0.91, 0.9109, 0.9051, 0.9098, 0.9121, 0.9096, 0.9084, 0.914, 0.9163, 0.9204, 0.899]","[152032, 152014, 151984, 152025, 152009, 152018, 151982, 152000, 151997, 152023, 152013, 151993, 151951, 151992, 151972, 151998, 152001, 152010, 151993, 152009, 152010, 152008, 152022, 152029, 152022, 152010, 151986, 151842]","[-12.8454, -14.047, -14.4779, -13.7915, -14.0131, -15.1042, -15.5468, -15.643, -15.9405, -18.994, -18.3127, -18.61, -16.847, -18.1218, -20.7376, -21.9665, -22.1059, -24.7404, -25.4125, -32.9569, -42.3696, -55.2144, -71.6998, -89.6677, -125.8809, -152.2446, -187.9806, -147.896]",15,0
SP_040,algorithmic,canonical,Qwen/Qwen2.5-7B,-1,28,"[0.9882, 0.9911, 0.9878, 0.981, 0.9753, 0.9718, 0.9699, 0.9634, 0.9407, 0.9324, 0.9362, 0.9286, 0.9182, 0.9176, 0.9271, 0.9279, 0.9119, 0.9106, 0.9105, 0.9053, 0.911, 0.914, 0.9118, 0.9107, 0.9178, 0.9198, 0.9231, 0.9013]","[152032, 152014, 151984, 152024, 152007, 152018, 151983, 151998, 152001, 152024, 152013, 151994, 151954, 151992, 151974, 151998, 152002, 152011, 151990, 152006, 152009, 152007, 152022, 152029, 152021, 152009, 151987, 151857]","[-12.8484, -14.066, -14.4823, -13.7923, -14.0168, -15.1327, -15.594, -15.658, -15.9321, -18.9411, -18.2122, -18.5929, -16.9097, -18.238, -20.8416, -22.0814, -22.1597, -24.7617, -25.333, -32.8929, -42.274, -55.0628, -71.3573, -89.0252, -124.9189, -151.0254, -186.9199, -146.3702]",15,0
SP_042,algorithmic,canonical,Qwen/Qwen2.5-7B,-1,28,"[0.9885, 0.991, 0.9872, 0.9804, 0.9745, 0.9702, 0.9686, 0.962, 0.9391, 0.9314, 0.9347, 0.9265, 0.9161, 0.9151, 0.9245, 0.9256, 0.9091, 0.9079, 0.9077, 0.9022, 0.9069, 0.9106, 0.9084, 0.9071, 0.9146, 0.9166, 0.9196, 0.8991]","[152032, 152014, 151984, 152026, 152009, 152018, 151982, 152001, 152000, 152023, 152013, 151993, 151952, 151993, 151973, 151997, 152002, 152010, 151991, 152009, 152010, 152009, 152022, 152031, 152022, 152013, 151988, 151854]","[-12.847, -14.0728, -14.4924, -13.7852, -14.0106, -15.1084, -15.5645, -15.6697, -15.9313, -18.9648, -18.2819, -18.6192, -16.8663, -18.1626, -20.6988, -21.8525, -21.9904, -24.5833, -25.2362, -32.8512, -42.3896, -55.3766, -71.4179, -89.4236, -125.5102, -152.192, -188.4694, -148.2706]",15,0
SP_044,algorithmic,canonical,Qwen/Qwen2.5-7B,-1,28,"[0.9886, 0.991, 0.9877, 0.9809, 0.9749, 0.9707, 0.9686, 0.9625, 0.9401, 0.9328, 0.9367, 0.9275, 0.9166, 0.916, 0.9247, 0.9248, 0.9077, 0.9074, 0.9082, 0.9045, 0.9106, 0.9138, 0.9111, 0.9101, 0.9171, 0.9191, 0.9218, 0.8998]","[152032, 152014, 151984, 152028, 152012, 152018, 151983, 152002, 152001, 152024, 152014, 151995, 151957, 151995, 151975, 152003, 152004, 152011, 151991, 152010, 152011, 152007, 152022, 152030, 152022, 152011, 151988, 151865]","[-12.8493, -14.0467, -14.477, -13.7911, -14.0245, -15.1641, -15.5842, -15.6802, -15.9243, -18.9427, -18.2818, -18.6392, -16.9788, -18.3916, -20.8929, -22.1482, -22.3392, -24.9369, -25.6576, -33.2288, -42.5206, -55.2518, -71.1974, -89.0465, -124.953, -150.8522, -187.5905, -146.9847]",15,0
SP_045,algorithmic,canonical,Qwen/Qwen2.5-7B,-1,28,"[0.9898, 0.9917, 0.9882, 0.9818, 0.9762, 0.9728, 0.9708, 0.9645, 0.9422, 0.9349, 0.9381, 0.9297, 0.9184, 0.9169, 0.9257, 0.9259, 0.9101, 0.9094, 0.9105, 0.9089, 0.9139, 0.9173, 0.9148, 0.9142, 0.9212, 0.9218, 0.9231, 0.8993]","[152032, 152014, 151984, 152029, 152016, 152022, 151984, 152004, 152002, 152024, 152015, 151996, 151963, 151994, 151974, 152000, 152003, 152011, 151991, 152005, 152008, 152006, 152021, 152029, 152021, 152010, 151988, 151874]","[-12.8517, -14.0497, -14.4858, -13.8032, -14.045, -15.1461, -15.6034, -15.7207, -16.0053, -18.9564, -18.3602, -18.7032, -17.0219, -18.3522, -20.7994, -22.055, -22.1759, -24.8262, -25.5755, -33.137, -42.4882, -55.1224, -70.823, -88.3277, -124.5561, -150.5555, -187.2918, -147.0105]",15,0
SP_046,algorithmic,canonical,Qwen/Qwen2.5-7B,-1,28,"[0.989, 0.9914, 0.9879, 0.9813, 0.9755, 0.9717, 0.9701, 0.9639, 0.9419, 0.9338, 0.937, 0.9291, 0.9191, 0.9179, 0.9257, 0.9258, 0.9097, 0.9081, 0.9092, 0.9066, 0.912, 0.916, 0.9142, 0.9136, 0.9218, 0.9235, 0.9261, 0.9045]","[152032, 152014, 151984, 152025, 152009, 152018, 151983, 152002, 152002, 152024, 152014, 151996, 151956, 151994, 151972, 151998, 152003, 152011, 151991, 152004, 152008, 152006, 152021, 152029, 152021, 152011, 151988, 151878]","[-12.8511, -14.0565, -14.4806, -13.7983, -14.0278, -15.1315, -15.603, -15.6834, -15.8604, -18.893, -18.2163, -18.6123, -16.9406, -18.188, -20.7138, -21.9586, -22.0775, -24.6742, -25.3254, -32.8295, -42.208, -54.9703, -70.8587, -88.139, -124.6902, -150.6527, -187.6421, -146.3142]",15,0
SP_047,algorithmic,canonical,Qwen/Qwen2.5-7B,-1,28,"[0.9898, 0.9916, 0.9879, 0.9814, 0.9759, 0.972, 0.97, 0.9636, 0.9408, 0.9335, 0.9367, 0.9282, 0.9166, 0.9157, 0.9247, 0.9247, 0.9084, 0.9081, 0.9093, 0.9086, 0.9134, 0.9166, 0.914, 0.9134, 0.9207, 0.9225, 0.9249, 0.9034]","[152032, 152014, 151985, 152029, 152016, 152022, 151983, 152004, 152002, 152024, 152015, 151996, 151963, 151995, 151974, 152000, 152003, 152011, 151991, 152005, 152008, 152006, 152021, 152029, 152021, 152010, 151988, 151871]","[-12.8504, -14.0471, -14.4872, -13.8058, -14.0447, -15.1334, -15.5828, -15.6928, -15.9882, -18.9269, -18.3374, -18.6832, -17.0097, -18.3393, -20.8167, -22.0308, -22.1064, -24.7614, -25.5036, -33.0531, -42.3619, -55.0919, -70.7586, -88.425, -124.5615, -150.4751, -186.8598, -146.0229]",15,0
SP_048,algorithmic,canonical,Qwen/Qwen2.5-7B,-1,28,"[0.9884, 0.9911, 0.9876, 0.9809, 0.975, 0.9713, 0.9697, 0.9636, 0.9413, 0.9332, 0.9363, 0.9285, 0.9187, 0.9177, 0.9259, 0.9264, 0.9101, 0.9084, 0.9092, 0.9061, 0.9114, 0.9155, 0.9131, 0.9119, 0.9199, 0.922, 0.9249, 0.9022]","[152033, 152014, 151984, 152025, 152009, 152018, 151983, 152002, 152002, 152024, 152014, 151995, 151956, 151993, 151971, 151998, 152002, 152011, 151990, 152004, 152008, 152006, 152021, 152029, 152021, 152011, 151988, 151879]","[-12.8507, -14.0499, -14.4725, -13.7964, -14.0214, -15.1297, -15.5966, -15.6709, -15.856, -18.883, -18.2079, -18.5989, -16.9418, -18.1792, -20.7214, -21.971, -22.0577, -24.6382, -25.2771, -32.8599, -42.331, -55.0805, -70.9681, -88.2626, -124.7122, -150.7492, -187.7812, -146.1082]",15,0
SP_049,algorithmic,canonical,Qwen/Qwen2.5-7B,-1,28,"[0.9904, 0.9917, 0.988, 0.9813, 0.9754, 0.9719, 0.9696, 0.9634, 0.9427, 0.937, 0.9396, 0.9321, 0.9216, 0.919, 0.9292, 0.9294, 0.913, 0.9119, 0.9133, 0.9096, 0.9141, 0.9165, 0.9139, 0.9128, 0.9191, 0.9206, 0.9222, 0.8978]","[152033, 152015, 151985, 152027, 152011, 152020, 151984, 152001, 152002, 152024, 152014, 151998, 151958, 151995, 151981, 152005, 152004, 152011, 151992, 152006, 152007, 152007, 152023, 152029, 152022, 152012, 151988, 151851]","[-12.8553, -14.0072, -14.4433, -13.8103, -14.0262, -15.2233, -15.6317, -15.7338, -15.9311, -18.964, -18.2774, -18.6246, -16.9092, -18.2739, -20.8478, -22.0093, -22.4429, -24.8698, -25.7428, -33.5671, -43.0821, -56.0312, -72.3759, -89.6425, -125.7666, -152.1131, -188.1814, -148.4765]",15,0
SP_050,algorithmic,canonical,Qwen/Qwen2.5-7B,-1,28,"[0.991, 0.9921, 0.9882, 0.982, 0.9761, 0.973, 0.9709, 0.9644, 0.9421, 0.935, 0.938, 0.9296, 0.9182, 0.9169, 0.9267, 0.9271, 0.9101, 0.91, 0.9111, 0.909, 0.9129, 0.915, 0.9116, 0.9102, 0.9172, 0.9192, 0.9211, 0.8942]","[152033, 152015, 151985, 152029, 152016, 152022, 151986, 152003, 152003, 152024, 152015, 151998, 151957, 151995, 151979, 152005, 152004, 152012, 151993, 152006, 152008, 152008, 152022, 152030, 152021, 152009, 151985, 151864]","[-12.854, -14.0126, -14.4621, -13.8298, -14.0664, -15.1904, -15.6319, -15.6985, -15.9022, -18.9451, -18.3125, -18.6476, -16.8265, -18.3125, -20.8102, -21.9411, -22.3675, -24.7999, -25.6784, -33.6304, -42.8701, -55.7576, -71.8271, -89.786, -125.8585, -152.0053, -188.1114, -148.7703]",15,0
SP_051,algorithmic,canonical,Qwen/Qwen2.5-7B,-1,28,"[0.9907, 0.9921, 0.9885, 0.9821, 0.9761, 0.9728, 0.9708, 0.9645, 0.9428, 0.9362, 0.939, 0.9306, 0.9199, 0.9185, 0.9279, 0.9285, 0.9116, 0.9118, 0.9127, 0.9102, 0.9142, 0.916, 0.912, 0.9113, 0.9181, 0.9202, 0.9236, 0.9005]","[152032, 152015, 151985, 152029, 152017, 152022, 151986, 152003, 152003, 152024, 152015, 151998, 151959, 151995, 151981, 152005, 152005, 152012, 151993, 152011, 152011, 152009, 152022, 152030, 152021, 152009, 151986, 151852]","[-12.8541, -14.0195, -14.4695, -13.828, -14.0677, -15.2004, -15.6389, -15.699, -15.8924, -18.9275, -18.3311, -18.6676, -16.8824, -18.3186, -20.8276, -22.0147, -22.3964, -24.81, -25.5886, -33.6188, -42.9271, -55.8465, -71.8245, -89.6655, -125.6909, -152.0303, -188.2062, -146.6217]",15,0
SP_052,algorithmic,canonical,Qwen/Qwen2.5-7B,-1,28,"[0.9904, 0.9919, 0.9881, 0.9817, 0.9759, 0.9728, 0.9705, 0.9641, 0.9425, 0.9361, 0.9385, 0.9308, 0.9198, 0.9166, 0.9267, 0.9275, 0.9109, 0.9101, 0.9106, 0.9084, 0.9126, 0.9138, 0.9111, 0.9108, 0.918, 0.9196, 0.9225, 0.8986]","[152032, 152015, 151985, 152029, 152016, 152021, 151985, 152002, 152002, 152025, 152015, 151998, 151957, 151994, 151979, 152005, 152004, 152012, 151992, 152008, 152010, 152009, 152022, 152029, 152022, 152013, 151987, 151860]","[-12.8507, -14.0102, -14.4485, -13.8083, -14.0376, -15.1977, -15.6256, -15.7149, -15.8807, -18.9101, -18.2429, -18.5654, -16.8056, -18.2083, -20.7688, -21.8667, -22.2923, -24.7708, -25.7474, -33.7675, -43.1588, -56.1132, -72.4872, -90.2139, -126.1642, -152.5514, -189.1857, -150.1987]",15,0
SP_053,algorithmic,canonical,Qwen/Qwen2.5-7B,-1,28,"[0.9915, 0.9922, 0.9888, 0.9825, 0.977, 0.9733, 0.971, 0.9648, 0.9431, 0.9368, 0.9395, 0.931, 0.9203, 0.9184, 0.9279, 0.9282, 0.9123, 0.9127, 0.9137, 0.9105, 0.9143, 0.9161, 0.9114, 0.9101, 0.916, 0.9164, 0.9174, 0.891]","[152032, 152015, 151986, 152029, 152017, 152022, 151985, 152001, 152003, 152025, 152015, 151998, 151965, 151996, 151985, 152005, 152006, 152012, 151994, 152010, 152010, 152008, 152022, 152029, 152021, 152009, 151985, 151851]","[-12.8501, -13.9811, -14.4351, -13.8238, -14.0804, -15.189, -15.5968, -15.6701, -15.9464, -18.8872, -18.3366, -18.6148, -16.9782, -18.3834, -20.8837, -22.1431, -22.6001, -25.0514, -25.8212, -33.7582, -42.9448, -55.8371, -71.6083, -89.7429, -125.5212, -152.0378, -186.8421, -149.5093]",15,0
SP_054,algorithmic,canonical,Qwen/Qwen2.5-7B,-1,28,"[0.9907, 0.992, 0.9884, 0.982, 0.976, 0.9726, 0.9705, 0.9641, 0.9422, 0.9357, 0.9386, 0.9303, 0.9197, 0.9181, 0.9276, 0.9283, 0.912, 0.9121, 0.9132, 0.9121, 0.9158, 0.9176, 0.9146, 0.9141, 0.922, 0.924, 0.9268, 0.9044]","[152032, 152015, 151985, 152029, 152017, 152022, 151986, 152003, 152003, 152024, 152015, 151997, 151957, 151994, 151979, 152005, 152003, 152012, 151993, 152006, 152009, 152009, 152022, 152030, 152021, 152009, 151985, 151855]","[-12.8551, -14.0139, -14.4658, -13.8232, -14.0637, -15.1986, -15.6346, -15.7061, -15.8877, -18.9373, -18.3184, -18.6373, -16.8375, -18.3186, -20.8012, -21.9494, -22.3136, -24.7456, -25.5897, -33.6429, -42.9034, -55.7171, -71.7374, -89.5532, -125.6954, -151.5568, -187.8692, -146.814]",15,0
SP_055,algorithmic,canonical,Qwen/Qwen2.5-7B,-1,28,"[0.991, 0.9924, 0.989, 0.9828, 0.9769, 0.9734, 0.971, 0.965, 0.9442, 0.937, 0.9397, 0.9307, 0.92, 0.9178, 0.927, 0.9277, 0.9109, 0.9117, 0.9126, 0.9104, 0.9144, 0.9164, 0.9127, 0.9124, 0.9192, 0.921, 0.9236, 0.9006]","[152033, 152016, 151985, 152029, 152017, 152022, 151986, 152004, 152003, 152025, 152015, 151997, 151962, 151996, 151981, 152005, 152006, 152012, 151993, 152011, 152010, 152009, 152022, 152029, 152021, 152010, 151986, 151872]","[-12.8579, -14.0366, -14.4795, -13.813, -14.0675, -15.186, -15.6253, -15.6973, -15.9124, -18.8936, -18.2938, -18.6199, -16.8892, -18.4102, -20.8329, -22.0912, -22.5161, -24.912, -25.6248, -33.8373, -43.0936, -55.9182, -71.7464, -89.8781, -126.0645, -152.3886, -188.4147, -150.0431]",15,0
SP_056,algorithmic,canonical,Qwen/Qwen2.5-7B,-1,28,"[0.9907, 0.9919, 0.9882, 0.9818, 0.976, 0.9729, 0.9708, 0.9644, 0.9424, 0.9359, 0.9388, 0.9304, 0.9194, 0.9179, 0.9272, 0.9273, 0.9103, 0.91, 0.9107, 0.9084, 0.9125, 0.9151, 0.9117, 0.9112, 0.918, 0.9191, 0.9209, 0.8969]","[152034, 152015, 151985, 152029, 152016, 152022, 151986, 152003, 152003, 152024, 152015, 151997, 151957, 151995, 151979, 152005, 152004, 152012, 151992, 152008, 152010, 152008, 152022, 152030, 152022, 152010, 151986, 151854]","[-12.854, -14.0064, -14.4573, -13.8238, -14.0622, -15.1885, -15.6317, -15.6975, -15.8943, -18.9358, -18.335, -18.6603, -16.8608, -18.3001, -20.846, -22.0266, -22.3594, -24.8074, -25.5774, -33.5506, -42.8298, -55.7062, -71.7514, -89.5589, -125.5798, -151.7178, -187.5943, -147.4656]",15,0
SP_057,algorithmic,canonical,Qwen/Qwen2.5-7B,-1,28,"[0.9913, 0.9924, 0.989, 0.9829, 0.9771, 0.9736, 0.9712, 0.9651, 0.9444, 0.9373, 0.94, 0.9311, 0.9205, 0.9191, 0.9284, 0.9287, 0.9117, 0.9123, 0.9135, 0.9114, 0.9152, 0.916, 0.9122, 0.9108, 0.9166, 0.9183, 0.921, 0.8996]","[152033, 152016, 151986, 152029, 152017, 152022, 151986, 152004, 152003, 152025, 152015, 151997, 151965, 151996, 151980, 152005, 152006, 152012, 151992, 152009, 152010, 152007, 152022, 152029, 152021, 152009, 151986, 151864]","[-12.8585, -14.0299, -14.4739, -13.8146, -14.0677, -15.1829, -15.6238, -15.6873, -15.9245, -18.8817, -18.3064, -18.6581, -16.925, -18.3789, -20.8487, -22.0736, -22.5267, -24.9352, -25.6758, -33.72, -43.0577, -55.9585, -71.7954, -89.7976, -126.066, -152.5304, -188.2804, -148.4305]",15,0
SP_058,algorithmic,canonical,Qwen/Qwen2.5-7B,-1,28,"[0.9902, 0.9918, 0.9879, 0.9817, 0.9759, 0.9731, 0.9712, 0.9648, 0.9427, 0.9356, 0.9385, 0.9304, 0.9194, 0.9174, 0.9272, 0.9277, 0.9112, 0.9106, 0.9107, 0.9078, 0.9114, 0.9123, 0.909, 0.9067, 0.9135, 0.9157, 0.9192, 0.8977]","[152033, 152015, 151985, 152029, 152017, 152021, 151986, 152004, 152002, 152024, 152015, 151997, 151957, 151995, 151979, 152005, 152004, 152012, 151993, 152008, 152008, 152007, 152022, 152030, 152021, 152009, 151985, 151856]","[-12.8558, -14.0109, -14.4617, -13.8253, -14.0594, -15.1945, -15.6477, -15.7339, -15.9566, -18.9606, -18.3039, -18.6499, -16.8648, -18.2879, -20.7599, -21.926, -22.378, -24.8102, -25.7646, -33.4516, -42.6901, -55.5384, -71.7607, -89.5143, -125.4923, -151.582, -187.8457, -147.8295]",15,0
SP_059,algorithmic,canonical,Qwen/Qwen2.5-7B,-1,28,"[0.9902, 0.9918, 0.9882, 0.9817, 0.9759, 0.9729, 0.9707, 0.9643, 0.9434, 0.937, 0.9392, 0.9312, 0.9208, 0.9176, 0.9272, 0.9275, 0.9106, 0.9097, 0.9105, 0.9072, 0.9118, 0.9133, 0.9103, 0.9093, 0.9162, 0.9181, 0.9213, 0.8977]","[152032, 152015, 151985, 152029, 152016, 152021, 151985, 152002, 152003, 152024, 152015, 151998, 151958, 151997, 151984, 152005, 152006, 152012, 151993, 152009, 152010, 152008, 152023, 152030, 152022, 152013, 151988, 151851]","[-12.8521, -14.0249, -14.4638, -13.809, -14.048, -15.1995, -15.6322, -15.728, -15.887, -18.9094, -18.2681, -18.6082, -16.8583, -18.292, -20.772, -21.9884, -22.4066, -24.8317, -25.6522, -33.4637, -42.8585, -55.7727, -71.9304, -89.4112, -125.5257, -152.1725, -188.3338, -148.9162]",15,0
SP_060,algorithmic,canonical,Qwen/Qwen2.5-7B,-1,28,"[0.9898, 0.9916, 0.988, 0.9814, 0.9755, 0.9724, 0.9701, 0.9637, 0.9422, 0.936, 0.9385, 0.9306, 0.92, 0.9172, 0.9275, 0.928, 0.9116, 0.9105, 0.9109, 0.9074, 0.9116, 0.9138, 0.911, 0.9099, 0.9172, 0.9194, 0.923, 0.8986]","[152032, 152015, 151985, 152029, 152016, 152021, 151985, 152002, 152003, 152025, 152015, 151998, 151959, 151996, 151980, 152005, 152005, 152012, 151995, 152010, 152009, 152008, 152023, 152030, 152022, 152009, 151983, 151832]","[-12.8509, -14.0181, -14.4588, -13.8126, -14.0433, -15.2028, -15.6232, -15.7089, -15.8848, -18.931, -18.3059, -18.6127, -16.8631, -18.2828, -20.8146, -22.0246, -22.5378, -24.961, -25.8073, -33.8408, -43.325, -56.3979, -72.5829, -90.2744, -126.2944, -152.571, -188.7875, -150.077]",15,0
SP_061,algorithmic,canonical,Qwen/Qwen2.5-7B,-1,28,"[0.9905, 0.9918, 0.9881, 0.9816, 0.9757, 0.9726, 0.9705, 0.9641, 0.9421, 0.9355, 0.9387, 0.9304, 0.9194, 0.9184, 0.9278, 0.9282, 0.9113, 0.9115, 0.9125, 0.9114, 0.9155, 0.9173, 0.914, 0.9138, 0.9204, 0.9226, 0.9249, 0.9009]","[152032, 152015, 151985, 152029, 152016, 152022, 151986, 152003, 152003, 152024, 152015, 151998, 151957, 151995, 151979, 152005, 152004, 152012, 151992, 152005, 152009, 152009, 152022, 152030, 152021, 152009, 151985, 151866]","[-12.8538, -14.0006, -14.4553, -13.8266, -14.0613, -15.1837, -15.6267, -15.6913, -15.8863, -18.9522, -18.3376, -18.665, -16.8738, -18.3341, -20.8747, -22.0508, -22.3667, -24.7972, -25.6391, -33.6458, -42.9175, -55.7807, -71.8402, -89.7553, -125.8353, -151.9695, -187.8694, -148.7186]",15,0
SP_062,algorithmic,canonical,Qwen/Qwen2.5-7B,-1,28,"[0.9894, 0.9914, 0.988, 0.9816, 0.9758, 0.9725, 0.9704, 0.9639, 0.9414, 0.9341, 0.9373, 0.929, 0.9181, 0.917, 0.9268, 0.9278, 0.9121, 0.9108, 0.9106, 0.9057, 0.9108, 0.9143, 0.9114, 0.9118, 0.9184, 0.9206, 0.9239, 0.9009]","[152033, 152014, 151984, 152026, 152011, 152019, 151983, 152002, 152002, 152024, 152014, 151994, 151957, 151994, 151975, 152000, 152004, 152011, 151990, 152004, 152003, 152006, 152021, 152029, 152021, 152009, 151986, 151861]","[-12.8506, -14.0486, -14.4792, -13.7922, -14.0228, -15.1318, -15.5754, -15.6778, -16.0297, -18.9849, -18.3232, -18.6498, -16.9182, -18.3596, -20.8468, -22.1532, -22.3393, -24.9671, -25.6991, -33.2394, -42.4511, -55.2423, -71.1356, -89.095, -124.7884, -151.0793, -187.6069, -147.3632]",15,0
SP_063,algorithmic,canonical,Qwen/Qwen2.5-7B,-1,28,"[0.9877, 0.9905, 0.9866, 0.9797, 0.9741, 0.9702, 0.9684, 0.9619, 0.9391, 0.9312, 0.9349, 0.9267, 0.9158, 0.9158, 0.9262, 0.9273, 0.9113, 0.9098, 0.9109, 0.9054, 0.91, 0.9133, 0.9112, 0.9108, 0.917, 0.9191, 0.9224, 0.9]","[152032, 152013, 151984, 152023, 152008, 152018, 151982, 152000, 151997, 152023, 152011, 151993, 151952, 151992, 151972, 151998, 152001, 152010, 151988, 152009, 152007, 152007, 152022, 152029, 152022, 152010, 151986, 151841]","[-12.8452, -14.0555, -14.4819, -13.7906, -14.012, -15.0981, -15.5391, -15.6414, -15.9278, -18.9836, -18.2923, -18.6119, -16.8557, -18.1533, -20.7546, -21.9813, -22.0213, -24.6577, -25.398, -32.9184, -42.3399, -55.2561, -71.5901, -89.526, -125.5367, -152.1525, -187.8293, -148.1075]",15,0
SP_064,algorithmic,canonical,Qwen/Qwen2.5-7B,-1,28,"[0.9896, 0.9913, 0.9879, 0.9814, 0.9756, 0.972, 0.9698, 0.9632, 0.9409, 0.9337, 0.9368, 0.9282, 0.9174, 0.9162, 0.926, 0.9274, 0.9114, 0.9102, 0.9098, 0.9054, 0.9107, 0.9143, 0.9114, 0.9118, 0.9185, 0.9194, 0.9217, 0.8968]","[152033, 152014, 151984, 152025, 152008, 152018, 151983, 152001, 152000, 152024, 152013, 151994, 151959, 151994, 151975, 152002, 152004, 152011, 151991, 152005, 152004, 152007, 152021, 152029, 152021, 152009, 151985, 151861]","[-12.8527, -14.0387, -14.4702, -13.7892, -14.0141, -15.1277, -15.5685, -15.6748, -16.0468, -18.9847, -18.3274, -18.6576, -16.9506, -18.4025, -20.9002, -22.2445, -22.4411, -25.0132, -25.8079, -33.4084, -42.6493, -55.4317, -71.4048, -89.4011, -125.1037, -151.2885, -187.7874, -148.0885]",15,0
SP_065,algorithmic,canonical,Qwen/Qwen2.5-7B,-1,28,"[0.9888, 0.9909, 0.9876, 0.9811, 0.9752, 0.972, 0.97, 0.9636, 0.941, 0.934, 0.9373, 0.9291, 0.9181, 0.9166, 0.9264, 0.9275, 0.9116, 0.9101, 0.9102, 0.9054, 0.9105, 0.9137, 0.9107, 0.9103, 0.9168, 0.9191, 0.9227, 0.8998]","[152033, 152014, 151984, 152027, 152010, 152019, 151983, 152002, 152002, 152024, 152014, 151994, 151958, 151994, 151975, 152001, 152004, 152011, 151991, 152004, 152004, 152005, 152021, 152029, 152021, 152009, 151988, 151861]","[-12.8525, -14.0386, -14.4705, -13.7981, -14.0205, -15.1329, -15.578, -15.6844, -16.0461, -19.008, -18.3569, -18.6868, -16.9457, -18.3771, -20.8586, -22.1653, -22.358, -24.9598, -25.7171, -33.2254, -42.4852, -55.1632, -71.2301, -89.086, -124.8462, -151.1484, -187.8276, -147.0847]",15,0
SP_066,algorithmic,canonical,Qwen/Qwen2.5-7B,-1,28,"[0.9894, 0.9914, 0.9881, 0.9812, 0.9751, 0.9711, 0.969, 0.9629, 0.941, 0.9337, 0.9372, 0.9283, 0.9174, 0.9168, 0.9254, 0.9257, 0.9088, 0.9087, 0.9095, 0.9058, 0.9117, 0.9144, 0.9117, 0.9105, 0.9173, 0.9183, 0.921, 0.8978]","[152032, 152014, 151984, 152028, 152011, 152018, 151983, 152002, 152002, 152024, 152015, 151995, 151957, 151995, 151975, 152004, 152004, 152011, 151992, 152009, 152011, 152007, 152022, 152031, 152022, 152012, 151988, 151866]","[-12.8492, -14.0605, -14.4861, -13.7866, -14.0179, -15.166, -15.5949, -15.6942, -15.9383, -18.9603, -18.2773, -18.6463, -16.9845, -18.3692, -20.8639, -22.1482, -22.3375, -24.9194, -25.6715, -33.3382, -42.6725, -55.4605, -71.3953, -89.2413, -125.0764, -150.9711, -187.8001, -146.3031]",15,0
SP_068,algorithmic,canonical,Qwen/Qwen2.5-7B,-1,28,"[0.987, 0.9904, 0.9867, 0.9799, 0.9743, 0.9705, 0.9688, 0.9625, 0.9394, 0.9315, 0.9347, 0.9267, 0.9164, 0.9152, 0.9248, 0.9258, 0.9097, 0.9089, 0.909, 0.9037, 0.9085, 0.9118, 0.9095, 0.9085, 0.9159, 0.9183, 0.9214, 0.9005]","[152033, 152014, 151984, 152023, 152010, 152016, 151982, 152002, 152000, 152023, 152013, 151993, 151952, 151993, 151973, 151997, 152001, 152010, 151989, 152009, 152010, 152009, 152022, 152031, 152022, 152013, 151988, 151855]","[-12.8478, -14.082, -14.4928, -13.7765, -14.0071, -15.1135, -15.584, -15.7031, -15.964, -18.9834, -18.2463, -18.6052, -16.8594, -18.1483, -20.71, -21.8599, -21.9977, -24.5422, -25.2408, -32.9439, -42.4975, -55.5166, -71.5316, -89.5874, -125.7903, -152.3016, -188.4559, -148.0893]",15,0
SP_069,algorithmic,canonical,Qwen/Qwen2.5-7B,-1,28,"[0.9884, 0.9911, 0.9874, 0.9807, 0.975, 0.9708, 0.9692, 0.963, 0.9402, 0.9325, 0.9354, 0.9274, 0.9174, 0.9169, 0.9262, 0.9274, 0.9111, 0.9104, 0.9091, 0.9051, 0.9103, 0.9134, 0.9108, 0.9092, 0.9162, 0.9186, 0.922, 0.902]","[152032, 152014, 151984, 152024, 152008, 152019, 151983, 152001, 152000, 152024, 152015, 151996, 151955, 151990, 151972, 151997, 152002, 152011, 151991, 152010, 152011, 152007, 152021, 152031, 152022, 152010, 151988, 151863]","[-12.8482, -14.0598, -14.4845, -13.786, -14.0215, -15.1265, -15.5837, -15.6655, -15.9222, -18.9777, -18.2652, -18.5986, -16.9696, -18.2096, -20.8473, -22.0459, -22.0326, -24.7513, -25.3983, -32.978, -42.3545, -55.2337, -71.3786, -89.361, -125.186, -151.2734, -187.3679, -146.9746]",15,0
SP_070,algorithmic,canonical,Qwen/Qwen2.5-7B,-1,28,"[0.9896, 0.9915, 0.988, 0.9815, 0.9758, 0.9726, 0.9707, 0.9646, 0.9426, 0.9358, 0.939, 0.9307, 0.9195, 0.9182, 0.9268, 0.9269, 0.911, 0.9097, 0.9116, 0.9099, 0.915, 0.9185, 0.9161, 0.9155, 0.9224, 0.9245, 0.927, 0.9038]","[152032, 152014, 151985, 152028, 152013, 152019, 151983, 152003, 152002, 152024, 152014, 151996, 151961, 151994, 151974, 152000, 152003, 152011, 151990, 152006, 152007, 152006, 152021, 152029, 152021, 152011, 151988, 151876]","[-12.8496, -14.0469, -14.4762, -13.7958, -14.0267, -15.1332, -15.5805, -15.6873, -15.9927, -18.9394, -18.3171, -18.6772, -16.9743, -18.3607, -20.8034, -22.0746, -22.2801, -24.858, -25.6826, -33.1137, -42.4457, -55.1128, -70.7868, -88.2361, -124.4931, -150.5839, -187.6804, -147.4056]",15,0
SP_071,algorithmic,canonical,Qwen/Qwen2.5-7B,-1,28,"[0.988, 0.9907, 0.987, 0.9801, 0.9746, 0.9708, 0.9691, 0.9626, 0.9404, 0.9328, 0.937, 0.929, 0.9179, 0.9174, 0.9262, 0.9258, 0.9088, 0.908, 0.9101, 0.9061, 0.9116, 0.9159, 0.9139, 0.9132, 0.9202, 0.9214, 0.9226, 0.8986]","[152032, 152014, 151984, 152026, 152012, 152020, 151982, 152002, 152001, 152024, 152014, 151994, 151955, 151993, 151969, 151996, 151997, 152009, 151986, 152007, 152008, 152007, 152021, 152029, 152022, 152011, 151988, 151869]","[-12.8473, -14.0567, -14.4867, -13.7893, -14.0337, -15.1556, -15.5899, -15.7032, -15.9202, -18.9752, -18.2924, -18.6159, -16.9168, -18.1307, -20.667, -21.8479, -21.8443, -24.5286, -25.3466, -32.9991, -42.4336, -55.2148, -71.0141, -88.8532, -125.2169, -151.8642, -188.6303, -147.5472]",15,0
SP_072,algorithmic,canonical,Qwen/Qwen2.5-7B,-1,28,"[0.9897, 0.9914, 0.988, 0.9814, 0.9759, 0.9723, 0.9704, 0.9641, 0.9419, 0.9348, 0.9379, 0.9296, 0.9182, 0.9171, 0.926, 0.9263, 0.9101, 0.9095, 0.9104, 0.9086, 0.9132, 0.9166, 0.914, 0.9136, 0.9207, 0.9223, 0.9248, 0.8905]","[152032, 152014, 151984, 152029, 152016, 152022, 151983, 152005, 152002, 152024, 152015, 151996, 151963, 151994, 151973, 151999, 152003, 152011, 151991, 152005, 152007, 152006, 152020, 152029, 152021, 152010, 151988, 151871]","[-12.8513, -14.0486, -14.4845, -13.807, -14.0473, -15.1406, -15.5973, -15.7137, -16.0027, -18.9475, -18.3461, -18.7122, -17.0353, -18.3692, -20.8063, -22.0704, -22.1438, -24.7863, -25.5409, -33.0192, -42.3048, -55.0309, -70.702, -88.2512, -124.4602, -150.4656, -186.8333, -146.7914]",15,0
SP_073,algorithmic,canonical,Qwen/Qwen2.5-7B,-1,28,"[0.9889, 0.9913, 0.9877, 0.9811, 0.975, 0.971, 0.9692, 0.9631, 0.941, 0.9333, 0.9364, 0.9286, 0.9182, 0.9172, 0.9249, 0.925, 0.9085, 0.9067, 0.9078, 0.9053, 0.9108, 0.9156, 0.9137, 0.9132, 0.9214, 0.9225, 0.9244, 0.9015]","[152032, 152014, 151984, 152026, 152011, 152019, 151983, 152002, 152001, 152024, 152015, 151997, 151956, 151993, 151972, 151998, 152002, 152011, 151991, 152005, 152008, 152006, 152021, 152029, 152021, 152011, 151988, 151875]","[-12.8496, -14.0523, -14.4759, -13.7941, -14.0276, -15.1157, -15.5852, -15.6574, -15.8192, -18.8563, -18.238, -18.6071, -16.9436, -18.1762, -20.7371, -21.9682, -22.0673, -24.6833, -25.3225, -32.7724, -42.1052, -54.8594, -70.7538, -87.8884, -124.3308, -150.6178, -187.6482, -145.6501]",15,0
WIS_021,algorithmic,canonical,Qwen/Qwen2.5-7B,-1,28,"[0.9907, 0.9928, 0.9902, 0.9838, 0.978, 0.9747, 0.9734, 0.9709, 0.9601, 0.9632, 0.9644, 0.962, 0.9566, 0.9494, 0.9495, 0.9475, 0.9322, 0.9303, 0.9248, 0.9135, 0.9149, 0.918, 0.9116, 0.9126, 0.9308, 0.9333, 0.931, 0.9277]","[151790, 152015, 152011, 152020, 152034, 152047, 152038, 152046, 152048, 152053, 152051, 152043, 152040, 152047, 152041, 152041, 152040, 152042, 152038, 152042, 152050, 152043, 152047, 152048, 152050, 152050, 152046, 145335]","[-12.659, -14.1802, -14.6744, -13.7161, -14.1555, -15.6623, -16.5879, -16.9215, -17.4281, -19.8802, -19.7187, -19.8948, -19.1649, -20.1651, -23.2657, -24.4737, -23.3394, -26.387, -27.3845, -33.7896, -43.5553, -54.8431, -70.3905, -86.1793, -127.7189, -163.8224, -203.9305, -81.3232]",16,1
WIS_022,algorithmic,canonical,Qwen/Qwen2.5-7B,-1,28,"[0.9905, 0.9927, 0.99, 0.9833, 0.9776, 0.9742, 0.973, 0.9702, 0.959, 0.9616, 0.963, 0.961, 0.9557, 0.9489, 0.9499, 0.9484, 0.9327, 0.9306, 0.9252, 0.9135, 0.9157, 0.9188, 0.9127, 0.9138, 0.9318, 0.9342, 0.9311, 0.9184]","[152032, 152014, 151993, 152026, 152018, 152023, 151996, 152009, 152013, 152028, 152009, 151979, 151963, 151985, 151971, 151990, 151966, 151994, 151971, 151991, 151999, 151998, 152018, 152019, 152013, 152009, 151999, 151922]","[-12.8819, -14.171, -14.5838, -13.756, -13.9795, -15.2383, -15.9222, -16.1922, -16.5245, -18.6988, -18.4544, -18.4717, -17.8864, -18.7071, -21.5444, -22.9841, -21.8406, -24.9158, -25.9786, -32.1416, -40.9982, -52.2353, -67.6237, -82.049, -119.7224, -153.4171, -190.4588, -152.2829]",15,0
WIS_023,algorithmic,canonical,Qwen/Qwen2.5-7B,-1,28,"[0.9908, 0.9927, 0.9903, 0.9838, 0.9785, 0.976, 0.9743, 0.9699, 0.9566, 0.9579, 0.9593, 0.9563, 0.9521, 0.9444, 0.9457, 0.9446, 0.9315, 0.9305, 0.9261, 0.9157, 0.9153, 0.9154, 0.907, 0.9084, 0.9265, 0.9288, 0.9285, 0.9369]","[151392, 151900, 151886, 151938, 151982, 152014, 151978, 151999, 151994, 152022, 152017, 152004, 151983, 152001, 151987, 152001, 151992, 151998, 151988, 151990, 152016, 152008, 152020, 152023, 152019, 152014, 152016, 147036]","[-12.5806, -13.7646, -14.2163, -13.4317, -13.7915, -15.1108, -15.7844, -16.0374, -16.2284, -18.6192, -18.6971, -18.5808, -18.1443, -18.9924, -21.7981, -23.2908, -22.1118, -24.6792, -25.8282, -32.1183, -41.7646, -53.2816, -68.6924, -83.6912, -123.1714, -156.7174, -195.317, -84.6322]",18,3
WIS_024,algorithmic,canonical,Qwen/Qwen2.5-7B,-1,28,"[0.9904, 0.9927, 0.9902, 0.9834, 0.9778, 0.9751, 0.9736, 0.9699, 0.9583, 0.9601, 0.9608, 0.9588, 0.9538, 0.9465, 0.9475, 0.9454, 0.9317, 0.9304, 0.9262, 0.9169, 0.9172, 0.9173, 0.9102, 0.9114, 0.9292, 0.931, 0.9306, 0.9375]","[150939, 151830, 151815, 151708, 151899, 151953, 151900, 151920, 151966, 151987, 151990, 151953, 151935, 151970, 151939, 151951, 151938, 151931, 151906, 151961, 151964, 151952, 151977, 151967, 151961, 151951, 151940, 137889]","[-12.5384, -13.6767, -14.0804, -13.2232, -13.5923, -14.7634, -15.4738, -15.6387, -16.1115, -17.924, -18.0669, -18.1344, -17.7128, -18.7718, -21.2425, -22.5994, -21.7268, -24.0959, -25.3773, -31.9447, -40.7386, -52.0295, -66.7779, -80.4842, -118.0867, -150.3995, -186.8593, -80.4498]",19,4
WIS_025,algorithmic,canonical,Qwen/Qwen2.5-7B,-1,28,"[0.9908, 0.9926, 0.9902, 0.9838, 0.9784, 0.9759, 0.9743, 0.97, 0.9567, 0.9581, 0.9594, 0.9566, 0.9526, 0.9451, 0.9466, 0.9456, 0.9325, 0.9313, 0.9263, 0.9161, 0.916, 0.9159, 0.9077, 0.9089, 0.9268, 0.9291, 0.9289, 0.9378]","[151392, 151899, 151886, 151938, 151982, 152014, 151978, 151997, 151994, 152021, 152017, 152004, 151983, 152001, 151987, 152001, 151993, 151998, 151988, 151992, 152015, 152008, 152020, 152023, 152018, 152014, 152015, 147488]","[-12.5806, -13.7599, -14.2133, -13.4375, -13.7942, -15.1123, -15.7822, -16.0264, -16.2249, -18.6281, -18.6956, -18.6199, -18.1641, -19.0183, -21.7994, -23.2882, -22.0993, -24.6493, -25.8442, -32.2174, -41.8779, -53.3701, -68.72, -83.7168, -123.4522, -156.9948, -195.4467, -85.4513]",18,3
WIS_026,algorithmic,canonical,Qwen/Qwen2.5-7B,-1,28,"[0.9903, 0.9925, 0.9899, 0.9829, 0.9768, 0.9744, 0.9729, 0.9689, 0.9574, 0.9595, 0.9603, 0.9585, 0.9536, 0.9465, 0.9474, 0.9455, 0.9318, 0.9301, 0.9256, 0.9168, 0.9176, 0.9182, 0.9115, 0.9129, 0.9306, 0.9326, 0.9322, 0.9387]","[150944, 151830, 151817, 151709, 151899, 151953, 151901, 151919, 151966, 151987, 151990, 151953, 151935, 151971, 151939, 151951, 151939, 151934, 151908, 151961, 151965, 151952, 151978, 151967, 151961, 151954, 151941, 138668]","[-12.5386, -13.6797, -14.0851, -13.225, -13.5945, -14.7655, -15.4716, -15.6354, -16.1157, -17.9328, -18.0759, -18.1389, -17.7221, -18.7465, -21.2454, -22.6235, -21.7421, -24.0858, -25.3706, -31.9609, -40.8175, -52.1654, -66.8931, -80.6466, -118.3005, -150.6429, -186.614, -81.1327]",19,4
WIS_027,algorithmic,canonical,Qwen/Qwen2.5-7B,-1,28,"[0.9906, 0.9926, 0.9901, 0.9837, 0.9779, 0.9745, 0.9727, 0.9687, 0.9555, 0.9581, 0.959, 0.9567, 0.9516, 0.9442, 0.9448, 0.9434, 0.9291, 0.9284, 0.9243, 0.9145, 0.9148, 0.9161, 0.909, 0.9102, 0.9284, 0.9306, 0.9296, 0.9166]","[150945, 151830, 151815, 151710, 151901, 151952, 151893, 151916, 151968, 151990, 151990, 151951, 151938, 151967, 151937, 151947, 151940, 151934, 151908, 151962, 151969, 151960, 151981, 151967, 151960, 151945, 151936, 151838]","[-12.538, -13.6545, -14.0681, -13.2327, -13.601, -14.7202, -15.4367, -15.5844, -16.0427, -17.8457, -18.1219, -18.137, -17.7275, -18.6509, -21.1753, -22.6793, -21.8686, -24.261, -25.5365, -32.0456, -40.6396, -51.8125, -66.6209, -80.1035, -117.3412, -149.6166, -185.9585, -149.6786]",19,4
WIS_028,algorithmic,canonical,Qwen/Qwen2.5-7B,-1,28,"[0.9908, 0.9926, 0.9902, 0.9837, 0.9784, 0.976, 0.9743, 0.9699, 0.9567, 0.9581, 0.9594, 0.9565, 0.9524, 0.9447, 0.946, 0.9451, 0.9322, 0.9311, 0.9266, 0.9165, 0.9162, 0.9162, 0.9082, 0.9095, 0.9274, 0.9294, 0.9289, 0.9372]","[151392, 151900, 151886, 151940, 151982, 152014, 151978, 151998, 151994, 152021, 152016, 152004, 151983, 152001, 151987, 152001, 151993, 151998, 151988, 151990, 152016, 152008, 152020, 152023, 152018, 152014, 152016, 147025]","[-12.5807, -13.7623, -14.2128, -13.4371, -13.7973, -15.1124, -15.7835, -16.0276, -16.2153, -18.603, -18.685, -18.5903, -18.1566, -19.0052, -21.8085, -23.3212, -22.1416, -24.6822, -25.8114, -32.1844, -41.8323, -53.3454, -68.8336, -83.8643, -123.316, -156.759, -195.0875, -84.6104]",18,3
WIS_029,algorithmic,canonical,Qwen/Qwen2.5-7B,-1,28,"[0.9905, 0.9928, 0.9903, 0.9836, 0.9779, 0.9752, 0.9738, 0.9701, 0.9586, 0.9603, 0.961, 0.9591, 0.954, 0.9466, 0.9477, 0.9457, 0.9322, 0.9305, 0.9263, 0.9178, 0.9186, 0.9188, 0.9116, 0.9128, 0.9304, 0.9325, 0.9325, 0.9394]","[150933, 151830, 151816, 151705, 151899, 151953, 151899, 151921, 151966, 151987, 151990, 151953, 151935, 151971, 151939, 151951, 151939, 151935, 151908, 151962, 151965, 151952, 151978, 151967, 151961, 151950, 151939, 137929]","[-12.538, -13.6764, -14.0802, -13.2227, -13.5936, -14.7646, -15.4781, -15.6419, -16.1075, -17.9136, -18.0722, -18.1463, -17.7252, -18.7648, -21.2755, -22.6438, -21.7412, -24.0929, -25.3849, -32.0067, -40.8612, -52.1917, -66.896, -80.6562, -118.2436, -150.2755, -186.3876, -80.2956]",19,4
WIS_030,algorithmic,canonical,Qwen/Qwen2.5-7B,-1,28,"[0.9905, 0.9928, 0.9901, 0.9834, 0.9777, 0.9748, 0.9734, 0.9704, 0.9589, 0.9615, 0.9631, 0.9609, 0.9558, 0.9494, 0.9508, 0.9493, 0.9344, 0.9327, 0.9279, 0.9156, 0.9172, 0.9201, 0.9137, 0.915, 0.9332, 0.9354, 0.9337, 0.9207]","[151795, 152015, 152010, 152018, 152032, 152045, 152040, 152045, 152049, 152053, 152051, 152043, 152040, 152048, 152041, 152041, 152041, 152043, 152041, 152042, 152050, 152042, 152047, 152049, 152051, 152050, 152046, 152021]","[-12.6619, -14.1821, -14.6817, -13.7159, -14.1466, -15.6183, -16.5654, -16.8836, -17.3844, -19.8113, -19.7296, -19.863, -19.3136, -20.2262, -23.1848, -24.6171, -23.4561, -26.6332, -27.7464, -34.3614, -44.066, -55.1708, -70.8493, -86.8063, -128.4194, -164.4374, -204.145, -161.5612]",16,1
WIS_031,algorithmic,canonical,Qwen/Qwen2.5-7B,-1,28,"[0.9904, 0.9927, 0.99, 0.9833, 0.9779, 0.9753, 0.9739, 0.9709, 0.9595, 0.962, 0.9633, 0.9612, 0.9558, 0.9494, 0.9507, 0.949, 0.9338, 0.932, 0.9268, 0.9145, 0.9159, 0.9191, 0.9128, 0.9144, 0.9323, 0.9349, 0.9326, 0.9196]","[152032, 152014, 151993, 152027, 152018, 152024, 151998, 152012, 152014, 152029, 152010, 151987, 151965, 151986, 151973, 151999, 151970, 151996, 151976, 151991, 152001, 151999, 152018, 152019, 152014, 152009, 151997, 151918]","[-12.8812, -14.1634, -14.5725, -13.7492, -13.9755, -15.2489, -15.9634, -16.2516, -16.5825, -18.7967, -18.4895, -18.492, -17.8882, -18.6685, -21.5358, -22.9938, -21.804, -24.8555, -25.955, -31.9981, -40.831, -52.031, -67.1622, -81.7464, -119.4142, -152.9073, -189.7148, -150.8505]",15,0
WIS_032,algorithmic,canonical,Qwen/Qwen2.5-7B,-1,28,"[0.9908, 0.9927, 0.9899, 0.9834, 0.9777, 0.9742, 0.9729, 0.9696, 0.9589, 0.9617, 0.9624, 0.96, 0.9546, 0.9472, 0.9484, 0.9465, 0.9313, 0.9286, 0.9222, 0.9116, 0.914, 0.9172, 0.9109, 0.912, 0.9301, 0.9327, 0.9296, 0.9254]","[152032, 152013, 151992, 152026, 152017, 152023, 151997, 152011, 152014, 152029, 152010, 151981, 151962, 151984, 151970, 151990, 151965, 151993, 151969, 151990, 151997, 151997, 152018, 152019, 152013, 152007, 151995, 135453]","[-12.8829, -14.1544, -14.5618, -13.7413, -13.9776, -15.2411, -15.9361, -16.2188, -16.5583, -18.7299, -18.4437, -18.4497, -17.7698, -18.6199, -21.5506, -22.9751, -21.7378, -24.7589, -25.7403, -31.8838, -40.8636, -52.0845, -67.5756, -82.013, -119.985, -153.9394, -190.7807, -79.7269]",15,0
BW_001,planning_suite,canonical,Qwen/Qwen2.5-7B,-1,28,"[0.9746, 0.9764, 0.9739, 0.96, 0.9492, 0.9382, 0.9382, 0.9336, 0.9177, 0.9324, 0.938, 0.9395, 0.9349, 0.9365, 0.9473, 0.9475, 0.945, 0.9506, 0.9467, 0.949, 0.9455, 0.9509, 0.9484, 0.9472, 0.9541, 0.9524, 0.9486, 0.9034]","[145173, 147378, 147037, 145745, 135781, 140179, 135789, 147888, 146950, 147285, 146477, 146432, 145566, 143653, 136299, 137221, 132415, 132143, 131178, 122148, 128051, 126624, 114589, 104778, 112651, 106014, 72871, 7842]","[-12.3774, -13.2124, -13.4116, -12.7979, -12.73, -13.36, -13.703, -14.1892, -14.5191, -15.4623, -15.5953, -15.9249, -15.2282, -15.771, -17.4858, -18.2976, -17.5322, -19.8484, -19.844, -23.7019, -28.4239, -36.8869, -47.0381, -54.0081, -79.3911, -95.8904, -110.7671, -48.8793]",29245,pick
BW_002,planning_suite,canonical,Qwen/Qwen2.5-7B,-1,28,"[0.9711, 0.9797, 0.9756, 0.9602, 0.9535, 0.9479, 0.9458, 0.9406, 0.9294, 0.9444, 0.9482, 0.9497, 0.9467, 0.9415, 0.9466, 0.9451, 0.9427, 0.9455, 0.9398, 0.9414, 0.9369, 0.943, 0.9388, 0.9372, 0.9463, 0.9441, 0.9369, 0.8438]","[143761, 146776, 146569, 143555, 133883, 132993, 126644, 143493, 140458, 142082, 141184, 142201, 140272, 132157, 125221, 133692, 129258, 131400, 136346, 125007, 130894, 126102, 111268, 100261, 109863, 98488, 66629, 308]","[-12.3738, -13.0892, -13.3589, -12.7892, -12.7467, -13.2612, -13.6159, -14.1032, -14.5066, -15.3892, -15.4143, -15.886, -15.0669, -15.5557, -17.5415, -17.6221, -17.3003, -19.8796, -20.0863, -22.4835, -27.261, -33.7909, -43.2581, -49.1049, -74.7532, -90.4535, -106.1563, -16.2566]",29245,pick
BW_010,planning_suite,canonical,Qwen/Qwen2.5-7B,-1,28,"[0.9761, 0.9773, 0.9748, 0.9603, 0.9497, 0.9379, 0.9373, 0.9317, 0.9164, 0.9319, 0.9376, 0.9389, 0.9351, 0.9368, 0.948, 0.9481, 0.9455, 0.9507, 0.947, 0.9501, 0.9465, 0.9524, 0.9505, 0.9494, 0.956, 0.9541, 0.9499, 0.8983]","[145896, 147678, 147205, 146440, 136598, 140652, 133800, 147852, 146804, 147370, 146387, 146205, 144865, 142344, 134644, 135451, 130565, 130484, 128916, 119711, 127368, 126407, 115958, 105770, 112594, 107383, 74021, 7]","[-12.3874, -13.2028, -13.4143, -12.8081, -12.7365, -13.4026, -13.6982, -14.2123, -14.4818, -15.481, -15.629, -15.975, -15.2585, -15.8607, -17.5492, -18.3378, -17.5705, -19.8611, -19.7795, -23.9664, -28.7062, -37.3402, -47.9786, -55.5152, -80.6028, -97.6289, -112.4075, -12.8214]",29245,pick
BW_011,planning_suite,canonical,Qwen/Qwen2.5-7B,-1,28,"[0.9733, 0.9756, 0.9734, 0.9602, 0.9511, 0.9394, 0.9389, 0.9336, 0.9177, 0.9329, 0.9389, 0.94, 0.9348, 0.9365, 0.9487, 0.9486, 0.9465, 0.9518, 0.9484, 0.95, 0.9463, 0.9513, 0.949, 0.9481, 0.9553, 0.9533, 0.9488, 0.9257]","[145426, 147481, 147090, 146353, 136832, 141122, 135360, 147792, 147142, 146946, 146548, 146291, 145253, 143429, 135895, 136962, 131818, 131540, 131837, 123444, 128891, 126919, 114310, 104742, 112809, 106947, 74029, 8977]","[-12.379, -13.2098, -13.4045, -12.8084, -12.7377, -13.3922, -13.7133, -14.2042, -14.5084, -15.4585, -15.5908, -15.9472, -15.2341, -15.7752, -17.5071, -18.2593, -17.4629, -19.8907, -19.8795, -23.7856, -28.504, -36.829, -47.0804, -54.2725, -79.9831, -96.4553, -111.8314, -50.9775]",29245,pick
BW_014,planning_suite,canonical,Qwen/Qwen2.5-7B,-1,28,"[0.9728, 0.9807, 0.9768, 0.9614, 0.9539, 0.9474, 0.9449, 0.938, 0.9271, 0.9434, 0.9473, 0.9496, 0.9459, 0.9398, 0.9454, 0.9446, 0.9416, 0.9444, 0.938, 0.9383, 0.9329, 0.9386, 0.934, 0.9338, 0.9434, 0.9418, 0.9345, 0.8413]","[144378, 146984, 146537, 143482, 133028, 133024, 126010, 144069, 140309, 142636, 141463, 141118, 139301, 131474, 124361, 132367, 127783, 130407, 133799, 118981, 127624, 125355, 112462, 98248, 107347, 97492, 65344, 44]","[-12.3838, -13.0894, -13.36, -12.7739, -12.745, -13.307, -13.6199, -14.1218, -14.499, -15.413, -15.4236, -15.9157, -15.0744, -15.5395, -17.5806, -17.7204, -17.4822, -20.1324, -20.1379, -22.6039, -27.2911, -34.6345, -44.4979, -50.4995, -75.8726, -91.7164, -105.9018, -44.9291]",29245,pick
BW_022,planning_suite,canonical,Qwen/Qwen2.5-7B,-1,28,"[0.9713, 0.9799, 0.9757, 0.9597, 0.9523, 0.9453, 0.9424, 0.9359, 0.9257, 0.9417, 0.9458, 0.9479, 0.9446, 0.9393, 0.945, 0.9439, 0.9413, 0.9441, 0.9379, 0.9394, 0.9343, 0.9401, 0.9355, 0.9353, 0.9443, 0.9424, 0.9349, 0.8372]","[143837, 146805, 146452, 144037, 133298, 133485, 123055, 142948, 139400, 142596, 141712, 141848, 139369, 131698, 124427, 133314, 128257, 130346, 134300, 121035, 128855, 124732, 112197, 101108, 110797, 100834, 68475, 305]","[-12.3767, -13.0785, -13.346, -12.7895, -12.7276, -13.3319, -13.5809, -14.0823, -14.412, -15.4014, -15.4116, -15.9078, -15.0609, -15.6102, -17.5926, -17.7135, -17.3809, -20.0202, -20.1148, -22.4991, -27.0138, -33.8025, -43.5589, -49.7896, -75.0903, -90.9226, -106.7421, -16.4419]",29245,pick
BW_080,planning_suite,canonical,Qwen/Qwen2.5-7B,-1,28,"[0.9755, 0.9768, 0.9744, 0.9597, 0.9491, 0.939, 0.9387, 0.9335, 0.9185, 0.9334, 0.9393, 0.9401, 0.9352, 0.9367, 0.9474, 0.9471, 0.9444, 0.9502, 0.947, 0.9502, 0.9465, 0.9518, 0.9497, 0.9492, 0.956, 0.9543, 0.9502, 0.8994]","[145599, 147526, 147105, 145958, 136038, 140362, 134293, 147611, 146745, 146992, 146295, 146042, 145082, 143406, 135290, 135522, 130493, 130236, 129375, 119781, 126550, 126161, 114992, 104761, 112139, 105371, 72262, 10595]","[-12.3851, -13.221, -13.4244, -12.8011, -12.7311, -13.4091, -13.7225, -14.2143, -14.5364, -15.4807, -15.6625, -15.981, -15.2669, -15.8296, -17.4819, -18.3215, -17.4852, -19.782, -19.6636, -23.8351, -28.5743, -37.2003, -47.6867, -55.4021, -81.0031, -97.7151, -112.1131, -55.9875]",29245,pick
BW_120,planning_suite,canonical,Qwen/Qwen2.5-7B,-1,28,"[0.9759, 0.9773, 0.9748, 0.9605, 0.9503, 0.9386, 0.9385, 0.9331, 0.9176, 0.9325, 0.9382, 0.9389, 0.9345, 0.9362, 0.9467, 0.9462, 0.9431, 0.9484, 0.9447, 0.9479, 0.9441, 0.9497, 0.9471, 0.9465, 0.9534, 0.9517, 0.9479, 0.8953]","[145681, 147674, 146970, 145370, 135916, 140214, 134342, 148130, 147252, 147642, 146478, 146295, 145051, 143132, 135525, 135335, 131285, 131138, 130115, 119764, 127020, 126468, 115556, 103728, 111121, 104555, 71411, 9299]","[-12.3854, -13.206, -13.4159, -12.789, -12.743, -13.3886, -13.7065, -14.2093, -14.4984, -15.4836, -15.6396, -15.9587, -15.2268, -15.7824, -17.4265, -18.2461, -17.4261, -19.6663, -19.5654, -23.7562, -28.4223, -37.1348, -47.5364, -54.842, -80.0436, -96.4193, -110.9785, -52.9091]",29245,pick
BW_137,planning_suite,canonical,Qwen/Qwen2.5-7B,-1,28,"[0.9735, 0.9757, 0.9737, 0.96, 0.9513, 0.9406, 0.9406, 0.9361, 0.9202, 0.9349, 0.9406, 0.9414, 0.9361, 0.9376, 0.9491, 0.9486, 0.9458, 0.9514, 0.9479, 0.9495, 0.9466, 0.9517, 0.9488, 0.9474, 0.9544, 0.9523, 0.9488, 0.9031]","[145447, 147516, 147133, 145759, 136985, 140445, 135691, 147874, 146905, 146993, 146457, 146270, 144932, 143269, 135400, 136424, 131477, 130940, 131461, 123775, 129086, 127322, 114814, 105051, 112974, 105679, 72032, 9285]","[-12.3784, -13.2182, -13.416, -12.7931, -12.7441, -13.3684, -13.713, -14.19, -14.4451, -15.4145, -15.566, -15.9351, -15.245, -15.7472, -17.41, -18.1633, -17.2822, -19.7572, -19.6362, -23.4692, -28.3026, -36.7895, -46.8478, -53.6833, -78.9223, -94.832, -109.828, -52.0042]",29245,pick
BW_155,planning_suite,canonical,Qwen/Qwen2.5-7B,27,28,"[0.9761, 0.9772, 0.9748, 0.9604, 0.95, 0.9382, 0.9376, 0.9324, 0.917, 0.9323, 0.9381, 0.939, 0.935, 0.9371, 0.9481, 0.9481, 0.9454, 0.9507, 0.9469, 0.9497, 0.9464, 0.9522, 0.9506, 0.9501, 0.9566, 0.9553, 0.9513, 0.9012]","[145812, 147697, 147222, 146313, 136467, 140506, 133472, 147667, 146990, 147502, 146570, 146317, 145060, 142837, 135229, 135629, 130474, 130626, 129469, 119673, 127197, 126608, 115683, 104845, 112212, 106436, 71816, 4]","[-12.3875, -13.1971, -13.4065, -12.8097, -12.736, -13.4004, -13.6939, -14.1994, -14.4943, -15.4939, -15.6377, -15.9682, -15.2471, -15.8694, -17.5552, -18.3654, -17.5589, -19.866, -19.7957, -23.8918, -28.5277, -37.0895, -47.7257, -55.4112, -80.7368, -97.7101, -111.7874, -9.2783]",29245,pick
BW_172,planning_suite,canonical,Qwen/Qwen2.5-7B,-1,28,"[0.9735, 0.9756, 0.9737, 0.96, 0.951, 0.9404, 0.9406, 0.936, 0.92, 0.9345, 0.9404, 0.9409, 0.9351, 0.9361, 0.9466, 0.9459, 0.9431, 0.949, 0.945, 0.9481, 0.9446, 0.9503, 0.9477, 0.947, 0.9541, 0.9521, 0.9488, 0.9233]","[145407, 147532, 147125, 145797, 136835, 140450, 135444, 147797, 146988, 147016, 146607, 146463, 145410, 144085, 136445, 136442, 131102, 130143, 130934, 124134, 129560, 127336, 115195, 103681, 111901, 103739, 69805, 10673]","[-12.3782, -13.2144, -13.4161, -12.7973, -12.7468, -13.372, -13.7113, -14.1903, -14.4545, -15.413, -15.5698, -15.9326, -15.2642, -15.7657, -17.3844, -18.1697, -17.2834, -19.6438, -19.4779, -23.4665, -28.3361, -36.7217, -47.0001, -54.1499, -79.7192, -95.68, -109.8677, -56.8035]",29245,pick
BW_203,planning_suite,canonical,Qwen/Qwen2.5-7B,-1,28,"[0.9719, 0.9803, 0.9766, 0.962, 0.9551, 0.9467, 0.9443, 0.9381, 0.9273, 0.9426, 0.9468, 0.9484, 0.9451, 0.9401, 0.9463, 0.9457, 0.9428, 0.9458, 0.9396, 0.9406, 0.9349, 0.9403, 0.9359, 0.9361, 0.9449, 0.9435, 0.9356, 0.8362]","[144125, 146934, 146367, 142816, 133110, 133338, 124333, 143710, 140605, 142757, 142109, 142202, 139706, 132446, 125112, 133435, 128851, 130960, 134477, 120297, 127945, 125691, 111736, 99535, 109796, 99286, 67161, 266]","[-12.3798, -13.083, -13.353, -12.7744, -12.748, -13.3285, -13.6044, -14.0957, -14.455, -15.4113, -15.4125, -15.9123, -15.0436, -15.5162, -17.4993, -17.7195, -17.4049, -20.0484, -20.0916, -22.5866, -27.0419, -34.2036, -43.8595, -50.2013, -75.4642, -91.5926, -106.0626, -16.0117]",29245,pick
BW_227,planning_suite,canonical,Qwen/Qwen2.5-7B,-1,28,"[0.9739, 0.9759, 0.9739, 0.9597, 0.9504, 0.9391, 0.9396, 0.9355, 0.9205, 0.9352, 0.9405, 0.9417, 0.9363, 0.9374, 0.9496, 0.9495, 0.9472, 0.9525, 0.9489, 0.9505, 0.947, 0.952, 0.9492, 0.9479, 0.955, 0.9531, 0.9492, 0.9024]","[145151, 147223, 146859, 145163, 135010, 139838, 135854, 147883, 146609, 146946, 146518, 146249, 145180, 143176, 135481, 136516, 131718, 131141, 131672, 123061, 128233, 127032, 114639, 104539, 112304, 104629, 72198, 9063]","[-12.3755, -13.203, -13.4086, -12.7754, -12.7154, -13.328, -13.6914, -14.1693, -14.4342, -15.4318, -15.5874, -15.9187, -15.2226, -15.7658, -17.4952, -18.2815, -17.3898, -19.8206, -19.7335, -23.6688, -28.5811, -37.13, -47.365, -54.2097, -79.6901, -95.8295, -110.8111, -51.4418]",29245,pick
BW_282,planning_suite,canonical,Qwen/Qwen2.5-7B,-1,28,"[0.9714, 0.98, 0.9756, 0.9595, 0.9519, 0.9451, 0.9422, 0.9358, 0.9257, 0.9418, 0.9458, 0.9479, 0.9448, 0.9397, 0.9454, 0.9443, 0.9418, 0.9445, 0.9381, 0.9395, 0.9339, 0.94, 0.9356, 0.9357, 0.945, 0.9431, 0.9362, 0.8601]","[144009, 146845, 146462, 144141, 133100, 133316, 122696, 142845, 139263, 142573, 141690, 141926, 139291, 131558, 124446, 133172, 128087, 130360, 134709, 121499, 129681, 125855, 113322, 101658, 111141, 101082, 68279, 50]","[-12.3787, -13.0788, -13.3414, -12.7917, -12.7243, -13.3258, -13.5731, -14.0746, -14.4099, -15.3973, -15.4137, -15.9058, -15.0549, -15.6131, -17.6167, -17.6907, -17.3948, -20.0478, -20.1069, -22.4407, -26.9782, -33.8208, -43.62, -49.8217, -75.2654, -91.177, -106.7077, -47.5239]",29245,pick
BW_310,planning_suite,canonical,Qwen/Qwen2.5-7B,-1,28,"[0.9711, 0.9798, 0.9759, 0.9605, 0.9535, 0.9461, 0.9434, 0.9376, 0.9254, 0.9409, 0.9464, 0.9484, 0.9455, 0.9408, 0.946, 0.9443, 0.9418, 0.9447, 0.9384, 0.9405, 0.9353, 0.9411, 0.9368, 0.9363, 0.9455, 0.9431, 0.9367, 0.8431]","[143782, 146555, 146490, 143665, 132828, 132203, 121717, 141775, 136306, 140043, 140100, 141248, 139009, 131439, 123960, 131734, 126622, 130525, 134859, 122993, 131177, 126667, 113051, 101778, 110076, 99364, 68029, 342]","[-12.3748, -13.0797, -13.3599, -12.781, -12.7283, -13.3354, -13.5884, -14.0874, -14.3973, -15.3019, -15.4231, -15.8966, -15.1123, -15.576, -17.6872, -17.5571, -17.2101, -19.9414, -20.038, -22.4175, -27.2334, -34.0975, -43.9321, -50.1656, -75.6163, -91.5152, -107.0956, -17.189]",29245,pick
BW_331,planning_suite,canonical,Qwen/Qwen2.5-7B,-1,28,"[0.9728, 0.9807, 0.9767, 0.9613, 0.954, 0.948, 0.9455, 0.9387, 0.9278, 0.9438, 0.9478, 0.9498, 0.9464, 0.9406, 0.9462, 0.9456, 0.9428, 0.9456, 0.9396, 0.9396, 0.9346, 0.9401, 0.9358, 0.9357, 0.9448, 0.9434, 0.9361, 0.8424]","[144321, 146971, 146523, 143344, 133383, 133318, 125242, 144008, 140578, 142701, 141835, 141562, 139448, 131456, 124673, 132686, 128737, 130730, 133555, 119112, 127229, 125160, 112003, 99661, 108753, 99956, 67178, 50]","[-12.3836, -13.0885, -13.3567, -12.7784, -12.7525, -13.3139, -13.6105, -14.1209, -14.5016, -15.418, -15.4243, -15.9092, -15.0378, -15.5355, -17.5532, -17.7536, -17.5505, -20.1441, -20.1565, -22.6975, -27.3707, -34.7098, -44.5687, -50.6673, -76.027, -92.1664, -106.6039, -47.6656]",29245,pick
BW_350,planning_suite,canonical,Qwen/Qwen2.5-7B,-1,28,"[0.9694, 0.9785, 0.975, 0.9598, 0.953, 0.9471, 0.9445, 0.9383, 0.9276, 0.9424, 0.9459, 0.9469, 0.944, 0.9395, 0.9453, 0.9444, 0.9421, 0.9445, 0.9384, 0.9402, 0.9358, 0.9414, 0.9378, 0.9366, 0.946, 0.9439, 0.938, 0.8502]","[143513, 146590, 146247, 143933, 133466, 134276, 125781, 143052, 140179, 142378, 142048, 142426, 139519, 132285, 125466, 134266, 130358, 131563, 136653, 125705, 130788, 125239, 110028, 100587, 110988, 100818, 68102, 427]","[-12.3693, -13.0918, -13.3449, -12.7866, -12.7293, -13.3278, -13.6299, -14.0933, -14.432, -15.3822, -15.3572, -15.8769, -14.986, -15.5306, -17.5368, -17.5353, -17.2389, -19.7985, -19.9252, -22.3579, -26.7931, -32.9429, -42.6148, -48.6514, -74.7358, -90.543, -107.0553, -18.2793]",29245,pick
BW_408,planning_suite,canonical,Qwen/Qwen2.5-7B,-1,28,"[0.9703, 0.9794, 0.9756, 0.9595, 0.9531, 0.9475, 0.9455, 0.9403, 0.9295, 0.9445, 0.948, 0.9496, 0.9462, 0.9406, 0.9458, 0.945, 0.9422, 0.9451, 0.9386, 0.9416, 0.9371, 0.9424, 0.9376, 0.9369, 0.9455, 0.9433, 0.9361, 0.8667]","[143622, 146554, 146372, 143037, 132140, 132608, 125637, 143190, 139645, 142303, 141251, 142550, 140548, 132511, 125980, 134677, 129677, 131528, 135923, 124115, 129900, 125275, 109259, 97606, 108370, 97070, 64772, 43]","[-12.3715, -13.095, -13.3581, -12.7725, -12.7269, -13.2842, -13.6186, -14.1018, -14.4806, -15.3909, -15.3876, -15.9116, -15.0833, -15.5525, -17.5495, -17.7037, -17.4322, -19.9633, -20.1547, -22.5773, -27.3716, -34.0014, -43.4108, -49.7751, -75.338, -91.0327, -105.9792, -44.6138]",29245,pick
BW_467,planning_suite,canonical,Qwen/Qwen2.5-7B,-1,28,"[0.9747, 0.9765, 0.9739, 0.9599, 0.9496, 0.9365, 0.9371, 0.9341, 0.9196, 0.9342, 0.9401, 0.9404, 0.9358, 0.9373, 0.9485, 0.9483, 0.9454, 0.951, 0.9474, 0.9505, 0.9471, 0.9521, 0.9498, 0.9487, 0.9553, 0.9533, 0.9493, 0.8998]","[145575, 147610, 147207, 145901, 136198, 139922, 136074, 148180, 146727, 147014, 146231, 146207, 145392, 143111, 135400, 136138, 132169, 131468, 130637, 121901, 127351, 126420, 114386, 104323, 112124, 105792, 73244, 9229]","[-12.3827, -13.2144, -13.4189, -12.8019, -12.7363, -13.3183, -13.699, -14.2108, -14.5343, -15.4679, -15.6163, -15.9302, -15.2376, -15.7118, -17.4711, -18.3327, -17.4922, -19.8296, -19.7571, -23.7626, -28.5257, -37.0022, -47.381, -54.3836, -79.8132, -96.4896, -111.6512, -51.7336]",29245,pick
BW_495,planning_suite,canonical,Qwen/Qwen2.5-7B,-1,28,"[0.9713, 0.9799, 0.9756, 0.9597, 0.9522, 0.9455, 0.9424, 0.936, 0.9258, 0.9419, 0.9458, 0.9477, 0.9445, 0.9389, 0.9441, 0.9429, 0.94, 0.9429, 0.9371, 0.9392, 0.9341, 0.9397, 0.9349, 0.9347, 0.9437, 0.9416, 0.9341, 0.8354]","[144216, 146931, 146492, 144303, 133519, 133734, 123281, 142827, 139512, 142630, 142013, 141915, 139413, 131759, 124671, 133374, 128185, 130203, 133903, 121412, 129765, 125837, 112846, 100539, 110711, 99685, 66705, 381]","[-12.3813, -13.083, -13.3469, -12.791, -12.7285, -13.3344, -13.5819, -14.0751, -14.4137, -15.4219, -15.4174, -15.9157, -15.0526, -15.6016, -17.6069, -17.7061, -17.3702, -19.9865, -20.0606, -22.4912, -26.9875, -33.7632, -43.5205, -49.8757, -75.2191, -90.9515, -106.2329, -18.0782]",29245,pick
BW_E002,planning_suite,canonical,Qwen/Qwen2.5-7B,-1,28,"[0.9598, 0.9651, 0.9602, 0.941, 0.926, 0.9228, 0.9068, 0.894, 0.8838, 0.906, 0.9116, 0.9163, 0.9191, 0.9213, 0.9374, 0.9379, 0.9352, 0.9409, 0.9358, 0.9377, 0.9343, 0.9411, 0.9396, 0.9375, 0.9471, 0.9459, 0.9416, 0.8601]","[142178, 144045, 142410, 134109, 124104, 127257, 120278, 138521, 130125, 128392, 133126, 139212, 138858, 129237, 122729, 130714, 125747, 126283, 132260, 117203, 127380, 126115, 113006, 102513, 109967, 100825, 68674, 16]","[-12.3482, -13.1087, -13.2921, -12.6221, -12.6532, -13.2012, -13.6492, -14.0536, -14.3404, -14.7252, -14.884, -15.414, -14.9361, -15.0544, -16.6726, -16.914, -16.834, -19.1761, -19.46, -22.1246, -27.3602, -34.6246, -44.9163, -50.5621, -76.1664, -92.8418, -106.6208, -29.6989]",29245,pick
BW_E015,planning_suite,canonical,Qwen/Qwen2.5-7B,-1,28,"[0.9763, 0.9792, 0.9745, 0.9588, 0.9472, 0.938, 0.9346, 0.9269, 0.9114, 0.9296, 0.9333, 0.9357, 0.9332, 0.9316, 0.9444, 0.9438, 0.9421, 0.9454, 0.9386, 0.9358, 0.9311, 0.9388, 0.9379, 0.9378, 0.9487, 0.948, 0.9419, 0.8364]","[151430, 151874, 151871, 151564, 151212, 151733, 151749, 151844, 151734, 151758, 151785, 151655, 151655, 151777, 151818, 151838, 151913, 151843, 151786, 151837, 151833, 151815, 151803, 151811, 151775, 151736, 150676, 29]","[-12.6084, -13.7873, -14.2232, -13.2295, -13.3229, -14.4072, -15.0744, -15.3852, -15.7683, -16.9776, -17.1789, -17.5123, -16.549, -17.8962, -21.0798, -20.7792, -21.1253, -23.9646, -23.6818, -27.9004, -33.2712, -42.8575, -57.3276, -66.6345, -96.8386, -116.9489, -131.4643, -40.4415]",359,un
BW_E017,planning_suite,canonical,Qwen/Qwen2.5-7B,-1,28,"[0.9767, 0.9793, 0.9752, 0.9599, 0.9491, 0.9389, 0.9361, 0.9285, 0.9136, 0.9308, 0.9347, 0.9365, 0.9336, 0.9311, 0.943, 0.9421, 0.9402, 0.9441, 0.9381, 0.9376, 0.9335, 0.94, 0.9387, 0.9388, 0.9487, 0.9476, 0.9429, 0.8557]","[144343, 146869, 146452, 143034, 132116, 132986, 125413, 143882, 139257, 142257, 141729, 141995, 139713, 130506, 124708, 133186, 127200, 128810, 133708, 116268, 126675, 124292, 111618, 100483, 108674, 100035, 67349, 52]","[-12.383, -13.1, -13.3653, -12.7698, -12.7328, -13.3095, -13.6222, -14.1267, -14.4532, -15.381, -15.4359, -15.9123, -15.0993, -15.5732, -17.5816, -17.602, -17.4254, -20.0176, -20.0865, -22.3042, -27.327, -34.4315, -44.2935, -49.9618, -75.2175, -90.6616, -104.8134, -49.5789]",29245,pick
BW_E019,planning_suite,canonical,Qwen/Qwen2.5-7B,-1,28,"[0.977, 0.9796, 0.9756, 0.9603, 0.9492, 0.9403, 0.9375, 0.9303, 0.915, 0.9322, 0.9358, 0.9376, 0.9351, 0.933, 0.9455, 0.9449, 0.9425, 0.9462, 0.9393, 0.9379, 0.9341, 0.9405, 0.9396, 0.9394, 0.9483, 0.9468, 0.9416, 0.8472]","[151432, 151872, 151871, 151564, 151217, 151738, 151758, 151841, 151730, 151753, 151785, 151649, 151663, 151772, 151817, 151846, 151911, 151840, 151792, 151856, 151836, 151824, 151815, 151818, 151771, 151730, 150709, 36]","[-12.6078, -13.7868, -14.2459, -13.2377, -13.3341, -14.4034, -15.0859, -15.3588, -15.7098, -16.9485, -17.1555, -17.4149, -16.5162, -17.7841, -21.0035, -20.792, -21.0732, -23.8803, -23.5093, -27.8739, -33.3853, -42.5243, -56.3992, -65.3609, -94.4527, -115.5855, -131.007, -44.0093]",359,un
BW_E100,planning_suite,canonical,Qwen/Qwen2.5-7B,-1,28,"[0.9521, 0.9635, 0.9585, 0.9358, 0.9192, 0.9162, 0.9011, 0.8857, 0.8774, 0.9012, 0.9077, 0.9125, 0.9122, 0.915, 0.9312, 0.9322, 0.9317, 0.9375, 0.9322, 0.9331, 0.9319, 0.9404, 0.939, 0.9358, 0.9453, 0.9437, 0.9391, 0.8777]","[143194, 144299, 143118, 135770, 123131, 127990, 119641, 137100, 128988, 126552, 131331, 138167, 137578, 128391, 124563, 131315, 125780, 126718, 133686, 119296, 130143, 127952, 115115, 104116, 111140, 102617, 70688, 8]","[-12.3655, -13.0727, -13.2968, -12.6408, -12.6211, -13.275, -13.6931, -14.0802, -14.4275, -14.7663, -14.9234, -15.4262, -14.7959, -14.9754, -16.4528, -16.5233, -16.687, -18.8559, -19.1432, -21.7848, -27.4251, -35.0506, -46.2386, -52.101, -77.3434, -94.7576, -108.646, -10.2466]",29245,pick
MBW_001,planning_suite,canonical,Qwen/Qwen2.5-7B,-1,28,"[0.9728, 0.9766, 0.9744, 0.9596, 0.95, 0.9399, 0.941, 0.9361, 0.9205, 0.9367, 0.9426, 0.9458, 0.9431, 0.9436, 0.9556, 0.9539, 0.9523, 0.9581, 0.954, 0.9563, 0.956, 0.9605, 0.9591, 0.9578, 0.9636, 0.9603, 0.9406, 0.913]","[114110, 110243, 111059, 108913, 100376, 114805, 101132, 96033, 80118, 90488, 83351, 72994, 72323, 83216, 92963, 104149, 97559, 96310, 90974, 96674, 93016, 97396, 95749, 77971, 77727, 62079, 44063, 10958]","[-12.1715, -12.6939, -12.8759, -12.3842, -12.3888, -12.9806, -13.1952, -13.1457, -13.1666, -14.0241, -14.1075, -14.1531, -13.5906, -14.245, -16.4599, -16.9809, -16.2508, -18.5756, -18.0825, -22.9619, -27.5334, -36.8191, -48.567, -53.724, -78.095, -90.4963, -102.2597, -59.5422]",20566,attack
MBW_002,planning_suite,canonical,Qwen/Qwen2.5-7B,-1,28,"[0.9713, 0.9802, 0.9763, 0.9596, 0.9524, 0.947, 0.9467, 0.9408, 0.9309, 0.946, 0.9503, 0.9529, 0.9506, 0.947, 0.952, 0.95, 0.9498, 0.9528, 0.9458, 0.9476, 0.9443, 0.9509, 0.9504, 0.9505, 0.9578, 0.9533, 0.9261, 0.8481]","[117934, 112167, 113063, 114038, 103732, 114403, 107618, 102008, 89916, 94114, 82967, 76452, 73624, 93269, 100213, 112744, 103658, 99329, 89358, 91798, 89936, 96245, 96529, 77485, 77483, 60552, 43087, 7318]","[-12.1984, -12.6489, -12.8739, -12.4489, -12.4464, -13.0215, -13.3357, -13.3046, -13.5048, -14.2535, -14.1092, -14.4085, -13.6205, -14.5419, -16.8714, -16.6675, -16.412, -18.8812, -18.1318, -21.7538, -27.1328, -35.7905, -47.8727, -51.7467, -76.8741, -87.8767, -98.4609, -51.8218]",20566,attack
MBW_010,planning_suite,canonical,Qwen/Qwen2.5-7B,-1,28,"[0.9714, 0.9805, 0.9763, 0.9591, 0.9514, 0.9458, 0.9451, 0.9395, 0.9301, 0.9458, 0.95, 0.9526, 0.9501, 0.9467, 0.9521, 0.9503, 0.9502, 0.9529, 0.9454, 0.9461, 0.9435, 0.9503, 0.9504, 0.9506, 0.9581, 0.9535, 0.926, 0.8425]","[118304, 112565, 112817, 114875, 104936, 114864, 107794, 101940, 90153, 92986, 82769, 76063, 73435, 92856, 100448, 112466, 102076, 98759, 87679, 90590, 89499, 96529, 97199, 77912, 77797, 60531, 43245, 7974]","[-12.2002, -12.6541, -12.8681, -12.4447, -12.4524, -13.0161, -13.3242, -13.3051, -13.5357, -14.2529, -14.1425, -14.3741, -13.6284, -14.5234, -16.9195, -16.688, -16.4091, -18.7668, -17.9993, -21.624, -26.9526, -35.8142, -48.2343, -52.0029, -77.1176, -88.2999, -99.5918, -53.5531]",20566,attack
MBW_014,planning_suite,canonical,Qwen/Qwen2.5-7B,-1,28,"[0.972, 0.981, 0.9763, 0.9597, 0.9526, 0.946, 0.9446, 0.9381, 0.9273, 0.9442, 0.9486, 0.9509, 0.9486, 0.9448, 0.9501, 0.948, 0.9473, 0.9498, 0.9428, 0.9425, 0.9409, 0.9485, 0.9484, 0.9486, 0.9567, 0.9514, 0.9235, 0.8423]","[117967, 112097, 113024, 115938, 106359, 116446, 109086, 102951, 90936, 92697, 83826, 76990, 74807, 94316, 100310, 113511, 102325, 97384, 87565, 89121, 88492, 97170, 98468, 79530, 78866, 61227, 44410, 8876]","[-12.1995, -12.6489, -12.8675, -12.4525, -12.4637, -13.0188, -13.3181, -13.2869, -13.5411, -14.2398, -14.1815, -14.3728, -13.646, -14.5168, -16.8841, -16.7079, -16.5611, -18.7144, -18.2034, -21.8093, -26.9919, -35.7255, -48.2818, -51.9435, -77.3055, -88.4432, -101.0942, -54.5559]",20566,attack
MBW_037,planning_suite,canonical,Qwen/Qwen2.5-7B,-1,28,"[0.9719, 0.9807, 0.9762, 0.9589, 0.9514, 0.9448, 0.9436, 0.938, 0.9279, 0.9444, 0.9485, 0.9508, 0.9486, 0.9448, 0.9508, 0.9495, 0.9495, 0.9521, 0.9453, 0.946, 0.9443, 0.9512, 0.9513, 0.9513, 0.9589, 0.954, 0.9267, 0.8461]","[118254, 112152, 113040, 116355, 106324, 115738, 108715, 103154, 90091, 93315, 84045, 76652, 74222, 93772, 100806, 113539, 102407, 97774, 86861, 90300, 88423, 96885, 97114, 77935, 78141, 60510, 43064, 7625]","[-12.2013, -12.6464, -12.8624, -12.4545, -12.4619, -13.0216, -13.3332, -13.3084, -13.5163, -14.2533, -14.1831, -14.3945, -13.6344, -14.556, -16.9803, -16.7951, -16.5363, -18.841, -18.1648, -21.9174, -27.0773, -36.2499, -48.4096, -52.2755, -77.6162, -88.9058, -99.9216, -52.323]",20566,attack
MBW_10,planning_suite,canonical,Qwen/Qwen2.5-7B,-1,28,"[0.974, 0.9757, 0.9733, 0.9554, 0.9397, 0.922, 0.9221, 0.9147, 0.89, 0.9126, 0.922, 0.9241, 0.9229, 0.9284, 0.9441, 0.9439, 0.9439, 0.9499, 0.9461, 0.9517, 0.9525, 0.9574, 0.9574, 0.9567, 0.9626, 0.9588, 0.939, 0.9062]","[114057, 109989, 110955, 109859, 102033, 115633, 101372, 97295, 80531, 90429, 84687, 74492, 72333, 84359, 93499, 103334, 95014, 94993, 89070, 95254, 92495, 97040, 96007, 79274, 78809, 62999, 44214, 11408]","[-12.1711, -12.6965, -12.8787, -12.3816, -12.3954, -12.9822, -13.2002, -13.1861, -13.2253, -14.0774, -14.1627, -14.2417, -13.6342, -14.2867, -16.6281, -17.0338, -16.3104, -18.5847, -18.1011, -22.8177, -27.4781, -36.6959, -48.83, -54.1891, -78.5113, -90.609, -102.128, -60.5392]",20566,attack
MBW_100,planning_suite,canonical,Qwen/Qwen2.5-7B,-1,28,"[0.9745, 0.9767, 0.9741, 0.9586, 0.9482, 0.9333, 0.9346, 0.9291, 0.9128, 0.9314, 0.9369, 0.9413, 0.9384, 0.9403, 0.9533, 0.9516, 0.9497, 0.9563, 0.9528, 0.9554, 0.9545, 0.9593, 0.958, 0.9575, 0.9633, 0.9599, 0.9383, 0.9057]","[113750, 109846, 111470, 111688, 103950, 116716, 103380, 99227, 81436, 91372, 87014, 75033, 73428, 84253, 92797, 104057, 94665, 93933, 88480, 94463, 91723, 98174, 96549, 80341, 80593, 65044, 46620, 11776]","[-12.1716, -12.6936, -12.8767, -12.3984, -12.4173, -13.003, -13.2242, -13.2029, -13.2286, -14.1058, -14.2457, -14.2332, -13.6496, -14.2758, -16.5897, -17.1013, -16.3122, -18.6179, -18.2149, -23.0, -27.5966, -36.9812, -48.963, -54.5479, -79.2803, -91.8607, -103.7945, -58.9955]",20566,attack
MBW_127,planning_suite,canonical,Qwen/Qwen2.5-7B,-1,28,"[0.9746, 0.9772, 0.9746, 0.9581, 0.9486, 0.9374, 0.939, 0.9348, 0.9206, 0.9372, 0.9428, 0.9453, 0.9424, 0.9431, 0.956, 0.9546, 0.9529, 0.9582, 0.9545, 0.9567, 0.9561, 0.96, 0.9586, 0.9576, 0.9632, 0.9599, 0.9394, 0.9064]","[114336, 110051, 110949, 109909, 101581, 114957, 100370, 96914, 80171, 90079, 83987, 72854, 71844, 83403, 92858, 102976, 94904, 94741, 88599, 94895, 91672, 96668, 95595, 79068, 78741, 63188, 44125, 10574]","[-12.1734, -12.699, -12.8764, -12.3844, -12.3906, -12.9719, -13.1879, -13.1731, -13.2044, -14.0542, -14.1372, -14.1659, -13.5987, -14.2087, -16.4944, -16.9861, -16.2205, -18.4933, -17.9939, -22.9041, -27.5396, -36.9838, -49.0352, -54.465, -78.8259, -91.1852, -102.7964, -59.27]",20566,attack
MBW_185,planning_suite,canonical,Qwen/Qwen2.5-7B,-1,28,"[0.9718, 0.9761, 0.9743, 0.959, 0.9492, 0.9381, 0.939, 0.9345, 0.9193, 0.9369, 0.9422, 0.9456, 0.942, 0.942, 0.9539, 0.9521, 0.951, 0.9571, 0.9538, 0.9566, 0.9561, 0.9607, 0.959, 0.9578, 0.9637, 0.9607, 0.9421, 0.9124]","[113246, 109370, 110485, 107000, 99120, 114722, 101054, 95084, 78598, 90670, 83181, 74189, 73364, 83001, 91963, 103488, 97336, 96547, 90822, 96836, 93174, 97272, 95535, 79026, 78602, 64293, 45564, 11321]","[-12.1665, -12.6875, -12.8722, -12.3701, -12.377, -12.983, -13.182, -13.1246, -13.1319, -14.0578, -14.1101, -14.2295, -13.6427, -14.2522, -16.3949, -16.9975, -16.3417, -18.5738, -18.0986, -23.0567, -27.6636, -36.7865, -48.5732, -54.0225, -78.1578, -90.9744, -103.2079, -59.2258]",20566,attack
MBW_495,planning_suite,canonical,Qwen/Qwen2.5-7B,-1,28,"[0.9715, 0.9805, 0.9764, 0.9594, 0.9517, 0.9462, 0.9454, 0.94, 0.9305, 0.9461, 0.9504, 0.9529, 0.9503, 0.9465, 0.9515, 0.9493, 0.9491, 0.9519, 0.9447, 0.9459, 0.9434, 0.9503, 0.9498, 0.9498, 0.9573, 0.9528, 0.9256, 0.843]","[118465, 112369, 112544, 114808, 104589, 114495, 107415, 101292, 89528, 93030, 82821, 75708, 73420, 92712, 100539, 112639, 102757, 99067, 86993, 90042, 88189, 95314, 96288, 77433, 77328, 60214, 42925, 7063]","[-12.2024, -12.6561, -12.8659, -12.4464, -12.4526, -13.0125, -13.3205, -13.2926, -13.5247, -14.2604, -14.1453, -14.3723, -13.6342, -14.521, -16.9402, -16.7341, -16.4143, -18.8358, -17.9857, -21.6513, -26.9686, -35.8532, -48.2452, -51.8895, -76.6551, -87.794, -99.3987, -50.991]",20566,attack
BW_496,planning_suite,canonical,Qwen/Qwen2.5-7B,-1,28,"[0.9717, 0.9772, 0.9739, 0.9591, 0.9509, 0.9451, 0.9427, 0.9387, 0.9256, 0.935, 0.9352, 0.9366, 0.9302, 0.9281, 0.9296, 0.9294, 0.9218, 0.9253, 0.9202, 0.9197, 0.9075, 0.9071, 0.9018, 0.8987, 0.915, 0.9124, 0.9003, 0.82]","[143542, 146670, 146441, 143546, 134804, 133891, 125806, 143041, 140022, 142168, 141898, 142531, 139660, 131641, 124870, 133992, 129831, 131309, 136709, 125705, 132311, 126186, 110171, 100234, 110753, 100118, 67550, 695]","[-12.3674, -13.0898, -13.3465, -12.779, -12.7538, -13.317, -13.628, -14.087, -14.391, -15.3421, -15.3531, -15.8995, -15.0265, -15.5662, -17.4758, -17.4905, -17.177, -19.743, -19.9403, -22.4888, -27.0834, -33.4627, -43.0537, -49.1806, -74.6178, -90.3251, -106.9631, -21.535]",29245,pick
BW_497,planning_suite,canonical,Qwen/Qwen2.5-7B,-1,28,"[0.9753, 0.9766, 0.9739, 0.9599, 0.95, 0.9432, 0.9401, 0.9341, 0.9218, 0.9344, 0.9355, 0.9385, 0.9319, 0.9304, 0.9321, 0.9327, 0.926, 0.9291, 0.9236, 0.9253, 0.9193, 0.9192, 0.9177, 0.9181, 0.9319, 0.9285, 0.9195, 0.8396]","[144236, 146985, 146539, 143359, 132568, 132949, 125623, 143913, 140257, 142982, 142010, 141614, 139230, 130950, 123827, 132637, 128163, 129214, 133672, 116096, 126876, 125022, 113004, 100556, 109409, 99254, 66152, 330]","[-12.3811, -13.0839, -13.355, -12.7687, -12.7337, -13.2969, -13.6053, -14.099, -14.4485, -15.406, -15.4147, -15.8969, -15.015, -15.4976, -17.4787, -17.6843, -17.4139, -19.9756, -20.0237, -22.315, -26.8983, -34.463, -44.3731, -50.3367, -75.0865, -90.7813, -105.2988, -18.307]",29245,pick
BW_498,planning_suite,canonical,Qwen/Qwen2.5-7B,-1,28,"[0.9718, 0.9768, 0.9735, 0.9592, 0.9507, 0.9451, 0.9426, 0.9378, 0.9247, 0.9341, 0.9343, 0.936, 0.9294, 0.9276, 0.9291, 0.9288, 0.9215, 0.9251, 0.9198, 0.9185, 0.9052, 0.9044, 0.8985, 0.8957, 0.9119, 0.9103, 0.899, 0.8161]","[143422, 146570, 146245, 143984, 133571, 134264, 125469, 143093, 140614, 142441, 142080, 142350, 139528, 132079, 124991, 134134, 130057, 131554, 136225, 124108, 130996, 126018, 110514, 100793, 111610, 101686, 69208, 601]","[-12.3669, -13.0897, -13.3476, -12.788, -12.7305, -13.3221, -13.618, -14.0835, -14.4212, -15.3623, -15.3579, -15.893, -14.9871, -15.5401, -17.509, -17.5613, -17.2429, -19.8043, -19.951, -22.3499, -26.8684, -33.3114, -42.5641, -48.6886, -74.0998, -89.7048, -106.6431, -20.2468]",29245,pick
BW_499,planning_suite,canonical,Qwen/Qwen2.5-7B,-1,28,"[0.9744, 0.9773, 0.9747, 0.9592, 0.9502, 0.9424, 0.939, 0.9337, 0.9209, 0.9329, 0.9344, 0.9367, 0.9298, 0.927, 0.9298, 0.9304, 0.9235, 0.9267, 0.9207, 0.9216, 0.9099, 0.9074, 0.9018, 0.8999, 0.9165, 0.9137, 0.8971, 0.8038]","[144216, 146917, 146481, 144034, 133066, 133579, 123201, 143128, 139620, 142675, 141987, 142037, 138902, 131309, 124042, 133102, 128084, 129710, 134392, 120169, 128898, 125725, 111641, 101543, 111568, 102508, 69476, 312]","[-12.3795, -13.0883, -13.3525, -12.7833, -12.7217, -13.3316, -13.5764, -14.0738, -14.3997, -15.3946, -15.4095, -15.9052, -15.0064, -15.5817, -17.5589, -17.715, -17.4255, -20.0634, -20.132, -22.5145, -27.0719, -34.0887, -44.0915, -50.4278, -75.5065, -91.6872, -107.3365, -16.7143]",29245,pick
BW_500,planning_suite,canonical,Qwen/Qwen2.5-7B,-1,28,"[0.9728, 0.9771, 0.974, 0.9601, 0.9511, 0.9448, 0.9416, 0.9362, 0.9234, 0.9336, 0.9339, 0.9362, 0.9297, 0.9268, 0.9299, 0.9304, 0.9235, 0.9271, 0.922, 0.9207, 0.9087, 0.9071, 0.8991, 0.8957, 0.9115, 0.9086, 0.8925, 0.8002]","[143573, 146519, 146318, 143288, 132456, 132847, 125103, 143233, 140129, 142667, 141722, 142736, 140292, 132359, 125662, 134523, 129936, 131490, 135967, 123488, 130329, 125743, 110974, 100984, 111066, 100393, 68728, 323]","[-12.3695, -13.0862, -13.3525, -12.7756, -12.7272, -13.2927, -13.6045, -14.0904, -14.4726, -15.4011, -15.386, -15.8895, -15.0459, -15.5411, -17.5003, -17.6661, -17.3762, -19.8745, -20.0226, -22.4831, -27.3015, -33.9937, -43.4606, -49.4455, -74.5985, -90.4286, -107.0998, -16.7143]",29245,pick
BW_501,planning_suite,canonical,Qwen/Qwen2.5-7B,-1,28,"[0.9728, 0.977, 0.974, 0.9604, 0.9517, 0.9452, 0.9421, 0.9369, 0.9242, 0.9339, 0.9342, 0.9365, 0.93, 0.927, 0.9298, 0.9304, 0.9235, 0.927, 0.9223, 0.9215, 0.9101, 0.9085, 0.9012, 0.8981, 0.9142, 0.9114, 0.8949, 0.7906]","[143612, 146570, 146358, 143553, 132718, 132957, 125363, 143270, 140404, 142968, 141782, 142812, 140225, 132317, 125509, 134580, 129889, 131348, 136178, 124617, 130922, 125716, 110499, 99789, 110534, 99804, 67888, 45]","[-12.3697, -13.0853, -13.3479, -12.7834, -12.7336, -13.2944, -13.612, -14.0883, -14.4703, -15.4106, -15.375, -15.8796, -15.0358, -15.5232, -17.5073, -17.649, -17.3338, -19.8466, -20.005, -22.4895, -27.2991, -33.9807, -43.5083, -49.4993, -74.8559, -90.8895, -107.4837, -43.7982]",29245,pick
BW_502,planning_suite,canonical,Qwen/Qwen2.5-7B,-1,28,"[0.9752, 0.9775, 0.9745, 0.9607, 0.9517, 0.944, 0.9407, 0.9352, 0.9231, 0.9347, 0.9354, 0.9379, 0.9311, 0.929, 0.9314, 0.9323, 0.9258, 0.929, 0.923, 0.926, 0.9194, 0.9202, 0.9179, 0.9177, 0.9313, 0.9281, 0.9103, 0.8303]","[144158, 146916, 146308, 142780, 132750, 132666, 124334, 143505, 140723, 143103, 142047, 142142, 138967, 131451, 124041, 132826, 128511, 129938, 135283, 119345, 128585, 125630, 111968, 101885, 112065, 103200, 70291, 525]","[-12.3789, -13.08, -13.3468, -12.7672, -12.7373, -13.3087, -13.5935, -14.0753, -14.4401, -15.4085, -15.4199, -15.8756, -14.9848, -15.4833, -17.4692, -17.6405, -17.3399, -19.9538, -20.0789, -22.407, -26.9714, -34.2108, -44.3694, -50.6701, -75.6905, -92.2622, -107.5608, -20.1512]",29245,pick
BW_503,planning_suite,canonical,Qwen/Qwen2.5-7B,-1,28,"[0.9713, 0.9769, 0.9736, 0.9592, 0.9518, 0.9462, 0.9437, 0.9392, 0.9254, 0.9345, 0.9352, 0.9366, 0.9305, 0.9282, 0.9285, 0.9279, 0.9203, 0.9237, 0.9174, 0.9171, 0.9059, 0.9065, 0.9019, 0.8999, 0.9162, 0.9143, 0.9018, 0.8228]","[143653, 146653, 146255, 142460, 134147, 133044, 126988, 143727, 140030, 141783, 141577, 142745, 139682, 130969, 125059, 134232, 130309, 131637, 138367, 124467, 130837, 125934, 111530, 100480, 110624, 98771, 66557, 629]","[-12.3697, -13.1022, -13.3548, -12.7531, -12.7434, -13.2714, -13.6384, -14.1014, -14.4043, -15.3073, -15.3832, -15.8701, -15.0312, -15.5436, -17.5493, -17.5338, -17.1981, -19.787, -19.8978, -22.3262, -26.8972, -33.3982, -43.3564, -49.6874, -75.1252, -90.9817, -107.3725, -21.399]",29245,pick
BW_504,planning_suite,canonical,Qwen/Qwen2.5-7B,-1,28,"[0.9743, 0.9777, 0.9749, 0.9606, 0.9515, 0.9447, 0.9411, 0.9364, 0.9235, 0.9342, 0.9357, 0.9383, 0.9315, 0.9286, 0.9303, 0.9306, 0.9234, 0.9272, 0.9217, 0.9213, 0.9103, 0.9072, 0.9006, 0.8985, 0.9137, 0.9112, 0.8992, 0.7963]","[144063, 146814, 146539, 143679, 133060, 132890, 126423, 143727, 140420, 142171, 141050, 142007, 139926, 131557, 124698, 133916, 129429, 131103, 136346, 123847, 129685, 125287, 109540, 100208, 110372, 101428, 69257, 309]","[-12.3769, -13.0925, -13.3607, -12.7843, -12.733, -13.2602, -13.6039, -14.093, -14.4827, -15.3707, -15.3699, -15.8625, -15.0435, -15.5377, -17.4727, -17.6768, -17.3653, -19.8905, -20.0668, -22.4528, -27.1913, -33.8469, -43.2787, -49.2432, -74.4488, -90.2744, -106.4869, -16.3292]",29245,pick
BW_505,planning_suite,canonical,Qwen/Qwen2.5-7B,-1,28,"[0.9746, 0.9776, 0.9749, 0.9599, 0.9508, 0.9427, 0.939, 0.9337, 0.9207, 0.9333, 0.9349, 0.9374, 0.9308, 0.9285, 0.9311, 0.9317, 0.9249, 0.9278, 0.9216, 0.9237, 0.9171, 0.919, 0.9164, 0.9157, 0.93, 0.9262, 0.9109, 0.8282]","[143912, 146769, 146361, 143796, 132956, 133263, 123450, 143166, 139123, 142759, 141993, 142072, 139215, 131623, 124569, 133326, 128558, 130044, 134717, 119436, 129564, 126784, 114843, 104128, 113371, 103520, 70251, 416]","[-12.3765, -13.0841, -13.3487, -12.7806, -12.721, -13.3225, -13.5786, -14.075, -14.3805, -15.3983, -15.4324, -15.9105, -15.0263, -15.5952, -17.573, -17.6818, -17.3926, -19.9918, -20.0135, -22.2816, -26.9953, -34.2882, -44.1951, -49.9836, -75.0388, -90.8764, -107.1674, -18.4798]",29245,pick
BW_506,planning_suite,canonical,Qwen/Qwen2.5-7B,-1,28,"[0.9761, 0.9774, 0.9747, 0.9611, 0.9515, 0.9443, 0.9413, 0.9353, 0.9226, 0.9347, 0.9356, 0.9383, 0.9319, 0.9303, 0.9316, 0.9324, 0.9257, 0.9287, 0.9233, 0.9248, 0.9184, 0.9186, 0.9154, 0.9152, 0.9296, 0.9263, 0.908, 0.8147]","[143942, 146942, 146521, 143192, 132871, 132877, 125784, 143890, 140165, 142972, 141857, 141358, 139110, 131253, 124184, 132565, 128259, 129648, 134787, 116289, 126149, 124552, 112448, 100946, 109510, 101059, 67986, 49]","[-12.3781, -13.0776, -13.3518, -12.7706, -12.7408, -13.2993, -13.6118, -14.1, -14.4416, -15.4016, -15.4078, -15.8885, -15.0165, -15.5078, -17.5109, -17.6743, -17.4134, -20.0059, -20.0873, -22.3647, -26.9668, -34.5649, -44.3077, -49.9709, -74.7887, -90.8674, -105.71, -47.3847]",29245,pick
BW_507,planning_suite,canonical,Qwen/Qwen2.5-7B,-1,28,"[0.976, 0.9773, 0.9746, 0.9613, 0.9519, 0.9447, 0.9417, 0.9362, 0.9237, 0.9353, 0.936, 0.9389, 0.9324, 0.9303, 0.9314, 0.9319, 0.9251, 0.9282, 0.9227, 0.925, 0.9187, 0.9192, 0.9162, 0.9163, 0.9304, 0.9274, 0.9088, 0.825]","[144160, 146986, 146533, 143357, 132932, 133017, 125372, 143855, 140511, 143009, 142001, 141677, 139160, 131153, 124076, 132760, 128348, 129754, 133777, 116670, 127737, 125533, 112565, 100231, 109568, 98869, 66007, 286]","[-12.3807, -13.0818, -13.3538, -12.7746, -12.7416, -13.3039, -13.608, -14.0958, -14.4584, -15.4067, -15.3969, -15.8822, -14.9796, -15.4692, -17.4737, -17.6574, -17.3612, -19.9319, -19.9531, -22.2591, -26.8496, -34.3472, -44.0797, -50.0612, -74.8509, -90.7284, -105.0036, -17.1544]",29245,pick
BW_508,planning_suite,canonical,Qwen/Qwen2.5-7B,-1,28,"[0.9746, 0.9776, 0.9749, 0.9598, 0.9507, 0.9427, 0.9391, 0.9336, 0.9207, 0.9333, 0.9348, 0.9373, 0.9307, 0.9284, 0.9316, 0.9322, 0.9254, 0.9286, 0.9224, 0.9248, 0.9179, 0.9192, 0.9166, 0.9159, 0.93, 0.9263, 0.9106, 0.8261]","[143959, 146815, 146414, 143887, 133175, 133364, 123614, 143200, 139380, 142838, 142074, 142086, 139375, 131699, 124587, 133397, 128720, 130188, 135011, 120123, 129555, 126346, 114725, 104417, 113485, 104028, 70925, 347]","[-12.3768, -13.0851, -13.3505, -12.783, -12.7242, -13.3238, -13.5807, -14.0726, -14.3864, -15.4017, -15.4333, -15.9115, -15.0392, -15.591, -17.5654, -17.6886, -17.3738, -19.9898, -20.0689, -22.408, -27.1132, -34.2935, -44.3585, -50.2115, -75.2547, -91.2939, -107.3326, -17.2301]",29245,pick
BW_509,planning_suite,canonical,Qwen/Qwen2.5-7B,-1,28,"[0.9745, 0.9775, 0.9749, 0.9599, 0.9509, 0.943, 0.9393, 0.9341, 0.9212, 0.9329, 0.9344, 0.9369, 0.9303, 0.9279, 0.9305, 0.9309, 0.9243, 0.9273, 0.9209, 0.9245, 0.9172, 0.9185, 0.9155, 0.9153, 0.9296, 0.9263, 0.9161, 0.8282]","[143983, 146846, 146387, 143812, 133088, 133210, 122616, 142821, 139468, 142733, 141972, 142219, 139133, 131300, 124174, 133057, 128515, 130061, 135190, 120455, 128818, 125408, 112022, 102572, 112863, 103306, 71228, 449]","[-12.3767, -13.0795, -13.3432, -12.7871, -12.7251, -13.3273, -13.5732, -14.0668, -14.399, -15.3973, -15.4182, -15.9078, -15.0099, -15.5716, -17.5448, -17.6729, -17.3514, -19.9656, -20.032, -22.4174, -26.8066, -34.0348, -44.1212, -50.2095, -75.491, -91.6596, -108.0673, -18.3762]",29245,pick
BW_510,planning_suite,canonical,Qwen/Qwen2.5-7B,-1,28,"[0.9743, 0.9777, 0.9749, 0.9607, 0.9519, 0.9453, 0.9417, 0.9369, 0.9244, 0.9349, 0.9364, 0.9389, 0.9324, 0.9295, 0.9306, 0.931, 0.9241, 0.9279, 0.9226, 0.9217, 0.9114, 0.9099, 0.9034, 0.9008, 0.9147, 0.912, 0.9, 0.7956]","[143886, 146752, 146461, 143573, 133299, 132845, 126080, 143508, 140586, 142186, 141167, 142263, 140055, 131826, 124383, 133595, 129230, 130867, 136362, 123743, 130900, 126983, 112268, 102097, 112161, 101092, 70054, 309]","[-12.375, -13.0933, -13.3604, -12.7878, -12.74, -13.2651, -13.6035, -14.0891, -14.4939, -15.3837, -15.3798, -15.883, -15.0534, -15.5458, -17.4821, -17.6547, -17.2951, -19.8363, -20.015, -22.3941, -27.1951, -34.0685, -43.8871, -49.5988, -74.8827, -90.4851, -107.2117, -16.0274]",29245,pick
BW_511,planning_suite,canonical,Qwen/Qwen2.5-7B,-1,28,"[0.9754, 0.9775, 0.9745, 0.9609, 0.952, 0.9443, 0.9412, 0.9357, 0.9234, 0.9346, 0.9358, 0.9382, 0.9312, 0.9296, 0.9317, 0.9327, 0.9261, 0.9293, 0.924, 0.9266, 0.9195, 0.92, 0.9165, 0.9161, 0.9295, 0.9269, 0.9102, 0.8209]","[144149, 146910, 146342, 142730, 133004, 132741, 123919, 143417, 140700, 142956, 142093, 142185, 139317, 131732, 124286, 133022, 129049, 130097, 134433, 118896, 128098, 126138, 112757, 101880, 112014, 101853, 69487, 425]","[-12.3794, -13.0788, -13.348, -12.7687, -12.7435, -13.3166, -13.5921, -14.0822, -14.4555, -15.4044, -15.407, -15.903, -15.0183, -15.497, -17.4813, -17.6783, -17.3439, -19.9557, -20.0406, -22.3906, -27.0109, -34.3314, -44.3859, -50.5198, -75.2307, -91.671, -107.1703, -18.4758]",29245,pick
BW_512,planning_suite,canonical,Qwen/Qwen2.5-7B,-1,28,"[0.9723, 0.9763, 0.9734, 0.9586, 0.9495, 0.9422, 0.9388, 0.9333, 0.9206, 0.9326, 0.9338, 0.9367, 0.93, 0.9281, 0.9304, 0.9304, 0.9237, 0.927, 0.9215, 0.9241, 0.9181, 0.9191, 0.9168, 0.916, 0.9299, 0.9264, 0.9189, 0.8414]","[143943, 146738, 146469, 143789, 133646, 133806, 123968, 142855, 139836, 142641, 142126, 142112, 139598, 132463, 125268, 133878, 129357, 130787, 136129, 122572, 130331, 126245, 112346, 102656, 112449, 102529, 70362, 595]","[-12.3769, -13.0914, -13.3593, -12.7865, -12.7372, -13.3505, -13.6081, -14.0869, -14.4337, -15.4121, -15.4421, -15.9074, -15.0381, -15.5948, -17.613, -17.6414, -17.3168, -19.9198, -20.0564, -22.4347, -27.0129, -33.9095, -43.7718, -50.0883, -75.377, -91.4301, -107.912, -20.345]",29245,pick
BW_513,planning_suite,canonical,Qwen/Qwen2.5-7B,-1,28,"[0.9739, 0.9774, 0.9744, 0.9594, 0.9503, 0.9435, 0.9399, 0.9349, 0.9222, 0.9333, 0.9347, 0.9372, 0.9308, 0.9279, 0.9294, 0.9295, 0.9218, 0.9253, 0.9198, 0.9191, 0.9085, 0.9065, 0.8999, 0.8962, 0.9127, 0.9098, 0.8971, 0.8007]","[143997, 146803, 146499, 143610, 132951, 132747, 126378, 143583, 140721, 142247, 141130, 142072, 139857, 131541, 124551, 133884, 129548, 131104, 136537, 124561, 131012, 125899, 110614, 100575, 110761, 100102, 68661, 292]","[-12.3747, -13.0906, -13.3568, -12.7837, -12.7299, -13.2569, -13.5995, -14.0866, -14.4899, -15.3847, -15.3749, -15.8462, -15.0159, -15.5196, -17.4719, -17.6573, -17.3163, -19.8492, -20.0145, -22.381, -27.1731, -33.6874, -43.1351, -48.8849, -74.2014, -89.8574, -106.6261, -15.7504]",29245,pick
BW_514,planning_suite,canonical,Qwen/Qwen2.5-7B,-1,28,"[0.9733, 0.977, 0.974, 0.9598, 0.9506, 0.9416, 0.9384, 0.9329, 0.92, 0.9319, 0.9331, 0.9362, 0.9293, 0.9264, 0.929, 0.9294, 0.9219, 0.9249, 0.9191, 0.9185, 0.9072, 0.9045, 0.8981, 0.8953, 0.9121, 0.91, 0.8991, 0.7998]","[143948, 146676, 146487, 143810, 133457, 134193, 124130, 143199, 139678, 142628, 141966, 142065, 139453, 132041, 124670, 133849, 128938, 130529, 135439, 122703, 130920, 127219, 112774, 102977, 112304, 101562, 69441, 234]","[-12.3758, -13.0937, -13.3627, -12.7866, -12.7375, -13.3623, -13.6183, -14.1068, -14.4352, -15.403, -15.423, -15.9116, -15.0408, -15.5958, -17.5695, -17.6964, -17.3898, -19.9738, -20.1042, -22.4774, -27.1752, -33.9228, -43.4081, -49.3917, -74.2061, -89.9165, -106.1466, -14.825]",29245,pick
BW_515,planning_suite,canonical,Qwen/Qwen2.5-7B,-1,28,"[0.9732, 0.9769, 0.9738, 0.9596, 0.9505, 0.9429, 0.94, 0.9345, 0.9217, 0.9328, 0.9339, 0.9366, 0.9297, 0.9269, 0.9296, 0.9298, 0.9222, 0.925, 0.9186, 0.9183, 0.9071, 0.9047, 0.8978, 0.8953, 0.9118, 0.9085, 0.8941, 0.8002]","[144027, 146750, 146513, 143897, 133548, 133980, 123667, 142894, 139513, 142337, 141903, 142045, 139349, 131898, 124545, 133664, 128933, 130585, 135449, 122737, 131137, 126805, 112865, 102984, 112263, 101250, 69827, 314]","[-12.3757, -13.0853, -13.3564, -12.789, -12.7358, -13.3609, -13.6153, -14.1041, -14.437, -15.3835, -15.4151, -15.9259, -15.0491, -15.5761, -17.5264, -17.6392, -17.3114, -19.9361, -20.0461, -22.4321, -27.0962, -33.9128, -43.615, -49.6289, -74.7299, -90.4231, -106.8616, -16.4296]",29245,pick
MBW_496,planning_suite,canonical,Qwen/Qwen2.5-7B,-1,28,"[0.9741, 0.9791, 0.9755, 0.9616, 0.9522, 0.9451, 0.9416, 0.9355, 0.9229, 0.9354, 0.9376, 0.9409, 0.9348, 0.9328, 0.9337, 0.9321, 0.9254, 0.927, 0.9209, 0.9235, 0.9184, 0.9213, 0.9236, 0.9219, 0.936, 0.9341, 0.9084, 0.8732]","[117712, 111315, 112122, 112906, 102709, 114385, 107451, 100662, 89267, 94704, 82615, 76031, 73502, 92594, 100517, 113684, 103715, 99237, 88705, 92845, 90489, 96041, 96596, 78114, 77654, 61660, 44327, 8595]","[-12.195, -12.6406, -12.8626, -12.4433, -12.4412, -13.0374, -13.321, -13.2612, -13.4417, -14.2892, -14.1085, -14.3869, -13.6309, -14.5272, -16.8779, -16.7172, -16.4552, -18.8976, -18.1421, -21.7653, -27.0469, -35.7038, -48.036, -52.1373, -77.0858, -88.5124, -100.2389, -55.5894]",20566,attack
MBW_497,planning_suite,canonical,Qwen/Qwen2.5-7B,-1,28,"[0.9737, 0.9789, 0.9753, 0.961, 0.9514, 0.9442, 0.9408, 0.935, 0.9223, 0.9346, 0.937, 0.9401, 0.9342, 0.9322, 0.9329, 0.9309, 0.9239, 0.9252, 0.9205, 0.9219, 0.9153, 0.9174, 0.9194, 0.9175, 0.9326, 0.931, 0.9052, 0.8626]","[117693, 111382, 112278, 112964, 102791, 114374, 107487, 100550, 89144, 94623, 82304, 75756, 73286, 92195, 100106, 113129, 104021, 99677, 88801, 92510, 89470, 94890, 95824, 77312, 77316, 61124, 44507, 9087]","[-12.195, -12.6414, -12.8632, -12.4414, -12.4384, -13.0331, -13.3205, -13.261, -13.4448, -14.2821, -14.0857, -14.368, -13.6303, -14.5018, -16.8619, -16.6764, -16.4351, -18.8814, -18.1332, -21.8712, -27.015, -35.6867, -47.9394, -51.8903, -77.1576, -88.3646, -100.1899, -56.6578]",20566,attack
MBW_498,planning_suite,canonical,Qwen/Qwen2.5-7B,-1,28,"[0.9727, 0.9782, 0.9746, 0.9611, 0.9506, 0.9434, 0.9389, 0.933, 0.9209, 0.9342, 0.9366, 0.9401, 0.9346, 0.933, 0.9335, 0.9317, 0.9246, 0.9263, 0.9222, 0.926, 0.9209, 0.9224, 0.9242, 0.9226, 0.937, 0.9353, 0.9086, 0.8651]","[118393, 112463, 112918, 115391, 104747, 114187, 106486, 101399, 89766, 93330, 82546, 74674, 73184, 92000, 99539, 112538, 103224, 99520, 87676, 91027, 89195, 94952, 97053, 78297, 76734, 59601, 42281, 9535]","[-12.1986, -12.6531, -12.8643, -12.4627, -12.451, -12.9922, -13.2891, -13.2681, -13.5385, -14.2786, -14.1164, -14.3245, -13.6383, -14.5117, -16.8469, -16.6915, -16.4098, -18.9576, -18.1998, -21.691, -27.0272, -35.771, -48.4035, -52.4371, -77.3386, -88.7301, -98.768, -59.6426]",20566,attack
MBW_499,planning_suite,canonical,Qwen/Qwen2.5-7B,-1,28,"[0.9744, 0.9787, 0.9749, 0.9617, 0.9528, 0.9461, 0.943, 0.9362, 0.9235, 0.936, 0.9385, 0.9417, 0.9355, 0.9335, 0.9337, 0.9331, 0.9264, 0.928, 0.9236, 0.9257, 0.9195, 0.92, 0.9206, 0.9181, 0.9323, 0.929, 0.9094, 0.8651]","[117655, 112028, 112667, 113747, 103424, 114809, 107416, 101253, 90288, 94627, 82703, 75868, 73188, 93161, 101289, 114383, 104417, 99762, 90062, 93367, 90737, 95876, 96775, 77668, 77489, 60481, 43365, 8441]","[-12.1961, -12.6488, -12.8674, -12.4506, -12.4496, -13.0399, -13.3235, -13.2767, -13.4875, -14.2645, -14.106, -14.3718, -13.6078, -14.493, -16.9045, -16.7838, -16.4774, -18.9425, -18.2146, -21.8818, -27.0644, -35.7616, -47.9572, -52.0932, -77.0726, -88.4315, -99.3219, -55.9281]",20566,attack
MBW_500,planning_suite,canonical,Qwen/Qwen2.5-7B,-1,28,"[0.9722, 0.9777, 0.9741, 0.9594, 0.9496, 0.9426, 0.939, 0.933, 0.9201, 0.9333, 0.9358, 0.9392, 0.9329, 0.9314, 0.9321, 0.9303, 0.9232, 0.9251, 0.9201, 0.9219, 0.9169, 0.9189, 0.9203, 0.9195, 0.9352, 0.9327, 0.9109, 0.8675]","[117651, 111390, 112145, 112513, 102467, 114126, 107282, 100203, 88974, 94530, 82511, 75670, 73261, 91854, 99956, 113188, 103424, 98927, 88786, 92563, 90415, 95570, 97307, 79194, 78210, 61744, 44065, 9441]","[-12.1949, -12.6405, -12.8642, -12.4433, -12.4403, -13.0298, -13.3194, -13.256, -13.4364, -14.2761, -14.1036, -14.368, -13.6286, -14.5103, -16.8942, -16.7222, -16.4746, -18.9233, -18.2739, -21.9308, -27.2105, -35.8916, -48.4062, -52.4167, -77.7044, -89.139, -99.9809, -57.9632]",20566,attack
BW_E_001,planning_suite,canonical,Qwen/Qwen2.5-7B,-1,28,"[0.9735, 0.9772, 0.9741, 0.9598, 0.9508, 0.943, 0.94, 0.9344, 0.9216, 0.9325, 0.9338, 0.9369, 0.93, 0.9271, 0.9297, 0.9301, 0.9226, 0.9259, 0.9204, 0.9203, 0.908, 0.9045, 0.8959, 0.8927, 0.9091, 0.9061, 0.8901, 0.7734]","[143823, 146610, 146413, 143601, 132772, 133666, 123148, 142772, 139422, 142435, 141961, 142178, 139709, 132301, 124831, 133738, 128824, 130391, 135408, 121675, 128759, 125471, 111364, 101475, 111415, 102228, 70637, 60]","[-12.3747, -13.0916, -13.3592, -12.7845, -12.7281, -13.3526, -13.602, -14.0984, -14.4396, -15.3988, -15.424, -15.9301, -15.0639, -15.6142, -17.6009, -17.7089, -17.3944, -20.0061, -20.1447, -22.4628, -26.9727, -33.8351, -43.2703, -49.4951, -74.3514, -90.6398, -107.066, -48.853]",29245,pick
BW_E_002,planning_suite,canonical,Qwen/Qwen2.5-7B,-1,28,"[0.9754, 0.9777, 0.9747, 0.961, 0.952, 0.9442, 0.9409, 0.9354, 0.9231, 0.9348, 0.9356, 0.938, 0.9312, 0.9295, 0.9314, 0.9325, 0.9261, 0.9288, 0.9235, 0.9256, 0.9186, 0.9196, 0.9169, 0.9171, 0.931, 0.9275, 0.9124, 0.837]","[144020, 146869, 146337, 142667, 132906, 132836, 124563, 143560, 140426, 143074, 142127, 142061, 139229, 131675, 124296, 132654, 128501, 129917, 135590, 119062, 128578, 126014, 113209, 102695, 111914, 102811, 70172, 420]","[-12.3771, -13.0782, -13.3462, -12.768, -12.742, -13.3131, -13.5975, -14.0767, -14.4295, -15.4064, -15.4215, -15.9007, -15.0058, -15.5046, -17.49, -17.643, -17.3222, -19.918, -20.0879, -22.4006, -27.0692, -34.5509, -44.5882, -50.3287, -75.2617, -91.3475, -107.19, -18.5549]",29245,pick
BW_E_003,planning_suite,canonical,Qwen/Qwen2.5-7B,-1,28,"[0.9746, 0.9776, 0.9748, 0.9598, 0.9507, 0.9428, 0.9392, 0.9339, 0.921, 0.933, 0.9347, 0.9372, 0.9304, 0.928, 0.9306, 0.9309, 0.9241, 0.9269, 0.9208, 0.924, 0.9172, 0.9177, 0.915, 0.9146, 0.929, 0.9255, 0.9098, 0.8244]","[143909, 146808, 146391, 143841, 133033, 133241, 123087, 142943, 139434, 142709, 141938, 142033, 139002, 131639, 124328, 133047, 128520, 130054, 135228, 120906, 129414, 126170, 113202, 103165, 113216, 103706, 70440, 419]","[-12.376, -13.079, -13.3423, -12.7835, -12.7206, -13.3231, -13.5733, -14.0697, -14.3948, -15.3997, -15.4198, -15.9049, -15.0119, -15.5902, -17.5918, -17.6848, -17.3571, -19.9868, -20.0645, -22.405, -26.9868, -34.1323, -44.2493, -50.3531, -75.5449, -91.9165, -107.9277, -18.3205]",29245,pick
BW_E_004,planning_suite,canonical,Qwen/Qwen2.5-7B,-1,28,"[0.9729, 0.9771, 0.974, 0.9601, 0.951, 0.9444, 0.9413, 0.936, 0.9233, 0.9335, 0.9337, 0.9361, 0.9296, 0.9272, 0.9298, 0.93, 0.9228, 0.9262, 0.9213, 0.9211, 0.9094, 0.9069, 0.901, 0.8987, 0.9143, 0.9121, 0.8992, 0.7952]","[143649, 146574, 146373, 143392, 132390, 132570, 124857, 143006, 140175, 142609, 141646, 142581, 140114, 132425, 125823, 134476, 129888, 131599, 136395, 124044, 130411, 125114, 109524, 98779, 109560, 99566, 67575, 42]","[-12.3704, -13.081, -13.3454, -12.7782, -12.7272, -13.2867, -13.6007, -14.0771, -14.4697, -15.3939, -15.3762, -15.879, -15.0252, -15.5332, -17.5153, -17.6451, -17.3735, -19.8841, -20.0721, -22.5114, -27.1997, -34.0472, -43.7179, -49.8248, -75.1053, -91.1412, -107.211, -43.1049]",29245,pick
BW_E_005,planning_suite,canonical,Qwen/Qwen2.5-7B,-1,28,"[0.9743, 0.9773, 0.9746, 0.9595, 0.9503, 0.9424, 0.9388, 0.9334, 0.9204, 0.9331, 0.9346, 0.9373, 0.9307, 0.9282, 0.9313, 0.9317, 0.925, 0.9286, 0.9226, 0.9258, 0.919, 0.9197, 0.9169, 0.9163, 0.9301, 0.9266, 0.9102, 0.8226]","[144115, 146860, 146402, 143926, 133052, 133308, 123573, 143101, 139545, 142781, 142056, 142041, 139187, 131479, 124413, 133191, 128517, 129991, 134712, 120245, 128924, 125770, 112947, 102551, 112330, 102780, 69958, 48]","[-12.379, -13.087, -13.3512, -12.7784, -12.7201, -13.3238, -13.5796, -14.0718, -14.3956, -15.4047, -15.4331, -15.9041, -15.0368, -15.5961, -17.5735, -17.6858, -17.366, -19.9645, -20.0159, -22.4097, -26.9425, -33.9138, -43.9665, -50.3268, -75.408, -91.5387, -107.7097, -44.8569]",29245,pick
GSM_041_W6,arithmetic_reasoning,W6,Qwen/Qwen2.5-7B,-1,28,"[0.9982, 0.9981, 0.9982, 0.9981, 0.9983, 0.9986, 0.9986, 0.9982, 0.9975, 0.9972, 0.9971, 0.997, 0.9975, 0.9973, 0.9971, 0.997, 0.9961, 0.9956, 0.9939, 0.9933, 0.9927, 0.9918, 0.9914, 0.9877, 0.9893, 0.9872, 0.9853, 0.988]","[151901, 152018, 152015, 152029, 152022, 152041, 152035, 152032, 152031, 152050, 152052, 152051, 152049, 152049, 152044, 152038, 152030, 152032, 152037, 152040, 152045, 152030, 152034, 152034, 152038, 152029, 152024, 130]","[-12.6707, -13.7732, -14.3897, -13.8224, -14.0659, -15.4476, -16.0694, -15.6082, -16.6419, -18.5479, -19.1196, -20.6422, -21.0776, -21.8932, -22.0808, -23.0082, -22.5054, -25.5269, -26.9705, -35.1046, -43.5035, -52.9677, -71.3156, -89.2687, -120.0755, -139.6945, -174.1347, -16.1726]",16,1
GSM_042_W6,arithmetic_reasoning,W6,Qwen/Qwen2.5-7B,-1,28,"[0.9974, 0.9977, 0.9975, 0.9967, 0.9966, 0.9968, 0.9967, 0.9961, 0.9948, 0.9955, 0.9961, 0.9962, 0.9964, 0.9948, 0.9941, 0.9928, 0.9892, 0.9867, 0.979, 0.9785, 0.9775, 0.977, 0.9734, 0.9711, 0.9583, 0.9541, 0.9465, 0.9536]","[151613, 151842, 151863, 151886, 151806, 151931, 151913, 151852, 151660, 151925, 151974, 151945, 151899, 151932, 151956, 151948, 151888, 151875, 151881, 151873, 151902, 151773, 151823, 151804, 151882, 151859, 151788, 60959]","[-12.599, -13.4196, -13.9737, -13.4454, -13.5481, -14.5677, -15.1237, -14.722, -15.5, -16.6949, -17.7696, -18.7301, -18.7152, -19.1746, -20.151, -20.6094, -20.156, -22.9211, -23.9301, -29.5691, -34.2057, -42.046, -55.9754, -70.5938, -103.4679, -124.1654, -150.937, -65.1215]",20,5
GSM_043_W6,arithmetic_reasoning,W6,Qwen/Qwen2.5-7B,-1,28,"[0.999, 0.9992, 0.9988, 0.9985, 0.9986, 0.9988, 0.9988, 0.9986, 0.9975, 0.997, 0.997, 0.9968, 0.997, 0.9964, 0.9963, 0.9959, 0.9947, 0.9936, 0.9895, 0.9867, 0.9876, 0.9879, 0.9815, 0.9772, 0.976, 0.976, 0.9734, 0.9766]","[147558, 151062, 151244, 150798, 150296, 151369, 151341, 151525, 151442, 151827, 151900, 151835, 151796, 151843, 151851, 151839, 151798, 151817, 151809, 151844, 151864, 151790, 151837, 151849, 151866, 151835, 151785, 17929]","[-12.415, -13.1282, -13.5548, -13.0912, -13.2162, -14.0138, -14.5948, -14.4964, -15.4836, -16.3856, -17.4206, -18.0194, -18.2943, -18.8642, -20.3098, -21.4176, -21.326, -24.3033, -26.0201, -36.1768, -46.8851, -57.3278, -74.8409, -91.5858, -120.132, -139.0536, -164.55, -37.177]",22,7
GSM_044_W6,arithmetic_reasoning,W6,Qwen/Qwen2.5-7B,-1,28,"[0.9998, 0.9998, 0.9997, 0.9996, 0.9996, 0.9996, 0.9996, 0.9995, 0.9989, 0.9989, 0.9987, 0.9988, 0.9989, 0.9986, 0.9986, 0.9987, 0.9983, 0.9982, 0.997, 0.9972, 0.9972, 0.9972, 0.9962, 0.9944, 0.9793, 0.9781, 0.9763, 0.9592]","[151308, 151839, 151834, 151701, 151647, 151882, 151744, 151604, 151623, 151921, 151989, 151919, 151900, 151949, 151909, 151883, 151851, 151922, 151825, 151847, 151899, 151794, 151849, 151843, 151931, 151902, 151894, 17220]","[-12.539, -13.3539, -13.8602, -13.3001, -13.4648, -14.4671, -14.8412, -14.5319, -15.4151, -16.7544, -17.6856, -18.6459, -19.215, -19.5198, -19.909, -20.1278, -19.9773, -23.2333, -21.3025, -25.4238, -31.7387, -38.931, -56.5403, -68.4765, -97.4652, -108.2135, -154.7384, -30.9112]",19,4
GSM_045_W6,arithmetic_reasoning,W6,Qwen/Qwen2.5-7B,-1,28,"[0.9984, 0.9985, 0.9984, 0.9979, 0.9981, 0.9981, 0.9981, 0.9977, 0.9974, 0.9975, 0.9975, 0.9977, 0.998, 0.9976, 0.9966, 0.9966, 0.9952, 0.9941, 0.9903, 0.9902, 0.9893, 0.9883, 0.9857, 0.985, 0.9714, 0.9701, 0.9668, 0.9554]","[151457, 151721, 151694, 151721, 151602, 151834, 151726, 151748, 151779, 151869, 151925, 151904, 151869, 151894, 151875, 151852, 151816, 151852, 151835, 151856, 151917, 151763, 151798, 151803, 151878, 151872, 151806, 1352]","[-12.5762, -13.3303, -13.7528, -13.2509, -13.4101, -14.4576, -14.9132, -14.6642, -15.7548, -16.6208, -17.3296, -18.4478, -18.8878, -19.0617, -19.6817, -20.3768, -19.9149, -23.0061, -23.4223, -29.6914, -35.6851, -41.8016, -54.1716, -70.4732, -96.0319, -112.5655, -151.0171, -24.8727]",24,9
GSM_046_W6,arithmetic_reasoning,W6,Qwen/Qwen2.5-7B,-1,28,"[1.0, 0.9999, 0.9999, 0.9999, 0.9999, 0.9999, 0.9999, 0.9998, 0.9996, 0.9996, 0.9995, 0.9995, 0.9995, 0.9994, 0.9993, 0.9992, 0.9989, 0.9985, 0.9974, 0.9957, 0.9962, 0.9966, 0.9967, 0.9969, 0.9976, 0.9962, 0.9967, 0.9978]","[151311, 151635, 151682, 150926, 149591, 151717, 151618, 151740, 151825, 151914, 151932, 151891, 151843, 151904, 151901, 151869, 151808, 151826, 151774, 151802, 151773, 151747, 151767, 151770, 151808, 151814, 151788, 987]","[-12.5477, -13.2258, -13.6733, -13.0862, -13.128, -14.1906, -14.6494, -14.4881, -15.6911, -16.5177, -17.2277, -18.4951, -18.2956, -18.9633, -20.3089, -20.8723, -20.4422, -22.8388, -23.2906, -31.0266, -39.766, -52.3235, -70.7338, -84.0266, -117.2423, -139.672, -159.28, -18.8003]",23,8
GSM_047_W6,arithmetic_reasoning,W6,Qwen/Qwen2.5-7B,-1,28,"[0.9994, 0.9995, 0.9993, 0.9983, 0.9982, 0.9981, 0.9979, 0.9968, 0.9959, 0.9937, 0.9936, 0.9935, 0.9938, 0.9942, 0.9948, 0.9954, 0.9948, 0.9951, 0.9943, 0.9947, 0.9949, 0.9948, 0.9941, 0.9941, 0.9945, 0.9924, 0.9901, 0.9906]","[151972, 152015, 152010, 152021, 152021, 152039, 152029, 152035, 152031, 152044, 152047, 152041, 152038, 152038, 152038, 152026, 152019, 152022, 152032, 152039, 152041, 152032, 152042, 152040, 152040, 152029, 152023, 703]","[-12.7965, -13.995, -14.5862, -13.8236, -14.1647, -15.3833, -16.0787, -15.6714, -16.9314, -18.4787, -18.9666, -20.3082, -20.0347, -20.265, -21.4424, -22.7411, -22.3524, -25.0198, -28.3202, -38.8056, -48.8711, -63.4939, -83.2152, -98.8864, -135.0954, -157.5656, -185.9243, -23.3829]",17,2
GSM_048_W6,arithmetic_reasoning,W6,Qwen/Qwen2.5-7B,-1,28,"[0.9995, 0.9995, 0.9992, 0.999, 0.9988, 0.9988, 0.9988, 0.9985, 0.9982, 0.9984, 0.9984, 0.9984, 0.9986, 0.9985, 0.9984, 0.9983, 0.9977, 0.9973, 0.996, 0.9953, 0.9947, 0.9947, 0.9925, 0.9886, 0.9672, 0.9715, 0.9572, 0.9454]","[151638, 151892, 151889, 151869, 151823, 151986, 151950, 151897, 151924, 152012, 152021, 152009, 151995, 152000, 151990, 151978, 151958, 151969, 151945, 151985, 152008, 151984, 152014, 151991, 152004, 151963, 151948, 6403]","[-12.5852, -13.4747, -13.9511, -13.3534, -13.5283, -14.8548, -15.3171, -15.0428, -16.1363, -17.8191, -18.3554, -19.6743, -19.6856, -20.4081, -21.1199, -21.0102, -20.8843, -24.2732, -23.8244, -30.7179, -36.9603, -46.362, -66.7187, -77.416, -111.4034, -127.7241, -167.3705, -28.9886]",18,3
GSM_049_W6,arithmetic_reasoning,W6,Qwen/Qwen2.5-7B,-1,28,"[0.9996, 0.9993, 0.9991, 0.9989, 0.9988, 0.9985, 0.9984, 0.9975, 0.9969, 0.997, 0.9972, 0.9975, 0.9978, 0.9976, 0.9979, 0.998, 0.9976, 0.9974, 0.9967, 0.9964, 0.9964, 0.9961, 0.9949, 0.9926, 0.9856, 0.9848, 0.9778, 0.9475]","[150946, 151661, 151732, 151828, 151807, 151896, 151782, 151692, 151418, 151878, 151963, 151869, 151845, 151845, 151861, 151831, 151693, 151814, 151808, 151826, 151854, 151781, 151827, 151835, 151880, 151815, 151789, 1149]","[-12.519, -13.2568, -13.7322, -13.3443, -13.5037, -14.5342, -14.8506, -14.5368, -15.4809, -16.6622, -17.5275, -18.1148, -18.4719, -18.6865, -19.8176, -20.3253, -20.2139, -23.1097, -24.9996, -32.0303, -37.7281, -47.2486, -62.7454, -75.6332, -110.0159, -124.2731, -155.2219, -22.5916]",21,6
GSM_050_W6,arithmetic_reasoning,W6,Qwen/Qwen2.5-7B,27,28,"[0.9999, 0.9997, 0.9994, 0.9993, 0.9993, 0.9991, 0.9991, 0.9988, 0.9983, 0.9985, 0.9985, 0.9986, 0.9988, 0.9988, 0.9986, 0.9987, 0.9978, 0.9973, 0.9954, 0.995, 0.9949, 0.9946, 0.9926, 0.9921, 0.9903, 0.9859, 0.9799, 0.9762]","[151924, 152015, 152017, 152030, 152027, 152044, 152038, 152032, 152038, 152052, 152053, 152050, 152048, 152050, 152045, 152039, 152033, 152032, 152033, 152035, 152039, 152021, 152023, 152022, 152030, 152022, 152012, 3]","[-12.6932, -13.7059, -14.3525, -13.8162, -14.0355, -15.4538, -16.1612, -15.6241, -17.3647, -18.542, -19.4501, -21.0615, -21.2104, -21.4965, -22.6094, -22.962, -22.7612, -25.276, -27.2428, -34.6571, -41.4679, -49.6512, -64.9452, -77.9315, -112.4551, -134.9675, -170.7433, -2.0245]",16,1
GSM_051_W6,arithmetic_reasoning,W6,Qwen/Qwen2.5-7B,-1,28,"[0.9994, 0.9991, 0.9991, 0.9989, 0.9988, 0.9987, 0.9986, 0.998, 0.9971, 0.997, 0.9963, 0.9958, 0.9962, 0.9961, 0.9966, 0.9966, 0.9958, 0.9956, 0.9949, 0.9948, 0.9949, 0.995, 0.9948, 0.9946, 0.9951, 0.9942, 0.9937, 0.9925]","[151986, 152014, 152001, 152022, 152018, 152038, 152031, 152028, 152026, 152044, 152048, 152037, 152040, 152042, 152039, 152028, 152022, 152030, 152032, 152038, 152043, 152031, 152038, 152036, 152037, 152036, 152026, 1568]","[-12.7376, -13.6968, -14.2137, -13.7286, -13.9963, -15.2434, -15.7797, -15.4149, -16.4942, -18.0977, -18.9492, -20.4789, -20.6008, -21.0787, -22.1263, -22.7751, -22.4493, -26.1681, -27.8736, -39.1217, -49.8594, -62.5503, -82.1849, -99.8329, -128.7262, -150.929, -185.17, -21.7958]",17,2
GSM_052_W6,arithmetic_reasoning,W6,Qwen/Qwen2.5-7B,-1,28,"[0.9999, 0.9998, 0.9995, 0.9992, 0.999, 0.9989, 0.9988, 0.9982, 0.9968, 0.9951, 0.9942, 0.993, 0.9939, 0.9931, 0.9933, 0.9932, 0.992, 0.992, 0.9904, 0.9911, 0.9915, 0.9923, 0.9921, 0.9911, 0.9867, 0.9862, 0.9757, 0.9484]","[147318, 150945, 151326, 150607, 149922, 151424, 151336, 151537, 151397, 151743, 151852, 151822, 151768, 151819, 151804, 151769, 151681, 151783, 151812, 151817, 151839, 151804, 151846, 151845, 151851, 151820, 151772, 2896]","[-12.4053, -13.0622, -13.5206, -13.0494, -13.1492, -13.9854, -14.5621, -14.4527, -15.2101, -16.1252, -17.0956, -18.0722, -18.0085, -18.5732, -20.3418, -20.7423, -20.7476, -23.0833, -25.6777, -34.9136, -44.2346, -57.6101, -76.6208, -91.6665, -119.7873, -140.6325, -166.1595, -22.9841]",22,7
GSM_053_W6,arithmetic_reasoning,W6,Qwen/Qwen2.5-7B,-1,28,"[1.0, 0.9999, 0.9997, 0.9995, 0.9994, 0.9987, 0.9986, 0.9979, 0.9962, 0.9962, 0.9958, 0.9954, 0.9954, 0.9955, 0.9955, 0.9958, 0.9941, 0.9929, 0.9912, 0.992, 0.9927, 0.9935, 0.9924, 0.9922, 0.9853, 0.9844, 0.9843, 0.973]","[151650, 151922, 151923, 151930, 151945, 151997, 151968, 151968, 151928, 152015, 152027, 152014, 152006, 152014, 152009, 151989, 151961, 151960, 151949, 151970, 151995, 151983, 152011, 152005, 152020, 152015, 151999, 2539]","[-12.6324, -13.6614, -14.1936, -13.4562, -13.8113, -15.0784, -15.4889, -15.1054, -15.6631, -17.4184, -18.2989, -19.7, -19.5806, -19.9364, -20.9393, -21.9406, -22.0185, -23.5799, -24.4753, -33.2344, -43.9225, -56.4337, -77.6469, -92.9379, -126.3006, -144.8704, -174.9937, -24.7548]",18,3
GSM_054_W6,arithmetic_reasoning,W6,Qwen/Qwen2.5-7B,-1,28,"[0.9989, 0.9987, 0.9979, 0.9954, 0.9958, 0.9951, 0.9948, 0.9935, 0.992, 0.9919, 0.9911, 0.9908, 0.9908, 0.9891, 0.9894, 0.9888, 0.9867, 0.9877, 0.983, 0.9812, 0.9817, 0.9834, 0.9781, 0.9698, 0.9693, 0.9666, 0.926, 0.8085]","[151991, 152018, 152008, 152024, 152010, 152035, 152025, 152016, 152023, 152040, 152041, 152030, 152029, 152036, 152032, 152024, 152015, 152021, 152030, 152033, 152037, 152025, 152032, 152037, 152039, 152040, 152029, 135884]","[-12.7582, -13.8297, -14.4048, -13.8457, -13.9344, -15.3337, -15.9623, -15.608, -16.9604, -18.3191, -18.7784, -19.985, -19.6596, -20.7426, -22.2342, -23.1899, -23.1269, -26.2174, -29.0727, -39.736, -49.8839, -63.0708, -83.8575, -101.0581, -134.5926, -159.2438, -182.7056, -63.9085]",17,2
GSM_055_W6,arithmetic_reasoning,W6,Qwen/Qwen2.5-7B,-1,28,"[0.9961, 0.997, 0.9972, 0.9964, 0.9966, 0.9973, 0.9974, 0.9969, 0.9962, 0.9963, 0.9969, 0.9974, 0.9979, 0.9978, 0.9977, 0.9977, 0.9972, 0.9969, 0.9953, 0.9939, 0.9921, 0.9917, 0.9901, 0.9881, 0.9759, 0.9646, 0.9446, 0.9335]","[151371, 151697, 151712, 151782, 151495, 151797, 151527, 151591, 151735, 151835, 151905, 151879, 151862, 151878, 151866, 151855, 151794, 151845, 151748, 151761, 151807, 151529, 151726, 151669, 151755, 151673, 151445, 53800]","[-12.5549, -13.2198, -13.6746, -13.2966, -13.378, -14.332, -14.5944, -14.4477, -15.5637, -16.0364, -17.0368, -18.6593, -19.2174, -19.496, -20.0027, -20.3917, -20.683, -23.4564, -22.421, -27.8142, -31.6865, -39.4707, -54.8267, -64.8808, -98.2055, -115.7914, -141.0772, -65.5796]",24,9
GSM_056_W6,arithmetic_reasoning,W6,Qwen/Qwen2.5-7B,-1,28,"[0.9999, 0.9999, 0.9993, 0.9992, 0.9991, 0.999, 0.9988, 0.9984, 0.9979, 0.9982, 0.9983, 0.9984, 0.9987, 0.9984, 0.9982, 0.9983, 0.9977, 0.9974, 0.9967, 0.9952, 0.9949, 0.995, 0.9926, 0.9908, 0.9774, 0.9718, 0.9623, 0.9577]","[151942, 152018, 152013, 152024, 152019, 152040, 152030, 152015, 152026, 152049, 152051, 152047, 152046, 152049, 152043, 152033, 152032, 152032, 152034, 152039, 152045, 152029, 152032, 152027, 152038, 152024, 152025, 3011]","[-12.6825, -13.7289, -14.3224, -13.7553, -13.9649, -15.3391, -15.6973, -15.156, -16.3158, -17.9756, -19.0351, -20.8511, -21.3956, -21.6474, -22.3286, -22.6327, -22.903, -25.5034, -26.3277, -32.6348, -38.6584, -46.7085, -63.4465, -77.8744, -110.9045, -129.3084, -178.3024, -28.8042]",16,1
GSM_057_W6,arithmetic_reasoning,W6,Qwen/Qwen2.5-7B,-1,28,"[0.9999, 0.9998, 0.9994, 0.9992, 0.9991, 0.9991, 0.999, 0.9983, 0.9976, 0.9973, 0.9971, 0.9972, 0.9961, 0.9907, 0.9792, 0.9789, 0.9749, 0.9696, 0.9658, 0.9686, 0.9696, 0.9722, 0.9705, 0.9716, 0.9706, 0.9632, 0.9521, 0.9287]","[151260, 151589, 151706, 150746, 150145, 151801, 151627, 151758, 151760, 151879, 151927, 151920, 151878, 151913, 151910, 151877, 151806, 151819, 151842, 151828, 151843, 151793, 151822, 151824, 151847, 151807, 151775, 17861]","[-12.546, -13.2141, -13.731, -13.0545, -13.158, -14.3139, -14.6517, -14.5599, -15.5825, -16.3758, -17.1679, -18.6263, -18.9017, -18.9979, -20.2915, -20.5306, -20.5507, -22.2459, -23.4286, -31.7593, -39.8892, -50.0002, -67.9665, -83.3759, -112.811, -130.685, -164.4843, -43.2706]",23,8
GSM_058_W6,arithmetic_reasoning,W6,Qwen/Qwen2.5-7B,-1,28,"[0.9964, 0.997, 0.9957, 0.994, 0.9942, 0.9948, 0.9952, 0.9937, 0.9924, 0.9934, 0.993, 0.9934, 0.9937, 0.9926, 0.9925, 0.9922, 0.9913, 0.9905, 0.9876, 0.989, 0.9887, 0.9882, 0.9848, 0.9735, 0.9557, 0.9516, 0.9339, 0.9217]","[151938, 152018, 152013, 152023, 152024, 152043, 152035, 152028, 152036, 152050, 152052, 152048, 152048, 152050, 152046, 152037, 152031, 152032, 152029, 152034, 152032, 152020, 152024, 152023, 152038, 152034, 152025, 1243]","[-12.6946, -13.8584, -14.4415, -13.7193, -14.0291, -15.5208, -16.0035, -15.6291, -17.2518, -18.7505, -19.032, -20.7679, -21.4458, -21.6563, -22.3107, -22.5323, -22.4188, -25.3896, -26.1255, -32.1292, -37.7498, -46.4415, -66.8532, -80.5562, -113.5632, -138.0944, -171.4652, -25.1368]",16,1
GSM_059_W6,arithmetic_reasoning,W6,Qwen/Qwen2.5-7B,-1,28,"[0.9993, 0.9992, 0.9985, 0.9981, 0.9983, 0.9958, 0.9952, 0.9947, 0.994, 0.9947, 0.9949, 0.9951, 0.9954, 0.9954, 0.9958, 0.996, 0.995, 0.9941, 0.9932, 0.9925, 0.9913, 0.9902, 0.9891, 0.9869, 0.9736, 0.9732, 0.9726, 0.9725]","[151220, 151831, 151841, 151634, 151629, 151875, 151691, 151504, 151255, 151904, 151987, 151937, 151925, 151954, 151917, 151913, 151878, 151924, 151880, 151876, 151950, 151869, 151904, 151893, 151980, 151935, 151910, 18660]","[-12.5123, -13.3092, -13.764, -13.236, -13.3816, -14.4234, -14.6333, -14.3473, -14.9319, -16.4942, -17.3319, -18.6121, -18.8923, -19.2455, -19.711, -20.4106, -20.3386, -22.8598, -23.2086, -26.1404, -33.2666, -39.5138, -57.994, -70.5275, -100.3099, -115.4731, -159.4309, -36.2188]",19,4
GSM_060_W6,arithmetic_reasoning,W6,Qwen/Qwen2.5-7B,-1,28,"[0.9994, 0.9995, 0.9993, 0.9991, 0.9992, 0.9993, 0.9992, 0.999, 0.9987, 0.9987, 0.9988, 0.9989, 0.9989, 0.9989, 0.9989, 0.999, 0.9988, 0.9986, 0.9976, 0.9969, 0.9969, 0.9967, 0.9957, 0.9957, 0.9916, 0.9913, 0.9789, 0.9761]","[150406, 151606, 151666, 151777, 151766, 151907, 151789, 151831, 151530, 151900, 151951, 151858, 151845, 151883, 151862, 151850, 151715, 151835, 151656, 151745, 151785, 151670, 151806, 151784, 151829, 151770, 151721, 3391]","[-12.4578, -13.1455, -13.6138, -13.2885, -13.4583, -14.4543, -14.8138, -14.8114, -15.2967, -16.449, -17.3649, -18.3187, -18.7417, -18.9459, -19.9015, -20.3877, -19.9346, -22.8001, -23.2054, -29.7752, -35.4659, -43.6074, -61.3603, -74.8777, -102.5977, -118.457, -146.7002, -31.5082]",21,6
GSM_061_W6,arithmetic_reasoning,W6,Qwen/Qwen2.5-7B,-1,28,"[0.9987, 0.9987, 0.9974, 0.9965, 0.9967, 0.9966, 0.9963, 0.9954, 0.994, 0.9947, 0.9953, 0.9955, 0.9959, 0.996, 0.9963, 0.9964, 0.9957, 0.9955, 0.994, 0.9935, 0.9931, 0.9931, 0.9846, 0.9786, 0.9786, 0.9636, 0.9537, 0.9577]","[150928, 151661, 151713, 151830, 151849, 151905, 151817, 151810, 151376, 151915, 151970, 151873, 151864, 151894, 151883, 151869, 151756, 151832, 151806, 151829, 151856, 151825, 151836, 151818, 151865, 151850, 151793, 13067]","[-12.5279, -13.2731, -13.7293, -13.3565, -13.5647, -14.4937, -14.9754, -14.6695, -15.2077, -16.6772, -17.5978, -18.4032, -18.3902, -19.0769, -20.1184, -20.7964, -20.2908, -23.0012, -25.7493, -34.3794, -43.8077, -54.797, -73.5636, -89.2091, -120.6546, -138.6048, -162.5225, -33.4496]",21,6
GSM_062_W6,arithmetic_reasoning,W6,Qwen/Qwen2.5-7B,-1,28,"[1.0, 1.0, 1.0, 1.0, 1.0, 1.0, 0.9999, 0.9999, 0.9998, 0.9998, 0.9998, 0.9998, 0.9999, 0.9998, 0.9998, 0.9998, 0.9998, 0.9998, 0.9997, 0.9996, 0.9995, 0.9994, 0.9994, 0.9986, 0.9988, 0.9966, 0.9965, 0.9981]","[150513, 151648, 151692, 151742, 151738, 151893, 151752, 151740, 151245, 151845, 151925, 151846, 151841, 151866, 151868, 151845, 151711, 151830, 151750, 151779, 151891, 151797, 151854, 151870, 151915, 151863, 151809, 19]","[-12.4843, -13.2565, -13.684, -13.2809, -13.4611, -14.5182, -14.6488, -14.488, -15.1204, -16.244, -17.0635, -17.9225, -18.8581, -18.9389, -20.4105, -20.8248, -20.1594, -23.1108, -23.1787, -25.6828, -28.4248, -34.1604, -52.1527, -65.4189, -96.5101, -114.1829, -145.8022, -9.466]",21,6
GSM_063_W6,arithmetic_reasoning,W6,Qwen/Qwen2.5-7B,-1,28,"[0.9986, 0.9989, 0.9988, 0.9985, 0.9985, 0.9985, 0.9985, 0.9982, 0.9977, 0.9976, 0.9974, 0.9974, 0.9975, 0.9972, 0.997, 0.9967, 0.9958, 0.9948, 0.9923, 0.9927, 0.9928, 0.9926, 0.991, 0.9888, 0.9857, 0.9695, 0.949, 0.951]","[151990, 152018, 152004, 152024, 152010, 152035, 152018, 152010, 152005, 152030, 152037, 152027, 152028, 152033, 152031, 152022, 152007, 152022, 152019, 152037, 152044, 152029, 152039, 152038, 152043, 152040, 152027, 28355]","[-12.7418, -13.7862, -14.2896, -13.704, -13.9008, -15.143, -15.4456, -15.155, -16.4922, -17.5387, -18.2965, -19.3074, -20.2786, -20.3782, -21.9357, -22.2178, -21.8824, -24.6579, -25.5209, -33.3132, -41.2701, -49.7496, -68.8627, -83.0631, -116.6312, -131.2929, -171.2131, -33.3883]",17,2
GSM_064_W6,arithmetic_reasoning,W6,Qwen/Qwen2.5-7B,-1,28,"[0.9996, 0.9995, 0.9994, 0.9988, 0.9986, 0.9981, 0.998, 0.9974, 0.9965, 0.9961, 0.9963, 0.9961, 0.9964, 0.9963, 0.9965, 0.9964, 0.9956, 0.9957, 0.9935, 0.9921, 0.993, 0.9925, 0.99, 0.9878, 0.9886, 0.9835, 0.9843, 0.9895]","[147499, 150982, 151253, 150949, 150824, 151507, 151412, 151544, 151496, 151828, 151914, 151834, 151799, 151834, 151834, 151816, 151765, 151772, 151797, 151805, 151828, 151737, 151819, 151811, 151823, 151808, 151773, 5487]","[-12.4058, -13.0908, -13.5153, -13.0721, -13.2849, -14.0662, -14.6003, -14.4245, -15.3112, -16.3745, -17.4648, -17.8833, -18.1225, -19.0134, -20.2811, -20.8068, -20.6325, -22.9356, -24.6543, -33.5967, -43.9289, -55.1693, -74.5894, -91.4946, -119.2689, -137.9955, -161.9436, -31.0713]",22,7
CC_031_W6,algorithmic,W6,Qwen/Qwen2.5-7B,-1,28,"[1.0, 1.0, 0.9999, 0.9998, 0.9998, 0.9997, 0.9997, 0.9997, 0.9995, 0.9996, 0.9995, 0.9995, 0.9994, 0.9993, 0.9993, 0.9992, 0.9992, 0.999, 0.9988, 0.9988, 0.9988, 0.9988, 0.9988, 0.9987, 0.999, 0.9986, 0.9988, 0.9991]","[151165, 151826, 151813, 151629, 151711, 151932, 151899, 151916, 151942, 151973, 151985, 151958, 151899, 151975, 151916, 151825, 151899, 151944, 151923, 151972, 151982, 151963, 151956, 151957, 151929, 151936, 151902, 103695]","[-12.5699, -13.5559, -14.0339, -13.1632, -13.4189, -14.4754, -15.2423, -15.2502, -15.662, -17.3485, -17.7686, -18.1369, -16.579, -17.9581, -20.6933, -19.9413, -20.4676, -23.0561, -24.7695, -32.8947, -38.6292, -51.2354, -64.9106, -83.5057, -118.4929, -150.9131, -192.3031, -54.5618]",19,4
CC_032_W6,algorithmic,W6,Qwen/Qwen2.5-7B,-1,28,"[1.0, 1.0, 1.0, 0.9999, 0.9999, 0.9999, 0.9999, 0.9999, 0.9999, 0.9999, 0.9999, 0.9999, 0.9998, 0.9996, 0.9996, 0.9995, 0.9995, 0.9994, 0.9991, 0.999, 0.9989, 0.999, 0.9989, 0.9987, 0.999, 0.9983, 0.9982, 0.9988]","[150091, 151568, 151616, 151646, 151797, 151923, 151925, 151967, 151930, 151974, 151976, 151908, 151849, 151884, 151770, 151658, 151749, 151870, 151842, 151893, 151921, 151908, 151899, 151908, 151885, 151877, 151840, 101331]","[-12.501, -13.3918, -13.8566, -13.1753, -13.4755, -14.4724, -15.3154, -15.4756, -15.6571, -17.4035, -17.747, -17.8653, -16.4255, -17.4504, -19.9062, -19.4864, -19.8468, -22.5301, -24.0147, -31.8168, -37.5464, -49.9355, -63.28, -81.4558, -116.4927, -147.6678, -187.8741, -54.5724]",21,6
CC_033_W6,algorithmic,W6,Qwen/Qwen2.5-7B,-1,28,"[1.0, 1.0, 1.0, 1.0, 1.0, 1.0, 1.0, 1.0, 0.9999, 0.9999, 0.9999, 0.9999, 0.9999, 0.9998, 0.9998, 0.9997, 0.9997, 0.9995, 0.9985, 0.9987, 0.9987, 0.9989, 0.999, 0.999, 0.9992, 0.9992, 0.9993, 0.9995]","[151832, 152012, 152009, 152016, 152025, 152042, 152037, 152049, 152042, 152051, 152051, 152047, 152041, 152050, 152040, 152028, 152032, 152045, 152035, 152041, 152047, 152046, 152044, 152049, 152047, 152046, 152044, 118317]","[-12.6923, -13.9894, -14.5767, -13.6013, -13.9794, -15.2986, -16.3403, -16.5017, -16.7853, -19.0968, -19.3929, -19.8852, -18.1157, -19.4314, -22.5674, -21.9346, -22.2679, -25.1512, -26.8738, -35.5366, -42.362, -56.4812, -71.2857, -92.6842, -132.4617, -167.7145, -214.7804, -56.1279]",16,1
CC_034_W6,algorithmic,W6,Qwen/Qwen2.5-7B,-1,28,"[1.0, 1.0, 1.0, 0.9999, 0.9999, 0.9999, 0.9999, 0.9999, 0.9998, 0.9998, 0.9998, 0.9998, 0.9997, 0.9996, 0.9996, 0.9996, 0.9996, 0.9995, 0.9991, 0.9991, 0.999, 0.999, 0.9989, 0.9988, 0.999, 0.999, 0.9992, 0.9994]","[151459, 151884, 151882, 151885, 151911, 152005, 151979, 151994, 151968, 152018, 152020, 151996, 151957, 151988, 151954, 151907, 151933, 151993, 151987, 151994, 152009, 152005, 152007, 152010, 152003, 151995, 151980, 112805]","[-12.6073, -13.6481, -14.1692, -13.3114, -13.5837, -14.8177, -15.5464, -15.6554, -15.8094, -18.0561, -18.3006, -18.5479, -16.8665, -18.1305, -21.0037, -20.3642, -20.7485, -23.5569, -25.4817, -33.2733, -39.5955, -52.7796, -67.102, -86.4962, -122.6193, -155.4971, -199.345, -56.0827]",18,3
CC_035_W6,algorithmic,W6,Qwen/Qwen2.5-7B,-1,28,"[1.0, 0.9999, 0.9999, 0.9998, 0.9998, 0.9997, 0.9997, 0.9997, 0.9996, 0.9997, 0.9996, 0.9996, 0.9996, 0.9993, 0.9994, 0.9994, 0.9993, 0.9992, 0.999, 0.9991, 0.999, 0.9991, 0.9991, 0.999, 0.9992, 0.9987, 0.9986, 0.9991]","[150936, 151577, 151580, 150735, 150500, 151820, 151837, 151929, 151916, 151957, 151925, 151870, 151810, 151847, 151685, 151601, 151654, 151798, 151800, 151874, 151919, 151879, 151859, 151867, 151848, 151841, 151801, 92482]","[-12.5492, -13.3864, -13.8215, -13.0026, -13.1663, -14.2641, -15.0918, -15.3131, -15.5961, -17.2852, -17.3204, -17.7244, -16.3574, -17.2946, -19.7167, -19.3598, -19.6486, -22.1961, -23.8396, -31.5375, -37.4586, -49.5191, -62.4224, -80.2771, -114.4587, -145.2575, -184.8717, -53.1564]",23,8
CC_036_W6,algorithmic,W6,Qwen/Qwen2.5-7B,-1,28,"[1.0, 1.0, 1.0, 0.9999, 0.9999, 0.9999, 0.9999, 0.9999, 0.9998, 0.9998, 0.9997, 0.9997, 0.9996, 0.9995, 0.9995, 0.9995, 0.9994, 0.9994, 0.9993, 0.9993, 0.9993, 0.9994, 0.9994, 0.9994, 0.9995, 0.9995, 0.9996, 0.9997]","[145324, 150968, 151072, 148290, 149323, 151535, 151691, 151843, 151843, 151924, 151880, 151805, 151699, 151746, 151548, 151378, 151554, 151763, 151721, 151842, 151860, 151858, 151869, 151854, 151824, 151823, 151804, 95178]","[-12.391, -13.2426, -13.6464, -12.8481, -13.0693, -14.0123, -14.8662, -15.0868, -15.4022, -17.1137, -17.1837, -17.4631, -16.1269, -17.0408, -19.4622, -19.067, -19.4491, -21.9848, -23.3976, -31.0331, -36.5934, -48.9595, -62.3434, -79.442, -113.4018, -143.9385, -184.538, -53.5175]",22,7
CC_037_W6,algorithmic,W6,Qwen/Qwen2.5-7B,-1,28,"[1.0, 0.9999, 0.9998, 0.9998, 0.9997, 0.9998, 0.9998, 0.9997, 0.9995, 0.9996, 0.9996, 0.9995, 0.9994, 0.9991, 0.9992, 0.999, 0.9989, 0.9988, 0.9983, 0.9985, 0.9985, 0.9988, 0.9987, 0.9986, 0.9989, 0.9984, 0.9984, 0.9988]","[151837, 152012, 152010, 152017, 152027, 152042, 152037, 152049, 152044, 152052, 152051, 152047, 152041, 152050, 152040, 152030, 152034, 152045, 152036, 152041, 152047, 152046, 152044, 152046, 152045, 152045, 152043, 115776]","[-12.6937, -13.9973, -14.5977, -13.6182, -13.9913, -15.3145, -16.3169, -16.509, -16.8556, -19.1229, -19.5114, -19.939, -18.0979, -19.4961, -22.6276, -21.9598, -22.4304, -25.0898, -26.7977, -35.8111, -42.2425, -56.5932, -71.3503, -92.4022, -131.5182, -167.5229, -214.4969, -57.0695]",16,1
CC_038_W6,algorithmic,W6,Qwen/Qwen2.5-7B,-1,28,"[1.0, 1.0, 1.0, 0.9999, 0.9999, 0.9999, 0.9999, 0.9999, 0.9998, 0.9998, 0.9997, 0.9996, 0.9995, 0.9993, 0.9993, 0.9993, 0.9992, 0.9992, 0.9989, 0.9988, 0.9987, 0.9987, 0.9987, 0.9985, 0.9988, 0.9984, 0.9985, 0.9988]","[150082, 151560, 151607, 151606, 151767, 151918, 151923, 151967, 151925, 151973, 151975, 151906, 151851, 151884, 151769, 151656, 151755, 151872, 151844, 151896, 151922, 151908, 151901, 151883, 151872, 151847, 151791, 74463]","[-12.5012, -13.385, -13.8473, -13.1588, -13.4554, -14.46, -15.3052, -15.462, -15.6264, -17.3801, -17.681, -17.8709, -16.4567, -17.4629, -20.0054, -19.5008, -19.941, -22.586, -24.0823, -31.7947, -37.6856, -49.9922, -63.4125, -81.0556, -116.1638, -145.9782, -184.5512, -51.0913]",21,6
CC_039_W6,algorithmic,W6,Qwen/Qwen2.5-7B,-1,28,"[1.0, 1.0, 1.0, 1.0, 1.0, 1.0, 1.0, 1.0, 1.0, 0.9999, 0.9999, 0.9999, 0.9998, 0.9998, 0.9998, 0.9998, 0.9998, 0.9998, 0.9997, 0.9997, 0.9997, 0.9998, 0.9998, 0.9997, 0.9998, 0.9998, 0.9998, 0.9999]","[151837, 152011, 152009, 152016, 152026, 152042, 152036, 152049, 152042, 152051, 152051, 152048, 152041, 152050, 152041, 152030, 152035, 152045, 152035, 152042, 152047, 152047, 152044, 152047, 152046, 152045, 152043, 116817]","[-12.6926, -13.971, -14.5726, -13.6054, -13.978, -15.3004, -16.2931, -16.4497, -16.7245, -19.0679, -19.3701, -19.8861, -18.0834, -19.5153, -22.717, -21.9937, -22.4659, -25.283, -26.9812, -35.746, -42.324, -56.4436, -71.3352, -92.246, -131.5661, -166.9085, -214.1688, -57.3898]",16,1
CC_040_W6,algorithmic,W6,Qwen/Qwen2.5-7B,-1,28,"[1.0, 1.0, 1.0, 1.0, 1.0, 1.0, 1.0, 1.0, 1.0, 0.9999, 0.9999, 0.9999, 0.9999, 0.9999, 0.9999, 0.9998, 0.9998, 0.9997, 0.9996, 0.9997, 0.9997, 0.9998, 0.9998, 0.9996, 0.9997, 0.9993, 0.9995, 0.9996]","[145224, 150963, 151067, 148294, 149271, 151527, 151690, 151843, 151842, 151922, 151881, 151805, 151698, 151731, 151557, 151367, 151562, 151765, 151719, 151840, 151860, 151860, 151873, 151852, 151822, 151820, 151803, 88998]","[-12.3897, -13.2452, -13.6506, -12.8511, -13.0712, -14.0144, -14.864, -15.0851, -15.3955, -17.1091, -17.2029, -17.4479, -16.1044, -16.9847, -19.4574, -19.0017, -19.4444, -22.0019, -23.4677, -31.2183, -36.8148, -49.1954, -62.6054, -80.1059, -113.6399, -144.8091, -185.0038, -51.4818]",22,7
CC_041_W6,algorithmic,W6,Qwen/Qwen2.5-7B,-1,28,"[1.0, 1.0, 1.0, 0.9999, 0.9999, 0.9999, 0.9999, 0.9999, 0.9998, 0.9998, 0.9998, 0.9998, 0.9998, 0.9997, 0.9997, 0.9997, 0.9997, 0.9996, 0.9993, 0.9993, 0.9993, 0.9994, 0.9993, 0.9992, 0.9994, 0.9991, 0.9992, 0.9994]","[151833, 152011, 152008, 152016, 152025, 152042, 152037, 152049, 152042, 152051, 152051, 152048, 152041, 152050, 152040, 152030, 152035, 152045, 152036, 152041, 152047, 152045, 152044, 152048, 152047, 152046, 152044, 113905]","[-12.6921, -13.9701, -14.5631, -13.6047, -13.9774, -15.3078, -16.3227, -16.4864, -16.7665, -19.0918, -19.3899, -19.906, -18.1182, -19.5387, -22.6317, -22.0008, -22.4205, -25.3537, -27.0182, -35.6546, -42.2283, -56.2006, -71.2085, -92.3607, -131.6413, -167.9415, -214.8178, -53.8497]",16,1
CC_042_W6,algorithmic,W6,Qwen/Qwen2.5-7B,-1,28,"[1.0, 1.0, 1.0, 0.9999, 0.9999, 0.9999, 0.9999, 0.9999, 0.9998, 0.9998, 0.9998, 0.9998, 0.9998, 0.9997, 0.9997, 0.9997, 0.9996, 0.9995, 0.9994, 0.9994, 0.9995, 0.9996, 0.9996, 0.9994, 0.9996, 0.9995, 0.9996, 0.9997]","[151951, 152017, 152005, 152030, 152025, 152039, 152034, 152041, 152032, 152048, 152046, 152039, 152039, 152047, 152033, 152022, 152024, 152043, 152038, 152040, 152044, 152039, 152038, 152037, 152033, 152035, 152027, 123232]","[-12.7674, -14.0212, -14.564, -13.6957, -14.0026, -15.2765, -16.2772, -16.3383, -16.5658, -18.7694, -19.1075, -19.6279, -18.0407, -19.3275, -22.3596, -21.808, -22.2518, -25.118, -27.0057, -35.638, -41.8172, -55.6048, -69.9244, -90.0565, -127.6222, -163.0826, -208.7199, -57.1925]",17,2
CC_043_W6,algorithmic,W6,Qwen/Qwen2.5-7B,-1,28,"[1.0, 1.0, 1.0, 0.9999, 0.9999, 0.9999, 0.9999, 0.9999, 0.9999, 0.9999, 0.9999, 0.9998, 0.9998, 0.9997, 0.9998, 0.9997, 0.9997, 0.9997, 0.9996, 0.9996, 0.9996, 0.9996, 0.9997, 0.9994, 0.9995, 0.9992, 0.9992, 0.9995]","[151162, 151830, 151812, 151629, 151721, 151929, 151899, 151918, 151942, 151973, 151986, 151958, 151900, 151975, 151916, 151825, 151899, 151943, 151925, 151971, 151981, 151961, 151958, 151959, 151931, 151938, 151905, 104348]","[-12.5704, -13.5668, -14.0398, -13.1659, -13.428, -14.4745, -15.2596, -15.2722, -15.6838, -17.353, -17.7877, -18.1392, -16.5937, -17.8708, -20.6079, -19.9402, -20.4523, -23.0502, -24.7342, -32.903, -38.6249, -51.2546, -65.014, -83.5652, -118.8365, -151.4249, -192.379, -54.1034]",19,4
CC_044_W6,algorithmic,W6,Qwen/Qwen2.5-7B,-1,28,"[1.0, 1.0, 1.0, 1.0, 1.0, 1.0, 1.0, 1.0, 0.9999, 0.9999, 0.9999, 0.9999, 0.9999, 0.9998, 0.9999, 0.9998, 0.9998, 0.9998, 0.9996, 0.9996, 0.9996, 0.9997, 0.9997, 0.9994, 0.9995, 0.999, 0.999, 0.9994]","[150915, 151580, 151582, 150826, 150696, 151820, 151835, 151934, 151918, 151959, 151925, 151873, 151812, 151850, 151680, 151611, 151667, 151797, 151799, 151875, 151915, 151883, 151867, 151870, 151845, 151844, 151805, 87478]","[-12.549, -13.3968, -13.8349, -13.0162, -13.1932, -14.2391, -15.082, -15.3263, -15.5917, -17.2581, -17.4011, -17.7315, -16.3397, -17.2983, -19.7195, -19.4508, -19.7518, -22.204, -23.9159, -31.5999, -37.4628, -49.6665, -62.6827, -80.9758, -114.8444, -146.1931, -184.9467, -51.3656]",23,8
CC_045_W6,algorithmic,W6,Qwen/Qwen2.5-7B,-1,28,"[1.0, 1.0, 1.0, 1.0, 1.0, 1.0, 1.0, 1.0, 0.9999, 0.9999, 0.9999, 0.9999, 0.9999, 0.9999, 0.9999, 0.9998, 0.9998, 0.9997, 0.9996, 0.9995, 0.9995, 0.9995, 0.9995, 0.9993, 0.9995, 0.9991, 0.9991, 0.9994]","[151185, 151811, 151808, 151758, 151797, 151957, 151964, 151960, 151907, 151955, 151955, 151874, 151732, 151876, 151807, 151674, 151835, 151882, 151853, 151918, 151944, 151932, 151899, 151883, 151865, 151880, 151855, 84139]","[-12.5731, -13.5534, -14.0348, -13.2279, -13.4818, -14.5625, -15.4629, -15.4389, -15.5841, -17.2427, -17.5844, -17.7164, -16.1571, -17.3789, -20.1416, -19.5491, -20.2768, -22.6199, -24.1464, -32.1923, -37.9011, -50.7037, -63.2928, -81.2547, -115.3112, -148.4498, -189.1508, -49.8472]",20,5
SP_019_W6,algorithmic,W6,Qwen/Qwen2.5-7B,-1,28,"[0.9953, 0.9961, 0.995, 0.9923, 0.9872, 0.9833, 0.9832, 0.9813, 0.971, 0.9751, 0.9765, 0.9754, 0.9712, 0.969, 0.9721, 0.9711, 0.9699, 0.967, 0.9636, 0.9673, 0.9692, 0.9726, 0.9703, 0.9734, 0.9796, 0.9814, 0.9814, 0.9812]","[152034, 152016, 151990, 152027, 152019, 152021, 151985, 152010, 152008, 152028, 152017, 151997, 151968, 152002, 151989, 152007, 151999, 152010, 151992, 152010, 152014, 152010, 152019, 152024, 152019, 152006, 151976, 151855]","[-12.8761, -14.1316, -14.4953, -13.7062, -13.9797, -15.2152, -15.6139, -15.7919, -15.9029, -18.628, -18.3773, -18.7154, -17.3162, -18.9819, -21.4742, -23.0682, -22.7662, -24.865, -26.0547, -34.8233, -43.9796, -57.5722, -72.8517, -90.2927, -127.0426, -153.8797, -192.6705, -147.3058]",15,0
SP_020_W6,algorithmic,W6,Qwen/Qwen2.5-7B,-1,28,"[0.9961, 0.9966, 0.9953, 0.9927, 0.9872, 0.9837, 0.9831, 0.9813, 0.9718, 0.9773, 0.9783, 0.9781, 0.9743, 0.9723, 0.9764, 0.9751, 0.9736, 0.9709, 0.9671, 0.9705, 0.9721, 0.9745, 0.9723, 0.9747, 0.9805, 0.9821, 0.9821, 0.9831]","[152033, 152017, 151990, 152027, 152019, 152021, 151985, 152010, 152010, 152028, 152018, 152000, 151968, 151999, 151989, 152008, 152000, 152010, 151989, 152008, 152011, 152008, 152019, 152024, 152018, 152005, 151976, 151855]","[-12.8723, -14.1231, -14.4904, -13.713, -13.9819, -15.2221, -15.6085, -15.787, -15.9359, -18.6257, -18.4399, -18.7412, -17.4021, -18.9944, -21.6565, -23.2099, -22.9354, -24.8651, -26.1769, -34.9741, -44.2079, -57.7961, -73.4489, -90.8064, -128.0339, -154.6472, -193.3443, -147.4535]",15,0
SP_021_W6,algorithmic,W6,Qwen/Qwen2.5-7B,-1,28,"[0.9935, 0.995, 0.9933, 0.9903, 0.9853, 0.9818, 0.9817, 0.9803, 0.9706, 0.9759, 0.9772, 0.9767, 0.9735, 0.9706, 0.9736, 0.972, 0.9706, 0.9676, 0.9627, 0.9666, 0.9678, 0.97, 0.9669, 0.9697, 0.9766, 0.9786, 0.9788, 0.9469]","[152034, 152015, 151989, 152027, 152017, 152021, 151982, 152010, 152007, 152025, 152016, 151998, 151960, 151999, 151984, 152003, 151991, 152007, 151984, 152007, 152010, 152006, 152019, 152024, 152018, 152006, 151979, 132488]","[-12.8722, -14.1331, -14.4812, -13.6855, -13.9128, -15.1412, -15.5402, -15.7247, -15.9869, -18.6876, -18.2836, -18.7229, -17.3696, -18.9384, -21.5002, -23.018, -22.4533, -24.8204, -25.9578, -34.4222, -43.8239, -56.9758, -72.6436, -89.5098, -126.4857, -153.0895, -191.8461, -74.2851]",15,0
SP_023_W6,algorithmic,W6,Qwen/Qwen2.5-7B,-1,28,"[0.9958, 0.9964, 0.9953, 0.9927, 0.9874, 0.9833, 0.983, 0.9813, 0.9722, 0.9772, 0.9784, 0.9782, 0.9746, 0.9727, 0.9766, 0.9757, 0.9744, 0.9719, 0.9672, 0.9692, 0.9709, 0.9735, 0.9708, 0.9735, 0.9797, 0.9815, 0.9814, 0.9516]","[152034, 152017, 151990, 152028, 152019, 152020, 151983, 152010, 152008, 152026, 152016, 151999, 151966, 152001, 151989, 152007, 151999, 152010, 151991, 152009, 152011, 152007, 152019, 152024, 152017, 152006, 151980, 135475]","[-12.8804, -14.145, -14.5162, -13.7012, -13.9768, -15.2438, -15.6172, -15.7643, -15.9189, -18.5954, -18.3416, -18.7251, -17.375, -19.0073, -21.6378, -23.1979, -22.9739, -24.9069, -26.2751, -35.0177, -44.2833, -57.8484, -73.1908, -90.6574, -127.8998, -155.3749, -193.8891, -79.0135]",15,0
SP_024_W6,algorithmic,W6,Qwen/Qwen2.5-7B,-1,28,"[0.994, 0.9953, 0.9941, 0.9916, 0.9862, 0.9793, 0.9791, 0.9773, 0.9666, 0.9723, 0.9738, 0.974, 0.9708, 0.9683, 0.9713, 0.9701, 0.9684, 0.9667, 0.9631, 0.9668, 0.9693, 0.9725, 0.9703, 0.9731, 0.9795, 0.9812, 0.9814, 0.9827]","[152034, 152015, 151989, 152027, 152019, 152022, 151989, 152010, 152006, 152026, 152017, 151998, 151964, 152000, 151989, 152007, 151999, 152010, 151989, 152008, 152010, 152005, 152019, 152024, 152018, 152006, 151978, 151852]","[-12.8754, -14.1691, -14.5103, -13.6986, -13.9426, -15.3146, -15.7253, -15.8927, -15.9636, -18.6659, -18.3828, -18.7496, -17.3724, -18.9686, -21.7247, -23.0817, -22.8732, -25.0048, -26.2688, -35.1051, -44.4448, -57.7304, -73.556, -90.8396, -128.2137, -154.7378, -193.3387, -147.5028]",15,0
SP_026_W6,algorithmic,W6,Qwen/Qwen2.5-7B,-1,28,"[0.9931, 0.9948, 0.9933, 0.9905, 0.9855, 0.9823, 0.9828, 0.9815, 0.9706, 0.9756, 0.9769, 0.9763, 0.9729, 0.9698, 0.9737, 0.9733, 0.9724, 0.9702, 0.965, 0.9673, 0.9688, 0.9714, 0.9686, 0.9713, 0.978, 0.9799, 0.98, 0.9799]","[152035, 152016, 151988, 152026, 152018, 152021, 151984, 152009, 152007, 152025, 152014, 151997, 151957, 151996, 151985, 152003, 151995, 152008, 151986, 152007, 152009, 152004, 152019, 152024, 152018, 152003, 151974, 151852]","[-12.8768, -14.1815, -14.5271, -13.6897, -13.9379, -15.1707, -15.5749, -15.7148, -15.8806, -18.6814, -18.2401, -18.6625, -17.3388, -18.8389, -21.5495, -22.9778, -22.7151, -24.9166, -26.1855, -34.555, -44.0951, -57.4534, -72.742, -90.0042, -126.501, -153.9287, -192.2353, -146.7422]",15,0
SP_027_W6,algorithmic,W6,Qwen/Qwen2.5-7B,-1,28,"[0.9953, 0.9961, 0.9949, 0.9922, 0.9874, 0.9833, 0.9829, 0.9809, 0.9718, 0.9764, 0.978, 0.9772, 0.9726, 0.9704, 0.9734, 0.9718, 0.9704, 0.9688, 0.9652, 0.9693, 0.9711, 0.9737, 0.9716, 0.9743, 0.9803, 0.9819, 0.9816, 0.9823]","[152033, 152017, 151990, 152028, 152019, 152021, 151983, 152010, 152008, 152025, 152014, 151998, 151965, 151999, 151987, 152006, 151999, 152010, 151991, 152008, 152013, 152008, 152019, 152024, 152019, 152006, 151977, 151843]","[-12.8791, -14.1574, -14.5275, -13.7045, -13.9727, -15.1573, -15.5445, -15.72, -15.9235, -18.6295, -18.3488, -18.6927, -17.326, -18.9831, -21.549, -23.1077, -22.7759, -24.8701, -25.9356, -34.6792, -43.7761, -57.2628, -72.7795, -89.8985, -126.9238, -153.6325, -192.4235, -144.4747]",15,0
SP_028_W6,algorithmic,W6,Qwen/Qwen2.5-7B,-1,28,"[0.9944, 0.9956, 0.9943, 0.992, 0.9871, 0.9809, 0.9806, 0.979, 0.9685, 0.9727, 0.9737, 0.9734, 0.9694, 0.9669, 0.97, 0.9698, 0.9681, 0.9663, 0.9632, 0.9664, 0.9693, 0.9726, 0.9707, 0.9737, 0.9799, 0.9814, 0.9812, 0.9818]","[152034, 152016, 151989, 152027, 152018, 152020, 151986, 152010, 152006, 152026, 152016, 151999, 151963, 152001, 151989, 152007, 152000, 152010, 151991, 152009, 152011, 152007, 152019, 152024, 152018, 152006, 151975, 151840]","[-12.8774, -14.1494, -14.4913, -13.7083, -13.9483, -15.2896, -15.7014, -15.8636, -15.9406, -18.6043, -18.3038, -18.6671, -17.326, -18.8991, -21.5673, -22.9634, -22.9204, -24.9083, -26.349, -35.0701, -44.4951, -57.9546, -73.5579, -90.9588, -127.7226, -154.7535, -193.7048, -146.4029]",15,0
SP_029_W6,algorithmic,W6,Qwen/Qwen2.5-7B,-1,28,"[0.9944, 0.9957, 0.9945, 0.992, 0.9872, 0.9813, 0.9809, 0.9792, 0.9673, 0.972, 0.9734, 0.9732, 0.9695, 0.967, 0.9697, 0.9691, 0.9672, 0.9653, 0.962, 0.9653, 0.9682, 0.9715, 0.9696, 0.9727, 0.979, 0.9805, 0.9805, 0.9509]","[152034, 152017, 151989, 152027, 152017, 152020, 151985, 152010, 152007, 152026, 152016, 151998, 151963, 152001, 151989, 152007, 151999, 152010, 151989, 152008, 152012, 152008, 152019, 152024, 152018, 152006, 151979, 128165]","[-12.8782, -14.1593, -14.502, -13.7005, -13.9463, -15.2816, -15.684, -15.8456, -15.8956, -18.5633, -18.322, -18.6556, -17.2928, -18.9128, -21.6228, -22.9566, -22.8532, -24.8208, -26.1736, -34.9172, -44.2441, -57.7684, -73.4671, -90.8111, -127.8864, -154.6797, -193.6764, -74.2467]",15,0
SP_030_W6,algorithmic,W6,Qwen/Qwen2.5-7B,-1,28,"[0.9944, 0.9956, 0.9944, 0.9919, 0.987, 0.9809, 0.9806, 0.9789, 0.9674, 0.9716, 0.9724, 0.972, 0.9678, 0.9652, 0.9677, 0.9671, 0.9653, 0.9637, 0.9607, 0.9643, 0.9676, 0.9714, 0.9697, 0.973, 0.9794, 0.9809, 0.981, 0.9815]","[152034, 152015, 151989, 152026, 152018, 152020, 151985, 152010, 152006, 152027, 152016, 151998, 151963, 152001, 151989, 152007, 151999, 152010, 151989, 152008, 152013, 152008, 152019, 152024, 152018, 152006, 151979, 151857]","[-12.8788, -14.1676, -14.5073, -13.6986, -13.9392, -15.2698, -15.6806, -15.8473, -15.9204, -18.6064, -18.3294, -18.6427, -17.2933, -18.9309, -21.658, -22.9972, -22.9118, -24.928, -26.1568, -35.1395, -44.5878, -57.9911, -73.793, -91.1398, -127.9118, -154.7061, -194.2129, -147.6809]",15,0
SP_031_W6,algorithmic,W6,Qwen/Qwen2.5-7B,-1,28,"[0.9961, 0.9965, 0.9953, 0.9925, 0.9872, 0.9833, 0.9827, 0.9809, 0.9712, 0.977, 0.9784, 0.9784, 0.9752, 0.9727, 0.9764, 0.9751, 0.9739, 0.971, 0.9674, 0.9709, 0.9724, 0.9751, 0.9731, 0.9753, 0.9809, 0.982, 0.9818, 0.982]","[152033, 152017, 151990, 152027, 152020, 152021, 151985, 152010, 152010, 152028, 152018, 152000, 151966, 152000, 151989, 152008, 151999, 152010, 151990, 152008, 152013, 152008, 152019, 152024, 152018, 152007, 151980, 151877]","[-12.8769, -14.1254, -14.4933, -13.7112, -13.9825, -15.2185, -15.602, -15.7669, -15.9107, -18.6227, -18.4552, -18.7204, -17.3407, -18.9053, -21.5662, -23.1091, -22.805, -24.8015, -26.0326, -34.9474, -44.3692, -57.9156, -73.6464, -90.8129, -128.315, -154.8561, -193.5125, -146.1317]",15,0
SP_032_W6,algorithmic,W6,Qwen/Qwen2.5-7B,-1,28,"[0.9966, 0.9969, 0.9956, 0.993, 0.9876, 0.9836, 0.983, 0.9808, 0.9709, 0.9759, 0.9769, 0.9771, 0.9734, 0.9714, 0.9748, 0.9735, 0.9722, 0.9693, 0.9652, 0.9691, 0.9701, 0.9728, 0.9702, 0.9731, 0.9793, 0.981, 0.9811, 0.9501]","[152033, 152017, 151989, 152028, 152020, 152021, 151987, 152011, 152010, 152027, 152018, 152000, 151969, 152002, 151991, 152008, 152002, 152010, 151989, 152008, 152011, 152008, 152019, 152023, 152018, 152007, 151982, 135387]","[-12.8785, -14.1301, -14.5169, -13.73, -14.0126, -15.2156, -15.5645, -15.7282, -15.9074, -18.6176, -18.3782, -18.6799, -17.4144, -19.0686, -21.6781, -23.1261, -22.8519, -24.8818, -26.1462, -34.8394, -44.1885, -57.7042, -73.3561, -90.5409, -127.9174, -155.2165, -194.289, -75.7939]",15,0
SP_033_W6,algorithmic,W6,Qwen/Qwen2.5-7B,-1,28,"[0.9966, 0.9969, 0.9954, 0.9926, 0.9869, 0.9826, 0.9822, 0.98, 0.9698, 0.9752, 0.9763, 0.9769, 0.9735, 0.9715, 0.9758, 0.9751, 0.9739, 0.9718, 0.9685, 0.9727, 0.9741, 0.9765, 0.9742, 0.9767, 0.9822, 0.9835, 0.9832, 0.9538]","[152033, 152017, 151990, 152027, 152019, 152021, 151986, 152010, 152009, 152027, 152018, 152000, 151968, 152002, 151991, 152008, 152003, 152010, 151991, 152009, 152013, 152008, 152019, 152024, 152017, 152008, 151980, 134270]","[-12.879, -14.1293, -14.5074, -13.724, -14.0051, -15.251, -15.5951, -15.7506, -15.9087, -18.5995, -18.3722, -18.6772, -17.3836, -19.0499, -21.7078, -23.1149, -22.9828, -25.0095, -26.2782, -34.9487, -44.3086, -57.7887, -73.5324, -90.796, -128.2546, -155.7504, -194.6057, -77.0201]",15,0
SP_034_W6,algorithmic,W6,Qwen/Qwen2.5-7B,-1,28,"[0.9964, 0.9968, 0.9956, 0.993, 0.9875, 0.9834, 0.9828, 0.9807, 0.9707, 0.9758, 0.9771, 0.9775, 0.9738, 0.9719, 0.9755, 0.9746, 0.9731, 0.9706, 0.967, 0.9707, 0.9721, 0.975, 0.9727, 0.9751, 0.981, 0.9823, 0.9821, 0.9823]","[152033, 152017, 151989, 152028, 152020, 152021, 151986, 152011, 152011, 152027, 152018, 152000, 151969, 152002, 151990, 152009, 152004, 152010, 151991, 152011, 152010, 152008, 152019, 152022, 152017, 152006, 151975, 151851]","[-12.8809, -14.1267, -14.5149, -13.7374, -14.0217, -15.1925, -15.5415, -15.7005, -15.8858, -18.5771, -18.3945, -18.65, -17.3792, -19.0049, -21.6002, -23.116, -22.8894, -24.9622, -26.2655, -34.8778, -44.0801, -57.8652, -73.6266, -90.7333, -128.2049, -155.2246, -193.2635, -146.663]",15,0
SP_035_W6,algorithmic,W6,Qwen/Qwen2.5-7B,-1,28,"[0.9969, 0.9972, 0.9956, 0.9928, 0.9872, 0.9787, 0.9775, 0.9749, 0.9668, 0.9715, 0.9723, 0.9724, 0.968, 0.9675, 0.9722, 0.9711, 0.9704, 0.9689, 0.9665, 0.9712, 0.9729, 0.9754, 0.9737, 0.9764, 0.9821, 0.9829, 0.9825, 0.9543]","[152033, 152016, 151989, 152027, 152018, 152020, 151989, 152010, 152004, 152027, 152017, 152000, 151968, 152001, 151992, 152010, 152005, 152010, 151991, 152011, 152012, 152008, 152019, 152024, 152019, 152008, 151981, 136165]","[-12.8815, -14.1298, -14.4957, -13.7137, -13.9794, -15.3535, -15.7027, -15.8068, -15.8962, -18.5665, -18.3115, -18.6707, -17.4695, -19.1388, -21.7468, -23.173, -23.1205, -25.1332, -26.4566, -35.2433, -44.6253, -58.2016, -73.8831, -91.3441, -128.4653, -156.7115, -196.5556, -78.4467]",15,0
SP_036_W6,algorithmic,W6,Qwen/Qwen2.5-7B,-1,28,"[0.9965, 0.9969, 0.9957, 0.993, 0.9875, 0.9834, 0.9832, 0.9811, 0.9709, 0.9761, 0.9774, 0.9777, 0.974, 0.9718, 0.9752, 0.974, 0.9725, 0.9701, 0.9667, 0.9707, 0.9722, 0.9743, 0.9718, 0.974, 0.9801, 0.9815, 0.9813, 0.9821]","[152033, 152017, 151990, 152028, 152019, 152021, 151986, 152011, 152011, 152027, 152018, 152000, 151969, 152001, 151989, 152008, 152002, 152010, 151988, 152008, 152008, 152007, 152019, 152023, 152017, 152008, 151980, 151868]","[-12.8813, -14.1366, -14.5219, -13.7358, -14.0168, -15.1881, -15.5532, -15.7185, -15.8989, -18.5941, -18.3842, -18.675, -17.3876, -18.9769, -21.5958, -23.0801, -22.785, -24.7668, -26.1014, -34.6529, -43.9026, -57.4902, -73.2887, -90.3504, -127.8609, -154.8869, -193.2723, -145.9969]",15,0
SP_037_W6,algorithmic,W6,Qwen/Qwen2.5-7B,-1,28,"[0.9952, 0.9961, 0.9951, 0.9925, 0.988, 0.9844, 0.9842, 0.9824, 0.9733, 0.9769, 0.9784, 0.9777, 0.9735, 0.9711, 0.9748, 0.9738, 0.9723, 0.9696, 0.9658, 0.9687, 0.9701, 0.9729, 0.9704, 0.9732, 0.9794, 0.9813, 0.9814, 0.9814]","[152033, 152016, 151989, 152028, 152019, 152021, 151983, 152010, 152008, 152026, 152017, 151998, 151965, 152000, 151988, 152006, 151998, 152010, 151991, 152009, 152014, 152008, 152019, 152024, 152019, 152006, 151979, 151856]","[-12.8768, -14.1384, -14.5081, -13.7008, -13.9726, -15.1437, -15.5257, -15.6854, -15.898, -18.5899, -18.4002, -18.6892, -17.3198, -18.941, -21.4718, -23.0832, -22.838, -24.947, -26.1011, -34.702, -43.758, -57.2831, -72.9483, -90.0013, -127.134, -153.7656, -192.7434, -145.9014]",15,0
SP_038_W6,algorithmic,W6,Qwen/Qwen2.5-7B,-1,28,"[0.9936, 0.995, 0.9934, 0.9904, 0.9855, 0.9819, 0.9816, 0.9801, 0.9702, 0.9756, 0.9769, 0.9761, 0.9725, 0.9693, 0.972, 0.9703, 0.9685, 0.9649, 0.96, 0.9635, 0.9651, 0.9679, 0.9648, 0.9679, 0.9753, 0.9775, 0.9779, 0.9452]","[152035, 152016, 151989, 152027, 152019, 152021, 151984, 152010, 152007, 152028, 152016, 151997, 151960, 151998, 151983, 152004, 151994, 152008, 151984, 152008, 152010, 152006, 152019, 152024, 152018, 152006, 151980, 132751]","[-12.8744, -14.1523, -14.4972, -13.6912, -13.93, -15.1437, -15.542, -15.745, -15.985, -18.7002, -18.3105, -18.7393, -17.3697, -18.894, -21.496, -23.0717, -22.5144, -24.8229, -26.0046, -34.48, -43.7724, -56.9687, -72.459, -89.4218, -126.2331, -152.9986, -191.7751, -74.3293]",15,0
SP_039_W6,algorithmic,W6,Qwen/Qwen2.5-7B,-1,28,"[0.9938, 0.995, 0.9938, 0.9911, 0.9863, 0.9826, 0.9824, 0.9805, 0.9707, 0.9754, 0.9766, 0.9756, 0.9725, 0.9693, 0.9727, 0.9715, 0.9699, 0.9665, 0.9614, 0.9644, 0.9659, 0.9686, 0.9653, 0.9681, 0.9755, 0.9776, 0.9781, 0.9789]","[152034, 152016, 151989, 152027, 152019, 152021, 151985, 152010, 152008, 152028, 152016, 151999, 151963, 151996, 151983, 152002, 151994, 152007, 151984, 152007, 152009, 152003, 152019, 152024, 152016, 152001, 151970, 151853]","[-12.8719, -14.1617, -14.5063, -13.6968, -13.9489, -15.1475, -15.5462, -15.7325, -15.9442, -18.6609, -18.3526, -18.7408, -17.3602, -18.8441, -21.4965, -22.9569, -22.4756, -24.7453, -25.8486, -34.2174, -43.175, -56.46, -71.9252, -88.9974, -125.5533, -152.2318, -190.0032, -147.2564]",15,0
SP_040_W6,algorithmic,W6,Qwen/Qwen2.5-7B,-1,28,"[0.9944, 0.9957, 0.9946, 0.9924, 0.9875, 0.9819, 0.9818, 0.9802, 0.9683, 0.9723, 0.9736, 0.9731, 0.969, 0.9663, 0.9683, 0.9676, 0.9658, 0.963, 0.9594, 0.9631, 0.9656, 0.9693, 0.9675, 0.9711, 0.978, 0.9799, 0.9801, 0.9495]","[152034, 152015, 151989, 152027, 152018, 152022, 151987, 152010, 152008, 152028, 152018, 151997, 151962, 152000, 151988, 152007, 151999, 152010, 151990, 152008, 152013, 152008, 152019, 152024, 152018, 152009, 151984, 136598]","[-12.878, -14.1441, -14.4999, -13.7119, -13.9665, -15.2771, -15.7152, -15.861, -15.926, -18.5756, -18.315, -18.6033, -17.2703, -18.8545, -21.5368, -22.9949, -22.8557, -24.8975, -26.2243, -35.1935, -44.6145, -58.1631, -73.9076, -91.4577, -128.4742, -155.3698, -195.5743, -77.0339]",15,0
SP_042_W6,algorithmic,W6,Qwen/Qwen2.5-7B,-1,28,"[0.993, 0.9948, 0.9935, 0.9909, 0.986, 0.9822, 0.9826, 0.9815, 0.9702, 0.9759, 0.9773, 0.9769, 0.9735, 0.9704, 0.9741, 0.9739, 0.9728, 0.9702, 0.965, 0.9675, 0.9689, 0.9715, 0.9688, 0.9713, 0.978, 0.9797, 0.9798, 0.9795]","[152035, 152016, 151989, 152027, 152018, 152021, 151983, 152008, 152006, 152026, 152017, 151998, 151958, 151996, 151985, 152004, 151995, 152008, 151987, 152007, 152010, 152005, 152019, 152024, 152018, 152004, 151977, 151854]","[-12.8792, -14.1669, -14.5179, -13.6973, -13.9504, -15.1527, -15.5798, -15.7209, -15.9158, -18.6597, -18.2941, -18.6921, -17.3755, -18.8197, -21.5072, -22.9713, -22.748, -24.9544, -26.254, -34.6903, -43.9879, -57.3466, -72.8524, -90.1553, -127.0422, -153.8335, -191.9979, -146.2706]",15,0
SP_044_W6,algorithmic,W6,Qwen/Qwen2.5-7B,-1,28,"[0.9948, 0.9959, 0.9948, 0.9924, 0.9871, 0.9825, 0.9828, 0.9812, 0.9717, 0.9759, 0.977, 0.9757, 0.9712, 0.9686, 0.9713, 0.9699, 0.9685, 0.9661, 0.9629, 0.9665, 0.9689, 0.9722, 0.9701, 0.9731, 0.9794, 0.981, 0.9809, 0.9516]","[152034, 152016, 151989, 152028, 152019, 152021, 151986, 152010, 152008, 152026, 152017, 151999, 151964, 152001, 151988, 152007, 151999, 152010, 151990, 152011, 152012, 152008, 152019, 152024, 152019, 152007, 151979, 134555]","[-12.876, -14.1407, -14.5147, -13.715, -13.9703, -15.2407, -15.6833, -15.8332, -15.9289, -18.6553, -18.3422, -18.6868, -17.2615, -18.92, -21.5675, -23.0516, -22.8237, -24.9383, -26.179, -35.047, -44.3637, -57.9862, -73.5746, -90.955, -127.7049, -154.9663, -193.4817, -79.5743]",15,0
SP_045_W6,algorithmic,W6,Qwen/Qwen2.5-7B,-1,28,"[0.9953, 0.9961, 0.9947, 0.9918, 0.9869, 0.9822, 0.9818, 0.9797, 0.9712, 0.9756, 0.9768, 0.9761, 0.9708, 0.9683, 0.9711, 0.969, 0.9673, 0.9657, 0.9622, 0.9666, 0.9686, 0.9718, 0.9698, 0.973, 0.9791, 0.9809, 0.9808, 0.9805]","[152033, 152017, 151989, 152028, 152019, 152020, 151982, 152010, 152008, 152025, 152014, 151999, 151964, 152001, 151989, 152007, 151999, 152010, 151988, 152008, 152013, 152008, 152019, 152024, 152018, 152004, 151978, 151851]","[-12.8749, -14.1741, -14.5302, -13.6901, -13.9536, -15.2061, -15.5914, -15.7734, -16.0378, -18.7228, -18.3496, -18.7775, -17.4078, -19.0739, -21.6273, -23.1667, -22.8068, -24.9178, -26.0811, -35.0738, -44.2794, -57.6118, -73.2549, -90.6466, -127.5955, -153.9856, -193.3401, -145.1771]",15,0
SP_046_W6,algorithmic,W6,Qwen/Qwen2.5-7B,-1,28,"[0.9943, 0.9956, 0.9945, 0.9922, 0.9875, 0.9817, 0.9814, 0.9797, 0.9685, 0.9726, 0.9735, 0.9732, 0.9689, 0.9662, 0.9685, 0.9679, 0.9665, 0.9647, 0.9619, 0.9651, 0.9679, 0.9716, 0.9699, 0.9732, 0.9796, 0.9812, 0.9812, 0.9505]","[152034, 152016, 151990, 152027, 152018, 152022, 151989, 152010, 152008, 152027, 152017, 151997, 151961, 152000, 151988, 152007, 151999, 152010, 151990, 152008, 152013, 152008, 152019, 152024, 152018, 152006, 151977, 128576]","[-12.8778, -14.1479, -14.5039, -13.7113, -13.9673, -15.2784, -15.7192, -15.8852, -15.9334, -18.5594, -18.321, -18.6105, -17.2392, -18.8516, -21.4967, -22.9026, -22.8236, -24.862, -26.2691, -35.1123, -44.6008, -57.9205, -73.8277, -91.2485, -128.369, -154.9283, -193.6372, -75.329]",15,0
SP_047_W6,algorithmic,W6,Qwen/Qwen2.5-7B,-1,28,"[0.9952, 0.9961, 0.9948, 0.992, 0.9872, 0.9827, 0.9821, 0.9801, 0.9711, 0.9755, 0.9768, 0.976, 0.971, 0.9689, 0.972, 0.9702, 0.9689, 0.9673, 0.9645, 0.9686, 0.9711, 0.9741, 0.9723, 0.9751, 0.9808, 0.9822, 0.9818, 0.9821]","[152034, 152017, 151989, 152028, 152019, 152020, 151982, 152010, 152008, 152025, 152014, 151999, 151963, 151999, 151989, 152007, 151998, 152010, 151989, 152008, 152010, 152008, 152019, 152024, 152019, 152004, 151974, 151843]","[-12.8774, -14.1617, -14.525, -13.6976, -13.9588, -15.169, -15.5502, -15.7211, -15.977, -18.6701, -18.3451, -18.7151, -17.3461, -19.034, -21.6119, -23.1263, -22.8878, -24.9291, -26.077, -34.9585, -44.0342, -57.5819, -73.1865, -90.5889, -127.4212, -153.6202, -191.9536, -145.6847]",15,0
SP_048_W6,algorithmic,W6,Qwen/Qwen2.5-7B,-1,28,"[0.9945, 0.9956, 0.9942, 0.9918, 0.9869, 0.9802, 0.9795, 0.9778, 0.9668, 0.9716, 0.9727, 0.9727, 0.9688, 0.9664, 0.969, 0.9684, 0.9669, 0.9656, 0.9628, 0.9664, 0.9691, 0.9724, 0.9707, 0.9738, 0.98, 0.9816, 0.9815, 0.9822]","[152034, 152017, 151990, 152027, 152017, 152020, 151986, 152010, 152006, 152026, 152016, 151998, 151963, 152001, 151989, 152007, 151999, 152010, 151988, 152008, 152013, 152007, 152019, 152024, 152018, 152006, 151978, 151842]","[-12.8762, -14.1534, -14.4951, -13.6961, -13.9294, -15.2823, -15.6914, -15.8561, -15.9096, -18.5895, -18.3201, -18.668, -17.2976, -18.899, -21.5869, -22.9157, -22.8177, -24.8473, -26.145, -34.9023, -44.3281, -57.5202, -73.3746, -90.558, -127.5641, -154.087, -192.7439, -145.2002]",15,0
SP_049_W6,algorithmic,W6,Qwen/Qwen2.5-7B,-1,28,"[0.9961, 0.9965, 0.9953, 0.9926, 0.9874, 0.9836, 0.9828, 0.981, 0.9713, 0.9769, 0.9783, 0.9782, 0.9748, 0.9723, 0.9758, 0.9743, 0.9732, 0.9702, 0.9667, 0.9701, 0.9715, 0.9744, 0.9722, 0.9746, 0.9804, 0.9819, 0.9818, 0.9819]","[152033, 152017, 151990, 152027, 152019, 152021, 151985, 152010, 152009, 152027, 152018, 151998, 151965, 152001, 151989, 152007, 152000, 152010, 151988, 152008, 152011, 152008, 152019, 152024, 152018, 152008, 151983, 151887]","[-12.8767, -14.1381, -14.5047, -13.7115, -13.9803, -15.2197, -15.5978, -15.7557, -15.8939, -18.6024, -18.4204, -18.6902, -17.3236, -18.8936, -21.5654, -23.0679, -22.7871, -24.7838, -26.0432, -34.8126, -44.1938, -57.6799, -73.3505, -90.7424, -128.2015, -155.3443, -194.1289, -147.45]",15,0
SP_050_W6,algorithmic,W6,Qwen/Qwen2.5-7B,-1,28,"[0.9965, 0.9969, 0.9957, 0.9931, 0.9878, 0.9839, 0.9835, 0.9815, 0.9716, 0.9766, 0.9779, 0.9781, 0.9744, 0.9724, 0.9757, 0.9745, 0.9728, 0.9701, 0.9666, 0.9701, 0.971, 0.9736, 0.971, 0.9734, 0.9795, 0.981, 0.9811, 0.982]","[152033, 152017, 151990, 152028, 152020, 152021, 151986, 152011, 152010, 152027, 152018, 152000, 151969, 152003, 151990, 152009, 152003, 152010, 151990, 152008, 152010, 152007, 152019, 152023, 152017, 152006, 151979, 151849]","[-12.8789, -14.128, -14.5146, -13.7383, -14.0229, -15.1918, -15.5429, -15.7001, -15.8994, -18.6029, -18.3879, -18.6473, -17.3823, -18.9808, -21.622, -23.0823, -22.8239, -24.8578, -26.1669, -34.6866, -43.9329, -57.5409, -73.0956, -90.254, -127.6993, -154.3624, -193.1625, -144.7992]",15,0
SP_051_W6,algorithmic,W6,Qwen/Qwen2.5-7B,-1,28,"[0.9965, 0.997, 0.9956, 0.993, 0.9873, 0.9833, 0.9828, 0.9806, 0.9705, 0.9759, 0.9771, 0.9776, 0.9741, 0.9721, 0.976, 0.9751, 0.9738, 0.9717, 0.968, 0.9718, 0.9733, 0.9756, 0.9734, 0.9757, 0.9815, 0.9828, 0.9824, 0.9534]","[152033, 152017, 151989, 152028, 152020, 152021, 151986, 152011, 152010, 152027, 152018, 152000, 151969, 152002, 151990, 152008, 152003, 152010, 151990, 152008, 152010, 152007, 152019, 152024, 152017, 152007, 151980, 134875]","[-12.8801, -14.1324, -14.519, -13.7331, -14.013, -15.2122, -15.564, -15.7285, -15.9055, -18.6072, -18.3952, -18.675, -17.4183, -19.059, -21.697, -23.1698, -22.9403, -24.9893, -26.2704, -34.8829, -44.2683, -57.9161, -73.8598, -90.7988, -128.4668, -155.6358, -194.5461, -76.4037]",15,0
SP_052_W6,algorithmic,W6,Qwen/Qwen2.5-7B,-1,28,"[0.996, 0.9965, 0.9952, 0.9927, 0.9874, 0.9836, 0.983, 0.981, 0.9713, 0.9767, 0.9779, 0.9779, 0.9743, 0.9719, 0.9763, 0.9752, 0.9735, 0.9712, 0.967, 0.9708, 0.9722, 0.9747, 0.9725, 0.9747, 0.9802, 0.9817, 0.9815, 0.982]","[152033, 152017, 151990, 152027, 152019, 152021, 151984, 152010, 152009, 152027, 152018, 151999, 151966, 152001, 151989, 152007, 151999, 152010, 151986, 152008, 152010, 152007, 152019, 152024, 152018, 152006, 151979, 151855]","[-12.8767, -14.1414, -14.5047, -13.7158, -13.9834, -15.2113, -15.5919, -15.757, -15.8899, -18.6114, -18.4265, -18.718, -17.3349, -18.9045, -21.5844, -23.0561, -22.7726, -24.7337, -25.9861, -34.7362, -44.1399, -57.7074, -73.362, -90.6997, -127.8718, -154.5497, -192.2946, -146.315]",15,0
SP_053_W6,algorithmic,W6,Qwen/Qwen2.5-7B,-1,28,"[0.9974, 0.9975, 0.9963, 0.9936, 0.9879, 0.9829, 0.9821, 0.9799, 0.9706, 0.9751, 0.9763, 0.9759, 0.9719, 0.9695, 0.9742, 0.9737, 0.973, 0.9705, 0.9679, 0.9715, 0.9734, 0.9759, 0.9738, 0.9765, 0.982, 0.9832, 0.9826, 0.9832]","[152032, 152016, 151990, 152030, 152021, 152022, 151992, 152011, 152010, 152030, 152021, 152000, 151974, 152001, 151991, 152009, 152004, 152011, 151995, 152013, 152012, 152008, 152021, 152024, 152019, 152007, 151981, 151875]","[-12.8781, -14.0859, -14.4846, -13.7408, -14.0377, -15.3055, -15.6942, -15.8635, -15.9139, -18.646, -18.4443, -18.7401, -17.5734, -19.0424, -21.5409, -23.147, -23.1239, -25.1526, -26.4559, -34.8363, -44.0577, -57.4734, -72.8974, -90.2744, -127.1375, -155.3854, -194.1291, -148.8666]",15,0
SP_054_W6,algorithmic,W6,Qwen/Qwen2.5-7B,-1,28,"[0.9965, 0.997, 0.9956, 0.9929, 0.9872, 0.9833, 0.983, 0.9809, 0.971, 0.9763, 0.9775, 0.9778, 0.9741, 0.9719, 0.9758, 0.9749, 0.9736, 0.9714, 0.968, 0.9719, 0.9733, 0.9756, 0.9732, 0.9757, 0.9814, 0.9827, 0.9824, 0.9831]","[152033, 152017, 151990, 152027, 152020, 152021, 151986, 152011, 152010, 152027, 152018, 152000, 151969, 152002, 151990, 152008, 152002, 152010, 151990, 152008, 152011, 152007, 152019, 152023, 152018, 152008, 151981, 151882]","[-12.8807, -14.1213, -14.5043, -13.7256, -14.0089, -15.2082, -15.5538, -15.7206, -15.91, -18.5884, -18.3883, -18.6873, -17.4034, -19.0594, -21.6535, -23.1154, -22.8457, -24.8952, -26.2015, -34.915, -44.2597, -57.8679, -73.6352, -90.831, -128.3258, -155.6832, -195.2896, -145.983]",15,0
SP_055_W6,algorithmic,W6,Qwen/Qwen2.5-7B,-1,28,"[0.9969, 0.9974, 0.9954, 0.9925, 0.9864, 0.9777, 0.9766, 0.9738, 0.9651, 0.9706, 0.9717, 0.9721, 0.9676, 0.967, 0.9713, 0.9702, 0.9696, 0.968, 0.9659, 0.971, 0.9728, 0.9751, 0.9731, 0.9758, 0.9815, 0.9825, 0.9821, 0.9516]","[152033, 152017, 151989, 152028, 152019, 152020, 151989, 152010, 152004, 152027, 152018, 152000, 151968, 152001, 151991, 152009, 152001, 152010, 151991, 152011, 152013, 152008, 152020, 152024, 152020, 152008, 151981, 133692]","[-12.8819, -14.1172, -14.4852, -13.7153, -13.9777, -15.3606, -15.7084, -15.8309, -15.9078, -18.5679, -18.3179, -18.676, -17.4471, -19.0751, -21.6996, -23.1169, -22.9677, -24.9859, -26.2946, -35.1942, -44.6558, -58.1104, -73.9179, -91.354, -128.4365, -156.2743, -196.3463, -75.9206]",15,0
SP_056_W6,algorithmic,W6,Qwen/Qwen2.5-7B,-1,28,"[0.9965, 0.9968, 0.9953, 0.9925, 0.9867, 0.9824, 0.9817, 0.9794, 0.9692, 0.9746, 0.9758, 0.9764, 0.9726, 0.9707, 0.9744, 0.9733, 0.972, 0.9701, 0.9667, 0.9709, 0.9724, 0.9747, 0.9722, 0.9749, 0.9808, 0.9821, 0.9818, 0.9522]","[152033, 152017, 151990, 152027, 152019, 152021, 151985, 152010, 152010, 152027, 152018, 152000, 151969, 152002, 151990, 152008, 152003, 152010, 151990, 152008, 152010, 152008, 152019, 152023, 152018, 152008, 151981, 136419]","[-12.8798, -14.1339, -14.5129, -13.7222, -14.0015, -15.2491, -15.5944, -15.7517, -15.9162, -18.5998, -18.3761, -18.6924, -17.4146, -19.0457, -21.6822, -23.1174, -22.8964, -24.8952, -26.2424, -34.8644, -44.2578, -57.774, -73.4704, -90.7007, -128.2028, -155.7686, -195.5512, -77.4178]",15,0
SP_057_W6,algorithmic,W6,Qwen/Qwen2.5-7B,-1,28,"[0.997, 0.9973, 0.9955, 0.9925, 0.9864, 0.9784, 0.9775, 0.9748, 0.9653, 0.9703, 0.9713, 0.9715, 0.9674, 0.9665, 0.9711, 0.9701, 0.9696, 0.9675, 0.9655, 0.9704, 0.9726, 0.9752, 0.9734, 0.9762, 0.9819, 0.9828, 0.9823, 0.9534]","[152033, 152017, 151989, 152028, 152020, 152022, 151990, 152010, 152007, 152029, 152018, 152000, 151969, 152001, 151992, 152011, 152003, 152010, 151991, 152011, 152013, 152008, 152019, 152024, 152020, 152008, 151981, 133542]","[-12.878, -14.1118, -14.4764, -13.7186, -13.9893, -15.3541, -15.7219, -15.839, -15.8913, -18.5383, -18.3339, -18.651, -17.4092, -19.0828, -21.6557, -23.1399, -22.9837, -24.9281, -26.2676, -35.1807, -44.6571, -58.0323, -73.6195, -91.1628, -128.3082, -156.2902, -195.7419, -76.8948]",15,0
SP_058_W6,algorithmic,W6,Qwen/Qwen2.5-7B,-1,28,"[0.9965, 0.9969, 0.9957, 0.993, 0.9876, 0.9835, 0.9832, 0.9812, 0.9716, 0.9762, 0.9776, 0.9777, 0.9739, 0.9719, 0.9756, 0.9747, 0.973, 0.9704, 0.9667, 0.97, 0.9709, 0.9734, 0.9709, 0.9734, 0.9796, 0.981, 0.9808, 0.9507]","[152033, 152017, 151990, 152028, 152020, 152021, 151986, 152011, 152010, 152027, 152018, 152000, 151969, 152003, 151990, 152009, 152002, 152010, 151991, 152008, 152010, 152007, 152019, 152023, 152017, 152008, 151982, 135653]","[-12.8802, -14.123, -14.5062, -13.7356, -14.0205, -15.192, -15.5388, -15.698, -15.8816, -18.5909, -18.3811, -18.6613, -17.3709, -18.9982, -21.6061, -23.0842, -22.7582, -24.7884, -26.0797, -34.7211, -44.0344, -57.5882, -73.3663, -90.3648, -128.122, -155.4373, -193.9305, -76.4217]",15,0
SP_059_W6,algorithmic,W6,Qwen/Qwen2.5-7B,-1,28,"[0.996, 0.9966, 0.9953, 0.9928, 0.9875, 0.9837, 0.983, 0.9811, 0.9714, 0.9766, 0.9779, 0.9778, 0.9741, 0.9716, 0.9756, 0.9744, 0.9732, 0.9703, 0.9661, 0.9695, 0.9712, 0.9741, 0.9718, 0.9742, 0.9801, 0.9815, 0.9815, 0.9815]","[152033, 152017, 151990, 152027, 152019, 152021, 151984, 152010, 152008, 152027, 152018, 151998, 151966, 152001, 151989, 152007, 152001, 152010, 151992, 152008, 152011, 152008, 152019, 152024, 152018, 152006, 151980, 151863]","[-12.8781, -14.1288, -14.4969, -13.7118, -13.9797, -15.2035, -15.586, -15.7357, -15.863, -18.576, -18.4263, -18.6804, -17.3445, -18.912, -21.5681, -23.1204, -22.8944, -24.7777, -26.0638, -34.9139, -44.1639, -57.8225, -73.3734, -90.7381, -128.1475, -155.0348, -192.9204, -148.8259]",15,0
SP_060_W6,algorithmic,W6,Qwen/Qwen2.5-7B,-1,28,"[0.9961, 0.9966, 0.9952, 0.9927, 0.9873, 0.9836, 0.9829, 0.981, 0.9717, 0.9772, 0.9784, 0.9782, 0.9746, 0.9721, 0.9758, 0.9739, 0.9728, 0.97, 0.9663, 0.9701, 0.9711, 0.9737, 0.9709, 0.9732, 0.979, 0.9805, 0.9807, 0.981]","[152033, 152017, 151990, 152027, 152020, 152021, 151984, 152010, 152009, 152028, 152018, 151999, 151965, 151999, 151988, 152008, 151999, 152010, 151989, 152008, 152011, 152008, 152019, 152023, 152018, 152005, 151978, 151848]","[-12.8751, -14.1285, -14.4953, -13.7099, -13.9777, -15.2114, -15.5807, -15.7461, -15.8993, -18.6061, -18.4439, -18.7088, -17.3358, -18.8689, -21.5749, -23.1075, -22.8351, -24.8011, -26.0989, -34.7749, -44.1651, -57.8361, -73.4172, -90.6241, -128.0946, -154.5119, -193.1882, -144.568]",15,0
SP_061_W6,algorithmic,W6,Qwen/Qwen2.5-7B,-1,28,"[0.9965, 0.9967, 0.9956, 0.9929, 0.9874, 0.9834, 0.983, 0.9809, 0.9706, 0.9757, 0.9771, 0.9774, 0.9739, 0.9724, 0.9761, 0.9751, 0.9735, 0.9712, 0.9683, 0.9725, 0.974, 0.9761, 0.9735, 0.9757, 0.9813, 0.9825, 0.9822, 0.9527]","[152033, 152017, 151990, 152028, 152019, 152021, 151986, 152011, 152011, 152027, 152018, 151999, 151969, 152002, 151989, 152008, 152001, 152010, 151989, 152010, 152010, 152007, 152019, 152024, 152017, 152008, 151981, 134249]","[-12.881, -14.1378, -14.5224, -13.7368, -14.0195, -15.1852, -15.5447, -15.7161, -15.8826, -18.589, -18.3672, -18.6552, -17.4064, -19.016, -21.6001, -23.0986, -22.855, -24.8854, -26.2108, -34.902, -44.175, -57.8466, -73.4458, -90.5744, -128.0651, -155.5938, -194.3256, -75.6587]",15,0
SP_062_W6,algorithmic,W6,Qwen/Qwen2.5-7B,-1,28,"[0.9952, 0.9961, 0.9951, 0.9924, 0.9878, 0.984, 0.9838, 0.9817, 0.9728, 0.9766, 0.9779, 0.9771, 0.9728, 0.9706, 0.9742, 0.9728, 0.9712, 0.9688, 0.9652, 0.9684, 0.9699, 0.9727, 0.9699, 0.9727, 0.979, 0.9809, 0.9809, 0.9811]","[152033, 152016, 151988, 152027, 152019, 152021, 151982, 152010, 152008, 152025, 152015, 151999, 151965, 152000, 151988, 152006, 151998, 152010, 151991, 152009, 152013, 152008, 152019, 152024, 152019, 152007, 151981, 151878]","[-12.8787, -14.1616, -14.5265, -13.6926, -13.962, -15.1346, -15.5167, -15.6921, -15.9168, -18.6218, -18.3398, -18.6875, -17.3101, -18.9971, -21.4964, -23.0995, -22.8196, -24.9395, -26.036, -34.8339, -43.9388, -57.4585, -72.9225, -90.1792, -127.1762, -154.0318, -192.9249, -147.7071]",15,0
SP_063_W6,algorithmic,W6,Qwen/Qwen2.5-7B,-1,28,"[0.9938, 0.9951, 0.9937, 0.9908, 0.986, 0.9824, 0.982, 0.9803, 0.9702, 0.9751, 0.9763, 0.9755, 0.9723, 0.9695, 0.9725, 0.9713, 0.9697, 0.966, 0.9611, 0.9646, 0.9663, 0.969, 0.9661, 0.969, 0.9762, 0.9783, 0.9785, 0.9785]","[152034, 152015, 151989, 152027, 152019, 152021, 151985, 152010, 152010, 152028, 152017, 151998, 151963, 151998, 151985, 152004, 151995, 152007, 151986, 152007, 152012, 152006, 152019, 152024, 152017, 152004, 151972, 151853]","[-12.8735, -14.1573, -14.5041, -13.6982, -13.9473, -15.1574, -15.5638, -15.7682, -15.9686, -18.684, -18.3683, -18.7536, -17.3667, -18.8637, -21.4442, -23.0118, -22.5644, -24.8663, -26.0755, -34.4004, -43.4947, -56.827, -72.3449, -89.3347, -125.9354, -152.2373, -190.0065, -145.2437]",15,0
SP_064_W6,algorithmic,W6,Qwen/Qwen2.5-7B,-1,28,"[0.9952, 0.9961, 0.9951, 0.9925, 0.9878, 0.9843, 0.9842, 0.9825, 0.9724, 0.976, 0.9775, 0.9766, 0.9725, 0.9704, 0.974, 0.9733, 0.9724, 0.9697, 0.9663, 0.9696, 0.9709, 0.9737, 0.9712, 0.9739, 0.9799, 0.9817, 0.9817, 0.9818]","[152033, 152017, 151990, 152028, 152019, 152021, 151986, 152011, 152011, 152028, 152017, 151997, 151967, 152001, 151988, 152006, 151998, 152010, 151991, 152011, 152014, 152008, 152019, 152024, 152019, 152005, 151976, 151843]","[-12.8769, -14.1438, -14.5086, -13.7051, -13.9853, -15.1641, -15.5724, -15.7385, -15.9146, -18.617, -18.4395, -18.703, -17.3324, -18.9358, -21.4124, -23.0738, -22.8136, -24.9143, -26.1423, -34.7991, -44.0519, -57.5259, -73.026, -90.2897, -127.1572, -153.9935, -192.0245, -145.9544]",15,0
SP_065_W6,algorithmic,W6,Qwen/Qwen2.5-7B,-1,28,"[0.9952, 0.996, 0.995, 0.9923, 0.9876, 0.9839, 0.9837, 0.982, 0.9724, 0.9764, 0.9781, 0.9774, 0.9732, 0.9706, 0.9739, 0.9729, 0.9716, 0.9689, 0.9649, 0.9681, 0.9698, 0.9727, 0.9704, 0.9733, 0.9795, 0.9814, 0.9815, 0.9816]","[152033, 152016, 151989, 152028, 152019, 152021, 151983, 152010, 152009, 152026, 152017, 151998, 151965, 152002, 151988, 152006, 151999, 152010, 151991, 152008, 152013, 152008, 152019, 152024, 152019, 152005, 151976, 151848]","[-12.8757, -14.1436, -14.5131, -13.6995, -13.9737, -15.1406, -15.5351, -15.6988, -15.8996, -18.6067, -18.3928, -18.6679, -17.3036, -18.9498, -21.4607, -23.0715, -22.7333, -24.8594, -26.002, -34.7184, -43.8093, -57.3528, -72.8755, -90.1991, -127.0506, -153.8525, -192.3749, -145.754]",15,0
SP_066_W6,algorithmic,W6,Qwen/Qwen2.5-7B,-1,28,"[0.9949, 0.9959, 0.9949, 0.9924, 0.9874, 0.9829, 0.9833, 0.9816, 0.9723, 0.9764, 0.9776, 0.9767, 0.9723, 0.9698, 0.9727, 0.9714, 0.97, 0.9678, 0.9647, 0.9684, 0.9706, 0.9737, 0.9717, 0.9745, 0.9803, 0.9818, 0.9816, 0.9821]","[152034, 152016, 151990, 152027, 152018, 152021, 151986, 152010, 152008, 152026, 152017, 151999, 151965, 152002, 151991, 152007, 151999, 152010, 151991, 152009, 152011, 152007, 152019, 152024, 152019, 152006, 151979, 151862]","[-12.8764, -14.1478, -14.5222, -13.7146, -13.9638, -15.2454, -15.6861, -15.828, -15.9325, -18.6257, -18.3377, -18.694, -17.2736, -18.9516, -21.5545, -23.0114, -22.7994, -24.9254, -26.1913, -34.9988, -44.3384, -57.8577, -73.3809, -90.711, -127.5659, -154.6145, -192.9922, -148.1449]",15,0
SP_068_W6,algorithmic,W6,Qwen/Qwen2.5-7B,-1,28,"[0.9931, 0.9949, 0.9932, 0.9905, 0.9851, 0.9819, 0.9824, 0.9812, 0.9697, 0.9751, 0.976, 0.9754, 0.9719, 0.9689, 0.9724, 0.9715, 0.9704, 0.968, 0.9631, 0.9662, 0.9676, 0.9704, 0.9675, 0.9704, 0.9772, 0.9791, 0.9794, 0.9486]","[152035, 152015, 151989, 152027, 152017, 152021, 151984, 152009, 152007, 152027, 152016, 151997, 151956, 151996, 151984, 152003, 151993, 152008, 151986, 152007, 152010, 152006, 152019, 152024, 152018, 152006, 151977, 131179]","[-12.8725, -14.1675, -14.5099, -13.6779, -13.9259, -15.17, -15.5951, -15.734, -15.8976, -18.6356, -18.2766, -18.6758, -17.3031, -18.7854, -21.4559, -22.9717, -22.6952, -24.9337, -26.1779, -34.6642, -43.939, -57.2197, -72.7666, -90.0147, -126.7061, -153.8257, -192.6257, -76.3017]",15,0
SP_069_W6,algorithmic,W6,Qwen/Qwen2.5-7B,-1,28,"[0.9941, 0.9954, 0.9942, 0.9919, 0.9865, 0.9805, 0.9804, 0.9789, 0.9687, 0.9738, 0.9748, 0.9747, 0.9713, 0.9691, 0.9719, 0.9711, 0.9691, 0.9668, 0.9622, 0.9655, 0.9676, 0.9706, 0.9681, 0.971, 0.978, 0.9799, 0.9801, 0.9513]","[152034, 152015, 151989, 152027, 152018, 152019, 151987, 152010, 152005, 152026, 152017, 151998, 151959, 152000, 151987, 152006, 151998, 152010, 151986, 152008, 152012, 152008, 152019, 152024, 152018, 152005, 151976, 128088]","[-12.8753, -14.1727, -14.5164, -13.7068, -13.9513, -15.3076, -15.7052, -15.8657, -16.0002, -18.6174, -18.362, -18.6725, -17.2887, -18.8816, -21.6147, -23.0177, -22.6982, -24.8613, -26.2363, -35.0496, -44.3825, -57.7142, -73.5565, -90.7311, -127.7814, -154.3078, -192.765, -75.3779]",15,0
SP_070_W6,algorithmic,W6,Qwen/Qwen2.5-7B,-1,28,"[0.9952, 0.9961, 0.995, 0.9924, 0.9876, 0.9839, 0.9839, 0.9823, 0.973, 0.9764, 0.9775, 0.9765, 0.9714, 0.9691, 0.9721, 0.9712, 0.9702, 0.9676, 0.9645, 0.9679, 0.9701, 0.9731, 0.9713, 0.9741, 0.9801, 0.9818, 0.9814, 0.981]","[152033, 152017, 151990, 152028, 152019, 152021, 151985, 152011, 152009, 152028, 152017, 151997, 151965, 152001, 151986, 152006, 151998, 152010, 151991, 152010, 152014, 152008, 152019, 152024, 152019, 152005, 151975, 151847]","[-12.8768, -14.1302, -14.4996, -13.7073, -13.9808, -15.1662, -15.5615, -15.7247, -15.9054, -18.5812, -18.413, -18.7089, -17.3258, -18.9298, -21.4498, -23.0847, -22.7896, -24.8213, -26.1163, -34.7932, -44.0989, -57.6297, -73.2066, -90.3322, -127.0871, -153.8767, -192.2919, -146.5008]",15,0
SP_071_W6,algorithmic,W6,Qwen/Qwen2.5-7B,-1,28,"[0.9937, 0.9952, 0.9936, 0.9907, 0.9859, 0.9823, 0.9821, 0.9809, 0.9713, 0.976, 0.9769, 0.9758, 0.9719, 0.9689, 0.9719, 0.9706, 0.9683, 0.9653, 0.961, 0.965, 0.9668, 0.9695, 0.9665, 0.9692, 0.9761, 0.9781, 0.9782, 0.9473]","[152034, 152017, 151989, 152027, 152019, 152021, 151985, 152010, 152008, 152028, 152016, 151998, 151963, 151998, 151985, 152004, 151995, 152007, 151984, 152007, 152009, 152006, 152019, 152024, 152017, 152006, 151980, 130874]","[-12.8726, -14.1521, -14.4944, -13.6951, -13.9393, -15.1461, -15.5481, -15.7418, -15.9615, -18.6869, -18.3331, -18.748, -17.381, -18.8967, -21.4836, -23.0374, -22.6211, -24.8245, -26.0469, -34.5562, -43.7925, -57.0888, -72.5076, -89.4407, -126.3107, -153.1297, -191.4325, -73.6165]",15,0
SP_072_W6,algorithmic,W6,Qwen/Qwen2.5-7B,-1,28,"[0.9953, 0.9963, 0.9951, 0.9924, 0.9877, 0.9838, 0.9836, 0.982, 0.9727, 0.9766, 0.9782, 0.9773, 0.9724, 0.9703, 0.9737, 0.9729, 0.9714, 0.9692, 0.9658, 0.969, 0.9712, 0.9742, 0.9722, 0.9751, 0.9811, 0.9826, 0.9822, 0.9825]","[152033, 152016, 151990, 152028, 152019, 152021, 151984, 152010, 152008, 152028, 152017, 151998, 151965, 152000, 151988, 152007, 152001, 152010, 151992, 152010, 152014, 152009, 152019, 152024, 152019, 152006, 151979, 151857]","[-12.8776, -14.1342, -14.5037, -13.7024, -13.9752, -15.1465, -15.5433, -15.7033, -15.8989, -18.5995, -18.4222, -18.7031, -17.3421, -18.9637, -21.4503, -23.0526, -22.8858, -24.9071, -26.0859, -34.8593, -43.9122, -57.6573, -73.0688, -90.4798, -127.4164, -154.5148, -193.2097, -148.4428]",15,0
SP_073_W6,algorithmic,W6,Qwen/Qwen2.5-7B,-1,28,"[0.9944, 0.9957, 0.9942, 0.992, 0.987, 0.9801, 0.9797, 0.978, 0.9673, 0.9713, 0.9722, 0.9718, 0.9669, 0.9643, 0.9669, 0.9665, 0.965, 0.9632, 0.96, 0.9636, 0.9663, 0.9701, 0.9685, 0.972, 0.9786, 0.9804, 0.9804, 0.9496]","[152034, 152016, 151989, 152027, 152018, 152020, 151986, 152010, 152007, 152027, 152017, 151997, 151962, 152000, 151989, 152007, 151999, 152010, 151991, 152008, 152013, 152008, 152019, 152024, 152018, 152007, 151981, 134897]","[-12.8766, -14.1466, -14.4967, -13.7127, -13.9611, -15.2895, -15.713, -15.8694, -15.9436, -18.5849, -18.3102, -18.6509, -17.2823, -18.8712, -21.5332, -22.9746, -22.9268, -24.8832, -26.2032, -35.1401, -44.5966, -58.0571, -73.7247, -91.067, -128.0244, -155.0217, -194.4043, -76.5862]",15,0
WIS_006_W6,algorithmic,W6,Qwen/Qwen2.5-7B,-1,28,"[1.0, 1.0, 1.0, 1.0, 1.0, 1.0, 1.0, 1.0, 1.0, 1.0, 1.0, 1.0, 1.0, 1.0, 1.0, 1.0, 1.0, 1.0, 1.0, 1.0, 1.0, 1.0, 1.0, 1.0, 1.0, 1.0, 1.0, 1.0]","[152032, 152014, 151993, 152028, 152020, 152025, 152002, 152014, 152017, 152033, 152015, 151986, 151967, 151986, 151977, 152003, 151977, 152001, 151981, 151994, 152004, 152000, 152020, 152021, 152015, 152009, 151997, 134944]","[-12.8829, -14.1092, -14.5333, -13.7586, -13.9997, -15.2976, -16.0115, -16.3162, -16.5682, -18.8365, -18.5276, -18.4185, -17.8764, -18.7801, -21.5549, -23.1125, -21.9606, -24.6928, -25.8843, -32.2931, -41.286, -52.7066, -67.8992, -82.6283, -120.7328, -154.3014, -191.0569, -78.1042]",15,0
WIS_007_W6,algorithmic,W6,Qwen/Qwen2.5-7B,-1,28,"[1.0, 1.0, 1.0, 1.0, 1.0, 1.0, 1.0, 1.0, 1.0, 1.0, 1.0, 1.0, 1.0, 1.0, 1.0, 1.0, 1.0, 1.0, 1.0, 1.0, 1.0, 1.0, 1.0, 1.0, 1.0, 1.0, 1.0, 1.0]","[152032, 152014, 151993, 152028, 152022, 152025, 152003, 152013, 152016, 152031, 152017, 151990, 151971, 151988, 151976, 152002, 151978, 152002, 151982, 151994, 152004, 152000, 152020, 152021, 152015, 152009, 151997, 136087]","[-12.8789, -14.0907, -14.514, -13.7645, -14.0185, -15.3045, -16.0165, -16.2972, -16.5477, -18.8024, -18.5657, -18.5164, -17.9857, -18.9098, -21.6771, -23.1749, -22.0903, -24.8254, -26.0857, -32.2932, -41.1931, -52.7332, -68.1247, -82.5761, -121.1068, -154.313, -190.8937, -79.3204]",15,0
WIS_009_W6,algorithmic,W6,Qwen/Qwen2.5-7B,-1,28,"[1.0, 1.0, 1.0, 1.0, 1.0, 1.0, 1.0, 1.0, 1.0, 1.0, 1.0, 1.0, 1.0, 1.0, 1.0, 1.0, 1.0, 1.0, 1.0, 1.0, 1.0, 1.0, 1.0, 1.0, 1.0, 1.0, 1.0, 1.0]","[152032, 152013, 151993, 152027, 152017, 152024, 151999, 152013, 152015, 152031, 152010, 151987, 151966, 151985, 151973, 151998, 151972, 151998, 151976, 151991, 152001, 151998, 152018, 152020, 152015, 152008, 151997, 151915]","[-12.8807, -14.1646, -14.5723, -13.7431, -13.9655, -15.2397, -15.9654, -16.2634, -16.5813, -18.8234, -18.5354, -18.5516, -17.923, -18.6548, -21.6168, -23.2265, -21.9796, -24.9631, -26.1438, -32.3512, -41.0485, -52.3356, -67.6462, -82.2964, -120.2138, -154.0313, -190.122, -152.2337]",15,0
WIS_010_W6,algorithmic,W6,Qwen/Qwen2.5-7B,-1,28,"[1.0, 1.0, 1.0, 1.0, 1.0, 1.0, 1.0, 1.0, 1.0, 1.0, 1.0, 1.0, 1.0, 1.0, 1.0, 1.0, 1.0, 1.0, 1.0, 1.0, 1.0, 1.0, 1.0, 1.0, 1.0, 1.0, 1.0, 1.0]","[152032, 152014, 151994, 152028, 152019, 152025, 151999, 152013, 152013, 152030, 152014, 151989, 151966, 151986, 151975, 152000, 151975, 152000, 151978, 151991, 151999, 151998, 152018, 152021, 152015, 152007, 151997, 134530]","[-12.8811, -14.1493, -14.5684, -13.7564, -13.9767, -15.3106, -15.9704, -16.2686, -16.605, -18.8931, -18.5284, -18.5056, -17.9372, -18.7896, -21.6978, -23.2683, -21.9916, -24.9272, -26.0414, -32.3617, -41.1866, -52.4429, -67.6466, -82.6191, -120.913, -154.4665, -191.6655, -77.4065]",15,0
WIS_012_W6,algorithmic,W6,Qwen/Qwen2.5-7B,-1,28,"[1.0, 1.0, 1.0, 1.0, 1.0, 1.0, 1.0, 1.0, 1.0, 1.0, 1.0, 1.0, 1.0, 1.0, 1.0, 1.0, 1.0, 1.0, 1.0, 1.0, 1.0, 1.0, 1.0, 1.0, 1.0, 1.0, 1.0, 1.0]","[152032, 152014, 151993, 152026, 152018, 152023, 151996, 152009, 152013, 152027, 152009, 151980, 151962, 151984, 151971, 151991, 151966, 151994, 151971, 151991, 151998, 151998, 152018, 152019, 152013, 152007, 151995, 135155]","[-12.8819, -14.171, -14.5803, -13.7502, -13.982, -15.2302, -15.9083, -16.1626, -16.4774, -18.6588, -18.4507, -18.4529, -17.8397, -18.6582, -21.6125, -23.047, -21.8988, -24.9258, -26.0476, -32.1376, -40.9462, -52.1775, -67.5024, -81.9981, -119.8205, -153.6527, -190.3866, -78.9481]",15,0
WIS_013_W6,algorithmic,W6,Qwen/Qwen2.5-7B,-1,28,"[1.0, 1.0, 1.0, 1.0, 1.0, 1.0, 1.0, 1.0, 1.0, 1.0, 1.0, 1.0, 1.0, 1.0, 1.0, 1.0, 1.0, 1.0, 1.0, 1.0, 1.0, 1.0, 1.0, 1.0, 1.0, 1.0, 1.0, 1.0]","[152033, 152014, 151993, 152029, 152019, 152025, 152002, 152013, 152016, 152030, 152017, 151992, 151968, 151988, 151975, 152003, 151977, 152002, 151980, 151994, 152007, 152002, 152020, 152021, 152016, 152010, 151997, 139560]","[-12.8827, -14.1455, -14.5466, -13.7371, -13.9898, -15.2938, -16.0053, -16.3015, -16.6098, -18.8431, -18.5495, -18.5379, -17.9764, -18.9382, -21.7132, -23.2546, -22.1624, -24.8805, -26.1267, -32.7171, -41.8744, -53.6329, -69.319, -84.1141, -122.7025, -155.7445, -191.9442, -81.7815]",15,0
WIS_014_W6,algorithmic,W6,Qwen/Qwen2.5-7B,-1,28,"[1.0, 1.0, 1.0, 1.0, 1.0, 1.0, 1.0, 1.0, 1.0, 1.0, 1.0, 1.0, 1.0, 1.0, 1.0, 1.0, 1.0, 1.0, 1.0, 1.0, 1.0, 1.0, 1.0, 1.0, 1.0, 1.0, 1.0, 1.0]","[152033, 152014, 151993, 152029, 152021, 152025, 152002, 152013, 152016, 152031, 152017, 151992, 151968, 151988, 151975, 152002, 151977, 152002, 151980, 151994, 152007, 152002, 152020, 152022, 152016, 152010, 151997, 140376]","[-12.8827, -14.1404, -14.5412, -13.7336, -13.9843, -15.2902, -16.0055, -16.3065, -16.6187, -18.8559, -18.5624, -18.5532, -17.981, -18.9471, -21.7093, -23.2427, -22.1542, -24.9113, -26.1532, -32.6629, -41.7387, -53.5424, -69.291, -83.9754, -122.5135, -155.5716, -191.953, -82.5898]",15,0
WIS_015_W6,algorithmic,W6,Qwen/Qwen2.5-7B,-1,28,"[1.0, 1.0, 1.0, 1.0, 1.0, 1.0, 1.0, 1.0, 1.0, 1.0, 1.0, 1.0, 1.0, 1.0, 1.0, 1.0, 1.0, 1.0, 1.0, 1.0, 1.0, 1.0, 1.0, 1.0, 1.0, 1.0, 1.0, 1.0]","[152033, 152013, 151993, 152029, 152021, 152025, 152002, 152013, 152016, 152031, 152017, 151992, 151968, 151988, 151975, 152001, 151978, 152001, 151979, 151994, 152006, 152001, 152020, 152022, 152016, 152010, 151997, 139327]","[-12.8826, -14.1425, -14.5439, -13.7356, -13.9882, -15.2922, -16.0062, -16.3042, -16.6143, -18.8381, -18.5504, -18.5324, -17.9765, -18.9314, -21.7183, -23.2576, -22.1502, -24.8611, -26.09, -32.6485, -41.764, -53.4843, -69.245, -84.249, -122.6766, -155.7638, -191.8373, -81.2108]",15,0
WIS_016_W6,algorithmic,W6,Qwen/Qwen2.5-7B,-1,28,"[1.0, 1.0, 1.0, 1.0, 1.0, 1.0, 1.0, 1.0, 1.0, 1.0, 1.0, 1.0, 1.0, 1.0, 1.0, 1.0, 1.0, 1.0, 1.0, 1.0, 1.0, 1.0, 1.0, 1.0, 1.0, 1.0, 1.0, 1.0]","[152033, 152013, 151993, 152029, 152021, 152025, 152002, 152013, 152016, 152030, 152017, 151992, 151968, 151988, 151975, 152002, 151977, 152001, 151980, 151994, 152006, 152002, 152020, 152022, 152016, 152010, 151997, 139416]","[-12.8822, -14.1359, -14.5372, -13.7343, -13.9869, -15.2905, -16.005, -16.3019, -16.618, -18.8586, -18.564, -18.5552, -17.9793, -18.9338, -21.7007, -23.2398, -22.1301, -24.869, -26.1002, -32.6004, -41.7233, -53.4809, -69.2073, -83.9689, -122.6181, -155.7871, -192.2684, -81.3782]",15,0
WIS_017_W6,algorithmic,W6,Qwen/Qwen2.5-7B,-1,28,"[1.0, 1.0, 1.0, 1.0, 1.0, 1.0, 1.0, 1.0, 1.0, 1.0, 1.0, 1.0, 1.0, 1.0, 1.0, 1.0, 1.0, 1.0, 1.0, 1.0, 1.0, 1.0, 1.0, 1.0, 1.0, 1.0, 1.0, 1.0]","[152033, 152015, 151994, 152028, 152022, 152025, 152003, 152014, 152015, 152030, 152016, 151993, 151972, 151986, 151974, 152003, 151978, 152001, 151981, 151995, 152007, 152008, 152022, 152024, 152016, 152013, 152001, 151931]","[-12.883, -14.1187, -14.5358, -13.7502, -14.002, -15.2554, -15.9803, -16.2589, -16.5292, -18.7259, -18.5741, -18.527, -17.9562, -18.823, -21.6172, -23.2921, -22.2562, -25.0368, -26.2724, -32.7107, -41.5397, -53.2895, -69.134, -83.7406, -121.8549, -155.1572, -192.2544, -154.0296]",15,0
WIS_018_W6,algorithmic,W6,Qwen/Qwen2.5-7B,-1,28,"[1.0, 1.0, 1.0, 1.0, 1.0, 1.0, 1.0, 1.0, 1.0, 1.0, 1.0, 1.0, 1.0, 1.0, 1.0, 1.0, 1.0, 1.0, 1.0, 1.0, 1.0, 1.0, 1.0, 1.0, 1.0, 1.0, 1.0, 1.0]","[152033, 152015, 151994, 152028, 152022, 152025, 152003, 152014, 152016, 152031, 152016, 151993, 151972, 151986, 151973, 152003, 151978, 152001, 151981, 151995, 152007, 152008, 152022, 152024, 152016, 152013, 152000, 151931]","[-12.8832, -14.1166, -14.5356, -13.7532, -14.003, -15.2559, -15.9804, -16.2618, -16.5334, -18.7266, -18.5875, -18.5387, -17.9733, -18.827, -21.6331, -23.3224, -22.2944, -25.0932, -26.3034, -32.72, -41.5878, -53.3388, -69.1956, -83.7287, -122.0034, -155.2628, -192.1735, -153.8845]",15,0
WIS_019_W6,algorithmic,W6,Qwen/Qwen2.5-7B,-1,28,"[1.0, 1.0, 1.0, 1.0, 1.0, 1.0, 1.0, 1.0, 1.0, 1.0, 1.0, 1.0, 1.0, 1.0, 1.0, 1.0, 1.0, 1.0, 1.0, 1.0, 1.0, 1.0, 1.0, 1.0, 1.0, 1.0, 1.0, 1.0]","[152033, 152015, 151994, 152029, 152022, 152025, 152003, 152014, 152015, 152030, 152016, 151992, 151972, 151986, 151973, 152003, 151978, 152001, 151981, 151995, 152007, 152007, 152022, 152024, 152016, 152013, 152001, 151931]","[-12.8829, -14.1172, -14.5333, -13.7536, -14.004, -15.2558, -15.9819, -16.2623, -16.5373, -18.7337, -18.5868, -18.5357, -17.9747, -18.8426, -21.6286, -23.3228, -22.2992, -25.0765, -26.3121, -32.787, -41.7382, -53.4969, -69.3565, -84.0221, -122.1788, -155.5947, -192.467, -154.463]",15,0
WIS_020_W6,algorithmic,W6,Qwen/Qwen2.5-7B,-1,28,"[1.0, 1.0, 1.0, 1.0, 1.0, 1.0, 1.0, 1.0, 1.0, 1.0, 1.0, 1.0, 1.0, 1.0, 1.0, 1.0, 1.0, 1.0, 1.0, 1.0, 1.0, 1.0, 1.0, 1.0, 1.0, 1.0, 1.0, 1.0]","[152033, 152015, 151994, 152028, 152022, 152025, 152003, 152014, 152015, 152030, 152016, 151993, 151972, 151986, 151974, 152003, 151978, 152001, 151981, 151995, 152007, 152008, 152022, 152024, 152016, 152013, 152001, 151931]","[-12.884, -14.1212, -14.538, -13.7531, -14.0038, -15.2582, -15.9855, -16.265, -16.534, -18.7371, -18.5858, -18.5448, -17.982, -18.8474, -21.6357, -23.3198, -22.2747, -25.0759, -26.2881, -32.737, -41.6191, -53.4075, -69.2442, -83.8446, -121.982, -155.3887, -192.4308, -154.1999]",15,0
WIS_021_W6,algorithmic,W6,Qwen/Qwen2.5-7B,-1,28,"[1.0, 1.0, 1.0, 1.0, 1.0, 1.0, 1.0, 1.0, 1.0, 1.0, 1.0, 1.0, 1.0, 1.0, 1.0, 1.0, 1.0, 1.0, 1.0, 1.0, 1.0, 1.0, 1.0, 1.0, 1.0, 1.0, 1.0, 1.0]","[152032, 152013, 151993, 152026, 152018, 152024, 151997, 152011, 152013, 152028, 152009, 151979, 151960, 151981, 151970, 151989, 151965, 151993, 151969, 151989, 151998, 151997, 152018, 152019, 152014, 152008, 152002, 136021]","[-12.8811, -14.1718, -14.571, -13.7442, -13.9782, -15.2716, -15.9624, -16.2523, -16.5935, -18.8259, -18.4359, -18.5231, -17.7975, -18.6243, -21.6298, -22.9385, -21.6762, -24.6919, -25.6278, -31.4532, -40.3884, -51.5105, -66.8048, -81.3238, -119.1451, -152.8441, -190.217, -77.7854]",15,0
WIS_022_W6,algorithmic,W6,Qwen/Qwen2.5-7B,-1,28,"[1.0, 1.0, 1.0, 1.0, 1.0, 1.0, 1.0, 1.0, 1.0, 1.0, 1.0, 1.0, 1.0, 1.0, 1.0, 1.0, 1.0, 1.0, 1.0, 1.0, 1.0, 1.0, 1.0, 1.0, 1.0, 1.0, 1.0, 1.0]","[152032, 152014, 151993, 152026, 152018, 152023, 151996, 152009, 152013, 152028, 152009, 151979, 151963, 151985, 151971, 151990, 151966, 151994, 151971, 151991, 151999, 151998, 152018, 152019, 152013, 152009, 151999, 151922]","[-12.8819, -14.171, -14.5838, -13.756, -13.9795, -15.2383, -15.9222, -16.1922, -16.5245, -18.6988, -18.4544, -18.4717, -17.8864, -18.7071, -21.5444, -22.9841, -21.8406, -24.9158, -25.9786, -32.1416, -40.9982, -52.2353, -67.6237, -82.049, -119.7224, -153.4171, -190.4588, -152.2829]",15,0
WIS_023_W6,algorithmic,W6,Qwen/Qwen2.5-7B,-1,28,"[1.0, 1.0, 1.0, 1.0, 1.0, 1.0, 1.0, 1.0, 1.0, 1.0, 1.0, 1.0, 1.0, 1.0, 1.0, 1.0, 1.0, 1.0, 1.0, 1.0, 1.0, 1.0, 1.0, 1.0, 1.0, 1.0, 1.0, 1.0]","[152033, 152015, 151993, 152029, 152022, 152026, 152003, 152016, 152017, 152034, 152019, 151999, 151975, 151987, 151976, 152009, 151983, 152003, 151983, 151994, 152007, 152005, 152022, 152024, 152016, 152012, 152002, 137448]","[-12.879, -14.099, -14.5308, -13.7682, -14.0255, -15.3088, -16.0031, -16.2986, -16.5597, -18.9269, -18.7114, -18.5089, -18.0463, -18.8571, -21.6862, -23.3944, -22.0388, -24.7762, -25.7431, -32.246, -41.2664, -53.175, -68.7588, -83.7517, -122.671, -156.1394, -193.1825, -80.5439]",15,0
WIS_024_W6,algorithmic,W6,Qwen/Qwen2.5-7B,-1,28,"[1.0, 1.0, 1.0, 1.0, 1.0, 1.0, 1.0, 1.0, 1.0, 1.0, 1.0, 1.0, 1.0, 1.0, 1.0, 1.0, 1.0, 1.0, 1.0, 1.0, 1.0, 1.0, 1.0, 1.0, 1.0, 1.0, 1.0, 1.0]","[152033, 152013, 151993, 152029, 152021, 152025, 152002, 152013, 152016, 152030, 152017, 151991, 151968, 151988, 151975, 152002, 151977, 152000, 151979, 151994, 152007, 152004, 152021, 152022, 152016, 152010, 151997, 138842]","[-12.8824, -14.1397, -14.5407, -13.735, -13.9889, -15.29, -16.0051, -16.302, -16.6173, -18.8529, -18.549, -18.5321, -17.9668, -18.9578, -21.6961, -23.2207, -22.1447, -24.9082, -26.1198, -32.6355, -41.7045, -53.5576, -69.3904, -84.1248, -122.6084, -155.5998, -192.6708, -80.7689]",15,0
WIS_025_W6,algorithmic,W6,Qwen/Qwen2.5-7B,-1,28,"[1.0, 1.0, 1.0, 1.0, 1.0, 1.0, 1.0, 1.0, 1.0, 1.0, 1.0, 1.0, 1.0, 1.0, 1.0, 1.0, 1.0, 1.0, 1.0, 1.0, 1.0, 1.0, 1.0, 1.0, 1.0, 1.0, 1.0, 1.0]","[152033, 152015, 151994, 152029, 152022, 152026, 152003, 152016, 152017, 152034, 152018, 151999, 151975, 151987, 151978, 152009, 151985, 152003, 151983, 151994, 152007, 152005, 152021, 152024, 152016, 152009, 151998, 138211]","[-12.8789, -14.0946, -14.5279, -13.7743, -14.029, -15.3104, -16.0003, -16.2869, -16.5547, -18.9338, -18.709, -18.5416, -18.0613, -18.882, -21.6895, -23.4015, -22.0335, -24.7513, -25.7639, -32.3375, -41.3788, -53.2606, -68.7823, -83.732, -122.8823, -156.1008, -192.9926, -81.3314]",15,0
WIS_026_W6,algorithmic,W6,Qwen/Qwen2.5-7B,-1,28,"[1.0, 1.0, 1.0, 1.0, 1.0, 1.0, 1.0, 1.0, 1.0, 1.0, 1.0, 1.0, 1.0, 1.0, 1.0, 1.0, 1.0, 1.0, 1.0, 1.0, 1.0, 1.0, 1.0, 1.0, 1.0, 1.0, 1.0, 1.0]","[152033, 152013, 151993, 152029, 152020, 152025, 152002, 152014, 152016, 152031, 152017, 151992, 151968, 151988, 151975, 152002, 151977, 152001, 151980, 151994, 152007, 152003, 152020, 152023, 152016, 152013, 152000, 139013]","[-12.8826, -14.1425, -14.5459, -13.7376, -13.9911, -15.2922, -16.0038, -16.3, -16.622, -18.8621, -18.5598, -18.5365, -17.9783, -18.9289, -21.6923, -23.2379, -22.1598, -24.8919, -26.1166, -32.6512, -41.7971, -53.6878, -69.5016, -84.275, -122.8156, -156.0044, -192.5558, -81.2639]",15,0
WIS_027_W6,algorithmic,W6,Qwen/Qwen2.5-7B,-1,28,"[1.0, 1.0, 1.0, 1.0, 1.0, 1.0, 1.0, 1.0, 1.0, 1.0, 1.0, 1.0, 1.0, 1.0, 1.0, 1.0, 1.0, 1.0, 1.0, 1.0, 1.0, 1.0, 1.0, 1.0, 1.0, 1.0, 1.0, 1.0]","[152033, 152015, 151994, 152029, 152022, 152025, 152003, 152014, 152015, 152031, 152016, 151993, 151972, 151986, 151973, 152003, 151978, 152001, 151981, 151995, 152007, 152008, 152022, 152024, 152016, 152013, 152001, 151931]","[-12.8834, -14.1171, -14.5332, -13.7519, -14.0022, -15.2559, -15.9815, -16.26, -16.5332, -18.7336, -18.5874, -18.5407, -17.9699, -18.8269, -21.625, -23.3195, -22.2999, -25.0961, -26.3039, -32.7594, -41.6052, -53.361, -69.2608, -83.7994, -121.9987, -155.2489, -192.3376, -154.1521]",15,0
WIS_028_W6,algorithmic,W6,Qwen/Qwen2.5-7B,-1,28,"[1.0, 1.0, 1.0, 1.0, 1.0, 1.0, 1.0, 1.0, 1.0, 1.0, 1.0, 1.0, 1.0, 1.0, 1.0, 1.0, 1.0, 1.0, 1.0, 1.0, 1.0, 1.0, 1.0, 1.0, 1.0, 1.0, 1.0, 1.0]","[152033, 152015, 151994, 152029, 152022, 152026, 152003, 152016, 152017, 152034, 152018, 151999, 151975, 151987, 151976, 152009, 151985, 152002, 151983, 151994, 152007, 152005, 152022, 152024, 152016, 152013, 152002, 137506]","[-12.879, -14.097, -14.5277, -13.7739, -14.0315, -15.3103, -16.0023, -16.2893, -16.5467, -18.9089, -18.6996, -18.5167, -18.0584, -18.8719, -21.6961, -23.4261, -22.0676, -24.7778, -25.7308, -32.3081, -41.3397, -53.2476, -68.9146, -83.933, -122.8172, -156.202, -192.986, -80.5344]",15,0
WIS_029_W6,algorithmic,W6,Qwen/Qwen2.5-7B,-1,28,"[1.0, 1.0, 1.0, 1.0, 1.0, 1.0, 1.0, 1.0, 1.0, 1.0, 1.0, 1.0, 1.0, 1.0, 1.0, 1.0, 1.0, 1.0, 1.0, 1.0, 1.0, 1.0, 1.0, 1.0, 1.0, 1.0, 1.0, 1.0]","[152033, 152014, 151993, 152029, 152021, 152025, 152002, 152013, 152016, 152030, 152017, 151992, 151968, 151988, 151975, 152002, 151977, 152002, 151980, 151994, 152007, 152004, 152020, 152022, 152016, 152010, 151997, 138755]","[-12.8824, -14.1405, -14.5417, -13.737, -13.9915, -15.2931, -16.0116, -16.3059, -16.6121, -18.84, -18.5553, -18.5447, -17.9812, -18.9478, -21.7265, -23.2609, -22.1604, -24.9018, -26.1367, -32.7087, -41.8514, -53.7394, -69.5314, -84.309, -122.7707, -155.4818, -192.162, -80.5791]",15,0
WIS_030_W6,algorithmic,W6,Qwen/Qwen2.5-7B,-1,28,"[1.0, 1.0, 1.0, 1.0, 1.0, 1.0, 1.0, 1.0, 1.0, 1.0, 1.0, 1.0, 1.0, 1.0, 1.0, 1.0, 1.0, 1.0, 1.0, 1.0, 1.0, 1.0, 1.0, 1.0, 1.0, 1.0, 1.0, 1.0]","[152032, 152014, 151993, 152027, 152018, 152024, 151997, 152012, 152014, 152028, 152010, 151986, 151965, 151986, 151972, 151998, 151969, 151996, 151974, 151991, 151999, 151999, 152018, 152019, 152014, 152008, 151998, 151924]","[-12.8841, -14.1753, -14.5805, -13.7513, -13.9735, -15.2458, -15.9528, -16.2396, -16.561, -18.7772, -18.46, -18.5002, -17.9511, -18.6881, -21.5612, -23.0816, -21.82, -24.9269, -25.9496, -32.0227, -40.9271, -51.8537, -67.2805, -81.9939, -119.8507, -153.4025, -190.3458, -151.9325]",15,0
WIS_031_W6,algorithmic,W6,Qwen/Qwen2.5-7B,-1,28,"[1.0, 1.0, 1.0, 1.0, 1.0, 1.0, 1.0, 1.0, 1.0, 1.0, 1.0, 1.0, 1.0, 1.0, 1.0, 1.0, 1.0, 1.0, 1.0, 1.0, 1.0, 1.0, 1.0, 1.0, 1.0, 1.0, 1.0, 1.0]","[152032, 152014, 151993, 152027, 152018, 152024, 151998, 152012, 152014, 152029, 152010, 151987, 151965, 151986, 151973, 151999, 151970, 151996, 151976, 151991, 152001, 151999, 152018, 152019, 152014, 152009, 151997, 151918]","[-12.8812, -14.1634, -14.5725, -13.7492, -13.9755, -15.2489, -15.9634, -16.2516, -16.5825, -18.7967, -18.4895, -18.492, -17.8882, -18.6685, -21.5358, -22.9938, -21.804, -24.8555, -25.955, -31.9981, -40.831, -52.031, -67.1622, -81.7464, -119.4142, -152.9073, -189.7148, -150.8505]",15,0
WIS_032_W6,algorithmic,W6,Qwen/Qwen2.5-7B,-1,28,"[1.0, 1.0, 1.0, 1.0, 1.0, 1.0, 1.0, 1.0, 1.0, 1.0, 1.0, 1.0, 1.0, 1.0, 1.0, 1.0, 1.0, 1.0, 1.0, 1.0, 1.0, 1.0, 1.0, 1.0, 1.0, 1.0, 1.0, 1.0]","[152032, 152013, 151992, 152026, 152017, 152023, 151997, 152011, 152014, 152029, 152010, 151981, 151962, 151984, 151970, 151990, 151965, 151993, 151969, 151990, 151997, 151997, 152018, 152019, 152013, 152007, 151995, 135453]","[-12.8829, -14.1544, -14.5618, -13.7413, -13.9776, -15.2411, -15.9361, -16.2188, -16.5583, -18.7299, -18.4437, -18.4497, -17.7698, -18.6199, -21.5506, -22.9751, -21.7378, -24.7589, -25.7403, -31.8838, -40.8636, -52.0845, -67.5756, -82.013, -119.985, -153.9394, -190.7807, -79.7269]",15,0
BW_001_W6,planning_suite,W6,Qwen/Qwen2.5-7B,-1,28,"[0.9872, 0.9906, 0.9906, 0.9852, 0.9845, 0.9827, 0.9827, 0.9789, 0.9751, 0.9782, 0.9779, 0.9754, 0.9728, 0.9697, 0.9724, 0.9681, 0.9697, 0.9719, 0.9693, 0.9717, 0.9697, 0.9693, 0.9694, 0.9699, 0.974, 0.9752, 0.9764, 0.8871]","[143583, 146519, 146323, 143882, 133062, 133443, 125521, 142941, 140356, 142519, 141941, 142428, 139694, 131802, 125251, 134581, 130538, 131992, 136690, 123814, 130490, 126156, 109609, 97728, 108268, 97721, 66270, 45]","[-12.3683, -13.0899, -13.3424, -12.7855, -12.7281, -13.3034, -13.6212, -14.0865, -14.4747, -15.4051, -15.3954, -15.9063, -15.0431, -15.5826, -17.5872, -17.6574, -17.3567, -19.9412, -20.0103, -22.4566, -27.0657, -33.6074, -42.8969, -49.1846, -74.5703, -90.8238, -106.6842, -44.8317]",29245,pick
BW_002_W6,planning_suite,W6,Qwen/Qwen2.5-7B,-1,28,"[0.9998, 0.9999, 0.9999, 0.9998, 0.9997, 0.9997, 0.9997, 0.9996, 0.9994, 0.9995, 0.9995, 0.9995, 0.9993, 0.9993, 0.9993, 0.9993, 0.9991, 0.9992, 0.9987, 0.9982, 0.998, 0.998, 0.998, 0.9978, 0.9983, 0.9983, 0.9982, 0.95]","[144099, 146849, 146591, 143583, 133099, 132152, 125781, 143287, 140554, 141672, 141219, 142322, 140787, 132005, 125734, 134678, 129604, 131144, 135416, 123971, 130557, 125756, 109773, 96305, 107100, 95068, 64075, 36]","[-12.3785, -13.1002, -13.3681, -12.7778, -12.7239, -13.2494, -13.6015, -14.0936, -14.5187, -15.352, -15.3841, -15.9116, -15.0995, -15.5268, -17.4935, -17.605, -17.1973, -19.7003, -19.8613, -22.4537, -27.5032, -34.4912, -43.8874, -50.2896, -75.3534, -91.0011, -105.6814, -42.4228]",29245,pick
BW_010_W6,planning_suite,W6,Qwen/Qwen2.5-7B,-1,28,"[0.9869, 0.9899, 0.9901, 0.985, 0.9847, 0.981, 0.9797, 0.9739, 0.9693, 0.9743, 0.9748, 0.9732, 0.9719, 0.9697, 0.9729, 0.9687, 0.9699, 0.9716, 0.969, 0.9714, 0.97, 0.9695, 0.9695, 0.9704, 0.9751, 0.9763, 0.9771, 0.9641]","[143884, 146725, 146413, 143084, 132787, 132794, 126854, 143996, 140493, 142648, 141607, 142255, 139929, 131306, 124545, 134109, 129494, 131101, 136795, 123368, 130404, 126034, 110139, 97975, 107331, 96432, 65631, 49]","[-12.3751, -13.0795, -13.363, -12.7748, -12.7352, -13.2731, -13.6107, -14.0988, -14.4527, -15.3946, -15.4137, -15.8825, -15.05, -15.5639, -17.5082, -17.7308, -17.4413, -20.0154, -20.1352, -22.5986, -27.3158, -33.9849, -43.2295, -49.4298, -74.6251, -90.4363, -105.5166, -47.3463]",29245,pick
BW_011_W6,planning_suite,W6,Qwen/Qwen2.5-7B,-1,28,"[0.987, 0.9903, 0.9903, 0.9849, 0.9844, 0.9831, 0.9828, 0.977, 0.9729, 0.9767, 0.9777, 0.9754, 0.9731, 0.9693, 0.9724, 0.9678, 0.9696, 0.9712, 0.9693, 0.972, 0.9696, 0.9693, 0.9688, 0.9693, 0.9735, 0.9745, 0.9755, 0.886]","[143595, 146581, 146297, 143387, 133647, 133487, 125177, 143111, 139403, 141941, 141836, 142287, 139759, 131642, 125526, 135123, 130812, 132394, 137029, 123756, 130559, 124905, 109252, 96872, 107744, 95841, 64414, 37]","[-12.3686, -13.0843, -13.342, -12.7781, -12.7369, -13.3164, -13.6224, -14.0873, -14.3988, -15.3785, -15.3854, -15.9093, -15.0523, -15.6273, -17.63, -17.6739, -17.3841, -19.9413, -20.0217, -22.438, -26.8368, -33.3259, -42.645, -49.07, -74.3881, -90.1988, -105.3429, -42.2206]",29245,pick
BW_014_W6,planning_suite,W6,Qwen/Qwen2.5-7B,-1,28,"[0.9999, 1.0, 0.9999, 0.9999, 0.9999, 0.9998, 0.9998, 0.9997, 0.9996, 0.9997, 0.9996, 0.9996, 0.9996, 0.9996, 0.9996, 0.9996, 0.9995, 0.9994, 0.9991, 0.9988, 0.9988, 0.9987, 0.9985, 0.9985, 0.9988, 0.9988, 0.9988, 0.9987]","[144177, 146948, 146533, 143322, 132522, 132442, 125310, 143659, 139713, 142016, 141421, 141018, 139263, 131333, 124912, 133242, 128479, 130225, 134376, 120623, 128636, 124875, 111579, 98566, 107519, 97210, 66140, 44]","[-12.3816, -13.086, -13.3572, -12.7756, -12.7398, -13.3027, -13.6097, -14.1072, -14.4695, -15.3689, -15.3776, -15.8714, -15.0536, -15.4861, -17.532, -17.6559, -17.3705, -19.9309, -19.9937, -22.6972, -27.6479, -35.2853, -45.1336, -51.4095, -76.3898, -92.4998, -107.0384, -45.6977]",29245,pick
BW_022_W6,planning_suite,W6,Qwen/Qwen2.5-7B,-1,28,"[0.9999, 0.9999, 0.9999, 0.9999, 0.9997, 0.9996, 0.9995, 0.9995, 0.9993, 0.9994, 0.9994, 0.9995, 0.9994, 0.9994, 0.9994, 0.9994, 0.9992, 0.9992, 0.9988, 0.9982, 0.998, 0.998, 0.998, 0.998, 0.9983, 0.9984, 0.9982, 0.9537]","[144133, 146910, 146498, 144111, 133238, 132923, 122048, 142284, 138823, 141839, 141421, 141676, 139581, 131677, 124890, 133745, 128523, 130286, 134115, 121520, 129387, 125353, 111696, 98424, 108703, 98337, 66940, 26]","[-12.3811, -13.0799, -13.3446, -12.7922, -12.7233, -13.3299, -13.5782, -14.0875, -14.4554, -15.3935, -15.4048, -15.9381, -15.0904, -15.5878, -17.5676, -17.6473, -17.3128, -19.9304, -19.9589, -22.4075, -27.4033, -34.5224, -44.486, -51.1204, -76.5417, -92.6344, -107.8474, -37.9309]",29245,pick
BW_080_W6,planning_suite,W6,Qwen/Qwen2.5-7B,-1,28,"[0.987, 0.9899, 0.9901, 0.9837, 0.9826, 0.9782, 0.9766, 0.9718, 0.9674, 0.972, 0.9725, 0.9703, 0.9681, 0.9655, 0.968, 0.9635, 0.9646, 0.9677, 0.9659, 0.9697, 0.9683, 0.9678, 0.9678, 0.9694, 0.9742, 0.9755, 0.9767, 0.8666]","[143763, 146714, 146513, 143579, 133233, 133127, 126940, 143465, 140235, 142584, 141272, 142272, 140381, 131685, 125389, 134628, 130363, 132423, 136813, 123721, 130455, 125722, 109614, 97539, 107515, 96938, 65685, 53]","[-12.3718, -13.0879, -13.3541, -12.7779, -12.7294, -13.2651, -13.6148, -14.0787, -14.453, -15.3952, -15.3703, -15.8514, -15.066, -15.5866, -17.6403, -17.7404, -17.4792, -20.0612, -20.1986, -22.6274, -27.3406, -34.1831, -43.2899, -49.6832, -74.7541, -91.0906, -106.3381, -49.112]",29245,pick
BW_120_W6,planning_suite,W6,Qwen/Qwen2.5-7B,-1,28,"[0.987, 0.99, 0.9904, 0.984, 0.983, 0.9829, 0.9823, 0.9767, 0.9721, 0.9752, 0.9751, 0.9724, 0.9694, 0.966, 0.9693, 0.9648, 0.9662, 0.9686, 0.966, 0.9695, 0.9673, 0.9667, 0.9669, 0.9681, 0.973, 0.974, 0.9751, 0.8723]","[144296, 146770, 146449, 143466, 132939, 133519, 123870, 143123, 139160, 142626, 142010, 141869, 138976, 131531, 124830, 133635, 129143, 131392, 136497, 121975, 130739, 126326, 111794, 100372, 109016, 99279, 67364, 51]","[-12.3807, -13.0793, -13.3539, -12.7684, -12.7229, -13.3394, -13.5883, -14.0757, -14.3803, -15.4019, -15.4323, -15.9238, -15.0646, -15.6572, -17.6763, -17.7511, -17.4763, -20.0499, -20.1613, -22.5322, -27.3473, -34.3305, -43.6683, -50.1029, -75.215, -90.9807, -105.842, -48.2886]",29245,pick
BW_137_W6,planning_suite,W6,Qwen/Qwen2.5-7B,-1,28,"[0.9872, 0.9905, 0.9908, 0.9852, 0.9848, 0.9833, 0.983, 0.9771, 0.9726, 0.9761, 0.977, 0.9737, 0.9715, 0.9686, 0.9707, 0.9653, 0.9669, 0.969, 0.967, 0.9699, 0.9682, 0.9681, 0.968, 0.9684, 0.9727, 0.973, 0.9749, 0.8789]","[143589, 146571, 146271, 143017, 133974, 133370, 125891, 143590, 139948, 142251, 142137, 142475, 139908, 131711, 125539, 134547, 130328, 132000, 136949, 123784, 130416, 124992, 108833, 97259, 107657, 96732, 65493, 41]","[-12.3687, -13.0943, -13.351, -12.7664, -12.744, -13.3153, -13.6369, -14.1123, -14.4257, -15.397, -15.4212, -15.9167, -15.0716, -15.6249, -17.7417, -17.6033, -17.2367, -19.7853, -19.8415, -22.3414, -26.8919, -33.4833, -42.7695, -49.1095, -74.2801, -90.2426, -105.638, -43.0311]",29245,pick
BW_155_W6,planning_suite,W6,Qwen/Qwen2.5-7B,-1,28,"[0.9869, 0.99, 0.9903, 0.9853, 0.9852, 0.9816, 0.9801, 0.974, 0.9689, 0.9741, 0.9745, 0.973, 0.9715, 0.9688, 0.9721, 0.9679, 0.969, 0.9708, 0.9685, 0.9712, 0.9701, 0.97, 0.9702, 0.9713, 0.9757, 0.9769, 0.9777, 0.9622]","[143872, 146687, 146390, 142957, 132783, 132895, 126743, 143902, 140481, 142760, 141639, 142297, 139989, 131589, 124796, 134127, 129656, 131353, 136705, 123144, 130552, 126468, 111078, 98581, 107852, 97121, 65767, 49]","[-12.3753, -13.0844, -13.3641, -12.7722, -12.7358, -13.2728, -13.6097, -14.0951, -14.4514, -15.3983, -15.4238, -15.883, -15.0581, -15.5935, -17.5367, -17.7408, -17.4665, -20.0331, -20.1499, -22.537, -27.3081, -34.1354, -43.5249, -49.769, -75.028, -90.8803, -105.5861, -47.0655]",29245,pick
BW_172_W6,planning_suite,W6,Qwen/Qwen2.5-7B,-1,28,"[0.9872, 0.9904, 0.9907, 0.9851, 0.9845, 0.9831, 0.9826, 0.9763, 0.9711, 0.9746, 0.9755, 0.9721, 0.9695, 0.9652, 0.9668, 0.9613, 0.9629, 0.9653, 0.9634, 0.9681, 0.9669, 0.9676, 0.9676, 0.9686, 0.973, 0.9737, 0.9757, 0.8729]","[143517, 146585, 146303, 142885, 133994, 133440, 126076, 143575, 139562, 142127, 142087, 142551, 140004, 131167, 125082, 134536, 130154, 131632, 136325, 122671, 130286, 124700, 108784, 96460, 107130, 95759, 64532, 40]","[-12.3682, -13.0913, -13.3467, -12.7651, -12.7452, -13.318, -13.6431, -14.1121, -14.4069, -15.3789, -15.4151, -15.9054, -15.0814, -15.6049, -17.6803, -17.6139, -17.2514, -19.7926, -19.8437, -22.3566, -27.008, -33.6074, -42.6161, -48.9231, -74.0745, -89.687, -105.2508, -42.3454]",29245,pick
BW_203_W6,planning_suite,W6,Qwen/Qwen2.5-7B,-1,28,"[0.9999, 0.9999, 0.9999, 0.9999, 0.9998, 0.9998, 0.9997, 0.9997, 0.9996, 0.9996, 0.9996, 0.9996, 0.9996, 0.9996, 0.9996, 0.9995, 0.9994, 0.9994, 0.999, 0.9988, 0.9986, 0.9985, 0.9984, 0.9984, 0.9987, 0.9986, 0.9986, 0.9517]","[144076, 146897, 146376, 142779, 132470, 132674, 124389, 143324, 139846, 142262, 141947, 141902, 139710, 132164, 125686, 133930, 128493, 130444, 135250, 122673, 130607, 126074, 111653, 97886, 107824, 95726, 64728, 35]","[-12.3786, -13.0841, -13.3533, -12.7706, -12.7368, -13.3172, -13.6055, -14.0868, -14.4429, -15.3782, -15.3812, -15.8865, -15.041, -15.486, -17.5038, -17.6177, -17.2982, -19.9086, -19.9719, -22.53, -27.3608, -34.6732, -44.6525, -51.1113, -76.1643, -92.0726, -106.5024, -41.8334]",29245,pick
BW_227_W6,planning_suite,W6,Qwen/Qwen2.5-7B,-1,28,"[0.9872, 0.9903, 0.9905, 0.9844, 0.9837, 0.9813, 0.9817, 0.9774, 0.9735, 0.9768, 0.9765, 0.9733, 0.9707, 0.9682, 0.9727, 0.9681, 0.97, 0.972, 0.9697, 0.9736, 0.9713, 0.9716, 0.9715, 0.9718, 0.9754, 0.976, 0.9774, 0.8849]","[143489, 146549, 146266, 143657, 134679, 134043, 125001, 143394, 140280, 142469, 141885, 142078, 139645, 131676, 124946, 133988, 130175, 132005, 136659, 124514, 130337, 125188, 108282, 97525, 107936, 98769, 66567, 44]","[-12.3675, -13.0879, -13.3435, -12.7884, -12.7578, -13.3331, -13.6157, -14.0884, -14.4261, -15.3998, -15.3885, -15.872, -15.0294, -15.5796, -17.5975, -17.6085, -17.3004, -19.8453, -19.9688, -22.518, -27.1353, -33.6508, -42.8144, -49.2538, -74.2589, -90.6566, -106.6155, -43.9569]",29245,pick
BW_282_W6,planning_suite,W6,Qwen/Qwen2.5-7B,-1,28,"[0.9999, 1.0, 0.9999, 0.9999, 0.9996, 0.9995, 0.9994, 0.9993, 0.9992, 0.9993, 0.9993, 0.9993, 0.9993, 0.9993, 0.9993, 0.9993, 0.9992, 0.9992, 0.9988, 0.9984, 0.9982, 0.9983, 0.9984, 0.9984, 0.9987, 0.9987, 0.9986, 0.9981]","[144069, 146884, 146483, 144123, 133707, 133220, 122312, 142396, 138944, 141656, 141502, 141692, 139529, 131902, 125317, 134127, 128958, 130835, 133801, 120417, 129274, 125768, 111651, 98946, 108990, 98757, 67113, 46]","[-12.3805, -13.0838, -13.3493, -12.7899, -12.7266, -13.3323, -13.5828, -14.0872, -14.4438, -15.3741, -15.392, -15.9374, -15.0886, -15.5926, -17.5987, -17.686, -17.3511, -19.998, -20.0117, -22.5061, -27.4625, -34.7374, -44.4119, -51.0713, -76.292, -92.5131, -107.2518, -43.8019]",29245,pick
BW_310_W6,planning_suite,W6,Qwen/Qwen2.5-7B,-1,28,"[0.9999, 0.9999, 0.9999, 0.9998, 0.9996, 0.9995, 0.9994, 0.9993, 0.9991, 0.9992, 0.9992, 0.9992, 0.9992, 0.9993, 0.9994, 0.9993, 0.9992, 0.9993, 0.9988, 0.9984, 0.998, 0.9981, 0.9982, 0.9981, 0.9985, 0.9985, 0.9986, 0.9516]","[143946, 146590, 146491, 143551, 132658, 130956, 119544, 140509, 134659, 137674, 139259, 140599, 139012, 130284, 123401, 131562, 126266, 129614, 134310, 121186, 129336, 125600, 111838, 100246, 109096, 99073, 68511, 37]","[-12.3784, -13.0743, -13.3528, -12.778, -12.7196, -13.3199, -13.5733, -14.0724, -14.3916, -15.211, -15.3631, -15.9114, -15.1452, -15.5713, -17.6823, -17.5265, -17.1777, -19.8177, -20.0101, -22.3689, -27.6459, -34.865, -44.9261, -51.6033, -76.8919, -92.7814, -108.3483, -40.8266]",29245,pick
BW_331_W6,planning_suite,W6,Qwen/Qwen2.5-7B,-1,28,"[1.0, 1.0, 0.9999, 0.9999, 0.9998, 0.9998, 0.9997, 0.9997, 0.9997, 0.9997, 0.9997, 0.9997, 0.9996, 0.9996, 0.9996, 0.9995, 0.9993, 0.9993, 0.9989, 0.9985, 0.9983, 0.9983, 0.9983, 0.9983, 0.9986, 0.9986, 0.9986, 0.9985]","[144291, 146985, 146538, 143454, 132818, 132409, 125445, 143604, 139692, 142028, 141454, 141089, 139148, 131205, 125086, 133379, 128878, 130230, 133931, 119640, 128339, 125156, 111764, 98724, 107738, 97752, 66273, 44]","[-12.3828, -13.0884, -13.3578, -12.773, -12.7394, -13.2981, -13.6098, -14.1047, -14.4682, -15.3755, -15.3805, -15.8608, -15.0331, -15.474, -17.5537, -17.6405, -17.3968, -19.8947, -19.9417, -22.6404, -27.7766, -35.4999, -45.4022, -51.7606, -76.81, -93.2016, -107.6749, -45.332]",29245,pick
BW_350_W6,planning_suite,W6,Qwen/Qwen2.5-7B,-1,28,"[0.9999, 0.9999, 0.9999, 0.9998, 0.9997, 0.9997, 0.9997, 0.9996, 0.9994, 0.9995, 0.9995, 0.9994, 0.9993, 0.9993, 0.9993, 0.9992, 0.9991, 0.9991, 0.9985, 0.9981, 0.9978, 0.9979, 0.998, 0.998, 0.9984, 0.9984, 0.9984, 0.9459]","[143398, 146527, 146230, 143779, 132624, 132807, 124193, 142464, 139736, 141692, 141975, 142337, 139978, 132272, 126169, 135367, 130903, 131347, 136421, 126339, 131298, 125405, 109511, 97814, 108053, 96729, 65395, 43]","[-12.3685, -13.0899, -13.3483, -12.7844, -12.7188, -13.3001, -13.6036, -14.0806, -14.4603, -15.3647, -15.3651, -15.9415, -15.0285, -15.5607, -17.5292, -17.5307, -17.2679, -19.716, -19.9176, -22.5956, -27.465, -34.1928, -43.7191, -50.1339, -75.539, -90.894, -106.7133, -44.1514]",29245,pick
BW_408_W6,planning_suite,W6,Qwen/Qwen2.5-7B,-1,28,"[0.9999, 0.9999, 0.9998, 0.9997, 0.9996, 0.9996, 0.9995, 0.9995, 0.9995, 0.9996, 0.9996, 0.9996, 0.9995, 0.9996, 0.9996, 0.9996, 0.9995, 0.9995, 0.9991, 0.999, 0.9989, 0.999, 0.999, 0.999, 0.9991, 0.999, 0.9989, 0.9984]","[143604, 146690, 146484, 143239, 132610, 131974, 124866, 142413, 139356, 141644, 141371, 142381, 140660, 132163, 126242, 134739, 129828, 131577, 136048, 124245, 130066, 125507, 110307, 97881, 108115, 95827, 65407, 32]","[-12.3714, -13.0802, -13.3468, -12.7758, -12.7266, -13.2777, -13.6239, -14.0986, -14.4894, -15.3505, -15.3769, -15.924, -15.1146, -15.5304, -17.5793, -17.6617, -17.3131, -19.8577, -19.954, -22.4542, -27.3746, -34.2305, -43.9671, -50.2935, -75.5743, -91.2236, -107.0504, -38.8757]",29245,pick
BW_467_W6,planning_suite,W6,Qwen/Qwen2.5-7B,-1,28,"[0.9873, 0.9906, 0.9906, 0.9849, 0.9841, 0.9832, 0.9828, 0.9787, 0.9743, 0.9775, 0.9772, 0.9739, 0.9713, 0.9685, 0.9725, 0.9676, 0.9693, 0.9717, 0.9693, 0.9725, 0.9702, 0.9701, 0.9701, 0.9709, 0.9748, 0.9754, 0.9767, 0.8842]","[143453, 146382, 146201, 142893, 132321, 132752, 126997, 143958, 139639, 142403, 141351, 142441, 140378, 131396, 125222, 134422, 130207, 131817, 136694, 123791, 130519, 126368, 109832, 99309, 109137, 99164, 65869, 41]","[-12.3677, -13.0968, -13.3616, -12.7599, -12.7182, -13.2682, -13.6243, -14.1102, -14.4494, -15.3789, -15.3973, -15.87, -15.0839, -15.5899, -17.5521, -17.7074, -17.4147, -19.9763, -20.0396, -22.6313, -27.3197, -34.0415, -43.34, -49.6471, -74.596, -90.7586, -105.6561, -43.8312]",29245,pick
BW_495_W6,planning_suite,W6,Qwen/Qwen2.5-7B,-1,28,"[0.9999, 0.9999, 0.9999, 0.9999, 0.9998, 0.9997, 0.9997, 0.9997, 0.9995, 0.9996, 0.9996, 0.9996, 0.9995, 0.9995, 0.9995, 0.9995, 0.9993, 0.9994, 0.999, 0.9987, 0.9985, 0.9985, 0.9985, 0.9986, 0.9988, 0.9987, 0.9987, 0.9468]","[143857, 146837, 146494, 144097, 133191, 133003, 122019, 142464, 138778, 141972, 141594, 141827, 139459, 131570, 125178, 134048, 128810, 130484, 134656, 122325, 130209, 126518, 111947, 99961, 110245, 99365, 67936, 49]","[-12.377, -13.0721, -13.3396, -12.7895, -12.7207, -13.3277, -13.5691, -14.0756, -14.4104, -15.3629, -15.373, -15.9111, -15.063, -15.5769, -17.5676, -17.6717, -17.3024, -19.8969, -19.9837, -22.5916, -27.5311, -34.7319, -44.2609, -50.754, -75.9757, -92.3836, -107.273, -46.8595]",29245,pick
BW_E002_W6,planning_suite,W6,Qwen/Qwen2.5-7B,-1,28,"[0.973, 0.9774, 0.9758, 0.9647, 0.9616, 0.9673, 0.9549, 0.9483, 0.948, 0.9571, 0.9624, 0.9649, 0.969, 0.9723, 0.9778, 0.9772, 0.9791, 0.9822, 0.9821, 0.9837, 0.9851, 0.9873, 0.9882, 0.9885, 0.9901, 0.9909, 0.9917, 0.9883]","[143993, 146699, 146374, 143946, 132080, 132584, 122648, 143086, 139465, 142579, 141670, 141940, 139440, 131926, 125230, 133052, 128387, 130410, 135254, 121078, 130264, 126863, 114559, 102207, 110487, 100510, 67132, 51]","[-12.3773, -13.0695, -13.3401, -12.7894, -12.7216, -13.3092, -13.5707, -14.0863, -14.4393, -15.3989, -15.4292, -15.9015, -15.0781, -15.6424, -17.6899, -17.7514, -17.4236, -20.071, -20.1347, -22.4474, -27.3603, -34.8361, -44.7026, -50.9946, -76.2589, -91.7901, -105.8355, -48.6606]",29245,pick
BW_E015_W6,planning_suite,W6,Qwen/Qwen2.5-7B,-1,28,"[1.0, 1.0, 1.0, 1.0, 1.0, 1.0, 1.0, 1.0, 1.0, 1.0, 1.0, 1.0, 1.0, 1.0, 1.0, 1.0, 1.0, 1.0, 1.0, 1.0, 1.0, 1.0, 1.0, 1.0, 1.0, 1.0, 1.0, 1.0]","[151430, 151874, 151871, 151564, 151212, 151733, 151749, 151844, 151734, 151758, 151785, 151655, 151655, 151777, 151818, 151838, 151913, 151843, 151786, 151837, 151833, 151815, 151803, 151811, 151775, 151736, 150676, 29]","[-12.6084, -13.7873, -14.2232, -13.2295, -13.3229, -14.4072, -15.0744, -15.3852, -15.7683, -16.9776, -17.1789, -17.5123, -16.549, -17.8962, -21.0798, -20.7792, -21.1253, -23.9646, -23.6818, -27.9004, -33.2712, -42.8575, -57.3276, -66.6345, -96.8386, -116.9489, -131.4643, -40.4415]",359,un
BW_E017_W6,planning_suite,W6,Qwen/Qwen2.5-7B,-1,28,"[1.0, 1.0, 1.0, 1.0, 1.0, 1.0, 1.0, 1.0, 1.0, 1.0, 1.0, 1.0, 1.0, 1.0, 1.0, 1.0, 1.0, 1.0, 1.0, 1.0, 1.0, 1.0, 1.0, 1.0, 1.0, 1.0, 1.0, 1.0]","[144343, 146869, 146452, 143034, 132116, 132986, 125413, 143882, 139257, 142257, 141729, 141995, 139713, 130506, 124708, 133186, 127200, 128810, 133708, 116268, 126675, 124292, 111618, 100483, 108674, 100035, 67349, 52]","[-12.383, -13.1, -13.3653, -12.7698, -12.7328, -13.3095, -13.6222, -14.1267, -14.4532, -15.381, -15.4359, -15.9123, -15.0993, -15.5732, -17.5816, -17.602, -17.4254, -20.0176, -20.0865, -22.3042, -27.327, -34.4315, -44.2935, -49.9618, -75.2175, -90.6616, -104.8134, -49.5789]",29245,pick
BW_E019_W6,planning_suite,W6,Qwen/Qwen2.5-7B,-1,28,"[1.0, 1.0, 1.0, 1.0, 1.0, 1.0, 1.0, 1.0, 1.0, 1.0, 1.0, 1.0, 1.0, 1.0, 1.0, 1.0, 1.0, 1.0, 1.0, 1.0, 1.0, 1.0, 1.0, 1.0, 1.0, 1.0, 1.0, 1.0]","[151432, 151872, 151871, 151564, 151217, 151738, 151758, 151841, 151730, 151753, 151785, 151649, 151663, 151772, 151817, 151846, 151911, 151840, 151792, 151856, 151836, 151824, 151815, 151818, 151771, 151730, 150709, 36]","[-12.6078, -13.7868, -14.2459, -13.2377, -13.3341, -14.4034, -15.0859, -15.3588, -15.7098, -16.9485, -17.1555, -17.4149, -16.5162, -17.7841, -21.0035, -20.792, -21.0732, -23.8803, -23.5093, -27.8739, -33.3853, -42.5243, -56.3992, -65.3609, -94.4527, -115.5855, -131.007, -44.0093]",359,un
BW_E100_W6,planning_suite,W6,Qwen/Qwen2.5-7B,-1,28,"[0.9642, 0.9748, 0.973, 0.9596, 0.9538, 0.9546, 0.9418, 0.9341, 0.9348, 0.9473, 0.954, 0.9569, 0.9588, 0.9623, 0.9701, 0.9695, 0.9729, 0.9769, 0.976, 0.9783, 0.9803, 0.9831, 0.9834, 0.9835, 0.9858, 0.9863, 0.9872, 0.9725]","[144058, 146745, 146445, 144140, 132246, 132917, 123240, 143252, 139569, 142583, 141617, 141791, 139377, 130970, 124130, 132769, 127552, 129362, 134950, 122288, 130161, 126017, 112981, 101848, 110835, 101644, 69211, 50]","[-12.3782, -13.0744, -13.3427, -12.796, -12.7257, -13.3206, -13.5838, -14.0917, -14.4429, -15.3909, -15.4249, -15.8994, -15.0898, -15.6196, -17.6021, -17.734, -17.418, -20.0687, -20.2336, -22.7039, -27.5842, -34.5575, -44.4141, -50.6316, -75.7532, -91.7299, -106.9586, -46.1889]",29245,pick
MBW_001_W6,planning_suite,W6,Qwen/Qwen2.5-7B,-1,28,"[1.0, 1.0, 1.0, 1.0, 1.0, 1.0, 1.0, 1.0, 1.0, 1.0, 1.0, 1.0, 1.0, 1.0, 1.0, 1.0, 1.0, 1.0, 1.0, 1.0, 1.0, 1.0, 1.0, 1.0, 1.0, 1.0, 1.0, 1.0]","[114110, 110243, 111059, 108913, 100376, 114805, 101132, 96033, 80118, 90488, 83351, 72994, 72323, 83216, 92963, 104149, 97559, 96310, 90974, 96674, 93016, 97396, 95749, 77971, 77727, 62079, 44063, 10958]","[-12.1715, -12.6939, -12.8759, -12.3842, -12.3888, -12.9806, -13.1952, -13.1457, -13.1666, -14.0241, -14.1075, -14.1531, -13.5906, -14.245, -16.4599, -16.9809, -16.2508, -18.5756, -18.0825, -22.9619, -27.5334, -36.8191, -48.567, -53.724, -78.095, -90.4963, -102.2597, -59.5422]",20566,attack
MBW_002_W6,planning_suite,W6,Qwen/Qwen2.5-7B,-1,28,"[0.9999, 0.9999, 0.9998, 0.9997, 0.9996, 0.9997, 0.9996, 0.9996, 0.9996, 0.9997, 0.9997, 0.9996, 0.9996, 0.9995, 0.9995, 0.9995, 0.9993, 0.9992, 0.9981, 0.998, 0.9981, 0.9984, 0.9985, 0.9986, 0.9989, 0.9989, 0.999, 0.9981]","[118034, 112349, 112848, 114192, 103488, 114089, 107323, 101666, 90231, 93953, 82782, 76360, 74208, 93709, 100455, 112542, 102625, 98105, 88640, 90878, 89524, 95465, 96664, 77367, 77212, 60574, 43367, 8640]","[-12.1986, -12.6472, -12.8708, -12.4468, -12.439, -13.0179, -13.3317, -13.3082, -13.539, -14.2627, -14.1019, -14.4152, -13.656, -14.5491, -16.8104, -16.5917, -16.3586, -18.8171, -18.1387, -21.5563, -27.16, -35.9995, -48.2976, -51.8362, -76.2641, -87.3422, -98.6538, -55.3448]",20566,attack
MBW_010_W6,planning_suite,W6,Qwen/Qwen2.5-7B,-1,28,"[0.9999, 1.0, 0.9999, 0.9998, 0.9997, 0.9998, 0.9997, 0.9997, 0.9996, 0.9997, 0.9997, 0.9997, 0.9996, 0.9996, 0.9996, 0.9995, 0.9994, 0.9993, 0.9986, 0.9985, 0.9984, 0.9987, 0.9989, 0.9989, 0.9991, 0.9991, 0.9991, 0.9986]","[118339, 112403, 112501, 114672, 104177, 113844, 106791, 101341, 89365, 92512, 82297, 75653, 73886, 93426, 100074, 112646, 101898, 99346, 88134, 90699, 88434, 95611, 96370, 76876, 77001, 59535, 42403, 8492]","[-12.2013, -12.6513, -12.8598, -12.4469, -12.4451, -13.0091, -13.3166, -13.3127, -13.56, -14.2578, -14.1402, -14.4103, -13.6734, -14.5475, -16.8862, -16.6602, -16.3552, -18.7852, -18.031, -21.504, -26.8873, -35.823, -48.229, -51.8673, -76.5406, -87.6517, -99.3808, -54.9883]",20566,attack
MBW_014_W6,planning_suite,W6,Qwen/Qwen2.5-7B,-1,28,"[0.9999, 1.0, 1.0, 0.9999, 0.9999, 0.9999, 0.9999, 0.9999, 0.9999, 0.9999, 0.9999, 0.9999, 0.9998, 0.9998, 0.9997, 0.9996, 0.9995, 0.9995, 0.9987, 0.9983, 0.9982, 0.9984, 0.9986, 0.9986, 0.999, 0.9991, 0.9992, 0.9992]","[117561, 111910, 112872, 115882, 106292, 116134, 108894, 102984, 90754, 92802, 83956, 77043, 74943, 94523, 100030, 113710, 102017, 96925, 86808, 88274, 87246, 95180, 97184, 79194, 78481, 60491, 43979, 9195]","[-12.197, -12.6433, -12.8654, -12.4513, -12.462, -13.0193, -13.3209, -13.2986, -13.5507, -14.2521, -14.1936, -14.3924, -13.6668, -14.5711, -16.9002, -16.7355, -16.5977, -18.7203, -18.2391, -21.682, -26.9664, -36.0792, -48.611, -52.38, -77.0394, -87.8843, -100.3117, -55.3196]",20566,attack
MBW_037_W6,planning_suite,W6,Qwen/Qwen2.5-7B,-1,28,"[1.0, 0.9999, 0.9999, 0.9999, 0.9998, 0.9998, 0.9998, 0.9997, 0.9997, 0.9997, 0.9997, 0.9997, 0.9996, 0.9996, 0.9995, 0.9995, 0.9994, 0.9994, 0.9983, 0.9982, 0.9981, 0.9983, 0.9985, 0.9985, 0.9988, 0.9989, 0.999, 0.9982]","[117976, 112337, 113100, 116404, 105953, 115355, 108389, 103043, 90203, 93054, 83340, 76249, 74751, 94238, 100332, 113671, 102002, 97491, 86682, 89437, 87001, 95000, 96251, 77784, 77690, 59424, 42659, 9475]","[-12.1998, -12.6445, -12.86, -12.4549, -12.4592, -13.0234, -13.3333, -13.3209, -13.5407, -14.2576, -14.16, -14.4096, -13.6835, -14.5792, -16.913, -16.7989, -16.5451, -18.8567, -18.2994, -21.788, -26.9987, -36.2994, -48.6151, -52.5518, -77.3442, -88.1897, -99.3232, -57.2277]",20566,attack
MBW_10_W6,planning_suite,W6,Qwen/Qwen2.5-7B,-1,28,"[1.0, 1.0, 1.0, 1.0, 1.0, 1.0, 1.0, 1.0, 1.0, 1.0, 1.0, 1.0, 1.0, 1.0, 1.0, 1.0, 1.0, 1.0, 1.0, 1.0, 1.0, 1.0, 1.0, 1.0, 1.0, 1.0, 1.0, 1.0]","[114057, 109989, 110955, 109859, 102033, 115633, 101372, 97295, 80531, 90429, 84687, 74492, 72333, 84359, 93499, 103334, 95014, 94993, 89070, 95254, 92495, 97040, 96007, 79274, 78809, 62999, 44214, 11408]","[-12.1711, -12.6965, -12.8787, -12.3816, -12.3954, -12.9822, -13.2002, -13.1861, -13.2253, -14.0774, -14.1627, -14.2417, -13.6342, -14.2867, -16.6281, -17.0338, -16.3104, -18.5847, -18.1011, -22.8177, -27.4781, -36.6959, -48.83, -54.1891, -78.5113, -90.609, -102.128, -60.5392]",20566,attack
MBW_100_W6,planning_suite,W6,Qwen/Qwen2.5-7B,-1,28,"[1.0, 1.0, 1.0, 1.0, 1.0, 1.0, 1.0, 1.0, 1.0, 1.0, 1.0, 1.0, 1.0, 1.0, 1.0, 1.0, 1.0, 1.0, 1.0, 1.0, 1.0, 1.0, 1.0, 1.0, 1.0, 1.0, 1.0, 1.0]","[113750, 109846, 111470, 111688, 103950, 116716, 103380, 99227, 81436, 91372, 87014, 75033, 73428, 84253, 92797, 104057, 94665, 93933, 88480, 94463, 91723, 98174, 96549, 80341, 80593, 65044, 46620, 11776]","[-12.1716, -12.6936, -12.8767, -12.3984, -12.4173, -13.003, -13.2242, -13.2029, -13.2286, -14.1058, -14.2457, -14.2332, -13.6496, -14.2758, -16.5897, -17.1013, -16.3122, -18.6179, -18.2149, -23.0, -27.5966, -36.9812, -48.963, -54.5479, -79.2803, -91.8607, -103.7945, -58.9955]",20566,attack
MBW_127_W6,planning_suite,W6,Qwen/Qwen2.5-7B,-1,28,"[1.0, 1.0, 1.0, 1.0, 1.0, 1.0, 1.0, 1.0, 1.0, 1.0, 1.0, 1.0, 1.0, 1.0, 1.0, 1.0, 1.0, 1.0, 1.0, 1.0, 1.0, 1.0, 1.0, 1.0, 1.0, 1.0, 1.0, 1.0]","[114336, 110051, 110949, 109909, 101581, 114957, 100370, 96914, 80171, 90079, 83987, 72854, 71844, 83403, 92858, 102976, 94904, 94741, 88599, 94895, 91672, 96668, 95595, 79068, 78741, 63188, 44125, 10574]","[-12.1734, -12.699, -12.8764, -12.3844, -12.3906, -12.9719, -13.1879, -13.1731, -13.2044, -14.0542, -14.1372, -14.1659, -13.5987, -14.2087, -16.4944, -16.9861, -16.2205, -18.4933, -17.9939, -22.9041, -27.5396, -36.9838, -49.0352, -54.465, -78.8259, -91.1852, -102.7964, -59.27]",20566,attack
MBW_185_W6,planning_suite,W6,Qwen/Qwen2.5-7B,-1,28,"[1.0, 1.0, 1.0, 1.0, 1.0, 1.0, 1.0, 1.0, 1.0, 1.0, 1.0, 1.0, 1.0, 1.0, 1.0, 1.0, 1.0, 1.0, 1.0, 1.0, 1.0, 1.0, 1.0, 1.0, 1.0, 1.0, 1.0, 1.0]","[113246, 109370, 110485, 107000, 99120, 114722, 101054, 95084, 78598, 90670, 83181, 74189, 73364, 83001, 91963, 103488, 97336, 96547, 90822, 96836, 93174, 97272, 95535, 79026, 78602, 64293, 45564, 11321]","[-12.1665, -12.6875, -12.8722, -12.3701, -12.377, -12.983, -13.182, -13.1246, -13.1319, -14.0578, -14.1101, -14.2295, -13.6427, -14.2522, -16.3949, -16.9975, -16.3417, -18.5738, -18.0986, -23.0567, -27.6636, -36.7865, -48.5732, -54.0225, -78.1578, -90.9744, -103.2079, -59.2258]",20566,attack
MBW_495_W6,planning_suite,W6,Qwen/Qwen2.5-7B,-1,28,"[1.0, 0.9999, 0.9999, 0.9999, 0.9998, 0.9999, 0.9998, 0.9998, 0.9997, 0.9998, 0.9998, 0.9997, 0.9997, 0.9997, 0.9997, 0.9996, 0.9994, 0.9994, 0.9985, 0.9984, 0.9983, 0.9985, 0.9987, 0.9987, 0.9989, 0.999, 0.9991, 0.9983]","[118215, 112327, 112358, 114638, 103787, 113635, 106597, 100750, 89245, 92728, 82567, 75540, 73870, 93356, 100692, 112765, 101733, 98641, 87276, 89446, 87587, 94405, 96483, 77982, 77695, 60025, 43136, 8963]","[-12.2012, -12.6509, -12.8589, -12.4465, -12.4453, -13.0071, -13.3155, -13.3057, -13.5558, -14.2713, -14.1553, -14.3989, -13.6808, -14.5625, -16.9307, -16.7092, -16.3767, -18.8134, -18.053, -21.4767, -26.8951, -36.0355, -48.5841, -52.4528, -76.8456, -87.8888, -99.574, -56.0358]",20566,attack
BW_496_W6,planning_suite,W6,Qwen/Qwen2.5-7B,-1,28,"[0.9999, 0.9999, 0.9998, 0.9996, 0.9995, 0.9994, 0.9994, 0.9993, 0.9989, 0.9992, 0.9993, 0.9993, 0.9993, 0.9994, 0.9993, 0.9993, 0.9993, 0.9993, 0.9984, 0.9974, 0.9974, 0.9978, 0.9979, 0.9978, 0.9981, 0.9982, 0.9984, 0.9985]","[143537, 146564, 146242, 143318, 133667, 133447, 125279, 143123, 139268, 141966, 141967, 142183, 139689, 131769, 125583, 134974, 130275, 132145, 136571, 122789, 129735, 124874, 108922, 96353, 107205, 95751, 64787, 556]","[-12.3688, -13.087, -13.3457, -12.7766, -12.7404, -13.3202, -13.6275, -14.0897, -14.3921, -15.3795, -15.3895, -15.908, -15.0651, -15.6412, -17.6728, -17.6513, -17.3339, -19.8894, -19.9657, -22.4296, -26.8899, -33.4741, -42.5477, -48.8467, -74.3566, -90.4405, -106.1484, -20.647]",29245,pick
BW_497_W6,planning_suite,W6,Qwen/Qwen2.5-7B,-1,28,"[0.9998, 0.9998, 0.9998, 0.9997, 0.9995, 0.9995, 0.9995, 0.9995, 0.9992, 0.9994, 0.9994, 0.9995, 0.9994, 0.9993, 0.9994, 0.9993, 0.9991, 0.999, 0.9978, 0.9966, 0.9963, 0.9968, 0.9969, 0.997, 0.9976, 0.9979, 0.998, 0.9461]","[144146, 146861, 146437, 143004, 131848, 132754, 125543, 144113, 139848, 142509, 141347, 141485, 138982, 130887, 124231, 132413, 127531, 129279, 134611, 120091, 127858, 124818, 112775, 100556, 109274, 101059, 68467, 49]","[-12.3798, -13.0895, -13.3577, -12.7683, -12.7279, -13.3102, -13.6247, -14.131, -14.4634, -15.3926, -15.4347, -15.8906, -15.0687, -15.571, -17.5702, -17.7264, -17.4773, -20.0934, -20.3689, -22.7843, -27.5683, -34.7642, -45.0013, -51.0407, -76.2149, -92.5712, -107.039, -46.722]",29245,pick
BW_498_W6,planning_suite,W6,Qwen/Qwen2.5-7B,-1,28,"[0.9999, 0.9999, 0.9997, 0.9997, 0.9995, 0.9995, 0.9996, 0.9995, 0.9994, 0.9996, 0.9996, 0.9996, 0.9996, 0.9996, 0.9996, 0.9996, 0.9995, 0.9995, 0.9984, 0.9979, 0.9977, 0.9979, 0.9978, 0.9977, 0.998, 0.9982, 0.9983, 0.9432]","[143451, 146531, 146254, 143583, 134199, 133937, 124909, 143411, 139918, 142259, 141755, 142030, 139486, 131088, 124361, 133689, 129593, 131402, 136024, 123671, 129760, 125182, 108343, 97169, 107945, 97834, 66504, 42]","[-12.3664, -13.0822, -13.3376, -12.7856, -12.7501, -13.3318, -13.6139, -14.0907, -14.4156, -15.3816, -15.3786, -15.8695, -15.0232, -15.5483, -17.5455, -17.5813, -17.3107, -19.8305, -19.9601, -22.5446, -27.0944, -33.6391, -42.6424, -48.9013, -74.1678, -90.386, -106.4822, -43.5515]",29245,pick
BW_499_W6,planning_suite,W6,Qwen/Qwen2.5-7B,-1,28,"[0.9999, 0.9999, 0.9997, 0.9995, 0.9994, 0.9995, 0.9995, 0.9995, 0.9992, 0.9994, 0.9995, 0.9994, 0.9994, 0.9993, 0.9993, 0.9993, 0.9992, 0.9991, 0.9984, 0.998, 0.9974, 0.9977, 0.9977, 0.9978, 0.9982, 0.9984, 0.9985, 0.9456]","[144248, 146752, 146452, 143521, 132963, 133562, 123921, 143163, 139286, 142665, 142052, 141870, 139005, 131529, 124727, 133800, 129216, 131427, 135848, 121579, 130410, 126192, 111686, 100888, 109238, 100119, 67917, 54]","[-12.3791, -13.0764, -13.3514, -12.7702, -12.7227, -13.3397, -13.5884, -14.0779, -14.3869, -15.408, -15.434, -15.9287, -15.0663, -15.6618, -17.6649, -17.7657, -17.4798, -20.0516, -20.1858, -22.5098, -27.3386, -34.2835, -43.6883, -50.2161, -75.1326, -91.113, -106.0594, -48.619]",29245,pick
BW_500_W6,planning_suite,W6,Qwen/Qwen2.5-7B,-1,28,"[0.9999, 0.9999, 0.9997, 0.9995, 0.9994, 0.9993, 0.9993, 0.9992, 0.9991, 0.9993, 0.9993, 0.9993, 0.9993, 0.9992, 0.9994, 0.9993, 0.9992, 0.9993, 0.9984, 0.9979, 0.9975, 0.9978, 0.9977, 0.9975, 0.9979, 0.9981, 0.9983, 0.9497]","[143480, 146433, 146231, 143033, 132189, 132709, 127194, 143961, 139720, 142501, 141432, 142484, 140339, 131571, 125339, 134479, 130105, 132014, 136611, 123861, 130689, 126613, 110337, 98778, 108530, 97645, 64811, 36]","[-12.3687, -13.0984, -13.3646, -12.7612, -12.7156, -13.2659, -13.6261, -14.1056, -14.4511, -15.3831, -15.3964, -15.8636, -15.083, -15.5982, -17.5833, -17.7135, -17.4037, -19.9949, -20.0199, -22.5968, -27.3407, -34.1352, -43.3466, -49.716, -74.6621, -90.6991, -105.8485, -41.5675]",29245,pick
BW_501_W6,planning_suite,W6,Qwen/Qwen2.5-7B,-1,28,"[0.9999, 0.9999, 0.9997, 0.9995, 0.9995, 0.9993, 0.9993, 0.9992, 0.9991, 0.9993, 0.9992, 0.9993, 0.9993, 0.9992, 0.9994, 0.9994, 0.9992, 0.9992, 0.9985, 0.9979, 0.9978, 0.9981, 0.9981, 0.9981, 0.9984, 0.9985, 0.9986, 0.999]","[143463, 146399, 146217, 143005, 132303, 132722, 126955, 143982, 139761, 142414, 141402, 142519, 140400, 131567, 125386, 134494, 130245, 131923, 136438, 124111, 130613, 126263, 109866, 99097, 108544, 98657, 65396, 40]","[-12.3677, -13.0936, -13.3609, -12.7619, -12.7176, -13.2665, -13.6222, -14.1079, -14.45, -15.3857, -15.396, -15.8736, -15.0852, -15.5991, -17.5562, -17.7155, -17.4361, -20.0089, -20.0746, -22.6734, -27.4294, -34.2339, -43.3283, -49.8117, -74.7409, -90.7619, -105.8561, -43.4537]",29245,pick
BW_502_W6,planning_suite,W6,Qwen/Qwen2.5-7B,-1,28,"[0.9999, 0.9998, 0.9993, 0.9989, 0.9988, 0.999, 0.9991, 0.999, 0.9989, 0.9991, 0.9992, 0.9992, 0.9991, 0.9991, 0.9993, 0.9993, 0.9992, 0.999, 0.9981, 0.997, 0.9965, 0.9966, 0.9966, 0.9966, 0.9972, 0.9973, 0.9976, 0.9424]","[144037, 146744, 146460, 144141, 132231, 132939, 123323, 143307, 139558, 142583, 141596, 141809, 139361, 131087, 124293, 132904, 127911, 129752, 134380, 120363, 129097, 125031, 111875, 100458, 109522, 99975, 67304, 51]","[-12.3779, -13.0757, -13.3442, -12.7953, -12.725, -13.3212, -13.5841, -14.093, -14.4378, -15.387, -15.4269, -15.8961, -15.0843, -15.6317, -17.6374, -17.7448, -17.4846, -20.1291, -20.1937, -22.5723, -27.2402, -34.199, -43.7883, -50.0868, -75.1162, -91.0335, -105.6219, -48.4124]",29245,pick
BW_503_W6,planning_suite,W6,Qwen/Qwen2.5-7B,-1,28,"[0.9999, 0.9999, 0.9998, 0.9995, 0.9995, 0.9987, 0.9986, 0.9985, 0.9981, 0.9985, 0.9987, 0.9987, 0.9988, 0.999, 0.9992, 0.9992, 0.9991, 0.9991, 0.9976, 0.9968, 0.9965, 0.9969, 0.9968, 0.9969, 0.9975, 0.9977, 0.998, 0.9434]","[143524, 146596, 146303, 142881, 133737, 133272, 125960, 143470, 139638, 142113, 142008, 142486, 140052, 131532, 125255, 134563, 130384, 132008, 137481, 124822, 132079, 125992, 109758, 97868, 108037, 96570, 64555, 40]","[-12.3678, -13.0915, -13.3467, -12.7648, -12.7415, -13.3169, -13.6417, -14.1092, -14.4115, -15.3773, -15.4149, -15.9095, -15.078, -15.6181, -17.7179, -17.6254, -17.2812, -19.8364, -19.9627, -22.4204, -27.0887, -33.3603, -42.6705, -49.0765, -74.064, -89.8622, -104.9651, -42.3065]",29245,pick
BW_504_W6,planning_suite,W6,Qwen/Qwen2.5-7B,-1,28,"[0.9999, 0.9999, 0.9998, 0.9997, 0.9996, 0.9996, 0.9996, 0.9995, 0.9994, 0.9995, 0.9995, 0.9995, 0.9994, 0.9994, 0.9992, 0.9992, 0.9991, 0.9991, 0.9984, 0.9976, 0.9976, 0.9976, 0.9976, 0.9973, 0.9977, 0.9979, 0.9983, 0.9456]","[143742, 146718, 146532, 143736, 133534, 133273, 126921, 143596, 140507, 142757, 141410, 142195, 140288, 132056, 125444, 134729, 130028, 132157, 136464, 123556, 130496, 125989, 110121, 98000, 107874, 96878, 66147, 53]","[-12.3716, -13.0891, -13.3586, -12.7831, -12.7346, -13.268, -13.6133, -14.083, -14.4666, -15.4023, -15.3695, -15.8587, -15.0604, -15.5673, -17.6181, -17.7441, -17.4273, -20.0174, -20.1106, -22.5837, -27.3001, -34.0857, -43.3077, -49.6658, -74.6751, -90.9848, -106.4076, -48.2977]",29245,pick
BW_505_W6,planning_suite,W6,Qwen/Qwen2.5-7B,-1,28,"[0.9999, 0.9999, 0.9997, 0.9995, 0.9994, 0.9995, 0.9995, 0.9995, 0.9992, 0.9994, 0.9994, 0.9994, 0.9994, 0.9994, 0.9994, 0.9994, 0.9993, 0.9993, 0.9986, 0.9977, 0.9972, 0.9973, 0.9971, 0.9971, 0.9975, 0.9975, 0.9976, 0.94]","[144260, 146735, 146456, 143598, 132794, 133776, 124382, 143311, 139210, 142704, 142042, 141906, 139015, 131198, 124345, 133579, 128836, 130719, 135208, 120777, 129195, 124751, 110738, 100213, 108567, 99297, 67882, 58]","[-12.3804, -13.0854, -13.3592, -12.771, -12.7209, -13.3446, -13.5956, -14.0842, -14.3916, -15.4067, -15.4407, -15.9287, -15.0838, -15.6507, -17.6531, -17.7362, -17.4786, -20.0381, -20.1807, -22.5614, -27.2466, -34.1435, -43.2109, -49.8083, -74.6463, -90.4403, -105.8323, -49.8301]",29245,pick
BW_506_W6,planning_suite,W6,Qwen/Qwen2.5-7B,-1,28,"[0.9999, 0.9998, 0.9998, 0.9997, 0.9995, 0.9996, 0.9996, 0.9995, 0.9993, 0.9994, 0.9994, 0.9994, 0.9993, 0.9992, 0.9994, 0.9994, 0.9991, 0.999, 0.9975, 0.9961, 0.996, 0.9967, 0.9969, 0.9969, 0.9974, 0.9976, 0.9978, 0.9984]","[144129, 146842, 146391, 142931, 131529, 132578, 125478, 144065, 139744, 142439, 141294, 141404, 139003, 130590, 123779, 132398, 127027, 129077, 133411, 119747, 128198, 125364, 112817, 100286, 108842, 98357, 66535, 45]","[-12.3793, -13.0875, -13.3561, -12.7651, -12.7227, -13.3043, -13.62, -14.125, -14.4549, -15.3824, -15.4258, -15.8802, -15.0692, -15.5678, -17.5288, -17.732, -17.5358, -20.1501, -20.2569, -22.7878, -27.6155, -34.8317, -44.9952, -51.081, -76.1808, -92.2846, -106.4419, -45.9476]",29245,pick
BW_507_W6,planning_suite,W6,Qwen/Qwen2.5-7B,-1,28,"[0.9999, 0.9998, 0.9998, 0.9997, 0.9995, 0.9995, 0.9995, 0.9994, 0.9992, 0.9994, 0.9994, 0.9993, 0.9992, 0.9991, 0.9992, 0.9992, 0.9989, 0.9988, 0.9978, 0.9967, 0.9962, 0.9966, 0.9966, 0.9967, 0.9972, 0.9975, 0.9977, 0.9464]","[144087, 146844, 146392, 142894, 131775, 132418, 125047, 143972, 139772, 142486, 141339, 141574, 139152, 131634, 125109, 132931, 128113, 130494, 134852, 119999, 128873, 126220, 113584, 99973, 108279, 99440, 66665, 49]","[-12.3794, -13.0838, -13.3557, -12.7657, -12.727, -13.3006, -13.6128, -14.1255, -14.4639, -15.3951, -15.4339, -15.9001, -15.057, -15.5783, -17.6227, -17.7706, -17.5264, -20.1896, -20.2152, -22.6847, -27.4275, -35.0521, -45.1904, -51.3081, -76.5546, -92.4899, -106.4137, -46.963]",29245,pick
BW_508_W6,planning_suite,W6,Qwen/Qwen2.5-7B,-1,28,"[0.9999, 0.9998, 0.9997, 0.9995, 0.9994, 0.9995, 0.9995, 0.9995, 0.9993, 0.9994, 0.9994, 0.9994, 0.9994, 0.9994, 0.9993, 0.9993, 0.9992, 0.9992, 0.9983, 0.9973, 0.9968, 0.9968, 0.9966, 0.9967, 0.9972, 0.9974, 0.9975, 0.9427]","[144293, 146761, 146460, 143510, 132982, 133548, 123962, 143209, 139300, 142637, 142009, 141817, 138957, 131389, 124656, 133720, 129172, 131280, 135950, 121814, 130517, 125678, 111007, 100027, 108706, 99089, 66919, 51]","[-12.3801, -13.0751, -13.3524, -12.7714, -12.725, -13.3425, -13.5925, -14.0816, -14.3931, -15.4094, -15.4359, -15.9259, -15.0677, -15.6682, -17.6804, -17.766, -17.4806, -20.0676, -20.1844, -22.5629, -27.3484, -34.2749, -43.596, -50.1456, -75.1606, -90.9822, -105.6949, -48.1363]",29245,pick
BW_509_W6,planning_suite,W6,Qwen/Qwen2.5-7B,-1,28,"[0.9999, 0.9998, 0.9997, 0.9994, 0.9994, 0.9994, 0.9995, 0.9994, 0.9991, 0.9993, 0.9994, 0.9994, 0.9993, 0.9994, 0.9995, 0.9995, 0.9992, 0.9991, 0.9979, 0.9971, 0.9961, 0.9963, 0.9963, 0.9964, 0.9971, 0.9973, 0.9976, 0.9424]","[144280, 146746, 146439, 143544, 132884, 133712, 124375, 143169, 139253, 142617, 142088, 141800, 138967, 130657, 123678, 133322, 128095, 130195, 134754, 121702, 129987, 125904, 111622, 100886, 109695, 97900, 67299, 50]","[-12.3803, -13.0854, -13.3574, -12.7716, -12.7236, -13.346, -13.5992, -14.0749, -14.3826, -15.3953, -15.4395, -15.916, -15.0791, -15.6572, -17.5939, -17.7452, -17.5171, -20.0677, -20.2208, -22.6878, -27.4849, -34.2349, -43.4419, -49.7719, -74.607, -90.1167, -105.5329, -47.335]",29245,pick
BW_510_W6,planning_suite,W6,Qwen/Qwen2.5-7B,-1,28,"[0.9999, 0.9999, 0.9997, 0.9996, 0.9996, 0.9996, 0.9996, 0.9995, 0.9993, 0.9995, 0.9995, 0.9995, 0.9994, 0.9993, 0.9994, 0.9993, 0.9991, 0.9991, 0.9981, 0.9971, 0.9963, 0.9966, 0.9963, 0.9962, 0.9968, 0.9971, 0.9973, 0.9455]","[143734, 146705, 146515, 143673, 133418, 133314, 126748, 143530, 140359, 142702, 141349, 142260, 140300, 131803, 125459, 134787, 130413, 132284, 136309, 123154, 130160, 125778, 109736, 98161, 108131, 97694, 65471, 49]","[-12.3715, -13.0886, -13.3578, -12.7831, -12.7345, -13.2688, -13.614, -14.0869, -14.4674, -15.4062, -15.3771, -15.8683, -15.0639, -15.5866, -17.6221, -17.7559, -17.5074, -20.0939, -20.1857, -22.6295, -27.405, -34.2374, -43.4385, -49.9986, -75.0555, -91.3152, -106.3437, -47.1814]",29245,pick
BW_511_W6,planning_suite,W6,Qwen/Qwen2.5-7B,-1,28,"[0.9999, 0.9998, 0.9993, 0.9989, 0.9986, 0.9989, 0.9989, 0.9989, 0.9987, 0.9989, 0.999, 0.999, 0.9989, 0.999, 0.9992, 0.9992, 0.999, 0.9988, 0.9976, 0.9966, 0.9964, 0.9968, 0.997, 0.997, 0.9974, 0.9976, 0.9977, 0.9433]","[144041, 146705, 146405, 144058, 131941, 132753, 123168, 143115, 139401, 142491, 141617, 141741, 139300, 130801, 123804, 132461, 126692, 129098, 133499, 120788, 129479, 125807, 113148, 101363, 110026, 98597, 67133, 50]","[-12.3781, -13.0794, -13.3463, -12.7933, -12.7221, -13.3158, -13.5824, -14.0873, -14.4342, -15.3823, -15.4305, -15.8797, -15.091, -15.6328, -17.6036, -17.7177, -17.4679, -20.1172, -20.1791, -22.6928, -27.5622, -34.7074, -44.5829, -50.8348, -75.8331, -91.4768, -106.504, -46.8477]",29245,pick
BW_512_W6,planning_suite,W6,Qwen/Qwen2.5-7B,-1,28,"[0.9999, 0.9998, 0.9994, 0.9991, 0.9989, 0.997, 0.9969, 0.9969, 0.997, 0.9977, 0.9981, 0.9983, 0.9985, 0.9987, 0.9991, 0.9991, 0.9989, 0.999, 0.9983, 0.9974, 0.9971, 0.9972, 0.9971, 0.997, 0.9973, 0.9975, 0.9976, 0.9433]","[143899, 146711, 146409, 143004, 132654, 132851, 126804, 143993, 140445, 142738, 141570, 142244, 139966, 131403, 124594, 134081, 129364, 131280, 136961, 123345, 131080, 126419, 110714, 98133, 107428, 96669, 64950, 48]","[-12.3755, -13.0829, -13.3623, -12.7724, -12.7335, -13.2739, -13.6114, -14.0993, -14.4474, -15.3947, -15.4139, -15.8723, -15.0578, -15.5796, -17.5364, -17.7315, -17.4526, -20.0678, -20.19, -22.6473, -27.3642, -34.1156, -43.364, -49.6871, -74.9108, -90.7177, -105.2443, -47.2521]",29245,pick
BW_513_W6,planning_suite,W6,Qwen/Qwen2.5-7B,-1,28,"[0.9999, 0.9999, 0.9997, 0.9996, 0.9996, 0.9995, 0.9996, 0.9995, 0.9993, 0.9995, 0.9995, 0.9995, 0.9995, 0.9994, 0.9994, 0.9994, 0.9993, 0.9993, 0.9985, 0.9977, 0.9974, 0.9975, 0.9974, 0.9972, 0.9976, 0.9977, 0.998, 0.9456]","[143688, 146687, 146502, 143625, 133135, 133238, 126932, 143579, 140301, 142753, 141331, 142227, 140259, 131755, 125357, 134784, 130074, 132146, 136685, 124189, 130372, 125974, 110087, 97995, 107797, 97421, 66194, 52]","[-12.3713, -13.0906, -13.3589, -12.7798, -12.7297, -13.2683, -13.6157, -14.0874, -14.4694, -15.406, -15.3767, -15.859, -15.0637, -15.5745, -17.6211, -17.7551, -17.4776, -20.0675, -20.1806, -22.6901, -27.3827, -34.2962, -43.6339, -50.0064, -75.1397, -91.3495, -106.8644, -48.5982]",29245,pick
BW_514_W6,planning_suite,W6,Qwen/Qwen2.5-7B,-1,28,"[0.9999, 0.9998, 0.9994, 0.9992, 0.999, 0.9969, 0.9966, 0.9967, 0.9968, 0.9976, 0.9979, 0.9982, 0.9985, 0.9987, 0.9991, 0.9991, 0.9989, 0.999, 0.9982, 0.9974, 0.997, 0.9974, 0.9973, 0.9972, 0.9975, 0.9978, 0.9979, 0.9499]","[143868, 146684, 146372, 142886, 132670, 132811, 126907, 143827, 140357, 142624, 141591, 142207, 139884, 131010, 124025, 133711, 128832, 130906, 136928, 124314, 131399, 126948, 111599, 99525, 109204, 97959, 66619, 43]","[-12.3752, -13.0852, -13.363, -12.7698, -12.7339, -13.2729, -13.6128, -14.0895, -14.4419, -15.3896, -15.4255, -15.877, -15.0578, -15.5816, -17.5067, -17.7229, -17.4628, -20.054, -20.2137, -22.7347, -27.4983, -34.2603, -43.8949, -50.0265, -75.3221, -91.3509, -106.0696, -44.2819]",29245,pick
BW_515_W6,planning_suite,W6,Qwen/Qwen2.5-7B,-1,28,"[0.9999, 0.9998, 0.9994, 0.9991, 0.9989, 0.9968, 0.9965, 0.9965, 0.9966, 0.9973, 0.9977, 0.9981, 0.9983, 0.9985, 0.9988, 0.9988, 0.9986, 0.9986, 0.9977, 0.9968, 0.9963, 0.9966, 0.9968, 0.9967, 0.9972, 0.9974, 0.9977, 0.9464]","[143868, 146723, 146372, 142841, 132724, 132522, 126399, 143806, 140358, 142655, 141502, 142202, 139978, 131511, 124893, 134189, 129802, 131592, 137437, 123892, 131830, 126929, 111298, 98728, 107822, 96869, 65476, 49]","[-12.3747, -13.0755, -13.357, -12.7688, -12.7348, -13.2656, -13.6049, -14.0912, -14.4394, -15.394, -15.4082, -15.8685, -15.0437, -15.5733, -17.5544, -17.7503, -17.443, -20.0253, -20.1239, -22.6095, -27.537, -34.3967, -43.829, -50.1675, -75.4282, -91.0768, -105.8269, -46.6188]",29245,pick
BW_E_001_W6,planning_suite,W6,Qwen/Qwen2.5-7B,-1,28,"[0.9998, 0.9998, 0.9994, 0.9992, 0.999, 0.9968, 0.9966, 0.9966, 0.9966, 0.9973, 0.9978, 0.998, 0.9983, 0.9986, 0.9989, 0.9989, 0.9989, 0.9989, 0.9984, 0.9978, 0.9975, 0.9976, 0.9976, 0.9974, 0.9977, 0.9979, 0.9981, 0.9987]","[143914, 146730, 146403, 143027, 132639, 132850, 127016, 143979, 140459, 142784, 141578, 142266, 139949, 131353, 124684, 134224, 129688, 131298, 136766, 123365, 131236, 126659, 111355, 98224, 107708, 96443, 65185, 46]","[-12.3758, -13.0813, -13.3616, -12.7713, -12.7321, -13.2714, -13.612, -14.0955, -14.4501, -15.3962, -15.4182, -15.8647, -15.0457, -15.5711, -17.526, -17.7337, -17.442, -20.0237, -20.1, -22.5277, -27.3117, -34.111, -43.3889, -49.573, -74.8496, -90.6181, -105.3759, -46.0471]",29245,pick
BW_E_002_W6,planning_suite,W6,Qwen/Qwen2.5-7B,-1,28,"[0.9999, 0.9998, 0.9993, 0.9991, 0.999, 0.9991, 0.9992, 0.9991, 0.9991, 0.9992, 0.9993, 0.9993, 0.9993, 0.9992, 0.9994, 0.9994, 0.9992, 0.9991, 0.9983, 0.9971, 0.996, 0.9962, 0.9959, 0.996, 0.9966, 0.9968, 0.9967, 0.9422]","[144059, 146780, 146477, 144176, 132458, 132859, 122891, 143240, 139647, 142641, 141682, 141886, 139457, 131584, 124847, 133407, 128124, 130295, 135243, 120772, 129393, 125376, 111541, 99598, 108801, 99472, 66814, 52]","[-12.3776, -13.0685, -13.3423, -12.7987, -12.7301, -13.3183, -13.5783, -14.0961, -14.4498, -15.3983, -15.427, -15.9119, -15.0783, -15.6227, -17.6375, -17.7904, -17.4858, -20.1327, -20.1937, -22.5678, -27.3795, -34.4534, -44.1219, -50.5186, -75.571, -91.3689, -105.8768, -48.8397]",29245,pick
BW_E_003_W6,planning_suite,W6,Qwen/Qwen2.5-7B,-1,28,"[0.9999, 0.9998, 0.9997, 0.9994, 0.9993, 0.9994, 0.9995, 0.9994, 0.9992, 0.9993, 0.9994, 0.9994, 0.9993, 0.9994, 0.9995, 0.9995, 0.9993, 0.9993, 0.9982, 0.9973, 0.997, 0.9972, 0.9973, 0.9973, 0.9977, 0.9978, 0.998, 0.9442]","[144265, 146756, 146461, 143714, 132702, 133745, 124593, 143349, 139448, 142828, 142143, 141878, 138902, 130734, 123733, 133490, 128372, 130364, 134845, 121673, 129900, 126031, 111995, 100949, 109591, 97945, 67268, 49]","[-12.3798, -13.086, -13.3596, -12.774, -12.72, -13.3421, -13.5956, -14.0764, -14.3922, -15.4037, -15.4375, -15.9035, -15.0742, -15.643, -17.599, -17.7476, -17.4978, -20.0562, -20.2056, -22.6779, -27.5107, -34.3527, -43.6819, -50.151, -75.0019, -90.6542, -105.9049, -46.2379]",29245,pick
BW_E_004_W6,planning_suite,W6,Qwen/Qwen2.5-7B,-1,28,"[0.9999, 0.9999, 0.9997, 0.9994, 0.9994, 0.9993, 0.9993, 0.9992, 0.999, 0.9992, 0.9992, 0.9993, 0.9993, 0.9992, 0.9993, 0.9992, 0.9991, 0.999, 0.9982, 0.9976, 0.9975, 0.9978, 0.9977, 0.9974, 0.9979, 0.9981, 0.9983, 0.999]","[143513, 146468, 146228, 142900, 132328, 132427, 126630, 143807, 139641, 142378, 141362, 142371, 140307, 131524, 125453, 134323, 130172, 132353, 137121, 124264, 130855, 126696, 110101, 98869, 108781, 98167, 65287, 37]","[-12.3681, -13.087, -13.3562, -12.759, -12.719, -13.2628, -13.6208, -14.1071, -14.4456, -15.3851, -15.3908, -15.8647, -15.0725, -15.5999, -17.5997, -17.7147, -17.4041, -19.9809, -20.0456, -22.5223, -27.3155, -34.213, -43.4587, -49.7057, -74.6773, -90.8591, -105.9693, -41.7766]",29245,pick
BW_E_005_W6,planning_suite,W6,Qwen/Qwen2.5-7B,-1,28,"[0.9999, 0.9998, 0.9997, 0.9995, 0.9994, 0.9995, 0.9995, 0.9995, 0.9993, 0.9995, 0.9995, 0.9995, 0.9995, 0.9995, 0.9994, 0.9995, 0.9993, 0.9993, 0.9986, 0.998, 0.9976, 0.9976, 0.9975, 0.9975, 0.9979, 0.998, 0.9982, 0.9983]","[144321, 146792, 146473, 143572, 133107, 133638, 124094, 143230, 139295, 142646, 142019, 141835, 138982, 131460, 124729, 133793, 129264, 131434, 135877, 121608, 130606, 126010, 110980, 100020, 108597, 99179, 67173, 53]","[-12.3803, -13.076, -13.3546, -12.773, -12.726, -13.3441, -13.5942, -14.0824, -14.3866, -15.4065, -15.4328, -15.9308, -15.0719, -15.6634, -17.6804, -17.7764, -17.4977, -20.066, -20.1816, -22.5429, -27.3101, -34.2515, -43.446, -49.9639, -74.9451, -90.6752, -105.6733, -48.8397]",29245,pick
MBW_496_W6,planning_suite,W6,Qwen/Qwen2.5-7B,-1,28,"[0.9981, 0.9984, 0.9981, 0.9967, 0.9961, 0.9962, 0.9964, 0.9959, 0.9943, 0.9957, 0.9954, 0.9948, 0.9933, 0.9904, 0.9905, 0.9896, 0.9866, 0.9862, 0.9777, 0.9685, 0.965, 0.966, 0.9592, 0.9552, 0.956, 0.9535, 0.9141, 0.8452]","[143515, 146547, 146233, 143313, 134018, 133803, 124983, 143175, 139807, 142187, 141724, 142006, 139473, 130997, 124291, 133725, 129446, 131310, 135595, 123680, 129619, 125271, 108776, 96928, 107745, 96317, 65472, 499]","[-12.3673, -13.0853, -13.337, -12.7784, -12.7466, -13.3272, -13.6138, -14.0801, -14.4077, -15.3759, -15.3848, -15.8644, -15.028, -15.5698, -17.5457, -17.6143, -17.3583, -19.8711, -19.9866, -22.5666, -27.2261, -33.7694, -42.7002, -48.9679, -74.1899, -90.1126, -106.168, -19.4452]",29245,pick
MBW_497_W6,planning_suite,W6,Qwen/Qwen2.5-7B,-1,28,"[0.9981, 0.9984, 0.9981, 0.9965, 0.996, 0.9962, 0.9965, 0.996, 0.9944, 0.9958, 0.9955, 0.995, 0.9936, 0.9907, 0.9908, 0.9898, 0.9869, 0.9865, 0.9775, 0.9686, 0.9663, 0.9668, 0.96, 0.9557, 0.9562, 0.9535, 0.9136, 0.7581]","[143465, 146530, 146248, 143472, 134342, 133986, 125072, 143242, 139729, 142230, 141704, 142062, 139578, 131155, 124592, 133791, 129998, 131821, 136531, 124244, 130146, 125237, 108283, 96407, 107571, 97813, 66290, 41]","[-12.3674, -13.0871, -13.3374, -12.7816, -12.7505, -13.3297, -13.6162, -14.0818, -14.403, -15.3774, -15.3841, -15.8596, -15.0265, -15.5654, -17.5669, -17.5971, -17.3191, -19.8473, -19.9881, -22.5086, -27.0727, -33.6064, -42.5997, -48.8073, -73.8494, -90.1312, -106.0175, -43.7105]",29245,pick
MBW_498_W6,planning_suite,W6,Qwen/Qwen2.5-7B,-1,28,"[0.9977, 0.9982, 0.9976, 0.9958, 0.9955, 0.994, 0.9941, 0.9938, 0.9932, 0.9949, 0.9948, 0.9946, 0.9934, 0.99, 0.9899, 0.989, 0.9862, 0.986, 0.9773, 0.9687, 0.9664, 0.9665, 0.9587, 0.9531, 0.9532, 0.9509, 0.9096, 0.8389]","[143593, 146628, 146295, 142883, 134096, 133221, 125616, 143527, 139829, 142268, 142156, 142541, 139978, 131580, 125375, 134516, 130105, 131953, 136386, 122586, 130313, 124923, 109008, 96004, 106874, 95085, 64241, 525]","[-12.3686, -13.0828, -13.3412, -12.7643, -12.7466, -13.3085, -13.6302, -14.1069, -14.4151, -15.3986, -15.4167, -15.8974, -15.0565, -15.6088, -17.7369, -17.6434, -17.2503, -19.7897, -19.817, -22.2482, -26.9905, -33.7044, -42.8126, -48.9819, -74.3641, -90.0741, -105.6721, -20.3629]",29245,pick
MBW_499_W6,planning_suite,W6,Qwen/Qwen2.5-7B,-1,28,"[0.9981, 0.9986, 0.9983, 0.9975, 0.9972, 0.9965, 0.9963, 0.9958, 0.9953, 0.9965, 0.9962, 0.9955, 0.9942, 0.9913, 0.991, 0.9902, 0.987, 0.9868, 0.9768, 0.9676, 0.966, 0.9672, 0.9612, 0.9562, 0.9576, 0.9548, 0.9141, 0.7619]","[143506, 146448, 146241, 143053, 132483, 132772, 127188, 144001, 139919, 142480, 141460, 142371, 140215, 131554, 125393, 134423, 130252, 132128, 137022, 124002, 129906, 126093, 109726, 98441, 108237, 97976, 66037, 40]","[-12.3686, -13.0951, -13.3622, -12.7612, -12.7197, -13.2695, -13.6288, -14.1122, -14.457, -15.3891, -15.3986, -15.8676, -15.0811, -15.5984, -17.5818, -17.711, -17.3943, -19.9667, -20.0249, -22.5636, -27.2097, -34.0068, -43.223, -49.4985, -74.6532, -90.692, -106.1521, -43.7763]",29245,pick
MBW_500_W6,planning_suite,W6,Qwen/Qwen2.5-7B,-1,28,"[0.998, 0.9985, 0.9981, 0.9968, 0.9963, 0.9963, 0.9965, 0.9959, 0.9942, 0.9956, 0.9954, 0.9949, 0.9937, 0.9906, 0.9906, 0.9897, 0.9868, 0.9866, 0.9772, 0.9676, 0.9649, 0.9654, 0.9575, 0.9535, 0.954, 0.952, 0.9118, 0.754]","[143495, 146538, 146267, 143596, 134407, 134072, 124897, 143380, 140007, 142287, 141749, 142094, 139527, 131168, 124728, 133929, 130268, 131986, 136336, 123727, 129702, 124714, 107825, 96239, 107227, 97455, 65664, 45]","[-12.3674, -13.086, -13.3392, -12.7856, -12.7512, -13.3311, -13.6122, -14.0891, -14.4218, -15.3948, -15.3832, -15.8698, -15.0257, -15.5647, -17.5658, -17.5942, -17.3303, -19.8813, -20.0056, -22.4825, -27.0287, -33.5875, -42.5015, -48.8588, -73.967, -90.1323, -105.7733, -44.1232]",29245,pick
