problem_id,problem_family,variant_type,model,crystallization_layer,n_layers_processed,layer_cosine_similarities,target_rank_per_layer,target_logprob_per_layer,target_token_id,target_token_decoded
GSM_001,arithmetic_reasoning,canonical,meta-llama/Llama-3.1-8B-Instruct,-1,32,"[0.9117, 0.8903, 0.9107, 0.91, 0.928, 0.9253, 0.9288, 0.9247, 0.9262, 0.9365, 0.9266, 0.9233, 0.9371, 0.913, 0.8728, 0.8441, 0.8354, 0.8337, 0.8411, 0.845, 0.8444, 0.851, 0.8395, 0.8426, 0.8471, 0.8306, 0.8317, 0.8194, 0.8205, 0.7884, 0.7793, 0.7583]","[57411, 42581, 37036, 98392, 91496, 126313, 126084, 110785, 96612, 63674, 76772, 93651, 73287, 121926, 51613, 75761, 18480, 43530, 38596, 20165, 8287, 5175, 1536, 1233, 1150, 864, 488, 337, 253, 115, 81, 47]","[-11.7605, -11.7552, -11.749, -11.7863, -11.7898, -11.9004, -11.8913, -11.832, -11.81, -11.7654, -11.7856, -11.8123, -11.7825, -11.9218, -11.7433, -11.7921, -11.637, -11.7113, -11.6833, -11.5684, -11.4436, -11.3185, -11.1305, -11.0124, -10.889, -10.8357, -10.5711, -10.4252, -10.0854, -9.629, -8.971, -6.4438]",3971,51
GSM_002,arithmetic_reasoning,canonical,meta-llama/Llama-3.1-8B-Instruct,-1,32,"[0.9418, 0.9284, 0.9367, 0.9236, 0.9342, 0.9262, 0.9303, 0.9327, 0.9327, 0.9429, 0.9396, 0.9386, 0.9477, 0.9192, 0.8664, 0.8391, 0.8472, 0.8466, 0.852, 0.8557, 0.8504, 0.868, 0.8683, 0.8697, 0.8726, 0.8585, 0.8717, 0.8612, 0.8552, 0.8351, 0.8523, 0.8991]","[39065, 75278, 81705, 102333, 113796, 111417, 109171, 114596, 109292, 108493, 101786, 80164, 115164, 115352, 110218, 100517, 64167, 28944, 38168, 18784, 21380, 13917, 7298, 5188, 2176, 986, 369, 221, 477, 450, 228, 260]","[-11.7564, -11.7653, -11.7705, -11.7896, -11.8198, -11.8328, -11.8279, -11.8424, -11.8358, -11.8455, -11.8317, -11.7904, -11.88, -11.8865, -11.8691, -11.8517, -11.7686, -11.6662, -11.6848, -11.5717, -11.5774, -11.4577, -11.3299, -11.2212, -11.0198, -10.9317, -10.5417, -10.3982, -10.3048, -10.2582, -9.5243, -6.9396]",966,30
GSM_003,arithmetic_reasoning,canonical,meta-llama/Llama-3.1-8B-Instruct,-1,32,"[0.9078, 0.8851, 0.9177, 0.9153, 0.945, 0.948, 0.9531, 0.9544, 0.9563, 0.9572, 0.9507, 0.9426, 0.9532, 0.9427, 0.9378, 0.9323, 0.934, 0.9302, 0.9371, 0.9362, 0.9315, 0.9367, 0.9364, 0.9363, 0.9377, 0.9261, 0.9316, 0.9214, 0.9229, 0.9171, 0.9113, 0.9166]","[5808, 27151, 48864, 37223, 62420, 102235, 72384, 54865, 84562, 34674, 51260, 49658, 78808, 71070, 65586, 73952, 17129, 7319, 15898, 7490, 7508, 4197, 763, 188, 430, 111, 114, 104, 40, 22, 13, 9]","[-11.7431, -11.749, -11.7552, -11.745, -11.7616, -11.815, -11.7742, -11.7528, -11.7923, -11.72, -11.7455, -11.7438, -11.7933, -11.78, -11.7694, -11.7884, -11.6331, -11.5453, -11.5778, -11.4732, -11.4608, -11.3176, -11.038, -10.7383, -10.7369, -10.5576, -10.3033, -10.2245, -9.5222, -9.0329, -8.2919, -5.762]",3965,150
GSM_004,arithmetic_reasoning,canonical,meta-llama/Llama-3.1-8B-Instruct,-1,32,"[0.8982, 0.8909, 0.9093, 0.9041, 0.9274, 0.923, 0.9285, 0.928, 0.9226, 0.9316, 0.9267, 0.9226, 0.9369, 0.9258, 0.9141, 0.8756, 0.8673, 0.8543, 0.846, 0.848, 0.8351, 0.8437, 0.8295, 0.8183, 0.8101, 0.7878, 0.7967, 0.7762, 0.7701, 0.7336, 0.7463, 0.7651]","[18831, 37989, 22059, 73640, 109097, 88333, 107674, 120229, 114626, 122818, 126193, 62379, 29483, 55599, 80741, 51275, 31994, 59038, 31587, 8689, 7077, 2120, 661, 358, 406, 329, 358, 619, 230, 190, 69, 155]","[-11.7506, -11.7534, -11.7396, -11.7689, -11.8142, -11.7954, -11.8249, -11.8612, -11.8506, -11.9015, -11.939, -11.7627, -11.7008, -11.7506, -11.8002, -11.7387, -11.6875, -11.756, -11.6599, -11.4928, -11.4625, -11.2499, -11.0594, -10.8519, -10.7463, -10.7604, -10.5193, -10.5977, -10.1874, -10.0039, -9.3425, -7.4196]",12463,216
GSM_005,arithmetic_reasoning,canonical,meta-llama/Llama-3.1-8B-Instruct,-1,32,"[0.858, 0.8475, 0.8872, 0.8914, 0.9178, 0.921, 0.9244, 0.9228, 0.9164, 0.9212, 0.9112, 0.8993, 0.9097, 0.8902, 0.8679, 0.8187, 0.8126, 0.8074, 0.8041, 0.8022, 0.7909, 0.7975, 0.7916, 0.7941, 0.7926, 0.7678, 0.7826, 0.7619, 0.7681, 0.7378, 0.7346, 0.7411]","[53098, 26179, 62431, 113179, 108399, 118766, 107794, 104201, 112336, 112615, 117336, 78083, 69319, 91958, 102783, 46514, 12917, 21056, 16863, 8076, 7961, 7398, 5225, 3617, 3089, 3567, 1163, 965, 329, 314, 199, 125]","[-11.7595, -11.7488, -11.7614, -11.8017, -11.8108, -11.8519, -11.8221, -11.8193, -11.8416, -11.8516, -11.8711, -11.7858, -11.7758, -11.8212, -11.8476, -11.729, -11.6112, -11.6344, -11.5865, -11.4846, -11.4663, -11.3864, -11.2863, -11.1535, -11.0516, -11.0906, -10.7163, -10.6798, -10.1823, -10.0538, -9.4402, -7.0346]",4370,54
GSM_006,arithmetic_reasoning,canonical,meta-llama/Llama-3.1-8B-Instruct,-1,32,"[0.9319, 0.9143, 0.93, 0.9173, 0.9402, 0.9413, 0.941, 0.9394, 0.9317, 0.9373, 0.9305, 0.9256, 0.9376, 0.9261, 0.9024, 0.8668, 0.851, 0.8326, 0.8281, 0.8202, 0.8123, 0.8179, 0.8144, 0.8109, 0.8102, 0.7848, 0.7866, 0.7653, 0.7513, 0.7184, 0.7155, 0.6931]","[121967, 85723, 70678, 113528, 84755, 68194, 40055, 47675, 103929, 87095, 65615, 41163, 100975, 77906, 52130, 91605, 44967, 46048, 50672, 23842, 8214, 7547, 6437, 3444, 8975, 9934, 10074, 1511, 1797, 2559, 944, 326]","[-11.7799, -11.7687, -11.7651, -11.802, -11.7834, -11.7692, -11.7357, -11.7445, -11.8226, -11.8011, -11.7678, -11.7301, -11.8398, -11.7924, -11.7445, -11.8316, -11.7218, -11.7192, -11.7245, -11.5934, -11.4588, -11.3732, -11.3101, -11.1546, -11.2524, -11.2686, -11.1848, -10.7633, -10.6081, -10.6473, -10.166, -8.4011]",22048,546
GSM_007,arithmetic_reasoning,canonical,meta-llama/Llama-3.1-8B-Instruct,-1,32,"[0.9058, 0.8893, 0.9096, 0.9158, 0.9291, 0.9258, 0.9288, 0.927, 0.9247, 0.9349, 0.9266, 0.9233, 0.9353, 0.9197, 0.9013, 0.8512, 0.8349, 0.8155, 0.818, 0.8227, 0.8173, 0.8294, 0.824, 0.8283, 0.8315, 0.8075, 0.8176, 0.8128, 0.8164, 0.7936, 0.7998, 0.8595]","[44848, 84607, 78228, 114716, 120761, 113883, 108969, 113999, 114111, 110946, 100044, 72789, 106164, 110258, 100218, 116299, 96031, 79448, 70516, 49434, 51282, 34854, 13172, 6687, 6853, 4730, 1085, 397, 168, 156, 115, 41]","[-11.7578, -11.7683, -11.7687, -11.8038, -11.8383, -11.8392, -11.8257, -11.8391, -11.8462, -11.8477, -11.8256, -11.778, -11.852, -11.8694, -11.8418, -11.9186, -11.8498, -11.8131, -11.7939, -11.7159, -11.7204, -11.621, -11.4238, -11.2518, -11.1874, -11.1445, -10.7233, -10.4762, -9.9594, -9.8777, -9.2818, -6.1372]",966,30
GSM_008,arithmetic_reasoning,canonical,meta-llama/Llama-3.1-8B-Instruct,-1,32,"[0.9471, 0.9322, 0.9377, 0.932, 0.9375, 0.9317, 0.9366, 0.9342, 0.9323, 0.9406, 0.9369, 0.9361, 0.9477, 0.929, 0.8965, 0.8633, 0.8428, 0.8352, 0.8128, 0.808, 0.7858, 0.788, 0.7738, 0.7684, 0.759, 0.7292, 0.7513, 0.7406, 0.7386, 0.7265, 0.7395, 0.7873]","[52019, 107019, 118958, 116083, 66111, 120187, 110739, 95935, 115038, 61276, 92455, 17289, 25678, 57703, 24760, 62288, 28021, 30988, 44524, 34374, 18364, 10130, 7965, 3222, 1415, 821, 92, 58, 42, 24, 13, 8]","[-11.7592, -11.7773, -11.797, -11.8054, -11.765, -11.8621, -11.8334, -11.8078, -11.8505, -11.7616, -11.8119, -11.6789, -11.691, -11.7549, -11.6838, -11.7641, -11.6748, -11.6703, -11.7067, -11.6577, -11.5647, -11.4398, -11.3502, -11.1584, -10.9645, -10.8775, -10.2304, -10.0463, -9.6397, -9.366, -8.434, -6.0722]",4278,102
GSM_009,arithmetic_reasoning,canonical,meta-llama/Llama-3.1-8B-Instruct,-1,32,"[0.9186, 0.9018, 0.9172, 0.9162, 0.9335, 0.924, 0.925, 0.9223, 0.9189, 0.93, 0.9196, 0.9148, 0.9273, 0.9019, 0.8743, 0.8378, 0.8363, 0.8323, 0.8289, 0.8362, 0.828, 0.8329, 0.8216, 0.8165, 0.8142, 0.7942, 0.8072, 0.7928, 0.8017, 0.7821, 0.7762, 0.7994]","[62914, 93607, 66267, 111290, 107806, 120518, 124467, 103393, 105074, 101436, 118107, 125708, 94235, 100109, 94998, 114958, 41473, 43284, 20692, 10654, 9353, 14112, 19014, 11104, 7091, 4655, 1629, 2237, 671, 225, 227, 226]","[-11.7615, -11.7716, -11.7631, -11.7991, -11.8116, -11.8632, -11.8818, -11.8194, -11.8272, -11.8282, -11.8756, -11.9287, -11.8215, -11.8395, -11.8285, -11.9109, -11.7135, -11.7113, -11.6012, -11.4963, -11.4723, -11.4648, -11.4863, -11.3464, -11.2075, -11.1383, -10.7708, -10.8304, -10.3608, -9.9092, -9.4607, -7.1746]",2491,49
GSM_010,arithmetic_reasoning,canonical,meta-llama/Llama-3.1-8B-Instruct,-1,32,"[0.9062, 0.8905, 0.9201, 0.9187, 0.9284, 0.9305, 0.9355, 0.9324, 0.9305, 0.9366, 0.9327, 0.9291, 0.9351, 0.9199, 0.8946, 0.8741, 0.8687, 0.855, 0.8592, 0.8567, 0.8503, 0.8525, 0.8539, 0.8518, 0.858, 0.8374, 0.8495, 0.8403, 0.8456, 0.8236, 0.8195, 0.8641]","[74733, 70508, 38505, 52546, 109105, 126011, 127370, 128033, 126509, 114554, 125962, 122499, 124903, 126032, 124817, 127133, 125129, 102910, 104372, 105607, 97204, 102737, 99228, 77172, 50683, 26748, 32399, 16574, 13179, 4979, 2318, 1023]","[-11.764, -11.7638, -11.7496, -11.755, -11.812, -11.8933, -11.9097, -11.9513, -11.9107, -11.8558, -11.9326, -11.8966, -11.9369, -11.9682, -11.959, -12.0397, -12.021, -11.8922, -11.9315, -11.9712, -11.9372, -12.0418, -12.0838, -11.9152, -11.703, -11.483, -11.5101, -11.2848, -11.1239, -10.7903, -10.4458, -8.7407]",19445,885
GSM_011,arithmetic_reasoning,canonical,meta-llama/Llama-3.1-8B-Instruct,-1,32,"[0.8821, 0.8664, 0.8986, 0.8948, 0.9183, 0.9174, 0.923, 0.9232, 0.9242, 0.9345, 0.9286, 0.927, 0.9389, 0.9183, 0.8836, 0.8609, 0.8546, 0.8494, 0.8603, 0.8609, 0.8533, 0.8561, 0.8502, 0.8575, 0.8586, 0.8401, 0.8519, 0.8445, 0.8498, 0.8314, 0.8229, 0.8537]","[63375, 44376, 48681, 94122, 113417, 104733, 110900, 96371, 82448, 109094, 68584, 98786, 118819, 103211, 46274, 55121, 36300, 60969, 43654, 22294, 17556, 17078, 7161, 8903, 11306, 7964, 3624, 13787, 2154, 938, 417, 281]","[-11.7617, -11.7555, -11.7548, -11.7829, -11.8205, -11.8191, -11.8299, -11.8063, -11.7885, -11.8429, -11.7726, -11.8212, -11.8973, -11.8457, -11.7335, -11.7481, -11.7005, -11.7607, -11.6994, -11.583, -11.5429, -11.4884, -11.3219, -11.2977, -11.2717, -11.2151, -10.944, -11.2356, -10.6008, -10.3572, -9.8132, -7.1765]",4218,86
GSM_012,arithmetic_reasoning,canonical,meta-llama/Llama-3.1-8B-Instruct,-1,32,"[0.8807, 0.869, 0.8997, 0.8936, 0.9103, 0.9151, 0.9253, 0.9248, 0.9215, 0.9327, 0.9288, 0.9275, 0.9405, 0.925, 0.8913, 0.8749, 0.8731, 0.8741, 0.8837, 0.8797, 0.8669, 0.8759, 0.8745, 0.8801, 0.8829, 0.8713, 0.8762, 0.8659, 0.8738, 0.8597, 0.8462, 0.8731]","[84031, 34824, 98544, 90119, 83896, 101787, 117742, 88392, 80863, 54332, 81582, 31364, 56411, 78278, 22589, 39369, 56666, 21410, 35488, 23001, 6707, 5133, 3227, 3459, 3822, 1505, 773, 773, 116, 52, 92, 395]","[-11.7661, -11.7522, -11.7797, -11.7799, -11.7813, -11.8129, -11.8457, -11.7945, -11.7861, -11.7512, -11.7929, -11.7122, -11.7536, -11.7921, -11.6778, -11.7129, -11.7506, -11.6365, -11.6757, -11.5951, -11.4535, -11.34, -11.2107, -11.1505, -11.0778, -10.9526, -10.6434, -10.6353, -9.8725, -9.4933, -8.9693, -7.1056]",5932,81
GSM_013,arithmetic_reasoning,canonical,meta-llama/Llama-3.1-8B-Instruct,-1,32,"[0.886, 0.8705, 0.9015, 0.8983, 0.9178, 0.9171, 0.9234, 0.9234, 0.9205, 0.9304, 0.9236, 0.9196, 0.9337, 0.9181, 0.8915, 0.8672, 0.8675, 0.8598, 0.8619, 0.8623, 0.8534, 0.8566, 0.8556, 0.8472, 0.8425, 0.8191, 0.8327, 0.8188, 0.8187, 0.7913, 0.7994, 0.8739]","[92990, 111740, 122390, 125534, 117913, 121510, 115317, 60502, 64104, 84732, 108736, 115621, 106179, 111340, 40563, 37013, 31383, 10704, 20427, 10518, 8555, 8640, 5369, 4191, 4910, 4058, 1037, 740, 376, 283, 222, 406]","[-11.7682, -11.7801, -11.8035, -11.8315, -11.8298, -11.8636, -11.8391, -11.7597, -11.7643, -11.7966, -11.8449, -11.8635, -11.8496, -11.87, -11.7225, -11.7081, -11.687, -11.5744, -11.6056, -11.5092, -11.4693, -11.4072, -11.2904, -11.179, -11.1402, -11.1302, -10.681, -10.5529, -10.1042, -10.0199, -9.4165, -7.0683]",1954,90
GSM_014,arithmetic_reasoning,canonical,meta-llama/Llama-3.1-8B-Instruct,-1,32,"[0.9027, 0.8875, 0.9084, 0.9129, 0.9356, 0.9327, 0.9366, 0.9338, 0.9257, 0.9257, 0.9151, 0.9092, 0.9231, 0.911, 0.8935, 0.8629, 0.864, 0.8645, 0.869, 0.86, 0.854, 0.8599, 0.8541, 0.861, 0.8588, 0.8443, 0.8544, 0.8451, 0.8543, 0.8376, 0.8464, 0.9112]","[74845, 71006, 47655, 70561, 81309, 101327, 94001, 85268, 70077, 76983, 84473, 68930, 70011, 77966, 29009, 43998, 9561, 2652, 6517, 11786, 3290, 5023, 1414, 1920, 2564, 1905, 445, 453, 88, 50, 48, 20]","[-11.764, -11.7639, -11.7545, -11.7668, -11.7793, -11.814, -11.8017, -11.7905, -11.7723, -11.7853, -11.7968, -11.7719, -11.7772, -11.7935, -11.694, -11.7236, -11.5953, -11.489, -11.5032, -11.533, -11.3937, -11.3503, -11.155, -11.0947, -11.0569, -11.0535, -10.6496, -10.5662, -9.8681, -9.6552, -8.967, -5.7307]",2031,70
GSM_015,arithmetic_reasoning,canonical,meta-llama/Llama-3.1-8B-Instruct,-1,32,"[0.8709, 0.8606, 0.8962, 0.8873, 0.9205, 0.9227, 0.928, 0.9262, 0.9274, 0.9363, 0.9321, 0.9283, 0.9389, 0.9214, 0.9085, 0.8895, 0.8798, 0.8591, 0.8589, 0.8657, 0.8565, 0.8645, 0.8629, 0.8624, 0.8599, 0.8388, 0.8466, 0.8254, 0.8267, 0.79, 0.7627, 0.7305]","[81873, 20154, 46852, 109670, 115858, 94089, 126911, 124113, 122401, 123713, 124222, 72417, 67984, 82752, 70098, 64821, 34997, 16808, 7599, 21958, 37106, 41243, 33547, 27102, 24273, 20380, 10452, 13923, 3997, 1478, 442, 229]","[-11.7656, -11.7461, -11.754, -11.7973, -11.8271, -11.8019, -11.9006, -11.8779, -11.8747, -11.8997, -11.9108, -11.778, -11.7734, -11.8009, -11.7783, -11.7684, -11.6961, -11.6119, -11.5071, -11.5824, -11.6547, -11.6585, -11.5991, -11.5305, -11.4711, -11.4367, -11.2096, -11.281, -10.8526, -10.6017, -9.9404, -7.6365]",18384,354
GSM_016,arithmetic_reasoning,canonical,meta-llama/Llama-3.1-8B-Instruct,-1,32,"[0.8741, 0.8632, 0.9047, 0.9021, 0.9223, 0.9266, 0.9344, 0.9322, 0.9317, 0.9343, 0.9335, 0.9281, 0.9367, 0.9132, 0.8846, 0.843, 0.8489, 0.8585, 0.8669, 0.8668, 0.8592, 0.8628, 0.8666, 0.8704, 0.8771, 0.8611, 0.8673, 0.8637, 0.8764, 0.8673, 0.8805, 0.9269]","[43222, 6368, 62824, 110613, 90730, 123090, 106170, 102128, 93359, 115467, 104079, 99271, 99223, 105375, 120306, 113802, 68181, 34456, 42619, 42153, 49343, 48221, 37122, 20033, 17248, 18656, 5560, 1641, 347, 412, 468, 994]","[-11.7573, -11.7347, -11.7615, -11.7977, -11.7883, -11.8723, -11.8209, -11.8159, -11.8043, -11.8585, -11.8348, -11.8215, -11.8313, -11.8553, -11.9158, -11.8965, -11.7771, -11.686, -11.7, -11.6889, -11.7147, -11.6979, -11.6225, -11.464, -11.3911, -11.4418, -11.1189, -10.8448, -10.2606, -10.2765, -9.7865, -8.7506]",20,5
GSM_017,arithmetic_reasoning,canonical,meta-llama/Llama-3.1-8B-Instruct,-1,32,"[0.8732, 0.8607, 0.8978, 0.8773, 0.918, 0.9204, 0.9239, 0.9234, 0.9156, 0.9236, 0.9178, 0.9071, 0.9207, 0.9092, 0.8887, 0.8497, 0.843, 0.8252, 0.8211, 0.8151, 0.8014, 0.7951, 0.7966, 0.7798, 0.7705, 0.7413, 0.7485, 0.7256, 0.7424, 0.7097, 0.7166, 0.7742]","[115350, 112584, 90148, 116018, 102656, 100129, 119591, 121203, 119971, 67030, 95202, 46107, 111714, 124556, 122143, 123872, 113695, 125482, 109294, 103964, 114830, 92899, 84864, 88540, 88805, 82203, 64505, 48173, 35850, 24392, 8836, 951]","[-11.7757, -11.7804, -11.7751, -11.8055, -11.8037, -11.8112, -11.851, -11.8634, -11.8654, -11.7698, -11.8169, -11.7384, -11.8675, -11.9488, -11.9284, -11.9725, -11.9214, -12.0788, -11.9715, -11.9722, -12.0781, -11.9617, -11.9401, -12.0035, -12.0604, -11.9866, -11.8677, -11.7074, -11.5626, -11.3928, -10.9497, -8.3964]",20275,922
GSM_018,arithmetic_reasoning,canonical,meta-llama/Llama-3.1-8B-Instruct,-1,32,"[0.9213, 0.9082, 0.9309, 0.9256, 0.9348, 0.9319, 0.9325, 0.9333, 0.9373, 0.9449, 0.9446, 0.9427, 0.9546, 0.9418, 0.9189, 0.8678, 0.8605, 0.8451, 0.8545, 0.8526, 0.8476, 0.8509, 0.8486, 0.8514, 0.8516, 0.8334, 0.8409, 0.8231, 0.831, 0.8152, 0.7996, 0.8048]","[57782, 61436, 58233, 81063, 84147, 123701, 113169, 120701, 97338, 90966, 53712, 18437, 31160, 86822, 52962, 20838, 3722, 5534, 18970, 11390, 11781, 11308, 3771, 3007, 3437, 4883, 3092, 699, 238, 135, 163, 119]","[-11.7605, -11.761, -11.7594, -11.7738, -11.7829, -11.8794, -11.8361, -11.8634, -11.8107, -11.8068, -11.7495, -11.682, -11.7034, -11.8118, -11.7459, -11.6619, -11.5359, -11.5296, -11.5948, -11.5179, -11.5083, -11.4445, -11.2439, -11.1443, -11.0883, -11.1245, -10.9231, -10.6037, -10.0239, -9.6972, -9.2374, -6.958]",1691,21
GSM_019,arithmetic_reasoning,canonical,meta-llama/Llama-3.1-8B-Instruct,-1,32,"[0.8847, 0.8753, 0.9119, 0.9067, 0.9178, 0.9188, 0.9282, 0.9242, 0.9216, 0.9273, 0.9254, 0.9204, 0.9305, 0.9048, 0.8665, 0.8217, 0.8222, 0.8222, 0.823, 0.8254, 0.8205, 0.8296, 0.8284, 0.8424, 0.8493, 0.8315, 0.8505, 0.8452, 0.8608, 0.839, 0.8442, 0.9015]","[12565, 12288, 66145, 104945, 100955, 117356, 116152, 107901, 113784, 126861, 104556, 98414, 95175, 67982, 38022, 14858, 36267, 18753, 13729, 11840, 10726, 9624, 2458, 846, 339, 224, 49, 23, 19, 14, 13, 9]","[-11.7479, -11.7407, -11.7632, -11.7934, -11.802, -11.8474, -11.8421, -11.8267, -11.8462, -11.941, -11.8346, -11.8203, -11.8222, -11.7735, -11.7169, -11.6413, -11.7009, -11.624, -11.5659, -11.5252, -11.5017, -11.4318, -11.2043, -10.9422, -10.6751, -10.7181, -10.1584, -9.7877, -9.1909, -9.0396, -8.3435, -5.5213]",18,3
GSM_020,arithmetic_reasoning,canonical,meta-llama/Llama-3.1-8B-Instruct,-1,32,"[0.9028, 0.8881, 0.915, 0.9095, 0.9216, 0.9213, 0.9252, 0.9281, 0.9281, 0.9404, 0.9367, 0.9334, 0.9436, 0.928, 0.8949, 0.8612, 0.8583, 0.841, 0.8412, 0.8414, 0.8303, 0.8406, 0.8458, 0.848, 0.8371, 0.8056, 0.817, 0.7998, 0.8069, 0.7831, 0.7623, 0.8052]","[25782, 29409, 46846, 68788, 50725, 114120, 117115, 117520, 110475, 67662, 58672, 76866, 70972, 97086, 49169, 60209, 50977, 50635, 48840, 45117, 44737, 16806, 16976, 10347, 8819, 16163, 5049, 3475, 853, 461, 420, 636]","[-11.7528, -11.7503, -11.7542, -11.7655, -11.7513, -11.8383, -11.8428, -11.8478, -11.8353, -11.7708, -11.7575, -11.7846, -11.7789, -11.8332, -11.7387, -11.7597, -11.7379, -11.7338, -11.719, -11.6957, -11.6895, -11.4813, -11.4356, -11.2943, -11.2091, -11.3535, -10.9937, -10.8921, -10.3521, -10.128, -9.6805, -7.5306]",1187,24
GSM_041,arithmetic_reasoning,canonical,meta-llama/Llama-3.1-8B-Instruct,-1,32,"[0.9252, 0.9221, 0.9475, 0.945, 0.962, 0.9658, 0.9685, 0.9672, 0.9604, 0.9609, 0.9622, 0.9589, 0.9664, 0.9615, 0.9561, 0.9404, 0.9437, 0.9376, 0.9437, 0.9381, 0.9337, 0.9385, 0.938, 0.9406, 0.9397, 0.9326, 0.9355, 0.9267, 0.9213, 0.909, 0.9003, 0.9161]","[4599, 28874, 51519, 38033, 49184, 95103, 70015, 71610, 78678, 42244, 60893, 54607, 64921, 91157, 62871, 75662, 36621, 34593, 29462, 9437, 8875, 3511, 438, 282, 499, 243, 115, 55, 162, 93, 122, 125]","[-11.7417, -11.7497, -11.7563, -11.7451, -11.7494, -11.8038, -11.7716, -11.7738, -11.7842, -11.7331, -11.761, -11.7515, -11.7679, -11.8181, -11.764, -11.7913, -11.7012, -11.6849, -11.6513, -11.5054, -11.4896, -11.3092, -10.9812, -10.8093, -10.7618, -10.6968, -10.3095, -10.0574, -9.894, -9.5698, -8.9057, -5.9435]",3965,150
GSM_042,arithmetic_reasoning,canonical,meta-llama/Llama-3.1-8B-Instruct,-1,32,"[0.927, 0.9245, 0.9423, 0.9441, 0.9594, 0.9633, 0.9661, 0.9671, 0.9637, 0.9645, 0.9629, 0.959, 0.969, 0.9554, 0.9476, 0.9382, 0.9394, 0.9367, 0.9367, 0.9387, 0.937, 0.94, 0.9334, 0.9383, 0.9387, 0.9323, 0.9387, 0.9299, 0.9156, 0.8963, 0.896, 0.9286]","[102881, 73790, 28194, 36385, 67665, 107165, 94823, 107193, 60918, 84128, 39294, 58335, 113321, 125574, 73668, 105090, 123718, 117948, 114090, 107248, 86416, 75178, 37520, 26430, 22964, 12223, 4058, 1969, 247, 358, 85, 14]","[-11.7711, -11.7648, -11.744, -11.7442, -11.7665, -11.8231, -11.8031, -11.8251, -11.7604, -11.7966, -11.7264, -11.7567, -11.8735, -11.9559, -11.7848, -11.87, -11.9988, -11.9813, -11.9977, -11.9942, -11.8826, -11.8521, -11.6101, -11.4972, -11.4312, -11.3024, -10.9327, -10.7642, -10.166, -10.1457, -9.2966, -5.9315]",16544,282
GSM_043,arithmetic_reasoning,canonical,meta-llama/Llama-3.1-8B-Instruct,-1,32,"[0.9277, 0.9257, 0.943, 0.9444, 0.9592, 0.9632, 0.966, 0.9663, 0.9629, 0.9629, 0.9621, 0.958, 0.9668, 0.9571, 0.9509, 0.9227, 0.9076, 0.9049, 0.9132, 0.9125, 0.9118, 0.9159, 0.9187, 0.9222, 0.9229, 0.9147, 0.928, 0.9183, 0.8965, 0.8792, 0.8814, 0.9227]","[55865, 19905, 75336, 120740, 93611, 124906, 124814, 89209, 81048, 119332, 117237, 117926, 116180, 113413, 114288, 86145, 5432, 13163, 12704, 18202, 15392, 937, 681, 535, 464, 266, 214, 288, 242, 95, 58, 82]","[-11.7601, -11.7459, -11.7672, -11.8139, -11.7918, -11.8854, -11.8822, -11.7967, -11.7877, -11.8792, -11.8745, -11.8753, -11.887, -11.8809, -11.8864, -11.8187, -11.5513, -11.5947, -11.5589, -11.566, -11.542, -11.1755, -11.048, -10.868, -10.7077, -10.5984, -10.2791, -10.3502, -10.0968, -9.6206, -9.1258, -6.5057]",23,8
GSM_044,arithmetic_reasoning,canonical,meta-llama/Llama-3.1-8B-Instruct,-1,32,"[0.9032, 0.8994, 0.9311, 0.9297, 0.9518, 0.9594, 0.964, 0.9632, 0.958, 0.9594, 0.955, 0.947, 0.9579, 0.9346, 0.915, 0.9015, 0.9075, 0.9113, 0.9205, 0.9191, 0.914, 0.9199, 0.9156, 0.9239, 0.9285, 0.9216, 0.9304, 0.9274, 0.9234, 0.9132, 0.9019, 0.9215]","[83526, 65222, 78200, 117738, 93337, 91281, 94099, 105412, 56149, 35896, 58598, 87192, 98582, 71252, 73447, 33562, 5216, 8749, 9599, 4339, 4417, 1317, 973, 668, 515, 295, 158, 275, 704, 393, 242, 143]","[-11.766, -11.7621, -11.7687, -11.8073, -11.791, -11.7974, -11.8008, -11.821, -11.7543, -11.7221, -11.7569, -11.8004, -11.83, -11.7791, -11.7831, -11.7004, -11.5504, -11.5622, -11.5347, -11.4339, -11.4258, -11.2217, -11.1222, -10.9585, -10.7787, -10.7481, -10.3466, -10.4047, -10.3731, -10.1508, -9.5359, -6.2024]",2946,59
GSM_045,arithmetic_reasoning,canonical,meta-llama/Llama-3.1-8B-Instruct,-1,32,"[0.9199, 0.9133, 0.9343, 0.9321, 0.9506, 0.959, 0.964, 0.965, 0.9606, 0.9607, 0.9558, 0.9492, 0.9606, 0.9447, 0.9333, 0.9105, 0.9064, 0.9054, 0.9132, 0.9096, 0.9014, 0.9086, 0.9117, 0.9188, 0.9222, 0.9179, 0.9259, 0.9219, 0.9275, 0.9175, 0.904, 0.9189]","[30775, 45094, 50825, 93319, 70317, 64553, 9696, 3875, 10807, 19860, 33161, 8877, 19576, 6428, 477, 989, 144, 1573, 520, 523, 251, 237, 503, 350, 715, 236, 651, 1604, 2113, 1477, 503, 255]","[-11.7544, -11.7559, -11.756, -11.7821, -11.7687, -11.7647, -11.6768, -11.643, -11.6714, -11.6882, -11.7153, -11.651, -11.6748, -11.6108, -11.4907, -11.4887, -11.3904, -11.447, -11.32, -11.2545, -11.1703, -11.0037, -10.9649, -10.7654, -10.751, -10.548, -10.4885, -10.6566, -10.5462, -10.407, -9.8453, -7.2594]",7261,112
GSM_046,arithmetic_reasoning,canonical,meta-llama/Llama-3.1-8B-Instruct,-1,32,"[0.9184, 0.9119, 0.9365, 0.934, 0.9549, 0.9558, 0.9544, 0.9536, 0.9503, 0.9503, 0.9482, 0.942, 0.9482, 0.9195, 0.8937, 0.8858, 0.8922, 0.8934, 0.9022, 0.8996, 0.8942, 0.8972, 0.8996, 0.9031, 0.9059, 0.895, 0.9062, 0.903, 0.9116, 0.895, 0.8984, 0.9346]","[94756, 59902, 12000, 27740, 65175, 117386, 122165, 108191, 58346, 42833, 72577, 35133, 18091, 17405, 27600, 3924, 2439, 36418, 27148, 22338, 13905, 33276, 22131, 15736, 5534, 7238, 1625, 2019, 266, 108, 251, 171]","[-11.7687, -11.7605, -11.7303, -11.7372, -11.7641, -11.8491, -11.863, -11.8268, -11.7571, -11.7332, -11.7792, -11.7204, -11.6729, -11.6656, -11.6938, -11.5612, -11.5101, -11.6901, -11.6396, -11.6003, -11.532, -11.6194, -11.5137, -11.4078, -11.1758, -11.241, -10.8539, -10.8575, -10.1374, -9.8096, -9.6183, -6.4539]",7994,121
GSM_047,arithmetic_reasoning,canonical,meta-llama/Llama-3.1-8B-Instruct,-1,32,"[0.9221, 0.9121, 0.9355, 0.9352, 0.957, 0.9628, 0.963, 0.9607, 0.9564, 0.9584, 0.9576, 0.9537, 0.9635, 0.9604, 0.9533, 0.9363, 0.9317, 0.9248, 0.9273, 0.9236, 0.9161, 0.919, 0.914, 0.9159, 0.9155, 0.9002, 0.9041, 0.8944, 0.8867, 0.8698, 0.8623, 0.876]","[99222, 94650, 92638, 108377, 73224, 62241, 57761, 47433, 49153, 22461, 52386, 53588, 47950, 85113, 21455, 86670, 16471, 24393, 15366, 9843, 5343, 12911, 2739, 7279, 9502, 4944, 2168, 2908, 4366, 1148, 755, 445]","[-11.7697, -11.772, -11.7761, -11.7977, -11.7722, -11.7621, -11.7566, -11.7438, -11.7444, -11.6918, -11.7472, -11.7494, -11.738, -11.8065, -11.6737, -11.8191, -11.6255, -11.6482, -11.572, -11.4933, -11.4188, -11.4568, -11.1997, -11.258, -11.2349, -11.1283, -10.8324, -10.8603, -10.81, -10.4113, -10.06, -7.7062]",15633,510
GSM_048,arithmetic_reasoning,canonical,meta-llama/Llama-3.1-8B-Instruct,-1,32,"[0.9006, 0.8979, 0.9305, 0.9275, 0.9513, 0.9612, 0.9641, 0.962, 0.9567, 0.9564, 0.9544, 0.9489, 0.9596, 0.9529, 0.9394, 0.9231, 0.9234, 0.9187, 0.9207, 0.9153, 0.9082, 0.9086, 0.9053, 0.9037, 0.9022, 0.8793, 0.8848, 0.8719, 0.8584, 0.8382, 0.8376, 0.8354]","[98889, 90359, 73786, 113960, 112435, 88766, 124751, 106450, 125296, 119184, 115133, 49300, 85013, 125523, 104163, 60774, 27235, 53873, 48828, 46901, 21510, 29716, 10496, 3748, 3892, 3436, 2786, 722, 2627, 628, 243, 75]","[-11.7698, -11.7705, -11.7667, -11.8025, -11.818, -11.7945, -11.8768, -11.8239, -11.8952, -11.8719, -11.8611, -11.743, -11.8034, -11.9565, -11.8516, -11.7603, -11.671, -11.7422, -11.7217, -11.7062, -11.58, -11.5909, -11.3878, -11.1907, -11.1261, -11.1101, -10.9463, -10.6865, -10.7262, -10.2864, -9.6313, -7.2105]",11056,206
GSM_049,arithmetic_reasoning,canonical,meta-llama/Llama-3.1-8B-Instruct,-1,32,"[0.8965, 0.8913, 0.9228, 0.9244, 0.9494, 0.9523, 0.9534, 0.955, 0.947, 0.9539, 0.9551, 0.9508, 0.9597, 0.9503, 0.9323, 0.9113, 0.9098, 0.9074, 0.9102, 0.9052, 0.9021, 0.9095, 0.9087, 0.91, 0.9131, 0.8989, 0.9055, 0.8963, 0.8959, 0.8857, 0.8842, 0.9034]","[108815, 88683, 88398, 109179, 109817, 121075, 126027, 123622, 125334, 119324, 126761, 123962, 108194, 102734, 24603, 28390, 12745, 5184, 4485, 2927, 3423, 6504, 4635, 2394, 2748, 1011, 647, 877, 1785, 742, 229, 206]","[-11.7729, -11.7698, -11.7738, -11.7964, -11.8138, -11.8627, -11.8892, -11.8778, -11.895, -11.8754, -11.9438, -11.9054, -11.8558, -11.8457, -11.6842, -11.6836, -11.6073, -11.5223, -11.4681, -11.3962, -11.3877, -11.3783, -11.2837, -11.1203, -11.057, -10.9241, -10.6836, -10.7137, -10.6345, -10.3503, -9.5718, -6.9907]",11256,178
GSM_050,arithmetic_reasoning,canonical,meta-llama/Llama-3.1-8B-Instruct,-1,32,"[0.9401, 0.9364, 0.9527, 0.9492, 0.9627, 0.9642, 0.9653, 0.9684, 0.9654, 0.9637, 0.9587, 0.952, 0.9617, 0.9581, 0.9512, 0.9376, 0.9373, 0.9288, 0.9313, 0.9192, 0.9139, 0.9164, 0.9143, 0.9149, 0.9173, 0.9084, 0.9141, 0.9063, 0.8993, 0.8862, 0.8828, 0.8981]","[91437, 76725, 75587, 99358, 105789, 87722, 100270, 90182, 106179, 78538, 38937, 34086, 30334, 100305, 58430, 96357, 25041, 33123, 52304, 39278, 31998, 30586, 25044, 16119, 15185, 13064, 3093, 1586, 126, 153, 116, 22]","[-11.7678, -11.7657, -11.7674, -11.787, -11.8079, -11.793, -11.8102, -11.7964, -11.8287, -11.7875, -11.7258, -11.7182, -11.7029, -11.8409, -11.756, -11.8431, -11.6656, -11.6825, -11.7339, -11.6788, -11.6424, -11.6076, -11.5492, -11.4348, -11.3795, -11.3531, -10.9786, -10.8356, -9.8863, -9.917, -9.3214, -6.0463]",508,20
GSM_051,arithmetic_reasoning,canonical,meta-llama/Llama-3.1-8B-Instruct,-1,32,"[0.955, 0.9462, 0.9587, 0.9483, 0.9618, 0.965, 0.968, 0.9662, 0.9635, 0.9662, 0.9636, 0.9573, 0.9647, 0.948, 0.93, 0.9149, 0.9096, 0.9072, 0.9078, 0.9118, 0.9058, 0.9014, 0.9012, 0.8978, 0.9004, 0.8889, 0.8924, 0.8876, 0.8839, 0.8742, 0.8788, 0.9081]","[74264, 34723, 85789, 114172, 110253, 121456, 116130, 114660, 106170, 73063, 94944, 111007, 95779, 122111, 120091, 97662, 65988, 57365, 66501, 41710, 40882, 21776, 11417, 11235, 11488, 7513, 5860, 1556, 397, 216, 99, 35]","[-11.7639, -11.7522, -11.7726, -11.8031, -11.8148, -11.8653, -11.844, -11.8428, -11.8272, -11.7789, -11.8157, -11.8485, -11.8231, -11.9169, -11.9077, -11.847, -11.7728, -11.75, -11.7792, -11.6799, -11.6687, -11.5248, -11.4009, -11.3477, -11.3028, -11.2333, -11.0627, -10.7308, -10.1385, -9.8535, -8.9432, -6.1312]",4146,256
GSM_052,arithmetic_reasoning,canonical,meta-llama/Llama-3.1-8B-Instruct,-1,32,"[0.9555, 0.948, 0.957, 0.9512, 0.9604, 0.961, 0.9617, 0.9604, 0.9566, 0.9565, 0.9566, 0.9547, 0.9655, 0.958, 0.9576, 0.9491, 0.9491, 0.9427, 0.9433, 0.9385, 0.9331, 0.933, 0.9322, 0.9296, 0.9308, 0.927, 0.9274, 0.9165, 0.9098, 0.8969, 0.8882, 0.8846]","[55905, 23496, 24099, 87502, 68013, 85254, 104088, 106167, 51814, 77983, 73230, 63869, 56922, 61686, 70029, 57992, 10675, 2843, 4112, 6409, 1144, 2812, 1819, 1256, 963, 394, 117, 115, 116, 86, 91, 63]","[-11.7601, -11.7478, -11.7413, -11.7784, -11.767, -11.7908, -11.8184, -11.8255, -11.748, -11.7865, -11.779, -11.7649, -11.7542, -11.7623, -11.7787, -11.755, -11.6015, -11.4855, -11.4569, -11.4662, -11.2927, -11.266, -11.1257, -11.0103, -10.8769, -10.7213, -10.2433, -10.2207, -9.8484, -9.6278, -9.1199, -7.0914]",2075,75
GSM_053,arithmetic_reasoning,canonical,meta-llama/Llama-3.1-8B-Instruct,-1,32,"[0.9325, 0.9204, 0.9388, 0.9343, 0.9483, 0.9548, 0.9566, 0.9548, 0.9514, 0.9545, 0.9527, 0.9464, 0.9552, 0.9373, 0.9154, 0.8913, 0.8778, 0.8622, 0.8696, 0.8552, 0.8479, 0.849, 0.8496, 0.8508, 0.8498, 0.8341, 0.8416, 0.8249, 0.8333, 0.8188, 0.8267, 0.839]","[122437, 84573, 110710, 105865, 80449, 66662, 69727, 91982, 79600, 33109, 37643, 45064, 35024, 25185, 44815, 36962, 21302, 61847, 34844, 16058, 23290, 30285, 28970, 15916, 14357, 4546, 3011, 3296, 1982, 2901, 479, 65]","[-11.7804, -11.7685, -11.7882, -11.7939, -11.7792, -11.7676, -11.7712, -11.8005, -11.7845, -11.717, -11.7243, -11.7371, -11.7148, -11.6872, -11.7304, -11.7091, -11.6556, -11.7639, -11.6758, -11.5683, -11.5986, -11.6069, -11.576, -11.4315, -11.3681, -11.166, -10.9476, -10.9492, -10.6511, -10.7261, -9.8702, -6.884]",19166,378
GSM_054,arithmetic_reasoning,canonical,meta-llama/Llama-3.1-8B-Instruct,-1,32,"[0.9079, 0.9027, 0.9343, 0.9351, 0.9531, 0.954, 0.9556, 0.9538, 0.9522, 0.9566, 0.9529, 0.9466, 0.9544, 0.9356, 0.9103, 0.8969, 0.894, 0.8833, 0.8869, 0.8852, 0.883, 0.8885, 0.8855, 0.886, 0.8893, 0.8743, 0.8835, 0.8752, 0.8827, 0.8687, 0.8647, 0.8498]","[15011, 35232, 47038, 53202, 27089, 89928, 83254, 69818, 69428, 75599, 78357, 25948, 28142, 10983, 9728, 11263, 4369, 5537, 6021, 2472, 1836, 1892, 2505, 2352, 3243, 4658, 1376, 364, 279, 190, 167, 49]","[-11.749, -11.7526, -11.7541, -11.7555, -11.7249, -11.7971, -11.7873, -11.7712, -11.7713, -11.7829, -11.7879, -11.7018, -11.6987, -11.637, -11.6279, -11.6186, -11.5377, -11.5203, -11.4857, -11.3671, -11.3036, -11.2065, -11.1804, -11.0874, -11.0476, -11.1062, -10.7364, -10.4504, -10.0711, -9.8151, -9.2957, -6.9888]",845,16
GSM_055,arithmetic_reasoning,canonical,meta-llama/Llama-3.1-8B-Instruct,-1,32,"[0.9195, 0.918, 0.9415, 0.9387, 0.9573, 0.9626, 0.9651, 0.9636, 0.9592, 0.9575, 0.9539, 0.9459, 0.957, 0.9443, 0.9326, 0.9057, 0.9062, 0.8997, 0.9058, 0.8972, 0.8851, 0.8934, 0.8927, 0.8979, 0.9024, 0.8873, 0.8962, 0.882, 0.8791, 0.8638, 0.8509, 0.8686]","[57683, 24872, 51074, 108418, 56358, 106359, 80107, 30879, 46928, 98239, 51913, 41608, 39633, 86435, 98711, 61311, 10353, 15502, 21602, 15303, 22098, 27310, 23403, 13592, 7541, 5566, 1257, 481, 140, 342, 109, 91]","[-11.7604, -11.7482, -11.756, -11.7956, -11.7561, -11.8214, -11.7828, -11.7212, -11.7418, -11.8195, -11.7474, -11.7324, -11.7239, -11.8078, -11.8359, -11.7617, -11.5952, -11.6067, -11.6141, -11.5491, -11.5856, -11.5766, -11.5197, -11.3799, -11.2266, -11.192, -10.7923, -10.6193, -10.0641, -10.1696, -9.307, -6.7423]",21,6
GSM_056,arithmetic_reasoning,canonical,meta-llama/Llama-3.1-8B-Instruct,-1,32,"[0.9196, 0.9129, 0.9403, 0.938, 0.9562, 0.9619, 0.9649, 0.9639, 0.9568, 0.9558, 0.9504, 0.9409, 0.9514, 0.9348, 0.9206, 0.9065, 0.9155, 0.913, 0.9177, 0.9125, 0.9054, 0.9103, 0.9054, 0.9083, 0.9079, 0.8949, 0.9077, 0.9019, 0.9054, 0.8948, 0.889, 0.9087]","[51266, 41135, 101314, 110277, 94494, 116504, 111287, 114559, 76483, 30748, 61837, 74855, 48377, 35395, 7853, 25459, 5298, 9405, 9237, 2499, 1632, 4278, 4616, 1846, 2703, 837, 555, 517, 146, 161, 114, 180]","[-11.7591, -11.7545, -11.7816, -11.7982, -11.7928, -11.8448, -11.8294, -11.8429, -11.781, -11.7137, -11.7621, -11.7805, -11.7393, -11.7098, -11.6151, -11.6769, -11.5581, -11.5658, -11.5246, -11.3857, -11.3246, -11.3308, -11.2782, -11.072, -11.0349, -10.8763, -10.6058, -10.5474, -9.948, -9.8811, -9.1462, -6.6538]",3076,69
GSM_057,arithmetic_reasoning,canonical,meta-llama/Llama-3.1-8B-Instruct,-1,32,"[0.9008, 0.9019, 0.9302, 0.9335, 0.9549, 0.9594, 0.9602, 0.9599, 0.9561, 0.9576, 0.956, 0.9506, 0.9595, 0.9573, 0.9533, 0.9307, 0.9314, 0.9191, 0.9289, 0.92, 0.9169, 0.9163, 0.9137, 0.9141, 0.9149, 0.9085, 0.909, 0.8941, 0.8918, 0.878, 0.8583, 0.864]","[92691, 50531, 103621, 124142, 123667, 123755, 124613, 106882, 107769, 96069, 68527, 70335, 93183, 105477, 105588, 60626, 64812, 46810, 44239, 27624, 20135, 10147, 5612, 8203, 10761, 13865, 5650, 6044, 1985, 462, 376, 362]","[-11.768, -11.7575, -11.7828, -11.8233, -11.851, -11.8768, -11.8779, -11.8245, -11.831, -11.816, -11.7723, -11.7743, -11.821, -11.8569, -11.8569, -11.7611, -11.7702, -11.7219, -11.704, -11.6213, -11.569, -11.4283, -11.2973, -11.2972, -11.2801, -11.3358, -11.0597, -11.0764, -10.6528, -10.1701, -9.5646, -7.4788]",5833,84
GSM_058,arithmetic_reasoning,canonical,meta-llama/Llama-3.1-8B-Instruct,-1,32,"[0.9001, 0.8972, 0.9291, 0.9283, 0.9513, 0.9558, 0.9565, 0.9593, 0.9548, 0.961, 0.9614, 0.96, 0.9678, 0.9609, 0.9583, 0.9536, 0.9552, 0.9571, 0.9619, 0.9602, 0.9596, 0.9604, 0.9601, 0.961, 0.9618, 0.9562, 0.9566, 0.9488, 0.9484, 0.9398, 0.9315, 0.935]","[119468, 84147, 64710, 115048, 126897, 120515, 108984, 123457, 94286, 29426, 89031, 2111, 112300, 113066, 102304, 88190, 83064, 39615, 47368, 29010, 17859, 24328, 16155, 11215, 6136, 4154, 2572, 2609, 1541, 1427, 1254, 728]","[-11.7781, -11.7683, -11.7624, -11.8056, -11.8798, -11.8622, -11.8266, -11.8778, -11.8052, -11.7109, -11.8046, -11.5964, -11.8701, -11.8795, -11.8456, -11.8208, -11.8158, -11.6994, -11.7144, -11.624, -11.5475, -11.5523, -11.4589, -11.3582, -11.2043, -11.1434, -10.9271, -10.9257, -10.6141, -10.597, -10.3072, -7.6225]",15935,285
GSM_059,arithmetic_reasoning,canonical,meta-llama/Llama-3.1-8B-Instruct,-1,32,"[0.9042, 0.9066, 0.9395, 0.9355, 0.9508, 0.9595, 0.9629, 0.9596, 0.9562, 0.9509, 0.9443, 0.9325, 0.9437, 0.925, 0.9078, 0.9081, 0.9093, 0.9115, 0.9166, 0.9159, 0.911, 0.9106, 0.9032, 0.9068, 0.9005, 0.8813, 0.8878, 0.8799, 0.8835, 0.8692, 0.8583, 0.8845]","[53247, 75200, 104748, 116189, 117181, 109332, 115277, 109639, 94247, 42849, 62253, 61398, 70142, 98546, 67961, 44673, 13244, 6752, 1071, 805, 879, 1220, 337, 183, 163, 133, 101, 46, 26, 25, 35, 37]","[-11.7596, -11.7653, -11.7846, -11.806, -11.8289, -11.8261, -11.8386, -11.8296, -11.8054, -11.7336, -11.7626, -11.7612, -11.7767, -11.8347, -11.7744, -11.7267, -11.6164, -11.5412, -11.3748, -11.2991, -11.2901, -11.2182, -11.0107, -10.7818, -10.5902, -10.691, -10.2713, -9.9787, -9.3561, -9.0712, -8.4613, -5.2232]",1682,29
GSM_060,arithmetic_reasoning,canonical,meta-llama/Llama-3.1-8B-Instruct,-1,32,"[0.9077, 0.9044, 0.9359, 0.9357, 0.9557, 0.9611, 0.9639, 0.9641, 0.957, 0.9565, 0.9554, 0.9527, 0.9627, 0.9568, 0.9413, 0.9178, 0.9097, 0.904, 0.9162, 0.9102, 0.9032, 0.9015, 0.8976, 0.901, 0.9019, 0.8931, 0.8976, 0.8902, 0.8847, 0.8679, 0.8525, 0.8335]","[89186, 100177, 102147, 75879, 78428, 93714, 121334, 118861, 117683, 107349, 100703, 96447, 62109, 68330, 96234, 92093, 74243, 48042, 29813, 11247, 8167, 13494, 6483, 4709, 3660, 2416, 979, 562, 306, 145, 77, 28]","[-11.7674, -11.7743, -11.7821, -11.77, -11.7762, -11.8007, -11.8588, -11.854, -11.856, -11.8365, -11.8275, -11.8165, -11.7633, -11.7747, -11.8309, -11.8293, -11.7947, -11.7253, -11.6454, -11.5086, -11.4567, -11.4482, -11.2937, -11.1868, -11.0666, -10.9819, -10.6715, -10.5006, -10.0699, -9.7092, -8.9314, -6.4833]",2790,46
GSM_061,arithmetic_reasoning,canonical,meta-llama/Llama-3.1-8B-Instruct,-1,32,"[0.9199, 0.9175, 0.9423, 0.9385, 0.9573, 0.9622, 0.9654, 0.9652, 0.9624, 0.9637, 0.9608, 0.9566, 0.9637, 0.952, 0.9484, 0.9314, 0.9247, 0.9153, 0.9196, 0.914, 0.9122, 0.9137, 0.9106, 0.9127, 0.9162, 0.9084, 0.9142, 0.9057, 0.8946, 0.8839, 0.877, 0.8511]","[50951, 83919, 51227, 25025, 24624, 45049, 64648, 93799, 96898, 64175, 124420, 67132, 72475, 105820, 105839, 117332, 51164, 63676, 29407, 33826, 26548, 14261, 4286, 4659, 11608, 12985, 4719, 4892, 4728, 3259, 1540, 304]","[-11.759, -11.7682, -11.7562, -11.7343, -11.7226, -11.7406, -11.7649, -11.8017, -11.8099, -11.7658, -11.9132, -11.7696, -11.7812, -11.8578, -11.856, -11.9209, -11.7386, -11.768, -11.6517, -11.6549, -11.6092, -11.4786, -11.2771, -11.2227, -11.3027, -11.321, -11.0005, -10.9841, -10.8503, -10.7016, -10.326, -7.7494]",12819,420
GSM_062,arithmetic_reasoning,canonical,meta-llama/Llama-3.1-8B-Instruct,-1,32,"[0.8934, 0.8905, 0.9283, 0.9258, 0.952, 0.9564, 0.9592, 0.9602, 0.9541, 0.9525, 0.9529, 0.9493, 0.9571, 0.9513, 0.9419, 0.9129, 0.9072, 0.8951, 0.9029, 0.8967, 0.8907, 0.8888, 0.8884, 0.8853, 0.8805, 0.8595, 0.86, 0.8419, 0.8475, 0.8235, 0.812, 0.8054]","[26455, 50574, 69288, 100784, 86914, 60345, 12699, 11159, 21055, 39671, 35191, 7612, 9993, 10594, 4233, 670, 47, 383, 1026, 1931, 771, 376, 704, 1063, 499, 244, 151, 170, 121, 92, 116, 173]","[-11.7529, -11.7575, -11.7646, -11.788, -11.7852, -11.7596, -11.6858, -11.6774, -11.6985, -11.7288, -11.7195, -11.6445, -11.638, -11.6328, -11.587, -11.4702, -11.3265, -11.375, -11.3548, -11.3583, -11.2584, -11.0996, -11.0832, -11.0387, -10.8303, -10.7154, -10.4342, -10.4211, -10.0128, -9.9308, -9.4547, -7.4124]",7261,112
GSM_063,arithmetic_reasoning,canonical,meta-llama/Llama-3.1-8B-Instruct,-1,32,"[0.8926, 0.8897, 0.9263, 0.9251, 0.9491, 0.955, 0.9582, 0.9564, 0.952, 0.9545, 0.9543, 0.9502, 0.9601, 0.9467, 0.9324, 0.9148, 0.9105, 0.9026, 0.9065, 0.9023, 0.8957, 0.8946, 0.8836, 0.8828, 0.8815, 0.8642, 0.8651, 0.8517, 0.8556, 0.8318, 0.8231, 0.8437]","[5040, 9578, 6852, 45679, 25480, 9514, 47001, 17896, 76321, 47442, 100317, 59978, 39602, 7015, 10603, 18146, 19281, 8941, 31076, 20553, 19446, 10806, 3762, 2874, 4673, 5377, 2741, 8255, 1092, 365, 221, 85]","[-11.7424, -11.7387, -11.7213, -11.7505, -11.7212, -11.6709, -11.7436, -11.6963, -11.78, -11.7416, -11.8261, -11.759, -11.7222, -11.6127, -11.6313, -11.6507, -11.6431, -11.5608, -11.6494, -11.5754, -11.5561, -11.431, -11.2655, -11.1483, -11.1537, -11.1675, -10.9157, -11.1359, -10.5071, -10.122, -9.534, -6.7183]",10674,162
GSM_064,arithmetic_reasoning,canonical,meta-llama/Llama-3.1-8B-Instruct,-1,32,"[0.9552, 0.9475, 0.9573, 0.9502, 0.962, 0.9614, 0.9629, 0.9636, 0.958, 0.9588, 0.9565, 0.9527, 0.9618, 0.9487, 0.9301, 0.9185, 0.9191, 0.9121, 0.9202, 0.9125, 0.9069, 0.9131, 0.9112, 0.9129, 0.9121, 0.9019, 0.9074, 0.8975, 0.8873, 0.8739, 0.8719, 0.8763]","[50481, 19002, 23368, 80202, 69842, 86185, 101414, 99418, 54760, 83703, 99468, 76483, 76197, 52222, 50886, 58407, 12455, 4406, 6921, 4516, 2043, 3409, 2727, 1219, 790, 283, 100, 112, 99, 45, 38, 43]","[-11.759, -11.7453, -11.7405, -11.7729, -11.7685, -11.7909, -11.8129, -11.8124, -11.7521, -11.7961, -11.8266, -11.7844, -11.7885, -11.7447, -11.7428, -11.7566, -11.6112, -11.5126, -11.502, -11.4295, -11.3345, -11.2789, -11.1928, -11.0086, -10.859, -10.7125, -10.2828, -10.2298, -9.8651, -9.4843, -8.6821, -6.0486]",2075,75
CC_01,coin change,canonical,meta-llama/Llama-3.1-8B-Instruct,25,32,"[0.9694, 0.9636, 0.9683, 0.9492, 0.9574, 0.9608, 0.9613, 0.9638, 0.9602, 0.9647, 0.9632, 0.9615, 0.9574, 0.9368, 0.9022, 0.8766, 0.8675, 0.8528, 0.8683, 0.8723, 0.8606, 0.8639, 0.864, 0.8675, 0.8698, 0.8592, 0.8598, 0.8449, 0.8431, 0.8342, 0.8146, 0.7676]","[68552, 39351, 7186, 32310, 68343, 101804, 90602, 77816, 65208, 55899, 97418, 39572, 65241, 45048, 12188, 9877, 19506, 21382, 27898, 14887, 20636, 9241, 6995, 10, 18, 2, 3, 2, 1, 4, 1, 1]","[-11.7627, -11.7539, -11.7224, -11.7403, -11.7672, -11.8152, -11.7951, -11.78, -11.7656, -11.7543, -11.8209, -11.7257, -11.7678, -11.7308, -11.6132, -11.5845, -11.6299, -11.6225, -11.6284, -11.5048, -11.5253, -11.3122, -11.1859, -9.4695, -9.468, -8.1533, -7.7344, -6.0472, -5.4307, -5.7445, -3.8272, -1.2684]",2568,Count
CC_02,coin change,canonical,meta-llama/Llama-3.1-8B-Instruct,25,32,"[0.9673, 0.96, 0.9652, 0.9439, 0.9542, 0.9578, 0.9588, 0.9617, 0.9571, 0.9614, 0.9603, 0.9578, 0.9555, 0.9324, 0.8912, 0.8595, 0.8517, 0.834, 0.8528, 0.8577, 0.8472, 0.8529, 0.8537, 0.8591, 0.8632, 0.8533, 0.8543, 0.8377, 0.8356, 0.8271, 0.807, 0.7548]","[69516, 40215, 7083, 33606, 65846, 100191, 87916, 76534, 69865, 59633, 99152, 37766, 64408, 44032, 12252, 9922, 20560, 21832, 25189, 13802, 19288, 8599, 7112, 10, 18, 1, 3, 2, 1, 4, 1, 1]","[-11.7629, -11.7542, -11.7219, -11.7414, -11.7648, -11.8126, -11.7919, -11.7785, -11.7714, -11.7589, -11.8248, -11.7232, -11.7663, -11.7286, -11.6127, -11.584, -11.6347, -11.6253, -11.6143, -11.4959, -11.514, -11.3001, -11.1843, -9.43, -9.432, -8.1308, -7.7077, -6.0183, -5.3801, -5.7636, -3.8172, -1.3012]",2568,Count
CC_03,coin change,canonical,meta-llama/Llama-3.1-8B-Instruct,25,32,"[0.9679, 0.9604, 0.9652, 0.9415, 0.9529, 0.9572, 0.9593, 0.9617, 0.9567, 0.9613, 0.9598, 0.9569, 0.9544, 0.9308, 0.8897, 0.8568, 0.8473, 0.8302, 0.8486, 0.8535, 0.8423, 0.8471, 0.8478, 0.8536, 0.8581, 0.849, 0.8507, 0.8349, 0.833, 0.825, 0.8067, 0.7564]","[70000, 39954, 7222, 32976, 66303, 100069, 87455, 71803, 65713, 57845, 98961, 35959, 64337, 45017, 11877, 9901, 20373, 22743, 24948, 13048, 18878, 8347, 6802, 9, 19, 2, 3, 2, 1, 4, 1, 1]","[-11.7631, -11.7541, -11.7221, -11.7408, -11.7652, -11.8119, -11.7914, -11.773, -11.7664, -11.7564, -11.8243, -11.72, -11.7663, -11.7308, -11.6115, -11.5828, -11.6339, -11.6304, -11.615, -11.4915, -11.5136, -11.2986, -11.1799, -9.4953, -9.4981, -8.2001, -7.7804, -6.0929, -5.4853, -5.7962, -3.8329, -1.3386]",2568,Count
CC_04,coin change,canonical,meta-llama/Llama-3.1-8B-Instruct,25,32,"[0.9714, 0.9659, 0.9694, 0.9516, 0.961, 0.9641, 0.9654, 0.9671, 0.9619, 0.9658, 0.9647, 0.9626, 0.96, 0.94, 0.9082, 0.8771, 0.8683, 0.8502, 0.8659, 0.8706, 0.8595, 0.8618, 0.86, 0.8628, 0.8649, 0.8557, 0.8572, 0.8423, 0.8395, 0.8318, 0.8131, 0.7681]","[71013, 41178, 7953, 33683, 67593, 101285, 88100, 72334, 66639, 58897, 100217, 40211, 68946, 50884, 15516, 13835, 26041, 24325, 27691, 15188, 21884, 9785, 7833, 10, 19, 1, 3, 2, 1, 4, 1, 1]","[-11.7633, -11.7545, -11.7235, -11.7416, -11.7664, -11.8135, -11.792, -11.7736, -11.7674, -11.7579, -11.8267, -11.727, -11.7738, -11.7422, -11.6328, -11.6096, -11.6562, -11.6374, -11.6296, -11.5132, -11.5404, -11.3274, -11.2071, -9.5237, -9.5231, -8.234, -7.8324, -6.1681, -5.5815, -5.8997, -3.9663, -1.438]",2568,Count
CC_05,coin change,canonical,meta-llama/Llama-3.1-8B-Instruct,25,32,"[0.9717, 0.9655, 0.9697, 0.9506, 0.9611, 0.9646, 0.9662, 0.9683, 0.9643, 0.968, 0.9657, 0.964, 0.9605, 0.9405, 0.9052, 0.8728, 0.8606, 0.8437, 0.8599, 0.8634, 0.8519, 0.8505, 0.8488, 0.8513, 0.8545, 0.8462, 0.8472, 0.8328, 0.831, 0.8232, 0.8045, 0.7616]","[70040, 40113, 7122, 33281, 66260, 100300, 87541, 70411, 63937, 57230, 97787, 37656, 65805, 51331, 14313, 12260, 23845, 23347, 26140, 13696, 20144, 8921, 6871, 9, 18, 1, 3, 2, 1, 4, 1, 1]","[-11.7631, -11.7542, -11.722, -11.7411, -11.7652, -11.8124, -11.7914, -11.7713, -11.7642, -11.7556, -11.8218, -11.7229, -11.7687, -11.7428, -11.626, -11.599, -11.6487, -11.6329, -11.6213, -11.4991, -11.5268, -11.3164, -11.1907, -9.4903, -9.4895, -8.2166, -7.8091, -6.13, -5.5284, -5.8755, -3.9372, -1.3878]",2568,Count
CC_06,coin change,canonical,meta-llama/Llama-3.1-8B-Instruct,25,32,"[0.9698, 0.9639, 0.9683, 0.9466, 0.9568, 0.961, 0.9628, 0.9657, 0.9611, 0.9661, 0.9645, 0.9624, 0.9595, 0.938, 0.9014, 0.8718, 0.8614, 0.845, 0.8607, 0.8655, 0.8526, 0.8542, 0.8521, 0.8557, 0.8588, 0.8499, 0.8508, 0.835, 0.8308, 0.821, 0.8021, 0.759]","[69730, 40143, 7089, 33324, 65864, 100049, 87094, 71772, 65281, 57185, 99120, 37938, 63998, 51919, 15713, 13316, 26782, 27047, 31053, 16446, 23227, 10300, 7906, 9, 20, 2, 3, 2, 1, 4, 1, 1]","[-11.763, -11.7542, -11.7219, -11.7411, -11.7648, -11.8119, -11.7909, -11.773, -11.7658, -11.7555, -11.8246, -11.7236, -11.7658, -11.744, -11.6327, -11.6065, -11.6594, -11.6504, -11.6457, -11.5251, -11.5516, -11.342, -11.2187, -9.5838, -9.5836, -8.3113, -7.8853, -6.1985, -5.5943, -5.905, -3.9693, -1.4546]",2568,Count
CC_07,coin change,canonical,meta-llama/Llama-3.1-8B-Instruct,25,32,"[0.9698, 0.9639, 0.9685, 0.9471, 0.9569, 0.9609, 0.9628, 0.9657, 0.9613, 0.966, 0.9645, 0.9626, 0.9587, 0.9369, 0.9009, 0.8719, 0.8622, 0.846, 0.8616, 0.8662, 0.8547, 0.8576, 0.8563, 0.8599, 0.8634, 0.8542, 0.8557, 0.8413, 0.8383, 0.8302, 0.8114, 0.7661]","[69807, 39260, 7061, 33050, 66244, 100426, 87466, 70969, 64175, 56516, 98891, 36751, 64311, 48039, 13252, 11135, 21038, 21840, 24632, 12396, 17963, 7919, 6450, 7, 18, 1, 3, 2, 1, 4, 1, 1]","[-11.763, -11.7538, -11.7218, -11.7409, -11.7652, -11.8126, -11.7914, -11.772, -11.7645, -11.755, -11.8245, -11.7215, -11.7662, -11.7365, -11.6195, -11.5921, -11.6369, -11.6259, -11.6124, -11.4837, -11.5061, -11.293, -11.1727, -9.4462, -9.4577, -8.1645, -7.7455, -6.0734, -5.4613, -5.7891, -3.8668, -1.3297]",2568,Count
CC_08,coin change,canonical,meta-llama/Llama-3.1-8B-Instruct,25,32,"[0.9697, 0.964, 0.9686, 0.9473, 0.9572, 0.9612, 0.9629, 0.9658, 0.9615, 0.9662, 0.9647, 0.9625, 0.959, 0.9391, 0.9018, 0.8701, 0.8589, 0.8394, 0.8541, 0.8569, 0.8407, 0.8416, 0.8387, 0.8416, 0.8448, 0.836, 0.8374, 0.8225, 0.8193, 0.8082, 0.7886, 0.7454]","[69789, 39885, 7171, 33300, 65937, 100464, 87653, 71408, 64006, 57368, 99175, 37967, 66010, 48451, 13627, 11033, 21522, 22735, 25364, 12763, 18450, 8118, 6569, 7, 17, 1, 3, 2, 1, 4, 1, 1]","[-11.763, -11.7541, -11.7221, -11.7411, -11.7649, -11.8126, -11.7916, -11.7725, -11.7643, -11.7558, -11.8249, -11.7235, -11.7691, -11.7374, -11.6219, -11.5919, -11.6392, -11.6307, -11.6169, -11.4907, -11.511, -11.2993, -11.1803, -9.464, -9.4731, -8.2074, -7.7959, -6.1205, -5.5042, -5.8022, -3.9256, -1.3813]",2568,Count
CC_09,coin change,canonical,meta-llama/Llama-3.1-8B-Instruct,25,32,"[0.9694, 0.9642, 0.9683, 0.9471, 0.9563, 0.9595, 0.9617, 0.9644, 0.959, 0.9643, 0.9633, 0.9623, 0.9596, 0.9401, 0.9097, 0.8795, 0.8713, 0.8593, 0.872, 0.874, 0.8604, 0.8592, 0.8573, 0.8577, 0.8594, 0.851, 0.8495, 0.8323, 0.8299, 0.817, 0.7946, 0.7545]","[70802, 40760, 7367, 33287, 67047, 101641, 87969, 73308, 65812, 59687, 102539, 41138, 66126, 57929, 20212, 18756, 29825, 30933, 42850, 28480, 44147, 19707, 13608, 17, 24, 3, 4, 2, 2, 3, 1, 1]","[-11.7632, -11.7544, -11.7225, -11.7412, -11.7659, -11.8142, -11.7919, -11.7747, -11.7664, -11.7589, -11.8316, -11.7285, -11.769, -11.7554, -11.6568, -11.6357, -11.6718, -11.6673, -11.6978, -11.6165, -11.6846, -11.4775, -11.3496, -9.9383, -9.8772, -8.6265, -8.2035, -6.6023, -6.039, -6.4431, -4.6376, -2.1755]",2568,Count
CC_10,coin change,canonical,meta-llama/Llama-3.1-8B-Instruct,25,32,"[0.9581, 0.9532, 0.9616, 0.9415, 0.9525, 0.9574, 0.9601, 0.9625, 0.9565, 0.9628, 0.9613, 0.959, 0.957, 0.937, 0.9088, 0.8814, 0.8744, 0.8647, 0.8773, 0.8806, 0.8705, 0.872, 0.8692, 0.8693, 0.869, 0.8579, 0.8562, 0.838, 0.8358, 0.8245, 0.804, 0.7595]","[70098, 41971, 7855, 33016, 66725, 102088, 89616, 74679, 62903, 60882, 100953, 41635, 67079, 64325, 22348, 17688, 29230, 34477, 47994, 33761, 50301, 23493, 14930, 18, 21, 3, 2, 2, 2, 1, 1, 1]","[-11.7631, -11.7548, -11.7233, -11.741, -11.7655, -11.815, -11.7939, -11.7762, -11.7628, -11.7605, -11.8278, -11.7297, -11.7705, -11.7669, -11.664, -11.6305, -11.6699, -11.6796, -11.7174, -11.6461, -11.7154, -11.513, -11.3732, -9.9265, -9.8707, -8.5968, -8.1808, -6.5999, -6.0678, -6.4816, -4.7269, -2.2086]",2568,Count
SP_001,algorithmic,canonical,meta-llama/Llama-3.1-8B-Instruct,25,32,"[0.9134, 0.9121, 0.936, 0.9286, 0.9463, 0.9546, 0.9522, 0.9549, 0.9584, 0.9612, 0.9594, 0.9567, 0.956, 0.937, 0.9003, 0.8834, 0.8649, 0.866, 0.8678, 0.8667, 0.8456, 0.8452, 0.8417, 0.8455, 0.844, 0.8412, 0.8495, 0.8482, 0.8501, 0.8433, 0.8301, 0.8283]","[97512, 118079, 124889, 105982, 123328, 123081, 117194, 123695, 121496, 127018, 120351, 75707, 106887, 62064, 31632, 21816, 11846, 6136, 7973, 8154, 3304, 1802, 2145, 25, 18, 2, 9, 2, 2, 1, 1, 1]","[-11.7697, -11.7842, -11.8119, -11.7952, -11.8519, -11.8753, -11.8521, -11.8882, -11.8768, -11.9382, -11.8857, -11.7822, -11.85, -11.763, -11.6932, -11.6553, -11.5914, -11.5134, -11.494, -11.4532, -11.3515, -11.1678, -11.1005, -10.2336, -9.917, -8.6725, -8.8528, -7.8043, -7.3412, -6.4855, -5.6097, -3.0222]",1858,Path
SP_002,algorithmic,canonical,meta-llama/Llama-3.1-8B-Instruct,25,32,"[0.9236, 0.9105, 0.9268, 0.928, 0.9434, 0.952, 0.9496, 0.9515, 0.9405, 0.9448, 0.9456, 0.9409, 0.9453, 0.9257, 0.8993, 0.8896, 0.8828, 0.8906, 0.8979, 0.9005, 0.8885, 0.8893, 0.8835, 0.8841, 0.8857, 0.8796, 0.8827, 0.8842, 0.8835, 0.8784, 0.8726, 0.8631]","[97181, 115571, 123221, 98742, 122067, 120633, 108032, 122844, 118845, 125745, 120993, 77920, 105103, 67375, 60461, 27688, 15508, 14357, 15757, 21332, 12189, 6602, 6584, 34, 23, 3, 5, 2, 2, 1, 1, 1]","[-11.7697, -11.7827, -11.8067, -11.7886, -11.8471, -11.8604, -11.8282, -11.884, -11.865, -11.9178, -11.8906, -11.7858, -11.8443, -11.773, -11.7614, -11.6754, -11.6121, -11.5842, -11.5663, -11.5798, -11.505, -11.3566, -11.2962, -10.4225, -10.1116, -8.8986, -9.023, -7.9167, -7.4164, -6.5036, -5.5852, -3.0704]",1858,Path
SP_003,algorithmic,canonical,meta-llama/Llama-3.1-8B-Instruct,25,32,"[0.8204, 0.8397, 0.8926, 0.8961, 0.9027, 0.9259, 0.9343, 0.9356, 0.9375, 0.9421, 0.9461, 0.9425, 0.9401, 0.9124, 0.9006, 0.8854, 0.878, 0.8901, 0.8978, 0.9001, 0.8838, 0.8887, 0.8848, 0.8893, 0.8878, 0.8823, 0.8855, 0.8783, 0.8737, 0.8592, 0.8512, 0.8405]","[84450, 102023, 108933, 93062, 119606, 125641, 121210, 121571, 117987, 125996, 117871, 67920, 100197, 64280, 38151, 15305, 8359, 4589, 6246, 2569, 404, 206, 426, 11, 9, 1, 4, 2, 2, 1, 1, 1]","[-11.7665, -11.7756, -11.7882, -11.7845, -11.8378, -11.8903, -11.8681, -11.8721, -11.8611, -11.926, -11.8754, -11.7707, -11.8361, -11.7673, -11.7115, -11.6251, -11.5618, -11.487, -11.4765, -11.3419, -11.1736, -10.9334, -10.8753, -10.008, -9.6584, -8.3487, -8.5697, -7.5481, -7.109, -6.3433, -5.578, -2.9907]",1858,Path
SP_004,algorithmic,canonical,meta-llama/Llama-3.1-8B-Instruct,25,32,"[0.9388, 0.9299, 0.9478, 0.9436, 0.9554, 0.9603, 0.9581, 0.9579, 0.9605, 0.9646, 0.9662, 0.9653, 0.965, 0.9527, 0.9298, 0.9175, 0.8999, 0.9007, 0.9082, 0.9118, 0.8996, 0.9099, 0.9056, 0.9076, 0.9069, 0.9011, 0.9072, 0.9076, 0.9077, 0.9028, 0.8937, 0.8863]","[101582, 120879, 124651, 104587, 123883, 123228, 121430, 125468, 122081, 126525, 120512, 77322, 112853, 68120, 61009, 58015, 24343, 24734, 24910, 34486, 26748, 5084, 4322, 51, 29, 3, 10, 2, 2, 1, 1, 1]","[-11.7708, -11.7872, -11.8108, -11.7927, -11.8541, -11.8762, -11.8697, -11.9034, -11.8816, -11.9249, -11.8843, -11.7847, -11.8633, -11.7739, -11.7619, -11.7551, -11.6579, -11.6478, -11.6307, -11.6555, -11.6174, -11.322, -11.221, -10.5105, -10.2047, -8.9394, -9.1121, -7.9992, -7.5388, -6.659, -5.7053, -3.2941]",1858,Path
SP_005,algorithmic,canonical,meta-llama/Llama-3.1-8B-Instruct,25,32,"[0.8664, 0.8718, 0.9128, 0.91, 0.9305, 0.9477, 0.9506, 0.9546, 0.9542, 0.9532, 0.9539, 0.9522, 0.9508, 0.9323, 0.8999, 0.8827, 0.8815, 0.8918, 0.8963, 0.898, 0.8845, 0.8838, 0.8806, 0.8824, 0.884, 0.8799, 0.8849, 0.8838, 0.8827, 0.8758, 0.864, 0.8532]","[105795, 116314, 122967, 100550, 121913, 123450, 118926, 122897, 117336, 125660, 119054, 75875, 105979, 62207, 45966, 35211, 16359, 8374, 11293, 14045, 8953, 3557, 3400, 23, 15, 2, 5, 2, 2, 1, 1, 1]","[-11.7729, -11.7841, -11.8071, -11.7897, -11.8446, -11.8761, -11.8573, -11.8852, -11.859, -11.9194, -11.883, -11.783, -11.8478, -11.7631, -11.7285, -11.6954, -11.6153, -11.5309, -11.5254, -11.5192, -11.4626, -11.2596, -11.1778, -10.2629, -9.892, -8.6169, -8.7937, -7.793, -7.3241, -6.457, -5.6096, -3.1088]",1858,Path
WIS_001,algorithmic,canonical,meta-llama/Llama-3.1-8B-Instruct,27,32,"[0.945, 0.9341, 0.9535, 0.9516, 0.9639, 0.9687, 0.9683, 0.9685, 0.9651, 0.9692, 0.9709, 0.9682, 0.9641, 0.9484, 0.9238, 0.9097, 0.9012, 0.8955, 0.9026, 0.9054, 0.8984, 0.9063, 0.9074, 0.9125, 0.9179, 0.9163, 0.9155, 0.9123, 0.9082, 0.8976, 0.8855, 0.8611]","[126699, 126406, 127618, 126364, 113222, 127140, 108869, 118217, 114720, 106509, 108446, 111256, 119150, 100133, 96560, 85853, 64764, 30016, 26373, 27560, 19307, 9108, 6, 12, 11, 6, 7, 5, 5, 5, 2, 1]","[-11.7874, -11.797, -11.8288, -11.8385, -11.8221, -11.9182, -11.8298, -11.8574, -11.851, -11.8342, -11.8453, -11.8517, -11.8955, -11.8405, -11.8441, -11.8224, -11.7738, -11.6588, -11.6172, -11.5986, -11.5323, -11.3429, -9.8946, -9.7268, -9.4294, -8.6981, -8.5809, -7.9426, -7.3117, -6.9094, -5.0645, -2.2579]",6450,Selected
WIS_002,algorithmic,canonical,meta-llama/Llama-3.1-8B-Instruct,22,32,"[0.9355, 0.9264, 0.935, 0.9351, 0.9508, 0.9595, 0.9581, 0.9605, 0.9578, 0.9594, 0.9633, 0.9611, 0.9575, 0.9416, 0.9144, 0.9004, 0.8884, 0.8794, 0.8848, 0.8848, 0.8749, 0.881, 0.8887, 0.8928, 0.8987, 0.8983, 0.899, 0.8948, 0.8938, 0.886, 0.8749, 0.854]","[126895, 127194, 127741, 126181, 110369, 127074, 109263, 116736, 112255, 98063, 100053, 110279, 119855, 105518, 94791, 81770, 74801, 44575, 37977, 44461, 38995, 19810, 4, 5, 8, 3, 4, 3, 5, 3, 1, 1]","[-11.788, -11.8005, -11.8312, -11.8357, -11.8161, -11.9167, -11.8301, -11.8534, -11.8467, -11.8163, -11.8246, -11.8479, -11.8964, -11.8559, -11.8396, -11.8113, -11.8, -11.7159, -11.6817, -11.6994, -11.6723, -11.5129, -10.088, -9.9395, -9.6628, -9.0166, -8.8941, -8.3673, -7.7365, -7.3949, -5.7909, -3.2653]",6450,Selected
WIS_003,algorithmic,canonical,meta-llama/Llama-3.1-8B-Instruct,22,32,"[0.8945, 0.8965, 0.9242, 0.9231, 0.9422, 0.9526, 0.9531, 0.9563, 0.9586, 0.9626, 0.9671, 0.9661, 0.9626, 0.95, 0.9257, 0.9131, 0.9046, 0.8987, 0.9055, 0.9041, 0.8954, 0.898, 0.9053, 0.9087, 0.912, 0.9113, 0.9122, 0.9078, 0.9058, 0.8999, 0.888, 0.869]","[126978, 127069, 127777, 126392, 110263, 126797, 105509, 116934, 110973, 101754, 100458, 112357, 116058, 98354, 88062, 75967, 69550, 37244, 29688, 32463, 31603, 16694, 4, 8, 9, 3, 6, 3, 3, 4, 2, 1]","[-11.7885, -11.7995, -11.8325, -11.8392, -11.8184, -11.9124, -11.8228, -11.8554, -11.8439, -11.8236, -11.8263, -11.8541, -11.8803, -11.8381, -11.8222, -11.797, -11.7866, -11.691, -11.6443, -11.6451, -11.6357, -11.4799, -10.0676, -9.9226, -9.6869, -9.0777, -8.9271, -8.3251, -7.5915, -7.281, -5.7463, -3.3388]",6450,Selected
WIS_004,algorithmic,canonical,meta-llama/Llama-3.1-8B-Instruct,22,32,"[0.8914, 0.8941, 0.9199, 0.9233, 0.94, 0.9531, 0.9541, 0.9603, 0.9621, 0.9633, 0.965, 0.9618, 0.96, 0.946, 0.9253, 0.9135, 0.9077, 0.9081, 0.9167, 0.9155, 0.9099, 0.9157, 0.9211, 0.9227, 0.9271, 0.9263, 0.9261, 0.922, 0.9221, 0.9143, 0.9047, 0.8895]","[127141, 127132, 127812, 126396, 107677, 126935, 106778, 119716, 114987, 104898, 104556, 114001, 115720, 101482, 91332, 84225, 76465, 37289, 32199, 34174, 33354, 16326, 4, 9, 11, 4, 5, 3, 4, 4, 2, 1]","[-11.7893, -11.8005, -11.8332, -11.8382, -11.8126, -11.9148, -11.8257, -11.8665, -11.8548, -11.8294, -11.8339, -11.8598, -11.8786, -11.8443, -11.8294, -11.8178, -11.8049, -11.6911, -11.6557, -11.6521, -11.6434, -11.4701, -10.0566, -9.9261, -9.6808, -8.9954, -8.8371, -8.2483, -7.6534, -7.2984, -5.6021, -3.1368]",6450,Selected
WIS_005,algorithmic,canonical,meta-llama/Llama-3.1-8B-Instruct,22,32,"[0.9093, 0.9097, 0.9327, 0.9361, 0.9513, 0.9599, 0.9591, 0.9612, 0.9584, 0.9596, 0.9617, 0.9598, 0.9594, 0.9463, 0.9168, 0.9028, 0.8975, 0.8926, 0.8963, 0.8933, 0.8827, 0.8858, 0.8935, 0.8966, 0.899, 0.8978, 0.8987, 0.8906, 0.89, 0.8811, 0.8735, 0.8557]","[127254, 127194, 127669, 126268, 107347, 126576, 106742, 116531, 114770, 106135, 99480, 111773, 118899, 104617, 92366, 84292, 77576, 49854, 40494, 46056, 43078, 21911, 4, 6, 8, 3, 5, 3, 4, 4, 1, 1]","[-11.7897, -11.8008, -11.8306, -11.8375, -11.8114, -11.9073, -11.8266, -11.8562, -11.8542, -11.8319, -11.8244, -11.8532, -11.8929, -11.8545, -11.8348, -11.819, -11.8086, -11.7323, -11.693, -11.708, -11.6933, -11.5391, -10.1562, -10.0179, -9.7674, -9.148, -8.9689, -8.4205, -7.8626, -7.5764, -5.8021, -3.2164]",6450,Selected
CC_031,algorithmic,canonical,meta-llama/Llama-3.1-8B-Instruct,25,32,"[0.9618, 0.9523, 0.9586, 0.9528, 0.9641, 0.9587, 0.958, 0.9561, 0.9486, 0.9512, 0.9434, 0.9345, 0.9267, 0.8804, 0.8095, 0.7597, 0.7378, 0.7232, 0.7263, 0.7252, 0.6948, 0.7037, 0.6969, 0.7032, 0.7221, 0.7183, 0.7338, 0.7174, 0.7166, 0.6934, 0.6739, 0.6616]","[66242, 42349, 8258, 28684, 69474, 98992, 85553, 75412, 72510, 63093, 97550, 38899, 66310, 52951, 15044, 8728, 15672, 22899, 36303, 23618, 34346, 17013, 10665, 13, 18, 1, 5, 2, 1, 3, 1, 1]","[-11.7622, -11.755, -11.7239, -11.7369, -11.7683, -11.8103, -11.789, -11.7774, -11.7752, -11.7638, -11.8225, -11.7237, -11.7697, -11.7456, -11.6307, -11.5757, -11.6107, -11.6331, -11.6673, -11.5828, -11.6299, -11.4385, -11.2977, -9.7405, -9.6708, -8.3566, -8.0273, -6.2845, -5.685, -5.8954, -4.1505, -1.6867]",2568,Count
CC_032,algorithmic,canonical,meta-llama/Llama-3.1-8B-Instruct,25,32,"[0.9591, 0.9496, 0.9579, 0.9513, 0.963, 0.9583, 0.9583, 0.9557, 0.949, 0.9517, 0.9445, 0.9373, 0.9289, 0.8841, 0.8261, 0.7766, 0.7552, 0.7446, 0.7486, 0.7478, 0.7188, 0.7272, 0.7221, 0.7284, 0.7461, 0.7411, 0.7544, 0.7376, 0.7371, 0.7162, 0.6973, 0.6864]","[66595, 41702, 7942, 27726, 68491, 99267, 84290, 71582, 69549, 63560, 97876, 37207, 65352, 57024, 17623, 10381, 17694, 26445, 37856, 24404, 35815, 17961, 11599, 13, 20, 1, 5, 2, 1, 3, 1, 1]","[-11.7623, -11.7547, -11.7234, -11.7361, -11.7674, -11.8104, -11.7874, -11.7728, -11.7715, -11.7645, -11.8234, -11.7213, -11.7681, -11.7536, -11.6435, -11.5877, -11.6214, -11.6494, -11.6752, -11.5888, -11.6383, -11.4499, -11.3139, -9.7497, -9.6828, -8.42, -8.0911, -6.3672, -5.799, -5.9302, -4.1528, -1.704]",2568,Count
CC_033,algorithmic,canonical,meta-llama/Llama-3.1-8B-Instruct,25,32,"[0.9618, 0.9522, 0.9587, 0.9525, 0.9635, 0.9578, 0.9577, 0.9563, 0.9492, 0.9514, 0.9441, 0.9351, 0.9292, 0.8888, 0.8272, 0.7824, 0.7641, 0.7574, 0.7611, 0.7617, 0.737, 0.7436, 0.7393, 0.7441, 0.758, 0.7528, 0.7654, 0.7473, 0.7485, 0.7297, 0.7117, 0.6982]","[65829, 41790, 7928, 28581, 68693, 99109, 84777, 74267, 71749, 64516, 97559, 37977, 65770, 55386, 16451, 8455, 17154, 25949, 41294, 28461, 42156, 20916, 12032, 16, 20, 2, 5, 2, 1, 3, 1, 1]","[-11.7622, -11.7548, -11.7234, -11.7368, -11.7676, -11.8105, -11.788, -11.776, -11.7743, -11.7659, -11.8226, -11.7219, -11.7686, -11.7503, -11.6389, -11.575, -11.6192, -11.6477, -11.6896, -11.6141, -11.6752, -11.4844, -11.331, -9.8569, -9.7742, -8.4782, -8.1522, -6.4192, -5.8301, -6.0297, -4.284, -1.884]",2568,Count
CC_034,algorithmic,canonical,meta-llama/Llama-3.1-8B-Instruct,25,32,"[0.9616, 0.9523, 0.9589, 0.953, 0.964, 0.9585, 0.9581, 0.9566, 0.9488, 0.9509, 0.9435, 0.9342, 0.9256, 0.8749, 0.8042, 0.7503, 0.7291, 0.7075, 0.7078, 0.6996, 0.6631, 0.674, 0.6656, 0.6751, 0.6988, 0.6942, 0.7129, 0.6987, 0.6961, 0.6701, 0.6487, 0.6336]","[66002, 42110, 8050, 28972, 69784, 99832, 85621, 74286, 71339, 65357, 99834, 35055, 64892, 51012, 14916, 7199, 13771, 19926, 30071, 20368, 28555, 14075, 10587, 14, 20, 1, 4, 2, 1, 3, 1, 1]","[-11.7622, -11.7549, -11.7235, -11.7371, -11.7686, -11.8116, -11.789, -11.776, -11.7738, -11.7671, -11.827, -11.7172, -11.7672, -11.7417, -11.6296, -11.5629, -11.5991, -11.6173, -11.6379, -11.5551, -11.5886, -11.3934, -11.2826, -9.6802, -9.6159, -8.2679, -7.9678, -6.256, -5.6644, -5.8219, -4.0718, -1.5259]",2568,Count
CC_035,algorithmic,canonical,meta-llama/Llama-3.1-8B-Instruct,25,32,"[0.9618, 0.9524, 0.9589, 0.9527, 0.9638, 0.9583, 0.9583, 0.9563, 0.9489, 0.9513, 0.9436, 0.9347, 0.9286, 0.8863, 0.8224, 0.7756, 0.757, 0.7468, 0.7505, 0.7496, 0.7226, 0.7293, 0.7232, 0.7287, 0.7452, 0.7404, 0.7541, 0.7362, 0.7362, 0.7159, 0.6969, 0.6821]","[65939, 42315, 8187, 29053, 69065, 99721, 85779, 75031, 72411, 64473, 96669, 37721, 64777, 54038, 14779, 7973, 15063, 22880, 36080, 24386, 35384, 17471, 11010, 13, 20, 1, 5, 2, 1, 3, 1, 1]","[-11.7622, -11.7549, -11.7238, -11.7372, -11.7679, -11.8113, -11.7892, -11.7769, -11.7751, -11.7659, -11.8208, -11.7215, -11.767, -11.7477, -11.6301, -11.5701, -11.6075, -11.634, -11.6674, -11.5885, -11.6361, -11.4439, -11.3072, -9.7712, -9.7019, -8.4155, -8.0894, -6.3588, -5.7703, -5.9266, -4.1522, -1.7119]",2568,Count
CC_036,algorithmic,canonical,meta-llama/Llama-3.1-8B-Instruct,25,32,"[0.9618, 0.9522, 0.9584, 0.9525, 0.9635, 0.9581, 0.9578, 0.956, 0.9489, 0.9509, 0.9429, 0.9335, 0.9261, 0.8818, 0.8125, 0.7652, 0.745, 0.7347, 0.7383, 0.7374, 0.7095, 0.718, 0.7149, 0.7202, 0.7362, 0.7323, 0.7477, 0.7311, 0.731, 0.71, 0.6922, 0.6789]","[65880, 42071, 8269, 28996, 69932, 99898, 85708, 73971, 71023, 64726, 96997, 36819, 66085, 54479, 15133, 8185, 15566, 24911, 39755, 27581, 40467, 20091, 11847, 16, 19, 2, 5, 2, 1, 3, 1, 1]","[-11.7622, -11.7548, -11.724, -11.7372, -11.7687, -11.8118, -11.7892, -11.7757, -11.7732, -11.7662, -11.8214, -11.7204, -11.7692, -11.7487, -11.6322, -11.5724, -11.6103, -11.6432, -11.6831, -11.6083, -11.6655, -11.4745, -11.3265, -9.8165, -9.7353, -8.4512, -8.1223, -6.3942, -5.8101, -6.0172, -4.2433, -1.8402]",2568,Count
CC_037,algorithmic,canonical,meta-llama/Llama-3.1-8B-Instruct,25,32,"[0.9618, 0.9524, 0.9588, 0.9526, 0.9638, 0.9586, 0.9582, 0.9564, 0.9482, 0.9507, 0.943, 0.9336, 0.9264, 0.8804, 0.8146, 0.7623, 0.7441, 0.7264, 0.7304, 0.7253, 0.6934, 0.7024, 0.6958, 0.7041, 0.7247, 0.719, 0.7349, 0.7202, 0.7173, 0.6924, 0.6714, 0.6581]","[66011, 41838, 7832, 28581, 69439, 99377, 85960, 75457, 71673, 64511, 98308, 36785, 65588, 52315, 16291, 8228, 14912, 22394, 34853, 23985, 33988, 16926, 11079, 14, 20, 1, 5, 2, 1, 3, 1, 1]","[-11.7622, -11.7548, -11.7231, -11.7368, -11.7683, -11.8108, -11.7894, -11.7775, -11.7742, -11.7658, -11.8238, -11.7206, -11.7684, -11.7444, -11.6373, -11.5718, -11.6063, -11.6304, -11.6607, -11.5839, -11.627, -11.4346, -11.3023, -9.7513, -9.687, -8.3822, -8.0638, -6.3333, -5.7624, -5.933, -4.1585, -1.6907]",2568,Count
CC_038,algorithmic,canonical,meta-llama/Llama-3.1-8B-Instruct,25,32,"[0.9619, 0.9523, 0.9588, 0.9531, 0.9641, 0.9584, 0.9579, 0.9558, 0.9474, 0.95, 0.9426, 0.933, 0.9249, 0.8747, 0.8064, 0.7506, 0.7275, 0.7071, 0.7069, 0.6992, 0.6645, 0.6749, 0.6659, 0.6762, 0.6998, 0.6948, 0.7127, 0.6986, 0.6948, 0.6679, 0.6469, 0.6316]","[66122, 41731, 7865, 28701, 69491, 99656, 85873, 74296, 70163, 63627, 100551, 36714, 67621, 49451, 15493, 8736, 14745, 20759, 31131, 21138, 29310, 14334, 10439, 14, 20, 2, 5, 2, 1, 3, 1, 1]","[-11.7622, -11.7547, -11.7232, -11.7368, -11.7684, -11.8114, -11.7894, -11.776, -11.7722, -11.7646, -11.8282, -11.7203, -11.7719, -11.7386, -11.6322, -11.5749, -11.6045, -11.6209, -11.6417, -11.5609, -11.5939, -11.3967, -11.278, -9.6847, -9.6281, -8.3029, -7.994, -6.2467, -5.6639, -5.8042, -4.0414, -1.5285]",2568,Count
CC_039,algorithmic,canonical,meta-llama/Llama-3.1-8B-Instruct,25,32,"[0.9616, 0.9523, 0.9589, 0.9529, 0.9636, 0.9586, 0.9583, 0.9566, 0.9492, 0.9509, 0.9438, 0.9345, 0.9271, 0.8853, 0.8295, 0.786, 0.7712, 0.7641, 0.7698, 0.7721, 0.7494, 0.7592, 0.7614, 0.7654, 0.7804, 0.7738, 0.7857, 0.7729, 0.7712, 0.7533, 0.7346, 0.723]","[66401, 42532, 7970, 28336, 68333, 99245, 84165, 73389, 71787, 63919, 101835, 39174, 67129, 49863, 16874, 9754, 17276, 25011, 39506, 30299, 44755, 22174, 13948, 17, 22, 3, 5, 2, 1, 3, 1, 1]","[-11.7623, -11.755, -11.7234, -11.7367, -11.7673, -11.8107, -11.7873, -11.7749, -11.7743, -11.765, -11.831, -11.7245, -11.7709, -11.7397, -11.6414, -11.5853, -11.6197, -11.6433, -11.6818, -11.6245, -11.6873, -11.4958, -11.3559, -9.9127, -9.8105, -8.5727, -8.2333, -6.5309, -5.9456, -6.1322, -4.3865, -2.018]",2568,Count
CC_040,algorithmic,canonical,meta-llama/Llama-3.1-8B-Instruct,25,32,"[0.9618, 0.9523, 0.9586, 0.9526, 0.9636, 0.9581, 0.9578, 0.9562, 0.9485, 0.9507, 0.9432, 0.9334, 0.926, 0.88, 0.8234, 0.7773, 0.7598, 0.7482, 0.7502, 0.7494, 0.7222, 0.7302, 0.7257, 0.7308, 0.7492, 0.7432, 0.757, 0.7434, 0.7404, 0.7191, 0.6989, 0.6883]","[65973, 41985, 8004, 28998, 69432, 100144, 85314, 74639, 72215, 63256, 101240, 38156, 69984, 47535, 15805, 8653, 14258, 20743, 32985, 24883, 35533, 17766, 12361, 17, 24, 4, 5, 2, 1, 3, 1, 1]","[-11.7622, -11.7548, -11.7234, -11.7371, -11.7683, -11.8122, -11.7886, -11.7765, -11.7748, -11.7641, -11.8297, -11.7227, -11.7758, -11.735, -11.6353, -11.5761, -11.6025, -11.6216, -11.6513, -11.589, -11.6351, -11.4403, -11.3156, -9.7969, -9.7263, -8.4454, -8.1141, -6.392, -5.8317, -5.9211, -4.1619, -1.7296]",2568,Count
CC_041,algorithmic,canonical,meta-llama/Llama-3.1-8B-Instruct,25,32,"[0.9617, 0.9522, 0.9586, 0.9526, 0.9636, 0.9585, 0.9583, 0.9566, 0.9488, 0.9511, 0.9433, 0.9342, 0.9272, 0.8848, 0.832, 0.7891, 0.774, 0.7656, 0.7721, 0.7726, 0.7497, 0.7593, 0.7589, 0.7636, 0.778, 0.7711, 0.7823, 0.7691, 0.7679, 0.7493, 0.7299, 0.7192]","[66202, 42108, 8098, 29033, 69481, 100259, 85998, 75396, 73320, 63881, 100252, 36071, 65569, 52601, 17505, 9688, 17897, 27368, 41898, 33834, 49112, 24125, 15354, 18, 26, 4, 5, 2, 1, 3, 1, 1]","[-11.7622, -11.7549, -11.7237, -11.7372, -11.7684, -11.8124, -11.7895, -11.7774, -11.7762, -11.7649, -11.8278, -11.7194, -11.7682, -11.7448, -11.6442, -11.5849, -11.6226, -11.6529, -11.6918, -11.6435, -11.7084, -11.5137, -11.3743, -9.9646, -9.8644, -8.6209, -8.2872, -6.576, -6.0256, -6.1821, -4.3986, -2.0761]",2568,Count
CC_042,algorithmic,canonical,meta-llama/Llama-3.1-8B-Instruct,25,32,"[0.9639, 0.9547, 0.9613, 0.9546, 0.9643, 0.9584, 0.958, 0.9569, 0.9494, 0.9495, 0.9415, 0.9322, 0.9231, 0.8767, 0.8182, 0.7766, 0.7642, 0.7551, 0.7603, 0.7588, 0.7324, 0.7456, 0.7444, 0.7515, 0.7677, 0.7626, 0.7739, 0.7608, 0.7583, 0.7368, 0.7172, 0.7052]","[66299, 42408, 8328, 27564, 70642, 101824, 87445, 77064, 67700, 61312, 98594, 34707, 66764, 50333, 15223, 7571, 14207, 20800, 35622, 25878, 35425, 17793, 11272, 17, 20, 3, 5, 2, 1, 3, 1, 1]","[-11.7623, -11.755, -11.7243, -11.7359, -11.7694, -11.8145, -11.7912, -11.7793, -11.769, -11.7613, -11.8237, -11.7172, -11.7703, -11.7406, -11.6322, -11.5671, -11.6027, -11.6211, -11.6622, -11.595, -11.6346, -11.4412, -11.3011, -9.7895, -9.7097, -8.4129, -8.08, -6.3465, -5.8259, -5.9348, -4.1804, -1.779]",2568,Count
CC_043,algorithmic,canonical,meta-llama/Llama-3.1-8B-Instruct,25,32,"[0.9616, 0.9522, 0.9588, 0.9531, 0.9638, 0.9588, 0.9586, 0.957, 0.9496, 0.9525, 0.9452, 0.9361, 0.9283, 0.8835, 0.8255, 0.7815, 0.7665, 0.7572, 0.7626, 0.7644, 0.7407, 0.7506, 0.7518, 0.7553, 0.7706, 0.7647, 0.7778, 0.7644, 0.7632, 0.7429, 0.7237, 0.7119]","[66313, 42353, 8209, 28896, 69480, 99250, 84615, 74284, 71490, 64308, 101946, 38610, 65511, 50799, 17313, 9476, 17555, 27067, 41290, 30966, 45567, 22719, 14295, 17, 22, 2, 5, 2, 1, 3, 1, 1]","[-11.7623, -11.7549, -11.7238, -11.7371, -11.7683, -11.8107, -11.7878, -11.776, -11.7739, -11.7655, -11.8312, -11.7234, -11.7682, -11.7414, -11.6427, -11.5825, -11.6207, -11.652, -11.6895, -11.6296, -11.6915, -11.5028, -11.3649, -9.9301, -9.8203, -8.5796, -8.2363, -6.5442, -5.9708, -6.1479, -4.4192, -2.06]",2568,Count
CC_044,algorithmic,canonical,meta-llama/Llama-3.1-8B-Instruct,25,32,"[0.9639, 0.9548, 0.961, 0.954, 0.9642, 0.9581, 0.9578, 0.9567, 0.9503, 0.9498, 0.9421, 0.9329, 0.9236, 0.8785, 0.8197, 0.7789, 0.7667, 0.7569, 0.7616, 0.762, 0.7372, 0.7496, 0.7496, 0.7551, 0.7713, 0.7663, 0.7783, 0.7662, 0.7667, 0.748, 0.7286, 0.7159]","[65791, 42025, 8069, 27212, 70452, 101489, 87733, 77395, 68514, 63261, 99321, 36966, 66941, 49692, 15794, 7875, 14875, 22119, 38448, 28718, 40604, 20775, 12564, 17, 20, 2, 5, 2, 1, 3, 1, 1]","[-11.7621, -11.7549, -11.7238, -11.7356, -11.7693, -11.8142, -11.7917, -11.7797, -11.77, -11.764, -11.8253, -11.7211, -11.7706, -11.7394, -11.6356, -11.5704, -11.6072, -11.629, -11.6759, -11.6138, -11.6657, -11.4783, -11.3334, -9.856, -9.7711, -8.5336, -8.1862, -6.4675, -5.9285, -6.0312, -4.2846, -1.9481]",2568,Count
CC_045,algorithmic,canonical,meta-llama/Llama-3.1-8B-Instruct,25,32,"[0.9638, 0.9546, 0.9609, 0.954, 0.964, 0.9577, 0.9572, 0.9559, 0.9488, 0.9488, 0.9407, 0.9314, 0.9215, 0.8734, 0.8129, 0.7718, 0.7572, 0.7478, 0.7522, 0.7486, 0.72, 0.7305, 0.728, 0.7338, 0.7511, 0.7471, 0.7596, 0.746, 0.7439, 0.7224, 0.701, 0.6924]","[65943, 42299, 8260, 27617, 70796, 101472, 87277, 76925, 69131, 60778, 96302, 34899, 64492, 48347, 14752, 7455, 13935, 20675, 35542, 26474, 37266, 19196, 12483, 15, 20, 2, 5, 2, 1, 3, 1, 1]","[-11.7622, -11.755, -11.7241, -11.736, -11.7696, -11.814, -11.791, -11.7791, -11.7708, -11.7605, -11.8194, -11.7176, -11.7667, -11.7368, -11.6296, -11.5656, -11.6013, -11.6207, -11.6618, -11.5982, -11.6446, -11.4567, -11.3219, -9.7548, -9.6723, -8.3932, -8.0618, -6.3224, -5.7989, -5.9111, -4.1587, -1.7713]",2568,Count
SP_019,algorithmic,canonical,meta-llama/Llama-3.1-8B-Instruct,25,32,"[0.9566, 0.9515, 0.9603, 0.958, 0.9624, 0.9646, 0.9647, 0.9614, 0.9615, 0.9631, 0.9609, 0.9593, 0.9497, 0.9189, 0.8637, 0.8301, 0.8082, 0.7952, 0.7997, 0.7989, 0.774, 0.774, 0.7739, 0.7748, 0.7811, 0.7848, 0.8031, 0.8004, 0.8071, 0.8033, 0.7878, 0.7776]","[97302, 117536, 124545, 108573, 124410, 122888, 122644, 124770, 124290, 127375, 124393, 85733, 93289, 60378, 43387, 28143, 11538, 6313, 8398, 6797, 3061, 2068, 1231, 32, 20, 2, 12, 2, 2, 1, 1, 1]","[-11.7695, -11.7836, -11.8094, -11.7971, -11.8579, -11.8714, -11.8723, -11.8936, -11.8953, -11.9496, -11.9181, -11.7986, -11.8179, -11.76, -11.723, -11.6762, -11.5891, -11.5136, -11.4954, -11.4236, -11.3309, -11.1616, -10.9646, -10.1196, -9.8253, -8.6848, -8.8211, -7.7475, -7.1885, -6.3076, -5.2606, -2.9861]",1858,Path
SP_020,algorithmic,canonical,meta-llama/Llama-3.1-8B-Instruct,25,32,"[0.9581, 0.9535, 0.9618, 0.9594, 0.9634, 0.9651, 0.9646, 0.9605, 0.9589, 0.9596, 0.9548, 0.9501, 0.9402, 0.9106, 0.8593, 0.8331, 0.8137, 0.804, 0.8099, 0.8093, 0.7853, 0.7808, 0.7828, 0.7839, 0.7852, 0.7862, 0.8056, 0.8046, 0.8104, 0.8027, 0.7851, 0.7782]","[97797, 117440, 124966, 107877, 123942, 123120, 122593, 124888, 124234, 127435, 124124, 82949, 93056, 61436, 46565, 35895, 16145, 6216, 8662, 7513, 3560, 2460, 1357, 29, 21, 2, 11, 2, 2, 1, 1, 1]","[-11.7696, -11.7834, -11.811, -11.7966, -11.8538, -11.874, -11.8721, -11.8942, -11.8934, -11.9544, -11.9157, -11.794, -11.8167, -11.7621, -11.7301, -11.6989, -11.6167, -11.5136, -11.4984, -11.4361, -11.3479, -11.1874, -10.9882, -10.1188, -9.8549, -8.7039, -8.8303, -7.7747, -7.1998, -6.3143, -5.2727, -3.0847]",1858,Path
SP_021,algorithmic,canonical,meta-llama/Llama-3.1-8B-Instruct,25,32,"[0.9518, 0.9455, 0.9548, 0.9529, 0.9576, 0.9616, 0.9612, 0.9609, 0.9572, 0.9578, 0.9511, 0.9479, 0.9386, 0.9092, 0.8609, 0.8253, 0.8053, 0.7948, 0.802, 0.8067, 0.7842, 0.7848, 0.7854, 0.7862, 0.7904, 0.7914, 0.8069, 0.802, 0.8076, 0.7987, 0.783, 0.7737]","[96805, 116170, 124697, 105644, 124646, 124364, 123646, 124395, 124190, 127506, 125319, 94535, 94955, 67497, 43072, 30706, 11598, 5823, 8023, 7045, 3432, 2016, 1438, 33, 19, 3, 12, 2, 2, 1, 1, 1]","[-11.7694, -11.7824, -11.8102, -11.7942, -11.8582, -11.8806, -11.8804, -11.8903, -11.8963, -11.9564, -11.9296, -11.8146, -11.8224, -11.7737, -11.7228, -11.6852, -11.5896, -11.5106, -11.495, -11.4324, -11.3462, -11.1691, -11.0024, -10.1579, -9.8686, -8.726, -8.8695, -7.8188, -7.2353, -6.3683, -5.3327, -2.9701]",1858,Path
SP_023,algorithmic,canonical,meta-llama/Llama-3.1-8B-Instruct,25,32,"[0.958, 0.9524, 0.9621, 0.9595, 0.963, 0.966, 0.9651, 0.9618, 0.9593, 0.9585, 0.9545, 0.9515, 0.9421, 0.908, 0.8474, 0.8222, 0.8044, 0.7909, 0.7954, 0.797, 0.7731, 0.7713, 0.7753, 0.7763, 0.7835, 0.7849, 0.8038, 0.8005, 0.8061, 0.8005, 0.7821, 0.7678]","[97787, 117196, 124538, 106921, 124459, 123630, 123632, 124831, 124674, 127493, 124066, 84107, 93707, 67240, 48017, 35241, 15360, 6863, 9087, 10246, 4948, 3751, 2063, 36, 24, 3, 12, 2, 2, 1, 1, 1]","[-11.7696, -11.7832, -11.8092, -11.7954, -11.8573, -11.8764, -11.8778, -11.8937, -11.8971, -11.9554, -11.9149, -11.796, -11.8189, -11.7732, -11.7336, -11.6975, -11.6121, -11.5193, -11.501, -11.4713, -11.3822, -11.2436, -11.0515, -10.1877, -9.9093, -8.7579, -8.905, -7.819, -7.23, -6.3599, -5.3566, -2.9859]",1858,Path
SP_024,algorithmic,canonical,meta-llama/Llama-3.1-8B-Instruct,25,32,"[0.9533, 0.947, 0.9574, 0.9545, 0.96, 0.9644, 0.9636, 0.9626, 0.9566, 0.9559, 0.9468, 0.9443, 0.9388, 0.9142, 0.8768, 0.8433, 0.821, 0.8124, 0.82, 0.8246, 0.8041, 0.8091, 0.8099, 0.8106, 0.8113, 0.8095, 0.8245, 0.8169, 0.8207, 0.8089, 0.7886, 0.7765]","[96035, 115590, 124374, 105626, 124651, 124232, 124013, 124793, 124284, 127410, 124763, 88649, 92327, 62990, 44146, 26453, 9408, 6201, 6174, 6918, 2766, 1446, 1321, 29, 15, 2, 10, 2, 2, 1, 1, 1]","[-11.7692, -11.782, -11.8091, -11.794, -11.8584, -11.8796, -11.8822, -11.8926, -11.8964, -11.9514, -11.9211, -11.8036, -11.8161, -11.765, -11.7255, -11.6735, -11.575, -11.515, -11.4741, -11.4339, -11.3346, -11.1342, -10.9899, -10.1943, -9.8386, -8.7614, -8.8963, -7.9002, -7.3402, -6.4767, -5.4867, -3.1605]",1858,Path
SP_026,algorithmic,canonical,meta-llama/Llama-3.1-8B-Instruct,25,32,"[0.9518, 0.9453, 0.9548, 0.953, 0.9586, 0.9626, 0.9624, 0.9602, 0.9563, 0.9573, 0.9486, 0.9455, 0.937, 0.9062, 0.8622, 0.8339, 0.815, 0.809, 0.8169, 0.8224, 0.8032, 0.8094, 0.8121, 0.8145, 0.818, 0.8174, 0.8323, 0.8274, 0.8309, 0.8243, 0.81, 0.7983]","[96055, 115237, 123936, 104729, 124613, 124395, 123443, 124176, 124088, 127660, 125502, 96103, 92050, 65805, 42862, 32527, 12619, 6816, 7260, 6932, 3322, 2136, 1361, 29, 16, 2, 10, 2, 2, 1, 1, 1]","[-11.7692, -11.7817, -11.8076, -11.7933, -11.8576, -11.881, -11.8784, -11.8885, -11.8954, -11.9631, -11.9317, -11.8177, -11.8166, -11.7705, -11.7221, -11.691, -11.5963, -11.5223, -11.4855, -11.4332, -11.3494, -11.1819, -10.9968, -10.1673, -9.8389, -8.7466, -8.8952, -7.9072, -7.3406, -6.5114, -5.5404, -3.153]",1858,Path
SP_027,algorithmic,canonical,meta-llama/Llama-3.1-8B-Instruct,25,32,"[0.9567, 0.9513, 0.9604, 0.9584, 0.9629, 0.9651, 0.9653, 0.9618, 0.9615, 0.9627, 0.9595, 0.9573, 0.9485, 0.9199, 0.8672, 0.8346, 0.8135, 0.7972, 0.8027, 0.8027, 0.7788, 0.7755, 0.7782, 0.7795, 0.7874, 0.7895, 0.8059, 0.8036, 0.8096, 0.8044, 0.7876, 0.7809]","[97895, 117482, 124440, 108979, 124466, 123051, 122753, 124843, 124287, 127401, 124388, 85612, 92962, 62833, 44850, 29929, 11866, 6319, 8431, 7324, 3491, 2273, 1223, 34, 22, 2, 12, 2, 2, 1, 1, 1]","[-11.7697, -11.7835, -11.8091, -11.7976, -11.8581, -11.8721, -11.8721, -11.8934, -11.8944, -11.9514, -11.9179, -11.7985, -11.8172, -11.7647, -11.7265, -11.6822, -11.5919, -11.5144, -11.4954, -11.4325, -11.3452, -11.1762, -10.9671, -10.1248, -9.8447, -8.6748, -8.8067, -7.7267, -7.1666, -6.2967, -5.2671, -2.9225]",1858,Path
SP_028,algorithmic,canonical,meta-llama/Llama-3.1-8B-Instruct,25,32,"[0.9554, 0.9495, 0.9601, 0.9568, 0.9626, 0.9658, 0.9656, 0.9635, 0.9593, 0.9582, 0.9529, 0.9501, 0.9446, 0.9241, 0.8833, 0.8509, 0.8278, 0.8145, 0.8213, 0.8232, 0.8021, 0.8043, 0.8042, 0.8044, 0.8077, 0.8056, 0.8191, 0.8133, 0.8165, 0.8058, 0.7863, 0.7763]","[96675, 116219, 124733, 106904, 124830, 124276, 123758, 124614, 124270, 127326, 124619, 89541, 98261, 63177, 41471, 31708, 12695, 7611, 8513, 8296, 3738, 1781, 1352, 31, 17, 2, 10, 2, 2, 1, 1, 1]","[-11.7694, -11.7824, -11.8104, -11.7952, -11.8598, -11.8804, -11.8789, -11.8901, -11.8952, -11.9485, -11.9188, -11.8049, -11.828, -11.7653, -11.7196, -11.6888, -11.5989, -11.5316, -11.5025, -11.4535, -11.3649, -11.1643, -11.0, -10.2106, -9.8544, -8.7744, -8.9023, -7.8766, -7.3269, -6.4482, -5.4647, -3.1946]",1858,Path
SP_029,algorithmic,canonical,meta-llama/Llama-3.1-8B-Instruct,25,32,"[0.9548, 0.9493, 0.9603, 0.9568, 0.9625, 0.9655, 0.9651, 0.9622, 0.9585, 0.957, 0.9502, 0.9462, 0.9415, 0.9217, 0.8843, 0.8486, 0.8251, 0.8133, 0.8205, 0.8211, 0.7998, 0.8029, 0.8032, 0.8043, 0.8074, 0.8057, 0.8193, 0.8121, 0.8151, 0.8055, 0.7868, 0.7776]","[96738, 115980, 124687, 106908, 124951, 124412, 123806, 124704, 124310, 127355, 124557, 88594, 97024, 62392, 38337, 29598, 11717, 6962, 8376, 7040, 3012, 1254, 1014, 28, 16, 2, 11, 2, 2, 1, 1, 1]","[-11.7694, -11.7822, -11.8101, -11.7952, -11.8603, -11.8817, -11.8792, -11.8911, -11.8956, -11.9485, -11.9178, -11.8031, -11.8252, -11.7637, -11.7122, -11.6824, -11.5931, -11.5248, -11.4999, -11.4326, -11.3398, -11.1141, -10.9464, -10.1728, -9.8209, -8.7425, -8.8655, -7.855, -7.2965, -6.4304, -5.4338, -3.1594]",1858,Path
SP_030,algorithmic,canonical,meta-llama/Llama-3.1-8B-Instruct,25,32,"[0.9551, 0.9493, 0.9598, 0.9567, 0.9625, 0.9656, 0.9653, 0.9629, 0.9591, 0.9582, 0.9511, 0.9478, 0.9428, 0.9221, 0.8818, 0.8471, 0.8256, 0.8117, 0.8187, 0.8198, 0.7982, 0.7981, 0.7974, 0.7981, 0.8016, 0.8012, 0.8158, 0.8109, 0.8141, 0.8045, 0.7861, 0.7787]","[96753, 115990, 124636, 106486, 124777, 124356, 123768, 124668, 124180, 127311, 124313, 87384, 95633, 58522, 36503, 28889, 10474, 6041, 7462, 6592, 2921, 1455, 1072, 31, 18, 2, 11, 2, 2, 1, 1, 1]","[-11.7694, -11.7823, -11.81, -11.7949, -11.8593, -11.8812, -11.8794, -11.8909, -11.8946, -11.9483, -11.9161, -11.8012, -11.8226, -11.7563, -11.7075, -11.68, -11.5834, -11.5125, -11.4871, -11.4245, -11.3342, -11.1285, -10.9498, -10.1514, -9.8116, -8.696, -8.8259, -7.7881, -7.2258, -6.3505, -5.3669, -3.0522]",1858,Path
WIS_006,algorithmic,canonical,meta-llama/Llama-3.1-8B-Instruct,25,32,"[0.9757, 0.971, 0.9741, 0.9705, 0.9774, 0.9786, 0.9774, 0.9742, 0.9705, 0.9696, 0.9716, 0.97, 0.9653, 0.9505, 0.9276, 0.9012, 0.8815, 0.8579, 0.8603, 0.8599, 0.8461, 0.8513, 0.8405, 0.838, 0.8394, 0.8316, 0.8438, 0.8343, 0.8341, 0.8272, 0.822, 0.8226]","[127501, 126483, 127600, 124949, 110984, 127189, 116543, 122443, 117905, 116052, 104767, 112276, 119996, 107731, 70402, 93869, 80729, 48809, 49348, 51589, 48180, 24722, 6, 11, 9, 4, 9, 4, 4, 5, 2, 1]","[-11.791, -11.7972, -11.8285, -11.8299, -11.816, -11.9202, -11.8496, -11.8761, -11.86, -11.8611, -11.8364, -11.8539, -11.8909, -11.86, -11.7804, -11.8393, -11.8124, -11.7285, -11.7243, -11.725, -11.7117, -11.5402, -10.0053, -9.8438, -9.6, -9.0708, -8.9281, -8.5125, -7.8411, -7.5277, -6.0279, -3.2203]",6450,Selected
WIS_007,algorithmic,canonical,meta-llama/Llama-3.1-8B-Instruct,25,32,"[0.9766, 0.9719, 0.9744, 0.9714, 0.9775, 0.9788, 0.9776, 0.9741, 0.9693, 0.9677, 0.969, 0.966, 0.9644, 0.9498, 0.9293, 0.9087, 0.8891, 0.8676, 0.8671, 0.8651, 0.8507, 0.8518, 0.8417, 0.8395, 0.8389, 0.8318, 0.8452, 0.8325, 0.8305, 0.8242, 0.8169, 0.8189]","[127437, 126385, 127617, 125443, 110671, 127128, 116425, 122651, 120520, 119229, 107529, 114361, 118271, 105994, 71118, 97540, 83384, 49041, 51381, 44918, 47142, 27875, 6, 9, 9, 4, 8, 4, 2, 2, 2, 1]","[-11.7905, -11.7967, -11.8287, -11.8317, -11.8152, -11.917, -11.8487, -11.8764, -11.8716, -11.8725, -11.8433, -11.859, -11.8825, -11.8544, -11.782, -11.8486, -11.8186, -11.7297, -11.7316, -11.6986, -11.707, -11.5672, -10.0368, -9.8663, -9.6286, -9.1616, -9.0051, -8.5526, -7.8504, -7.5179, -6.0861, -3.324]",6450,Selected
WIS_009,algorithmic,canonical,meta-llama/Llama-3.1-8B-Instruct,25,32,"[0.9751, 0.9697, 0.9718, 0.9682, 0.9766, 0.9783, 0.9772, 0.9739, 0.9707, 0.9716, 0.9711, 0.9682, 0.9627, 0.949, 0.9268, 0.8961, 0.8734, 0.8518, 0.8544, 0.8507, 0.8345, 0.8399, 0.8295, 0.8265, 0.8279, 0.8198, 0.8346, 0.823, 0.8211, 0.8133, 0.8076, 0.8081]","[127567, 126317, 127543, 125275, 110317, 127259, 117040, 123229, 117772, 115624, 105172, 108348, 116505, 105549, 75620, 93411, 76586, 45664, 48221, 48396, 45023, 22299, 6, 9, 8, 5, 7, 3, 3, 5, 2, 1]","[-11.7915, -11.7966, -11.8275, -11.8311, -11.8146, -11.9197, -11.8503, -11.8813, -11.8598, -11.8583, -11.8367, -11.8422, -11.8749, -11.8537, -11.7912, -11.8383, -11.8017, -11.7188, -11.721, -11.7121, -11.6995, -11.5249, -9.9992, -9.8341, -9.597, -9.0939, -8.9653, -8.5278, -7.8318, -7.5176, -6.1034, -3.3846]",6450,Selected
WIS_010,algorithmic,canonical,meta-llama/Llama-3.1-8B-Instruct,25,32,"[0.9756, 0.9704, 0.9732, 0.9687, 0.976, 0.9781, 0.9771, 0.9732, 0.9706, 0.9697, 0.97, 0.9689, 0.9642, 0.9506, 0.9263, 0.9012, 0.8795, 0.8561, 0.8575, 0.8541, 0.8376, 0.8401, 0.8285, 0.822, 0.8248, 0.8142, 0.828, 0.815, 0.8138, 0.8046, 0.7972, 0.799]","[127513, 126380, 127531, 124911, 110461, 127163, 115874, 122634, 117921, 117050, 107309, 109062, 115933, 106865, 70932, 90984, 77643, 43954, 45455, 42240, 42994, 24435, 6, 9, 9, 4, 8, 4, 4, 4, 2, 1]","[-11.791, -11.7968, -11.8275, -11.8296, -11.8146, -11.9191, -11.8472, -11.8785, -11.8606, -11.8638, -11.8421, -11.844, -11.872, -11.8574, -11.7818, -11.8319, -11.8042, -11.7134, -11.7101, -11.6881, -11.6912, -11.5421, -10.038, -9.8722, -9.6408, -9.2006, -9.0492, -8.6177, -7.945, -7.6076, -6.1751, -3.3606]",6450,Selected
WIS_012,algorithmic,canonical,meta-llama/Llama-3.1-8B-Instruct,25,32,"[0.9749, 0.9695, 0.9721, 0.9683, 0.9767, 0.9785, 0.9776, 0.9745, 0.9712, 0.9721, 0.9724, 0.9706, 0.9656, 0.9547, 0.9347, 0.9062, 0.8826, 0.8593, 0.8609, 0.8598, 0.8458, 0.8526, 0.8427, 0.8403, 0.8415, 0.8356, 0.8485, 0.836, 0.8345, 0.8274, 0.8219, 0.8233]","[127562, 126380, 127573, 125345, 111000, 127307, 117480, 123591, 118580, 116870, 106935, 110032, 116270, 107633, 74059, 93619, 81129, 48391, 51195, 53121, 50216, 25714, 6, 9, 8, 3, 9, 4, 2, 2, 2, 1]","[-11.7914, -11.7968, -11.8279, -11.8314, -11.8156, -11.9209, -11.8518, -11.8844, -11.8637, -11.8627, -11.8408, -11.8462, -11.8736, -11.8595, -11.7883, -11.8398, -11.8139, -11.7274, -11.7318, -11.7321, -11.7209, -11.5542, -10.0222, -9.8509, -9.62, -9.1435, -9.0104, -8.5901, -7.9064, -7.6044, -6.2249, -3.412]",6450,Selected
WIS_013,algorithmic,canonical,meta-llama/Llama-3.1-8B-Instruct,27,32,"[0.9766, 0.9717, 0.9739, 0.9712, 0.9775, 0.9787, 0.9774, 0.9743, 0.9699, 0.9689, 0.9704, 0.9684, 0.9655, 0.9517, 0.9297, 0.9058, 0.888, 0.8662, 0.8674, 0.8661, 0.8528, 0.8546, 0.8428, 0.8396, 0.8398, 0.8314, 0.8441, 0.8328, 0.8283, 0.8202, 0.8113, 0.8152]","[127439, 126348, 127607, 125351, 110291, 127186, 116427, 122672, 120387, 118815, 104452, 111566, 117016, 105102, 70703, 94009, 75865, 40968, 44542, 40232, 39180, 22486, 6, 10, 10, 6, 8, 4, 4, 4, 2, 1]","[-11.7906, -11.7966, -11.8285, -11.8312, -11.8146, -11.9182, -11.8488, -11.8765, -11.8705, -11.8699, -11.8351, -11.8504, -11.8766, -11.8514, -11.781, -11.8386, -11.7993, -11.7035, -11.7059, -11.6758, -11.6705, -11.5178, -9.9912, -9.8272, -9.594, -9.0738, -8.9195, -8.4704, -7.7618, -7.4416, -6.0047, -3.2627]",6450,Selected
WIS_014,algorithmic,canonical,meta-llama/Llama-3.1-8B-Instruct,27,32,"[0.9768, 0.972, 0.9748, 0.9718, 0.9778, 0.9788, 0.9776, 0.9746, 0.9705, 0.9697, 0.9711, 0.969, 0.9662, 0.9524, 0.9293, 0.9053, 0.8884, 0.8693, 0.8707, 0.8681, 0.8551, 0.8571, 0.8457, 0.8423, 0.8415, 0.8347, 0.8474, 0.8344, 0.8294, 0.8205, 0.8111, 0.8123]","[127456, 126426, 127612, 125395, 110327, 127129, 116701, 122569, 119732, 117843, 103426, 111210, 116955, 106488, 72024, 95271, 77658, 42359, 46093, 41901, 40763, 23417, 6, 10, 11, 6, 9, 3, 4, 4, 2, 1]","[-11.7907, -11.7969, -11.8286, -11.8315, -11.8148, -11.9173, -11.8498, -11.8761, -11.8675, -11.8664, -11.8331, -11.8497, -11.8768, -11.8554, -11.7835, -11.8423, -11.8043, -11.7086, -11.7115, -11.6835, -11.6782, -11.5258, -10.0028, -9.8367, -9.6104, -9.098, -8.9406, -8.4865, -7.7744, -7.4528, -6.0059, -3.2313]",6450,Selected
WIS_015,algorithmic,canonical,meta-llama/Llama-3.1-8B-Instruct,27,32,"[0.9766, 0.9716, 0.9741, 0.9711, 0.9774, 0.9787, 0.9777, 0.9746, 0.97, 0.9682, 0.9695, 0.9676, 0.965, 0.9522, 0.9303, 0.9056, 0.8876, 0.8683, 0.8698, 0.868, 0.8543, 0.8556, 0.8436, 0.8404, 0.8407, 0.8325, 0.8449, 0.8339, 0.8294, 0.823, 0.8144, 0.8181]","[127448, 126404, 127597, 125299, 110324, 127130, 116485, 122690, 120014, 118464, 104634, 111280, 117137, 104539, 69968, 93520, 76314, 42724, 45120, 42611, 43252, 24804, 6, 10, 10, 6, 8, 4, 3, 4, 2, 1]","[-11.7906, -11.7968, -11.8283, -11.8311, -11.8147, -11.917, -11.8489, -11.8767, -11.869, -11.8684, -11.8356, -11.8494, -11.8771, -11.8501, -11.7795, -11.8376, -11.8006, -11.7098, -11.7088, -11.6874, -11.6904, -11.5384, -10.0173, -9.8542, -9.6151, -9.1367, -8.969, -8.5003, -7.7446, -7.4202, -6.0561, -3.3048]",6450,Selected
WIS_016,algorithmic,canonical,meta-llama/Llama-3.1-8B-Instruct,25,32,"[0.9766, 0.9717, 0.9742, 0.9714, 0.9777, 0.9787, 0.9776, 0.9747, 0.9703, 0.9694, 0.97, 0.9681, 0.9651, 0.9508, 0.9284, 0.9028, 0.8848, 0.8613, 0.8631, 0.8613, 0.8476, 0.8515, 0.8419, 0.8382, 0.8379, 0.8298, 0.8426, 0.8314, 0.8278, 0.8191, 0.8092, 0.8112]","[127443, 126416, 127605, 125330, 110267, 127120, 116503, 122579, 120046, 118991, 105131, 112772, 117229, 105210, 69932, 96123, 76350, 38571, 42968, 39324, 37047, 20311, 6, 10, 10, 5, 8, 4, 4, 4, 2, 1]","[-11.7906, -11.7968, -11.8284, -11.8312, -11.8147, -11.9173, -11.849, -11.8765, -11.869, -11.8705, -11.8367, -11.854, -11.8778, -11.852, -11.7796, -11.8451, -11.8011, -11.6954, -11.7005, -11.6721, -11.6606, -11.4991, -9.9803, -9.8191, -9.5854, -9.0394, -8.8792, -8.4215, -7.699, -7.3808, -5.9208, -3.1768]",6450,Selected
WIS_017,algorithmic,canonical,meta-llama/Llama-3.1-8B-Instruct,27,32,"[0.9765, 0.9718, 0.9746, 0.9713, 0.9775, 0.9789, 0.9779, 0.9746, 0.9707, 0.9703, 0.9717, 0.9698, 0.9676, 0.954, 0.9312, 0.908, 0.8895, 0.8721, 0.8721, 0.8721, 0.8586, 0.8612, 0.8501, 0.8466, 0.8448, 0.8368, 0.8511, 0.8401, 0.8384, 0.8325, 0.8262, 0.8325]","[127437, 126391, 127631, 125387, 109948, 127108, 116398, 122527, 119716, 118151, 103623, 111522, 118333, 106877, 72509, 95315, 77497, 41300, 46829, 39832, 36728, 20603, 7, 10, 11, 6, 9, 3, 2, 4, 2, 1]","[-11.7906, -11.7967, -11.8287, -11.8314, -11.814, -11.9164, -11.8485, -11.8755, -11.8669, -11.8679, -11.8336, -11.8509, -11.8827, -11.8569, -11.7848, -11.8429, -11.8036, -11.7047, -11.7143, -11.6754, -11.6599, -11.4998, -9.9851, -9.8153, -9.603, -9.0877, -8.9053, -8.4669, -7.7039, -7.4569, -6.0836, -3.2357]",6450,Selected
WIS_018,algorithmic,canonical,meta-llama/Llama-3.1-8B-Instruct,27,32,"[0.9765, 0.9719, 0.9752, 0.9718, 0.9777, 0.979, 0.9777, 0.9745, 0.9701, 0.9695, 0.9712, 0.9692, 0.9668, 0.9537, 0.9318, 0.9076, 0.8893, 0.8716, 0.8724, 0.8721, 0.8582, 0.8604, 0.8504, 0.8469, 0.8472, 0.8364, 0.8489, 0.839, 0.836, 0.8294, 0.8216, 0.8273]","[127441, 126356, 127611, 125321, 109776, 127066, 116154, 122480, 119929, 118134, 104030, 111596, 118651, 106958, 72552, 93627, 75627, 40334, 45279, 38656, 35584, 19742, 7, 10, 11, 6, 8, 3, 2, 3, 2, 1]","[-11.7906, -11.7966, -11.8284, -11.8311, -11.8138, -11.9154, -11.8478, -11.8751, -11.8679, -11.8681, -11.8347, -11.8508, -11.8837, -11.857, -11.7848, -11.8385, -11.7991, -11.7014, -11.7089, -11.67, -11.6542, -11.4923, -9.9813, -9.8118, -9.5938, -9.071, -8.8923, -8.4419, -7.6879, -7.4313, -6.0579, -3.1996]",6450,Selected
WIS_019,algorithmic,canonical,meta-llama/Llama-3.1-8B-Instruct,27,32,"[0.9767, 0.9721, 0.9751, 0.972, 0.9778, 0.9788, 0.9775, 0.9745, 0.9699, 0.969, 0.971, 0.9691, 0.9666, 0.9519, 0.9287, 0.9056, 0.8876, 0.8701, 0.871, 0.871, 0.8567, 0.8589, 0.8482, 0.8442, 0.8435, 0.8344, 0.8468, 0.8366, 0.8322, 0.8256, 0.8185, 0.8236]","[127443, 126359, 127590, 125326, 110002, 127103, 116435, 122586, 120093, 117952, 104530, 111309, 118057, 105449, 71037, 94029, 75830, 40266, 44849, 37904, 35591, 20483, 7, 10, 11, 6, 9, 4, 3, 4, 2, 1]","[-11.7906, -11.7966, -11.8283, -11.8312, -11.814, -11.9164, -11.8488, -11.8757, -11.8685, -11.8672, -11.8356, -11.8498, -11.8811, -11.8527, -11.7817, -11.8393, -11.7996, -11.7011, -11.707, -11.6662, -11.6537, -11.4982, -9.9935, -9.826, -9.6131, -9.1058, -8.9233, -8.4814, -7.7184, -7.4833, -6.1177, -3.2305]",6450,Selected
WIS_020,algorithmic,canonical,meta-llama/Llama-3.1-8B-Instruct,27,32,"[0.9766, 0.972, 0.9753, 0.9723, 0.9782, 0.9791, 0.978, 0.9749, 0.9702, 0.9695, 0.9709, 0.9688, 0.9665, 0.9528, 0.9298, 0.9064, 0.888, 0.8706, 0.8712, 0.8713, 0.8575, 0.8596, 0.8498, 0.8454, 0.8456, 0.8345, 0.8465, 0.8367, 0.8348, 0.8281, 0.821, 0.8262]","[127444, 126336, 127597, 125318, 110144, 127097, 116526, 122502, 119744, 118206, 104222, 111680, 118008, 106255, 72228, 94161, 75813, 39256, 44774, 38302, 35762, 20185, 7, 10, 11, 6, 9, 3, 2, 3, 2, 1]","[-11.7906, -11.7966, -11.8283, -11.831, -11.8143, -11.9162, -11.849, -11.8753, -11.867, -11.868, -11.8349, -11.851, -11.8811, -11.8549, -11.7842, -11.8399, -11.7996, -11.6977, -11.7068, -11.6679, -11.6545, -11.4955, -9.983, -9.8138, -9.6029, -9.0828, -8.8985, -8.4553, -7.69, -7.4461, -6.0739, -3.2147]",6450,Selected
SP_031,algorithmic,canonical,meta-llama/Llama-3.1-8B-Instruct,25,32,"[0.9584, 0.9534, 0.9629, 0.9608, 0.9646, 0.9667, 0.9658, 0.9619, 0.9609, 0.9618, 0.9576, 0.9542, 0.9456, 0.9128, 0.863, 0.8355, 0.8146, 0.8032, 0.8094, 0.8112, 0.7898, 0.7888, 0.7921, 0.7937, 0.8003, 0.8017, 0.8174, 0.816, 0.818, 0.8124, 0.7937, 0.7841]","[98004, 117271, 124515, 106323, 123523, 123207, 122285, 124678, 124484, 127521, 124312, 81960, 91518, 63398, 51047, 37077, 15770, 7197, 8757, 9348, 4778, 3317, 1985, 38, 28, 3, 12, 2, 2, 1, 1, 1]","[-11.7697, -11.7833, -11.8094, -11.7949, -11.8514, -11.8745, -11.8701, -11.8926, -11.896, -11.9565, -11.9172, -11.7924, -11.8135, -11.7659, -11.7405, -11.7026, -11.6154, -11.5262, -11.5008, -11.4649, -11.3833, -11.2318, -11.053, -10.2161, -9.9465, -8.849, -8.9686, -7.9352, -7.3862, -6.4903, -5.4339, -3.1738]",1858,Path
SP_032,algorithmic,canonical,meta-llama/Llama-3.1-8B-Instruct,25,32,"[0.9603, 0.9548, 0.9641, 0.9612, 0.9644, 0.9667, 0.9658, 0.9616, 0.9596, 0.9581, 0.9535, 0.9502, 0.9411, 0.909, 0.8501, 0.8197, 0.8058, 0.7979, 0.806, 0.8076, 0.7855, 0.7841, 0.7864, 0.7872, 0.7946, 0.7969, 0.8141, 0.8114, 0.8175, 0.812, 0.7951, 0.7849]","[98496, 117887, 124672, 107922, 123806, 123486, 123028, 124515, 124361, 127416, 124762, 83576, 88979, 61304, 51825, 34562, 13785, 5540, 7767, 7905, 3907, 2718, 1645, 35, 23, 3, 11, 2, 2, 1, 1, 1]","[-11.7698, -11.7838, -11.8096, -11.7964, -11.853, -11.8743, -11.8739, -11.8895, -11.894, -11.9534, -11.9219, -11.795, -11.8089, -11.7618, -11.7422, -11.6955, -11.6034, -11.5059, -11.4886, -11.4442, -11.3605, -11.2016, -11.0166, -10.1749, -9.8912, -8.7536, -8.8812, -7.8243, -7.2391, -6.3618, -5.2837, -3.0754]",1858,Path
SP_033,algorithmic,canonical,meta-llama/Llama-3.1-8B-Instruct,25,32,"[0.9603, 0.9549, 0.9643, 0.9616, 0.9645, 0.967, 0.9662, 0.9625, 0.961, 0.9601, 0.9553, 0.9528, 0.9432, 0.9126, 0.8519, 0.8206, 0.8052, 0.7933, 0.7998, 0.8009, 0.7772, 0.7754, 0.7806, 0.7832, 0.791, 0.7929, 0.8123, 0.812, 0.8174, 0.8134, 0.7969, 0.7876]","[98927, 117995, 124473, 107118, 123640, 123179, 122744, 124306, 124286, 127442, 124734, 83024, 89216, 60949, 51344, 35689, 13494, 5839, 8165, 8256, 4321, 2927, 1611, 33, 24, 3, 12, 2, 2, 1, 1, 1]","[-11.7699, -11.7839, -11.809, -11.7955, -11.852, -11.8727, -11.8721, -11.8879, -11.8941, -11.9546, -11.9216, -11.794, -11.8093, -11.7612, -11.7412, -11.6987, -11.6023, -11.5099, -11.4926, -11.4465, -11.367, -11.2061, -11.0058, -10.1436, -9.8789, -8.6957, -8.8277, -7.7662, -7.1641, -6.3196, -5.2741, -2.9438]",1858,Path
SP_034,algorithmic,canonical,meta-llama/Llama-3.1-8B-Instruct,25,32,"[0.9601, 0.9547, 0.9635, 0.9605, 0.964, 0.9664, 0.9653, 0.9621, 0.9603, 0.9588, 0.9541, 0.9513, 0.9421, 0.911, 0.8539, 0.821, 0.8077, 0.7956, 0.8021, 0.803, 0.7797, 0.7764, 0.7792, 0.7798, 0.7872, 0.7892, 0.8066, 0.8048, 0.8087, 0.8034, 0.7853, 0.7738]","[98904, 118127, 124778, 108018, 123790, 123304, 122660, 124426, 124389, 127447, 124404, 83034, 89359, 59071, 51534, 33912, 13096, 5904, 7767, 7920, 3973, 2631, 1698, 33, 23, 3, 12, 2, 2, 1, 1, 1]","[-11.7699, -11.784, -11.81, -11.7966, -11.853, -11.8734, -11.8717, -11.8888, -11.8943, -11.9547, -11.9186, -11.7941, -11.8096, -11.7576, -11.7418, -11.6948, -11.5996, -11.5102, -11.4884, -11.4434, -11.3598, -11.1956, -11.0168, -10.1434, -9.8749, -8.7076, -8.8423, -7.7882, -7.185, -6.29, -5.2245, -2.9791]",1858,Path
SP_035,algorithmic,canonical,meta-llama/Llama-3.1-8B-Instruct,25,32,"[0.9617, 0.9569, 0.9655, 0.9621, 0.9646, 0.965, 0.9646, 0.9607, 0.9589, 0.9602, 0.9573, 0.9537, 0.9444, 0.9096, 0.8533, 0.8228, 0.8081, 0.8033, 0.8126, 0.8142, 0.7944, 0.7963, 0.7978, 0.7993, 0.8043, 0.8055, 0.8205, 0.8167, 0.8184, 0.8093, 0.7921, 0.7798]","[99445, 118972, 125143, 108464, 123704, 123126, 122739, 124733, 124421, 127559, 124526, 85775, 94870, 64977, 49295, 31223, 12624, 6068, 7794, 9051, 4416, 2937, 1811, 33, 18, 2, 10, 2, 2, 1, 1, 1]","[-11.7701, -11.7846, -11.8116, -11.7969, -11.8535, -11.8731, -11.8716, -11.8913, -11.8943, -11.9575, -11.9198, -11.7988, -11.821, -11.7689, -11.7369, -11.6875, -11.5974, -11.5141, -11.4915, -11.462, -11.3793, -11.2175, -11.0416, -10.2059, -9.8854, -8.7901, -8.9087, -7.8896, -7.3194, -6.4578, -5.4378, -3.189]",1858,Path
SP_036,algorithmic,canonical,meta-llama/Llama-3.1-8B-Instruct,25,32,"[0.9603, 0.9549, 0.9636, 0.9608, 0.9644, 0.9668, 0.9657, 0.9621, 0.9606, 0.9595, 0.9547, 0.9519, 0.9438, 0.9132, 0.8528, 0.8236, 0.8083, 0.7984, 0.8064, 0.8083, 0.7851, 0.7856, 0.7881, 0.7903, 0.798, 0.7998, 0.8174, 0.8125, 0.8181, 0.813, 0.7959, 0.7817]","[98546, 117908, 124795, 108488, 123835, 123370, 122712, 124480, 124247, 127433, 124689, 82803, 89933, 60975, 51518, 34648, 13330, 5519, 7513, 7251, 3503, 2290, 1407, 33, 21, 2, 12, 2, 2, 1, 1, 1]","[-11.7698, -11.7838, -11.81, -11.7971, -11.8534, -11.8739, -11.872, -11.8892, -11.8929, -11.9539, -11.921, -11.7937, -11.8106, -11.7613, -11.7414, -11.6953, -11.6, -11.5044, -11.485, -11.4325, -11.3478, -11.177, -10.9884, -10.1171, -9.8434, -8.6718, -8.8002, -7.7266, -7.1315, -6.2621, -5.2225, -2.8988]",1858,Path
SP_037,algorithmic,canonical,meta-llama/Llama-3.1-8B-Instruct,25,32,"[0.9569, 0.9515, 0.9609, 0.9588, 0.963, 0.9652, 0.9656, 0.9623, 0.9622, 0.9639, 0.9616, 0.9602, 0.9506, 0.9202, 0.8642, 0.8299, 0.8089, 0.7969, 0.802, 0.8024, 0.7791, 0.7781, 0.7801, 0.7819, 0.7882, 0.7866, 0.8063, 0.8036, 0.8106, 0.8064, 0.7882, 0.7809]","[97272, 117325, 124365, 107957, 124401, 122935, 122769, 124811, 124224, 127428, 124300, 84654, 92707, 60869, 44715, 28526, 11866, 6464, 8739, 7189, 3317, 2264, 1303, 35, 21, 2, 12, 2, 2, 1, 1, 1]","[-11.7695, -11.7834, -11.8088, -11.7963, -11.8575, -11.8714, -11.8724, -11.894, -11.8945, -11.951, -11.9166, -11.7969, -11.8168, -11.7611, -11.7261, -11.6777, -11.5914, -11.5159, -11.4996, -11.4304, -11.3384, -11.1744, -10.9757, -10.1356, -9.8538, -8.7022, -8.8422, -7.7443, -7.1774, -6.292, -5.2357, -2.9919]",1858,Path
SP_038,algorithmic,canonical,meta-llama/Llama-3.1-8B-Instruct,25,32,"[0.9522, 0.9458, 0.9552, 0.9531, 0.9575, 0.9613, 0.9609, 0.9606, 0.9573, 0.9579, 0.9511, 0.9479, 0.9392, 0.9122, 0.8647, 0.828, 0.8059, 0.7927, 0.7995, 0.8029, 0.7799, 0.7812, 0.783, 0.7836, 0.7889, 0.7911, 0.8084, 0.8047, 0.8102, 0.8027, 0.7861, 0.7758]","[96761, 116043, 124703, 105600, 124705, 124395, 123688, 124437, 124136, 127528, 125470, 95192, 94379, 63758, 42320, 30588, 11475, 5980, 7743, 6941, 3413, 1933, 1298, 34, 17, 3, 11, 2, 2, 1, 1, 1]","[-11.7694, -11.7823, -11.8103, -11.7942, -11.8589, -11.8811, -11.8806, -11.8905, -11.8959, -11.9572, -11.9313, -11.8156, -11.821, -11.7664, -11.7209, -11.6847, -11.5886, -11.5131, -11.4927, -11.4324, -11.3478, -11.1652, -10.9909, -10.1628, -9.8589, -8.719, -8.8714, -7.8267, -7.2609, -6.4034, -5.3999, -3.0584]",1858,Path
SP_039,algorithmic,canonical,meta-llama/Llama-3.1-8B-Instruct,25,32,"[0.9521, 0.9457, 0.9553, 0.9532, 0.9575, 0.9613, 0.9611, 0.9604, 0.9571, 0.9572, 0.9501, 0.9466, 0.9376, 0.9108, 0.8652, 0.8304, 0.8093, 0.7963, 0.8015, 0.8043, 0.7818, 0.7818, 0.7844, 0.786, 0.7919, 0.7933, 0.8098, 0.8048, 0.8097, 0.802, 0.7872, 0.7758]","[96675, 115957, 124620, 105387, 124680, 124406, 123488, 124187, 123918, 127516, 125372, 93507, 93684, 64797, 43884, 31005, 11734, 6165, 8098, 7812, 3909, 2352, 1523, 35, 20, 3, 11, 2, 2, 1, 1, 1]","[-11.7694, -11.7823, -11.8099, -11.7938, -11.8584, -11.8811, -11.879, -11.8884, -11.8939, -11.9566, -11.93, -11.8125, -11.8194, -11.7684, -11.724, -11.6858, -11.5902, -11.5147, -11.4948, -11.4436, -11.3594, -11.1879, -11.0083, -10.1653, -9.8718, -8.7142, -8.8716, -7.8061, -7.2487, -6.3851, -5.3832, -3.0551]",1858,Path
SP_040,algorithmic,canonical,meta-llama/Llama-3.1-8B-Instruct,25,32,"[0.9547, 0.9491, 0.9602, 0.9566, 0.962, 0.9651, 0.9651, 0.9624, 0.9588, 0.9576, 0.951, 0.9478, 0.9412, 0.9188, 0.8739, 0.8387, 0.816, 0.8051, 0.8112, 0.815, 0.7936, 0.7956, 0.795, 0.7945, 0.7977, 0.7974, 0.8127, 0.8085, 0.8126, 0.8052, 0.7869, 0.7778]","[96390, 115943, 124646, 106547, 124853, 124219, 123678, 124648, 124206, 127275, 124550, 88382, 97779, 61087, 38370, 27228, 11525, 6674, 7287, 6900, 2932, 1459, 1170, 28, 16, 2, 11, 2, 2, 1, 1, 1]","[-11.7693, -11.7822, -11.8101, -11.7948, -11.8598, -11.8801, -11.8789, -11.8906, -11.895, -11.9469, -11.9187, -11.803, -11.8274, -11.7613, -11.7124, -11.6755, -11.5914, -11.5222, -11.4886, -11.4331, -11.3404, -11.1356, -10.975, -10.1869, -9.8402, -8.7666, -8.8779, -7.8483, -7.301, -6.4342, -5.4308, -3.1979]",1858,Path
SP_042,algorithmic,canonical,meta-llama/Llama-3.1-8B-Instruct,25,32,"[0.9518, 0.9451, 0.9548, 0.9528, 0.9582, 0.962, 0.9621, 0.9603, 0.9562, 0.9569, 0.949, 0.946, 0.9383, 0.9075, 0.8651, 0.8375, 0.8186, 0.8125, 0.8203, 0.8257, 0.8065, 0.8139, 0.8163, 0.8189, 0.8211, 0.8205, 0.8354, 0.8295, 0.832, 0.8246, 0.8105, 0.7957]","[96322, 115392, 123967, 105247, 124725, 124372, 123563, 124085, 124038, 127646, 125598, 97189, 94752, 68809, 46820, 34799, 13249, 7639, 8049, 8900, 4422, 2725, 1804, 30, 17, 2, 10, 2, 2, 1, 1, 1]","[-11.7693, -11.7818, -11.8076, -11.7937, -11.8581, -11.8808, -11.8788, -11.888, -11.895, -11.9628, -11.9329, -11.8199, -11.8216, -11.7762, -11.7307, -11.6979, -11.6006, -11.5321, -11.498, -11.4643, -11.3826, -11.2169, -11.0483, -10.2127, -9.8847, -8.8075, -8.9612, -8.0194, -7.4471, -6.6215, -5.6571, -3.2584]",1858,Path
SP_044,algorithmic,canonical,meta-llama/Llama-3.1-8B-Instruct,25,32,"[0.9545, 0.949, 0.9583, 0.9563, 0.9618, 0.9652, 0.9659, 0.9632, 0.9628, 0.9609, 0.956, 0.9506, 0.9428, 0.9076, 0.8502, 0.8239, 0.8085, 0.8005, 0.8098, 0.8158, 0.7954, 0.7979, 0.8041, 0.8056, 0.8102, 0.8118, 0.8275, 0.8229, 0.8286, 0.8229, 0.8082, 0.7951]","[96650, 116674, 124465, 106397, 124600, 123686, 123284, 124753, 124506, 127232, 123791, 82833, 91595, 68189, 49051, 33802, 15486, 8614, 9792, 11999, 6406, 4379, 2250, 39, 21, 2, 10, 2, 2, 1, 1, 1]","[-11.7693, -11.7828, -11.809, -11.7946, -11.8579, -11.8756, -11.8753, -11.892, -11.8958, -11.9445, -11.9117, -11.7937, -11.8142, -11.775, -11.7361, -11.6946, -11.6139, -11.5424, -11.5148, -11.4945, -11.4167, -11.2735, -11.0819, -10.2725, -9.9549, -8.8249, -8.9523, -7.8744, -7.31, -6.4868, -5.5059, -3.0917]",1858,Path
SP_045,algorithmic,canonical,meta-llama/Llama-3.1-8B-Instruct,25,32,"[0.9568, 0.9518, 0.9607, 0.9586, 0.9632, 0.9651, 0.9654, 0.9621, 0.9618, 0.9637, 0.9611, 0.9593, 0.9502, 0.9229, 0.8698, 0.8406, 0.8188, 0.802, 0.8061, 0.8061, 0.7822, 0.7811, 0.7848, 0.7864, 0.7922, 0.7943, 0.8108, 0.807, 0.8127, 0.8063, 0.7887, 0.78]","[97519, 117340, 124443, 108483, 124447, 123063, 122691, 124847, 124215, 127442, 124507, 87590, 94016, 61958, 44642, 31475, 12377, 7340, 9956, 8434, 4174, 2544, 1332, 35, 20, 2, 11, 2, 2, 1, 1, 1]","[-11.7696, -11.7834, -11.8091, -11.797, -11.858, -11.8725, -11.872, -11.8935, -11.8946, -11.9519, -11.9189, -11.8018, -11.8192, -11.7631, -11.726, -11.6868, -11.5948, -11.5259, -11.5111, -11.4479, -11.3615, -11.1882, -10.9828, -10.1618, -9.8639, -8.6928, -8.8253, -7.7522, -7.1981, -6.3358, -5.2932, -2.9621]",1858,Path
SP_046,algorithmic,canonical,meta-llama/Llama-3.1-8B-Instruct,25,32,"[0.9553, 0.9497, 0.9598, 0.9565, 0.9625, 0.9657, 0.9654, 0.9625, 0.9595, 0.9583, 0.951, 0.9475, 0.9417, 0.9185, 0.8742, 0.8405, 0.8173, 0.8045, 0.8123, 0.8145, 0.793, 0.7936, 0.7941, 0.7949, 0.7973, 0.797, 0.8115, 0.8084, 0.8124, 0.8022, 0.7841, 0.7799]","[96667, 116156, 124789, 107742, 124977, 124390, 123878, 124782, 124212, 127332, 124435, 87005, 95438, 61997, 41374, 31148, 11993, 6885, 8097, 7593, 3496, 1722, 1255, 33, 16, 2, 10, 2, 2, 1, 1, 1]","[-11.7694, -11.7824, -11.8106, -11.7962, -11.8608, -11.8815, -11.8796, -11.8919, -11.8944, -11.9489, -11.9173, -11.8006, -11.8225, -11.7631, -11.7195, -11.687, -11.5945, -11.5242, -11.4971, -11.442, -11.3558, -11.1547, -10.9803, -10.1811, -9.834, -8.7303, -8.868, -7.8185, -7.2721, -6.4028, -5.4066, -3.13]",1858,Path
SP_047,algorithmic,canonical,meta-llama/Llama-3.1-8B-Instruct,25,32,"[0.9569, 0.9519, 0.9612, 0.9592, 0.9631, 0.9651, 0.965, 0.9611, 0.9612, 0.9629, 0.9602, 0.9586, 0.9491, 0.9202, 0.8659, 0.8347, 0.8129, 0.7962, 0.8022, 0.8029, 0.7795, 0.778, 0.7823, 0.7842, 0.7895, 0.7923, 0.8089, 0.8065, 0.8132, 0.8062, 0.7881, 0.7803]","[97696, 117413, 124515, 108329, 124448, 122841, 122581, 124821, 124230, 127431, 124276, 86230, 93889, 63719, 45789, 30894, 12342, 6729, 8925, 8001, 3928, 2437, 1243, 34, 20, 2, 11, 2, 2, 1, 1, 1]","[-11.7696, -11.7834, -11.8093, -11.7968, -11.858, -11.8711, -11.8717, -11.8934, -11.8942, -11.9517, -11.9168, -11.7995, -11.8191, -11.7664, -11.7287, -11.6849, -11.5944, -11.5191, -11.502, -11.4436, -11.3576, -11.1877, -10.9761, -10.1363, -9.8442, -8.667, -8.7978, -7.7042, -7.1513, -6.2761, -5.2493, -2.9159]",1858,Path
SP_048,algorithmic,canonical,meta-llama/Llama-3.1-8B-Instruct,25,32,"[0.9549, 0.9495, 0.9604, 0.9569, 0.9624, 0.9654, 0.9652, 0.9628, 0.9593, 0.9577, 0.9505, 0.9469, 0.941, 0.9195, 0.8786, 0.8438, 0.8206, 0.8078, 0.8142, 0.8154, 0.7926, 0.7932, 0.7922, 0.7932, 0.7965, 0.796, 0.8108, 0.8049, 0.8088, 0.7995, 0.7805, 0.775]","[96886, 116150, 124771, 107300, 124907, 124289, 123759, 124710, 124346, 127288, 124496, 88598, 97150, 61571, 38056, 29025, 11629, 6301, 7650, 6611, 2825, 1377, 1039, 29, 15, 2, 11, 2, 2, 1, 1, 1]","[-11.7694, -11.7824, -11.8105, -11.7957, -11.8603, -11.8808, -11.8789, -11.891, -11.8956, -11.947, -11.9179, -11.8033, -11.8259, -11.7623, -11.7115, -11.6805, -11.5915, -11.5164, -11.4903, -11.4259, -11.3328, -11.1239, -10.9482, -10.1309, -9.7912, -8.6826, -8.8198, -7.7658, -7.21, -6.3363, -5.3322, -3.0759]",1858,Path
SP_049,algorithmic,canonical,meta-llama/Llama-3.1-8B-Instruct,25,32,"[0.9583, 0.9535, 0.9626, 0.9602, 0.9639, 0.9659, 0.9652, 0.961, 0.9596, 0.9604, 0.9561, 0.9524, 0.9421, 0.9116, 0.8586, 0.8324, 0.813, 0.8045, 0.8107, 0.8115, 0.7893, 0.7891, 0.7943, 0.796, 0.8025, 0.8036, 0.8214, 0.8192, 0.8238, 0.8172, 0.7991, 0.7862]","[98269, 117396, 124836, 107765, 123805, 123352, 122580, 124798, 124283, 127499, 124299, 82749, 91519, 61764, 49581, 37062, 15481, 6686, 9182, 9782, 4502, 3109, 1754, 38, 25, 2, 12, 2, 2, 1, 1, 1]","[-11.7698, -11.7833, -11.8104, -11.7964, -11.8528, -11.8753, -11.8717, -11.8933, -11.8938, -11.9561, -11.9173, -11.7937, -11.8136, -11.7627, -11.7372, -11.7025, -11.6134, -11.5193, -11.5042, -11.4661, -11.3733, -11.2159, -11.0258, -10.1947, -9.9115, -8.8156, -8.9401, -7.8893, -7.3604, -6.4686, -5.445, -3.2515]",1858,Path
SP_050,algorithmic,canonical,meta-llama/Llama-3.1-8B-Instruct,25,32,"[0.9605, 0.9549, 0.9636, 0.9605, 0.9637, 0.9658, 0.9651, 0.9612, 0.9589, 0.9576, 0.953, 0.9502, 0.9419, 0.9131, 0.8573, 0.8229, 0.809, 0.7989, 0.8056, 0.8073, 0.7848, 0.7825, 0.7841, 0.7845, 0.792, 0.7925, 0.8087, 0.8059, 0.8109, 0.8049, 0.784, 0.7712]","[98671, 117997, 124775, 108007, 123749, 123346, 122803, 124630, 124367, 127446, 124893, 84669, 90029, 61289, 50870, 32682, 11870, 5133, 6863, 6971, 3294, 2122, 1446, 32, 20, 2, 11, 2, 2, 1, 1, 1]","[-11.7699, -11.7839, -11.81, -11.7966, -11.8531, -11.8739, -11.8729, -11.8906, -11.8939, -11.9548, -11.9236, -11.7969, -11.811, -11.7619, -11.7401, -11.6909, -11.5917, -11.4991, -11.4756, -11.4276, -11.3398, -11.1694, -10.9978, -10.1362, -9.8635, -8.6953, -8.8252, -7.7461, -7.1546, -6.2517, -5.1674, -3.0092]",1858,Path
SP_051,algorithmic,canonical,meta-llama/Llama-3.1-8B-Instruct,25,32,"[0.9603, 0.9548, 0.964, 0.9613, 0.9642, 0.9665, 0.9656, 0.9624, 0.9612, 0.9602, 0.9555, 0.9528, 0.9436, 0.9126, 0.8522, 0.8214, 0.8054, 0.7953, 0.8025, 0.8052, 0.7834, 0.7841, 0.7877, 0.7899, 0.7978, 0.7996, 0.8175, 0.8137, 0.8186, 0.8127, 0.7957, 0.7807]","[98713, 117987, 124603, 107747, 123701, 123294, 122782, 124463, 124249, 127412, 124751, 82335, 88647, 59884, 52064, 32633, 12831, 5568, 7752, 8012, 4003, 2547, 1667, 33, 21, 2, 11, 2, 2, 1, 1, 1]","[-11.7699, -11.7838, -11.8093, -11.7962, -11.8525, -11.8733, -11.8725, -11.889, -11.8933, -11.9528, -11.9218, -11.7929, -11.8081, -11.7591, -11.7427, -11.6906, -11.5974, -11.5056, -11.4891, -11.4449, -11.3639, -11.191, -11.0151, -10.1569, -9.862, -8.7047, -8.8307, -7.7703, -7.1673, -6.2877, -5.2263, -2.9697]",1858,Path
SP_052,algorithmic,canonical,meta-llama/Llama-3.1-8B-Instruct,25,32,"[0.9582, 0.9532, 0.9625, 0.9602, 0.9642, 0.9662, 0.9657, 0.9617, 0.9599, 0.9608, 0.9558, 0.9511, 0.9416, 0.9133, 0.8656, 0.8394, 0.8173, 0.805, 0.8089, 0.8093, 0.7861, 0.7851, 0.7897, 0.7919, 0.7974, 0.7995, 0.8181, 0.8154, 0.8197, 0.8136, 0.7955, 0.7843]","[98035, 117403, 124825, 107697, 123930, 123402, 122376, 124736, 124198, 127443, 124314, 83564, 91860, 61584, 47441, 34949, 15105, 6658, 9408, 8649, 4109, 2731, 1475, 34, 23, 2, 12, 2, 2, 1, 1, 1]","[-11.7697, -11.7833, -11.8104, -11.7964, -11.8538, -11.8758, -11.8705, -11.8926, -11.8931, -11.9544, -11.9174, -11.7949, -11.8141, -11.7624, -11.7324, -11.6965, -11.6116, -11.5189, -11.5055, -11.4511, -11.3623, -11.1974, -10.9933, -10.1418, -9.8625, -8.735, -8.8493, -7.7809, -7.2188, -6.3664, -5.3307, -3.073]",1858,Path
SP_053,algorithmic,canonical,meta-llama/Llama-3.1-8B-Instruct,25,32,"[0.9623, 0.957, 0.9671, 0.9642, 0.9668, 0.9681, 0.966, 0.9614, 0.959, 0.9577, 0.9512, 0.947, 0.9401, 0.9145, 0.8633, 0.8323, 0.8139, 0.804, 0.8102, 0.8094, 0.7868, 0.7866, 0.7897, 0.79, 0.7957, 0.7981, 0.8147, 0.8118, 0.8147, 0.8086, 0.7909, 0.7761]","[99226, 119267, 124998, 106892, 123583, 123255, 123175, 124600, 124699, 127580, 125323, 85899, 88712, 65791, 52048, 38515, 15658, 9610, 11700, 13818, 7613, 4265, 2264, 35, 20, 2, 11, 2, 2, 1, 1, 1]","[-11.77, -11.7848, -11.811, -11.7952, -11.8522, -11.8727, -11.8733, -11.8883, -11.8967, -11.9581, -11.9287, -11.7988, -11.8081, -11.7702, -11.7429, -11.7069, -11.6147, -11.5515, -11.5319, -11.5127, -11.4351, -11.2697, -11.0762, -10.2283, -9.9264, -8.7928, -8.933, -7.8722, -7.2747, -6.4012, -5.3706, -3.137]",1858,Path
SP_054,algorithmic,canonical,meta-llama/Llama-3.1-8B-Instruct,25,32,"[0.9603, 0.9548, 0.9633, 0.9606, 0.9637, 0.9658, 0.9646, 0.9616, 0.9591, 0.9582, 0.954, 0.9513, 0.9417, 0.9104, 0.8527, 0.8211, 0.8043, 0.7943, 0.8017, 0.804, 0.7815, 0.7813, 0.7845, 0.7863, 0.7937, 0.7953, 0.8133, 0.8106, 0.8164, 0.8113, 0.7943, 0.7814]","[98788, 118078, 124846, 108709, 123962, 123577, 122882, 124462, 124110, 127416, 124750, 84070, 89556, 61176, 50456, 34499, 13139, 5277, 7084, 6889, 3395, 2199, 1311, 28, 19, 2, 11, 2, 2, 1, 1, 1]","[-11.7699, -11.7839, -11.8102, -11.7973, -11.854, -11.8752, -11.8735, -11.8893, -11.8919, -11.9539, -11.9219, -11.7959, -11.81, -11.7617, -11.7391, -11.6951, -11.5997, -11.5017, -11.4799, -11.428, -11.3443, -11.174, -10.9831, -10.1151, -9.8378, -8.685, -8.8049, -7.7303, -7.1319, -6.2557, -5.2018, -2.9577]",1858,Path
SP_055,algorithmic,canonical,meta-llama/Llama-3.1-8B-Instruct,25,32,"[0.9617, 0.9567, 0.9656, 0.962, 0.9646, 0.965, 0.9647, 0.9609, 0.9584, 0.9597, 0.9568, 0.9532, 0.9451, 0.9157, 0.8638, 0.8302, 0.8145, 0.8114, 0.8205, 0.8229, 0.8045, 0.8089, 0.8106, 0.8106, 0.8139, 0.8158, 0.8304, 0.8268, 0.8286, 0.8207, 0.8022, 0.7896]","[99325, 118828, 125117, 108996, 123789, 123357, 123080, 124972, 124380, 127538, 124739, 86294, 94960, 63478, 49833, 35462, 13486, 7600, 9016, 11400, 5243, 3205, 1908, 31, 15, 2, 10, 2, 2, 1, 1, 1]","[-11.77, -11.7845, -11.8115, -11.7976, -11.8541, -11.8746, -11.8735, -11.8934, -11.8937, -11.9567, -11.922, -11.7997, -11.8213, -11.766, -11.7382, -11.6984, -11.6031, -11.5328, -11.5081, -11.4897, -11.3973, -11.2295, -11.0501, -10.2323, -9.8841, -8.7728, -8.9087, -7.8953, -7.316, -6.4767, -5.4893, -3.2949]",1858,Path
SP_056,algorithmic,canonical,meta-llama/Llama-3.1-8B-Instruct,25,32,"[0.9603, 0.9549, 0.964, 0.9611, 0.9641, 0.9666, 0.9655, 0.962, 0.9598, 0.9587, 0.9543, 0.9516, 0.9427, 0.9116, 0.8504, 0.8193, 0.8029, 0.7898, 0.7966, 0.7977, 0.7745, 0.7738, 0.7779, 0.7806, 0.7882, 0.7907, 0.8088, 0.8066, 0.8121, 0.808, 0.7915, 0.7777]","[98744, 117899, 124596, 107386, 123698, 123347, 122906, 124531, 124327, 127437, 124872, 84755, 91015, 61061, 52477, 35727, 13025, 5455, 7929, 7914, 3842, 2589, 1650, 34, 22, 2, 11, 2, 2, 1, 1, 1]","[-11.7699, -11.7838, -11.8094, -11.7958, -11.8525, -11.8736, -11.8735, -11.8898, -11.8937, -11.9538, -11.9232, -11.797, -11.8128, -11.7614, -11.7436, -11.6986, -11.5988, -11.5037, -11.4909, -11.4433, -11.3587, -11.1949, -11.0146, -10.1434, -9.8825, -8.7173, -8.8502, -7.7739, -7.1631, -6.3054, -5.2406, -2.9619]",1858,Path
SP_057,algorithmic,canonical,meta-llama/Llama-3.1-8B-Instruct,25,32,"[0.9618, 0.9569, 0.9667, 0.9628, 0.9655, 0.9662, 0.9657, 0.9618, 0.96, 0.9612, 0.957, 0.9534, 0.9447, 0.9129, 0.8595, 0.8284, 0.8128, 0.8073, 0.8154, 0.8172, 0.7967, 0.8004, 0.8049, 0.806, 0.8112, 0.8132, 0.8296, 0.826, 0.8291, 0.8227, 0.8056, 0.7904]","[99171, 118673, 124835, 107746, 123512, 123119, 122641, 124790, 124647, 127564, 124802, 85794, 94688, 65303, 52463, 33930, 14449, 7843, 9857, 13242, 6872, 4302, 2227, 38, 19, 3, 10, 2, 2, 1, 1, 1]","[-11.77, -11.7844, -11.8104, -11.7961, -11.8522, -11.8732, -11.8711, -11.8917, -11.8964, -11.9582, -11.9229, -11.7989, -11.8209, -11.7695, -11.7439, -11.6952, -11.6081, -11.5344, -11.5146, -11.5067, -11.4253, -11.2696, -11.0737, -10.2643, -9.938, -8.8521, -8.9662, -7.9547, -7.3813, -6.556, -5.5629, -3.2565]",1858,Path
SP_058,algorithmic,canonical,meta-llama/Llama-3.1-8B-Instruct,25,32,"[0.9601, 0.9548, 0.9636, 0.9605, 0.9642, 0.9665, 0.9656, 0.9619, 0.9604, 0.9591, 0.9548, 0.9517, 0.9427, 0.9112, 0.8564, 0.8239, 0.8102, 0.8015, 0.8085, 0.8107, 0.7893, 0.7872, 0.7892, 0.7901, 0.7968, 0.7979, 0.8155, 0.8123, 0.8155, 0.8094, 0.7923, 0.7825]","[98638, 117967, 124814, 108466, 123857, 123499, 122758, 124693, 124245, 127415, 124606, 83567, 89369, 60616, 52090, 33046, 12133, 5061, 7249, 7305, 3279, 2180, 1513, 33, 23, 2, 12, 2, 2, 1, 1, 1]","[-11.7699, -11.7838, -11.8102, -11.797, -11.8536, -11.8746, -11.8722, -11.8909, -11.8928, -11.9531, -11.9202, -11.795, -11.8094, -11.7604, -11.7428, -11.6924, -11.5937, -11.4982, -11.4804, -11.4318, -11.3385, -11.1659, -10.9923, -10.1307, -9.8534, -8.7038, -8.8279, -7.7687, -7.1783, -6.2896, -5.2073, -2.9709]",1858,Path
SP_059,algorithmic,canonical,meta-llama/Llama-3.1-8B-Instruct,25,32,"[0.9581, 0.9532, 0.9622, 0.96, 0.9641, 0.966, 0.9652, 0.9606, 0.9588, 0.9596, 0.955, 0.9512, 0.942, 0.913, 0.8632, 0.8334, 0.8121, 0.8001, 0.8056, 0.8068, 0.7833, 0.7802, 0.7835, 0.7848, 0.7908, 0.7925, 0.8094, 0.8064, 0.81, 0.8024, 0.7839, 0.7752]","[98113, 117330, 124887, 107420, 123979, 123300, 122446, 124813, 124290, 127438, 124131, 84285, 90190, 61108, 49705, 36371, 14765, 7190, 9370, 9736, 4912, 3354, 1827, 39, 27, 3, 12, 2, 2, 1, 1, 1]","[-11.7697, -11.7833, -11.8106, -11.796, -11.854, -11.8751, -11.8713, -11.8933, -11.8942, -11.9548, -11.9161, -11.7964, -11.8111, -11.7614, -11.7375, -11.7007, -11.6093, -11.5251, -11.5054, -11.4656, -11.3811, -11.2254, -11.0285, -10.1923, -9.9163, -8.7875, -8.919, -7.8398, -7.2656, -6.3763, -5.3428, -3.1586]",1858,Path
SP_060,algorithmic,canonical,meta-llama/Llama-3.1-8B-Instruct,25,32,"[0.9582, 0.9534, 0.9628, 0.9601, 0.9639, 0.9662, 0.9655, 0.9615, 0.9596, 0.9603, 0.9557, 0.9519, 0.9429, 0.9122, 0.8593, 0.8328, 0.8144, 0.804, 0.809, 0.8105, 0.7879, 0.7867, 0.7899, 0.7902, 0.7953, 0.7967, 0.8129, 0.8095, 0.8142, 0.8083, 0.7901, 0.7806]","[98381, 117490, 124861, 107280, 123809, 123241, 122431, 124919, 124470, 127507, 124230, 84636, 93298, 65283, 51578, 38686, 17095, 7591, 9344, 9790, 4911, 3273, 1893, 35, 24, 2, 12, 2, 2, 1, 1, 1]","[-11.7698, -11.7834, -11.8106, -11.7959, -11.8531, -11.8745, -11.8707, -11.8942, -11.8953, -11.9566, -11.9166, -11.7969, -11.8171, -11.7694, -11.7415, -11.7069, -11.6219, -11.5294, -11.5066, -11.4689, -11.3848, -11.2285, -11.0445, -10.1778, -9.9081, -8.7856, -8.9078, -7.8533, -7.2946, -6.4271, -5.3819, -3.1386]",1858,Path
SP_061,algorithmic,canonical,meta-llama/Llama-3.1-8B-Instruct,25,32,"[0.9602, 0.9548, 0.9636, 0.9609, 0.9636, 0.9659, 0.9649, 0.9618, 0.9595, 0.9586, 0.9541, 0.9515, 0.9431, 0.9131, 0.8535, 0.824, 0.8076, 0.7977, 0.8048, 0.8065, 0.7847, 0.7828, 0.785, 0.7877, 0.7947, 0.797, 0.8148, 0.8115, 0.8161, 0.8094, 0.7911, 0.7752]","[98859, 118091, 124884, 108734, 124041, 123549, 123052, 124619, 124495, 127442, 124951, 84567, 89894, 62487, 52800, 36124, 13851, 5523, 8018, 7639, 3767, 2505, 1516, 33, 22, 2, 12, 2, 2, 1, 1, 1]","[-11.7699, -11.7839, -11.8104, -11.7973, -11.8545, -11.8749, -11.8745, -11.8909, -11.8956, -11.955, -11.9246, -11.7968, -11.8109, -11.7641, -11.7443, -11.6995, -11.6036, -11.5044, -11.4905, -11.4369, -11.3531, -11.1877, -11.0021, -10.1381, -9.8678, -8.695, -8.8216, -7.7567, -7.1665, -6.2854, -5.2194, -2.9244]",1858,Path
SP_062,algorithmic,canonical,meta-llama/Llama-3.1-8B-Instruct,25,32,"[0.9565, 0.9514, 0.9607, 0.9587, 0.9628, 0.9646, 0.9648, 0.9614, 0.961, 0.9626, 0.96, 0.9585, 0.9493, 0.9183, 0.8617, 0.8284, 0.8081, 0.7961, 0.8012, 0.8016, 0.7782, 0.7779, 0.7802, 0.7819, 0.7887, 0.7907, 0.8097, 0.8062, 0.8127, 0.8075, 0.7889, 0.7803]","[97347, 117477, 124346, 107771, 124392, 122974, 122715, 124689, 124149, 127399, 124383, 84137, 92474, 61127, 44614, 28496, 11851, 6623, 8961, 7680, 3592, 2432, 1384, 35, 20, 2, 12, 2, 2, 1, 1, 1]","[-11.7695, -11.7835, -11.8088, -11.7962, -11.8575, -11.8716, -11.8721, -11.8928, -11.8942, -11.9505, -11.9179, -11.7961, -11.8163, -11.7616, -11.7258, -11.6775, -11.5912, -11.5182, -11.5018, -11.4377, -11.3481, -11.1852, -10.9914, -10.1499, -9.8527, -8.7168, -8.8584, -7.7643, -7.2056, -6.3203, -5.2826, -3.0248]",1858,Path
SP_063,algorithmic,canonical,meta-llama/Llama-3.1-8B-Instruct,25,32,"[0.952, 0.9456, 0.9551, 0.953, 0.958, 0.9616, 0.9614, 0.9607, 0.9577, 0.9583, 0.9512, 0.9482, 0.9394, 0.9118, 0.8636, 0.8292, 0.8075, 0.7957, 0.8025, 0.806, 0.7829, 0.7838, 0.7874, 0.7893, 0.7954, 0.7958, 0.8121, 0.8072, 0.8128, 0.8046, 0.7888, 0.778]","[96622, 115904, 124513, 105015, 124676, 124521, 123649, 124363, 124088, 127537, 125399, 95222, 95292, 68761, 44791, 31654, 12485, 6678, 8910, 8436, 4337, 2652, 1612, 35, 21, 3, 12, 2, 2, 1, 1, 1]","[-11.7694, -11.7822, -11.8095, -11.7935, -11.8585, -11.8819, -11.8802, -11.8897, -11.8953, -11.9571, -11.9298, -11.8156, -11.8227, -11.7761, -11.726, -11.6879, -11.5955, -11.522, -11.5059, -11.4545, -11.3734, -11.2035, -11.0223, -10.1895, -9.9043, -8.7583, -8.9035, -7.8425, -7.2653, -6.4162, -5.3881, -3.0278]",1858,Path
SP_064,algorithmic,canonical,meta-llama/Llama-3.1-8B-Instruct,25,32,"[0.9566, 0.9516, 0.9606, 0.9583, 0.9626, 0.9649, 0.9648, 0.9613, 0.9613, 0.9633, 0.9609, 0.9597, 0.9505, 0.9201, 0.8644, 0.8304, 0.8085, 0.7956, 0.8006, 0.8017, 0.7791, 0.7783, 0.7808, 0.7825, 0.7884, 0.7909, 0.8096, 0.8067, 0.8126, 0.8082, 0.7901, 0.778]","[97107, 117311, 124484, 108704, 124441, 123015, 122821, 124911, 124263, 127374, 124485, 85237, 93754, 60877, 44079, 29008, 11915, 6496, 8633, 7496, 3628, 2405, 1403, 35, 21, 2, 12, 2, 2, 1, 1, 1]","[-11.7695, -11.7834, -11.8092, -11.7972, -11.8577, -11.8721, -11.873, -11.8951, -11.8951, -11.9497, -11.9191, -11.798, -11.819, -11.7612, -11.7246, -11.6791, -11.5916, -11.5162, -11.4987, -11.4355, -11.3485, -11.1828, -10.9922, -10.1476, -9.8543, -8.7236, -8.8584, -7.7717, -7.199, -6.3133, -5.2657, -3.0082]",1858,Path
SP_065,algorithmic,canonical,meta-llama/Llama-3.1-8B-Instruct,25,32,"[0.9563, 0.9515, 0.9604, 0.9582, 0.9627, 0.9647, 0.9649, 0.9618, 0.9614, 0.9632, 0.9611, 0.9597, 0.9497, 0.9189, 0.8605, 0.8275, 0.8073, 0.7931, 0.7978, 0.798, 0.7737, 0.772, 0.7744, 0.7759, 0.7824, 0.7858, 0.8043, 0.8011, 0.8078, 0.8046, 0.7887, 0.7796]","[97208, 117482, 124532, 108404, 124435, 122895, 122707, 124825, 124244, 127372, 124404, 85335, 93806, 62128, 44297, 28458, 12288, 6461, 8815, 7476, 3619, 2462, 1341, 34, 21, 2, 12, 2, 2, 1, 1, 1]","[-11.7695, -11.7835, -11.8094, -11.7969, -11.8579, -11.8714, -11.8725, -11.8938, -11.8946, -11.9499, -11.9182, -11.798, -11.819, -11.7635, -11.7249, -11.6772, -11.5938, -11.5153, -11.4999, -11.4335, -11.3459, -11.1851, -10.9828, -10.129, -9.8362, -8.6823, -8.8211, -7.7251, -7.1684, -6.2936, -5.2361, -2.9132]",1858,Path
SP_066,algorithmic,canonical,meta-llama/Llama-3.1-8B-Instruct,25,32,"[0.955, 0.9493, 0.959, 0.9569, 0.9623, 0.9654, 0.9662, 0.9635, 0.9631, 0.9613, 0.9566, 0.9518, 0.9433, 0.9083, 0.8514, 0.8241, 0.809, 0.799, 0.8074, 0.8111, 0.7904, 0.7907, 0.7955, 0.7969, 0.802, 0.804, 0.82, 0.8164, 0.8208, 0.8172, 0.803, 0.7936]","[96551, 116716, 124391, 105786, 124546, 123612, 123331, 124651, 124410, 127206, 124082, 83845, 91886, 68509, 46789, 31497, 13836, 7547, 8885, 10543, 5637, 4061, 2067, 35, 21, 2, 10, 2, 2, 1, 1, 1]","[-11.7693, -11.7828, -11.8087, -11.794, -11.8575, -11.8751, -11.8754, -11.8908, -11.8951, -11.9442, -11.9148, -11.7953, -11.8149, -11.7757, -11.7309, -11.688, -11.6048, -11.5308, -11.5034, -11.4779, -11.4018, -11.2611, -11.0642, -10.2411, -9.9297, -8.791, -8.9158, -7.8171, -7.2353, -6.4075, -5.4151, -3.0338]",1858,Path
SP_068,algorithmic,canonical,meta-llama/Llama-3.1-8B-Instruct,25,32,"[0.9514, 0.9446, 0.9546, 0.9526, 0.9583, 0.9624, 0.9624, 0.9601, 0.9555, 0.9557, 0.9471, 0.9441, 0.9361, 0.9073, 0.8601, 0.8323, 0.8141, 0.8084, 0.8172, 0.8232, 0.8047, 0.8112, 0.8133, 0.8152, 0.8174, 0.8171, 0.8314, 0.8244, 0.8277, 0.82, 0.8068, 0.7908]","[96362, 115337, 123977, 105089, 124803, 124443, 123530, 124113, 124031, 127674, 125572, 96540, 94201, 68620, 44973, 33114, 13220, 7459, 7739, 8421, 4071, 2654, 1725, 29, 16, 2, 10, 2, 2, 1, 1, 1]","[-11.7693, -11.7818, -11.8077, -11.7936, -11.8587, -11.8811, -11.8783, -11.8882, -11.8951, -11.9634, -11.9327, -11.8187, -11.8209, -11.7758, -11.7262, -11.6928, -11.6005, -11.53, -11.4935, -11.4567, -11.3739, -11.213, -11.037, -10.1815, -9.8539, -8.7531, -8.9095, -7.9246, -7.3513, -6.5253, -5.5472, -3.2008]",1858,Path
SP_069,algorithmic,canonical,meta-llama/Llama-3.1-8B-Instruct,25,32,"[0.9536, 0.9471, 0.9572, 0.9548, 0.9604, 0.9647, 0.9637, 0.9628, 0.9574, 0.9568, 0.9475, 0.9451, 0.9396, 0.9137, 0.8745, 0.8432, 0.8209, 0.8122, 0.8186, 0.8237, 0.8044, 0.8098, 0.812, 0.8125, 0.8137, 0.8126, 0.8269, 0.8197, 0.8232, 0.8119, 0.7918, 0.7782]","[96430, 115621, 124260, 105470, 124599, 124104, 123983, 124701, 124337, 127413, 124669, 88130, 92833, 64289, 44583, 27083, 10599, 6561, 6831, 8452, 3693, 2027, 1529, 30, 15, 2, 10, 2, 2, 1, 1, 1]","[-11.7693, -11.782, -11.8087, -11.7938, -11.8582, -11.879, -11.882, -11.8919, -11.897, -11.9517, -11.9201, -11.8027, -11.8173, -11.7674, -11.7264, -11.6753, -11.5831, -11.5191, -11.484, -11.4582, -11.3653, -11.1816, -11.0231, -10.224, -9.8769, -8.7925, -8.9247, -7.91, -7.3544, -6.5023, -5.5289, -3.1869]",1858,Path
SP_070,algorithmic,canonical,meta-llama/Llama-3.1-8B-Instruct,25,32,"[0.9565, 0.9516, 0.9606, 0.9583, 0.9627, 0.9646, 0.9648, 0.9612, 0.961, 0.9626, 0.9596, 0.9574, 0.9491, 0.9212, 0.8707, 0.8409, 0.8203, 0.8054, 0.8102, 0.8115, 0.789, 0.788, 0.7911, 0.7921, 0.7985, 0.8009, 0.8165, 0.8121, 0.8173, 0.8111, 0.7928, 0.7842]","[97404, 117436, 124387, 108014, 124421, 122959, 122601, 124824, 124435, 127438, 124474, 86860, 93018, 62638, 43938, 30279, 11696, 6490, 9076, 8206, 3812, 2249, 1211, 33, 20, 2, 12, 2, 2, 1, 1, 1]","[-11.7696, -11.7835, -11.8089, -11.7964, -11.8579, -11.8717, -11.8715, -11.8932, -11.8962, -11.952, -11.9188, -11.8005, -11.8172, -11.7644, -11.7243, -11.6833, -11.5903, -11.5159, -11.5025, -11.4457, -11.3537, -11.1746, -10.9642, -10.1339, -9.8364, -8.6755, -8.807, -7.7172, -7.16, -6.2971, -5.2521, -2.9732]",1858,Path
SP_071,algorithmic,canonical,meta-llama/Llama-3.1-8B-Instruct,25,32,"[0.9525, 0.9462, 0.9554, 0.9533, 0.9576, 0.9613, 0.9612, 0.9602, 0.9565, 0.9573, 0.95, 0.9466, 0.9382, 0.9114, 0.8675, 0.8341, 0.8144, 0.8047, 0.8134, 0.8177, 0.7949, 0.7966, 0.7995, 0.8015, 0.8062, 0.8071, 0.8214, 0.8144, 0.8174, 0.8072, 0.7897, 0.7753]","[97031, 115941, 124683, 106049, 124616, 124284, 123502, 124236, 123896, 127569, 125432, 94370, 92500, 62378, 42724, 30404, 11402, 5522, 7005, 7697, 3978, 2140, 1369, 34, 18, 2, 10, 2, 2, 1, 1, 1]","[-11.7695, -11.7822, -11.8102, -11.7946, -11.8584, -11.88, -11.8792, -11.8884, -11.8938, -11.9603, -11.9307, -11.8139, -11.8173, -11.7639, -11.7222, -11.6844, -11.5881, -11.5061, -11.4833, -11.4467, -11.3685, -11.1856, -11.0056, -10.19, -9.867, -8.7278, -8.8732, -7.845, -7.2737, -6.3933, -5.429, -3.0902]",1858,Path
SP_072,algorithmic,canonical,meta-llama/Llama-3.1-8B-Instruct,25,32,"[0.9568, 0.9516, 0.9609, 0.9588, 0.9631, 0.9652, 0.9654, 0.9616, 0.9614, 0.9627, 0.9601, 0.9579, 0.9496, 0.922, 0.8691, 0.8376, 0.8174, 0.7998, 0.8054, 0.8059, 0.7833, 0.7814, 0.7839, 0.7857, 0.7917, 0.7945, 0.8106, 0.8094, 0.8146, 0.8082, 0.7884, 0.7808]","[97337, 117344, 124612, 108806, 124475, 123031, 122645, 124902, 124427, 127429, 124618, 86952, 95341, 63472, 44822, 30888, 11753, 6813, 9117, 7729, 3779, 2332, 1264, 34, 20, 2, 12, 2, 2, 1, 1, 1]","[-11.7695, -11.7834, -11.8096, -11.7973, -11.8582, -11.872, -11.8717, -11.8939, -11.8963, -11.9516, -11.92, -11.8006, -11.822, -11.766, -11.7263, -11.6851, -11.591, -11.5199, -11.5035, -11.4393, -11.3548, -11.1818, -10.9754, -10.1417, -9.8414, -8.6765, -8.8084, -7.7172, -7.1583, -6.296, -5.2441, -2.9478]",1858,Path
SP_073,algorithmic,canonical,meta-llama/Llama-3.1-8B-Instruct,25,32,"[0.9551, 0.9495, 0.9602, 0.9569, 0.9622, 0.9653, 0.9652, 0.9626, 0.9589, 0.9577, 0.9505, 0.947, 0.9419, 0.922, 0.8824, 0.849, 0.8259, 0.8133, 0.8199, 0.8223, 0.8011, 0.8022, 0.8016, 0.802, 0.8048, 0.8041, 0.8177, 0.8128, 0.8162, 0.8087, 0.7898, 0.7824]","[96763, 116010, 124590, 106911, 124911, 124348, 123794, 124697, 124362, 127312, 124686, 89168, 96359, 59752, 38904, 29022, 11091, 6758, 8299, 7811, 3531, 1486, 1109, 30, 18, 2, 10, 2, 2, 1, 1, 1]","[-11.7694, -11.7823, -11.8099, -11.7952, -11.8602, -11.8811, -11.8794, -11.8907, -11.8957, -11.9475, -11.9196, -11.8043, -11.824, -11.7588, -11.7138, -11.6809, -11.5886, -11.5221, -11.4984, -11.4446, -11.3567, -11.1373, -10.9598, -10.1909, -9.8342, -8.7394, -8.8743, -7.8404, -7.2894, -6.4092, -5.4247, -3.2012]",1858,Path
WIS_021,algorithmic,canonical,meta-llama/Llama-3.1-8B-Instruct,22,32,"[0.9746, 0.9689, 0.9727, 0.9688, 0.9767, 0.9771, 0.9755, 0.9717, 0.9671, 0.9659, 0.9652, 0.9639, 0.9599, 0.9388, 0.9102, 0.8803, 0.8595, 0.8416, 0.8455, 0.8445, 0.827, 0.8352, 0.8281, 0.8243, 0.8243, 0.8142, 0.8261, 0.8124, 0.8126, 0.8026, 0.7956, 0.7911]","[127601, 126442, 127621, 125859, 111391, 127498, 117689, 123721, 118247, 114820, 107877, 110795, 117074, 104580, 74222, 97272, 77171, 47120, 48253, 49793, 44508, 23808, 5, 9, 9, 6, 11, 4, 3, 5, 2, 1]","[-11.7918, -11.7972, -11.8298, -11.8344, -11.8164, -11.9267, -11.8546, -11.886, -11.8637, -11.8562, -11.8419, -11.8485, -11.8775, -11.8511, -11.7884, -11.8491, -11.8038, -11.7233, -11.7206, -11.7185, -11.6982, -11.5378, -10.0275, -9.871, -9.6486, -9.1914, -9.0902, -8.6277, -7.9203, -7.5884, -6.1901, -3.3815]",6450,Selected
WIS_022,algorithmic,canonical,meta-llama/Llama-3.1-8B-Instruct,25,32,"[0.975, 0.9696, 0.9724, 0.9688, 0.9771, 0.9786, 0.9776, 0.9744, 0.9712, 0.9713, 0.9711, 0.9687, 0.964, 0.9511, 0.9285, 0.8964, 0.8714, 0.8433, 0.8438, 0.8407, 0.8236, 0.8309, 0.8195, 0.816, 0.8188, 0.8093, 0.8257, 0.8163, 0.8173, 0.8116, 0.8108, 0.8138]","[127575, 126349, 127556, 125347, 110356, 127257, 116864, 123247, 118296, 115887, 105580, 106605, 116651, 105957, 75412, 93945, 80031, 52133, 53801, 52280, 48380, 24666, 6, 11, 9, 5, 9, 3, 2, 4, 2, 1]","[-11.7915, -11.7967, -11.8277, -11.8315, -11.8145, -11.9199, -11.8496, -11.8814, -11.8624, -11.8592, -11.8371, -11.8374, -11.8752, -11.8547, -11.7908, -11.8402, -11.811, -11.7384, -11.7403, -11.7284, -11.7118, -11.5421, -10.0266, -9.8775, -9.6221, -9.1168, -8.9923, -8.5225, -7.7782, -7.4266, -6.0371, -3.3133]",6450,Selected
WIS_023,algorithmic,canonical,meta-llama/Llama-3.1-8B-Instruct,25,32,"[0.9761, 0.9713, 0.9754, 0.9717, 0.9785, 0.9802, 0.9779, 0.9742, 0.9689, 0.9684, 0.9678, 0.9648, 0.9626, 0.9488, 0.9261, 0.8986, 0.8808, 0.8605, 0.8643, 0.866, 0.8513, 0.8535, 0.8442, 0.8387, 0.8382, 0.8292, 0.8427, 0.8292, 0.8255, 0.8186, 0.8094, 0.8134]","[127385, 126293, 127599, 124820, 107741, 127038, 115182, 121729, 118628, 117380, 104034, 115869, 119792, 107747, 67270, 89877, 78055, 42829, 49997, 40590, 40967, 22473, 6, 8, 9, 4, 8, 3, 2, 4, 2, 1]","[-11.7902, -11.7963, -11.8285, -11.8288, -11.8104, -11.9131, -11.8439, -11.8697, -11.8637, -11.8639, -11.8345, -11.8646, -11.8886, -11.8599, -11.774, -11.8286, -11.8054, -11.7094, -11.7269, -11.6809, -11.6822, -11.5241, -9.9958, -9.8339, -9.6078, -9.0923, -8.9301, -8.4448, -7.7491, -7.4416, -6.0732, -3.2944]",6450,Selected
WIS_024,algorithmic,canonical,meta-llama/Llama-3.1-8B-Instruct,25,32,"[0.9768, 0.9721, 0.9743, 0.9714, 0.9776, 0.9788, 0.9775, 0.9744, 0.9701, 0.9692, 0.9704, 0.9685, 0.9666, 0.9548, 0.9339, 0.9082, 0.8897, 0.8698, 0.8712, 0.8696, 0.8561, 0.8569, 0.8455, 0.8415, 0.8413, 0.8329, 0.8464, 0.8366, 0.8315, 0.8244, 0.8148, 0.8185]","[127435, 126379, 127610, 125379, 110159, 127175, 116676, 122627, 120146, 118683, 104912, 112668, 117906, 106774, 69547, 95040, 76199, 41633, 44869, 40912, 40182, 22753, 6, 10, 11, 5, 9, 3, 2, 3, 2, 1]","[-11.7906, -11.7967, -11.8286, -11.8313, -11.8145, -11.918, -11.8494, -11.8763, -11.8694, -11.87, -11.8366, -11.8542, -11.8809, -11.8569, -11.779, -11.8422, -11.8004, -11.7062, -11.708, -11.6798, -11.6765, -11.5219, -10.0192, -9.8541, -9.6206, -9.1138, -8.9381, -8.4954, -7.733, -7.4304, -6.0301, -3.3186]",6450,Selected
WIS_025,algorithmic,canonical,meta-llama/Llama-3.1-8B-Instruct,27,32,"[0.976, 0.9712, 0.9747, 0.9713, 0.9784, 0.9801, 0.9778, 0.9739, 0.9693, 0.9687, 0.9684, 0.9658, 0.9637, 0.9498, 0.9249, 0.8985, 0.88, 0.8627, 0.8668, 0.8681, 0.853, 0.8557, 0.8479, 0.8432, 0.8423, 0.8337, 0.8468, 0.8321, 0.8278, 0.8204, 0.8097, 0.8135]","[127375, 126236, 127591, 124864, 108090, 127027, 114980, 121519, 119008, 117069, 104233, 115052, 119485, 107559, 67276, 88168, 80612, 47430, 54023, 48014, 48806, 28149, 6, 8, 9, 6, 10, 4, 2, 4, 2, 1]","[-11.7901, -11.796, -11.8285, -11.829, -11.8111, -11.9134, -11.8436, -11.8689, -11.865, -11.8629, -11.8348, -11.8613, -11.8866, -11.8589, -11.7738, -11.8237, -11.8118, -11.7245, -11.7411, -11.7108, -11.7147, -11.5683, -10.0445, -9.8814, -9.6623, -9.1956, -9.0285, -8.5797, -7.8425, -7.5492, -6.2054, -3.3571]",6450,Selected
WIS_026,algorithmic,canonical,meta-llama/Llama-3.1-8B-Instruct,27,32,"[0.9766, 0.9716, 0.974, 0.9712, 0.9775, 0.9788, 0.9777, 0.9745, 0.9703, 0.9692, 0.9705, 0.9683, 0.9663, 0.9535, 0.9318, 0.9062, 0.8891, 0.8691, 0.8697, 0.8695, 0.8571, 0.8598, 0.8458, 0.8424, 0.8426, 0.8345, 0.8471, 0.8355, 0.8297, 0.8224, 0.8132, 0.8189]","[127457, 126385, 127615, 125359, 110389, 127128, 116459, 122464, 120301, 118403, 103915, 111787, 117331, 105999, 72044, 97126, 79345, 43288, 46590, 44670, 42030, 24097, 6, 10, 11, 6, 9, 3, 4, 4, 2, 1]","[-11.7906, -11.7967, -11.8286, -11.8313, -11.8148, -11.9173, -11.8488, -11.8753, -11.8699, -11.8684, -11.8341, -11.8511, -11.8781, -11.8542, -11.7838, -11.848, -11.8084, -11.7115, -11.7138, -11.6956, -11.6844, -11.5316, -10.0028, -9.8425, -9.6082, -9.0804, -8.9255, -8.4574, -7.7508, -7.4248, -5.9425, -3.2487]",6450,Selected
WIS_027,algorithmic,canonical,meta-llama/Llama-3.1-8B-Instruct,27,32,"[0.9767, 0.9721, 0.9755, 0.9722, 0.978, 0.979, 0.9778, 0.9746, 0.9702, 0.9695, 0.9713, 0.9692, 0.9666, 0.953, 0.9298, 0.9051, 0.8858, 0.8687, 0.869, 0.8691, 0.8551, 0.8578, 0.8479, 0.844, 0.8441, 0.8333, 0.847, 0.8363, 0.8332, 0.8266, 0.8186, 0.8246]","[127441, 126347, 127609, 125409, 110223, 127104, 116032, 122444, 119930, 118174, 104470, 111910, 118564, 106257, 73523, 94041, 75010, 40147, 44208, 37809, 35133, 19311, 7, 10, 11, 6, 8, 3, 2, 4, 2, 1]","[-11.7906, -11.7966, -11.8285, -11.8317, -11.8144, -11.9162, -11.8475, -11.8752, -11.8678, -11.868, -11.8353, -11.8516, -11.8833, -11.855, -11.7868, -11.8396, -11.7976, -11.7006, -11.7046, -11.666, -11.6514, -11.4875, -9.9726, -9.8059, -9.5867, -9.0534, -8.8712, -8.4081, -7.651, -7.3987, -6.0435, -3.1907]",6450,Selected
WIS_028,algorithmic,canonical,meta-llama/Llama-3.1-8B-Instruct,25,32,"[0.976, 0.9712, 0.9745, 0.9708, 0.978, 0.9799, 0.9777, 0.9738, 0.9692, 0.9686, 0.9682, 0.9655, 0.9633, 0.9488, 0.9242, 0.8951, 0.8763, 0.8552, 0.8595, 0.8614, 0.8453, 0.8487, 0.8393, 0.8349, 0.8349, 0.8253, 0.8393, 0.8256, 0.8215, 0.8141, 0.8037, 0.8102]","[127379, 126260, 127593, 124837, 107801, 127065, 115304, 121691, 118801, 117319, 104452, 115744, 119957, 108147, 66588, 88749, 75672, 41725, 47432, 39485, 39951, 21600, 6, 8, 8, 5, 8, 3, 2, 4, 2, 1]","[-11.7901, -11.7961, -11.8285, -11.8288, -11.8104, -11.9142, -11.8445, -11.8699, -11.8643, -11.8637, -11.8357, -11.8641, -11.8892, -11.8609, -11.7728, -11.826, -11.7996, -11.706, -11.7179, -11.6764, -11.6779, -11.5166, -9.9846, -9.8211, -9.5881, -9.064, -8.8969, -8.408, -7.695, -7.3825, -6.0114, -3.2294]",6450,Selected
WIS_029,algorithmic,canonical,meta-llama/Llama-3.1-8B-Instruct,27,32,"[0.9767, 0.972, 0.9743, 0.9715, 0.9777, 0.979, 0.9777, 0.9746, 0.9704, 0.9695, 0.9706, 0.9683, 0.9658, 0.9534, 0.9326, 0.908, 0.8899, 0.8676, 0.8685, 0.8659, 0.8526, 0.8544, 0.8435, 0.8399, 0.8391, 0.8314, 0.8461, 0.8332, 0.8291, 0.82, 0.811, 0.8141]","[127424, 126402, 127602, 125327, 110098, 127165, 116657, 122428, 120060, 118071, 103659, 111527, 117051, 106534, 71697, 96624, 80593, 46053, 49251, 47234, 44925, 25536, 6, 10, 10, 6, 9, 3, 3, 4, 2, 1]","[-11.7905, -11.7968, -11.8285, -11.8311, -11.8143, -11.9178, -11.8494, -11.8747, -11.8687, -11.8672, -11.8335, -11.8503, -11.8766, -11.8557, -11.7831, -11.8464, -11.8116, -11.7204, -11.7235, -11.7057, -11.6976, -11.5451, -10.0114, -9.8464, -9.6118, -9.0975, -8.9351, -8.4917, -7.8161, -7.5034, -6.0964, -3.2695]",6450,Selected
WIS_030,algorithmic,canonical,meta-llama/Llama-3.1-8B-Instruct,25,32,"[0.9752, 0.9698, 0.9724, 0.9685, 0.9768, 0.9781, 0.9769, 0.9737, 0.9707, 0.9718, 0.9712, 0.9682, 0.9634, 0.951, 0.9305, 0.8989, 0.877, 0.8532, 0.8521, 0.8498, 0.8334, 0.8394, 0.8271, 0.822, 0.8257, 0.8172, 0.8318, 0.822, 0.822, 0.8159, 0.8106, 0.8163]","[127562, 126329, 127546, 125319, 110759, 127272, 117080, 123302, 117963, 115601, 105647, 105388, 115823, 100618, 67415, 92414, 76648, 44681, 47328, 44139, 39965, 20602, 6, 10, 10, 5, 9, 3, 2, 3, 2, 1]","[-11.7914, -11.7966, -11.8275, -11.8314, -11.8152, -11.9201, -11.8503, -11.8822, -11.8611, -11.858, -11.8376, -11.8341, -11.8727, -11.8406, -11.7749, -11.8368, -11.8025, -11.7155, -11.7172, -11.6955, -11.6757, -11.5038, -9.964, -9.799, -9.5584, -9.0303, -8.8873, -8.4102, -7.6838, -7.3974, -6.072, -3.2485]",6450,Selected
WIS_031,algorithmic,canonical,meta-llama/Llama-3.1-8B-Instruct,25,32,"[0.9752, 0.9696, 0.971, 0.9677, 0.9763, 0.9782, 0.9772, 0.9733, 0.9701, 0.9703, 0.9709, 0.9679, 0.9639, 0.9489, 0.928, 0.9004, 0.8798, 0.8605, 0.8602, 0.8583, 0.8434, 0.8497, 0.8394, 0.8359, 0.8378, 0.8297, 0.8417, 0.8309, 0.8308, 0.8242, 0.8185, 0.8215]","[127566, 126320, 127556, 125200, 110398, 127271, 116936, 123202, 118735, 116087, 106325, 109958, 116653, 107522, 74333, 94873, 83526, 53510, 60520, 62632, 58622, 29988, 6, 11, 9, 3, 11, 4, 2, 3, 1, 1]","[-11.7915, -11.7966, -11.8275, -11.8306, -11.8147, -11.9201, -11.8499, -11.8819, -11.8642, -11.8597, -11.8385, -11.8457, -11.8755, -11.8604, -11.7888, -11.8424, -11.8192, -11.7426, -11.7639, -11.7706, -11.7558, -11.5852, -10.0597, -9.8949, -9.6548, -9.2204, -9.1103, -8.6673, -7.9969, -7.6862, -6.2433, -3.4629]",6450,Selected
WIS_032,algorithmic,canonical,meta-llama/Llama-3.1-8B-Instruct,25,32,"[0.9753, 0.97, 0.9715, 0.9678, 0.9766, 0.9782, 0.977, 0.9736, 0.9706, 0.9715, 0.9718, 0.9693, 0.9643, 0.9501, 0.9275, 0.8965, 0.8747, 0.8552, 0.8557, 0.8562, 0.843, 0.8501, 0.8421, 0.8399, 0.8419, 0.8346, 0.8463, 0.835, 0.8356, 0.8294, 0.8235, 0.8245]","[127554, 126285, 127579, 125385, 110932, 127301, 117346, 123335, 118194, 115951, 105167, 108463, 116586, 106635, 74273, 96754, 82403, 50100, 49511, 50525, 47873, 24532, 6, 9, 9, 4, 8, 4, 2, 2, 2, 1]","[-11.7914, -11.7966, -11.8281, -11.8316, -11.8155, -11.921, -11.8513, -11.882, -11.8617, -11.8594, -11.8362, -11.8422, -11.8747, -11.857, -11.7884, -11.8476, -11.8168, -11.7329, -11.7255, -11.7217, -11.7111, -11.5442, -10.008, -9.8341, -9.6128, -9.1581, -9.0408, -8.5974, -7.9306, -7.6355, -6.151, -3.3432]",6450,Selected
BW_001,planning_suite,canonical,meta-llama/Llama-3.1-8B-Instruct,30,32,"[0.9085, 0.8881, 0.9182, 0.9154, 0.9353, 0.9469, 0.9529, 0.9538, 0.9516, 0.9582, 0.9548, 0.9518, 0.9545, 0.9467, 0.9488, 0.938, 0.9379, 0.9315, 0.9379, 0.9421, 0.941, 0.9449, 0.9443, 0.9484, 0.9437, 0.933, 0.9316, 0.9182, 0.9169, 0.9126, 0.9086, 0.9206]","[119777, 94099, 93570, 67846, 42399, 76474, 98146, 58256, 53668, 46451, 78331, 103084, 110276, 81603, 98899, 21204, 22758, 11891, 14187, 21461, 20802, 14267, 3199, 5673, 9484, 45, 19, 13, 10, 8, 5, 1]","[-11.7784, -11.7718, -11.7772, -11.765, -11.7428, -11.7792, -11.806, -11.7568, -11.7511, -11.7402, -11.7872, -11.8311, -11.855, -11.7986, -11.8529, -11.655, -11.6519, -11.5669, -11.538, -11.554, -11.5338, -11.3867, -11.0163, -11.0297, -11.072, -9.5758, -8.4457, -7.8927, -7.1251, -6.411, -5.5238, -1.3987]",30345,pick
BW_002,planning_suite,canonical,meta-llama/Llama-3.1-8B-Instruct,30,32,"[0.9064, 0.8994, 0.9236, 0.9246, 0.9453, 0.9586, 0.9619, 0.963, 0.9598, 0.9629, 0.9597, 0.9556, 0.9536, 0.9416, 0.9439, 0.9343, 0.9384, 0.9343, 0.9409, 0.9428, 0.9407, 0.9468, 0.9472, 0.951, 0.9475, 0.9387, 0.9383, 0.9274, 0.9268, 0.9245, 0.9183, 0.929]","[119348, 90975, 99070, 65624, 39257, 58837, 91180, 48309, 47801, 37652, 65539, 97807, 109058, 92177, 98366, 14167, 23343, 10206, 16010, 21049, 21562, 15005, 3806, 6494, 11796, 96, 26, 17, 13, 11, 5, 1]","[-11.7782, -11.7708, -11.7806, -11.7636, -11.7392, -11.7576, -11.7965, -11.7444, -11.7435, -11.7259, -11.7674, -11.8208, -11.8526, -11.8217, -11.8515, -11.6241, -11.6527, -11.5521, -11.5533, -11.5552, -11.541, -11.4043, -11.0615, -11.0706, -11.1402, -9.8642, -8.7414, -8.222, -7.4407, -6.7253, -5.8032, -1.4887]",30345,pick
BW_010,planning_suite,canonical,meta-llama/Llama-3.1-8B-Instruct,30,32,"[0.9152, 0.8937, 0.922, 0.9172, 0.9367, 0.9456, 0.9523, 0.9548, 0.9541, 0.9612, 0.958, 0.9556, 0.9571, 0.9486, 0.9532, 0.9431, 0.9424, 0.9358, 0.9422, 0.9459, 0.9449, 0.9489, 0.9471, 0.9511, 0.9454, 0.9348, 0.9318, 0.9193, 0.9161, 0.9127, 0.9083, 0.9215]","[120536, 95395, 95414, 62206, 39510, 79156, 101290, 65698, 64790, 57703, 91863, 107284, 112707, 87766, 106685, 24686, 30744, 12748, 15611, 20448, 19544, 12659, 3132, 5653, 10127, 76, 21, 15, 10, 8, 5, 1]","[-11.7789, -11.7723, -11.7784, -11.7613, -11.7398, -11.7829, -11.8109, -11.7659, -11.7649, -11.7557, -11.8108, -11.8428, -11.8641, -11.8122, -11.8774, -11.6663, -11.6789, -11.5689, -11.5438, -11.5417, -11.5182, -11.3595, -11.0042, -11.0221, -11.0858, -9.7108, -8.567, -7.9727, -7.0696, -6.333, -5.349, -1.2987]",30345,pick
BW_011,planning_suite,canonical,meta-llama/Llama-3.1-8B-Instruct,30,32,"[0.9026, 0.8809, 0.9111, 0.9136, 0.9339, 0.9459, 0.9516, 0.9539, 0.9551, 0.9596, 0.9574, 0.9535, 0.9572, 0.9478, 0.9513, 0.9407, 0.9396, 0.9339, 0.9382, 0.9429, 0.9412, 0.9455, 0.9455, 0.9492, 0.9438, 0.9332, 0.933, 0.9211, 0.9201, 0.916, 0.9128, 0.925]","[119446, 94726, 94998, 69667, 42864, 77075, 99549, 63395, 49933, 48950, 80091, 104757, 110671, 89805, 103507, 21798, 24850, 18289, 15886, 23015, 21458, 13829, 2583, 4806, 8664, 48, 19, 14, 11, 9, 5, 1]","[-11.7783, -11.7721, -11.7783, -11.7663, -11.7434, -11.7801, -11.8083, -11.763, -11.7463, -11.744, -11.7901, -11.8358, -11.8579, -11.8167, -11.8703, -11.6552, -11.659, -11.6079, -11.5533, -11.5676, -11.5404, -11.3835, -10.9821, -10.9926, -11.0456, -9.5869, -8.4631, -7.8898, -7.1409, -6.433, -5.4867, -1.3253]",30345,pick
BW_014,planning_suite,canonical,meta-llama/Llama-3.1-8B-Instruct,30,32,"[0.9148, 0.9077, 0.9283, 0.9318, 0.9483, 0.9587, 0.9617, 0.9638, 0.9589, 0.9633, 0.9598, 0.9564, 0.9572, 0.9411, 0.9404, 0.9259, 0.9299, 0.9276, 0.934, 0.9361, 0.9348, 0.938, 0.9343, 0.939, 0.9343, 0.9245, 0.9219, 0.9087, 0.908, 0.905, 0.8992, 0.9164]","[120526, 91984, 99033, 64695, 37107, 57720, 94268, 50576, 60868, 45329, 78674, 99039, 109631, 85781, 101558, 14896, 15373, 5933, 11149, 16172, 16057, 10041, 2098, 4227, 8319, 77, 22, 15, 10, 9, 4, 1]","[-11.779, -11.7711, -11.7805, -11.7629, -11.737, -11.7563, -11.801, -11.7476, -11.7602, -11.7382, -11.7886, -11.8243, -11.8536, -11.8075, -11.8588, -11.6268, -11.616, -11.506, -11.5086, -11.5099, -11.4879, -11.3187, -10.9279, -10.9513, -11.025, -9.7112, -8.6093, -8.0411, -7.1031, -6.373, -5.3973, -1.2367]",30345,pick
BW_022,planning_suite,canonical,meta-llama/Llama-3.1-8B-Instruct,30,32,"[0.908, 0.9011, 0.9256, 0.9267, 0.9458, 0.9581, 0.9613, 0.9636, 0.9615, 0.9657, 0.9626, 0.9588, 0.9576, 0.9454, 0.9467, 0.9329, 0.9383, 0.9376, 0.9438, 0.9463, 0.9453, 0.9508, 0.951, 0.9548, 0.9502, 0.9411, 0.9407, 0.9304, 0.9298, 0.9281, 0.9209, 0.9321]","[119897, 92118, 100401, 67082, 37815, 60577, 92964, 52076, 60482, 46472, 73960, 100828, 107393, 83645, 101567, 14731, 22606, 8468, 14285, 17013, 17963, 13168, 3577, 6430, 11475, 134, 26, 17, 14, 10, 4, 1]","[-11.7786, -11.7712, -11.7815, -11.7645, -11.7378, -11.7597, -11.7993, -11.7492, -11.7597, -11.7398, -11.781, -11.8288, -11.8491, -11.8044, -11.8601, -11.6266, -11.6492, -11.5365, -11.5404, -11.5267, -11.5115, -11.3785, -11.0524, -11.0681, -11.1339, -9.9564, -8.8685, -8.3325, -7.4121, -6.6974, -5.6972, -1.4885]",30345,pick
BW_080,planning_suite,canonical,meta-llama/Llama-3.1-8B-Instruct,30,32,"[0.9144, 0.8932, 0.9219, 0.9178, 0.9363, 0.9452, 0.9524, 0.9542, 0.9534, 0.9605, 0.9574, 0.9551, 0.9559, 0.9455, 0.9507, 0.9401, 0.9404, 0.935, 0.9399, 0.945, 0.9448, 0.9501, 0.9507, 0.9549, 0.9498, 0.9395, 0.938, 0.926, 0.9245, 0.9204, 0.9149, 0.9269]","[120455, 96091, 96152, 61368, 37769, 76297, 97964, 59530, 58891, 53228, 88602, 102323, 113140, 86585, 106308, 22873, 27620, 11866, 16362, 22587, 22063, 13891, 4417, 7285, 12180, 85, 22, 15, 11, 9, 5, 1]","[-11.7789, -11.7726, -11.7787, -11.7607, -11.7378, -11.779, -11.8057, -11.7584, -11.7575, -11.7496, -11.8044, -11.8299, -11.8644, -11.8093, -11.8768, -11.6606, -11.669, -11.5645, -11.5512, -11.5601, -11.5404, -11.3792, -11.071, -11.0818, -11.1435, -9.7772, -8.6376, -8.022, -7.1197, -6.4134, -5.48, -1.3826]",30345,pick
BW_120,planning_suite,canonical,meta-llama/Llama-3.1-8B-Instruct,30,32,"[0.9171, 0.8964, 0.9238, 0.9185, 0.9345, 0.944, 0.9521, 0.9547, 0.954, 0.9613, 0.9563, 0.9535, 0.956, 0.946, 0.9521, 0.9387, 0.9381, 0.9296, 0.9355, 0.9383, 0.9365, 0.9393, 0.9366, 0.941, 0.9364, 0.9249, 0.9209, 0.9062, 0.9046, 0.9013, 0.8978, 0.9134]","[120457, 93689, 95453, 60543, 36965, 78224, 102406, 66822, 66219, 56519, 89817, 106248, 114908, 88795, 110034, 25089, 25666, 8144, 10552, 16932, 14466, 8945, 1982, 3854, 7279, 53, 19, 14, 8, 6, 4, 1]","[-11.7788, -11.7717, -11.7783, -11.7601, -11.7372, -11.7816, -11.8127, -11.7672, -11.7666, -11.754, -11.8072, -11.8403, -11.871, -11.8137, -11.8909, -11.6668, -11.6614, -11.5298, -11.4985, -11.5083, -11.4685, -11.2904, -10.898, -10.9136, -10.9751, -9.5426, -8.3749, -7.79, -6.874, -6.1449, -5.1525, -1.1975]",30345,pick
BW_137,planning_suite,canonical,meta-llama/Llama-3.1-8B-Instruct,30,32,"[0.903, 0.8822, 0.9143, 0.915, 0.9324, 0.9462, 0.9515, 0.9545, 0.9567, 0.9606, 0.9574, 0.955, 0.9568, 0.9478, 0.9517, 0.9423, 0.942, 0.9346, 0.9385, 0.9425, 0.9406, 0.9441, 0.9424, 0.946, 0.9395, 0.9276, 0.9268, 0.9138, 0.9131, 0.9085, 0.9061, 0.9184]","[119127, 93779, 95470, 66963, 40726, 74350, 99022, 61095, 50981, 45192, 77196, 102680, 113789, 98402, 107317, 26067, 31009, 16922, 16255, 24196, 22228, 15255, 3172, 5990, 10429, 41, 17, 13, 11, 8, 5, 1]","[-11.7781, -11.7718, -11.7785, -11.7645, -11.741, -11.7766, -11.8081, -11.7602, -11.7476, -11.7383, -11.7858, -11.8305, -11.8681, -11.8349, -11.8799, -11.6722, -11.6814, -11.6005, -11.5554, -11.5733, -11.5452, -11.4005, -11.0181, -11.0428, -11.1014, -9.5312, -8.3599, -7.793, -7.1588, -6.4413, -5.5017, -1.3856]",30345,pick
BW_155,planning_suite,canonical,meta-llama/Llama-3.1-8B-Instruct,30,32,"[0.9143, 0.8935, 0.922, 0.9176, 0.9363, 0.9452, 0.9519, 0.9547, 0.9538, 0.9617, 0.9588, 0.9556, 0.9586, 0.9499, 0.9547, 0.9412, 0.9419, 0.9378, 0.9439, 0.9472, 0.9455, 0.9494, 0.9479, 0.9514, 0.9444, 0.9337, 0.9319, 0.9184, 0.9162, 0.9131, 0.9091, 0.9251]","[120372, 95313, 95771, 63263, 40434, 80975, 101596, 65878, 64479, 55949, 88258, 104206, 111131, 84893, 102674, 20325, 26073, 10621, 12773, 18193, 17957, 12548, 3009, 5639, 10099, 72, 19, 15, 10, 8, 5, 1]","[-11.7788, -11.7723, -11.7786, -11.762, -11.7408, -11.7853, -11.8114, -11.7661, -11.7646, -11.7532, -11.8044, -11.8347, -11.8584, -11.8057, -11.8638, -11.6502, -11.6629, -11.553, -11.5218, -11.524, -11.5038, -11.3547, -10.9888, -11.015, -11.0793, -9.6692, -8.4623, -7.8763, -7.06, -6.3188, -5.3416, -1.3093]",30345,pick
BW_172,planning_suite,canonical,meta-llama/Llama-3.1-8B-Instruct,30,32,"[0.9029, 0.8817, 0.9134, 0.9136, 0.932, 0.9459, 0.9515, 0.9545, 0.9562, 0.9607, 0.9575, 0.9556, 0.9559, 0.9444, 0.9486, 0.9393, 0.9372, 0.9282, 0.9312, 0.9356, 0.9338, 0.9383, 0.9365, 0.9407, 0.9353, 0.923, 0.9214, 0.907, 0.9056, 0.9009, 0.8981, 0.9111]","[119128, 94182, 95175, 67681, 40831, 75209, 99184, 62244, 52551, 46221, 76447, 101820, 113769, 95195, 110729, 28703, 31662, 12159, 12532, 20231, 18095, 14360, 3310, 5945, 10100, 39, 16, 11, 8, 7, 5, 1]","[-11.7781, -11.7719, -11.7784, -11.7649, -11.7411, -11.7777, -11.8085, -11.7617, -11.7496, -11.7399, -11.7843, -11.8287, -11.8678, -11.8272, -11.8922, -11.6811, -11.6837, -11.571, -11.5275, -11.5447, -11.5112, -11.3848, -11.0152, -11.0328, -11.0854, -9.4785, -8.2588, -7.6895, -7.0624, -6.3227, -5.3669, -1.4448]",30345,pick
BW_203,planning_suite,canonical,meta-llama/Llama-3.1-8B-Instruct,30,32,"[0.9108, 0.9047, 0.9275, 0.9284, 0.9472, 0.9587, 0.9616, 0.963, 0.9598, 0.9646, 0.9591, 0.9557, 0.956, 0.9438, 0.9451, 0.9314, 0.9363, 0.9323, 0.939, 0.9406, 0.9384, 0.9429, 0.9414, 0.9452, 0.9404, 0.93, 0.9281, 0.9159, 0.9154, 0.9126, 0.9069, 0.9217]","[119675, 90509, 99944, 63916, 36032, 59232, 93831, 50541, 59207, 47169, 76741, 103532, 111751, 85977, 100879, 14636, 19460, 6412, 10831, 15433, 15577, 9771, 1955, 3805, 7515, 66, 21, 15, 11, 9, 4, 1]","[-11.7784, -11.7706, -11.7812, -11.7624, -11.7358, -11.758, -11.8005, -11.7473, -11.7581, -11.7407, -11.7856, -11.8345, -11.8606, -11.8084, -11.8594, -11.6252, -11.636, -11.5124, -11.5066, -11.5068, -11.4874, -11.3209, -10.9261, -10.9376, -10.9994, -9.704, -8.6143, -8.0725, -7.1485, -6.4183, -5.4241, -1.2705]",30345,pick
BW_227,planning_suite,canonical,meta-llama/Llama-3.1-8B-Instruct,30,32,"[0.906, 0.8846, 0.9152, 0.914, 0.9346, 0.9464, 0.9526, 0.9543, 0.9538, 0.9591, 0.9559, 0.9518, 0.9552, 0.9466, 0.9502, 0.9367, 0.9366, 0.9329, 0.937, 0.9422, 0.9421, 0.9474, 0.9483, 0.9525, 0.9464, 0.9354, 0.9341, 0.9218, 0.9218, 0.9181, 0.9135, 0.9262]","[119477, 92447, 93870, 65100, 39893, 73683, 97276, 60364, 54901, 49181, 77433, 102676, 112885, 87529, 104612, 24254, 25463, 11087, 12270, 18706, 17637, 13475, 4261, 7187, 11734, 53, 19, 13, 11, 9, 5, 1]","[-11.7782, -11.7712, -11.7774, -11.7632, -11.7401, -11.776, -11.8049, -11.7594, -11.7526, -11.7443, -11.786, -11.8307, -11.8649, -11.8116, -11.8725, -11.665, -11.6615, -11.5598, -11.5207, -11.5307, -11.5018, -11.3708, -11.0609, -11.0755, -11.13, -9.6071, -8.435, -7.8465, -7.1524, -6.4248, -5.4723, -1.3499]",30345,pick
BW_282,planning_suite,canonical,meta-llama/Llama-3.1-8B-Instruct,30,32,"[0.908, 0.9011, 0.9255, 0.9272, 0.9458, 0.9581, 0.9611, 0.9633, 0.9612, 0.9652, 0.962, 0.9582, 0.9566, 0.9439, 0.9461, 0.9325, 0.9383, 0.9379, 0.9438, 0.9462, 0.9453, 0.9506, 0.9511, 0.9547, 0.9501, 0.9407, 0.9404, 0.9302, 0.929, 0.9272, 0.9207, 0.9319]","[119929, 91111, 100685, 67646, 38413, 61470, 93310, 51188, 60073, 46881, 75102, 101168, 107749, 84419, 100771, 14123, 23746, 9204, 14929, 16763, 18111, 13296, 3557, 6334, 11467, 128, 26, 17, 14, 12, 5, 1]","[-11.7786, -11.7708, -11.7817, -11.765, -11.7385, -11.7609, -11.7997, -11.7482, -11.7592, -11.7404, -11.7828, -11.8291, -11.8496, -11.8057, -11.8573, -11.6232, -11.6538, -11.5446, -11.5459, -11.5247, -11.5127, -11.3795, -11.0507, -11.0639, -11.1322, -9.9438, -8.8318, -8.3036, -7.4653, -6.7512, -5.794, -1.5498]",30345,pick
BW_310,planning_suite,canonical,meta-llama/Llama-3.1-8B-Instruct,30,32,"[0.9093, 0.9026, 0.9268, 0.928, 0.9467, 0.9588, 0.9624, 0.9637, 0.9602, 0.9647, 0.9616, 0.958, 0.9557, 0.9441, 0.9449, 0.9336, 0.938, 0.9365, 0.9428, 0.9451, 0.9438, 0.9498, 0.9509, 0.9547, 0.9509, 0.9419, 0.9416, 0.9321, 0.9311, 0.929, 0.9219, 0.9318]","[120020, 93010, 100377, 65164, 35585, 56935, 88792, 46266, 52286, 42084, 74054, 101142, 111240, 91189, 97876, 16833, 26744, 11537, 16919, 20634, 22078, 15703, 5260, 8052, 13709, 149, 29, 17, 14, 12, 5, 1]","[-11.7787, -11.7716, -11.7814, -11.7632, -11.735, -11.7553, -11.7934, -11.7418, -11.7493, -11.7332, -11.7808, -11.8285, -11.8597, -11.8196, -11.8492, -11.6368, -11.6659, -11.5657, -11.5607, -11.5528, -11.5448, -11.4133, -11.1282, -11.1246, -11.1892, -10.0095, -8.9466, -8.411, -7.5335, -6.8427, -5.8905, -1.6428]",30345,pick
BW_331,planning_suite,canonical,meta-llama/Llama-3.1-8B-Instruct,30,32,"[0.9143, 0.9076, 0.9284, 0.9314, 0.948, 0.9585, 0.9615, 0.9633, 0.9575, 0.9623, 0.9592, 0.9562, 0.9578, 0.9432, 0.9435, 0.9294, 0.9333, 0.9293, 0.937, 0.938, 0.9363, 0.9391, 0.9355, 0.9397, 0.9346, 0.9252, 0.9222, 0.908, 0.9072, 0.9047, 0.8995, 0.9164]","[120411, 91883, 98900, 65182, 37340, 58524, 93939, 50089, 60719, 44973, 77580, 98354, 109550, 87682, 101212, 15555, 15798, 5797, 9965, 15329, 15779, 10119, 1976, 3991, 7976, 78, 22, 15, 10, 9, 4, 1]","[-11.7789, -11.771, -11.7804, -11.7632, -11.7372, -11.7572, -11.8005, -11.7469, -11.76, -11.7377, -11.7869, -11.8227, -11.8529, -11.8113, -11.8573, -11.6298, -11.6176, -11.503, -11.4958, -11.5043, -11.4869, -11.3205, -10.9154, -10.9396, -11.0136, -9.74, -8.6075, -8.0547, -7.1091, -6.3622, -5.3647, -1.245]",30345,pick
BW_350,planning_suite,canonical,meta-llama/Llama-3.1-8B-Instruct,30,32,"[0.899, 0.8921, 0.9189, 0.9244, 0.9452, 0.9576, 0.9615, 0.962, 0.9586, 0.9617, 0.9601, 0.9558, 0.9553, 0.9449, 0.9478, 0.941, 0.943, 0.9321, 0.9381, 0.9418, 0.9412, 0.9466, 0.9475, 0.9512, 0.9464, 0.9374, 0.9365, 0.9241, 0.9241, 0.9205, 0.9163, 0.9286]","[118971, 90699, 100412, 70443, 38725, 57037, 90410, 47576, 44022, 36594, 60692, 97665, 108548, 92564, 102393, 18675, 24035, 12586, 15322, 21750, 21758, 16035, 3234, 6030, 10427, 43, 19, 14, 12, 9, 5, 1]","[-11.778, -11.7707, -11.7817, -11.7668, -11.7387, -11.7552, -11.796, -11.7434, -11.7383, -11.7243, -11.76, -11.8212, -11.8515, -11.823, -11.8655, -11.6444, -11.6559, -11.5744, -11.5541, -11.5642, -11.5458, -11.4193, -11.0415, -11.0621, -11.1085, -9.6208, -8.4849, -7.9203, -7.2357, -6.519, -5.5606, -1.3678]",30345,pick
BW_408,planning_suite,canonical,meta-llama/Llama-3.1-8B-Instruct,30,32,"[0.9036, 0.8985, 0.9239, 0.9247, 0.9471, 0.9601, 0.9633, 0.9629, 0.9582, 0.9625, 0.9605, 0.9567, 0.955, 0.9453, 0.946, 0.9389, 0.9411, 0.935, 0.9415, 0.9438, 0.9423, 0.946, 0.9457, 0.9497, 0.9452, 0.9363, 0.934, 0.9194, 0.9185, 0.9158, 0.9122, 0.9222]","[119258, 90063, 98568, 69393, 39741, 55831, 89799, 45531, 51130, 37040, 63305, 96671, 105854, 84327, 94942, 17238, 22436, 9665, 13968, 20150, 19442, 13438, 2479, 4828, 8552, 64, 19, 15, 11, 9, 5, 1]","[-11.7781, -11.7704, -11.7803, -11.7661, -11.7397, -11.7538, -11.795, -11.7408, -11.7477, -11.7251, -11.764, -11.8188, -11.8438, -11.8042, -11.8412, -11.6401, -11.6506, -11.5504, -11.5408, -11.5518, -11.5296, -11.3899, -10.989, -11.008, -11.0515, -9.7476, -8.646, -8.1395, -7.3214, -6.5993, -5.7671, -1.4806]",30345,pick
BW_467,planning_suite,canonical,meta-llama/Llama-3.1-8B-Instruct,30,32,"[0.9116, 0.8903, 0.9204, 0.9181, 0.937, 0.9483, 0.9543, 0.9555, 0.955, 0.9621, 0.9579, 0.956, 0.9571, 0.9464, 0.9505, 0.9416, 0.9414, 0.937, 0.9425, 0.948, 0.9474, 0.9534, 0.9546, 0.9584, 0.9522, 0.9417, 0.9417, 0.931, 0.9294, 0.9263, 0.9209, 0.933]","[119854, 95313, 95862, 65047, 39833, 75869, 98942, 60617, 53668, 49521, 80936, 102114, 112982, 87478, 106276, 25549, 25567, 13605, 16458, 23975, 21939, 14840, 3862, 6672, 11688, 69, 19, 15, 11, 9, 5, 1]","[-11.7785, -11.7723, -11.7786, -11.7631, -11.7401, -11.7785, -11.807, -11.7597, -11.7509, -11.7447, -11.7915, -11.8295, -11.8644, -11.8116, -11.8771, -11.6695, -11.6612, -11.5765, -11.5514, -11.5699, -11.54, -11.3958, -11.055, -11.0706, -11.1387, -9.7368, -8.5718, -7.9843, -7.1669, -6.4401, -5.5081, -1.335]",30345,pick
BW_495,planning_suite,canonical,meta-llama/Llama-3.1-8B-Instruct,30,32,"[0.9078, 0.9012, 0.9255, 0.9265, 0.9454, 0.958, 0.9611, 0.9632, 0.9611, 0.9653, 0.9622, 0.9584, 0.9572, 0.9444, 0.9458, 0.9324, 0.9382, 0.9383, 0.9449, 0.9474, 0.947, 0.9522, 0.9526, 0.9562, 0.9515, 0.9423, 0.9418, 0.9312, 0.9301, 0.9282, 0.9206, 0.9322]","[119829, 92024, 101312, 66472, 37807, 60083, 91777, 50568, 59463, 46180, 74590, 100877, 105626, 81088, 101666, 14591, 23239, 9534, 15501, 17585, 17909, 13131, 3420, 6193, 11310, 131, 26, 17, 14, 11, 5, 1]","[-11.7785, -11.7711, -11.782, -11.7641, -11.7378, -11.7591, -11.7977, -11.7474, -11.7585, -11.7394, -11.7821, -11.8287, -11.8441, -11.7991, -11.86, -11.6262, -11.6516, -11.5477, -11.5507, -11.5319, -11.5127, -11.3807, -11.0496, -11.0638, -11.1301, -9.9555, -8.8521, -8.3167, -7.4374, -6.7422, -5.7727, -1.5248]",30345,pick
BW_E002,planning_suite,canonical,meta-llama/Llama-3.1-8B-Instruct,30,32,"[0.917, 0.8992, 0.9234, 0.9227, 0.9395, 0.9517, 0.9562, 0.9574, 0.9554, 0.962, 0.9588, 0.9564, 0.9579, 0.9477, 0.9483, 0.9381, 0.9408, 0.9374, 0.9436, 0.9449, 0.9435, 0.9471, 0.9453, 0.9497, 0.9441, 0.9329, 0.9308, 0.9192, 0.9172, 0.9152, 0.91, 0.9265]","[120268, 92062, 100506, 63251, 37823, 59707, 91423, 48459, 59515, 46400, 72763, 102265, 108837, 86204, 105466, 26086, 29403, 13295, 16797, 22307, 19994, 12839, 3212, 5582, 10766, 68, 23, 15, 11, 9, 5, 1]","[-11.7788, -11.7711, -11.7814, -11.762, -11.7377, -11.7586, -11.7972, -11.7445, -11.7585, -11.7398, -11.779, -11.832, -11.8533, -11.8094, -11.873, -11.6713, -11.674, -11.5743, -11.5563, -11.5598, -11.5253, -11.3697, -11.0167, -11.0252, -11.1072, -9.7224, -8.6501, -8.0718, -7.2186, -6.4827, -5.5311, -1.3273]",30345,pick
BW_E015,planning_suite,canonical,meta-llama/Llama-3.1-8B-Instruct,-1,32,"[0.9174, 0.8984, 0.9217, 0.9215, 0.9389, 0.9518, 0.9558, 0.958, 0.9575, 0.9628, 0.9601, 0.9575, 0.9578, 0.9417, 0.9425, 0.929, 0.9327, 0.9276, 0.9364, 0.9389, 0.938, 0.943, 0.9425, 0.9476, 0.943, 0.9313, 0.9306, 0.9201, 0.9187, 0.9165, 0.9097, 0.9261]","[128160, 127717, 128130, 127764, 122470, 126413, 127898, 128080, 124724, 119523, 113088, 127282, 121521, 110477, 61347, 47676, 18178, 29992, 14186, 3888, 1800, 1003, 238, 311, 366, 495, 363, 146, 84, 110, 11, 9]","[-11.7999, -11.8068, -11.8445, -11.8566, -11.8449, -11.9033, -11.9315, -11.9603, -11.8892, -11.8747, -11.8609, -11.9678, -11.9047, -11.8704, -11.7626, -11.7298, -11.628, -11.6581, -11.5336, -11.3494, -11.2329, -10.9857, -10.5279, -10.3737, -10.2264, -10.241, -9.803, -9.3913, -8.7985, -8.7125, -6.4002, -5.8593]",359,un
BW_E017,planning_suite,canonical,meta-llama/Llama-3.1-8B-Instruct,30,32,"[0.9171, 0.8993, 0.9236, 0.9228, 0.9396, 0.9517, 0.9561, 0.9575, 0.956, 0.9625, 0.9588, 0.9561, 0.9576, 0.9476, 0.9481, 0.9371, 0.9402, 0.9372, 0.9431, 0.9447, 0.9432, 0.9467, 0.945, 0.9491, 0.9435, 0.9327, 0.9306, 0.919, 0.917, 0.915, 0.9098, 0.9271]","[120232, 92127, 100293, 63438, 38403, 60618, 91017, 47802, 58758, 47498, 73936, 102723, 107806, 85261, 105512, 25240, 29442, 12977, 17049, 22633, 20145, 13196, 3332, 5733, 10957, 77, 24, 15, 11, 9, 4, 1]","[-11.7788, -11.7712, -11.7813, -11.7621, -11.7383, -11.7598, -11.7968, -11.7437, -11.7575, -11.7415, -11.7809, -11.833, -11.8507, -11.8074, -11.8727, -11.6689, -11.674, -11.5716, -11.5571, -11.5622, -11.5267, -11.3743, -11.0223, -11.0307, -11.1102, -9.741, -8.6773, -8.0863, -7.1816, -6.4394, -5.4747, -1.3067]",30345,pick
BW_E019,planning_suite,canonical,meta-llama/Llama-3.1-8B-Instruct,30,32,"[0.9187, 0.9006, 0.9247, 0.9234, 0.9391, 0.9519, 0.9564, 0.958, 0.9568, 0.9634, 0.9602, 0.9571, 0.9595, 0.9473, 0.949, 0.939, 0.9386, 0.92, 0.9313, 0.9309, 0.9277, 0.9274, 0.9208, 0.9258, 0.9209, 0.9094, 0.9062, 0.8918, 0.8927, 0.8907, 0.8827, 0.9052]","[128159, 127809, 128148, 127776, 123013, 126326, 127916, 128023, 125176, 120589, 117173, 127365, 122067, 109718, 64536, 45256, 17167, 28978, 16445, 4562, 1581, 1007, 165, 223, 251, 307, 230, 75, 50, 61, 3, 6]","[-11.7999, -11.8077, -11.8451, -11.8571, -11.8476, -11.9028, -11.934, -11.9539, -11.8936, -11.8808, -11.8763, -11.9703, -11.9076, -11.8678, -11.77, -11.7249, -11.6251, -11.6549, -11.5533, -11.3654, -11.226, -10.99, -10.4584, -10.2883, -10.104, -10.1019, -9.6354, -9.081, -8.4824, -8.3558, -5.1161, -4.2051]",359,un
BW_E100,planning_suite,canonical,meta-llama/Llama-3.1-8B-Instruct,30,32,"[0.918, 0.8995, 0.923, 0.9208, 0.9394, 0.9527, 0.9574, 0.9595, 0.9585, 0.9642, 0.9626, 0.9598, 0.9599, 0.9398, 0.9382, 0.9187, 0.9247, 0.9246, 0.9334, 0.9366, 0.9367, 0.9423, 0.9411, 0.9455, 0.9403, 0.9284, 0.9278, 0.917, 0.9157, 0.9137, 0.9061, 0.9253]","[120541, 92162, 100076, 63903, 37180, 56643, 88356, 45276, 52256, 41282, 65166, 92829, 107991, 89530, 106864, 25863, 29795, 7342, 14755, 20974, 19959, 13011, 2814, 5056, 9761, 95, 27, 18, 13, 9, 4, 1]","[-11.779, -11.7712, -11.7812, -11.7624, -11.7368, -11.7548, -11.793, -11.7409, -11.7492, -11.7319, -11.767, -11.8127, -11.8505, -11.8161, -11.8764, -11.6709, -11.6749, -11.522, -11.54, -11.553, -11.5229, -11.3674, -10.9857, -10.9957, -11.0744, -9.8288, -8.7707, -8.2234, -7.3512, -6.607, -5.5388, -1.5158]",30345,pick
MBW_001,planning_suite,canonical,meta-llama/Llama-3.1-8B-Instruct,31,32,"[0.9111, 0.8914, 0.9256, 0.9196, 0.9326, 0.9416, 0.9498, 0.9531, 0.9501, 0.9599, 0.9584, 0.957, 0.9581, 0.9478, 0.9489, 0.9371, 0.9389, 0.9318, 0.9413, 0.9418, 0.9383, 0.9392, 0.9257, 0.9307, 0.9195, 0.9036, 0.889, 0.8792, 0.876, 0.8689, 0.8557, 0.8814]","[94777, 77719, 114478, 64330, 67757, 27181, 42259, 5714, 13838, 12466, 66595, 32871, 40775, 28060, 29296, 25798, 17628, 19804, 12542, 16110, 21330, 9551, 4715, 5510, 22, 9, 18, 10, 8, 13, 6, 1]","[-11.7688, -11.7661, -11.7926, -11.7626, -11.7665, -11.7139, -11.7385, -11.6547, -11.6835, -11.6694, -11.7692, -11.7131, -11.7266, -11.694, -11.6858, -11.6701, -11.6271, -11.6088, -11.5216, -11.5145, -11.5389, -11.3189, -11.0742, -11.0125, -9.3837, -8.3077, -8.2306, -7.5917, -6.7935, -7.4629, -6.231, -1.748]",21208,attack
MBW_002,planning_suite,canonical,meta-llama/Llama-3.1-8B-Instruct,31,32,"[0.9076, 0.902, 0.9282, 0.9287, 0.9463, 0.9577, 0.9604, 0.9616, 0.9584, 0.9639, 0.96, 0.9574, 0.9597, 0.9519, 0.9511, 0.9449, 0.9447, 0.9394, 0.9471, 0.9447, 0.9415, 0.9421, 0.9275, 0.9329, 0.9211, 0.9034, 0.8936, 0.8832, 0.881, 0.873, 0.8586, 0.8807]","[95036, 74022, 112548, 55332, 73416, 29623, 41065, 5855, 11459, 10202, 70001, 43698, 49789, 38611, 32006, 29502, 25702, 22443, 15076, 15256, 21948, 9618, 3868, 5762, 26, 8, 18, 10, 9, 11, 6, 1]","[-11.7689, -11.765, -11.7907, -11.7566, -11.7718, -11.7189, -11.7368, -11.6567, -11.6755, -11.6599, -11.7749, -11.7318, -11.7419, -11.7185, -11.6926, -11.6824, -11.661, -11.6261, -11.5483, -11.5173, -11.551, -11.3322, -11.0521, -11.0329, -9.4661, -8.4411, -8.3606, -7.7773, -7.0328, -7.4973, -6.3002, -1.844]",21208,attack
MBW_010,planning_suite,canonical,meta-llama/Llama-3.1-8B-Instruct,31,32,"[0.912, 0.9054, 0.9296, 0.9282, 0.9468, 0.9573, 0.9595, 0.9625, 0.9579, 0.9638, 0.9577, 0.9554, 0.959, 0.9509, 0.9472, 0.9399, 0.9402, 0.9327, 0.9408, 0.9399, 0.937, 0.9357, 0.9172, 0.9227, 0.9121, 0.8947, 0.8823, 0.871, 0.8697, 0.8624, 0.8474, 0.8718]","[97490, 73703, 112662, 55042, 74220, 29030, 42712, 6320, 10666, 12536, 73628, 44052, 55219, 38882, 35344, 31913, 23992, 21891, 14597, 15628, 20854, 8311, 3081, 4672, 23, 8, 17, 10, 9, 13, 6, 1]","[-11.7696, -11.7649, -11.7911, -11.7564, -11.7725, -11.7177, -11.7388, -11.6587, -11.6732, -11.6688, -11.7808, -11.7333, -11.7512, -11.7194, -11.7018, -11.6899, -11.6547, -11.6234, -11.5448, -11.5195, -11.5418, -11.3079, -11.0087, -10.9821, -9.3935, -8.3408, -8.2523, -7.6273, -6.8757, -7.5309, -6.2976, -1.7813]",21208,attack
MBW_014,planning_suite,canonical,meta-llama/Llama-3.1-8B-Instruct,31,32,"[0.9138, 0.9067, 0.9306, 0.9303, 0.9456, 0.9561, 0.9594, 0.9619, 0.9552, 0.9611, 0.9585, 0.9564, 0.9612, 0.9531, 0.9522, 0.9483, 0.947, 0.9423, 0.9484, 0.9472, 0.9452, 0.9441, 0.9282, 0.9327, 0.9212, 0.9043, 0.8951, 0.8856, 0.8823, 0.8761, 0.8617, 0.8845]","[99321, 73245, 111754, 56529, 73991, 27944, 42228, 7096, 11278, 11905, 75966, 39911, 46934, 34441, 35927, 37681, 22349, 19364, 13224, 14954, 21206, 7896, 3170, 4597, 22, 8, 17, 9, 8, 11, 6, 1]","[-11.77, -11.7647, -11.79, -11.7575, -11.7723, -11.7161, -11.7386, -11.664, -11.6756, -11.6683, -11.7842, -11.7266, -11.737, -11.7094, -11.7029, -11.706, -11.6471, -11.6086, -11.5316, -11.5142, -11.5414, -11.3017, -11.0312, -11.0013, -9.464, -8.3936, -8.3144, -7.7708, -7.0718, -7.3984, -6.1847, -1.6712]",21208,attack
MBW_037,planning_suite,canonical,meta-llama/Llama-3.1-8B-Instruct,30,32,"[0.9115, 0.9047, 0.9295, 0.9294, 0.9457, 0.9561, 0.9582, 0.9617, 0.9575, 0.9631, 0.9596, 0.9576, 0.9612, 0.9526, 0.9519, 0.9476, 0.9486, 0.9433, 0.9507, 0.949, 0.9471, 0.9471, 0.9302, 0.9341, 0.9223, 0.9058, 0.896, 0.8878, 0.8853, 0.8778, 0.8638, 0.8857]","[97698, 74633, 113368, 57421, 73058, 27422, 40690, 6768, 10995, 11443, 73559, 39723, 46942, 38752, 39168, 38513, 24947, 21654, 12477, 13388, 18623, 7259, 3440, 5856, 20, 8, 16, 9, 7, 11, 5, 1]","[-11.7696, -11.7652, -11.7915, -11.7581, -11.7714, -11.7146, -11.7366, -11.6616, -11.6741, -11.6657, -11.7802, -11.7263, -11.737, -11.7186, -11.7115, -11.7081, -11.6582, -11.6225, -11.5297, -11.5061, -11.5278, -11.3019, -11.0556, -11.057, -9.4564, -8.428, -8.3497, -7.7447, -7.0201, -7.3867, -6.1147, -1.5432]",21208,attack
MBW_10,planning_suite,canonical,meta-llama/Llama-3.1-8B-Instruct,31,32,"[0.917, 0.8976, 0.9276, 0.9193, 0.9363, 0.9446, 0.9507, 0.9552, 0.9517, 0.9601, 0.9545, 0.9513, 0.9549, 0.948, 0.9457, 0.938, 0.9362, 0.9286, 0.9369, 0.9334, 0.9292, 0.927, 0.9078, 0.9143, 0.9054, 0.8872, 0.8709, 0.8603, 0.8569, 0.8501, 0.8412, 0.8695]","[97327, 79340, 114640, 65422, 71558, 28129, 43857, 7028, 12729, 13892, 68927, 34976, 43407, 25899, 29055, 27512, 22290, 19655, 12995, 15494, 19450, 7934, 2905, 3580, 19, 7, 14, 7, 7, 14, 6, 1]","[-11.7695, -11.7667, -11.793, -11.7633, -11.77, -11.716, -11.7407, -11.662, -11.6811, -11.6752, -11.7733, -11.7173, -11.7305, -11.6889, -11.6851, -11.676, -11.6477, -11.6078, -11.5239, -11.5067, -11.5222, -11.2816, -10.9762, -10.9039, -9.2749, -8.1612, -8.0937, -7.4067, -6.631, -7.3974, -6.1664, -1.7531]",21208,attack
MBW_100,planning_suite,canonical,meta-llama/Llama-3.1-8B-Instruct,31,32,"[0.9062, 0.8894, 0.9241, 0.9183, 0.932, 0.9407, 0.9498, 0.9552, 0.9511, 0.9591, 0.9543, 0.9518, 0.9573, 0.9495, 0.9517, 0.9486, 0.949, 0.9447, 0.9524, 0.9513, 0.9494, 0.9495, 0.936, 0.94, 0.9289, 0.9146, 0.9036, 0.8959, 0.8921, 0.8837, 0.8699, 0.8912]","[97054, 80028, 115070, 67919, 70152, 25530, 40210, 6930, 13244, 12151, 69656, 32737, 38509, 28295, 34102, 33427, 20581, 18385, 10907, 14510, 18466, 7726, 4221, 6113, 25, 8, 19, 9, 9, 11, 6, 1]","[-11.7694, -11.7669, -11.7932, -11.765, -11.7686, -11.7109, -11.7362, -11.6621, -11.6826, -11.67, -11.774, -11.7137, -11.7224, -11.6945, -11.6976, -11.6935, -11.64, -11.6019, -11.5097, -11.5067, -11.5182, -11.2941, -11.0693, -11.0516, -9.501, -8.4441, -8.3423, -7.7525, -7.0182, -7.3861, -6.1326, -1.6215]",21208,attack
MBW_127,planning_suite,canonical,meta-llama/Llama-3.1-8B-Instruct,31,32,"[0.9169, 0.8978, 0.9279, 0.9203, 0.9363, 0.9444, 0.9517, 0.9563, 0.9533, 0.9598, 0.9536, 0.9504, 0.9559, 0.9491, 0.9488, 0.943, 0.9431, 0.9352, 0.9432, 0.94, 0.9363, 0.9333, 0.9152, 0.9208, 0.9107, 0.893, 0.8765, 0.8658, 0.8637, 0.8567, 0.8455, 0.8716]","[95934, 78854, 114493, 66196, 70935, 27734, 43845, 7543, 13030, 13870, 71072, 36321, 44821, 26362, 30729, 27106, 20196, 16534, 10504, 13285, 17619, 7891, 3365, 4301, 26, 8, 17, 8, 7, 15, 6, 1]","[-11.7691, -11.7665, -11.7928, -11.7639, -11.7694, -11.7153, -11.7406, -11.665, -11.6822, -11.6754, -11.7765, -11.7202, -11.7333, -11.6902, -11.6897, -11.6744, -11.6386, -11.5894, -11.5021, -11.4884, -11.5069, -11.2834, -10.9994, -10.9398, -9.3498, -8.265, -8.1768, -7.5639, -6.8421, -7.41, -6.1959, -1.7877]",21208,attack
MBW_185,planning_suite,canonical,meta-llama/Llama-3.1-8B-Instruct,31,32,"[0.9096, 0.8909, 0.925, 0.9177, 0.9375, 0.946, 0.9527, 0.9545, 0.9502, 0.9582, 0.9569, 0.955, 0.9567, 0.9464, 0.9483, 0.9384, 0.9389, 0.931, 0.9401, 0.939, 0.9354, 0.9353, 0.9182, 0.9241, 0.9145, 0.8999, 0.8811, 0.8722, 0.8684, 0.8602, 0.8471, 0.8746]","[94633, 79111, 114948, 65672, 71639, 30174, 44983, 5670, 13344, 12604, 63927, 32433, 41721, 25938, 24632, 21753, 15646, 16197, 11030, 15756, 21661, 10052, 4050, 4746, 21, 7, 16, 8, 8, 15, 9, 1]","[-11.7687, -11.7666, -11.7931, -11.7635, -11.7702, -11.7192, -11.7413, -11.6537, -11.6813, -11.6713, -11.765, -11.7126, -11.7273, -11.6884, -11.6699, -11.6551, -11.6161, -11.5881, -11.5082, -11.5135, -11.5428, -11.3257, -11.0385, -10.9702, -9.3671, -8.2719, -8.2191, -7.6041, -6.9681, -7.4943, -6.3243, -1.934]",21208,attack
MBW_495,planning_suite,canonical,meta-llama/Llama-3.1-8B-Instruct,31,32,"[0.9116, 0.9048, 0.9293, 0.9277, 0.9463, 0.9572, 0.9597, 0.9624, 0.9578, 0.9632, 0.9569, 0.9547, 0.9583, 0.9513, 0.9493, 0.9448, 0.9454, 0.9387, 0.9466, 0.9446, 0.9415, 0.9409, 0.9229, 0.9277, 0.9158, 0.8979, 0.8845, 0.8738, 0.8731, 0.8654, 0.8505, 0.8766]","[96993, 74011, 112471, 53926, 73272, 29162, 43181, 6993, 11198, 13183, 75765, 42062, 54020, 42296, 37036, 34022, 25507, 21115, 13403, 13676, 20299, 8293, 3742, 5471, 22, 8, 18, 9, 9, 14, 6, 1]","[-11.7694, -11.765, -11.7908, -11.7557, -11.7716, -11.7178, -11.7392, -11.662, -11.6752, -11.6714, -11.7841, -11.7301, -11.7492, -11.7251, -11.7061, -11.696, -11.6602, -11.619, -11.5348, -11.5027, -11.5391, -11.3132, -11.0506, -11.0257, -9.4356, -8.4038, -8.308, -7.7358, -7.0424, -7.454, -6.2136, -1.7104]",21208,attack
BW_496,planning_suite,canonical,meta-llama/Llama-3.1-8B-Instruct,30,32,"[0.8808, 0.8679, 0.9009, 0.907, 0.9314, 0.9461, 0.953, 0.9574, 0.9569, 0.9588, 0.9514, 0.9431, 0.94, 0.9275, 0.9257, 0.9127, 0.9072, 0.8936, 0.9117, 0.9146, 0.9133, 0.9227, 0.9194, 0.9232, 0.9212, 0.9128, 0.9098, 0.8992, 0.9037, 0.898, 0.8837, 0.8832]","[118660, 90063, 100954, 69945, 37908, 55514, 93267, 48776, 47747, 37200, 62304, 94877, 107632, 92453, 100126, 21726, 37412, 8574, 12740, 18036, 16859, 12068, 1737, 3654, 6798, 73, 24, 16, 15, 9, 5, 1]","[-11.7779, -11.7705, -11.7821, -11.7666, -11.7377, -11.7533, -11.8003, -11.7448, -11.7433, -11.7252, -11.7623, -11.8151, -11.8493, -11.8222, -11.8557, -11.6581, -11.6999, -11.5411, -11.5327, -11.5372, -11.509, -11.3655, -10.9097, -10.9378, -10.977, -9.7478, -8.698, -8.2219, -7.3839, -6.6134, -5.6402, -1.502]",30345,pick
BW_497,planning_suite,canonical,meta-llama/Llama-3.1-8B-Instruct,30,32,"[0.8996, 0.8866, 0.9117, 0.917, 0.9366, 0.9472, 0.9552, 0.9597, 0.9558, 0.9583, 0.949, 0.9438, 0.943, 0.9342, 0.9335, 0.9124, 0.9062, 0.8959, 0.9111, 0.9115, 0.9088, 0.917, 0.9157, 0.9237, 0.921, 0.9119, 0.9155, 0.8982, 0.901, 0.8977, 0.8794, 0.8832]","[120408, 91938, 98094, 64292, 36700, 57453, 92714, 48623, 59748, 44010, 77528, 99454, 107097, 85900, 101010, 17691, 21445, 7312, 11704, 16388, 16847, 10386, 2064, 4108, 8234, 90, 26, 16, 11, 9, 4, 1]","[-11.7789, -11.7711, -11.78, -11.7626, -11.7365, -11.7559, -11.7989, -11.7452, -11.7589, -11.7363, -11.7868, -11.8252, -11.847, -11.8082, -11.858, -11.6394, -11.6444, -11.5233, -11.5165, -11.5177, -11.5, -11.3332, -10.9385, -10.9595, -11.0304, -9.8118, -8.7517, -8.2147, -7.2779, -6.5479, -5.5607, -1.3689]",30345,pick
BW_498,planning_suite,canonical,meta-llama/Llama-3.1-8B-Instruct,30,32,"[0.8813, 0.8672, 0.8995, 0.9055, 0.9324, 0.9466, 0.9533, 0.9574, 0.9569, 0.9589, 0.9482, 0.9419, 0.939, 0.9291, 0.9269, 0.9137, 0.9055, 0.8924, 0.9068, 0.9082, 0.9064, 0.9166, 0.9153, 0.9192, 0.9172, 0.911, 0.9069, 0.8932, 0.8913, 0.8864, 0.8747, 0.8892]","[119147, 90555, 101094, 70945, 40030, 57616, 90457, 47118, 45050, 38743, 61627, 99651, 109523, 87814, 97615, 18052, 26361, 6931, 10986, 17362, 16118, 11911, 2467, 4941, 8811, 62, 21, 15, 12, 9, 4, 1]","[-11.7782, -11.7707, -11.7822, -11.7672, -11.7401, -11.7559, -11.796, -11.7428, -11.7397, -11.7279, -11.7615, -11.8253, -11.8547, -11.8129, -11.8498, -11.6429, -11.6651, -11.5227, -11.5182, -11.5332, -11.5031, -11.3652, -10.983, -11.0052, -11.0517, -9.7059, -8.6105, -8.0978, -7.3044, -6.5589, -5.6107, -1.4463]",30345,pick
BW_499,planning_suite,canonical,meta-llama/Llama-3.1-8B-Instruct,30,32,"[0.8943, 0.8811, 0.9084, 0.9132, 0.9363, 0.9479, 0.9544, 0.9571, 0.9529, 0.9556, 0.946, 0.9403, 0.937, 0.9244, 0.9208, 0.8986, 0.8937, 0.8869, 0.9015, 0.9015, 0.899, 0.9083, 0.9081, 0.9159, 0.9162, 0.9087, 0.9081, 0.8959, 0.9013, 0.8952, 0.882, 0.8803]","[119714, 91909, 100614, 67386, 38781, 60873, 90836, 48788, 56256, 42923, 73798, 104277, 107724, 85932, 101652, 22645, 36097, 10334, 15751, 19335, 19208, 13546, 3086, 5685, 10120, 106, 26, 16, 14, 9, 5, 1]","[-11.7784, -11.7711, -11.7816, -11.7647, -11.7388, -11.76, -11.7963, -11.7449, -11.7544, -11.7345, -11.7809, -11.8366, -11.8496, -11.8086, -11.8599, -11.6602, -11.6946, -11.5526, -11.5509, -11.5422, -11.5219, -11.381, -11.014, -11.0332, -11.0887, -9.8491, -8.7574, -8.2226, -7.3296, -6.5974, -5.6078, -1.4407]",30345,pick
BW_500,planning_suite,canonical,meta-llama/Llama-3.1-8B-Instruct,31,32,"[0.8873, 0.8752, 0.9048, 0.9082, 0.9346, 0.9485, 0.9537, 0.9568, 0.9537, 0.9577, 0.9479, 0.9407, 0.9374, 0.9272, 0.9236, 0.9074, 0.9012, 0.8879, 0.9054, 0.9063, 0.9025, 0.9113, 0.9106, 0.9185, 0.9176, 0.9087, 0.9061, 0.8907, 0.8965, 0.8897, 0.8783, 0.8813]","[119234, 90192, 97308, 68568, 41237, 56412, 88797, 44695, 50071, 36598, 62266, 98558, 105501, 80575, 92917, 16619, 22422, 6525, 11276, 19254, 18445, 12346, 1990, 4034, 7490, 81, 28, 18, 12, 9, 6, 1]","[-11.7782, -11.7705, -11.7795, -11.7655, -11.7414, -11.7546, -11.7937, -11.7396, -11.7462, -11.7241, -11.7625, -11.823, -11.8431, -11.7972, -11.8362, -11.6369, -11.6504, -11.5169, -11.5205, -11.548, -11.5262, -11.3794, -10.9507, -10.9722, -11.0129, -9.8258, -8.8034, -8.3248, -7.4124, -6.6795, -5.7864, -1.5533]",30345,pick
BW_501,planning_suite,canonical,meta-llama/Llama-3.1-8B-Instruct,30,32,"[0.8864, 0.8746, 0.9039, 0.9078, 0.9347, 0.9487, 0.954, 0.9568, 0.9536, 0.9577, 0.9474, 0.9394, 0.9359, 0.9253, 0.9227, 0.9107, 0.9051, 0.8944, 0.9078, 0.9093, 0.9069, 0.9143, 0.9123, 0.9203, 0.9194, 0.9114, 0.9094, 0.8949, 0.9009, 0.8948, 0.8832, 0.8864]","[119274, 91433, 97798, 67977, 40234, 56251, 88860, 44742, 51345, 38642, 62348, 98934, 107482, 88222, 94213, 20172, 26252, 7681, 11890, 18158, 17658, 12809, 1946, 3870, 7621, 56, 19, 14, 11, 9, 4, 1]","[-11.7782, -11.7709, -11.7798, -11.7651, -11.7403, -11.7544, -11.7936, -11.7397, -11.7479, -11.7275, -11.7625, -11.8237, -11.8488, -11.8123, -11.8396, -11.6523, -11.6657, -11.5317, -11.5237, -11.5357, -11.5151, -11.377, -10.9421, -10.9599, -11.0162, -9.6947, -8.5685, -8.0184, -7.2858, -6.5411, -5.5811, -1.3644]",30345,pick
BW_502,planning_suite,canonical,meta-llama/Llama-3.1-8B-Instruct,30,32,"[0.8971, 0.8835, 0.9112, 0.9165, 0.9365, 0.9479, 0.9547, 0.9574, 0.9542, 0.9579, 0.9463, 0.9407, 0.9371, 0.9296, 0.9273, 0.9103, 0.9061, 0.8971, 0.9126, 0.9139, 0.9108, 0.9192, 0.915, 0.9209, 0.9173, 0.9068, 0.9076, 0.8956, 0.8996, 0.8954, 0.8794, 0.8748]","[119690, 90789, 100255, 62337, 36681, 60139, 94342, 50815, 59130, 45253, 74963, 104583, 110331, 87575, 100295, 17076, 25080, 7625, 12446, 16494, 16922, 10615, 1951, 3855, 7937, 76, 26, 16, 13, 9, 4, 1]","[-11.7784, -11.7707, -11.7813, -11.7613, -11.7365, -11.7592, -11.8013, -11.7476, -11.758, -11.7378, -11.7828, -11.8374, -11.8572, -11.8116, -11.8568, -11.637, -11.6591, -11.5269, -11.523, -11.5191, -11.502, -11.3381, -10.9357, -10.9497, -11.022, -9.7858, -8.731, -8.2145, -7.2884, -6.5588, -5.5286, -1.3751]",30345,pick
BW_503,planning_suite,canonical,meta-llama/Llama-3.1-8B-Instruct,30,32,"[0.8763, 0.8637, 0.898, 0.9036, 0.932, 0.9464, 0.9531, 0.9559, 0.9527, 0.9574, 0.949, 0.9434, 0.9427, 0.9302, 0.9243, 0.9116, 0.9046, 0.8936, 0.9099, 0.9148, 0.9126, 0.9217, 0.9182, 0.9219, 0.9186, 0.9109, 0.908, 0.8967, 0.9014, 0.8966, 0.8828, 0.8848]","[119270, 91408, 99914, 69562, 34388, 55623, 93081, 52542, 50759, 41191, 70121, 103395, 111952, 91224, 100110, 23435, 33726, 7235, 12971, 21747, 19853, 13854, 2162, 4184, 7387, 62, 19, 15, 11, 8, 4, 1]","[-11.7783, -11.771, -11.7813, -11.7663, -11.7335, -11.7535, -11.8002, -11.7493, -11.747, -11.7317, -11.7747, -11.8337, -11.8623, -11.819, -11.8555, -11.6652, -11.6894, -11.5264, -11.5383, -11.5666, -11.5391, -11.3959, -10.9543, -10.9706, -10.9999, -9.7063, -8.5753, -8.0763, -7.2536, -6.442, -5.4116, -1.4061]",30345,pick
BW_504,planning_suite,canonical,meta-llama/Llama-3.1-8B-Instruct,30,32,"[0.8887, 0.8755, 0.9038, 0.9089, 0.9364, 0.9491, 0.9544, 0.9563, 0.9526, 0.9561, 0.948, 0.9415, 0.9374, 0.9249, 0.9195, 0.9046, 0.8966, 0.8793, 0.8927, 0.894, 0.889, 0.8982, 0.8959, 0.9041, 0.9023, 0.8995, 0.9, 0.8848, 0.8871, 0.8783, 0.8667, 0.8643]","[119247, 91765, 99722, 66234, 37082, 56909, 89222, 45535, 49456, 38644, 67640, 99033, 107493, 89918, 95144, 16991, 27041, 9623, 14848, 21878, 21344, 15562, 4301, 7204, 12047, 109, 27, 17, 13, 11, 5, 1]","[-11.7782, -11.7711, -11.781, -11.764, -11.7368, -11.7552, -11.7939, -11.7413, -11.7457, -11.7277, -11.7708, -11.8235, -11.8484, -11.8167, -11.8418, -11.6379, -11.6669, -11.5491, -11.546, -11.563, -11.5417, -11.4113, -11.0811, -11.0945, -11.1475, -9.9066, -8.8302, -8.3097, -7.4783, -6.7665, -5.8276, -1.5306]",30345,pick
BW_505,planning_suite,canonical,meta-llama/Llama-3.1-8B-Instruct,30,32,"[0.8947, 0.8812, 0.9089, 0.913, 0.9359, 0.9476, 0.9544, 0.9574, 0.9541, 0.9564, 0.9471, 0.9412, 0.9374, 0.9261, 0.9257, 0.9047, 0.8997, 0.8886, 0.9049, 0.9038, 0.9, 0.9086, 0.9041, 0.9098, 0.9077, 0.8962, 0.8973, 0.885, 0.8896, 0.8845, 0.8695, 0.8582]","[119879, 91326, 100505, 67589, 38445, 60230, 91657, 50386, 57294, 46136, 73814, 103034, 106595, 85620, 95924, 17330, 29851, 8120, 13545, 16344, 17793, 13148, 2952, 5569, 10278, 140, 28, 17, 14, 11, 4, 1]","[-11.7786, -11.7709, -11.7816, -11.7649, -11.7384, -11.7593, -11.7975, -11.7471, -11.7558, -11.7394, -11.7809, -11.8337, -11.8465, -11.8079, -11.8427, -11.6389, -11.676, -11.535, -11.5372, -11.5261, -11.5155, -11.3838, -11.0228, -11.0439, -11.1062, -10.0039, -8.9398, -8.4377, -7.5472, -6.827, -5.8224, -1.7057]",30345,pick
BW_506,planning_suite,canonical,meta-llama/Llama-3.1-8B-Instruct,30,32,"[0.9014, 0.8881, 0.9133, 0.9179, 0.9365, 0.947, 0.9547, 0.9588, 0.9549, 0.958, 0.949, 0.9435, 0.9423, 0.9324, 0.9308, 0.9111, 0.9048, 0.8929, 0.9107, 0.9108, 0.9069, 0.915, 0.9117, 0.9185, 0.9159, 0.9064, 0.9074, 0.8944, 0.8986, 0.8941, 0.8794, 0.8763]","[120540, 92228, 98683, 64866, 37653, 58387, 93898, 50326, 59321, 45052, 78382, 99718, 107136, 86285, 99307, 17204, 19971, 7063, 11947, 16256, 16582, 10147, 2315, 4387, 8603, 100, 26, 16, 11, 9, 4, 1]","[-11.779, -11.7712, -11.7804, -11.763, -11.7375, -11.7571, -11.8004, -11.7473, -11.7583, -11.7378, -11.7882, -11.8259, -11.8474, -11.8091, -11.853, -11.6374, -11.6376, -11.5192, -11.5174, -11.5153, -11.4967, -11.3261, -10.9551, -10.9712, -11.0425, -9.8309, -8.7597, -8.2292, -7.2683, -6.5397, -5.554, -1.3982]",30345,pick
BW_507,planning_suite,canonical,meta-llama/Llama-3.1-8B-Instruct,30,32,"[0.9008, 0.8877, 0.913, 0.9181, 0.937, 0.9473, 0.9552, 0.9597, 0.9555, 0.958, 0.9491, 0.9439, 0.942, 0.9325, 0.9307, 0.9096, 0.9048, 0.8938, 0.9107, 0.9122, 0.908, 0.9163, 0.9133, 0.9202, 0.9179, 0.9079, 0.9085, 0.8961, 0.9008, 0.8963, 0.8798, 0.8765]","[120224, 91590, 98280, 64792, 37766, 58156, 93182, 49255, 57269, 42890, 76827, 97773, 107623, 84495, 100455, 17170, 19426, 6691, 10297, 15351, 15880, 10367, 2249, 4496, 8549, 103, 26, 16, 11, 9, 4, 1]","[-11.7787, -11.7709, -11.7801, -11.763, -11.7377, -11.7568, -11.7993, -11.746, -11.7557, -11.7346, -11.7856, -11.8216, -11.848, -11.8053, -11.8561, -11.637, -11.635, -11.5152, -11.5013, -11.5062, -11.4873, -11.3263, -10.9449, -10.9693, -11.0359, -9.8205, -8.7364, -8.1914, -7.2353, -6.503, -5.5187, -1.3277]",30345,pick
BW_508,planning_suite,canonical,meta-llama/Llama-3.1-8B-Instruct,30,32,"[0.8944, 0.8807, 0.9087, 0.9129, 0.9355, 0.9472, 0.9538, 0.9572, 0.9539, 0.9567, 0.9472, 0.9413, 0.9371, 0.926, 0.9258, 0.905, 0.9003, 0.891, 0.9074, 0.9069, 0.9033, 0.9121, 0.9077, 0.9131, 0.9108, 0.8991, 0.9004, 0.8881, 0.8925, 0.8873, 0.8718, 0.8615]","[119937, 91463, 100742, 67387, 37965, 59380, 91139, 50593, 57503, 46269, 74342, 101691, 106778, 84987, 97824, 17157, 27742, 8101, 13749, 16922, 18000, 12735, 2941, 5540, 10243, 133, 27, 17, 14, 10, 4, 1]","[-11.7786, -11.771, -11.7818, -11.7647, -11.7379, -11.7582, -11.7968, -11.7474, -11.756, -11.7396, -11.7816, -11.8307, -11.847, -11.8068, -11.8489, -11.6377, -11.6686, -11.5332, -11.5363, -11.5286, -11.5139, -11.3735, -11.0145, -11.0375, -11.1009, -9.9737, -8.905, -8.3823, -7.4718, -6.7521, -5.7401, -1.5933]",30345,pick
BW_509,planning_suite,canonical,meta-llama/Llama-3.1-8B-Instruct,30,32,"[0.8941, 0.8808, 0.9083, 0.9124, 0.9359, 0.9478, 0.9546, 0.9576, 0.9539, 0.9559, 0.9465, 0.9402, 0.9352, 0.9248, 0.9249, 0.9017, 0.897, 0.887, 0.9036, 0.9032, 0.8993, 0.9083, 0.9033, 0.9091, 0.9059, 0.8984, 0.9003, 0.8866, 0.8909, 0.8864, 0.8707, 0.8598]","[119840, 91691, 100965, 67827, 39073, 61183, 91903, 51829, 57743, 44184, 72547, 102173, 106819, 86143, 98787, 17461, 29471, 8349, 13903, 16789, 18113, 13322, 3316, 6081, 10945, 128, 27, 18, 14, 10, 4, 1]","[-11.7785, -11.771, -11.7818, -11.7651, -11.7391, -11.7605, -11.7977, -11.749, -11.7564, -11.7364, -11.7787, -11.8317, -11.8472, -11.8092, -11.8513, -11.6395, -11.6744, -11.5359, -11.5384, -11.5275, -11.516, -11.3846, -11.0452, -11.0648, -11.1253, -9.9732, -8.9173, -8.4073, -7.4971, -6.7773, -5.784, -1.6174]",30345,pick
BW_510,planning_suite,canonical,meta-llama/Llama-3.1-8B-Instruct,30,32,"[0.8879, 0.8753, 0.9039, 0.9084, 0.9356, 0.9484, 0.9542, 0.9566, 0.9529, 0.9567, 0.9486, 0.9411, 0.9388, 0.9277, 0.923, 0.9044, 0.8988, 0.8826, 0.8949, 0.8976, 0.8936, 0.9032, 0.901, 0.9089, 0.9048, 0.9015, 0.9032, 0.8878, 0.8903, 0.8814, 0.8716, 0.8705]","[119243, 91032, 99393, 65802, 38112, 57621, 89310, 45800, 49481, 37474, 64548, 97210, 108778, 89384, 96072, 18019, 25173, 5342, 11382, 19125, 17827, 13057, 2840, 5192, 9528, 102, 27, 17, 13, 9, 4, 1]","[-11.7782, -11.7708, -11.7807, -11.7637, -11.738, -11.7562, -11.7941, -11.7411, -11.7457, -11.7257, -11.766, -11.8199, -11.8514, -11.815, -11.8434, -11.6435, -11.6607, -11.4989, -11.5183, -11.546, -11.5168, -11.3812, -11.0026, -11.0185, -11.0787, -9.8907, -8.7983, -8.3035, -7.4478, -6.7291, -5.7694, -1.568]",30345,pick
BW_511,planning_suite,canonical,meta-llama/Llama-3.1-8B-Instruct,30,32,"[0.8977, 0.8843, 0.9115, 0.9165, 0.9358, 0.9471, 0.9539, 0.9561, 0.9527, 0.9568, 0.9458, 0.9399, 0.9359, 0.9283, 0.9265, 0.9073, 0.9029, 0.895, 0.9113, 0.9115, 0.9084, 0.9173, 0.9138, 0.9202, 0.9168, 0.9067, 0.9074, 0.8954, 0.9005, 0.897, 0.8821, 0.8779]","[119653, 90336, 99964, 62283, 36163, 60412, 93166, 49199, 58004, 43447, 74335, 103494, 111055, 89399, 101232, 16275, 24139, 7471, 12686, 16527, 16704, 10838, 2235, 4219, 8269, 93, 26, 16, 12, 9, 4, 1]","[-11.7784, -11.7705, -11.7812, -11.7613, -11.7359, -11.7595, -11.7996, -11.7455, -11.7567, -11.735, -11.7818, -11.8347, -11.8589, -11.8155, -11.8592, -11.6331, -11.6555, -11.5258, -11.5258, -11.5205, -11.5009, -11.3437, -10.9626, -10.9717, -11.0355, -9.8385, -8.7966, -8.2798, -7.3469, -6.6397, -5.6366, -1.4111]",30345,pick
BW_512,planning_suite,canonical,meta-llama/Llama-3.1-8B-Instruct,31,32,"[0.8908, 0.8774, 0.9066, 0.9117, 0.9355, 0.9481, 0.9546, 0.9574, 0.9558, 0.9595, 0.9519, 0.9456, 0.9432, 0.9293, 0.9277, 0.8999, 0.8963, 0.8828, 0.8982, 0.8942, 0.8899, 0.8983, 0.8977, 0.9046, 0.9062, 0.8965, 0.8973, 0.8785, 0.8818, 0.8778, 0.8631, 0.8612]","[119754, 91611, 100523, 65474, 37232, 56841, 88871, 45094, 52724, 42459, 70329, 97652, 109354, 88199, 95808, 14334, 27128, 8704, 15743, 19876, 20973, 15166, 4609, 7469, 13090, 182, 34, 18, 17, 13, 6, 1]","[-11.7785, -11.771, -11.7815, -11.7635, -11.7369, -11.7552, -11.7935, -11.7407, -11.7498, -11.7339, -11.7748, -11.821, -11.8529, -11.813, -11.8427, -11.6245, -11.6674, -11.5418, -11.5541, -11.5511, -11.5383, -11.4106, -11.1094, -11.1126, -11.1821, -10.1111, -9.1055, -8.5897, -7.7264, -7.0653, -6.0946, -1.9061]",30345,pick
BW_513,planning_suite,canonical,meta-llama/Llama-3.1-8B-Instruct,30,32,"[0.8886, 0.8753, 0.9037, 0.9082, 0.9354, 0.9485, 0.9542, 0.9566, 0.9531, 0.9572, 0.9491, 0.9424, 0.9388, 0.9264, 0.9238, 0.9082, 0.9016, 0.8908, 0.9035, 0.9029, 0.8994, 0.9067, 0.9052, 0.9115, 0.9136, 0.9077, 0.9046, 0.8894, 0.8937, 0.8878, 0.8779, 0.8783]","[119492, 91856, 99269, 66082, 37942, 56535, 88318, 47383, 51215, 39429, 65140, 96678, 107734, 87912, 97090, 18576, 26422, 10125, 15910, 23206, 23085, 15878, 4258, 7038, 12183, 96, 27, 16, 13, 10, 4, 1]","[-11.7784, -11.7711, -11.7807, -11.7639, -11.7377, -11.7548, -11.7928, -11.7432, -11.7479, -11.729, -11.767, -11.8188, -11.8487, -11.8123, -11.8472, -11.6447, -11.665, -11.5529, -11.5537, -11.572, -11.5546, -11.4159, -11.0812, -11.0918, -11.1537, -9.8838, -8.7952, -8.2548, -7.4396, -6.7217, -5.7368, -1.4927]",30345,pick
BW_514,planning_suite,canonical,meta-llama/Llama-3.1-8B-Instruct,30,32,"[0.894, 0.8807, 0.9084, 0.9128, 0.9365, 0.9483, 0.9541, 0.9563, 0.9525, 0.9574, 0.9495, 0.9436, 0.942, 0.9274, 0.9214, 0.8979, 0.891, 0.8775, 0.8934, 0.8907, 0.8864, 0.893, 0.891, 0.8977, 0.9016, 0.895, 0.8932, 0.8798, 0.8841, 0.8773, 0.8662, 0.8613]","[119659, 91663, 100154, 64753, 37210, 57300, 88607, 43457, 51171, 41193, 70898, 100419, 110187, 90033, 97849, 20403, 32736, 9706, 15648, 21130, 21927, 14864, 4615, 7360, 12904, 153, 32, 18, 15, 12, 5, 1]","[-11.7784, -11.7711, -11.7813, -11.763, -11.7369, -11.7558, -11.7931, -11.7385, -11.7478, -11.7317, -11.7758, -11.8272, -11.8563, -11.8169, -11.8496, -11.6512, -11.6847, -11.5496, -11.5543, -11.5619, -11.548, -11.4107, -11.1136, -11.1146, -11.1793, -10.0665, -9.0615, -8.5439, -7.6697, -6.985, -6.0129, -1.8241]",30345,pick
BW_515,planning_suite,canonical,meta-llama/Llama-3.1-8B-Instruct,30,32,"[0.893, 0.8798, 0.9082, 0.9126, 0.9363, 0.9486, 0.9548, 0.957, 0.9532, 0.9574, 0.9498, 0.9441, 0.9419, 0.9274, 0.9224, 0.8984, 0.8913, 0.8798, 0.8942, 0.8908, 0.8866, 0.8932, 0.8918, 0.8991, 0.9023, 0.895, 0.8949, 0.8815, 0.8863, 0.8797, 0.8692, 0.8594]","[119480, 91484, 100292, 64176, 38376, 56740, 89136, 44023, 52177, 40888, 69484, 99227, 109945, 88658, 98479, 21158, 36357, 11247, 18888, 23803, 24571, 16957, 5403, 8239, 14022, 173, 33, 20, 16, 12, 5, 1]","[-11.7783, -11.771, -11.7814, -11.7626, -11.7382, -11.7551, -11.7938, -11.7393, -11.7491, -11.7313, -11.7736, -11.8245, -11.8552, -11.8138, -11.851, -11.6547, -11.6955, -11.5637, -11.5756, -11.5791, -11.5668, -11.4343, -11.1381, -11.1352, -11.2021, -10.0985, -9.078, -8.5561, -7.6848, -6.9985, -6.0252, -1.8495]",30345,pick
MBW_496,planning_suite,canonical,meta-llama/Llama-3.1-8B-Instruct,31,32,"[0.8905, 0.8817, 0.9136, 0.914, 0.9387, 0.9507, 0.9577, 0.963, 0.9594, 0.9657, 0.9586, 0.9533, 0.9502, 0.9376, 0.9203, 0.9073, 0.9018, 0.8908, 0.901, 0.8981, 0.8937, 0.9017, 0.8997, 0.9086, 0.9008, 0.8876, 0.883, 0.8698, 0.8635, 0.858, 0.8442, 0.857]","[94464, 71849, 112870, 52830, 74220, 32948, 47308, 5747, 10940, 11820, 62154, 36450, 49009, 35489, 27659, 22458, 15906, 21771, 14261, 15268, 19274, 7864, 3581, 4911, 21, 9, 19, 10, 10, 12, 6, 1]","[-11.7687, -11.7643, -11.7912, -11.7549, -11.7726, -11.7239, -11.7442, -11.6543, -11.6726, -11.6675, -11.7624, -11.7203, -11.7407, -11.7115, -11.6802, -11.6582, -11.6173, -11.6208, -11.5399, -11.5149, -11.5277, -11.301, -11.0435, -11.0001, -9.4067, -8.3821, -8.3442, -7.6832, -6.9479, -7.4394, -6.2234, -1.6561]",21208,attack
MBW_497,planning_suite,canonical,meta-llama/Llama-3.1-8B-Instruct,31,32,"[0.8906, 0.8816, 0.9139, 0.9149, 0.939, 0.9511, 0.958, 0.963, 0.9588, 0.9655, 0.9591, 0.9541, 0.9508, 0.9391, 0.9223, 0.9082, 0.9024, 0.892, 0.901, 0.898, 0.8955, 0.8993, 0.8952, 0.9018, 0.8961, 0.8833, 0.8722, 0.8589, 0.8555, 0.8447, 0.8283, 0.8462]","[94079, 72219, 112806, 53127, 73931, 32818, 46168, 5703, 10613, 11062, 59990, 34933, 49554, 35885, 25297, 23935, 17431, 23749, 15345, 15042, 18014, 7215, 3177, 4649, 20, 9, 19, 10, 10, 12, 6, 1]","[-11.7686, -11.7644, -11.7911, -11.7551, -11.7723, -11.7236, -11.7427, -11.6538, -11.6714, -11.6643, -11.7591, -11.7171, -11.7415, -11.7124, -11.6731, -11.6635, -11.6255, -11.632, -11.5518, -11.5173, -11.522, -11.2955, -11.0305, -10.9945, -9.3848, -8.352, -8.336, -7.7077, -7.0422, -7.392, -6.1817, -1.6446]",21208,attack
MBW_498,planning_suite,canonical,meta-llama/Llama-3.1-8B-Instruct,31,32,"[0.8856, 0.8764, 0.909, 0.9101, 0.9356, 0.9483, 0.9547, 0.9608, 0.957, 0.9619, 0.9562, 0.9531, 0.9491, 0.9333, 0.9072, 0.8955, 0.891, 0.8788, 0.8875, 0.8848, 0.8817, 0.8917, 0.8911, 0.8975, 0.8894, 0.8765, 0.8714, 0.8577, 0.8557, 0.8503, 0.8406, 0.8517]","[91580, 71548, 112863, 53661, 75317, 32952, 50325, 5872, 11053, 12077, 67198, 41255, 51014, 36309, 32329, 22581, 20334, 26154, 16008, 16648, 18957, 8984, 4490, 6910, 21, 9, 19, 11, 10, 11, 6, 1]","[-11.768, -11.7642, -11.7913, -11.7555, -11.7737, -11.7239, -11.7479, -11.6546, -11.6735, -11.6691, -11.77, -11.7296, -11.7443, -11.7139, -11.6927, -11.6589, -11.6395, -11.6448, -11.5615, -11.5361, -11.5325, -11.3369, -11.1106, -11.1012, -9.5225, -8.5517, -8.5275, -7.977, -7.2674, -7.4973, -6.3264, -1.8579]",21208,attack
MBW_499,planning_suite,canonical,meta-llama/Llama-3.1-8B-Instruct,31,32,"[0.8935, 0.8829, 0.914, 0.9157, 0.9375, 0.9499, 0.9577, 0.9622, 0.9599, 0.9648, 0.9542, 0.9508, 0.9455, 0.9333, 0.9137, 0.9013, 0.8961, 0.8885, 0.8986, 0.8973, 0.8949, 0.9013, 0.8997, 0.908, 0.8997, 0.8896, 0.8823, 0.8692, 0.8617, 0.854, 0.8322, 0.8467]","[95139, 69730, 112805, 52946, 72998, 30178, 44453, 5687, 11084, 11058, 66803, 37108, 47503, 36463, 31600, 27735, 24714, 25493, 16143, 16500, 22220, 9061, 3767, 5219, 22, 7, 17, 9, 8, 14, 6, 1]","[-11.7689, -11.7636, -11.791, -11.755, -11.7714, -11.7194, -11.7405, -11.6542, -11.6736, -11.6632, -11.7699, -11.7207, -11.7376, -11.7138, -11.6921, -11.677, -11.6574, -11.6377, -11.5536, -11.5221, -11.5494, -11.3195, -11.0432, -11.0023, -9.3716, -8.2916, -8.2408, -7.6822, -6.9455, -7.3255, -6.1333, -1.5649]",21208,attack
MBW_500,planning_suite,canonical,meta-llama/Llama-3.1-8B-Instruct,31,32,"[0.8829, 0.8712, 0.9059, 0.9073, 0.9342, 0.9472, 0.954, 0.9592, 0.9555, 0.9617, 0.9535, 0.9484, 0.9446, 0.9282, 0.9074, 0.8948, 0.8868, 0.8777, 0.8891, 0.8894, 0.8869, 0.8972, 0.8972, 0.9041, 0.8972, 0.8849, 0.8798, 0.8674, 0.868, 0.8624, 0.85, 0.8665]","[94540, 72575, 112897, 53411, 74546, 33114, 46394, 5756, 11026, 12071, 62667, 36459, 50640, 38705, 29088, 23425, 15474, 20035, 12671, 13894, 18028, 8073, 3849, 6041, 20, 9, 19, 10, 8, 11, 6, 1]","[-11.7688, -11.7645, -11.7912, -11.7553, -11.7729, -11.724, -11.743, -11.6542, -11.6727, -11.6678, -11.7633, -11.72, -11.7435, -11.7185, -11.6847, -11.6617, -11.6149, -11.615, -11.5324, -11.5079, -11.5233, -11.3168, -11.0714, -11.0597, -9.4503, -8.4761, -8.4327, -7.7937, -7.0935, -7.4365, -6.2251, -1.6618]",21208,attack
BW_E_001,planning_suite,canonical,meta-llama/Llama-3.1-8B-Instruct,30,32,"[0.8935, 0.8795, 0.9077, 0.9132, 0.9369, 0.9487, 0.955, 0.9568, 0.9527, 0.9573, 0.9495, 0.9432, 0.9412, 0.9262, 0.9188, 0.8954, 0.889, 0.8788, 0.8939, 0.8901, 0.8852, 0.8923, 0.891, 0.8982, 0.9021, 0.8949, 0.8964, 0.8839, 0.8885, 0.8825, 0.8715, 0.8668]","[119691, 91114, 100428, 65862, 37808, 57736, 89536, 43714, 53199, 42683, 72670, 101558, 110369, 89464, 97767, 19811, 32223, 12684, 18934, 24056, 25296, 17658, 5874, 8634, 14588, 171, 31, 19, 15, 12, 5, 1]","[-11.7785, -11.7708, -11.7814, -11.7637, -11.7376, -11.7563, -11.7943, -11.7389, -11.7504, -11.7343, -11.7786, -11.8294, -11.8569, -11.8156, -11.8491, -11.6488, -11.6837, -11.5739, -11.5754, -11.5803, -11.5708, -11.4421, -11.1559, -11.1487, -11.2163, -10.0947, -9.0674, -8.5462, -7.6855, -7.0021, -6.0716, -1.8503]",30345,pick
BW_E_002,planning_suite,canonical,meta-llama/Llama-3.1-8B-Instruct,30,32,"[0.8983, 0.885, 0.9118, 0.9172, 0.9365, 0.9478, 0.9545, 0.9565, 0.9533, 0.957, 0.9463, 0.9403, 0.9358, 0.9282, 0.9263, 0.9078, 0.9026, 0.8906, 0.9077, 0.9081, 0.9044, 0.9136, 0.9098, 0.9161, 0.9123, 0.9031, 0.904, 0.8903, 0.8951, 0.8913, 0.8759, 0.8721]","[119839, 90162, 100579, 62893, 37002, 60056, 93349, 50795, 58476, 44977, 73210, 103068, 110458, 87367, 97174, 15924, 25426, 6905, 12741, 15720, 16466, 10702, 2272, 4343, 8455, 92, 26, 16, 12, 10, 4, 1]","[-11.7785, -11.7705, -11.7816, -11.7617, -11.7369, -11.7591, -11.7999, -11.7476, -11.7573, -11.7374, -11.7798, -11.8339, -11.8572, -11.8113, -11.848, -11.6313, -11.6602, -11.52, -11.5283, -11.5166, -11.5014, -11.3443, -10.9675, -10.9799, -11.0422, -9.8565, -8.8255, -8.3204, -7.3558, -6.624, -5.6207, -1.5218]",30345,pick
BW_E_003,planning_suite,canonical,meta-llama/Llama-3.1-8B-Instruct,30,32,"[0.8936, 0.8799, 0.9082, 0.9127, 0.9358, 0.9476, 0.9544, 0.9577, 0.9541, 0.9566, 0.9475, 0.9414, 0.9367, 0.9256, 0.9246, 0.9015, 0.8971, 0.8887, 0.905, 0.9034, 0.9001, 0.9083, 0.9035, 0.9088, 0.9067, 0.8949, 0.8965, 0.8837, 0.8887, 0.8839, 0.869, 0.8611]","[119812, 91157, 100181, 67135, 37610, 59654, 91531, 50162, 57319, 44358, 72836, 100978, 106268, 85893, 99958, 17592, 30140, 9349, 15087, 17367, 18580, 13434, 3581, 6341, 11337, 145, 27, 17, 14, 11, 4, 1]","[-11.7785, -11.7708, -11.7813, -11.7646, -11.7375, -11.7586, -11.7973, -11.7468, -11.7558, -11.7366, -11.7792, -11.8292, -11.8458, -11.8087, -11.855, -11.6398, -11.6769, -11.5455, -11.5469, -11.5314, -11.519, -11.3841, -11.0538, -11.0699, -11.1325, -9.9972, -8.9225, -8.4075, -7.47, -6.7594, -5.7501, -1.6121]",30345,pick
BW_E_004,planning_suite,canonical,meta-llama/Llama-3.1-8B-Instruct,30,32,"[0.8866, 0.8744, 0.904, 0.907, 0.9335, 0.948, 0.9532, 0.9562, 0.9528, 0.9561, 0.9469, 0.9399, 0.9359, 0.9273, 0.9237, 0.9118, 0.9043, 0.8966, 0.9109, 0.9131, 0.9126, 0.9212, 0.918, 0.922, 0.9192, 0.9113, 0.9106, 0.898, 0.898, 0.8957, 0.8822, 0.8887]","[119121, 89920, 97900, 68593, 41177, 56378, 89651, 46044, 51505, 36404, 62652, 99318, 106723, 86383, 94620, 20564, 26051, 7720, 11510, 18583, 17966, 13430, 2148, 4210, 8060, 52, 19, 13, 11, 9, 4, 1]","[-11.7781, -11.7704, -11.7798, -11.7655, -11.7414, -11.7546, -11.7947, -11.7414, -11.7482, -11.7239, -11.763, -11.8243, -11.8459, -11.8081, -11.8408, -11.6533, -11.6636, -11.5312, -11.5203, -11.5394, -11.5169, -11.3868, -10.9576, -10.9763, -11.0318, -9.6925, -8.5669, -8.0274, -7.2933, -6.5563, -5.6149, -1.384]",30345,pick
BW_E_005,planning_suite,canonical,meta-llama/Llama-3.1-8B-Instruct,30,32,"[0.8938, 0.8803, 0.9082, 0.9124, 0.9355, 0.9476, 0.9544, 0.9577, 0.9539, 0.9569, 0.9482, 0.943, 0.9381, 0.9268, 0.9267, 0.9054, 0.8991, 0.8897, 0.9047, 0.9035, 0.8996, 0.9089, 0.9037, 0.9094, 0.9073, 0.8962, 0.897, 0.8839, 0.8883, 0.8843, 0.8701, 0.8615]","[119779, 92053, 100552, 67545, 37445, 59618, 91886, 51622, 58196, 45637, 74430, 102556, 106430, 84425, 98574, 15590, 26349, 9403, 14537, 17056, 18665, 13740, 3583, 6249, 11354, 130, 27, 17, 13, 11, 4, 1]","[-11.7785, -11.7712, -11.7816, -11.7649, -11.7372, -11.7585, -11.7979, -11.7487, -11.7569, -11.7385, -11.7819, -11.8326, -11.8465, -11.8059, -11.8509, -11.631, -11.664, -11.5459, -11.5424, -11.5276, -11.5194, -11.3881, -11.0559, -11.0668, -11.1328, -9.9729, -8.8838, -8.3463, -7.4854, -6.7753, -5.7845, -1.5887]",30345,pick
GSM_041_W6,arithmetic_reasoning,W6,meta-llama/Llama-3.1-8B-Instruct,-1,32,"[0.9976, 0.9977, 0.9979, 0.9978, 0.9984, 0.9982, 0.9981, 0.9977, 0.9973, 0.9975, 0.9971, 0.9966, 0.9967, 0.9955, 0.9939, 0.9921, 0.9919, 0.9869, 0.9856, 0.9856, 0.9838, 0.9847, 0.9623, 0.9574, 0.9573, 0.9436, 0.946, 0.9288, 0.9306, 0.9205, 0.9061, 0.9378]","[32121, 37452, 45972, 59371, 32409, 107726, 113687, 68091, 51124, 83802, 82312, 94907, 56531, 91146, 39244, 67009, 12516, 8545, 20624, 20164, 20134, 14243, 1530, 1937, 1973, 908, 185, 88, 52, 34, 45, 16]","[-11.7545, -11.7531, -11.7536, -11.7595, -11.7313, -11.8258, -11.8382, -11.7694, -11.7471, -11.7953, -11.7934, -11.8124, -11.7537, -11.8188, -11.7201, -11.7735, -11.6137, -11.5599, -11.6103, -11.5847, -11.5777, -11.4747, -11.1234, -11.0751, -10.9836, -10.918, -10.4047, -10.0955, -9.4302, -9.108, -8.4392, -4.565]",1032,13
GSM_042_W6,arithmetic_reasoning,W6,meta-llama/Llama-3.1-8B-Instruct,-1,32,"[0.9958, 0.9934, 0.9947, 0.9946, 0.9947, 0.9944, 0.9949, 0.9947, 0.9936, 0.9946, 0.9944, 0.9932, 0.9941, 0.9919, 0.9888, 0.982, 0.9708, 0.9664, 0.9186, 0.9334, 0.9286, 0.9317, 0.8967, 0.8866, 0.8468, 0.8208, 0.8373, 0.8189, 0.798, 0.7624, 0.7697, 0.8469]","[37436, 49681, 52435, 40073, 45487, 95778, 111729, 106410, 105482, 55099, 73649, 5806, 44664, 71098, 51184, 104901, 106689, 94248, 52211, 36526, 33190, 17584, 14318, 12206, 21026, 11517, 10504, 6277, 12960, 3852, 2371, 27]","[-11.756, -11.7573, -11.7568, -11.7467, -11.7461, -11.8046, -11.8317, -11.8229, -11.8254, -11.7521, -11.7805, -11.6303, -11.7317, -11.7793, -11.7429, -11.8676, -11.8858, -11.8636, -11.7296, -11.65, -11.6271, -11.4739, -11.4132, -11.3214, -11.3934, -11.2562, -11.1251, -10.9584, -11.0971, -10.6833, -10.4389, -6.3012]",23411,577
GSM_043_W6,arithmetic_reasoning,W6,meta-llama/Llama-3.1-8B-Instruct,-1,32,"[0.9995, 0.9991, 0.9991, 0.9989, 0.9988, 0.9989, 0.9988, 0.9985, 0.9977, 0.9982, 0.9981, 0.9978, 0.9976, 0.9946, 0.993, 0.9841, 0.9597, 0.9515, 0.9133, 0.927, 0.9177, 0.9002, 0.8868, 0.8612, 0.8541, 0.8105, 0.7547, 0.7326, 0.7383, 0.6892, 0.6944, 0.7996]","[68129, 80686, 42102, 77068, 96388, 100078, 102128, 88553, 79423, 86213, 103386, 93261, 76904, 51422, 25273, 23105, 11325, 8774, 6956, 6953, 3220, 4757, 880, 464, 461, 376, 101, 123, 76, 67, 17, 11]","[-11.7626, -11.767, -11.7518, -11.7708, -11.7951, -11.8125, -11.8149, -11.7962, -11.7858, -11.8008, -11.8348, -11.8125, -11.7899, -11.743, -11.6847, -11.6663, -11.5993, -11.558, -11.4989, -11.4648, -11.386, -11.3334, -11.0765, -10.8479, -10.7155, -10.7199, -10.1716, -10.2271, -9.9017, -9.6425, -8.6265, -5.3455]",2031,70
GSM_044_W6,arithmetic_reasoning,W6,meta-llama/Llama-3.1-8B-Instruct,-1,32,"[0.9997, 0.9996, 0.9995, 0.9994, 0.9994, 0.9995, 0.9995, 0.9995, 0.9993, 0.9994, 0.9991, 0.9989, 0.9989, 0.9975, 0.9963, 0.9957, 0.9955, 0.9956, 0.9903, 0.9921, 0.9908, 0.9919, 0.979, 0.9683, 0.9509, 0.9053, 0.9179, 0.8734, 0.8912, 0.8747, 0.8701, 0.9156]","[40747, 66952, 107653, 126785, 126130, 127796, 124681, 124624, 118132, 94956, 70404, 83895, 76427, 104417, 71915, 46913, 58128, 71989, 40497, 19754, 24567, 16437, 18416, 16652, 16782, 14525, 7642, 6448, 5589, 3144, 452, 238]","[-11.7568, -11.7627, -11.786, -11.8371, -11.8646, -11.9305, -11.8778, -11.8829, -11.8582, -11.814, -11.7754, -11.7949, -11.7877, -11.8462, -11.7802, -11.7321, -11.7551, -11.7912, -11.6919, -11.5758, -11.599, -11.4947, -11.4788, -11.4093, -11.3538, -11.3419, -11.0935, -11.0145, -10.8567, -10.7016, -9.8866, -7.0451]",3174,41
GSM_045_W6,arithmetic_reasoning,W6,meta-llama/Llama-3.1-8B-Instruct,-1,32,"[0.9979, 0.997, 0.9975, 0.9975, 0.9983, 0.9985, 0.9984, 0.9983, 0.998, 0.998, 0.9974, 0.9969, 0.9967, 0.9938, 0.9919, 0.9879, 0.9875, 0.9783, 0.9775, 0.9784, 0.9786, 0.9794, 0.9701, 0.9569, 0.9503, 0.9294, 0.9265, 0.8852, 0.8935, 0.8769, 0.8532, 0.8831]","[127641, 122359, 115881, 120581, 122720, 112621, 124527, 127603, 128033, 125394, 127994, 115389, 123556, 121698, 82051, 72906, 31316, 19554, 88141, 94135, 101397, 94067, 89968, 75839, 61827, 67549, 62393, 63330, 65761, 52801, 21734, 917]","[-11.7911, -11.7894, -11.7931, -11.8132, -11.8434, -11.8339, -11.8765, -11.9271, -11.9692, -11.9172, -12.0029, -11.8632, -11.9264, -11.9189, -11.8011, -11.7866, -11.6861, -11.6251, -11.8567, -11.9073, -11.9563, -11.9741, -11.99, -11.9116, -11.8088, -11.8655, -11.8546, -11.8879, -11.9981, -11.8131, -11.3051, -8.4759]",24538,988
GSM_046_W6,arithmetic_reasoning,W6,meta-llama/Llama-3.1-8B-Instruct,-1,32,"[0.9997, 0.9996, 0.9997, 0.9996, 0.9996, 0.9997, 0.9996, 0.9994, 0.9992, 0.9991, 0.9987, 0.9984, 0.9978, 0.9949, 0.9896, 0.9859, 0.9869, 0.9867, 0.9862, 0.9865, 0.9853, 0.9852, 0.9841, 0.9818, 0.9774, 0.9622, 0.9633, 0.932, 0.9417, 0.9392, 0.9402, 0.9711]","[54678, 13767, 82638, 119040, 85970, 125034, 124308, 83072, 70388, 116840, 112336, 109036, 101206, 117758, 112460, 75274, 51822, 29401, 27653, 31220, 28214, 16477, 11696, 10373, 9812, 5591, 977, 402, 190, 196, 267, 971]","[-11.7599, -11.7422, -11.7709, -11.8097, -11.7841, -11.8869, -11.8753, -11.7876, -11.7729, -11.8696, -11.8585, -11.8446, -11.8352, -11.8927, -11.8731, -11.7909, -11.7396, -11.6648, -11.6401, -11.6387, -11.6181, -11.4977, -11.4002, -11.3252, -11.2626, -11.1912, -10.754, -10.5251, -10.0312, -9.9329, -9.5809, -8.5373]",23,8
GSM_047_W6,arithmetic_reasoning,W6,meta-llama/Llama-3.1-8B-Instruct,-1,32,"[0.9986, 0.9983, 0.9986, 0.9982, 0.9986, 0.9987, 0.9987, 0.9982, 0.997, 0.9962, 0.9952, 0.994, 0.9955, 0.9945, 0.993, 0.9904, 0.9871, 0.9844, 0.9818, 0.9831, 0.9816, 0.9831, 0.9729, 0.9698, 0.9664, 0.955, 0.9431, 0.9241, 0.9247, 0.9186, 0.9097, 0.9337]","[104383, 89613, 87716, 103254, 95866, 79392, 95619, 93989, 105407, 95165, 55935, 32736, 38309, 107179, 81332, 89009, 17601, 12923, 23479, 21218, 19185, 24426, 18239, 6918, 5919, 3725, 1397, 581, 233, 224, 235, 168]","[-11.7712, -11.77, -11.7735, -11.792, -11.7961, -11.7837, -11.8055, -11.8038, -11.8268, -11.8175, -11.7529, -11.7157, -11.719, -11.8592, -11.7993, -11.8255, -11.6283, -11.5891, -11.6159, -11.5794, -11.5535, -11.5504, -11.4634, -11.2543, -11.1523, -11.075, -10.7367, -10.5042, -10.011, -9.8858, -9.4872, -7.1427]",508,20
GSM_048_W6,arithmetic_reasoning,W6,meta-llama/Llama-3.1-8B-Instruct,-1,32,"[0.9994, 0.999, 0.9989, 0.9965, 0.9978, 0.9983, 0.9983, 0.9981, 0.9971, 0.9974, 0.9973, 0.9972, 0.9976, 0.9968, 0.9964, 0.9953, 0.9943, 0.9919, 0.9925, 0.9909, 0.991, 0.9914, 0.9901, 0.9898, 0.9888, 0.9817, 0.9799, 0.9728, 0.9703, 0.9648, 0.9524, 0.95]","[57163, 82607, 41415, 75469, 48498, 26254, 32600, 41316, 23801, 24403, 58647, 33286, 18041, 30441, 20252, 55391, 20714, 65603, 45500, 24342, 30618, 19495, 24239, 24295, 33230, 18322, 9477, 7861, 2674, 955, 288, 240]","[-11.7604, -11.7677, -11.7512, -11.7699, -11.7489, -11.7137, -11.7258, -11.7361, -11.7066, -11.701, -11.7571, -11.7167, -11.6703, -11.7003, -11.671, -11.7494, -11.6459, -11.7735, -11.7091, -11.6051, -11.6301, -11.5196, -11.5289, -11.5031, -11.5604, -11.4192, -11.1914, -11.1502, -10.7441, -10.4217, -9.7285, -7.473]",18044,366
GSM_049_W6,arithmetic_reasoning,W6,meta-llama/Llama-3.1-8B-Instruct,-1,32,"[0.9993, 0.9992, 0.9988, 0.995, 0.9967, 0.9977, 0.9981, 0.9982, 0.9972, 0.9975, 0.9974, 0.9974, 0.9981, 0.9978, 0.9972, 0.9969, 0.9958, 0.9871, 0.9907, 0.9916, 0.9919, 0.9927, 0.9902, 0.9869, 0.9851, 0.9784, 0.9762, 0.9541, 0.959, 0.9547, 0.9493, 0.961]","[91653, 61196, 59931, 52132, 99321, 85383, 49378, 115444, 106589, 40536, 41152, 13448, 34108, 74627, 31170, 22806, 4097, 7743, 46809, 69518, 68149, 39555, 37022, 27256, 19924, 16727, 7420, 22870, 14789, 6213, 1410, 492]","[-11.7679, -11.7609, -11.7602, -11.7551, -11.7991, -11.7907, -11.7468, -11.8452, -11.8257, -11.7306, -11.7297, -11.6707, -11.711, -11.7858, -11.7017, -11.6667, -11.5324, -11.5482, -11.7127, -11.7952, -11.7922, -11.6465, -11.6155, -11.5219, -11.4142, -11.3864, -11.1406, -11.4153, -11.2091, -10.9394, -10.3247, -7.4328]",23000,624
GSM_050_W6,arithmetic_reasoning,W6,meta-llama/Llama-3.1-8B-Instruct,-1,32,"[0.9998, 0.9996, 0.9993, 0.9991, 0.999, 0.9989, 0.999, 0.9989, 0.9983, 0.9983, 0.9981, 0.9978, 0.9982, 0.9975, 0.9966, 0.9956, 0.9957, 0.9955, 0.9954, 0.9947, 0.9946, 0.9948, 0.9931, 0.9927, 0.9899, 0.9869, 0.9831, 0.9769, 0.95, 0.9228, 0.9245, 0.9598]","[55793, 30572, 63440, 101105, 97232, 123497, 103599, 59664, 84631, 60437, 39591, 41096, 64887, 99831, 84677, 96838, 28240, 15068, 26171, 20774, 35881, 32333, 34911, 26608, 11214, 9079, 1763, 581, 91, 179, 81, 16]","[-11.7601, -11.7506, -11.7617, -11.7884, -11.7966, -11.8735, -11.8161, -11.7586, -11.7927, -11.7602, -11.7269, -11.7305, -11.7679, -11.8393, -11.8067, -11.845, -11.676, -11.6079, -11.6391, -11.5945, -11.6576, -11.6154, -11.6118, -11.5318, -11.3183, -11.2846, -10.8761, -10.6259, -9.8099, -9.9591, -9.1864, -6.1906]",605,10
GSM_051_W6,arithmetic_reasoning,W6,meta-llama/Llama-3.1-8B-Instruct,-1,32,"[0.9979, 0.9981, 0.9986, 0.9981, 0.9985, 0.9987, 0.9984, 0.9982, 0.9978, 0.9982, 0.9978, 0.997, 0.9971, 0.9938, 0.989, 0.9852, 0.9823, 0.9809, 0.9819, 0.9827, 0.9801, 0.9813, 0.9748, 0.9704, 0.9681, 0.9551, 0.9467, 0.9262, 0.9357, 0.9209, 0.9209, 0.955]","[55687, 48936, 79328, 116261, 118522, 98054, 92688, 56726, 42800, 24719, 41234, 88184, 123711, 119137, 79994, 90999, 44250, 38067, 48114, 2723, 5059, 3622, 447, 1339, 2024, 524, 361, 155, 99, 78, 88, 131]","[-11.76, -11.757, -11.7693, -11.8064, -11.8317, -11.809, -11.7996, -11.755, -11.736, -11.7001, -11.7293, -11.802, -11.9225, -11.8997, -11.7953, -11.8294, -11.7208, -11.696, -11.7185, -11.3914, -11.4192, -11.3054, -11.013, -11.0474, -11.0051, -10.8235, -10.5181, -10.2662, -9.7959, -9.615, -8.9821, -6.5453]",11584,214
GSM_052_W6,arithmetic_reasoning,W6,meta-llama/Llama-3.1-8B-Instruct,-1,32,"[0.9998, 0.9995, 0.999, 0.9982, 0.9979, 0.9978, 0.9979, 0.9975, 0.9965, 0.9968, 0.9964, 0.9963, 0.9963, 0.9953, 0.9946, 0.9921, 0.9916, 0.9889, 0.987, 0.981, 0.9799, 0.9797, 0.979, 0.9778, 0.9779, 0.9756, 0.9724, 0.9648, 0.9336, 0.9224, 0.9183, 0.9213]","[54710, 24164, 22175, 88571, 72727, 91326, 105401, 105385, 55164, 79877, 72897, 63558, 57868, 62887, 71335, 60212, 11166, 3696, 5029, 5293, 990, 2575, 1976, 1173, 1114, 405, 157, 134, 74, 47, 52, 43]","[-11.7599, -11.7481, -11.7399, -11.7792, -11.7715, -11.7993, -11.8199, -11.8234, -11.7526, -11.7894, -11.7785, -11.7645, -11.7558, -11.7644, -11.7811, -11.7595, -11.6074, -11.5055, -11.4782, -11.453, -11.292, -11.2631, -11.152, -11.0168, -10.9019, -10.7458, -10.336, -10.2871, -9.7583, -9.4743, -8.8425, -6.6838]",2075,75
GSM_053_W6,arithmetic_reasoning,W6,meta-llama/Llama-3.1-8B-Instruct,-1,32,"[1.0, 0.9998, 0.9992, 0.999, 0.9988, 0.9989, 0.9989, 0.9988, 0.9981, 0.9982, 0.9982, 0.998, 0.9983, 0.9972, 0.9967, 0.9956, 0.995, 0.9938, 0.9941, 0.9935, 0.9933, 0.9933, 0.9924, 0.9912, 0.9895, 0.9872, 0.9769, 0.9628, 0.9598, 0.9508, 0.9487, 0.9621]","[118031, 114605, 87293, 117939, 116499, 109039, 83563, 120356, 123716, 103697, 93745, 39336, 4389, 89459, 108407, 108123, 97044, 107042, 93652, 93083, 87586, 81479, 53673, 60546, 54139, 64265, 16041, 10842, 1847, 1914, 877, 287]","[-11.7772, -11.7823, -11.7734, -11.8095, -11.8292, -11.8297, -11.7883, -11.8626, -11.8859, -11.831, -11.8125, -11.7277, -11.6053, -11.8155, -11.8622, -11.8753, -11.8484, -11.8971, -11.8691, -11.8826, -11.8712, -11.8682, -11.7256, -11.7707, -11.7293, -11.8145, -11.324, -11.2225, -10.6533, -10.6464, -10.1791, -7.2915]",10568,330
GSM_054_W6,arithmetic_reasoning,W6,meta-llama/Llama-3.1-8B-Instruct,-1,32,"[0.9981, 0.9975, 0.9979, 0.9927, 0.9948, 0.9958, 0.9961, 0.9966, 0.9961, 0.9963, 0.9954, 0.994, 0.9953, 0.9928, 0.9923, 0.9908, 0.9894, 0.984, 0.9812, 0.9829, 0.9829, 0.9842, 0.9794, 0.9786, 0.9729, 0.9687, 0.9652, 0.9442, 0.9443, 0.9383, 0.9114, 0.8642]","[35530, 58245, 67902, 96729, 107026, 123238, 114102, 123979, 83993, 96825, 50995, 79163, 47416, 68771, 35602, 67963, 14222, 7143, 8743, 6297, 10027, 9153, 7711, 4850, 4938, 3095, 1289, 580, 502, 489, 276, 140]","[-11.7555, -11.7601, -11.764, -11.7852, -11.81, -11.8749, -11.8371, -11.8797, -11.7904, -11.8169, -11.7455, -11.788, -11.7374, -11.7753, -11.7111, -11.7756, -11.6137, -11.5348, -11.5184, -11.4465, -11.4692, -11.3867, -11.3224, -11.1881, -11.1126, -11.0202, -10.6992, -10.5425, -10.2092, -10.1525, -9.586, -7.6081]",1419,23
GSM_055_W6,arithmetic_reasoning,W6,meta-llama/Llama-3.1-8B-Instruct,-1,32,"[0.9969, 0.9966, 0.9973, 0.9968, 0.9973, 0.9977, 0.998, 0.998, 0.9974, 0.9977, 0.9976, 0.9972, 0.9974, 0.9966, 0.9954, 0.9937, 0.9938, 0.9926, 0.9925, 0.9919, 0.9911, 0.991, 0.9833, 0.9831, 0.9804, 0.9611, 0.9536, 0.9041, 0.9043, 0.8929, 0.8515, 0.8813]","[101757, 112398, 103480, 124931, 124029, 126057, 126751, 101769, 107795, 75886, 78422, 104056, 105362, 83480, 34418, 79185, 39764, 55523, 44738, 27656, 28610, 22957, 18253, 16564, 23504, 18151, 11820, 11744, 5447, 2359, 763, 910]","[-11.7707, -11.7802, -11.7827, -11.8266, -11.8503, -11.8945, -11.8984, -11.8146, -11.8314, -11.783, -11.7875, -11.8302, -11.8441, -11.8024, -11.7092, -11.7997, -11.7087, -11.7458, -11.7063, -11.624, -11.6231, -11.5521, -11.4828, -11.4236, -11.4574, -11.4097, -11.2343, -11.2341, -10.923, -10.6797, -10.061, -8.2308]",6281,94
GSM_056_W6,arithmetic_reasoning,W6,meta-llama/Llama-3.1-8B-Instruct,-1,32,"[0.9999, 0.9997, 0.9994, 0.9992, 0.9992, 0.9993, 0.9993, 0.9992, 0.9987, 0.9988, 0.9984, 0.9979, 0.9982, 0.9975, 0.9968, 0.9967, 0.9966, 0.9957, 0.9959, 0.9958, 0.9953, 0.9955, 0.987, 0.9871, 0.9828, 0.976, 0.9642, 0.9427, 0.9509, 0.9423, 0.9167, 0.9476]","[82558, 47456, 80888, 112967, 71293, 81736, 114296, 115498, 87336, 78059, 67768, 91145, 92657, 91027, 74587, 92725, 60444, 75294, 62479, 67841, 34638, 37799, 52884, 39177, 26725, 19580, 12140, 8995, 1481, 492, 225, 130]","[-11.7658, -11.7565, -11.7702, -11.8013, -11.7696, -11.7853, -11.8362, -11.845, -11.796, -11.7856, -11.7711, -11.806, -11.8167, -11.8195, -11.7864, -11.8299, -11.7596, -11.8006, -11.7657, -11.7871, -11.6468, -11.6391, -11.7159, -11.6117, -11.4754, -11.4075, -11.2171, -11.1416, -10.5082, -10.1992, -9.4687, -6.4743]",4513,123
GSM_057_W6,arithmetic_reasoning,W6,meta-llama/Llama-3.1-8B-Instruct,-1,32,"[0.9999, 0.9997, 0.9991, 0.9986, 0.998, 0.9982, 0.9984, 0.9981, 0.9971, 0.9963, 0.9959, 0.9948, 0.9956, 0.9942, 0.9937, 0.9917, 0.9919, 0.9838, 0.9852, 0.9833, 0.9845, 0.9849, 0.9777, 0.9777, 0.9748, 0.9653, 0.9615, 0.9328, 0.9458, 0.9429, 0.9338, 0.945]","[71434, 36604, 49119, 103621, 119044, 108176, 110074, 100160, 83263, 115527, 87671, 92261, 119804, 106100, 53551, 52472, 19335, 15659, 8512, 6634, 5585, 15031, 4341, 3679, 3275, 2370, 432, 152, 47, 20, 8, 11]","[-11.7633, -11.7529, -11.7552, -11.7907, -11.8333, -11.8258, -11.8281, -11.8123, -11.7896, -11.8613, -11.8029, -11.8088, -11.9016, -11.8576, -11.747, -11.7437, -11.6434, -11.6054, -11.5168, -11.466, -11.4313, -11.4833, -11.2633, -11.1822, -11.0745, -11.0383, -10.6042, -10.3753, -9.6892, -9.3157, -8.1591, -5.8838]",4218,86
GSM_058_W6,arithmetic_reasoning,W6,meta-llama/Llama-3.1-8B-Instruct,-1,32,"[0.9957, 0.9958, 0.9968, 0.993, 0.995, 0.9967, 0.9969, 0.9972, 0.9961, 0.9965, 0.9962, 0.9961, 0.9967, 0.9935, 0.9926, 0.9917, 0.9904, 0.9858, 0.9864, 0.9858, 0.9856, 0.9862, 0.9839, 0.9819, 0.9793, 0.9722, 0.9672, 0.942, 0.9413, 0.9329, 0.9034, 0.9023]","[23398, 40644, 13446, 17223, 48183, 70449, 31315, 56312, 57381, 17388, 30908, 9358, 6997, 12015, 8032, 1881, 434, 2969, 3043, 3202, 3739, 1885, 3129, 3343, 2620, 1081, 338, 371, 155, 58, 46, 9]","[-11.7521, -11.7543, -11.7311, -11.7248, -11.7483, -11.7721, -11.7223, -11.7545, -11.7557, -11.6825, -11.7119, -11.6541, -11.6192, -11.6395, -11.6169, -11.516, -11.4168, -11.4779, -11.4205, -11.3825, -11.3746, -11.2162, -11.2231, -11.1735, -11.0543, -10.9201, -10.561, -10.5501, -10.0618, -9.6063, -8.9261, -6.0147]",4364,120
GSM_059_W6,arithmetic_reasoning,W6,meta-llama/Llama-3.1-8B-Instruct,-1,32,"[0.9991, 0.9989, 0.9988, 0.9984, 0.9985, 0.9984, 0.9982, 0.9976, 0.9966, 0.9967, 0.996, 0.9955, 0.9956, 0.9948, 0.9941, 0.9941, 0.9938, 0.993, 0.9911, 0.991, 0.9898, 0.9906, 0.9837, 0.9802, 0.9782, 0.9701, 0.9718, 0.9629, 0.9666, 0.9641, 0.9541, 0.964]","[54840, 58308, 110439, 118134, 124009, 122526, 123973, 124527, 126444, 117709, 95159, 73998, 56414, 104170, 83692, 55361, 60614, 22999, 11901, 9068, 8720, 5558, 1593, 1225, 835, 1076, 414, 135, 83, 88, 61, 48]","[-11.7599, -11.7599, -11.7892, -11.8091, -11.852, -11.8655, -11.8714, -11.881, -11.9123, -11.8694, -11.8164, -11.7803, -11.7534, -11.848, -11.8039, -11.7498, -11.7602, -11.642, -11.5536, -11.4992, -11.4834, -11.3731, -11.1865, -11.0411, -10.865, -10.9949, -10.6098, -10.2781, -9.7302, -9.5393, -8.656, -5.5118]",1272,40
GSM_060_W6,arithmetic_reasoning,W6,meta-llama/Llama-3.1-8B-Instruct,-1,32,"[0.9994, 0.9993, 0.9994, 0.9992, 0.9992, 0.9993, 0.9992, 0.9991, 0.999, 0.9988, 0.9989, 0.9985, 0.9988, 0.9988, 0.9985, 0.9986, 0.9987, 0.9984, 0.9985, 0.9984, 0.9982, 0.9983, 0.998, 0.9961, 0.9928, 0.9897, 0.9877, 0.9773, 0.9701, 0.9593, 0.9468, 0.9372]","[87118, 107667, 95987, 121918, 114336, 88586, 77141, 99406, 113709, 65138, 43039, 22213, 65252, 67394, 66648, 62828, 36443, 40111, 15020, 11262, 3485, 4452, 2147, 1214, 1274, 826, 256, 700, 367, 134, 68, 41]","[-11.7668, -11.7779, -11.7783, -11.8165, -11.8204, -11.7938, -11.7794, -11.8106, -11.8436, -11.7668, -11.7324, -11.6942, -11.7686, -11.7729, -11.7713, -11.7646, -11.6966, -11.7008, -11.5627, -11.5033, -11.3685, -11.3026, -11.1405, -10.975, -10.8745, -10.7858, -10.4027, -10.5338, -10.1324, -9.6762, -8.9128, -6.647]",5538,62
GSM_061_W6,arithmetic_reasoning,W6,meta-llama/Llama-3.1-8B-Instruct,-1,32,"[0.9981, 0.9976, 0.998, 0.9969, 0.9976, 0.9978, 0.9974, 0.9971, 0.9966, 0.9963, 0.9954, 0.9944, 0.9952, 0.9941, 0.9927, 0.9922, 0.9914, 0.9839, 0.9861, 0.9867, 0.987, 0.9871, 0.9835, 0.9828, 0.9803, 0.9732, 0.9735, 0.9602, 0.9468, 0.9416, 0.919, 0.9156]","[125382, 127706, 126113, 128112, 127737, 116492, 111464, 124794, 121517, 127638, 127277, 115061, 113445, 119729, 98031, 107304, 72219, 70508, 82230, 89062, 30258, 21420, 27033, 18349, 15126, 9548, 5863, 7023, 2631, 2512, 1055, 542]","[-11.7843, -11.8069, -11.8138, -11.8665, -11.8899, -11.845, -11.8296, -11.8836, -11.8722, -11.9639, -11.9593, -11.8631, -11.8724, -11.9129, -11.8347, -11.8765, -11.7876, -11.7864, -11.8328, -11.8721, -11.6313, -11.5436, -11.5583, -11.451, -11.3661, -11.2779, -11.057, -11.0681, -10.6928, -10.6316, -10.1444, -8.032]",18660,630
GSM_062_W6,arithmetic_reasoning,W6,meta-llama/Llama-3.1-8B-Instruct,-1,32,"[1.0, 1.0, 0.9999, 0.9998, 0.9998, 0.9998, 0.9998, 0.9998, 0.9997, 0.9997, 0.9996, 0.9996, 0.9997, 0.9994, 0.9993, 0.9992, 0.9991, 0.9985, 0.9987, 0.9988, 0.9987, 0.9987, 0.998, 0.9966, 0.9952, 0.9933, 0.9929, 0.9879, 0.9878, 0.9869, 0.984, 0.9867]","[125661, 108040, 112186, 86987, 92921, 52857, 58016, 23986, 31412, 18112, 54150, 6547, 62524, 109943, 91016, 85301, 79296, 111479, 101244, 93673, 91921, 83558, 76114, 83910, 66226, 50611, 34676, 45875, 23974, 32693, 3350, 827]","[-11.785, -11.7782, -11.7904, -11.7773, -11.7917, -11.7504, -11.7573, -11.7088, -11.7185, -11.6841, -11.7502, -11.638, -11.7638, -11.8684, -11.8184, -11.814, -11.806, -11.9332, -11.9208, -11.9042, -11.9053, -11.8907, -11.8649, -11.9501, -11.8322, -11.7106, -11.5599, -11.683, -11.3913, -11.5414, -10.657, -8.4159]",20744,656
GSM_063_W6,arithmetic_reasoning,W6,meta-llama/Llama-3.1-8B-Instruct,-1,32,"[0.9987, 0.9983, 0.9984, 0.998, 0.9983, 0.9986, 0.9986, 0.9984, 0.9979, 0.9979, 0.9977, 0.9975, 0.9974, 0.9957, 0.9938, 0.9907, 0.9901, 0.9836, 0.9865, 0.9879, 0.9867, 0.9873, 0.9856, 0.9818, 0.9757, 0.964, 0.9472, 0.9184, 0.9215, 0.908, 0.8902, 0.9044]","[97228, 22440, 25041, 64506, 55287, 34433, 88115, 76217, 48864, 90437, 111310, 92653, 108432, 124397, 104792, 113905, 117050, 79600, 58717, 57620, 53223, 51359, 29187, 23573, 32697, 15832, 17753, 12981, 11813, 4210, 910, 337]","[-11.7693, -11.747, -11.7411, -11.7628, -11.7549, -11.7257, -11.7935, -11.779, -11.7447, -11.8062, -11.8523, -11.81, -11.8568, -11.9461, -11.8519, -11.901, -11.9362, -11.8145, -11.7524, -11.7461, -11.726, -11.7121, -11.5713, -11.4964, -11.5556, -11.3811, -11.3424, -11.2603, -11.1496, -10.8661, -10.2336, -7.2075]",14205,246
GSM_064_W6,arithmetic_reasoning,W6,meta-llama/Llama-3.1-8B-Instruct,-1,32,"[0.9997, 0.9991, 0.9992, 0.9974, 0.9978, 0.9978, 0.998, 0.9976, 0.9971, 0.9968, 0.9959, 0.9945, 0.9943, 0.9896, 0.9821, 0.9806, 0.9802, 0.9715, 0.9761, 0.9753, 0.9728, 0.973, 0.9677, 0.9674, 0.9668, 0.9592, 0.9614, 0.9547, 0.9512, 0.946, 0.9455, 0.9706]","[49586, 19222, 23651, 83692, 70568, 91242, 107228, 99509, 52997, 85565, 98619, 78395, 79695, 59770, 51644, 78578, 17807, 9768, 12064, 10229, 4284, 7245, 4678, 1889, 1138, 404, 123, 75, 60, 30, 22, 36]","[-11.7588, -11.7453, -11.7406, -11.7753, -11.7692, -11.7973, -11.8229, -11.8118, -11.7498, -11.7985, -11.8233, -11.7868, -11.7946, -11.7588, -11.7442, -11.7995, -11.6366, -11.572, -11.5539, -11.51, -11.4059, -11.3776, -11.2775, -11.0951, -10.9504, -10.7885, -10.361, -10.1641, -9.6948, -9.3187, -8.6686, -6.1519]",2075,75
CC_031_W6,algorithmic,W6,meta-llama/Llama-3.1-8B-Instruct,25,32,"[1.0, 1.0, 1.0, 0.9999, 0.9999, 0.9999, 0.9998, 0.9996, 0.9992, 0.9991, 0.9987, 0.9985, 0.9982, 0.9955, 0.9959, 0.9963, 0.9965, 0.9962, 0.9963, 0.9961, 0.996, 0.9963, 0.9962, 0.9964, 0.9967, 0.9965, 0.9968, 0.9966, 0.9962, 0.9959, 0.9946, 0.993]","[65850, 41758, 8025, 28699, 69017, 99579, 84822, 74755, 71879, 64583, 99729, 37881, 66054, 53602, 17327, 9466, 17434, 25516, 38429, 28904, 41119, 21023, 13176, 17, 20, 2, 5, 2, 1, 3, 1, 1]","[-11.7622, -11.7547, -11.7235, -11.7369, -11.7679, -11.8112, -11.7881, -11.7766, -11.7744, -11.766, -11.8264, -11.7228, -11.7689, -11.7471, -11.6434, -11.5831, -11.6208, -11.646, -11.6776, -11.6165, -11.669, -11.4827, -11.3426, -9.842, -9.7601, -8.5146, -8.1752, -6.4314, -5.8748, -6.0235, -4.2511, -1.8521]",2568,Count
CC_032_W6,algorithmic,W6,meta-llama/Llama-3.1-8B-Instruct,25,32,"[1.0, 1.0, 0.9999, 0.9999, 0.9999, 0.9999, 0.9998, 0.9997, 0.9992, 0.9993, 0.9985, 0.9986, 0.9987, 0.9969, 0.9968, 0.996, 0.9947, 0.991, 0.9894, 0.9865, 0.9842, 0.9857, 0.984, 0.9854, 0.987, 0.9875, 0.9887, 0.9879, 0.9878, 0.987, 0.9846, 0.9813]","[66394, 41295, 7846, 27356, 69254, 98912, 84309, 71136, 70120, 63718, 101398, 38861, 65824, 54910, 17072, 10564, 17482, 28117, 41497, 31281, 47386, 23346, 13581, 16, 20, 3, 5, 2, 1, 3, 1, 1]","[-11.7623, -11.7546, -11.7233, -11.7359, -11.7681, -11.8097, -11.7876, -11.7724, -11.7721, -11.7648, -11.8302, -11.7239, -11.7686, -11.7495, -11.6425, -11.5901, -11.6209, -11.6568, -11.6918, -11.6334, -11.7018, -11.511, -11.3574, -9.9063, -9.8125, -8.6018, -8.2471, -6.5477, -5.9741, -6.1873, -4.4452, -2.067]",2568,Count
CC_033_W6,algorithmic,W6,meta-llama/Llama-3.1-8B-Instruct,25,32,"[1.0, 1.0, 0.9999, 0.9999, 0.9999, 0.9999, 0.9998, 0.9997, 0.9994, 0.9993, 0.998, 0.9978, 0.9976, 0.9957, 0.9957, 0.9951, 0.9955, 0.9953, 0.9957, 0.9954, 0.9957, 0.9961, 0.996, 0.9964, 0.9969, 0.9965, 0.9968, 0.9967, 0.9962, 0.9961, 0.995, 0.9936]","[66127, 41570, 7894, 29194, 69519, 99341, 85033, 74713, 69275, 61299, 100430, 38211, 68772, 51834, 16668, 8970, 16006, 23198, 37006, 28061, 40006, 19440, 12262, 17, 20, 2, 5, 2, 1, 3, 1, 1]","[-11.7622, -11.7547, -11.7232, -11.7373, -11.7684, -11.8108, -11.7884, -11.7766, -11.7711, -11.7613, -11.8276, -11.7227, -11.7735, -11.7435, -11.64, -11.5795, -11.613, -11.6347, -11.671, -11.6094, -11.6621, -11.4632, -11.3228, -9.8256, -9.7364, -8.4796, -8.1481, -6.43, -5.8316, -5.9759, -4.219, -1.818]",2568,Count
CC_034_W6,algorithmic,W6,meta-llama/Llama-3.1-8B-Instruct,25,32,"[1.0, 1.0, 0.9999, 0.9999, 0.9999, 0.9999, 0.9999, 0.9998, 0.9996, 0.9994, 0.9987, 0.9986, 0.9985, 0.9972, 0.9969, 0.9956, 0.9951, 0.9931, 0.9931, 0.9919, 0.9917, 0.9923, 0.9917, 0.9923, 0.9927, 0.9929, 0.993, 0.9925, 0.9921, 0.9915, 0.9895, 0.9865]","[66166, 41925, 7901, 28370, 68623, 99362, 85093, 74591, 71116, 61033, 101287, 35730, 66326, 47316, 16340, 8857, 15818, 21962, 33765, 27398, 38907, 19143, 13612, 17, 22, 3, 5, 2, 1, 3, 1, 1]","[-11.7622, -11.7548, -11.7232, -11.7366, -11.7676, -11.8109, -11.7884, -11.7764, -11.7734, -11.7609, -11.8296, -11.7189, -11.7695, -11.7344, -11.6374, -11.5766, -11.6112, -11.6279, -11.6554, -11.6037, -11.6541, -11.4557, -11.3356, -9.8074, -9.7258, -8.4554, -8.1312, -6.4012, -5.8409, -6.0029, -4.1978, -1.7869]",2568,Count
CC_035_W6,algorithmic,W6,meta-llama/Llama-3.1-8B-Instruct,25,32,"[1.0, 1.0, 0.9999, 0.9999, 0.9999, 0.9999, 0.9998, 0.9996, 0.9992, 0.9992, 0.9986, 0.9984, 0.9982, 0.9964, 0.9961, 0.9958, 0.9952, 0.9933, 0.9926, 0.9913, 0.9906, 0.9912, 0.9908, 0.9916, 0.9924, 0.9922, 0.9929, 0.9923, 0.9918, 0.9909, 0.9892, 0.9868]","[66064, 41655, 7908, 28695, 68967, 99633, 85202, 74621, 72426, 64757, 101614, 36686, 65969, 53020, 16363, 9899, 17668, 29699, 43625, 33416, 48348, 24328, 14713, 17, 23, 2, 5, 2, 1, 3, 1, 1]","[-11.7622, -11.7547, -11.7233, -11.737, -11.7679, -11.8112, -11.7886, -11.7765, -11.7752, -11.7662, -11.8308, -11.7206, -11.7688, -11.7458, -11.6395, -11.5866, -11.6216, -11.661, -11.6996, -11.6433, -11.7058, -11.519, -11.3729, -9.9651, -9.8652, -8.6332, -8.2905, -6.5754, -6.0168, -6.1991, -4.4377, -2.1026]",2568,Count
CC_036_W6,algorithmic,W6,meta-llama/Llama-3.1-8B-Instruct,25,32,"[1.0, 1.0, 1.0, 0.9999, 0.9999, 0.9999, 0.9999, 0.9998, 0.9995, 0.9994, 0.9982, 0.998, 0.9982, 0.9966, 0.9957, 0.9952, 0.995, 0.9934, 0.993, 0.9916, 0.9902, 0.9909, 0.9903, 0.9911, 0.9921, 0.9919, 0.993, 0.9924, 0.9925, 0.9921, 0.991, 0.9889]","[66039, 42252, 8088, 29830, 70182, 99933, 85221, 74203, 71320, 63296, 101505, 39680, 64696, 55808, 17957, 9687, 17335, 29457, 43357, 34393, 51320, 25601, 14509, 16, 20, 3, 5, 2, 1, 1, 1, 1]","[-11.7622, -11.7549, -11.7236, -11.7379, -11.769, -11.8118, -11.7886, -11.7759, -11.7737, -11.764, -11.8301, -11.7255, -11.7667, -11.7512, -11.646, -11.5846, -11.6206, -11.6605, -11.6992, -11.6492, -11.7209, -11.5333, -11.3766, -9.9627, -9.8575, -8.6428, -8.298, -6.6108, -6.0156, -6.2162, -4.5032, -2.1411]",2568,Count
CC_037_W6,algorithmic,W6,meta-llama/Llama-3.1-8B-Instruct,25,32,"[1.0, 0.9999, 0.9999, 0.9999, 0.9999, 0.9999, 0.9998, 0.9996, 0.999, 0.999, 0.998, 0.998, 0.9979, 0.9957, 0.9962, 0.9952, 0.9953, 0.9949, 0.9954, 0.9952, 0.9953, 0.9959, 0.9958, 0.9959, 0.9963, 0.9958, 0.9958, 0.9953, 0.9949, 0.9945, 0.9925, 0.9887]","[65799, 41747, 7961, 28970, 69698, 100006, 85848, 74004, 70194, 62665, 101234, 35458, 64213, 45266, 13599, 6563, 13545, 19302, 30155, 23873, 33437, 16439, 11689, 17, 21, 4, 5, 2, 1, 3, 1, 1]","[-11.7622, -11.7547, -11.7233, -11.7372, -11.7685, -11.8118, -11.7894, -11.7757, -11.7722, -11.7632, -11.8293, -11.7185, -11.7659, -11.7306, -11.6265, -11.5589, -11.5987, -11.6145, -11.6402, -11.582, -11.6221, -11.4212, -11.2968, -9.7707, -9.6908, -8.4036, -8.1029, -6.3819, -5.7907, -5.921, -4.1273, -1.6957]",2568,Count
CC_038_W6,algorithmic,W6,meta-llama/Llama-3.1-8B-Instruct,25,32,"[1.0, 1.0, 0.9999, 0.9999, 0.9999, 0.9999, 0.9998, 0.9996, 0.9988, 0.9989, 0.9988, 0.9987, 0.9985, 0.997, 0.9972, 0.9966, 0.9962, 0.9952, 0.9948, 0.9938, 0.9934, 0.994, 0.9936, 0.9942, 0.9947, 0.9949, 0.9952, 0.995, 0.9947, 0.9944, 0.993, 0.9916]","[65848, 41565, 8001, 28499, 68973, 99123, 84901, 73617, 73400, 65200, 101248, 37284, 66061, 49068, 14919, 9005, 15754, 23671, 35302, 25546, 36170, 18283, 11810, 16, 23, 2, 5, 2, 1, 3, 1, 1]","[-11.7622, -11.7547, -11.7235, -11.7368, -11.7678, -11.8104, -11.7881, -11.7752, -11.7763, -11.7668, -11.8298, -11.7218, -11.7691, -11.7381, -11.6318, -11.579, -11.6113, -11.6365, -11.6633, -11.595, -11.6402, -11.4499, -11.3131, -9.8301, -9.749, -8.4566, -8.1351, -6.3868, -5.8084, -5.9594, -4.204, -1.8192]",2568,Count
CC_039_W6,algorithmic,W6,meta-llama/Llama-3.1-8B-Instruct,25,32,"[1.0, 1.0, 1.0, 0.9999, 0.9999, 0.9999, 0.9999, 0.9998, 0.9996, 0.9997, 0.9996, 0.9996, 0.9996, 0.9993, 0.9993, 0.9992, 0.9992, 0.9992, 0.9992, 0.9991, 0.9991, 0.9992, 0.9992, 0.9991, 0.9992, 0.9984, 0.9984, 0.9981, 0.998, 0.9979, 0.9974, 0.9955]","[66053, 42602, 7941, 28086, 68232, 99511, 84588, 74014, 71126, 63762, 101685, 37710, 66051, 49615, 15303, 8712, 16124, 24459, 38200, 28603, 41022, 20269, 12818, 17, 21, 4, 5, 2, 1, 3, 1, 1]","[-11.7622, -11.755, -11.7234, -11.7364, -11.7672, -11.8109, -11.7877, -11.7757, -11.7734, -11.7648, -11.8305, -11.7227, -11.7689, -11.7392, -11.6344, -11.5772, -11.6136, -11.6406, -11.6762, -11.6147, -11.6691, -11.4751, -11.3371, -9.8965, -9.7965, -8.5894, -8.2476, -6.5466, -5.9589, -6.1139, -4.3842, -2.0289]",2568,Count
CC_040_W6,algorithmic,W6,meta-llama/Llama-3.1-8B-Instruct,25,32,"[1.0, 1.0, 0.9999, 0.9999, 0.9999, 0.9999, 0.9999, 0.9998, 0.9996, 0.9996, 0.9993, 0.9993, 0.9992, 0.9984, 0.9988, 0.9989, 0.9989, 0.9988, 0.9989, 0.9989, 0.999, 0.9991, 0.9991, 0.999, 0.9989, 0.9986, 0.9987, 0.9985, 0.9982, 0.9982, 0.9976, 0.9969]","[65972, 41477, 8076, 28432, 68806, 99823, 85116, 75253, 72825, 63442, 98738, 36096, 64958, 44478, 13767, 8058, 14111, 21005, 32980, 26354, 37363, 18418, 12644, 16, 21, 2, 5, 2, 1, 3, 1, 1]","[-11.7622, -11.7547, -11.7236, -11.7367, -11.7677, -11.8115, -11.7884, -11.7772, -11.7756, -11.7642, -11.8245, -11.7194, -11.7673, -11.7289, -11.626, -11.5712, -11.6011, -11.6229, -11.6518, -11.598, -11.6456, -11.4479, -11.3213, -9.793, -9.7214, -8.4161, -8.092, -6.3686, -5.7933, -5.9456, -4.125, -1.7284]",2568,Count
CC_041_W6,algorithmic,W6,meta-llama/Llama-3.1-8B-Instruct,25,32,"[1.0, 1.0, 1.0, 0.9999, 0.9999, 0.9999, 0.9999, 0.9998, 0.9997, 0.9996, 0.9989, 0.9989, 0.9986, 0.9969, 0.9967, 0.9956, 0.9947, 0.9935, 0.9923, 0.9907, 0.99, 0.9906, 0.9898, 0.9906, 0.9914, 0.9916, 0.9922, 0.9913, 0.9908, 0.9902, 0.9876, 0.9846]","[65914, 41909, 7885, 29249, 69785, 100069, 85584, 74598, 71181, 64719, 102417, 38406, 67178, 48733, 14766, 8127, 15069, 21907, 33513, 25654, 35013, 17210, 12095, 17, 23, 3, 5, 2, 1, 3, 1, 1]","[-11.7622, -11.7548, -11.7233, -11.7374, -11.7686, -11.812, -11.789, -11.7764, -11.7735, -11.7662, -11.8325, -11.7232, -11.7709, -11.7374, -11.6308, -11.572, -11.6069, -11.6272, -11.654, -11.5931, -11.6319, -11.4341, -11.3108, -9.801, -9.7204, -8.4315, -8.1109, -6.3833, -5.7979, -5.9281, -4.129, -1.694]",2568,Count
CC_042_W6,algorithmic,W6,meta-llama/Llama-3.1-8B-Instruct,25,32,"[1.0, 1.0, 0.9999, 0.9999, 0.9999, 0.9999, 0.9999, 0.9998, 0.9996, 0.9997, 0.9993, 0.9993, 0.999, 0.9973, 0.9969, 0.9957, 0.9945, 0.9924, 0.9909, 0.9887, 0.9872, 0.9876, 0.9861, 0.9871, 0.9884, 0.9888, 0.9897, 0.989, 0.9884, 0.9874, 0.9857, 0.9829]","[65749, 42445, 8230, 27711, 70900, 101475, 86747, 76272, 68658, 61529, 99353, 38211, 66154, 52837, 16218, 8076, 16402, 28040, 44736, 35186, 49296, 24709, 14091, 18, 22, 3, 5, 2, 1, 1, 1, 1]","[-11.7621, -11.755, -11.724, -11.7361, -11.7697, -11.8141, -11.7904, -11.7784, -11.7701, -11.7615, -11.8252, -11.7239, -11.7693, -11.7456, -11.6389, -11.5734, -11.6163, -11.6551, -11.7026, -11.6514, -11.7102, -11.5211, -11.3655, -9.9595, -9.847, -8.6621, -8.3018, -6.6188, -6.0762, -6.1672, -4.4578, -2.1726]",2568,Count
CC_043_W6,algorithmic,W6,meta-llama/Llama-3.1-8B-Instruct,25,32,"[1.0, 1.0, 1.0, 0.9999, 0.9999, 0.9999, 0.9999, 0.9998, 0.9998, 0.9998, 0.9996, 0.9996, 0.9995, 0.9993, 0.9993, 0.9991, 0.999, 0.9985, 0.9984, 0.998, 0.9977, 0.9978, 0.9976, 0.9978, 0.9978, 0.9979, 0.998, 0.9973, 0.9972, 0.9971, 0.9961, 0.9947]","[66158, 41957, 7772, 28125, 68855, 99153, 84922, 73519, 72077, 64448, 101229, 36681, 65169, 52132, 16214, 9081, 16923, 25690, 39819, 28910, 40580, 20343, 12826, 17, 21, 3, 5, 2, 1, 3, 1, 1]","[-11.7622, -11.7548, -11.7231, -11.7365, -11.7677, -11.8104, -11.7883, -11.7751, -11.7746, -11.7657, -11.8297, -11.7206, -11.7676, -11.7441, -11.6381, -11.5799, -11.6179, -11.6463, -11.6834, -11.617, -11.6661, -11.4762, -11.3399, -9.8813, -9.7894, -8.53, -8.1972, -6.4788, -5.9231, -6.0622, -4.3163, -1.9195]",2568,Count
CC_044_W6,algorithmic,W6,meta-llama/Llama-3.1-8B-Instruct,25,32,"[1.0, 1.0, 1.0, 0.9999, 0.9999, 0.9999, 0.9999, 0.9998, 0.9997, 0.9997, 0.9995, 0.9995, 0.9994, 0.9986, 0.9985, 0.9979, 0.9975, 0.9967, 0.9961, 0.9953, 0.9948, 0.995, 0.9943, 0.9949, 0.9954, 0.9956, 0.9954, 0.9947, 0.9942, 0.9937, 0.9923, 0.9902]","[65942, 41757, 7809, 27004, 70465, 101744, 87662, 77486, 67487, 60785, 97814, 35985, 66984, 50849, 13982, 6414, 13191, 19612, 33269, 24358, 33409, 16877, 11496, 17, 20, 4, 5, 2, 1, 3, 1, 1]","[-11.7622, -11.7548, -11.7234, -11.7353, -11.7693, -11.8145, -11.7915, -11.7798, -11.7687, -11.7605, -11.8223, -11.7194, -11.7706, -11.7418, -11.6267, -11.5571, -11.597, -11.6142, -11.6506, -11.5824, -11.6203, -11.4247, -11.2964, -9.7548, -9.6796, -8.3853, -8.0645, -6.3198, -5.797, -5.8818, -4.1426, -1.737]",2568,Count
CC_045_W6,algorithmic,W6,meta-llama/Llama-3.1-8B-Instruct,25,32,"[1.0, 1.0, 0.9999, 0.9999, 0.9999, 0.9999, 0.9999, 0.9998, 0.9997, 0.9996, 0.9989, 0.999, 0.9989, 0.9979, 0.998, 0.9973, 0.9973, 0.9971, 0.9976, 0.9976, 0.9977, 0.9979, 0.9978, 0.9979, 0.9981, 0.998, 0.998, 0.9978, 0.9974, 0.9972, 0.9962, 0.9954]","[65848, 42553, 8251, 27458, 71465, 102044, 87821, 76918, 67610, 60379, 99079, 36365, 66889, 46923, 11844, 6482, 12643, 19684, 31970, 24529, 33713, 16692, 11004, 15, 20, 2, 5, 2, 1, 3, 1, 1]","[-11.7622, -11.755, -11.7241, -11.7358, -11.7702, -11.815, -11.7918, -11.7792, -11.7689, -11.76, -11.8249, -11.7204, -11.7704, -11.734, -11.6157, -11.5573, -11.5935, -11.6159, -11.6477, -11.5852, -11.6233, -11.4244, -11.2894, -9.731, -9.6569, -8.3538, -8.0264, -6.3148, -5.7494, -5.8877, -4.1114, -1.7534]",2568,Count
SP_019_W6,algorithmic,W6,meta-llama/Llama-3.1-8B-Instruct,25,32,"[0.9855, 0.9841, 0.9867, 0.9847, 0.9848, 0.9851, 0.983, 0.9797, 0.974, 0.9715, 0.9652, 0.9645, 0.9646, 0.9618, 0.959, 0.9505, 0.9485, 0.9423, 0.9413, 0.9412, 0.9302, 0.9239, 0.9258, 0.9287, 0.9327, 0.9319, 0.9365, 0.9346, 0.9385, 0.9345, 0.9347, 0.9344]","[105180, 119691, 123492, 101028, 120907, 123487, 118841, 122226, 123687, 127151, 122691, 101965, 108359, 80513, 74739, 58550, 31710, 23918, 21014, 16618, 8762, 985, 2218, 92, 40, 2, 14, 2, 2, 1, 1, 1]","[-11.7721, -11.7856, -11.807, -11.7903, -11.8386, -11.8761, -11.8545, -11.8753, -11.8889, -11.9415, -11.9018, -11.8265, -11.851, -11.7975, -11.7904, -11.7565, -11.6819, -11.6434, -11.6109, -11.5446, -11.464, -11.1071, -11.087, -10.5009, -10.1491, -9.0226, -9.1552, -8.1075, -7.6502, -6.9219, -5.8946, -3.2726]",1858,Path
SP_020_W6,algorithmic,W6,meta-llama/Llama-3.1-8B-Instruct,25,32,"[0.9873, 0.9862, 0.9873, 0.984, 0.9853, 0.9854, 0.9833, 0.98, 0.9749, 0.974, 0.9725, 0.9731, 0.9713, 0.9622, 0.9559, 0.9488, 0.9445, 0.9377, 0.9361, 0.9354, 0.9251, 0.9191, 0.9223, 0.9245, 0.93, 0.9306, 0.9365, 0.9373, 0.9428, 0.9406, 0.9418, 0.9396]","[104958, 120392, 124098, 101774, 120772, 123266, 118196, 120926, 123521, 127113, 122886, 93147, 101818, 79537, 72752, 50961, 20879, 16485, 15252, 12365, 4168, 668, 1700, 54, 22, 2, 14, 2, 2, 1, 1, 1]","[-11.7719, -11.7863, -11.8085, -11.791, -11.8384, -11.8746, -11.8509, -11.8667, -11.8888, -11.9387, -11.9029, -11.8099, -11.8343, -11.7959, -11.7861, -11.7383, -11.6429, -11.6019, -11.5721, -11.5085, -11.3841, -11.065, -11.0527, -10.4227, -10.0928, -8.9361, -9.1, -8.0436, -7.6026, -6.7992, -5.8274, -3.2874]",1858,Path
SP_021_W6,algorithmic,W6,meta-llama/Llama-3.1-8B-Instruct,25,32,"[0.9825, 0.9803, 0.9839, 0.9813, 0.9825, 0.983, 0.9799, 0.9782, 0.9755, 0.9742, 0.9664, 0.9668, 0.9662, 0.9613, 0.9621, 0.9599, 0.9597, 0.9582, 0.9625, 0.9643, 0.9595, 0.9571, 0.9556, 0.9572, 0.9611, 0.9616, 0.9632, 0.9603, 0.9576, 0.9501, 0.9463, 0.9373]","[104846, 119502, 122376, 97400, 121334, 122902, 119836, 122644, 123455, 126947, 118857, 94071, 104985, 72842, 69619, 43974, 24939, 16677, 17040, 16585, 6815, 1548, 2569, 48, 19, 2, 11, 2, 2, 1, 1, 1]","[-11.772, -11.7856, -11.8042, -11.7871, -11.8399, -11.8728, -11.8579, -11.8787, -11.888, -11.936, -11.881, -11.8117, -11.8427, -11.7831, -11.7805, -11.7209, -11.6582, -11.6027, -11.5815, -11.5424, -11.4339, -11.158, -11.1055, -10.3792, -10.0131, -8.8614, -9.0099, -8.017, -7.5541, -6.8177, -5.8281, -3.2486]",1858,Path
SP_023_W6,algorithmic,W6,meta-llama/Llama-3.1-8B-Instruct,25,32,"[0.9861, 0.9851, 0.9874, 0.9846, 0.9852, 0.9856, 0.9838, 0.9798, 0.9765, 0.9755, 0.9697, 0.9703, 0.9679, 0.9606, 0.9553, 0.9461, 0.9416, 0.9355, 0.9343, 0.9343, 0.9227, 0.9149, 0.9179, 0.9195, 0.9243, 0.9241, 0.9281, 0.9274, 0.9314, 0.9258, 0.9249, 0.9194]","[105324, 120551, 123866, 99615, 120508, 123219, 118768, 121527, 123279, 127275, 121935, 95701, 105281, 76984, 73105, 53866, 25311, 19135, 20547, 16928, 6756, 1214, 2310, 47, 21, 2, 11, 2, 2, 1, 1, 1]","[-11.7721, -11.7865, -11.8082, -11.789, -11.8376, -11.8747, -11.8537, -11.8706, -11.8852, -11.9453, -11.899, -11.815, -11.8436, -11.7911, -11.7872, -11.7453, -11.6608, -11.6186, -11.6065, -11.5474, -11.4309, -11.1279, -11.0848, -10.3821, -10.0348, -8.8521, -8.9929, -7.9433, -7.5306, -6.8497, -5.901, -3.255]",1858,Path
SP_024_W6,algorithmic,W6,meta-llama/Llama-3.1-8B-Instruct,25,32,"[0.9828, 0.981, 0.9845, 0.9825, 0.9837, 0.9837, 0.9808, 0.9776, 0.9749, 0.9755, 0.9693, 0.9706, 0.9723, 0.9668, 0.9668, 0.962, 0.9581, 0.9578, 0.9602, 0.9625, 0.9569, 0.9591, 0.9579, 0.9585, 0.9596, 0.9601, 0.9596, 0.9586, 0.9587, 0.9554, 0.9535, 0.9482]","[105079, 119126, 122777, 98113, 121363, 123482, 119726, 122598, 123683, 127170, 120896, 96877, 105450, 70491, 65746, 42715, 22884, 16096, 16857, 15218, 6923, 1313, 2020, 60, 33, 2, 14, 2, 2, 1, 1, 1]","[-11.7721, -11.7852, -11.805, -11.7878, -11.8396, -11.8776, -11.8585, -11.8781, -11.8894, -11.9431, -11.8916, -11.8173, -11.8445, -11.7791, -11.772, -11.7172, -11.6507, -11.6014, -11.582, -11.5284, -11.4301, -11.1373, -11.0671, -10.4096, -10.0701, -8.8496, -9.0034, -7.9239, -7.4578, -6.7073, -5.7028, -3.121]",1858,Path
SP_026_W6,algorithmic,W6,meta-llama/Llama-3.1-8B-Instruct,25,32,"[0.981, 0.9788, 0.9831, 0.981, 0.9822, 0.9833, 0.9805, 0.9788, 0.9756, 0.9752, 0.9673, 0.9675, 0.9661, 0.9597, 0.9625, 0.9594, 0.9566, 0.9563, 0.9602, 0.9632, 0.9573, 0.961, 0.9616, 0.9633, 0.9659, 0.9663, 0.9677, 0.9674, 0.9669, 0.9637, 0.9617, 0.956]","[105549, 119453, 122171, 98494, 121331, 123436, 120535, 122764, 123260, 127096, 120472, 97337, 107663, 80045, 70653, 43962, 22397, 17002, 18012, 14641, 7208, 1607, 2420, 77, 47, 2, 15, 2, 2, 1, 1, 1]","[-11.7723, -11.7856, -11.8037, -11.788, -11.8398, -11.8761, -11.8611, -11.8794, -11.8875, -11.9403, -11.8887, -11.8178, -11.8494, -11.7969, -11.783, -11.7205, -11.6481, -11.6049, -11.5874, -11.5243, -11.4332, -11.1492, -11.0799, -10.417, -10.0992, -8.8503, -9.0237, -7.8929, -7.4421, -6.6572, -5.6466, -3.0829]",1858,Path
SP_027_W6,algorithmic,W6,meta-llama/Llama-3.1-8B-Instruct,25,32,"[0.9854, 0.9838, 0.9866, 0.9849, 0.9849, 0.9853, 0.9834, 0.9792, 0.9753, 0.9736, 0.9685, 0.9675, 0.9654, 0.9612, 0.9574, 0.9464, 0.9441, 0.9349, 0.9356, 0.9353, 0.9241, 0.9148, 0.9165, 0.92, 0.9249, 0.9244, 0.9265, 0.9266, 0.9305, 0.9311, 0.9334, 0.9344]","[105544, 120062, 123559, 100980, 120881, 123605, 118799, 122113, 123767, 127349, 122276, 98088, 107128, 78283, 76094, 55469, 34374, 25940, 24364, 18007, 8723, 1576, 3585, 137, 52, 2, 15, 2, 4, 1, 1, 1]","[-11.7722, -11.786, -11.8072, -11.7902, -11.8386, -11.877, -11.8541, -11.8738, -11.8891, -11.9477, -11.8999, -11.8191, -11.8478, -11.7933, -11.7933, -11.7493, -11.6896, -11.6519, -11.6293, -11.5573, -11.4657, -11.168, -11.162, -10.5711, -10.218, -9.1156, -9.2508, -8.212, -7.7685, -6.965, -5.8899, -3.2649]",1858,Path
SP_028_W6,algorithmic,W6,meta-llama/Llama-3.1-8B-Instruct,25,32,"[0.9841, 0.9822, 0.9861, 0.9839, 0.9844, 0.9843, 0.983, 0.9791, 0.978, 0.9783, 0.9744, 0.9746, 0.9721, 0.9669, 0.9665, 0.9621, 0.957, 0.9556, 0.9587, 0.9617, 0.9561, 0.9581, 0.9568, 0.9581, 0.9594, 0.9587, 0.9577, 0.9578, 0.9591, 0.9585, 0.9583, 0.9568]","[104994, 119465, 123136, 99095, 120747, 123000, 119050, 123047, 123940, 127238, 121687, 95876, 107042, 81293, 72741, 52618, 27934, 18436, 20324, 16462, 6932, 1541, 2954, 121, 58, 2, 15, 2, 4, 1, 1, 1]","[-11.772, -11.7855, -11.8062, -11.7888, -11.8376, -11.8753, -11.856, -11.881, -11.891, -11.9454, -11.8961, -11.8154, -11.8477, -11.7994, -11.7872, -11.7421, -11.6683, -11.6141, -11.6039, -11.543, -11.4343, -11.1603, -11.1274, -10.5474, -10.2213, -9.0784, -9.2073, -8.1003, -7.6811, -6.8579, -5.8094, -3.2505]",1858,Path
SP_029_W6,algorithmic,W6,meta-llama/Llama-3.1-8B-Instruct,25,32,"[0.9842, 0.9825, 0.9864, 0.9841, 0.9847, 0.9846, 0.9834, 0.9794, 0.9785, 0.9784, 0.9741, 0.9746, 0.973, 0.9694, 0.9675, 0.9604, 0.9582, 0.9556, 0.9597, 0.964, 0.9608, 0.9637, 0.9636, 0.9657, 0.968, 0.9686, 0.9683, 0.9675, 0.9668, 0.9649, 0.963, 0.959]","[105067, 119433, 123249, 99104, 120917, 123155, 118992, 122607, 123825, 127258, 122404, 96444, 104523, 76206, 72894, 50828, 30037, 23181, 21410, 18549, 7144, 1823, 3044, 68, 39, 3, 14, 2, 2, 1, 1, 1]","[-11.7721, -11.7855, -11.8065, -11.7888, -11.8384, -11.8766, -11.8559, -11.8782, -11.8911, -11.9463, -11.901, -11.8165, -11.8413, -11.7894, -11.7874, -11.7377, -11.6748, -11.638, -11.6115, -11.5603, -11.438, -11.1769, -11.1329, -10.4483, -10.134, -8.9694, -9.134, -8.0503, -7.6104, -6.8036, -5.7556, -3.2323]",1858,Path
SP_030_W6,algorithmic,W6,meta-llama/Llama-3.1-8B-Instruct,25,32,"[0.9842, 0.9824, 0.9863, 0.9841, 0.9846, 0.9845, 0.9833, 0.98, 0.9781, 0.977, 0.9709, 0.9716, 0.9721, 0.9684, 0.9673, 0.9609, 0.9589, 0.9594, 0.963, 0.9668, 0.9624, 0.9666, 0.9669, 0.9688, 0.9711, 0.9712, 0.9705, 0.9697, 0.9685, 0.9658, 0.9637, 0.9573]","[105037, 119459, 123164, 98857, 120858, 123088, 119290, 122967, 123929, 127078, 122069, 97727, 105628, 77266, 69354, 51672, 31515, 20989, 22137, 15873, 7644, 1877, 2442, 67, 47, 2, 14, 2, 3, 1, 1, 1]","[-11.772, -11.7855, -11.8063, -11.7886, -11.8381, -11.8762, -11.8572, -11.8807, -11.8924, -11.9412, -11.899, -11.819, -11.8446, -11.7917, -11.78, -11.7399, -11.68, -11.6278, -11.6131, -11.5363, -11.4394, -11.1692, -11.0803, -10.3893, -10.0929, -8.868, -9.0286, -7.8822, -7.418, -6.6229, -5.561, -2.8849]",1858,Path
SP_031_W6,algorithmic,W6,meta-llama/Llama-3.1-8B-Instruct,25,32,"[0.9872, 0.986, 0.9888, 0.9857, 0.9864, 0.9865, 0.9847, 0.9807, 0.9762, 0.9763, 0.9752, 0.9754, 0.9741, 0.9649, 0.9576, 0.9476, 0.9428, 0.9342, 0.932, 0.9318, 0.9189, 0.9131, 0.9185, 0.9221, 0.9275, 0.9289, 0.9345, 0.9352, 0.9371, 0.9356, 0.9351, 0.9331]","[104981, 120379, 124042, 101361, 120689, 123300, 118451, 120726, 123303, 127079, 123812, 97826, 101932, 75747, 72343, 44078, 18281, 17601, 16560, 15288, 5251, 791, 2335, 65, 29, 2, 14, 2, 4, 1, 1, 1]","[-11.7719, -11.7863, -11.8083, -11.7905, -11.8379, -11.8745, -11.8516, -11.8662, -11.8874, -11.9386, -11.9109, -11.8184, -11.8347, -11.7884, -11.785, -11.7213, -11.6311, -11.6102, -11.583, -11.536, -11.4098, -11.0885, -11.1015, -10.4487, -10.1309, -8.9877, -9.1356, -8.0949, -7.6895, -6.9369, -5.9974, -3.245]",1858,Path
SP_032_W6,algorithmic,W6,meta-llama/Llama-3.1-8B-Instruct,25,32,"[0.9884, 0.987, 0.9897, 0.9877, 0.987, 0.9863, 0.9839, 0.9804, 0.9782, 0.9747, 0.9704, 0.97, 0.9692, 0.9635, 0.9467, 0.9363, 0.9327, 0.9244, 0.9257, 0.9242, 0.9109, 0.9063, 0.9089, 0.9122, 0.9186, 0.9185, 0.9245, 0.9252, 0.9312, 0.9314, 0.9325, 0.9306]","[105598, 120805, 124271, 99387, 120344, 123564, 118309, 120362, 122572, 127065, 121897, 97345, 102084, 72574, 72470, 47513, 21097, 19936, 17595, 14749, 5513, 746, 2346, 73, 31, 2, 14, 2, 4, 1, 1, 1]","[-11.7721, -11.7867, -11.8091, -11.7887, -11.8364, -11.8746, -11.8509, -11.8635, -11.8806, -11.9365, -11.8955, -11.8176, -11.8348, -11.7822, -11.785, -11.7302, -11.644, -11.6235, -11.59, -11.5314, -11.4136, -11.0769, -11.0961, -10.4702, -10.1217, -9.0044, -9.1521, -8.1065, -7.6645, -6.9146, -5.9901, -3.2551]",1858,Path
SP_033_W6,algorithmic,W6,meta-llama/Llama-3.1-8B-Instruct,25,32,"[0.9884, 0.9872, 0.9903, 0.9883, 0.9872, 0.9866, 0.9847, 0.9818, 0.9792, 0.9752, 0.9716, 0.9716, 0.9697, 0.9633, 0.9469, 0.9378, 0.9352, 0.9288, 0.9301, 0.9279, 0.9148, 0.9085, 0.9125, 0.9164, 0.9225, 0.9226, 0.9288, 0.9293, 0.9335, 0.9333, 0.9344, 0.9327]","[105501, 120845, 124282, 99331, 120387, 123494, 117951, 120274, 122192, 126932, 121866, 95892, 104536, 72344, 66376, 44938, 17730, 16776, 15667, 13022, 4829, 653, 1903, 54, 24, 2, 14, 2, 2, 1, 1, 1]","[-11.7721, -11.7868, -11.8092, -11.7887, -11.8365, -11.8744, -11.8496, -11.8641, -11.8797, -11.9345, -11.8953, -11.8147, -11.8401, -11.7818, -11.7725, -11.7238, -11.6298, -11.6063, -11.5765, -11.5143, -11.3994, -11.0577, -11.0629, -10.405, -10.0731, -8.9215, -9.0767, -7.9971, -7.5457, -6.7878, -5.8254, -3.1005]",1858,Path
SP_034_W6,algorithmic,W6,meta-llama/Llama-3.1-8B-Instruct,25,32,"[0.9883, 0.9871, 0.9891, 0.9872, 0.9865, 0.9858, 0.9832, 0.9805, 0.9773, 0.9723, 0.968, 0.9682, 0.9661, 0.9581, 0.9419, 0.9303, 0.9271, 0.9211, 0.9236, 0.9237, 0.91, 0.9054, 0.9035, 0.9062, 0.9109, 0.9092, 0.9125, 0.9152, 0.9186, 0.9185, 0.9217, 0.9228]","[105279, 120767, 124153, 99206, 120367, 123385, 117694, 120119, 122506, 127043, 121770, 96336, 106199, 72743, 75621, 48650, 22678, 22115, 22315, 16880, 7675, 1126, 2577, 144, 57, 2, 16, 2, 4, 1, 1, 1]","[-11.772, -11.7867, -11.8087, -11.7886, -11.8365, -11.8733, -11.8485, -11.8631, -11.881, -11.9365, -11.8944, -11.8155, -11.8443, -11.7822, -11.7917, -11.7329, -11.6516, -11.6346, -11.6161, -11.5488, -11.4484, -11.1239, -11.1092, -10.5727, -10.2427, -9.1455, -9.2753, -8.1464, -7.7394, -6.9097, -5.8853, -3.1107]",1858,Path
SP_035_W6,algorithmic,W6,meta-llama/Llama-3.1-8B-Instruct,25,32,"[0.9893, 0.9879, 0.9895, 0.9867, 0.9859, 0.9849, 0.9827, 0.9791, 0.9756, 0.9745, 0.9721, 0.9696, 0.9656, 0.9521, 0.935, 0.9228, 0.9185, 0.9119, 0.9076, 0.9084, 0.895, 0.8891, 0.8918, 0.8947, 0.8999, 0.8987, 0.9055, 0.9082, 0.914, 0.915, 0.9188, 0.9167]","[105570, 120971, 124270, 100557, 120288, 123637, 117843, 121394, 123405, 127052, 122830, 93323, 105476, 77644, 77805, 52630, 26073, 29082, 25128, 18427, 6835, 722, 2345, 102, 44, 2, 14, 2, 4, 1, 1, 1]","[-11.7721, -11.7868, -11.8091, -11.7898, -11.8369, -11.8761, -11.8494, -11.8684, -11.8867, -11.9374, -11.901, -11.8103, -11.8426, -11.7914, -11.7962, -11.7423, -11.6637, -11.6638, -11.6336, -11.5653, -11.4413, -11.0869, -11.1099, -10.5461, -10.2322, -9.1028, -9.2409, -8.175, -7.7798, -6.9919, -6.041, -3.3218]",1858,Path
SP_036_W6,algorithmic,W6,meta-llama/Llama-3.1-8B-Instruct,25,32,"[0.9885, 0.9871, 0.9888, 0.9864, 0.9861, 0.9857, 0.9835, 0.9802, 0.9785, 0.9747, 0.9718, 0.9717, 0.9691, 0.9603, 0.944, 0.9321, 0.9279, 0.9195, 0.9192, 0.9152, 0.9018, 0.8884, 0.8885, 0.8921, 0.8993, 0.9002, 0.9092, 0.9108, 0.9155, 0.9157, 0.9174, 0.9205]","[105564, 120706, 124243, 99367, 120249, 123282, 117756, 120074, 122128, 127090, 122004, 95850, 105827, 74031, 75007, 47243, 21990, 19584, 16824, 14541, 5296, 619, 2789, 75, 26, 2, 12, 2, 2, 1, 1, 1]","[-11.7721, -11.7866, -11.8091, -11.7887, -11.8362, -11.8727, -11.849, -11.8622, -11.8779, -11.937, -11.8958, -11.8147, -11.8436, -11.7848, -11.7905, -11.7297, -11.6481, -11.6213, -11.5869, -11.5349, -11.4208, -11.0713, -11.1497, -10.5462, -10.194, -9.143, -9.2671, -8.2619, -7.8452, -7.0846, -6.1705, -3.5445]",1858,Path
SP_037_W6,algorithmic,W6,meta-llama/Llama-3.1-8B-Instruct,25,32,"[0.9854, 0.9838, 0.9867, 0.9849, 0.9852, 0.9856, 0.9836, 0.9798, 0.9747, 0.9745, 0.9694, 0.9694, 0.9679, 0.9643, 0.96, 0.9474, 0.944, 0.9361, 0.9361, 0.9356, 0.9244, 0.9166, 0.9181, 0.921, 0.9249, 0.9239, 0.9275, 0.9261, 0.9294, 0.9283, 0.9293, 0.9316]","[105248, 119892, 123404, 101309, 120825, 123411, 118563, 122022, 123320, 127265, 121535, 95770, 103970, 77594, 76526, 57588, 32814, 26480, 22590, 20567, 10662, 1640, 3252, 139, 56, 2, 15, 2, 2, 1, 1, 1]","[-11.7721, -11.7859, -11.8067, -11.7905, -11.8384, -11.8758, -11.8533, -11.8736, -11.8855, -11.9452, -11.8948, -11.8148, -11.8399, -11.7921, -11.7943, -11.7541, -11.6852, -11.654, -11.6192, -11.5713, -11.4829, -11.1659, -11.1424, -10.5729, -10.2339, -9.0987, -9.2318, -8.1913, -7.7705, -7.0194, -6.031, -3.3522]",1858,Path
SP_038_W6,algorithmic,W6,meta-llama/Llama-3.1-8B-Instruct,25,32,"[0.9825, 0.9803, 0.9842, 0.9817, 0.9825, 0.9826, 0.98, 0.9779, 0.9753, 0.9741, 0.9656, 0.9651, 0.9656, 0.9629, 0.9649, 0.962, 0.962, 0.9605, 0.9639, 0.9662, 0.9609, 0.9624, 0.9618, 0.9628, 0.9665, 0.967, 0.9691, 0.9677, 0.966, 0.9641, 0.9614, 0.9536]","[104865, 119265, 122423, 97942, 121385, 122857, 120174, 122740, 123224, 126992, 119070, 96205, 106119, 77615, 70327, 46543, 24909, 16578, 16924, 15754, 6749, 1546, 2144, 40, 18, 2, 11, 2, 2, 1, 1, 1]","[-11.772, -11.7854, -11.8043, -11.7877, -11.8403, -11.8729, -11.8596, -11.8793, -11.8864, -11.9375, -11.8814, -11.8154, -11.8451, -11.7925, -11.7821, -11.7273, -11.6582, -11.6032, -11.5809, -11.5344, -11.4304, -11.153, -11.0765, -10.3321, -9.9786, -8.7592, -8.9317, -7.8701, -7.3996, -6.6511, -5.6556, -3.1046]",1858,Path
SP_039_W6,algorithmic,W6,meta-llama/Llama-3.1-8B-Instruct,25,32,"[0.9825, 0.9804, 0.9843, 0.9818, 0.9826, 0.9826, 0.9803, 0.9779, 0.9748, 0.9721, 0.9618, 0.9617, 0.9628, 0.9586, 0.9632, 0.961, 0.959, 0.9572, 0.961, 0.9631, 0.9571, 0.9593, 0.9592, 0.9606, 0.9638, 0.9642, 0.9651, 0.9634, 0.9618, 0.9582, 0.9548, 0.9449]","[104990, 119470, 122470, 98185, 121460, 122692, 119748, 122804, 122826, 126857, 117573, 95210, 105294, 79637, 70304, 46651, 22921, 15217, 17463, 14527, 6460, 1778, 2210, 62, 41, 2, 13, 2, 2, 1, 1, 1]","[-11.7721, -11.7855, -11.8043, -11.7879, -11.8404, -11.8716, -11.8578, -11.8796, -11.8832, -11.9348, -11.8752, -11.8135, -11.8427, -11.796, -11.782, -11.7275, -11.6505, -11.5942, -11.5821, -11.521, -11.4183, -11.1577, -11.0643, -10.3629, -10.0391, -8.833, -8.9675, -7.8382, -7.3516, -6.596, -5.5775, -2.9849]",1858,Path
SP_040_W6,algorithmic,W6,meta-llama/Llama-3.1-8B-Instruct,25,32,"[0.9841, 0.9825, 0.9862, 0.9839, 0.9846, 0.9846, 0.9834, 0.9797, 0.978, 0.9784, 0.9736, 0.9741, 0.9724, 0.9683, 0.9684, 0.9623, 0.9569, 0.955, 0.9563, 0.9594, 0.9529, 0.9577, 0.9587, 0.9602, 0.9625, 0.963, 0.9639, 0.963, 0.9637, 0.9601, 0.9574, 0.9472]","[105030, 119319, 123185, 98642, 120705, 122913, 118724, 122827, 123452, 127201, 121747, 96952, 104387, 74212, 65871, 46366, 26396, 16926, 18577, 13283, 5102, 982, 1546, 54, 36, 2, 15, 2, 3, 1, 1, 1]","[-11.772, -11.7853, -11.8064, -11.7884, -11.8378, -11.8749, -11.855, -11.88, -11.888, -11.9447, -11.8974, -11.8174, -11.8407, -11.7858, -11.7725, -11.7265, -11.6631, -11.6053, -11.592, -11.5129, -11.3933, -11.0884, -11.0083, -10.3413, -10.051, -8.8181, -8.9834, -7.8406, -7.386, -6.6323, -5.5608, -3.0153]",1858,Path
SP_042_W6,algorithmic,W6,meta-llama/Llama-3.1-8B-Instruct,25,32,"[0.9811, 0.9788, 0.9834, 0.9811, 0.9822, 0.9835, 0.9811, 0.9794, 0.9767, 0.9755, 0.9669, 0.9664, 0.9663, 0.9592, 0.96, 0.955, 0.9542, 0.9517, 0.9546, 0.9578, 0.9518, 0.9529, 0.9535, 0.9551, 0.9585, 0.9597, 0.9617, 0.9611, 0.9602, 0.9577, 0.9555, 0.9501]","[105221, 119366, 122108, 97793, 121205, 123464, 120170, 122606, 122926, 127069, 121104, 99896, 108498, 79878, 69990, 46456, 25233, 20269, 19308, 18404, 8784, 1735, 3073, 87, 43, 2, 15, 2, 2, 1, 1, 1]","[-11.7722, -11.7855, -11.8035, -11.7874, -11.8394, -11.8763, -11.8599, -11.8781, -11.8854, -11.9401, -11.8925, -11.8228, -11.8523, -11.797, -11.7811, -11.7273, -11.6592, -11.6234, -11.5978, -11.5565, -11.4597, -11.1664, -11.1275, -10.487, -10.1371, -8.9707, -9.1279, -8.0533, -7.5997, -6.8368, -5.8325, -3.2798]",1858,Path
SP_044_W6,algorithmic,W6,meta-llama/Llama-3.1-8B-Instruct,25,32,"[0.9843, 0.9827, 0.9855, 0.9828, 0.9837, 0.9846, 0.9833, 0.9816, 0.9789, 0.9769, 0.9716, 0.9703, 0.9692, 0.9646, 0.9628, 0.9535, 0.9442, 0.9374, 0.9338, 0.9326, 0.9173, 0.9136, 0.9148, 0.9149, 0.9168, 0.9144, 0.9177, 0.9182, 0.9232, 0.9215, 0.9229, 0.915]","[104956, 119453, 122543, 99296, 120523, 123205, 119930, 122580, 123448, 127073, 121725, 95847, 104231, 79528, 75494, 58843, 25923, 18932, 20849, 14116, 6770, 903, 1713, 87, 38, 2, 14, 2, 4, 2, 1, 1]","[-11.772, -11.7855, -11.8044, -11.7888, -11.8371, -11.8745, -11.859, -11.878, -11.8881, -11.9408, -11.8962, -11.8151, -11.8401, -11.7958, -11.7926, -11.757, -11.6627, -11.6177, -11.6085, -11.5242, -11.4322, -11.0967, -11.0466, -10.4865, -10.1566, -9.0051, -9.1404, -8.0381, -7.6945, -6.9418, -5.9277, -3.214]",1858,Path
SP_045_W6,algorithmic,W6,meta-llama/Llama-3.1-8B-Instruct,25,32,"[0.9854, 0.9838, 0.9865, 0.985, 0.9853, 0.9856, 0.9837, 0.9802, 0.9767, 0.976, 0.9711, 0.9707, 0.9687, 0.9649, 0.9597, 0.9495, 0.9488, 0.944, 0.9465, 0.9475, 0.9383, 0.933, 0.9337, 0.9369, 0.9404, 0.94, 0.9414, 0.9409, 0.9435, 0.9427, 0.9438, 0.9441]","[105456, 120018, 123518, 101228, 120977, 123559, 118338, 122221, 123635, 127301, 121038, 94595, 104418, 78473, 77416, 57933, 32782, 23898, 24734, 21473, 10947, 2264, 3947, 146, 64, 2, 15, 2, 2, 1, 1, 1]","[-11.7722, -11.786, -11.807, -11.7904, -11.839, -11.877, -11.8526, -11.874, -11.8879, -11.9452, -11.892, -11.8128, -11.8407, -11.7933, -11.7958, -11.755, -11.6851, -11.6426, -11.6286, -11.5785, -11.4865, -11.201, -11.1664, -10.564, -10.2372, -9.1135, -9.2666, -8.2156, -7.766, -6.9734, -5.977, -3.294]",1858,Path
SP_046_W6,algorithmic,W6,meta-llama/Llama-3.1-8B-Instruct,25,32,"[0.9842, 0.9824, 0.9854, 0.9831, 0.9839, 0.984, 0.9829, 0.9793, 0.9776, 0.9772, 0.9714, 0.9717, 0.9717, 0.968, 0.9664, 0.9593, 0.9565, 0.9533, 0.9561, 0.9598, 0.9551, 0.9561, 0.9554, 0.9574, 0.9598, 0.96, 0.9589, 0.9584, 0.9577, 0.9562, 0.9552, 0.9511]","[105120, 119589, 123038, 98563, 120839, 123018, 118818, 123096, 123701, 127255, 122334, 97015, 105791, 74723, 72545, 52244, 31813, 26995, 24966, 21521, 10172, 1901, 2826, 72, 38, 2, 14, 2, 2, 1, 1, 1]","[-11.7721, -11.7856, -11.806, -11.7883, -11.8381, -11.8757, -11.8554, -11.8811, -11.8902, -11.9469, -11.9008, -11.8175, -11.8444, -11.7867, -11.7865, -11.7411, -11.6809, -11.6543, -11.6287, -11.5782, -11.4735, -11.1784, -11.1128, -10.4402, -10.1119, -8.9088, -9.0858, -7.9823, -7.5317, -6.7489, -5.7428, -3.1745]",1858,Path
SP_047_W6,algorithmic,W6,meta-llama/Llama-3.1-8B-Instruct,25,32,"[0.9855, 0.9838, 0.9868, 0.9851, 0.985, 0.9851, 0.9831, 0.9792, 0.9741, 0.973, 0.9673, 0.9672, 0.964, 0.9616, 0.959, 0.9468, 0.9427, 0.9335, 0.9332, 0.9321, 0.9201, 0.9135, 0.9144, 0.917, 0.9216, 0.9202, 0.9229, 0.9229, 0.926, 0.927, 0.9302, 0.9313]","[105646, 120092, 123498, 101201, 120839, 123534, 118753, 122566, 123417, 127163, 121988, 98351, 106324, 75178, 73272, 55884, 30540, 22548, 21242, 14174, 6949, 1127, 2517, 123, 55, 2, 15, 2, 4, 1, 1, 1]","[-11.7722, -11.786, -11.807, -11.7904, -11.8384, -11.8768, -11.8539, -11.877, -11.8872, -11.943, -11.898, -11.8195, -11.846, -11.7874, -11.7873, -11.7501, -11.6782, -11.6374, -11.6128, -11.5269, -11.4398, -11.126, -11.1114, -10.5629, -10.2426, -9.1035, -9.236, -8.1836, -7.7925, -7.0219, -6.0004, -3.2917]",1858,Path
SP_048_W6,algorithmic,W6,meta-llama/Llama-3.1-8B-Instruct,25,32,"[0.9842, 0.9825, 0.986, 0.9838, 0.9842, 0.9844, 0.9833, 0.9799, 0.9788, 0.9787, 0.9738, 0.974, 0.9727, 0.9687, 0.9684, 0.9613, 0.9573, 0.9558, 0.9598, 0.9641, 0.9597, 0.9627, 0.9628, 0.9644, 0.9659, 0.9655, 0.9639, 0.9631, 0.9632, 0.961, 0.9589, 0.9535]","[105193, 119599, 123176, 98626, 120834, 123106, 119187, 122822, 123815, 127216, 122205, 96957, 104497, 79145, 78092, 56722, 33034, 25685, 24513, 20252, 9667, 2315, 2827, 89, 48, 2, 14, 2, 3, 1, 1, 1]","[-11.7721, -11.7856, -11.8063, -11.7884, -11.838, -11.8761, -11.8566, -11.8791, -11.8909, -11.9454, -11.8998, -11.8174, -11.8412, -11.7954, -11.7985, -11.752, -11.6853, -11.6501, -11.6272, -11.5689, -11.4679, -11.1972, -11.1061, -10.4468, -10.1295, -8.9374, -9.1079, -7.9699, -7.5213, -6.7011, -5.6578, -3.0794]",1858,Path
SP_049_W6,algorithmic,W6,meta-llama/Llama-3.1-8B-Instruct,25,32,"[0.9873, 0.986, 0.9873, 0.9842, 0.9857, 0.9858, 0.9839, 0.9806, 0.9749, 0.9728, 0.9701, 0.9702, 0.9686, 0.9596, 0.9499, 0.94, 0.937, 0.9318, 0.9302, 0.9292, 0.9182, 0.9146, 0.9184, 0.9215, 0.9265, 0.9282, 0.9351, 0.9362, 0.9404, 0.9373, 0.9385, 0.9372]","[105171, 120378, 123945, 101258, 120606, 123222, 118394, 120906, 123858, 127070, 123098, 95984, 100865, 76173, 74659, 52828, 21440, 21926, 17786, 16044, 5896, 936, 2354, 79, 35, 2, 16, 2, 2, 1, 1, 1]","[-11.772, -11.7863, -11.8081, -11.7905, -11.838, -11.8748, -11.8518, -11.8665, -11.8912, -11.9374, -11.9044, -11.8148, -11.8318, -11.7892, -11.7896, -11.743, -11.6451, -11.633, -11.5916, -11.5439, -11.4223, -11.1118, -11.1027, -10.4996, -10.1755, -9.0244, -9.1936, -8.1104, -7.7132, -6.9509, -5.9892, -3.2313]",1858,Path
SP_050_W6,algorithmic,W6,meta-llama/Llama-3.1-8B-Instruct,25,32,"[0.9883, 0.987, 0.989, 0.9866, 0.986, 0.985, 0.9829, 0.9795, 0.9765, 0.9727, 0.9692, 0.9691, 0.9685, 0.9607, 0.9465, 0.9341, 0.9313, 0.9225, 0.9214, 0.918, 0.9044, 0.8964, 0.8913, 0.8916, 0.8938, 0.8923, 0.8972, 0.9004, 0.905, 0.9045, 0.9094, 0.9156]","[105477, 120689, 124178, 99236, 120453, 123556, 118013, 119948, 122485, 126904, 121065, 95583, 104486, 74451, 76923, 55641, 26762, 32719, 26347, 24652, 12377, 1795, 4454, 314, 85, 2, 17, 2, 2, 1, 1, 1]","[-11.7721, -11.7866, -11.8088, -11.7886, -11.8368, -11.8745, -11.85, -11.8618, -11.8809, -11.9338, -11.8905, -11.8141, -11.8403, -11.7855, -11.7946, -11.7497, -11.6659, -11.6769, -11.6398, -11.604, -11.5095, -11.2017, -11.2242, -10.766, -10.4438, -9.2965, -9.4545, -8.3296, -7.9583, -7.1902, -6.2537, -3.6353]",1858,Path
SP_051_W6,algorithmic,W6,meta-llama/Llama-3.1-8B-Instruct,25,32,"[0.9884, 0.9871, 0.9897, 0.9876, 0.9866, 0.9856, 0.9835, 0.9798, 0.978, 0.9751, 0.9723, 0.9719, 0.9705, 0.9655, 0.9564, 0.9463, 0.9423, 0.9367, 0.938, 0.9373, 0.9252, 0.9196, 0.9216, 0.9241, 0.9292, 0.9287, 0.9338, 0.9351, 0.9375, 0.9375, 0.9387, 0.9321]","[105813, 120780, 124258, 99359, 120336, 123494, 117807, 119574, 121992, 126985, 122148, 97448, 103337, 70333, 68107, 43924, 19953, 16659, 16469, 11400, 4699, 646, 1658, 54, 31, 2, 15, 2, 4, 1, 1, 1]","[-11.7722, -11.7866, -11.8091, -11.7887, -11.8364, -11.874, -11.8493, -11.8602, -11.8771, -11.9346, -11.8972, -11.8178, -11.8379, -11.778, -11.7764, -11.7206, -11.6387, -11.6053, -11.5814, -11.4987, -11.3953, -11.0577, -11.0492, -10.417, -10.1005, -8.9629, -9.1121, -8.024, -7.5506, -6.7793, -5.7904, -3.2138]",1858,Path
SP_052_W6,algorithmic,W6,meta-llama/Llama-3.1-8B-Instruct,25,32,"[0.9873, 0.986, 0.9876, 0.9843, 0.9857, 0.9859, 0.9839, 0.9804, 0.9755, 0.9754, 0.9735, 0.9737, 0.9713, 0.9662, 0.9599, 0.9482, 0.9435, 0.9344, 0.9313, 0.9302, 0.9203, 0.9109, 0.9144, 0.9174, 0.9218, 0.9228, 0.9296, 0.9308, 0.9336, 0.932, 0.933, 0.935]","[105276, 120271, 124058, 101910, 120953, 123314, 118415, 120468, 123018, 127086, 123014, 94654, 100208, 78763, 77092, 52197, 23231, 22159, 18354, 16977, 6388, 1126, 3300, 107, 48, 2, 16, 2, 3, 1, 1, 1]","[-11.772, -11.7862, -11.8085, -11.7911, -11.8387, -11.8746, -11.8515, -11.865, -11.886, -11.9387, -11.904, -11.8126, -11.8309, -11.7943, -11.795, -11.7414, -11.6519, -11.6326, -11.5951, -11.5512, -11.4321, -11.1347, -11.1643, -10.5723, -10.2668, -9.1899, -9.3224, -8.2905, -7.8744, -7.1023, -6.1625, -3.503]",1858,Path
SP_053_W6,algorithmic,W6,meta-llama/Llama-3.1-8B-Instruct,25,32,"[0.9911, 0.9898, 0.9917, 0.9891, 0.9878, 0.9869, 0.9836, 0.9784, 0.9734, 0.9688, 0.966, 0.9623, 0.9597, 0.9491, 0.938, 0.9277, 0.9215, 0.9107, 0.9057, 0.9022, 0.8898, 0.887, 0.8892, 0.8929, 0.8992, 0.9009, 0.9084, 0.912, 0.9122, 0.9119, 0.9157, 0.9176]","[105430, 120875, 124330, 100469, 119762, 123668, 117128, 120530, 123059, 126708, 121899, 90596, 101903, 73868, 81380, 56022, 29024, 35501, 26429, 23852, 13254, 1615, 3409, 156, 52, 2, 15, 2, 2, 1, 1, 1]","[-11.772, -11.7866, -11.8094, -11.7897, -11.8359, -11.8765, -11.8476, -11.8645, -11.8834, -11.9287, -11.8921, -11.8049, -11.8337, -11.784, -11.8032, -11.7503, -11.675, -11.6869, -11.6407, -11.6027, -11.5197, -11.1771, -11.18, -10.661, -10.3353, -9.2056, -9.3567, -8.3057, -7.8798, -7.1113, -6.1577, -3.6034]",1858,Path
SP_054_W6,algorithmic,W6,meta-llama/Llama-3.1-8B-Instruct,25,32,"[0.9884, 0.987, 0.9889, 0.9866, 0.9861, 0.9855, 0.9832, 0.9803, 0.9776, 0.9743, 0.9714, 0.9711, 0.9678, 0.9605, 0.9519, 0.9404, 0.9344, 0.9253, 0.9258, 0.9234, 0.9069, 0.9023, 0.9042, 0.9065, 0.9102, 0.9083, 0.9139, 0.9162, 0.9198, 0.9192, 0.9231, 0.9166]","[105668, 120748, 124254, 99054, 120498, 123651, 118121, 120285, 121998, 126925, 121368, 95037, 104908, 66363, 62603, 39746, 18577, 14757, 14274, 8008, 2198, 427, 1404, 63, 36, 2, 15, 4, 4, 2, 1, 1]","[-11.7722, -11.7866, -11.8091, -11.7884, -11.8367, -11.875, -11.8502, -11.8633, -11.8775, -11.934, -11.8924, -11.8132, -11.842, -11.7706, -11.7653, -11.7096, -11.6319, -11.5937, -11.568, -11.4639, -11.3246, -11.016, -11.0401, -10.4565, -10.1749, -9.0741, -9.1995, -8.0896, -7.6644, -6.9193, -5.9192, -3.2433]",1858,Path
SP_055_W6,algorithmic,W6,meta-llama/Llama-3.1-8B-Instruct,25,32,"[0.9893, 0.9879, 0.9895, 0.9865, 0.9859, 0.9849, 0.9823, 0.979, 0.9748, 0.9729, 0.9709, 0.9696, 0.9673, 0.9609, 0.9523, 0.9406, 0.9356, 0.9256, 0.9188, 0.9158, 0.9, 0.8963, 0.8974, 0.8999, 0.9033, 0.8997, 0.904, 0.9062, 0.9087, 0.9101, 0.9132, 0.908]","[105272, 120793, 124191, 100421, 120323, 123768, 117859, 121265, 123254, 127163, 122991, 95187, 104376, 67291, 70902, 40350, 19887, 17297, 17229, 9417, 2658, 393, 1854, 83, 39, 2, 12, 2, 3, 1, 1, 1]","[-11.772, -11.7866, -11.8089, -11.7896, -11.8369, -11.8767, -11.8492, -11.8678, -11.885, -11.9395, -11.9019, -11.8133, -11.8404, -11.7723, -11.7817, -11.7124, -11.6395, -11.6107, -11.5932, -11.4886, -11.3561, -11.0155, -11.0897, -10.5331, -10.235, -9.1553, -9.2806, -8.2423, -7.8213, -7.0552, -6.085, -3.4349]",1858,Path
SP_056_W6,algorithmic,W6,meta-llama/Llama-3.1-8B-Instruct,25,32,"[0.9884, 0.9871, 0.9896, 0.9875, 0.9867, 0.986, 0.9835, 0.9808, 0.9778, 0.9744, 0.9702, 0.9693, 0.9672, 0.9609, 0.948, 0.936, 0.9337, 0.9226, 0.9207, 0.916, 0.905, 0.8971, 0.8974, 0.9015, 0.9074, 0.9076, 0.9145, 0.9153, 0.9197, 0.9177, 0.921, 0.9238]","[105385, 120731, 124202, 99156, 120432, 123547, 118319, 120274, 122205, 127049, 121786, 95435, 103312, 70449, 68111, 45959, 22153, 22469, 19849, 16618, 7257, 923, 2941, 104, 35, 2, 14, 2, 4, 1, 1, 1]","[-11.7721, -11.7866, -11.8089, -11.7885, -11.8367, -11.8745, -11.8508, -11.8631, -11.8783, -11.9364, -11.8943, -11.8138, -11.8376, -11.7781, -11.776, -11.7265, -11.649, -11.6371, -11.6068, -11.5524, -11.4527, -11.1067, -11.1443, -10.576, -10.2209, -9.1681, -9.3004, -8.2942, -7.9075, -7.163, -6.1918, -3.4758]",1858,Path
SP_057_W6,algorithmic,W6,meta-llama/Llama-3.1-8B-Instruct,25,32,"[0.9892, 0.988, 0.9906, 0.9879, 0.987, 0.9859, 0.9833, 0.9798, 0.9759, 0.9739, 0.9708, 0.9702, 0.9667, 0.9579, 0.9489, 0.9361, 0.9318, 0.9216, 0.9156, 0.9128, 0.898, 0.8883, 0.8913, 0.8946, 0.9003, 0.8998, 0.9052, 0.9078, 0.9096, 0.9091, 0.9129, 0.909]","[105312, 120979, 124361, 100729, 120275, 123703, 117743, 121419, 122851, 127082, 122099, 93823, 106953, 73345, 75776, 45865, 19827, 18954, 16196, 9392, 2643, 358, 1475, 56, 20, 2, 11, 2, 2, 1, 1, 1]","[-11.772, -11.7868, -11.8095, -11.79, -11.837, -11.8765, -11.8488, -11.8692, -11.8832, -11.9385, -11.8964, -11.8108, -11.8468, -11.7835, -11.7921, -11.726, -11.639, -11.6189, -11.5852, -11.4887, -11.3563, -11.0095, -11.0688, -10.4978, -10.1682, -9.0842, -9.2085, -8.155, -7.7332, -6.9828, -5.9559, -3.3673]",1858,Path
SP_058_W6,algorithmic,W6,meta-llama/Llama-3.1-8B-Instruct,25,32,"[0.9883, 0.9869, 0.989, 0.9869, 0.9866, 0.9859, 0.9835, 0.981, 0.9779, 0.9745, 0.9713, 0.9706, 0.968, 0.9608, 0.9467, 0.9334, 0.932, 0.9273, 0.9308, 0.9295, 0.919, 0.9113, 0.9129, 0.9167, 0.9226, 0.9223, 0.9282, 0.9295, 0.9319, 0.9315, 0.9332, 0.9338]","[105608, 120816, 124230, 99196, 120375, 123553, 117858, 120080, 122666, 126982, 121683, 94322, 102535, 71966, 75278, 50351, 24817, 29339, 26219, 20071, 8013, 1452, 3963, 106, 38, 2, 15, 2, 2, 1, 1, 1]","[-11.7721, -11.7867, -11.809, -11.7885, -11.8366, -11.8744, -11.8492, -11.8623, -11.8813, -11.9347, -11.8938, -11.8119, -11.8359, -11.7808, -11.7908, -11.7371, -11.6583, -11.6651, -11.6376, -11.574, -11.4588, -11.1615, -11.189, -10.57, -10.2133, -9.167, -9.2853, -8.2417, -7.8102, -7.0632, -6.143, -3.4771]",1858,Path
SP_059_W6,algorithmic,W6,meta-llama/Llama-3.1-8B-Instruct,25,32,"[0.9872, 0.9859, 0.9876, 0.9844, 0.9853, 0.9854, 0.9833, 0.9806, 0.9734, 0.9697, 0.967, 0.9674, 0.9645, 0.9547, 0.9468, 0.9338, 0.9279, 0.9172, 0.9123, 0.9082, 0.8921, 0.8821, 0.8837, 0.8871, 0.8929, 0.892, 0.9007, 0.9035, 0.9076, 0.9075, 0.9117, 0.9191]","[104958, 120284, 123998, 101449, 120642, 123376, 118744, 121011, 123809, 127065, 123476, 95560, 104600, 86520, 84189, 60543, 27456, 24983, 21814, 20994, 10231, 1421, 3518, 206, 70, 2, 17, 2, 3, 1, 1, 1]","[-11.7719, -11.7861, -11.8083, -11.7906, -11.838, -11.8752, -11.8528, -11.8678, -11.8919, -11.9378, -11.9072, -11.8143, -11.8401, -11.8095, -11.8104, -11.7609, -11.6673, -11.6472, -11.6171, -11.582, -11.4893, -11.1657, -11.1763, -10.6815, -10.3722, -9.2932, -9.4188, -8.3624, -7.9493, -7.1884, -6.2289, -3.505]",1858,Path
SP_060_W6,algorithmic,W6,meta-llama/Llama-3.1-8B-Instruct,25,32,"[0.9872, 0.9858, 0.9875, 0.9845, 0.9856, 0.986, 0.9839, 0.9814, 0.9761, 0.9745, 0.9726, 0.972, 0.9693, 0.9576, 0.9481, 0.9366, 0.9346, 0.9252, 0.9225, 0.9219, 0.9119, 0.9086, 0.9126, 0.9167, 0.9215, 0.9213, 0.9289, 0.9284, 0.9318, 0.9305, 0.9288, 0.9332]","[105132, 120382, 123880, 101343, 120536, 123007, 117923, 120951, 123619, 127226, 123431, 94515, 99538, 82139, 80170, 64049, 31786, 35186, 23992, 30474, 18063, 2874, 5378, 237, 61, 2, 16, 2, 2, 1, 1, 1]","[-11.772, -11.7863, -11.8079, -11.7906, -11.8374, -11.8731, -11.8499, -11.8676, -11.8897, -11.9425, -11.9073, -11.8123, -11.8291, -11.8009, -11.8011, -11.7685, -11.682, -11.6847, -11.6272, -11.6323, -11.5528, -11.2351, -11.2232, -10.6704, -10.3044, -9.154, -9.339, -8.3524, -7.9381, -7.2224, -6.3273, -3.6358]",1858,Path
SP_061_W6,algorithmic,W6,meta-llama/Llama-3.1-8B-Instruct,25,32,"[0.9884, 0.987, 0.9887, 0.9867, 0.9861, 0.9854, 0.9832, 0.9806, 0.9772, 0.971, 0.9665, 0.9662, 0.9635, 0.9571, 0.9414, 0.9297, 0.9269, 0.9162, 0.9141, 0.9091, 0.8952, 0.8828, 0.8837, 0.8877, 0.8944, 0.8948, 0.9037, 0.9066, 0.9114, 0.9131, 0.9172, 0.9219]","[105361, 120623, 124171, 99452, 120690, 123474, 118106, 120572, 122216, 126935, 121996, 96033, 106433, 70743, 73026, 47134, 21716, 19319, 16796, 13058, 5012, 668, 2729, 78, 27, 2, 13, 2, 2, 1, 1, 1]","[-11.772, -11.7865, -11.8089, -11.7888, -11.8375, -11.874, -11.8501, -11.8651, -11.8794, -11.9333, -11.8952, -11.8146, -11.8447, -11.7788, -11.7863, -11.7295, -11.6467, -11.6199, -11.5875, -11.5225, -11.4128, -11.0885, -11.151, -10.5569, -10.2251, -9.1775, -9.2819, -8.2658, -7.8189, -7.0429, -6.1039, -3.4888]",1858,Path
SP_062_W6,algorithmic,W6,meta-llama/Llama-3.1-8B-Instruct,25,32,"[0.9854, 0.9839, 0.9868, 0.985, 0.9852, 0.9853, 0.9834, 0.9793, 0.9744, 0.9743, 0.9687, 0.969, 0.9673, 0.9616, 0.9558, 0.9471, 0.9455, 0.9427, 0.9435, 0.9434, 0.9327, 0.9251, 0.9282, 0.9309, 0.9355, 0.9352, 0.9384, 0.9379, 0.9419, 0.9398, 0.9408, 0.9394]","[105402, 119951, 123408, 101307, 120836, 123513, 118854, 122113, 123209, 127275, 121730, 97723, 106201, 72195, 71177, 48350, 26097, 17034, 17899, 11914, 4421, 684, 1784, 54, 25, 2, 14, 2, 2, 1, 1, 1]","[-11.7721, -11.7859, -11.8067, -11.7905, -11.8382, -11.8764, -11.8543, -11.8745, -11.8844, -11.9449, -11.8966, -11.8183, -11.8451, -11.7817, -11.7827, -11.732, -11.6638, -11.6079, -11.5919, -11.5062, -11.3946, -11.0702, -11.0597, -10.425, -10.0905, -8.9674, -9.0939, -8.0543, -7.5968, -6.8319, -5.7828, -3.2057]",1858,Path
SP_063_W6,algorithmic,W6,meta-llama/Llama-3.1-8B-Instruct,25,32,"[0.9825, 0.9803, 0.9841, 0.9816, 0.9827, 0.9826, 0.9802, 0.9787, 0.9745, 0.9705, 0.9602, 0.9604, 0.9605, 0.9566, 0.9604, 0.9578, 0.9568, 0.9549, 0.9572, 0.959, 0.9525, 0.9506, 0.9484, 0.9494, 0.9536, 0.9543, 0.9569, 0.9561, 0.9554, 0.9517, 0.9505, 0.9452]","[104980, 119349, 122421, 98078, 121389, 122640, 119782, 123150, 123951, 126928, 118881, 96249, 106289, 80731, 78089, 54634, 28515, 18714, 19559, 21893, 13848, 2792, 3262, 98, 46, 2, 13, 2, 2, 1, 1, 1]","[-11.7721, -11.7855, -11.8042, -11.7878, -11.8403, -11.8715, -11.8581, -11.8828, -11.8923, -11.9355, -11.88, -11.8155, -11.8454, -11.7981, -11.7985, -11.747, -11.6704, -11.6154, -11.5985, -11.5807, -11.513, -11.227, -11.1382, -10.5215, -10.1792, -9.0034, -9.1516, -8.0506, -7.5761, -6.8715, -5.9277, -3.3684]",1858,Path
SP_064_W6,algorithmic,W6,meta-llama/Llama-3.1-8B-Instruct,25,32,"[0.9854, 0.9841, 0.9863, 0.9847, 0.9851, 0.9855, 0.983, 0.9799, 0.9739, 0.9714, 0.9659, 0.9653, 0.964, 0.9561, 0.9542, 0.9432, 0.9438, 0.9407, 0.9423, 0.9419, 0.9322, 0.9295, 0.9299, 0.9325, 0.9365, 0.936, 0.9407, 0.9396, 0.9426, 0.9402, 0.9414, 0.9407]","[105431, 119941, 123365, 100867, 120786, 123500, 118775, 122443, 124402, 127067, 121521, 94947, 107289, 78902, 78277, 58914, 32286, 23441, 22750, 22285, 13462, 2456, 3704, 136, 49, 2, 14, 2, 2, 1, 1, 1]","[-11.7721, -11.7859, -11.8066, -11.7901, -11.8384, -11.8766, -11.8543, -11.8758, -11.8956, -11.939, -11.8934, -11.8129, -11.8472, -11.7946, -11.7978, -11.7572, -11.6847, -11.6419, -11.6199, -11.5858, -11.5155, -11.2179, -11.1687, -10.5847, -10.2188, -9.0946, -9.2314, -8.2046, -7.7602, -6.9451, -5.9926, -3.4109]",1858,Path
SP_065_W6,algorithmic,W6,meta-llama/Llama-3.1-8B-Instruct,25,32,"[0.9854, 0.984, 0.9865, 0.9846, 0.9847, 0.9851, 0.983, 0.9796, 0.9755, 0.9752, 0.9702, 0.9694, 0.9666, 0.9602, 0.9506, 0.9397, 0.9385, 0.9312, 0.9323, 0.9329, 0.9218, 0.9144, 0.9165, 0.9207, 0.9257, 0.9259, 0.9297, 0.9293, 0.934, 0.9337, 0.936, 0.938]","[105178, 119767, 123483, 101189, 120950, 123475, 118344, 122108, 123943, 127329, 122193, 96239, 106507, 74383, 77949, 51597, 29689, 22766, 21719, 17690, 8058, 1443, 3661, 96, 40, 2, 15, 2, 2, 1, 1, 1]","[-11.7721, -11.7857, -11.8069, -11.7904, -11.8387, -11.8762, -11.8526, -11.8737, -11.8912, -11.9465, -11.8993, -11.8153, -11.846, -11.7856, -11.7968, -11.7401, -11.6749, -11.6382, -11.6157, -11.5548, -11.4566, -11.1566, -11.1672, -10.5296, -10.1887, -9.0803, -9.2205, -8.2034, -7.7596, -6.9556, -5.9149, -3.2676]",1858,Path
SP_066_W6,algorithmic,W6,meta-llama/Llama-3.1-8B-Instruct,25,32,"[0.9844, 0.9827, 0.9858, 0.983, 0.9837, 0.9844, 0.9833, 0.9814, 0.9789, 0.9767, 0.9715, 0.9705, 0.9693, 0.9622, 0.9615, 0.9527, 0.9476, 0.9428, 0.9415, 0.9435, 0.9325, 0.9279, 0.929, 0.9305, 0.9333, 0.9325, 0.9339, 0.934, 0.9356, 0.9334, 0.9347, 0.9304]","[104821, 119094, 122606, 99436, 120542, 122935, 119595, 122554, 123457, 127063, 121610, 93401, 102545, 75003, 77418, 54580, 27812, 21875, 22992, 16345, 8335, 1281, 2624, 96, 56, 2, 15, 2, 4, 1, 1, 1]","[-11.772, -11.7851, -11.8045, -11.7889, -11.8371, -11.8728, -11.8573, -11.8776, -11.8883, -11.9394, -11.8953, -11.8106, -11.836, -11.7873, -11.7965, -11.747, -11.668, -11.6329, -11.6207, -11.5442, -11.4578, -11.1395, -11.1129, -10.5253, -10.2164, -9.0597, -9.2045, -8.1226, -7.7256, -6.9189, -5.9032, -3.2351]",1858,Path
SP_068_W6,algorithmic,W6,meta-llama/Llama-3.1-8B-Instruct,25,32,"[0.9813, 0.9791, 0.9834, 0.981, 0.9822, 0.9834, 0.9806, 0.979, 0.9758, 0.9745, 0.9665, 0.9668, 0.967, 0.9616, 0.9631, 0.9578, 0.9548, 0.9521, 0.9552, 0.9572, 0.9495, 0.9529, 0.9522, 0.9536, 0.9567, 0.9574, 0.9591, 0.9585, 0.9587, 0.9561, 0.9535, 0.9465]","[105369, 119118, 122246, 98367, 121327, 123451, 120284, 122813, 123433, 126959, 120985, 98860, 106163, 84270, 69612, 47053, 23649, 16414, 17052, 14101, 6292, 1251, 1968, 66, 32, 2, 13, 2, 2, 1, 1, 1]","[-11.7722, -11.7853, -11.8037, -11.7879, -11.8399, -11.8762, -11.8602, -11.8797, -11.8892, -11.9365, -11.8913, -11.8207, -11.8457, -11.8059, -11.7807, -11.7286, -11.6531, -11.6016, -11.5806, -11.5173, -11.4176, -11.1187, -11.0481, -10.3853, -10.0458, -8.7852, -8.9384, -7.8505, -7.3759, -6.618, -5.6122, -3.052]",1858,Path
SP_069_W6,algorithmic,W6,meta-llama/Llama-3.1-8B-Instruct,25,32,"[0.9828, 0.9807, 0.9849, 0.9831, 0.9838, 0.984, 0.9811, 0.9774, 0.9753, 0.976, 0.97, 0.9715, 0.9726, 0.9692, 0.9684, 0.9625, 0.9597, 0.9598, 0.9627, 0.9651, 0.9608, 0.9621, 0.9614, 0.9625, 0.9645, 0.9652, 0.9644, 0.9629, 0.9615, 0.9576, 0.9542, 0.9485]","[105269, 119293, 122711, 97858, 121334, 123572, 120118, 122438, 123919, 127120, 121338, 94117, 105225, 76690, 70417, 44074, 26937, 18952, 17782, 18037, 7954, 1775, 2734, 53, 21, 2, 11, 2, 2, 1, 1, 1]","[-11.7721, -11.7854, -11.8049, -11.7876, -11.8394, -11.878, -11.8602, -11.8776, -11.892, -11.9415, -11.8933, -11.812, -11.8437, -11.791, -11.7822, -11.7208, -11.6649, -11.6166, -11.5888, -11.5545, -11.4527, -11.1821, -11.1233, -10.4286, -10.0752, -8.901, -9.0969, -8.0835, -7.6374, -6.9121, -5.9244, -3.3472]",1858,Path
SP_070_W6,algorithmic,W6,meta-llama/Llama-3.1-8B-Instruct,25,32,"[0.9854, 0.9836, 0.9868, 0.9852, 0.985, 0.985, 0.983, 0.9795, 0.972, 0.9668, 0.959, 0.9582, 0.9571, 0.9523, 0.9513, 0.9402, 0.9396, 0.9322, 0.9326, 0.9309, 0.919, 0.9144, 0.9114, 0.9157, 0.9201, 0.9185, 0.9234, 0.9229, 0.9241, 0.9246, 0.9262, 0.9336]","[105636, 120218, 123641, 101571, 120859, 123520, 118409, 122369, 124037, 127062, 122221, 98031, 109180, 81385, 80785, 66746, 34455, 23503, 20971, 23880, 15209, 2293, 3619, 222, 67, 2, 14, 2, 2, 1, 1, 1]","[-11.7722, -11.7862, -11.8074, -11.7908, -11.8385, -11.8767, -11.8531, -11.8762, -11.8924, -11.9398, -11.8988, -11.8186, -11.8528, -11.7988, -11.8033, -11.7747, -11.6914, -11.6424, -11.6121, -11.5968, -11.5326, -11.2119, -11.1637, -10.6548, -10.3046, -9.1423, -9.2764, -8.2522, -7.836, -7.0565, -6.1283, -3.39]",1858,Path
SP_071_W6,algorithmic,W6,meta-llama/Llama-3.1-8B-Instruct,25,32,"[0.9825, 0.9802, 0.984, 0.9815, 0.9823, 0.982, 0.9796, 0.9774, 0.973, 0.9701, 0.9615, 0.9611, 0.9619, 0.9553, 0.959, 0.9564, 0.9562, 0.9564, 0.9609, 0.9639, 0.9571, 0.9598, 0.9599, 0.9611, 0.9644, 0.9649, 0.9653, 0.9637, 0.964, 0.9611, 0.9583, 0.9504]","[104987, 119435, 122432, 98109, 121306, 122596, 119562, 122919, 123658, 126911, 118809, 96284, 105775, 76653, 72662, 46770, 24389, 18861, 19796, 19734, 9726, 2239, 2212, 60, 30, 2, 11, 2, 2, 1, 1, 1]","[-11.7721, -11.7855, -11.8043, -11.7878, -11.8398, -11.8709, -11.8572, -11.8808, -11.8896, -11.9352, -11.8799, -11.8153, -11.8441, -11.7902, -11.787, -11.7279, -11.656, -11.6151, -11.5966, -11.5639, -11.468, -11.1917, -11.0723, -10.3863, -10.0367, -8.7923, -8.97, -7.8737, -7.4263, -6.6762, -5.6961, -3.1146]",1858,Path
SP_072_W6,algorithmic,W6,meta-llama/Llama-3.1-8B-Instruct,25,32,"[0.9855, 0.9837, 0.9865, 0.9848, 0.985, 0.9851, 0.9831, 0.9793, 0.9736, 0.9721, 0.9669, 0.966, 0.9639, 0.9593, 0.9565, 0.9459, 0.9414, 0.9315, 0.93, 0.9285, 0.9175, 0.909, 0.9107, 0.9144, 0.9205, 0.9203, 0.9247, 0.9246, 0.9277, 0.9284, 0.9289, 0.9345]","[105500, 119946, 123497, 101283, 120923, 123428, 118436, 122474, 123603, 127209, 121478, 96773, 107359, 82458, 79991, 62549, 33460, 27095, 24419, 23980, 13250, 2078, 4161, 137, 38, 2, 13, 2, 2, 1, 1, 1]","[-11.7722, -11.7859, -11.807, -11.7905, -11.8387, -11.8759, -11.8528, -11.8768, -11.889, -11.9445, -11.8947, -11.8166, -11.8483, -11.801, -11.8018, -11.7658, -11.6866, -11.6562, -11.6296, -11.5966, -11.515, -11.2044, -11.1867, -10.5869, -10.2009, -9.0844, -9.2353, -8.1911, -7.7852, -7.0251, -6.1317, -3.4472]",1858,Path
SP_073_W6,algorithmic,W6,meta-llama/Llama-3.1-8B-Instruct,25,32,"[0.9843, 0.9825, 0.9863, 0.9839, 0.9844, 0.9844, 0.9834, 0.9795, 0.9781, 0.9781, 0.9724, 0.973, 0.9727, 0.9668, 0.9661, 0.9603, 0.9563, 0.9544, 0.9564, 0.9594, 0.9517, 0.9565, 0.9578, 0.9592, 0.9619, 0.9617, 0.9616, 0.9602, 0.9617, 0.9577, 0.9562, 0.948]","[104903, 119286, 123041, 98899, 120879, 123211, 119278, 122831, 123447, 127162, 121504, 95693, 104601, 76778, 65117, 43300, 22315, 11778, 13572, 7876, 2404, 552, 1151, 48, 23, 2, 14, 2, 3, 2, 1, 1]","[-11.772, -11.7853, -11.806, -11.7886, -11.838, -11.8769, -11.8574, -11.8805, -11.8885, -11.9436, -11.8956, -11.8152, -11.8414, -11.7907, -11.7709, -11.7192, -11.648, -11.571, -11.5566, -11.4515, -11.3179, -11.0133, -10.9652, -10.2909, -9.968, -8.7713, -8.9241, -7.8511, -7.366, -6.6456, -5.5887, -2.9796]",1858,Path
WIS_006_W6,algorithmic,W6,meta-llama/Llama-3.1-8B-Instruct,25,32,"[1.0, 1.0, 1.0, 1.0, 1.0, 1.0, 1.0, 1.0, 1.0, 1.0, 1.0, 1.0, 1.0, 1.0, 1.0, 1.0, 1.0, 1.0, 1.0, 1.0, 1.0, 1.0, 1.0, 1.0, 1.0, 1.0, 1.0, 1.0, 1.0, 1.0, 1.0, 1.0]","[127501, 126483, 127600, 124949, 110984, 127189, 116543, 122443, 117905, 116052, 104767, 112276, 119996, 107731, 70402, 93869, 80729, 48809, 49348, 51589, 48180, 24722, 6, 11, 9, 4, 9, 4, 4, 5, 2, 1]","[-11.791, -11.7972, -11.8285, -11.8299, -11.816, -11.9202, -11.8496, -11.8761, -11.86, -11.8611, -11.8364, -11.8539, -11.8909, -11.86, -11.7804, -11.8393, -11.8124, -11.7285, -11.7243, -11.725, -11.7117, -11.5402, -10.0053, -9.8438, -9.6, -9.0708, -8.9281, -8.5125, -7.8411, -7.5277, -6.0279, -3.2203]",6450,Selected
WIS_007_W6,algorithmic,W6,meta-llama/Llama-3.1-8B-Instruct,25,32,"[1.0, 1.0, 1.0, 1.0, 1.0, 1.0, 1.0, 1.0, 1.0, 1.0, 1.0, 1.0, 1.0, 1.0, 1.0, 1.0, 1.0, 1.0, 1.0, 1.0, 1.0, 1.0, 1.0, 1.0, 1.0, 1.0, 1.0, 1.0, 1.0, 1.0, 1.0, 1.0]","[127437, 126385, 127617, 125443, 110671, 127128, 116425, 122651, 120520, 119229, 107529, 114361, 118271, 105994, 71118, 97540, 83384, 49041, 51381, 44918, 47142, 27875, 6, 9, 9, 4, 8, 4, 2, 2, 2, 1]","[-11.7905, -11.7967, -11.8287, -11.8317, -11.8152, -11.917, -11.8487, -11.8764, -11.8716, -11.8725, -11.8433, -11.859, -11.8825, -11.8544, -11.782, -11.8486, -11.8186, -11.7297, -11.7316, -11.6986, -11.707, -11.5672, -10.0368, -9.8663, -9.6286, -9.1616, -9.0051, -8.5526, -7.8504, -7.5179, -6.0861, -3.324]",6450,Selected
WIS_009_W6,algorithmic,W6,meta-llama/Llama-3.1-8B-Instruct,25,32,"[1.0, 1.0, 1.0, 1.0, 1.0, 1.0, 1.0, 1.0, 1.0, 1.0, 1.0, 1.0, 1.0, 1.0, 1.0, 1.0, 1.0, 1.0, 1.0, 1.0, 1.0, 1.0, 1.0, 1.0, 1.0, 1.0, 1.0, 1.0, 1.0, 1.0, 1.0, 1.0]","[127567, 126317, 127543, 125275, 110317, 127259, 117040, 123229, 117772, 115624, 105172, 108348, 116505, 105549, 75620, 93411, 76586, 45664, 48221, 48396, 45023, 22299, 6, 9, 8, 5, 7, 3, 3, 5, 2, 1]","[-11.7915, -11.7966, -11.8275, -11.8311, -11.8146, -11.9197, -11.8503, -11.8813, -11.8598, -11.8583, -11.8367, -11.8422, -11.8749, -11.8537, -11.7912, -11.8383, -11.8017, -11.7188, -11.721, -11.7121, -11.6995, -11.5249, -9.9992, -9.8341, -9.597, -9.0939, -8.9653, -8.5278, -7.8318, -7.5176, -6.1034, -3.3846]",6450,Selected
WIS_010_W6,algorithmic,W6,meta-llama/Llama-3.1-8B-Instruct,25,32,"[1.0, 1.0, 1.0, 1.0, 1.0, 1.0, 1.0, 1.0, 1.0, 1.0, 1.0, 1.0, 1.0, 1.0, 1.0, 1.0, 1.0, 1.0, 1.0, 1.0, 1.0, 1.0, 1.0, 1.0, 1.0, 1.0, 1.0, 1.0, 1.0, 1.0, 1.0, 1.0]","[127513, 126380, 127531, 124911, 110461, 127163, 115874, 122634, 117921, 117050, 107309, 109062, 115933, 106865, 70932, 90984, 77643, 43954, 45455, 42240, 42994, 24435, 6, 9, 9, 4, 8, 4, 4, 4, 2, 1]","[-11.791, -11.7968, -11.8275, -11.8296, -11.8146, -11.9191, -11.8472, -11.8785, -11.8606, -11.8638, -11.8421, -11.844, -11.872, -11.8574, -11.7818, -11.8319, -11.8042, -11.7134, -11.7101, -11.6881, -11.6912, -11.5421, -10.038, -9.8722, -9.6408, -9.2006, -9.0492, -8.6177, -7.945, -7.6076, -6.1751, -3.3606]",6450,Selected
WIS_012_W6,algorithmic,W6,meta-llama/Llama-3.1-8B-Instruct,25,32,"[1.0, 1.0, 1.0, 1.0, 1.0, 1.0, 1.0, 1.0, 1.0, 1.0, 1.0, 1.0, 1.0, 1.0, 1.0, 1.0, 1.0, 1.0, 1.0, 1.0, 1.0, 1.0, 1.0, 1.0, 1.0, 1.0, 1.0, 1.0, 1.0, 1.0, 1.0, 1.0]","[127562, 126380, 127573, 125345, 111000, 127307, 117480, 123591, 118580, 116870, 106935, 110032, 116270, 107633, 74059, 93619, 81129, 48391, 51195, 53121, 50216, 25714, 6, 9, 8, 3, 9, 4, 2, 2, 2, 1]","[-11.7914, -11.7968, -11.8279, -11.8314, -11.8156, -11.9209, -11.8518, -11.8844, -11.8637, -11.8627, -11.8408, -11.8462, -11.8736, -11.8595, -11.7883, -11.8398, -11.8139, -11.7274, -11.7318, -11.7321, -11.7209, -11.5542, -10.0222, -9.8509, -9.62, -9.1435, -9.0104, -8.5901, -7.9064, -7.6044, -6.2249, -3.412]",6450,Selected
WIS_013_W6,algorithmic,W6,meta-llama/Llama-3.1-8B-Instruct,27,32,"[1.0, 1.0, 1.0, 1.0, 1.0, 1.0, 1.0, 1.0, 1.0, 1.0, 1.0, 1.0, 1.0, 1.0, 1.0, 1.0, 1.0, 1.0, 1.0, 1.0, 1.0, 1.0, 1.0, 1.0, 1.0, 1.0, 1.0, 1.0, 1.0, 1.0, 1.0, 1.0]","[127439, 126348, 127607, 125351, 110291, 127186, 116427, 122672, 120387, 118815, 104452, 111566, 117016, 105102, 70703, 94009, 75865, 40968, 44542, 40232, 39180, 22486, 6, 10, 10, 6, 8, 4, 4, 4, 2, 1]","[-11.7906, -11.7966, -11.8285, -11.8312, -11.8146, -11.9182, -11.8488, -11.8765, -11.8705, -11.8699, -11.8351, -11.8504, -11.8766, -11.8514, -11.781, -11.8386, -11.7993, -11.7035, -11.7059, -11.6758, -11.6705, -11.5178, -9.9912, -9.8272, -9.594, -9.0738, -8.9195, -8.4704, -7.7618, -7.4416, -6.0047, -3.2627]",6450,Selected
WIS_014_W6,algorithmic,W6,meta-llama/Llama-3.1-8B-Instruct,27,32,"[1.0, 1.0, 1.0, 1.0, 1.0, 1.0, 1.0, 1.0, 1.0, 1.0, 1.0, 1.0, 1.0, 1.0, 1.0, 1.0, 1.0, 1.0, 1.0, 1.0, 1.0, 1.0, 1.0, 1.0, 1.0, 1.0, 1.0, 1.0, 1.0, 1.0, 1.0, 1.0]","[127456, 126426, 127612, 125395, 110327, 127129, 116701, 122569, 119732, 117843, 103426, 111210, 116955, 106488, 72024, 95271, 77658, 42359, 46093, 41901, 40763, 23417, 6, 10, 11, 6, 9, 3, 4, 4, 2, 1]","[-11.7907, -11.7969, -11.8286, -11.8315, -11.8148, -11.9173, -11.8498, -11.8761, -11.8675, -11.8664, -11.8331, -11.8497, -11.8768, -11.8554, -11.7835, -11.8423, -11.8043, -11.7086, -11.7115, -11.6835, -11.6782, -11.5258, -10.0028, -9.8367, -9.6104, -9.098, -8.9406, -8.4865, -7.7744, -7.4528, -6.0059, -3.2313]",6450,Selected
WIS_015_W6,algorithmic,W6,meta-llama/Llama-3.1-8B-Instruct,27,32,"[1.0, 1.0, 1.0, 1.0, 1.0, 1.0, 1.0, 1.0, 1.0, 1.0, 1.0, 1.0, 1.0, 1.0, 1.0, 1.0, 1.0, 1.0, 1.0, 1.0, 1.0, 1.0, 1.0, 1.0, 1.0, 1.0, 1.0, 1.0, 1.0, 1.0, 1.0, 1.0]","[127448, 126404, 127597, 125299, 110324, 127130, 116485, 122690, 120014, 118464, 104634, 111280, 117137, 104539, 69968, 93520, 76314, 42724, 45120, 42611, 43252, 24804, 6, 10, 10, 6, 8, 4, 3, 4, 2, 1]","[-11.7906, -11.7968, -11.8283, -11.8311, -11.8147, -11.917, -11.8489, -11.8767, -11.869, -11.8684, -11.8356, -11.8494, -11.8771, -11.8501, -11.7795, -11.8376, -11.8006, -11.7098, -11.7088, -11.6874, -11.6904, -11.5384, -10.0173, -9.8542, -9.6151, -9.1367, -8.969, -8.5003, -7.7446, -7.4202, -6.0561, -3.3048]",6450,Selected
WIS_016_W6,algorithmic,W6,meta-llama/Llama-3.1-8B-Instruct,25,32,"[1.0, 1.0, 1.0, 1.0, 1.0, 1.0, 1.0, 1.0, 1.0, 1.0, 1.0, 1.0, 1.0, 1.0, 1.0, 1.0, 1.0, 1.0, 1.0, 1.0, 1.0, 1.0, 1.0, 1.0, 1.0, 1.0, 1.0, 1.0, 1.0, 1.0, 1.0, 1.0]","[127443, 126416, 127605, 125330, 110267, 127120, 116503, 122579, 120046, 118991, 105131, 112772, 117229, 105210, 69932, 96123, 76350, 38571, 42968, 39324, 37047, 20311, 6, 10, 10, 5, 8, 4, 4, 4, 2, 1]","[-11.7906, -11.7968, -11.8284, -11.8312, -11.8147, -11.9173, -11.849, -11.8765, -11.869, -11.8705, -11.8367, -11.854, -11.8778, -11.852, -11.7796, -11.8451, -11.8011, -11.6954, -11.7005, -11.6721, -11.6606, -11.4991, -9.9803, -9.8191, -9.5854, -9.0394, -8.8792, -8.4215, -7.699, -7.3808, -5.9208, -3.1768]",6450,Selected
WIS_017_W6,algorithmic,W6,meta-llama/Llama-3.1-8B-Instruct,27,32,"[1.0, 1.0, 1.0, 1.0, 1.0, 1.0, 1.0, 1.0, 1.0, 1.0, 1.0, 1.0, 1.0, 1.0, 1.0, 1.0, 1.0, 1.0, 1.0, 1.0, 1.0, 1.0, 1.0, 1.0, 1.0, 1.0, 1.0, 1.0, 1.0, 1.0, 1.0, 1.0]","[127437, 126391, 127631, 125387, 109948, 127108, 116398, 122527, 119716, 118151, 103623, 111522, 118333, 106877, 72509, 95315, 77497, 41300, 46829, 39832, 36728, 20603, 7, 10, 11, 6, 9, 3, 2, 4, 2, 1]","[-11.7906, -11.7967, -11.8287, -11.8314, -11.814, -11.9164, -11.8485, -11.8755, -11.8669, -11.8679, -11.8336, -11.8509, -11.8827, -11.8569, -11.7848, -11.8429, -11.8036, -11.7047, -11.7143, -11.6754, -11.6599, -11.4998, -9.9851, -9.8153, -9.603, -9.0877, -8.9053, -8.4669, -7.7039, -7.4569, -6.0836, -3.2357]",6450,Selected
WIS_018_W6,algorithmic,W6,meta-llama/Llama-3.1-8B-Instruct,27,32,"[1.0, 1.0, 1.0, 1.0, 1.0, 1.0, 1.0, 1.0, 1.0, 1.0, 1.0, 1.0, 1.0, 1.0, 1.0, 1.0, 1.0, 1.0, 1.0, 1.0, 1.0, 1.0, 1.0, 1.0, 1.0, 1.0, 1.0, 1.0, 1.0, 1.0, 1.0, 1.0]","[127441, 126356, 127611, 125321, 109776, 127066, 116154, 122480, 119929, 118134, 104030, 111596, 118651, 106958, 72552, 93627, 75627, 40334, 45279, 38656, 35584, 19742, 7, 10, 11, 6, 8, 3, 2, 3, 2, 1]","[-11.7906, -11.7966, -11.8284, -11.8311, -11.8138, -11.9154, -11.8478, -11.8751, -11.8679, -11.8681, -11.8347, -11.8508, -11.8837, -11.857, -11.7848, -11.8385, -11.7991, -11.7014, -11.7089, -11.67, -11.6542, -11.4923, -9.9813, -9.8118, -9.5938, -9.071, -8.8923, -8.4419, -7.6879, -7.4313, -6.0579, -3.1996]",6450,Selected
WIS_019_W6,algorithmic,W6,meta-llama/Llama-3.1-8B-Instruct,27,32,"[1.0, 1.0, 1.0, 1.0, 1.0, 1.0, 1.0, 1.0, 1.0, 1.0, 1.0, 1.0, 1.0, 1.0, 1.0, 1.0, 1.0, 1.0, 1.0, 1.0, 1.0, 1.0, 1.0, 1.0, 1.0, 1.0, 1.0, 1.0, 1.0, 1.0, 1.0, 1.0]","[127443, 126359, 127590, 125326, 110002, 127103, 116435, 122586, 120093, 117952, 104530, 111309, 118057, 105449, 71037, 94029, 75830, 40266, 44849, 37904, 35591, 20483, 7, 10, 11, 6, 9, 4, 3, 4, 2, 1]","[-11.7906, -11.7966, -11.8283, -11.8312, -11.814, -11.9164, -11.8488, -11.8757, -11.8685, -11.8672, -11.8356, -11.8498, -11.8811, -11.8527, -11.7817, -11.8393, -11.7996, -11.7011, -11.707, -11.6662, -11.6537, -11.4982, -9.9935, -9.826, -9.6131, -9.1058, -8.9233, -8.4814, -7.7184, -7.4833, -6.1177, -3.2305]",6450,Selected
WIS_020_W6,algorithmic,W6,meta-llama/Llama-3.1-8B-Instruct,27,32,"[1.0, 1.0, 1.0, 1.0, 1.0, 1.0, 1.0, 1.0, 1.0, 1.0, 1.0, 1.0, 1.0, 1.0, 1.0, 1.0, 1.0, 1.0, 1.0, 1.0, 1.0, 1.0, 1.0, 1.0, 1.0, 1.0, 1.0, 1.0, 1.0, 1.0, 1.0, 1.0]","[127444, 126336, 127597, 125318, 110144, 127097, 116526, 122502, 119744, 118206, 104222, 111680, 118008, 106255, 72228, 94161, 75813, 39256, 44774, 38302, 35762, 20185, 7, 10, 11, 6, 9, 3, 2, 3, 2, 1]","[-11.7906, -11.7966, -11.8283, -11.831, -11.8143, -11.9162, -11.849, -11.8753, -11.867, -11.868, -11.8349, -11.851, -11.8811, -11.8549, -11.7842, -11.8399, -11.7996, -11.6977, -11.7068, -11.6679, -11.6545, -11.4955, -9.983, -9.8138, -9.6029, -9.0828, -8.8985, -8.4553, -7.69, -7.4461, -6.0739, -3.2147]",6450,Selected
WIS_021_W6,algorithmic,W6,meta-llama/Llama-3.1-8B-Instruct,22,32,"[1.0, 1.0, 1.0, 1.0, 1.0, 1.0, 1.0, 1.0, 1.0, 1.0, 1.0, 1.0, 1.0, 1.0, 1.0, 1.0, 1.0, 1.0, 1.0, 1.0, 1.0, 1.0, 1.0, 1.0, 1.0, 1.0, 1.0, 1.0, 1.0, 1.0, 1.0, 1.0]","[127601, 126442, 127621, 125859, 111391, 127498, 117689, 123721, 118247, 114820, 107877, 110795, 117074, 104580, 74222, 97272, 77171, 47120, 48253, 49793, 44508, 23808, 5, 9, 9, 6, 11, 4, 3, 5, 2, 1]","[-11.7918, -11.7972, -11.8298, -11.8344, -11.8164, -11.9267, -11.8546, -11.886, -11.8637, -11.8562, -11.8419, -11.8485, -11.8775, -11.8511, -11.7884, -11.8491, -11.8038, -11.7233, -11.7206, -11.7185, -11.6982, -11.5378, -10.0275, -9.871, -9.6486, -9.1914, -9.0902, -8.6277, -7.9203, -7.5884, -6.1901, -3.3815]",6450,Selected
WIS_022_W6,algorithmic,W6,meta-llama/Llama-3.1-8B-Instruct,25,32,"[1.0, 1.0, 1.0, 1.0, 1.0, 1.0, 1.0, 1.0, 1.0, 1.0, 1.0, 1.0, 1.0, 1.0, 1.0, 1.0, 1.0, 1.0, 1.0, 1.0, 1.0, 1.0, 1.0, 1.0, 1.0, 1.0, 1.0, 1.0, 1.0, 1.0, 1.0, 1.0]","[127575, 126349, 127556, 125347, 110356, 127257, 116864, 123247, 118296, 115887, 105580, 106605, 116651, 105957, 75412, 93945, 80031, 52133, 53801, 52280, 48380, 24666, 6, 11, 9, 5, 9, 3, 2, 4, 2, 1]","[-11.7915, -11.7967, -11.8277, -11.8315, -11.8145, -11.9199, -11.8496, -11.8814, -11.8624, -11.8592, -11.8371, -11.8374, -11.8752, -11.8547, -11.7908, -11.8402, -11.811, -11.7384, -11.7403, -11.7284, -11.7118, -11.5421, -10.0266, -9.8775, -9.6221, -9.1168, -8.9923, -8.5225, -7.7782, -7.4266, -6.0371, -3.3133]",6450,Selected
WIS_023_W6,algorithmic,W6,meta-llama/Llama-3.1-8B-Instruct,25,32,"[1.0, 1.0, 1.0, 1.0, 1.0, 1.0, 1.0, 1.0, 1.0, 1.0, 1.0, 1.0, 1.0, 1.0, 1.0, 1.0, 1.0, 1.0, 1.0, 1.0, 1.0, 1.0, 1.0, 1.0, 1.0, 1.0, 1.0, 1.0, 1.0, 1.0, 1.0, 1.0]","[127385, 126293, 127599, 124820, 107741, 127038, 115182, 121729, 118628, 117380, 104034, 115869, 119792, 107747, 67270, 89877, 78055, 42829, 49997, 40590, 40967, 22473, 6, 8, 9, 4, 8, 3, 2, 4, 2, 1]","[-11.7902, -11.7963, -11.8285, -11.8288, -11.8104, -11.9131, -11.8439, -11.8697, -11.8637, -11.8639, -11.8345, -11.8646, -11.8886, -11.8599, -11.774, -11.8286, -11.8054, -11.7094, -11.7269, -11.6809, -11.6822, -11.5241, -9.9958, -9.8339, -9.6078, -9.0923, -8.9301, -8.4448, -7.7491, -7.4416, -6.0732, -3.2944]",6450,Selected
WIS_024_W6,algorithmic,W6,meta-llama/Llama-3.1-8B-Instruct,25,32,"[1.0, 1.0, 1.0, 1.0, 1.0, 1.0, 1.0, 1.0, 1.0, 1.0, 1.0, 1.0, 1.0, 1.0, 1.0, 1.0, 1.0, 1.0, 1.0, 1.0, 1.0, 1.0, 1.0, 1.0, 1.0, 1.0, 1.0, 1.0, 1.0, 1.0, 1.0, 1.0]","[127435, 126379, 127610, 125379, 110159, 127175, 116676, 122627, 120146, 118683, 104912, 112668, 117906, 106774, 69547, 95040, 76199, 41633, 44869, 40912, 40182, 22753, 6, 10, 11, 5, 9, 3, 2, 3, 2, 1]","[-11.7906, -11.7967, -11.8286, -11.8313, -11.8145, -11.918, -11.8494, -11.8763, -11.8694, -11.87, -11.8366, -11.8542, -11.8809, -11.8569, -11.779, -11.8422, -11.8004, -11.7062, -11.708, -11.6798, -11.6765, -11.5219, -10.0192, -9.8541, -9.6206, -9.1138, -8.9381, -8.4954, -7.733, -7.4304, -6.0301, -3.3186]",6450,Selected
WIS_025_W6,algorithmic,W6,meta-llama/Llama-3.1-8B-Instruct,27,32,"[1.0, 1.0, 1.0, 1.0, 1.0, 1.0, 1.0, 1.0, 1.0, 1.0, 1.0, 1.0, 1.0, 1.0, 1.0, 1.0, 1.0, 1.0, 1.0, 1.0, 1.0, 1.0, 1.0, 1.0, 1.0, 1.0, 1.0, 1.0, 1.0, 1.0, 1.0, 1.0]","[127375, 126236, 127591, 124864, 108090, 127027, 114980, 121519, 119008, 117069, 104233, 115052, 119485, 107559, 67276, 88168, 80612, 47430, 54023, 48014, 48806, 28149, 6, 8, 9, 6, 10, 4, 2, 4, 2, 1]","[-11.7901, -11.796, -11.8285, -11.829, -11.8111, -11.9134, -11.8436, -11.8689, -11.865, -11.8629, -11.8348, -11.8613, -11.8866, -11.8589, -11.7738, -11.8237, -11.8118, -11.7245, -11.7411, -11.7108, -11.7147, -11.5683, -10.0445, -9.8814, -9.6623, -9.1956, -9.0285, -8.5797, -7.8425, -7.5492, -6.2054, -3.3571]",6450,Selected
WIS_026_W6,algorithmic,W6,meta-llama/Llama-3.1-8B-Instruct,27,32,"[1.0, 1.0, 1.0, 1.0, 1.0, 1.0, 1.0, 1.0, 1.0, 1.0, 1.0, 1.0, 1.0, 1.0, 1.0, 1.0, 1.0, 1.0, 1.0, 1.0, 1.0, 1.0, 1.0, 1.0, 1.0, 1.0, 1.0, 1.0, 1.0, 1.0, 1.0, 1.0]","[127457, 126385, 127615, 125359, 110389, 127128, 116459, 122464, 120301, 118403, 103915, 111787, 117331, 105999, 72044, 97126, 79345, 43288, 46590, 44670, 42030, 24097, 6, 10, 11, 6, 9, 3, 4, 4, 2, 1]","[-11.7906, -11.7967, -11.8286, -11.8313, -11.8148, -11.9173, -11.8488, -11.8753, -11.8699, -11.8684, -11.8341, -11.8511, -11.8781, -11.8542, -11.7838, -11.848, -11.8084, -11.7115, -11.7138, -11.6956, -11.6844, -11.5316, -10.0028, -9.8425, -9.6082, -9.0804, -8.9255, -8.4574, -7.7508, -7.4248, -5.9425, -3.2487]",6450,Selected
WIS_027_W6,algorithmic,W6,meta-llama/Llama-3.1-8B-Instruct,27,32,"[1.0, 1.0, 1.0, 1.0, 1.0, 1.0, 1.0, 1.0, 1.0, 1.0, 1.0, 1.0, 1.0, 1.0, 1.0, 1.0, 1.0, 1.0, 1.0, 1.0, 1.0, 1.0, 1.0, 1.0, 1.0, 1.0, 1.0, 1.0, 1.0, 1.0, 1.0, 1.0]","[127441, 126347, 127609, 125409, 110223, 127104, 116032, 122444, 119930, 118174, 104470, 111910, 118564, 106257, 73523, 94041, 75010, 40147, 44208, 37809, 35133, 19311, 7, 10, 11, 6, 8, 3, 2, 4, 2, 1]","[-11.7906, -11.7966, -11.8285, -11.8317, -11.8144, -11.9162, -11.8475, -11.8752, -11.8678, -11.868, -11.8353, -11.8516, -11.8833, -11.855, -11.7868, -11.8396, -11.7976, -11.7006, -11.7046, -11.666, -11.6514, -11.4875, -9.9726, -9.8059, -9.5867, -9.0534, -8.8712, -8.4081, -7.651, -7.3987, -6.0435, -3.1907]",6450,Selected
WIS_028_W6,algorithmic,W6,meta-llama/Llama-3.1-8B-Instruct,25,32,"[1.0, 1.0, 1.0, 1.0, 1.0, 1.0, 1.0, 1.0, 1.0, 1.0, 1.0, 1.0, 1.0, 1.0, 1.0, 1.0, 1.0, 1.0, 1.0, 1.0, 1.0, 1.0, 1.0, 1.0, 1.0, 1.0, 1.0, 1.0, 1.0, 1.0, 1.0, 1.0]","[127379, 126260, 127593, 124837, 107801, 127065, 115304, 121691, 118801, 117319, 104452, 115744, 119957, 108147, 66588, 88749, 75672, 41725, 47432, 39485, 39951, 21600, 6, 8, 8, 5, 8, 3, 2, 4, 2, 1]","[-11.7901, -11.7961, -11.8285, -11.8288, -11.8104, -11.9142, -11.8445, -11.8699, -11.8643, -11.8637, -11.8357, -11.8641, -11.8892, -11.8609, -11.7728, -11.826, -11.7996, -11.706, -11.7179, -11.6764, -11.6779, -11.5166, -9.9846, -9.8211, -9.5881, -9.064, -8.8969, -8.408, -7.695, -7.3825, -6.0114, -3.2294]",6450,Selected
WIS_029_W6,algorithmic,W6,meta-llama/Llama-3.1-8B-Instruct,27,32,"[1.0, 1.0, 1.0, 1.0, 1.0, 1.0, 1.0, 1.0, 1.0, 1.0, 1.0, 1.0, 1.0, 1.0, 1.0, 1.0, 1.0, 1.0, 1.0, 1.0, 1.0, 1.0, 1.0, 1.0, 1.0, 1.0, 1.0, 1.0, 1.0, 1.0, 1.0, 1.0]","[127424, 126402, 127602, 125327, 110098, 127165, 116657, 122428, 120060, 118071, 103659, 111527, 117051, 106534, 71697, 96624, 80593, 46053, 49251, 47234, 44925, 25536, 6, 10, 10, 6, 9, 3, 3, 4, 2, 1]","[-11.7905, -11.7968, -11.8285, -11.8311, -11.8143, -11.9178, -11.8494, -11.8747, -11.8687, -11.8672, -11.8335, -11.8503, -11.8766, -11.8557, -11.7831, -11.8464, -11.8116, -11.7204, -11.7235, -11.7057, -11.6976, -11.5451, -10.0114, -9.8464, -9.6118, -9.0975, -8.9351, -8.4917, -7.8161, -7.5034, -6.0964, -3.2695]",6450,Selected
WIS_030_W6,algorithmic,W6,meta-llama/Llama-3.1-8B-Instruct,25,32,"[1.0, 1.0, 1.0, 1.0, 1.0, 1.0, 1.0, 1.0, 1.0, 1.0, 1.0, 1.0, 1.0, 1.0, 1.0, 1.0, 1.0, 1.0, 1.0, 1.0, 1.0, 1.0, 1.0, 1.0, 1.0, 1.0, 1.0, 1.0, 1.0, 1.0, 1.0, 1.0]","[127562, 126329, 127546, 125319, 110759, 127272, 117080, 123302, 117963, 115601, 105647, 105388, 115823, 100618, 67415, 92414, 76648, 44681, 47328, 44139, 39965, 20602, 6, 10, 10, 5, 9, 3, 2, 3, 2, 1]","[-11.7914, -11.7966, -11.8275, -11.8314, -11.8152, -11.9201, -11.8503, -11.8822, -11.8611, -11.858, -11.8376, -11.8341, -11.8727, -11.8406, -11.7749, -11.8368, -11.8025, -11.7155, -11.7172, -11.6955, -11.6757, -11.5038, -9.964, -9.799, -9.5584, -9.0303, -8.8873, -8.4102, -7.6838, -7.3974, -6.072, -3.2485]",6450,Selected
WIS_031_W6,algorithmic,W6,meta-llama/Llama-3.1-8B-Instruct,25,32,"[1.0, 1.0, 1.0, 1.0, 1.0, 1.0, 1.0, 1.0, 1.0, 1.0, 1.0, 1.0, 1.0, 1.0, 1.0, 1.0, 1.0, 1.0, 1.0, 1.0, 1.0, 1.0, 1.0, 1.0, 1.0, 1.0, 1.0, 1.0, 1.0, 1.0, 1.0, 1.0]","[127566, 126320, 127556, 125200, 110398, 127271, 116936, 123202, 118735, 116087, 106325, 109958, 116653, 107522, 74333, 94873, 83526, 53510, 60520, 62632, 58622, 29988, 6, 11, 9, 3, 11, 4, 2, 3, 1, 1]","[-11.7915, -11.7966, -11.8275, -11.8306, -11.8147, -11.9201, -11.8499, -11.8819, -11.8642, -11.8597, -11.8385, -11.8457, -11.8755, -11.8604, -11.7888, -11.8424, -11.8192, -11.7426, -11.7639, -11.7706, -11.7558, -11.5852, -10.0597, -9.8949, -9.6548, -9.2204, -9.1103, -8.6673, -7.9969, -7.6862, -6.2433, -3.4629]",6450,Selected
WIS_032_W6,algorithmic,W6,meta-llama/Llama-3.1-8B-Instruct,25,32,"[1.0, 1.0, 1.0, 1.0, 1.0, 1.0, 1.0, 1.0, 1.0, 1.0, 1.0, 1.0, 1.0, 1.0, 1.0, 1.0, 1.0, 1.0, 1.0, 1.0, 1.0, 1.0, 1.0, 1.0, 1.0, 1.0, 1.0, 1.0, 1.0, 1.0, 1.0, 1.0]","[127554, 126285, 127579, 125385, 110932, 127301, 117346, 123335, 118194, 115951, 105167, 108463, 116586, 106635, 74273, 96754, 82403, 50100, 49511, 50525, 47873, 24532, 6, 9, 9, 4, 8, 4, 2, 2, 2, 1]","[-11.7914, -11.7966, -11.8281, -11.8316, -11.8155, -11.921, -11.8513, -11.882, -11.8617, -11.8594, -11.8362, -11.8422, -11.8747, -11.857, -11.7884, -11.8476, -11.8168, -11.7329, -11.7255, -11.7217, -11.7111, -11.5442, -10.008, -9.8341, -9.6128, -9.1581, -9.0408, -8.5974, -7.9306, -7.6355, -6.151, -3.3432]",6450,Selected
BW_001_W6,planning_suite,W6,meta-llama/Llama-3.1-8B-Instruct,30,32,"[0.9959, 0.9842, 0.9869, 0.9844, 0.9865, 0.9863, 0.9874, 0.9861, 0.9849, 0.9872, 0.9866, 0.9845, 0.9866, 0.9866, 0.9884, 0.9858, 0.9853, 0.9836, 0.9865, 0.9866, 0.9875, 0.9888, 0.9892, 0.9904, 0.9917, 0.9917, 0.9912, 0.9907, 0.99, 0.9897, 0.9885, 0.9863]","[119161, 89242, 99649, 69103, 38750, 55111, 90935, 45617, 49881, 38911, 62223, 97826, 107434, 85921, 101578, 24916, 34497, 15777, 16460, 23164, 21003, 14828, 3870, 6814, 11255, 63, 19, 15, 12, 9, 5, 1]","[-11.7781, -11.7702, -11.7811, -11.7659, -11.7386, -11.7528, -11.7967, -11.7408, -11.7462, -11.728, -11.7624, -11.8213, -11.8486, -11.8083, -11.8626, -11.6679, -11.6908, -11.5944, -11.5582, -11.5714, -11.5382, -11.4004, -11.0568, -11.0731, -11.1192, -9.6832, -8.5571, -7.9982, -7.2128, -6.4737, -5.4892, -1.2977]",30345,pick
BW_002_W6,planning_suite,W6,meta-llama/Llama-3.1-8B-Instruct,30,32,"[0.9996, 0.9996, 0.9996, 0.9991, 0.9993, 0.9994, 0.9994, 0.9994, 0.9989, 0.999, 0.999, 0.9988, 0.998, 0.9952, 0.994, 0.993, 0.9931, 0.9944, 0.9955, 0.9958, 0.9959, 0.9964, 0.9966, 0.9969, 0.9971, 0.997, 0.9972, 0.997, 0.9971, 0.997, 0.9966, 0.9971]","[119596, 93150, 100235, 65934, 35847, 54449, 88432, 46875, 49242, 38780, 66475, 95861, 109903, 89771, 98539, 13879, 23406, 9975, 15708, 20447, 21191, 15520, 4663, 7695, 13520, 128, 28, 18, 14, 12, 5, 1]","[-11.7785, -11.7716, -11.7813, -11.7637, -11.7354, -11.7522, -11.7929, -11.7426, -11.7455, -11.7281, -11.7688, -11.8167, -11.854, -11.8161, -11.851, -11.6234, -11.6536, -11.5521, -11.5533, -11.5547, -11.5416, -11.4155, -11.1069, -11.1158, -11.1899, -9.9785, -8.8616, -8.35, -7.6061, -6.8993, -5.976, -1.7009]",30345,pick
BW_010_W6,planning_suite,W6,meta-llama/Llama-3.1-8B-Instruct,30,32,"[0.9962, 0.9834, 0.9869, 0.9827, 0.9828, 0.9824, 0.9846, 0.9848, 0.9855, 0.9873, 0.987, 0.985, 0.9868, 0.9861, 0.987, 0.9836, 0.984, 0.982, 0.9847, 0.9841, 0.9842, 0.9845, 0.9837, 0.9849, 0.9866, 0.9862, 0.9856, 0.9831, 0.9817, 0.9806, 0.981, 0.9788]","[119627, 92813, 99258, 65294, 36692, 55199, 87835, 47503, 52664, 39870, 69590, 100737, 107019, 94916, 99280, 23422, 35383, 18430, 20934, 25326, 24414, 16939, 4463, 7061, 12688, 133, 28, 17, 13, 12, 5, 1]","[-11.7784, -11.7715, -11.7808, -11.7633, -11.7362, -11.7531, -11.7922, -11.7432, -11.7496, -11.7296, -11.7739, -11.8285, -11.8477, -11.8282, -11.8542, -11.663, -11.6919, -11.607, -11.5847, -11.5837, -11.5611, -11.4269, -11.0952, -11.0927, -11.1641, -9.9687, -8.9061, -8.374, -7.5156, -6.8063, -5.8981, -1.5737]",30345,pick
BW_011_W6,planning_suite,W6,meta-llama/Llama-3.1-8B-Instruct,30,32,"[0.9965, 0.986, 0.9877, 0.9849, 0.9853, 0.9855, 0.9877, 0.9866, 0.9861, 0.9869, 0.9852, 0.9803, 0.9822, 0.9817, 0.9826, 0.9813, 0.9817, 0.982, 0.9848, 0.9855, 0.9863, 0.9878, 0.9883, 0.9896, 0.9906, 0.9908, 0.991, 0.99, 0.9911, 0.9914, 0.9906, 0.9902]","[118875, 90249, 100328, 71419, 35604, 55963, 93805, 52348, 55685, 40965, 67295, 101200, 107448, 93209, 107391, 27378, 39321, 14724, 16852, 21499, 17879, 12340, 1944, 4154, 7670, 46, 19, 15, 10, 8, 5, 1]","[-11.7781, -11.7706, -11.7817, -11.7675, -11.735, -11.7539, -11.8012, -11.7492, -11.7534, -11.7311, -11.7703, -11.83, -11.8499, -11.825, -11.881, -11.6767, -11.7052, -11.5876, -11.5594, -11.5519, -11.5066, -11.3543, -10.9095, -10.9399, -10.9914, -9.5257, -8.4452, -7.9035, -7.0248, -6.2729, -5.2842, -1.21]",30345,pick
BW_014_W6,planning_suite,W6,meta-llama/Llama-3.1-8B-Instruct,30,32,"[0.9999, 0.9998, 0.9998, 0.9993, 0.9994, 0.9996, 0.9996, 0.9996, 0.9995, 0.9995, 0.9995, 0.9995, 0.9994, 0.9989, 0.9989, 0.9986, 0.9987, 0.9988, 0.999, 0.9989, 0.9989, 0.999, 0.9989, 0.999, 0.9991, 0.9991, 0.9991, 0.999, 0.999, 0.9988, 0.9983, 0.9975]","[120592, 91718, 98959, 65938, 34884, 55783, 91802, 49667, 62387, 46546, 80234, 99667, 110593, 87801, 101112, 15610, 15279, 6515, 10870, 16747, 16366, 10095, 2220, 4247, 8315, 81, 23, 16, 11, 9, 4, 1]","[-11.779, -11.771, -11.7804, -11.7637, -11.7343, -11.7538, -11.7977, -11.7465, -11.7621, -11.74, -11.7911, -11.8251, -11.8557, -11.8119, -11.8576, -11.6305, -11.6161, -11.5141, -11.5065, -11.5159, -11.4921, -11.3186, -10.9311, -10.9474, -11.0211, -9.7276, -8.5868, -8.0352, -7.0955, -6.3531, -5.3617, -1.205]",30345,pick
BW_022_W6,planning_suite,W6,meta-llama/Llama-3.1-8B-Instruct,30,32,"[0.9998, 0.9997, 0.9997, 0.9976, 0.9979, 0.9987, 0.999, 0.9993, 0.9993, 0.9994, 0.9994, 0.9994, 0.9993, 0.9989, 0.9988, 0.9983, 0.9985, 0.9985, 0.9988, 0.9989, 0.9989, 0.999, 0.999, 0.9991, 0.9992, 0.9993, 0.9993, 0.9993, 0.9993, 0.9992, 0.9986, 0.9984]","[119898, 91175, 100531, 64458, 36339, 60290, 88903, 50134, 56706, 42547, 73110, 100323, 106839, 84001, 102093, 14167, 22860, 9067, 14504, 17003, 18432, 13162, 3857, 6834, 12008, 128, 27, 17, 14, 11, 5, 1]","[-11.7786, -11.7708, -11.7815, -11.7628, -11.7361, -11.7593, -11.7939, -11.7468, -11.755, -11.7338, -11.7795, -11.8272, -11.8469, -11.8049, -11.8615, -11.6235, -11.6502, -11.5433, -11.5428, -11.5265, -11.515, -11.3779, -11.0655, -11.0806, -11.1466, -9.9429, -8.8717, -8.3387, -7.4308, -6.7304, -5.7805, -1.5172]",30345,pick
BW_080_W6,planning_suite,W6,meta-llama/Llama-3.1-8B-Instruct,30,32,"[0.9958, 0.9852, 0.9883, 0.9814, 0.9839, 0.9842, 0.9864, 0.9859, 0.9858, 0.9869, 0.9864, 0.985, 0.9844, 0.9808, 0.9812, 0.9764, 0.9775, 0.9751, 0.9782, 0.9777, 0.9764, 0.9773, 0.977, 0.9792, 0.9816, 0.9807, 0.9804, 0.9767, 0.9766, 0.9747, 0.976, 0.9748]","[119501, 90727, 98816, 64853, 36986, 55962, 88673, 45518, 49897, 37776, 64626, 98045, 106390, 91656, 96856, 19494, 29972, 13162, 19250, 24843, 24031, 17879, 5391, 8354, 13808, 163, 31, 19, 13, 12, 5, 1]","[-11.7783, -11.7707, -11.7806, -11.763, -11.7366, -11.754, -11.7934, -11.7407, -11.746, -11.7259, -11.766, -11.8223, -11.8455, -11.82, -11.846, -11.6499, -11.677, -11.5776, -11.5793, -11.5863, -11.5641, -11.447, -11.1418, -11.1418, -11.2, -10.0779, -9.0645, -8.5458, -7.6376, -6.9495, -6.0409, -1.8073]",30345,pick
BW_120_W6,planning_suite,W6,meta-llama/Llama-3.1-8B-Instruct,30,32,"[0.9959, 0.9831, 0.9867, 0.9826, 0.9838, 0.9841, 0.9865, 0.9864, 0.9867, 0.9881, 0.9877, 0.9845, 0.9863, 0.9831, 0.9844, 0.9793, 0.9794, 0.9766, 0.9792, 0.979, 0.9789, 0.9794, 0.9795, 0.9809, 0.9837, 0.9835, 0.983, 0.9811, 0.9803, 0.9798, 0.9798, 0.9773]","[120144, 91734, 98880, 59179, 33873, 56664, 87752, 44460, 56074, 40942, 71021, 101003, 107230, 88065, 101150, 20059, 29994, 13824, 18142, 22803, 22328, 15830, 4292, 7205, 12269, 99, 26, 15, 12, 9, 5, 1]","[-11.7787, -11.771, -11.7805, -11.7593, -11.7328, -11.7548, -11.7923, -11.7397, -11.7541, -11.7313, -11.7763, -11.8295, -11.8488, -11.8135, -11.8594, -11.6498, -11.6764, -11.5795, -11.5665, -11.5652, -11.5444, -11.4089, -11.0767, -11.0865, -11.1463, -9.8372, -8.7254, -8.1758, -7.3292, -6.5864, -5.6278, -1.3627]",30345,pick
BW_137_W6,planning_suite,W6,meta-llama/Llama-3.1-8B-Instruct,30,32,"[0.9957, 0.9858, 0.9877, 0.9854, 0.9857, 0.9869, 0.9887, 0.9884, 0.9893, 0.991, 0.9909, 0.989, 0.9887, 0.9849, 0.9863, 0.9856, 0.987, 0.987, 0.9892, 0.9901, 0.9906, 0.9917, 0.9923, 0.9932, 0.994, 0.9941, 0.9938, 0.9937, 0.9941, 0.994, 0.993, 0.992]","[118996, 90917, 100480, 72774, 36497, 56992, 93483, 53876, 49127, 39052, 69084, 101327, 108392, 93033, 106801, 27705, 35664, 14057, 15299, 20887, 18272, 13769, 2647, 5169, 9312, 46, 18, 14, 11, 9, 5, 1]","[-11.7782, -11.7709, -11.7818, -11.7685, -11.7358, -11.7551, -11.8007, -11.751, -11.745, -11.7283, -11.773, -11.8296, -11.8521, -11.824, -11.8776, -11.6781, -11.6942, -11.5832, -11.5489, -11.5503, -11.5125, -11.3763, -10.9742, -10.9975, -11.0553, -9.5379, -8.3566, -7.7833, -7.0802, -6.3262, -5.3499, -1.2501]",30345,pick
BW_155_W6,planning_suite,W6,meta-llama/Llama-3.1-8B-Instruct,30,32,"[0.9961, 0.9835, 0.987, 0.9828, 0.9831, 0.9824, 0.9845, 0.9846, 0.9848, 0.987, 0.9867, 0.9845, 0.9865, 0.985, 0.9867, 0.9804, 0.98, 0.9776, 0.9808, 0.9794, 0.9784, 0.9779, 0.9763, 0.978, 0.9804, 0.98, 0.9794, 0.976, 0.9742, 0.9721, 0.9732, 0.9717]","[119631, 92620, 99401, 65367, 37626, 53968, 87665, 47306, 53856, 40310, 68731, 102190, 107827, 94670, 99957, 21799, 36504, 17937, 21111, 24138, 25024, 17181, 4809, 7655, 13251, 141, 28, 17, 13, 12, 5, 1]","[-11.7784, -11.7714, -11.7809, -11.7634, -11.7372, -11.7515, -11.7921, -11.7429, -11.7511, -11.7302, -11.7727, -11.8319, -11.8502, -11.8279, -11.8561, -11.6569, -11.6953, -11.6055, -11.5887, -11.5796, -11.5689, -11.4365, -11.1195, -11.1183, -11.1848, -10.012, -8.9657, -8.4138, -7.5573, -6.8537, -5.9004, -1.663]",30345,pick
BW_172_W6,planning_suite,W6,meta-llama/Llama-3.1-8B-Instruct,30,32,"[0.9958, 0.9856, 0.9873, 0.9848, 0.9852, 0.9863, 0.9882, 0.9879, 0.988, 0.9896, 0.9896, 0.988, 0.9878, 0.9861, 0.9865, 0.9856, 0.985, 0.9829, 0.9865, 0.9872, 0.9872, 0.9887, 0.9896, 0.991, 0.9917, 0.9917, 0.9915, 0.9896, 0.9904, 0.9901, 0.9887, 0.9883]","[119143, 91377, 100042, 70843, 36360, 56532, 92457, 53055, 48997, 38593, 68203, 100935, 107572, 88279, 103896, 30454, 39407, 11888, 13380, 19547, 15625, 10856, 1500, 3292, 6512, 40, 19, 15, 11, 8, 4, 1]","[-11.7783, -11.771, -11.7814, -11.7672, -11.7357, -11.7546, -11.7994, -11.7501, -11.7448, -11.7276, -11.7715, -11.8283, -11.8499, -11.8131, -11.8685, -11.6861, -11.7052, -11.5672, -11.5357, -11.5398, -11.4882, -11.3309, -10.8663, -10.8895, -10.949, -9.4443, -8.3561, -7.8299, -7.0412, -6.2504, -5.2524, -1.2547]",30345,pick
BW_203_W6,planning_suite,W6,meta-llama/Llama-3.1-8B-Instruct,30,32,"[0.9999, 0.9998, 0.9998, 0.9994, 0.9996, 0.9997, 0.9997, 0.9996, 0.9994, 0.9994, 0.9994, 0.9993, 0.9991, 0.9985, 0.9983, 0.9971, 0.9971, 0.9972, 0.9976, 0.9974, 0.9976, 0.9976, 0.9976, 0.9978, 0.9981, 0.9981, 0.9981, 0.9978, 0.9978, 0.9976, 0.9972, 0.9964]","[119939, 90933, 99375, 63202, 35086, 58341, 92697, 51345, 60119, 47126, 78260, 102432, 112263, 83584, 100254, 14748, 18318, 6418, 9650, 15729, 15163, 9197, 1988, 3980, 7733, 60, 21, 15, 11, 8, 4, 1]","[-11.7786, -11.7707, -11.7808, -11.7619, -11.7346, -11.7569, -11.7989, -11.7483, -11.7593, -11.7408, -11.788, -11.8316, -11.8615, -11.8034, -11.8578, -11.6251, -11.6314, -11.5124, -11.495, -11.5084, -11.4836, -11.307, -10.9199, -10.936, -11.002, -9.6315, -8.5113, -7.9546, -7.0685, -6.3369, -5.3776, -1.2456]",30345,pick
BW_227_W6,planning_suite,W6,meta-llama/Llama-3.1-8B-Instruct,30,32,"[0.9959, 0.9845, 0.9878, 0.9844, 0.9864, 0.9872, 0.9888, 0.9881, 0.9881, 0.9887, 0.988, 0.9838, 0.9857, 0.9831, 0.9829, 0.9777, 0.9802, 0.9825, 0.9848, 0.9854, 0.9863, 0.9878, 0.9892, 0.9904, 0.9914, 0.9916, 0.9921, 0.992, 0.9924, 0.9928, 0.9911, 0.9897]","[119013, 89502, 100574, 66484, 36733, 55881, 90967, 48878, 46634, 37472, 59440, 95681, 107165, 95178, 103310, 26351, 34650, 12736, 14987, 20181, 16248, 12111, 2240, 4500, 7877, 48, 19, 14, 10, 7, 4, 1]","[-11.7781, -11.7703, -11.7818, -11.7642, -11.7363, -11.7538, -11.7972, -11.7449, -11.7416, -11.7255, -11.758, -11.8172, -11.8485, -11.8291, -11.8663, -11.6732, -11.6909, -11.5753, -11.5504, -11.5469, -11.4956, -11.3536, -10.941, -10.9697, -11.0075, -9.5617, -8.4437, -7.885, -7.0188, -6.265, -5.2766, -1.2066]",30345,pick
BW_282_W6,planning_suite,W6,meta-llama/Llama-3.1-8B-Instruct,30,32,"[0.9999, 0.9998, 0.9998, 0.9976, 0.998, 0.9987, 0.999, 0.9992, 0.9989, 0.9991, 0.9991, 0.9991, 0.999, 0.9983, 0.9984, 0.998, 0.9983, 0.9983, 0.9986, 0.9987, 0.9987, 0.9989, 0.999, 0.9991, 0.9992, 0.9992, 0.9993, 0.9992, 0.9992, 0.9992, 0.9986, 0.9983]","[119886, 91420, 100093, 63795, 36505, 59814, 88942, 49687, 55176, 41785, 73061, 100910, 108569, 86811, 103550, 14829, 26142, 11329, 15612, 17965, 19350, 14592, 4218, 7128, 12278, 143, 27, 18, 14, 11, 5, 1]","[-11.7786, -11.7709, -11.7813, -11.7623, -11.7364, -11.7587, -11.7941, -11.7462, -11.753, -11.7327, -11.7795, -11.8285, -11.8513, -11.8108, -11.8661, -11.6274, -11.6633, -11.5622, -11.5503, -11.5346, -11.5235, -11.3976, -11.0842, -11.0918, -11.1543, -9.9816, -8.8855, -8.356, -7.4646, -6.7636, -5.8102, -1.5657]",30345,pick
BW_310_W6,planning_suite,W6,meta-llama/Llama-3.1-8B-Instruct,31,32,"[0.9997, 0.9995, 0.9996, 0.9987, 0.9988, 0.999, 0.9992, 0.9993, 0.9992, 0.999, 0.999, 0.999, 0.9985, 0.9969, 0.9964, 0.9942, 0.9941, 0.9934, 0.9944, 0.9946, 0.995, 0.9954, 0.9955, 0.9958, 0.9961, 0.996, 0.9963, 0.9956, 0.9958, 0.9959, 0.9958, 0.9967]","[120000, 91372, 100522, 65140, 33689, 55147, 85848, 43638, 51136, 40476, 70378, 96781, 109154, 89888, 101267, 14637, 28450, 14195, 20920, 22035, 25104, 18536, 7435, 10453, 16915, 202, 31, 18, 14, 12, 6, 1]","[-11.7787, -11.7709, -11.7814, -11.7633, -11.7329, -11.7531, -11.7896, -11.7388, -11.7478, -11.7306, -11.775, -11.8196, -11.8527, -11.8168, -11.8589, -11.6257, -11.6714, -11.5845, -11.5872, -11.5648, -11.567, -11.4469, -11.1983, -11.1897, -11.2621, -10.1247, -9.0963, -8.5561, -7.7024, -7.0334, -6.0951, -1.859]",30345,pick
BW_331_W6,planning_suite,W6,meta-llama/Llama-3.1-8B-Instruct,30,32,"[0.9999, 0.9998, 0.9998, 0.9993, 0.9995, 0.9996, 0.9996, 0.9995, 0.9993, 0.9994, 0.9994, 0.9993, 0.9992, 0.9987, 0.9986, 0.9979, 0.9981, 0.9977, 0.9982, 0.9982, 0.9982, 0.9984, 0.9983, 0.9985, 0.9987, 0.9988, 0.9989, 0.9987, 0.9987, 0.9987, 0.9983, 0.998]","[120722, 92295, 98626, 64200, 34744, 56106, 92426, 49879, 62217, 46490, 79579, 98906, 110701, 88813, 102060, 15960, 16518, 6756, 10736, 16475, 16563, 10330, 2147, 4264, 8350, 74, 22, 15, 10, 9, 4, 1]","[-11.7791, -11.7712, -11.7803, -11.7626, -11.7342, -11.7543, -11.7983, -11.7467, -11.762, -11.74, -11.7901, -11.8236, -11.856, -11.8136, -11.8606, -11.6319, -11.6223, -11.5163, -11.5049, -11.514, -11.4946, -11.3227, -10.9274, -10.9488, -11.0235, -9.6979, -8.5565, -7.9726, -7.0351, -6.2897, -5.2798, -1.1606]",30345,pick
BW_350_W6,planning_suite,W6,meta-llama/Llama-3.1-8B-Instruct,30,32,"[0.9996, 0.9995, 0.9995, 0.9991, 0.9994, 0.9995, 0.9995, 0.9994, 0.9992, 0.9989, 0.9988, 0.9986, 0.9984, 0.9962, 0.9958, 0.9935, 0.9933, 0.9898, 0.9913, 0.9922, 0.9927, 0.9936, 0.9941, 0.9946, 0.9953, 0.9954, 0.9957, 0.995, 0.9949, 0.9947, 0.9939, 0.9936]","[119444, 93451, 101360, 69259, 36831, 54876, 88851, 48123, 45705, 37370, 61004, 94917, 107194, 87923, 100025, 14897, 20310, 11569, 13647, 18921, 19883, 14902, 4654, 8291, 13214, 79, 19, 15, 12, 9, 5, 1]","[-11.7784, -11.7717, -11.7823, -11.766, -11.7366, -11.7525, -11.7939, -11.7441, -11.7407, -11.7257, -11.7605, -11.8155, -11.847, -11.8125, -11.8567, -11.6277, -11.641, -11.5674, -11.5413, -11.547, -11.5327, -11.4081, -11.1031, -11.1287, -11.1793, -9.8031, -8.6172, -8.0657, -7.3717, -6.6433, -5.6637, -1.3711]",30345,pick
BW_408_W6,planning_suite,W6,meta-llama/Llama-3.1-8B-Instruct,30,32,"[0.9997, 0.9994, 0.9995, 0.9993, 0.9995, 0.9995, 0.9996, 0.9995, 0.9991, 0.999, 0.9988, 0.9987, 0.9981, 0.9958, 0.9954, 0.9931, 0.992, 0.9911, 0.9924, 0.9918, 0.9924, 0.9926, 0.9917, 0.992, 0.9926, 0.9926, 0.9909, 0.9876, 0.9858, 0.9853, 0.9858, 0.9856]","[119659, 91448, 98655, 67547, 38702, 53694, 88060, 46334, 47645, 34594, 56771, 92921, 105562, 82910, 92429, 14148, 21493, 9765, 13165, 17951, 18792, 14222, 3439, 6382, 11602, 83, 22, 16, 13, 11, 5, 1]","[-11.7785, -11.7709, -11.7803, -11.7648, -11.7386, -11.7512, -11.7926, -11.7418, -11.7433, -11.7209, -11.754, -11.8116, -11.8421, -11.8011, -11.8343, -11.6259, -11.6469, -11.5529, -11.5382, -11.5422, -11.5292, -11.4075, -11.0738, -11.0936, -11.1583, -9.9003, -8.7722, -8.2522, -7.5452, -6.8627, -5.952, -1.6509]",30345,pick
BW_467_W6,planning_suite,W6,meta-llama/Llama-3.1-8B-Instruct,30,32,"[0.9959, 0.9844, 0.9878, 0.985, 0.986, 0.986, 0.9877, 0.9867, 0.9868, 0.9887, 0.9875, 0.9863, 0.9849, 0.9842, 0.9825, 0.9815, 0.9821, 0.9825, 0.9848, 0.9863, 0.9866, 0.9884, 0.9893, 0.9904, 0.9911, 0.991, 0.9909, 0.989, 0.9899, 0.9899, 0.9873, 0.9833]","[119445, 89250, 100068, 67329, 38038, 56514, 87884, 45737, 49929, 38223, 61912, 99931, 105091, 93014, 103241, 22876, 30674, 14356, 16017, 20534, 18830, 13882, 3067, 5761, 9493, 86, 23, 16, 12, 9, 4, 1]","[-11.7783, -11.7702, -11.7813, -11.7647, -11.7376, -11.7546, -11.7927, -11.7409, -11.746, -11.7267, -11.762, -11.8266, -11.8431, -11.8242, -11.8664, -11.6611, -11.6793, -11.5854, -11.5549, -11.5509, -11.519, -11.385, -11.0098, -11.0324, -11.0685, -9.772, -8.6337, -8.1089, -7.2924, -6.5405, -5.5666, -1.3575]",30345,pick
BW_495_W6,planning_suite,W6,meta-llama/Llama-3.1-8B-Instruct,30,32,"[0.9997, 0.9997, 0.9997, 0.9995, 0.9995, 0.9996, 0.9996, 0.9995, 0.9995, 0.9994, 0.9994, 0.9994, 0.9992, 0.9986, 0.9987, 0.9977, 0.9978, 0.9981, 0.9983, 0.9983, 0.9984, 0.9985, 0.9985, 0.9986, 0.9988, 0.9989, 0.999, 0.9989, 0.9989, 0.9988, 0.9984, 0.9982]","[119759, 91312, 99510, 64968, 35366, 59084, 89916, 48651, 57407, 44429, 75081, 101106, 108449, 87295, 103079, 14583, 23403, 9756, 14965, 17085, 18579, 14053, 4565, 7720, 12900, 141, 27, 17, 14, 10, 5, 1]","[-11.7785, -11.7709, -11.7809, -11.7631, -11.7351, -11.7579, -11.7951, -11.745, -11.756, -11.7368, -11.7827, -11.8288, -11.8509, -11.8116, -11.8643, -11.6259, -11.6528, -11.5502, -11.5462, -11.5283, -11.5177, -11.3918, -11.0972, -11.1102, -11.169, -9.9684, -8.859, -8.3175, -7.43, -6.7063, -5.7296, -1.4801]",30345,pick
BW_E002_W6,planning_suite,W6,meta-llama/Llama-3.1-8B-Instruct,30,32,"[0.9998, 0.9993, 0.9994, 0.9991, 0.9992, 0.9993, 0.9993, 0.9989, 0.9987, 0.9985, 0.9981, 0.9978, 0.9974, 0.9957, 0.9952, 0.9917, 0.9925, 0.9935, 0.9951, 0.9952, 0.9957, 0.9959, 0.9962, 0.9966, 0.997, 0.997, 0.9971, 0.997, 0.9967, 0.9968, 0.9968, 0.9968]","[120023, 91047, 100052, 64295, 37610, 59569, 90643, 49061, 59926, 45904, 77255, 106051, 107216, 81221, 99585, 21106, 30162, 11841, 15393, 19783, 19196, 13215, 2680, 5050, 9298, 73, 22, 15, 11, 9, 5, 1]","[-11.7786, -11.7708, -11.7813, -11.7626, -11.7375, -11.7585, -11.796, -11.7454, -11.759, -11.7389, -11.7866, -11.8409, -11.8494, -11.7994, -11.8554, -11.6534, -11.6761, -11.5633, -11.5469, -11.543, -11.5226, -11.3792, -10.9912, -11.0017, -11.0615, -9.729, -8.636, -8.075, -7.1926, -6.4366, -5.5327, -1.3503]",30345,pick
BW_E015_W6,planning_suite,W6,meta-llama/Llama-3.1-8B-Instruct,-1,32,"[1.0, 1.0, 1.0, 1.0, 1.0, 1.0, 1.0, 1.0, 1.0, 1.0, 1.0, 1.0, 1.0, 1.0, 1.0, 1.0, 1.0, 1.0, 1.0, 1.0, 1.0, 1.0, 1.0, 1.0, 1.0, 1.0, 1.0, 1.0, 1.0, 1.0, 1.0, 1.0]","[128160, 127717, 128130, 127764, 122470, 126413, 127898, 128080, 124724, 119523, 113088, 127282, 121521, 110477, 61347, 47676, 18178, 29992, 14186, 3888, 1800, 1003, 238, 311, 366, 495, 363, 146, 84, 110, 11, 9]","[-11.7999, -11.8068, -11.8445, -11.8566, -11.8449, -11.9033, -11.9315, -11.9603, -11.8892, -11.8747, -11.8609, -11.9678, -11.9047, -11.8704, -11.7626, -11.7298, -11.628, -11.6581, -11.5336, -11.3494, -11.2329, -10.9857, -10.5279, -10.3737, -10.2264, -10.241, -9.803, -9.3913, -8.7985, -8.7125, -6.4002, -5.8593]",359,un
BW_E017_W6,planning_suite,W6,meta-llama/Llama-3.1-8B-Instruct,30,32,"[1.0, 1.0, 1.0, 1.0, 1.0, 1.0, 1.0, 1.0, 1.0, 1.0, 1.0, 1.0, 1.0, 1.0, 1.0, 1.0, 1.0, 1.0, 1.0, 1.0, 1.0, 1.0, 1.0, 1.0, 1.0, 1.0, 1.0, 1.0, 1.0, 1.0, 1.0, 1.0]","[120232, 92127, 100293, 63438, 38403, 60618, 91017, 47802, 58758, 47498, 73936, 102723, 107806, 85261, 105512, 25240, 29442, 12977, 17049, 22633, 20145, 13196, 3332, 5733, 10957, 77, 24, 15, 11, 9, 4, 1]","[-11.7788, -11.7712, -11.7813, -11.7621, -11.7383, -11.7598, -11.7968, -11.7437, -11.7575, -11.7415, -11.7809, -11.833, -11.8507, -11.8074, -11.8727, -11.6689, -11.674, -11.5716, -11.5571, -11.5622, -11.5267, -11.3743, -11.0223, -11.0307, -11.1102, -9.741, -8.6773, -8.0863, -7.1816, -6.4394, -5.4747, -1.3067]",30345,pick
BW_E019_W6,planning_suite,W6,meta-llama/Llama-3.1-8B-Instruct,30,32,"[1.0, 1.0, 1.0, 1.0, 1.0, 1.0, 1.0, 1.0, 1.0, 1.0, 1.0, 1.0, 1.0, 1.0, 1.0, 1.0, 1.0, 1.0, 1.0, 1.0, 1.0, 1.0, 1.0, 1.0, 1.0, 1.0, 1.0, 1.0, 1.0, 1.0, 1.0, 1.0]","[128159, 127809, 128148, 127776, 123013, 126326, 127916, 128023, 125176, 120589, 117173, 127365, 122067, 109718, 64536, 45256, 17167, 28978, 16445, 4562, 1581, 1007, 165, 223, 251, 307, 230, 75, 50, 61, 3, 6]","[-11.7999, -11.8077, -11.8451, -11.8571, -11.8476, -11.9028, -11.934, -11.9539, -11.8936, -11.8808, -11.8763, -11.9703, -11.9076, -11.8678, -11.77, -11.7249, -11.6251, -11.6549, -11.5533, -11.3654, -11.226, -10.99, -10.4584, -10.2883, -10.104, -10.1019, -9.6354, -9.081, -8.4824, -8.3558, -5.1161, -4.2051]",359,un
BW_E100_W6,planning_suite,W6,meta-llama/Llama-3.1-8B-Instruct,30,32,"[0.9997, 0.9991, 0.9988, 0.9984, 0.9985, 0.9983, 0.9981, 0.9972, 0.9967, 0.997, 0.9962, 0.9952, 0.9923, 0.9861, 0.9825, 0.9689, 0.971, 0.9771, 0.9814, 0.9829, 0.9828, 0.9851, 0.9863, 0.9875, 0.9888, 0.9888, 0.9894, 0.988, 0.9881, 0.9878, 0.9883, 0.9883]","[120127, 90724, 99879, 63540, 36687, 58866, 89491, 48384, 60465, 45504, 75766, 104632, 105761, 86735, 104242, 24545, 34386, 13998, 16353, 20494, 20319, 14338, 3635, 6448, 11080, 96, 26, 16, 11, 9, 4, 1]","[-11.7787, -11.7707, -11.7811, -11.7622, -11.7365, -11.7576, -11.7945, -11.7444, -11.7597, -11.7384, -11.7841, -11.8374, -11.8456, -11.8106, -11.8701, -11.6659, -11.6892, -11.5803, -11.5548, -11.5503, -11.5319, -11.3955, -11.044, -11.0553, -11.1107, -9.8028, -8.7372, -8.1735, -7.2716, -6.5034, -5.5278, -1.3638]",30345,pick
MBW_001_W6,planning_suite,W6,meta-llama/Llama-3.1-8B-Instruct,31,32,"[1.0, 1.0, 1.0, 1.0, 1.0, 1.0, 1.0, 1.0, 1.0, 1.0, 1.0, 1.0, 1.0, 1.0, 1.0, 1.0, 1.0, 1.0, 1.0, 1.0, 1.0, 1.0, 1.0, 1.0, 1.0, 1.0, 1.0, 1.0, 1.0, 1.0, 1.0, 1.0]","[94777, 77719, 114478, 64330, 67757, 27181, 42259, 5714, 13838, 12466, 66595, 32871, 40775, 28060, 29296, 25798, 17628, 19804, 12542, 16110, 21330, 9551, 4715, 5510, 22, 9, 18, 10, 8, 13, 6, 1]","[-11.7688, -11.7661, -11.7926, -11.7626, -11.7665, -11.7139, -11.7385, -11.6547, -11.6835, -11.6694, -11.7692, -11.7131, -11.7266, -11.694, -11.6858, -11.6701, -11.6271, -11.6088, -11.5216, -11.5145, -11.5389, -11.3189, -11.0742, -11.0125, -9.3837, -8.3077, -8.2306, -7.5917, -6.7935, -7.4629, -6.231, -1.748]",21208,attack
MBW_002_W6,planning_suite,W6,meta-llama/Llama-3.1-8B-Instruct,30,32,"[0.9998, 0.9998, 0.9998, 0.9996, 0.9996, 0.9997, 0.9997, 0.9994, 0.999, 0.9988, 0.9984, 0.9982, 0.998, 0.9968, 0.997, 0.9949, 0.9944, 0.9936, 0.994, 0.9939, 0.9943, 0.9948, 0.9946, 0.9951, 0.9958, 0.9957, 0.996, 0.9956, 0.9957, 0.995, 0.9944, 0.9958]","[95838, 74055, 112342, 54933, 73884, 30674, 42941, 6028, 11989, 10407, 70315, 42025, 50360, 37981, 36286, 29200, 23396, 18813, 15390, 17866, 26558, 11472, 4034, 6575, 28, 8, 17, 10, 9, 10, 5, 1]","[-11.7691, -11.765, -11.7905, -11.7564, -11.7722, -11.7206, -11.7387, -11.6576, -11.6775, -11.6617, -11.7752, -11.73, -11.7431, -11.7173, -11.7039, -11.6813, -11.6519, -11.6082, -11.5516, -11.5413, -11.5843, -11.3661, -11.065, -11.0648, -9.4957, -8.4466, -8.3927, -7.8474, -7.1103, -7.4953, -6.3001, -2.0052]",21208,attack
MBW_010_W6,planning_suite,W6,meta-llama/Llama-3.1-8B-Instruct,30,32,"[0.9998, 0.9998, 0.9998, 0.9997, 0.9997, 0.9997, 0.9996, 0.9995, 0.9992, 0.999, 0.9988, 0.9986, 0.9982, 0.997, 0.9972, 0.996, 0.9959, 0.9957, 0.9963, 0.9963, 0.9965, 0.9968, 0.9963, 0.9967, 0.997, 0.9972, 0.9972, 0.9973, 0.9974, 0.9971, 0.9968, 0.9972]","[97092, 74159, 113289, 55753, 74691, 29567, 43098, 6742, 11964, 13249, 73074, 42950, 55453, 36137, 37068, 30603, 22047, 18590, 12836, 14215, 20238, 8213, 2738, 4314, 20, 8, 13, 9, 8, 10, 5, 1]","[-11.7695, -11.765, -11.7915, -11.7569, -11.7729, -11.7184, -11.739, -11.661, -11.6774, -11.6718, -11.7798, -11.7317, -11.7516, -11.7137, -11.7063, -11.6853, -11.6462, -11.606, -11.5289, -11.5076, -11.5363, -11.3037, -10.9826, -10.9575, -9.3124, -8.2586, -8.1727, -7.5536, -6.7785, -7.385, -6.167, -1.689]",21208,attack
MBW_014_W6,planning_suite,W6,meta-llama/Llama-3.1-8B-Instruct,30,32,"[0.9999, 0.9999, 0.9999, 0.9998, 0.9998, 0.9998, 0.9998, 0.9996, 0.9994, 0.9989, 0.9989, 0.9988, 0.9983, 0.9972, 0.9969, 0.9959, 0.9955, 0.9951, 0.996, 0.996, 0.9961, 0.9962, 0.9959, 0.9962, 0.9964, 0.9963, 0.9963, 0.9959, 0.9959, 0.9955, 0.9954, 0.9962]","[99373, 73185, 111798, 56906, 74876, 28639, 44217, 7263, 11420, 12418, 75629, 41103, 50607, 39953, 40834, 39166, 25134, 16569, 12353, 14898, 21201, 7515, 1978, 3078, 18, 6, 13, 9, 6, 10, 5, 1]","[-11.77, -11.7647, -11.7899, -11.7577, -11.7732, -11.7172, -11.7406, -11.665, -11.6758, -11.67, -11.7837, -11.7286, -11.7435, -11.721, -11.7154, -11.7096, -11.6578, -11.5931, -11.5235, -11.5121, -11.5413, -11.2895, -10.9385, -10.9051, -9.305, -8.2385, -8.1559, -7.5561, -6.8134, -7.2209, -5.9163, -1.3773]",21208,attack
MBW_037_W6,planning_suite,W6,meta-llama/Llama-3.1-8B-Instruct,31,32,"[0.9999, 0.9999, 0.9999, 0.9998, 0.9998, 0.9998, 0.9998, 0.9996, 0.9994, 0.9992, 0.9992, 0.999, 0.9986, 0.9976, 0.9979, 0.997, 0.9971, 0.9965, 0.9967, 0.9965, 0.9963, 0.9961, 0.9957, 0.9962, 0.9964, 0.9963, 0.9962, 0.9957, 0.9958, 0.9954, 0.9949, 0.9959]","[97921, 74514, 113044, 57376, 73264, 27973, 40860, 6747, 11293, 11703, 72225, 40216, 46538, 37147, 39743, 37835, 29531, 22508, 13591, 15471, 19917, 8353, 3092, 4984, 21, 8, 17, 9, 8, 11, 6, 1]","[-11.7697, -11.7651, -11.7913, -11.758, -11.7716, -11.7156, -11.7367, -11.6612, -11.6751, -11.6669, -11.7783, -11.7273, -11.7364, -11.7153, -11.7129, -11.7061, -11.6743, -11.6259, -11.5369, -11.5192, -11.5322, -11.3067, -11.0122, -11.0009, -9.4132, -8.3723, -8.278, -7.7112, -6.9616, -7.4042, -6.174, -1.6338]",21208,attack
MBW_10_W6,planning_suite,W6,meta-llama/Llama-3.1-8B-Instruct,31,32,"[1.0, 1.0, 1.0, 1.0, 1.0, 1.0, 1.0, 1.0, 1.0, 1.0, 1.0, 1.0, 1.0, 1.0, 1.0, 1.0, 1.0, 1.0, 1.0, 1.0, 1.0, 1.0, 1.0, 1.0, 1.0, 1.0, 1.0, 1.0, 1.0, 1.0, 1.0, 1.0]","[97327, 79340, 114640, 65422, 71558, 28129, 43857, 7028, 12729, 13892, 68927, 34976, 43407, 25899, 29055, 27512, 22290, 19655, 12995, 15494, 19450, 7934, 2905, 3580, 19, 7, 14, 7, 7, 14, 6, 1]","[-11.7695, -11.7667, -11.793, -11.7633, -11.77, -11.716, -11.7407, -11.662, -11.6811, -11.6752, -11.7733, -11.7173, -11.7305, -11.6889, -11.6851, -11.676, -11.6477, -11.6078, -11.5239, -11.5067, -11.5222, -11.2816, -10.9762, -10.9039, -9.2749, -8.1612, -8.0937, -7.4067, -6.631, -7.3974, -6.1664, -1.7531]",21208,attack
MBW_100_W6,planning_suite,W6,meta-llama/Llama-3.1-8B-Instruct,31,32,"[1.0, 1.0, 1.0, 1.0, 1.0, 1.0, 1.0, 1.0, 1.0, 1.0, 1.0, 1.0, 1.0, 1.0, 1.0, 1.0, 1.0, 1.0, 1.0, 1.0, 1.0, 1.0, 1.0, 1.0, 1.0, 1.0, 1.0, 1.0, 1.0, 1.0, 1.0, 1.0]","[97054, 80028, 115070, 67919, 70152, 25530, 40210, 6930, 13244, 12151, 69656, 32737, 38509, 28295, 34102, 33427, 20581, 18385, 10907, 14510, 18466, 7726, 4221, 6113, 25, 8, 19, 9, 9, 11, 6, 1]","[-11.7694, -11.7669, -11.7932, -11.765, -11.7686, -11.7109, -11.7362, -11.6621, -11.6826, -11.67, -11.774, -11.7137, -11.7224, -11.6945, -11.6976, -11.6935, -11.64, -11.6019, -11.5097, -11.5067, -11.5182, -11.2941, -11.0693, -11.0516, -9.501, -8.4441, -8.3423, -7.7525, -7.0182, -7.3861, -6.1326, -1.6215]",21208,attack
MBW_127_W6,planning_suite,W6,meta-llama/Llama-3.1-8B-Instruct,31,32,"[1.0, 1.0, 1.0, 1.0, 1.0, 1.0, 1.0, 1.0, 1.0, 1.0, 1.0, 1.0, 1.0, 1.0, 1.0, 1.0, 1.0, 1.0, 1.0, 1.0, 1.0, 1.0, 1.0, 1.0, 1.0, 1.0, 1.0, 1.0, 1.0, 1.0, 1.0, 1.0]","[95934, 78854, 114493, 66196, 70935, 27734, 43845, 7543, 13030, 13870, 71072, 36321, 44821, 26362, 30729, 27106, 20196, 16534, 10504, 13285, 17619, 7891, 3365, 4301, 26, 8, 17, 8, 7, 15, 6, 1]","[-11.7691, -11.7665, -11.7928, -11.7639, -11.7694, -11.7153, -11.7406, -11.665, -11.6822, -11.6754, -11.7765, -11.7202, -11.7333, -11.6902, -11.6897, -11.6744, -11.6386, -11.5894, -11.5021, -11.4884, -11.5069, -11.2834, -10.9994, -10.9398, -9.3498, -8.265, -8.1768, -7.5639, -6.8421, -7.41, -6.1959, -1.7877]",21208,attack
MBW_185_W6,planning_suite,W6,meta-llama/Llama-3.1-8B-Instruct,31,32,"[1.0, 1.0, 1.0, 1.0, 1.0, 1.0, 1.0, 1.0, 1.0, 1.0, 1.0, 1.0, 1.0, 1.0, 1.0, 1.0, 1.0, 1.0, 1.0, 1.0, 1.0, 1.0, 1.0, 1.0, 1.0, 1.0, 1.0, 1.0, 1.0, 1.0, 1.0, 1.0]","[94633, 79111, 114948, 65672, 71639, 30174, 44983, 5670, 13344, 12604, 63927, 32433, 41721, 25938, 24632, 21753, 15646, 16197, 11030, 15756, 21661, 10052, 4050, 4746, 21, 7, 16, 8, 8, 15, 9, 1]","[-11.7687, -11.7666, -11.7931, -11.7635, -11.7702, -11.7192, -11.7413, -11.6537, -11.6813, -11.6713, -11.765, -11.7126, -11.7273, -11.6884, -11.6699, -11.6551, -11.6161, -11.5881, -11.5082, -11.5135, -11.5428, -11.3257, -11.0385, -10.9702, -9.3671, -8.2719, -8.2191, -7.6041, -6.9681, -7.4943, -6.3243, -1.934]",21208,attack
MBW_495_W6,planning_suite,W6,meta-llama/Llama-3.1-8B-Instruct,30,32,"[0.9999, 0.9998, 0.9998, 0.9997, 0.9997, 0.9998, 0.9997, 0.9996, 0.9991, 0.9989, 0.9986, 0.9984, 0.9981, 0.9968, 0.9973, 0.9943, 0.9945, 0.9944, 0.995, 0.9948, 0.995, 0.9948, 0.9947, 0.9953, 0.9955, 0.9954, 0.9955, 0.9953, 0.9951, 0.9946, 0.9939, 0.9954]","[96566, 73580, 112557, 53921, 73687, 29265, 41815, 6680, 10580, 12492, 71657, 41373, 57891, 43830, 39421, 32747, 25785, 18216, 12871, 15075, 21597, 8972, 3049, 4718, 21, 8, 16, 10, 9, 12, 5, 1]","[-11.7693, -11.7648, -11.7909, -11.7557, -11.772, -11.718, -11.7379, -11.6607, -11.6734, -11.6694, -11.7775, -11.729, -11.7557, -11.7285, -11.712, -11.6913, -11.661, -11.6037, -11.5291, -11.5139, -11.5466, -11.3194, -11.0013, -10.9792, -9.3532, -8.2801, -8.2399, -7.6663, -6.9121, -7.363, -6.1005, -1.586]",21208,attack
BW_496_W6,planning_suite,W6,meta-llama/Llama-3.1-8B-Instruct,30,32,"[0.9998, 0.9994, 0.9992, 0.9989, 0.9986, 0.9987, 0.9984, 0.9977, 0.9964, 0.9965, 0.9962, 0.996, 0.9957, 0.9942, 0.9944, 0.9904, 0.9906, 0.9889, 0.992, 0.9916, 0.9918, 0.9925, 0.9925, 0.9932, 0.994, 0.9934, 0.9935, 0.9915, 0.9918, 0.9913, 0.9913, 0.992]","[118917, 89832, 100435, 71292, 35750, 55025, 92046, 51203, 55436, 41559, 65536, 99392, 107441, 91539, 108675, 27846, 35100, 12011, 14285, 21664, 19063, 14254, 2656, 5001, 8681, 45, 19, 14, 9, 8, 5, 1]","[-11.7781, -11.7704, -11.7818, -11.7675, -11.7352, -11.7528, -11.7987, -11.7477, -11.7532, -11.7321, -11.7675, -11.8259, -11.8497, -11.8205, -11.8846, -11.6781, -11.6925, -11.5678, -11.5398, -11.5558, -11.5186, -11.3841, -10.9717, -10.9883, -11.0351, -9.5363, -8.4122, -7.8556, -7.0952, -6.3362, -5.3735, -1.3096]",30345,pick
BW_497_W6,planning_suite,W6,meta-llama/Llama-3.1-8B-Instruct,30,32,"[0.9997, 0.9994, 0.9994, 0.9986, 0.9989, 0.9988, 0.9986, 0.9983, 0.9976, 0.9977, 0.9975, 0.9972, 0.9974, 0.9966, 0.9969, 0.9953, 0.9952, 0.9955, 0.9963, 0.9962, 0.9963, 0.9967, 0.9965, 0.9969, 0.9972, 0.9971, 0.9967, 0.9961, 0.9952, 0.995, 0.9949, 0.9945]","[120266, 91144, 100638, 64985, 37200, 58494, 93032, 49575, 58152, 44407, 76515, 103377, 107744, 89332, 103298, 20087, 23514, 9311, 13043, 17591, 16183, 10614, 2558, 4762, 8970, 70, 26, 16, 10, 9, 4, 1]","[-11.7788, -11.7708, -11.7816, -11.7631, -11.7371, -11.7571, -11.7992, -11.7462, -11.7567, -11.7366, -11.7853, -11.8346, -11.8497, -11.8157, -11.8659, -11.6495, -11.652, -11.5415, -11.525, -11.5245, -11.4919, -11.3345, -10.9704, -10.9804, -11.0455, -9.712, -8.6673, -8.1104, -7.1355, -6.3692, -5.3887, -1.2685]",30345,pick
BW_498_W6,planning_suite,W6,meta-llama/Llama-3.1-8B-Instruct,30,32,"[0.9998, 0.9996, 0.9994, 0.9988, 0.9991, 0.9989, 0.9988, 0.9985, 0.9982, 0.9983, 0.998, 0.9977, 0.9968, 0.9943, 0.9939, 0.9908, 0.9914, 0.9894, 0.9913, 0.9912, 0.9913, 0.9927, 0.993, 0.9939, 0.9947, 0.9948, 0.9954, 0.995, 0.9953, 0.9951, 0.9949, 0.9958]","[119084, 89529, 100450, 65540, 36909, 55859, 91653, 47817, 46192, 35840, 61042, 95608, 108303, 97959, 102541, 26796, 33038, 16284, 17141, 21586, 18230, 14269, 3483, 6537, 10267, 57, 20, 15, 11, 9, 5, 1]","[-11.7781, -11.7703, -11.7817, -11.7635, -11.7366, -11.7538, -11.7981, -11.7435, -11.741, -11.7228, -11.7605, -11.817, -11.851, -11.8348, -11.8633, -11.6751, -11.6868, -11.6002, -11.5681, -11.5615, -11.5189, -11.3919, -11.0366, -11.0639, -11.0922, -9.6617, -8.6022, -8.0506, -7.2069, -6.4565, -5.4565, -1.2917]",30345,pick
BW_499_W6,planning_suite,W6,meta-llama/Llama-3.1-8B-Instruct,30,32,"[0.9998, 0.9996, 0.9994, 0.9989, 0.999, 0.9989, 0.9989, 0.9987, 0.9985, 0.9986, 0.9984, 0.9982, 0.9977, 0.996, 0.9962, 0.9936, 0.9942, 0.994, 0.9954, 0.9957, 0.9958, 0.996, 0.9963, 0.9966, 0.9971, 0.9972, 0.9975, 0.9974, 0.9975, 0.9976, 0.9972, 0.9976]","[120138, 92034, 98642, 59222, 34790, 57009, 87119, 43706, 55403, 41892, 71881, 101761, 107886, 88139, 101293, 21083, 32354, 14438, 17986, 22720, 22596, 16464, 4755, 7546, 12612, 106, 25, 15, 12, 9, 4, 1]","[-11.7787, -11.7711, -11.7803, -11.7593, -11.734, -11.7553, -11.7916, -11.7387, -11.7533, -11.7328, -11.7776, -11.8311, -11.8505, -11.8138, -11.8595, -11.6538, -11.6824, -11.5833, -11.5654, -11.5649, -11.5464, -11.4163, -11.0933, -11.0972, -11.156, -9.8644, -8.7196, -8.1466, -7.3216, -6.5698, -5.5916, -1.3725]",30345,pick
BW_500_W6,planning_suite,W6,meta-llama/Llama-3.1-8B-Instruct,30,32,"[0.9999, 0.9997, 0.9994, 0.999, 0.9992, 0.9991, 0.999, 0.9986, 0.9972, 0.9976, 0.9975, 0.9974, 0.9967, 0.995, 0.9945, 0.9909, 0.9917, 0.9878, 0.9916, 0.9924, 0.9917, 0.9925, 0.9932, 0.9939, 0.9944, 0.9942, 0.9948, 0.993, 0.9923, 0.9923, 0.992, 0.993]","[119379, 89212, 100026, 67622, 38849, 56756, 88711, 47741, 49228, 37690, 61644, 100472, 105154, 92996, 101561, 22511, 32225, 14885, 17414, 20828, 19393, 14529, 3452, 6383, 10539, 82, 22, 15, 12, 9, 4, 1]","[-11.7783, -11.7701, -11.7813, -11.7649, -11.7386, -11.7549, -11.7937, -11.7435, -11.7451, -11.7258, -11.7614, -11.8277, -11.8432, -11.8235, -11.8608, -11.6603, -11.684, -11.5885, -11.5645, -11.5522, -11.5225, -11.392, -11.0318, -11.0581, -11.0996, -9.7627, -8.6394, -8.1018, -7.2597, -6.5142, -5.5019, -1.3033]",30345,pick
BW_501_W6,planning_suite,W6,meta-llama/Llama-3.1-8B-Instruct,30,32,"[0.9998, 0.9995, 0.9993, 0.9989, 0.9991, 0.999, 0.9989, 0.9986, 0.9973, 0.9977, 0.9978, 0.9977, 0.9973, 0.9952, 0.9944, 0.9925, 0.9935, 0.9924, 0.9945, 0.9949, 0.9949, 0.9955, 0.9958, 0.9962, 0.9965, 0.9968, 0.9972, 0.9971, 0.9971, 0.9971, 0.9967, 0.9972]","[119299, 88975, 99891, 68121, 38356, 56201, 87914, 46272, 47078, 36818, 60310, 99298, 104035, 93104, 101316, 22454, 30272, 13106, 16365, 19232, 17597, 13138, 2963, 5553, 9406, 79, 21, 15, 12, 9, 4, 1]","[-11.7782, -11.7701, -11.7812, -11.7652, -11.738, -11.7542, -11.7926, -11.7415, -11.7423, -11.7243, -11.7594, -11.8254, -11.8408, -11.8242, -11.86, -11.6599, -11.6779, -11.5762, -11.5568, -11.5398, -11.5081, -11.3726, -10.9997, -11.022, -11.063, -9.7414, -8.6037, -8.0808, -7.2427, -6.4889, -5.4942, -1.3262]",30345,pick
BW_502_W6,planning_suite,W6,meta-llama/Llama-3.1-8B-Instruct,30,32,"[0.9996, 0.999, 0.9988, 0.9982, 0.9985, 0.9987, 0.9987, 0.9984, 0.9977, 0.9977, 0.9975, 0.9976, 0.9974, 0.9958, 0.9963, 0.9939, 0.9933, 0.9938, 0.9951, 0.9954, 0.9958, 0.9962, 0.9963, 0.9966, 0.9971, 0.9971, 0.9967, 0.9961, 0.9948, 0.9948, 0.9947, 0.9937]","[120122, 90813, 99345, 62702, 36476, 58876, 89813, 48071, 59267, 46177, 75211, 104706, 105502, 84619, 101497, 24370, 35422, 14069, 15678, 20601, 20017, 13745, 3071, 5605, 9975, 80, 24, 15, 11, 9, 4, 1]","[-11.7787, -11.7707, -11.7808, -11.7616, -11.7363, -11.7576, -11.7949, -11.7441, -11.7582, -11.7394, -11.7832, -11.8375, -11.8448, -11.8062, -11.861, -11.666, -11.6927, -11.5812, -11.5509, -11.5518, -11.531, -11.3882, -11.0152, -11.0272, -11.0847, -9.7791, -8.6915, -8.1369, -7.2705, -6.4955, -5.5223, -1.3801]",30345,pick
BW_503_W6,planning_suite,W6,meta-llama/Llama-3.1-8B-Instruct,30,32,"[0.9998, 0.9995, 0.9994, 0.999, 0.9993, 0.9992, 0.9992, 0.999, 0.998, 0.9981, 0.9974, 0.9974, 0.9971, 0.9945, 0.9917, 0.9886, 0.9883, 0.9882, 0.9874, 0.9879, 0.9867, 0.9876, 0.9884, 0.9895, 0.991, 0.9909, 0.992, 0.9917, 0.9925, 0.9926, 0.9926, 0.9945]","[119187, 90789, 99765, 71806, 36776, 57153, 92700, 54042, 48738, 38941, 68529, 100057, 107187, 90451, 104756, 29940, 38518, 12243, 15014, 21722, 18041, 12017, 1855, 3916, 7283, 44, 19, 15, 11, 8, 5, 1]","[-11.7783, -11.7708, -11.7812, -11.7679, -11.7361, -11.7554, -11.7997, -11.7512, -11.7445, -11.728, -11.7721, -11.8265, -11.8488, -11.8181, -11.8704, -11.6851, -11.7029, -11.5714, -11.5514, -11.559, -11.514, -11.3534, -10.9048, -10.9302, -10.9788, -9.4903, -8.3976, -7.8538, -7.0535, -6.2868, -5.3113, -1.2514]",30345,pick
BW_504_W6,planning_suite,W6,meta-llama/Llama-3.1-8B-Instruct,30,32,"[0.9998, 0.9996, 0.9992, 0.9989, 0.9991, 0.9992, 0.9991, 0.999, 0.9987, 0.9986, 0.9984, 0.9983, 0.9979, 0.9965, 0.9959, 0.9942, 0.9941, 0.9905, 0.9932, 0.9933, 0.993, 0.9933, 0.9932, 0.9934, 0.9939, 0.9939, 0.9939, 0.9928, 0.9919, 0.9916, 0.9917, 0.9925]","[119379, 90989, 99260, 65989, 38225, 57223, 89937, 44957, 51125, 38125, 65629, 98034, 104437, 91327, 97877, 20814, 32824, 18574, 22749, 26730, 25773, 18318, 5831, 8921, 14556, 152, 30, 17, 13, 12, 5, 1]","[-11.7783, -11.7708, -11.7809, -11.7638, -11.7379, -11.7555, -11.7951, -11.7404, -11.7477, -11.7266, -11.7676, -11.8224, -11.8407, -11.8198, -11.8489, -11.6547, -11.6851, -11.6107, -11.6001, -11.5979, -11.5759, -11.4504, -11.1582, -11.1605, -11.2185, -10.0579, -9.042, -8.4937, -7.6251, -6.9528, -6.038, -1.7748]",30345,pick
BW_505_W6,planning_suite,W6,meta-llama/Llama-3.1-8B-Instruct,30,32,"[0.9998, 0.9995, 0.9994, 0.9989, 0.9988, 0.9988, 0.9988, 0.9986, 0.9982, 0.998, 0.9979, 0.998, 0.9976, 0.9956, 0.9959, 0.9932, 0.9936, 0.9929, 0.994, 0.9937, 0.9939, 0.9939, 0.9936, 0.9941, 0.9946, 0.9944, 0.9942, 0.993, 0.9927, 0.9926, 0.9929, 0.9937]","[120043, 91862, 98608, 58618, 35138, 57906, 87267, 43307, 54623, 41914, 70902, 100479, 106783, 89075, 103795, 22428, 35691, 15396, 19098, 22573, 22081, 15411, 4148, 7092, 11696, 111, 27, 15, 12, 9, 4, 1]","[-11.7787, -11.7711, -11.7803, -11.7589, -11.7344, -11.7564, -11.7917, -11.7382, -11.7522, -11.7328, -11.776, -11.8281, -11.8473, -11.8155, -11.8669, -11.6588, -11.6936, -11.5905, -11.5742, -11.5654, -11.5443, -11.4049, -11.0676, -11.0811, -11.1296, -9.8736, -8.7569, -8.2013, -7.333, -6.5597, -5.5581, -1.4055]",30345,pick
BW_506_W6,planning_suite,W6,meta-llama/Llama-3.1-8B-Instruct,30,32,"[0.9997, 0.9995, 0.9994, 0.9987, 0.999, 0.9988, 0.9987, 0.9984, 0.9977, 0.9979, 0.9978, 0.9976, 0.9974, 0.9963, 0.9963, 0.9924, 0.9923, 0.9921, 0.9932, 0.9926, 0.9929, 0.9932, 0.9926, 0.993, 0.9936, 0.9935, 0.9929, 0.9915, 0.9902, 0.9899, 0.9905, 0.99]","[120269, 90669, 100209, 64273, 37327, 58347, 92878, 50503, 59431, 45052, 76018, 102836, 106627, 84382, 101169, 23333, 27807, 10658, 12922, 19787, 17393, 10611, 2164, 4033, 7980, 53, 23, 16, 10, 8, 4, 1]","[-11.7788, -11.7706, -11.7813, -11.7626, -11.7372, -11.757, -11.7991, -11.7473, -11.7583, -11.7376, -11.7845, -11.8334, -11.8469, -11.8056, -11.8586, -11.6623, -11.6688, -11.5529, -11.5221, -11.5359, -11.4999, -11.329, -10.9262, -10.9345, -11.0029, -9.5993, -8.578, -8.0163, -7.0124, -6.2513, -5.2909, -1.2281]",30345,pick
BW_507_W6,planning_suite,W6,meta-llama/Llama-3.1-8B-Instruct,30,32,"[0.9997, 0.9994, 0.9994, 0.9987, 0.999, 0.9989, 0.9988, 0.9984, 0.9977, 0.9979, 0.9977, 0.9975, 0.9974, 0.9962, 0.9964, 0.995, 0.9948, 0.9951, 0.9962, 0.9961, 0.9963, 0.9966, 0.9966, 0.997, 0.9973, 0.9972, 0.997, 0.9964, 0.9958, 0.9957, 0.9953, 0.9952]","[120137, 90393, 100781, 64817, 36969, 58137, 93926, 50752, 59500, 44331, 77468, 105631, 108551, 87178, 101336, 18111, 21558, 8371, 12321, 16685, 15505, 9892, 2176, 4168, 8157, 61, 21, 15, 10, 6, 4, 1]","[-11.7787, -11.7705, -11.7817, -11.763, -11.7368, -11.7567, -11.8004, -11.7476, -11.7584, -11.7366, -11.7869, -11.8403, -11.8519, -11.811, -11.8595, -11.6413, -11.6439, -11.5331, -11.5194, -11.517, -11.486, -11.3227, -10.9413, -10.9532, -11.0209, -9.6858, -8.5784, -8.0196, -7.0467, -6.2684, -5.2932, -1.2342]",30345,pick
BW_508_W6,planning_suite,W6,meta-llama/Llama-3.1-8B-Instruct,30,32,"[0.9998, 0.9995, 0.9994, 0.9989, 0.9988, 0.9987, 0.9988, 0.9986, 0.9983, 0.9981, 0.9982, 0.9982, 0.9978, 0.9957, 0.9958, 0.9928, 0.9927, 0.9933, 0.9942, 0.9942, 0.9943, 0.9946, 0.9943, 0.9947, 0.9952, 0.9949, 0.9949, 0.994, 0.9937, 0.9935, 0.9937, 0.9943]","[120101, 91873, 98583, 58990, 35019, 56562, 87446, 44360, 57047, 42427, 72457, 102223, 107846, 88117, 101604, 21308, 35408, 15185, 19246, 23775, 23495, 15951, 3971, 6712, 11267, 125, 29, 16, 13, 9, 4, 1]","[-11.7787, -11.7711, -11.7803, -11.7592, -11.7342, -11.7547, -11.792, -11.7396, -11.7554, -11.7336, -11.7786, -11.832, -11.8505, -11.8136, -11.8605, -11.6544, -11.6925, -11.5889, -11.5757, -11.5734, -11.5558, -11.4139, -11.0601, -11.0696, -11.1187, -9.9031, -8.8251, -8.2705, -7.3423, -6.6058, -5.6002, -1.3909]",30345,pick
BW_509_W6,planning_suite,W6,meta-llama/Llama-3.1-8B-Instruct,30,32,"[0.9997, 0.9994, 0.9993, 0.9988, 0.9987, 0.9987, 0.9988, 0.9985, 0.998, 0.9978, 0.9978, 0.9978, 0.9973, 0.9956, 0.9958, 0.9897, 0.9904, 0.9912, 0.9925, 0.9927, 0.9928, 0.9931, 0.9931, 0.9937, 0.9942, 0.9941, 0.9943, 0.9932, 0.9936, 0.9936, 0.994, 0.9947]","[119988, 91313, 98489, 58304, 35159, 57170, 86806, 43962, 54285, 42257, 70709, 100660, 105685, 85665, 101956, 21724, 37479, 15271, 18875, 24569, 23532, 15979, 4449, 7368, 12196, 109, 28, 16, 13, 9, 4, 1]","[-11.7786, -11.7709, -11.7802, -11.7587, -11.7344, -11.7555, -11.7911, -11.7391, -11.7518, -11.7333, -11.7757, -11.8287, -11.8451, -11.8089, -11.8618, -11.6564, -11.6989, -11.589, -11.5729, -11.5777, -11.5545, -11.4125, -11.0807, -11.0916, -11.143, -9.8645, -8.8259, -8.2626, -7.3285, -6.5845, -5.5829, -1.3564]",30345,pick
BW_510_W6,planning_suite,W6,meta-llama/Llama-3.1-8B-Instruct,30,32,"[0.9997, 0.9995, 0.9991, 0.9988, 0.999, 0.9992, 0.9991, 0.9989, 0.9985, 0.9984, 0.9981, 0.998, 0.9973, 0.9938, 0.9928, 0.9882, 0.988, 0.9852, 0.9875, 0.9884, 0.9887, 0.9898, 0.9904, 0.9912, 0.9924, 0.9927, 0.9932, 0.9925, 0.9915, 0.9911, 0.9912, 0.992]","[119473, 91008, 99075, 64842, 37529, 57214, 90178, 46040, 51784, 37526, 65637, 98584, 104150, 90346, 96084, 19564, 33657, 17354, 22947, 27738, 26576, 18428, 5168, 8069, 13376, 162, 31, 18, 13, 12, 5, 1]","[-11.7783, -11.7708, -11.7807, -11.763, -11.7372, -11.7555, -11.7956, -11.7413, -11.7485, -11.7255, -11.7676, -11.8235, -11.8403, -11.8178, -11.8445, -11.6493, -11.6872, -11.6035, -11.6019, -11.6042, -11.5817, -11.4512, -11.131, -11.1326, -11.1865, -10.0566, -9.0626, -8.5398, -7.6113, -6.9351, -6.0332, -1.7762]",30345,pick
BW_511_W6,planning_suite,W6,meta-llama/Llama-3.1-8B-Instruct,30,32,"[0.9996, 0.999, 0.9988, 0.9984, 0.9986, 0.9987, 0.9987, 0.9985, 0.9978, 0.9977, 0.9976, 0.9976, 0.9971, 0.9948, 0.9951, 0.9898, 0.9887, 0.9902, 0.9918, 0.9922, 0.9928, 0.9935, 0.9937, 0.9941, 0.9948, 0.9947, 0.9942, 0.993, 0.9918, 0.9916, 0.9916, 0.9915]","[120089, 90281, 99345, 62302, 37155, 59124, 90153, 48424, 58977, 46994, 75953, 104138, 105134, 82590, 101813, 26334, 37681, 15091, 16596, 22803, 20865, 14129, 3380, 6065, 10656, 78, 25, 16, 11, 9, 4, 1]","[-11.7787, -11.7706, -11.7808, -11.7613, -11.7371, -11.7579, -11.7953, -11.7445, -11.7578, -11.7406, -11.7845, -11.8364, -11.844, -11.8022, -11.8618, -11.6728, -11.6995, -11.5873, -11.5573, -11.5644, -11.5356, -11.3915, -11.0309, -11.0439, -11.1015, -9.7425, -8.7077, -8.1481, -7.1869, -6.4258, -5.4894, -1.3287]",30345,pick
BW_512_W6,planning_suite,W6,meta-llama/Llama-3.1-8B-Instruct,30,32,"[0.9996, 0.9992, 0.9992, 0.9989, 0.9989, 0.9988, 0.9984, 0.9982, 0.9971, 0.9973, 0.997, 0.9969, 0.9962, 0.9907, 0.9909, 0.9863, 0.9872, 0.989, 0.9904, 0.9907, 0.9911, 0.9917, 0.9924, 0.9928, 0.9934, 0.9933, 0.9932, 0.992, 0.9924, 0.9922, 0.9927, 0.9947]","[119687, 92793, 99058, 65062, 37541, 55200, 88468, 47529, 52802, 40500, 68281, 100692, 107116, 94841, 99683, 21976, 37620, 18270, 20247, 24129, 23745, 16722, 4968, 7996, 13258, 175, 31, 18, 13, 12, 5, 1]","[-11.7785, -11.7715, -11.7807, -11.7632, -11.7372, -11.7531, -11.7931, -11.7432, -11.7498, -11.7306, -11.7719, -11.8283, -11.8482, -11.8282, -11.8549, -11.6577, -11.699, -11.6077, -11.5829, -11.5778, -11.5585, -11.4258, -11.1138, -11.1195, -11.1772, -10.039, -8.9634, -8.4291, -7.5184, -6.8114, -5.8417, -1.5541]",30345,pick
BW_513_W6,planning_suite,W6,meta-llama/Llama-3.1-8B-Instruct,30,32,"[0.9998, 0.9995, 0.9992, 0.9989, 0.9991, 0.9993, 0.9991, 0.9988, 0.9983, 0.9981, 0.9977, 0.9974, 0.9972, 0.9951, 0.9947, 0.9933, 0.9941, 0.9936, 0.9949, 0.9952, 0.9952, 0.9956, 0.9958, 0.9961, 0.9964, 0.9964, 0.9963, 0.9957, 0.9954, 0.9951, 0.995, 0.9959]","[119453, 91176, 99151, 65182, 37321, 57104, 90180, 47327, 51203, 38752, 63671, 97273, 104327, 90884, 97440, 19880, 28879, 14088, 20068, 23576, 23422, 16891, 5392, 8650, 14270, 135, 28, 17, 13, 12, 5, 1]","[-11.7783, -11.7709, -11.7808, -11.7633, -11.737, -11.7554, -11.7954, -11.743, -11.7478, -11.7275, -11.7645, -11.8211, -11.8414, -11.8192, -11.8483, -11.6506, -11.6732, -11.583, -11.5808, -11.5742, -11.5557, -11.4281, -11.1334, -11.1444, -11.2065, -9.9939, -8.9358, -8.394, -7.5369, -6.8556, -5.9262, -1.6935]",30345,pick
BW_514_W6,planning_suite,W6,meta-llama/Llama-3.1-8B-Instruct,30,32,"[0.9997, 0.9994, 0.9993, 0.999, 0.999, 0.9988, 0.9983, 0.9981, 0.9975, 0.998, 0.9978, 0.9975, 0.9969, 0.9946, 0.9943, 0.9911, 0.9924, 0.9902, 0.9933, 0.9939, 0.9941, 0.9946, 0.9952, 0.9957, 0.9961, 0.996, 0.9963, 0.9956, 0.9959, 0.9957, 0.9956, 0.9968]","[119605, 92455, 99024, 64311, 37308, 54815, 86908, 46967, 51729, 39994, 68115, 100723, 107908, 95102, 100377, 20715, 36842, 19673, 21961, 24875, 25287, 18170, 5578, 8735, 14413, 172, 31, 18, 13, 12, 5, 1]","[-11.7784, -11.7714, -11.7807, -11.7627, -11.7369, -11.7526, -11.791, -11.7425, -11.7484, -11.7298, -11.7716, -11.8282, -11.8499, -11.8285, -11.8568, -11.653, -11.6967, -11.6145, -11.592, -11.5831, -11.5692, -11.446, -11.1431, -11.1444, -11.2074, -10.0568, -8.992, -8.4389, -7.5665, -6.8677, -5.9185, -1.638]",30345,pick
BW_515_W6,planning_suite,W6,meta-llama/Llama-3.1-8B-Instruct,30,32,"[0.9997, 0.9993, 0.9992, 0.9988, 0.9989, 0.9988, 0.9984, 0.9983, 0.9974, 0.9976, 0.9969, 0.9967, 0.9964, 0.9936, 0.9941, 0.992, 0.9932, 0.9931, 0.9945, 0.9946, 0.9947, 0.9952, 0.9959, 0.9962, 0.9965, 0.9965, 0.9967, 0.9963, 0.9965, 0.9963, 0.996, 0.9969]","[119650, 92052, 99184, 64925, 37883, 54345, 87867, 47698, 52825, 40393, 68642, 102089, 110780, 96276, 99218, 20266, 31933, 14832, 18320, 20653, 20992, 16102, 5578, 8516, 14125, 194, 30, 19, 14, 12, 5, 1]","[-11.7784, -11.7712, -11.7807, -11.7631, -11.7375, -11.752, -11.7924, -11.7434, -11.7497, -11.7302, -11.7725, -11.8321, -11.859, -11.8316, -11.853, -11.6514, -11.6816, -11.5879, -11.5707, -11.5544, -11.5371, -11.4191, -11.1411, -11.1386, -11.2036, -10.0956, -9.0324, -8.5153, -7.6362, -6.9413, -6.0275, -1.7636]",30345,pick
BW_E_001_W6,planning_suite,W6,meta-llama/Llama-3.1-8B-Instruct,30,32,"[0.9996, 0.9994, 0.9993, 0.9991, 0.9991, 0.9989, 0.9985, 0.9983, 0.9974, 0.9976, 0.9974, 0.9972, 0.9968, 0.995, 0.9947, 0.9933, 0.9938, 0.9946, 0.9953, 0.9954, 0.9956, 0.9957, 0.9959, 0.9963, 0.9967, 0.9966, 0.9968, 0.9962, 0.9963, 0.9962, 0.9964, 0.9971]","[119536, 92650, 98991, 65102, 37437, 54672, 87859, 47376, 52836, 39747, 67896, 101243, 107459, 93259, 101147, 25160, 40821, 19107, 21316, 25186, 25703, 17798, 4892, 7930, 13485, 149, 28, 18, 13, 12, 5, 1]","[-11.7784, -11.7714, -11.7806, -11.7632, -11.737, -11.7524, -11.7923, -11.743, -11.7498, -11.7293, -11.7713, -11.8295, -11.8492, -11.8244, -11.8595, -11.669, -11.7084, -11.6123, -11.5899, -11.5861, -11.5744, -11.4428, -11.1214, -11.1259, -11.1883, -10.0237, -8.9469, -8.4127, -7.5593, -6.8521, -5.8708, -1.6056]",30345,pick
BW_E_002_W6,planning_suite,W6,meta-llama/Llama-3.1-8B-Instruct,30,32,"[0.9996, 0.999, 0.9988, 0.9984, 0.9987, 0.9988, 0.9986, 0.9984, 0.9977, 0.9975, 0.9975, 0.9977, 0.9974, 0.9952, 0.9959, 0.9924, 0.9921, 0.9909, 0.9934, 0.9934, 0.9937, 0.994, 0.9942, 0.9947, 0.9951, 0.9948, 0.9942, 0.9919, 0.9904, 0.9897, 0.9897, 0.9897]","[120051, 90583, 100400, 64173, 37439, 59411, 89990, 49107, 60354, 46072, 74417, 104352, 107934, 85080, 99883, 18044, 26851, 10407, 13508, 17745, 17633, 12720, 3119, 5609, 10219, 80, 23, 15, 12, 9, 5, 1]","[-11.7786, -11.7707, -11.7815, -11.7626, -11.7374, -11.7583, -11.7951, -11.7454, -11.7595, -11.7392, -11.782, -11.8373, -11.8515, -11.8074, -11.8556, -11.6416, -11.6653, -11.5518, -11.5307, -11.5265, -11.5072, -11.3697, -11.0133, -11.0267, -11.0918, -9.767, -8.6576, -8.0932, -7.2486, -6.5054, -5.5769, -1.3673]",30345,pick
BW_E_003_W6,planning_suite,W6,meta-llama/Llama-3.1-8B-Instruct,30,32,"[0.9997, 0.9994, 0.9994, 0.9989, 0.9989, 0.9987, 0.9988, 0.9985, 0.9981, 0.9979, 0.998, 0.9979, 0.9975, 0.9953, 0.9955, 0.9896, 0.9905, 0.9913, 0.9925, 0.9926, 0.9928, 0.9933, 0.9936, 0.9941, 0.9946, 0.9945, 0.9948, 0.9938, 0.9942, 0.9942, 0.9943, 0.9951]","[120069, 92088, 98745, 59197, 35190, 57631, 87547, 44538, 55194, 42570, 73088, 102635, 106953, 88607, 104979, 23868, 37667, 17538, 20282, 25066, 23432, 15960, 4410, 7314, 12131, 110, 27, 16, 12, 9, 4, 1]","[-11.7787, -11.7712, -11.7804, -11.7593, -11.7344, -11.7561, -11.792, -11.7398, -11.753, -11.7339, -11.7795, -11.8332, -11.8479, -11.8151, -11.8715, -11.6644, -11.6995, -11.6019, -11.5812, -11.5803, -11.5526, -11.4109, -11.0806, -11.0891, -11.1406, -9.865, -8.8235, -8.2592, -7.3157, -6.5745, -5.5873, -1.3622]",30345,pick
BW_E_004_W6,planning_suite,W6,meta-llama/Llama-3.1-8B-Instruct,30,32,"[0.9998, 0.9995, 0.9993, 0.999, 0.9991, 0.999, 0.9989, 0.9986, 0.9973, 0.9979, 0.9979, 0.9977, 0.9972, 0.9951, 0.9931, 0.9915, 0.9923, 0.9927, 0.9948, 0.995, 0.9951, 0.9956, 0.9959, 0.9965, 0.9969, 0.9969, 0.9972, 0.997, 0.9971, 0.997, 0.997, 0.9976]","[119305, 88747, 99683, 67099, 38076, 56281, 89250, 46470, 48293, 37344, 60052, 100383, 106684, 90006, 102480, 20934, 27357, 9464, 13070, 18459, 17587, 13975, 3830, 6606, 10986, 72, 21, 15, 12, 9, 5, 1]","[-11.7782, -11.77, -11.7811, -11.7646, -11.7377, -11.7543, -11.7943, -11.7419, -11.7439, -11.7253, -11.7591, -11.8277, -11.8471, -11.8171, -11.8642, -11.654, -11.668, -11.5481, -11.5307, -11.5348, -11.5067, -11.3829, -11.0504, -11.0659, -11.1127, -9.7205, -8.5765, -8.0349, -7.248, -6.4959, -5.5045, -1.3241]",30345,pick
BW_E_005_W6,planning_suite,W6,meta-llama/Llama-3.1-8B-Instruct,30,32,"[0.9998, 0.9995, 0.9995, 0.9988, 0.9988, 0.9987, 0.9988, 0.9986, 0.9981, 0.9981, 0.9981, 0.998, 0.9976, 0.9957, 0.9959, 0.9936, 0.9941, 0.9949, 0.9956, 0.9953, 0.9954, 0.9955, 0.9953, 0.9958, 0.9961, 0.996, 0.996, 0.995, 0.9947, 0.9947, 0.9947, 0.9952]","[120120, 91890, 98903, 58872, 35274, 57036, 86994, 44322, 55213, 41338, 70633, 101801, 106962, 88124, 101948, 20048, 33591, 14576, 18287, 22532, 22666, 15657, 4275, 7325, 12123, 118, 27, 16, 13, 9, 4, 1]","[-11.7787, -11.7711, -11.7805, -11.7591, -11.7345, -11.7553, -11.7914, -11.7395, -11.753, -11.7319, -11.7757, -11.8313, -11.8479, -11.8135, -11.8618, -11.6497, -11.6871, -11.5859, -11.5689, -11.5653, -11.5489, -11.4089, -11.0749, -11.0895, -11.1405, -9.8913, -8.7972, -8.2346, -7.3377, -6.5911, -5.5953, -1.3593]",30345,pick
MBW_496_W6,planning_suite,W6,meta-llama/Llama-3.1-8B-Instruct,30,32,"[0.9913, 0.9835, 0.9838, 0.9853, 0.9901, 0.9896, 0.9897, 0.9899, 0.9866, 0.9868, 0.9856, 0.9842, 0.9824, 0.9696, 0.9673, 0.9518, 0.9463, 0.929, 0.9363, 0.9448, 0.9417, 0.9428, 0.9237, 0.9254, 0.8677, 0.8472, 0.8163, 0.7898, 0.7815, 0.7686, 0.7399, 0.7932]","[118883, 89492, 99666, 64716, 36774, 54954, 91207, 46750, 46581, 35973, 59008, 93988, 106654, 91406, 101294, 23074, 33636, 13044, 14006, 19243, 16080, 11914, 2678, 5240, 9113, 69, 23, 16, 12, 9, 5, 1]","[-11.778, -11.7703, -11.7812, -11.763, -11.7363, -11.7526, -11.7975, -11.7421, -11.7416, -11.7231, -11.7574, -11.8135, -11.8466, -11.8211, -11.8594, -11.6628, -11.6886, -11.5778, -11.5418, -11.5407, -11.4956, -11.3564, -10.98, -11.0084, -11.0533, -9.6641, -8.6347, -8.1191, -7.2253, -6.4707, -5.5207, -1.3383]",30345,pick
MBW_497_W6,planning_suite,W6,meta-llama/Llama-3.1-8B-Instruct,30,32,"[0.9914, 0.9837, 0.9841, 0.9854, 0.9901, 0.9897, 0.9897, 0.9895, 0.9862, 0.9869, 0.9857, 0.9844, 0.9826, 0.9719, 0.9697, 0.9539, 0.9477, 0.93, 0.9363, 0.9436, 0.94, 0.9398, 0.9229, 0.9251, 0.8684, 0.8465, 0.8135, 0.7901, 0.7849, 0.7725, 0.7452, 0.8019]","[119093, 90095, 100293, 65115, 36415, 55766, 90492, 47218, 47524, 37207, 59714, 96262, 108981, 92094, 104271, 26994, 32891, 14252, 15778, 22892, 19607, 13991, 3329, 6328, 10448, 69, 23, 15, 12, 9, 5, 1]","[-11.7781, -11.7705, -11.7816, -11.7632, -11.736, -11.7536, -11.7965, -11.7428, -11.7428, -11.7252, -11.7585, -11.818, -11.853, -11.822, -11.869, -11.6757, -11.6858, -11.5862, -11.5564, -11.5683, -11.5268, -11.3858, -11.0278, -11.0562, -11.0971, -9.7022, -8.6425, -8.0866, -7.1961, -6.4664, -5.4808, -1.2815]",30345,pick
MBW_498_W6,planning_suite,W6,meta-llama/Llama-3.1-8B-Instruct,30,32,"[0.9908, 0.9823, 0.9848, 0.985, 0.9895, 0.9882, 0.9875, 0.987, 0.9834, 0.9846, 0.9835, 0.982, 0.9818, 0.9701, 0.9615, 0.9439, 0.9415, 0.9193, 0.9234, 0.9312, 0.929, 0.9318, 0.9153, 0.9158, 0.8608, 0.8433, 0.8089, 0.783, 0.7778, 0.7629, 0.7392, 0.7943]","[118941, 90330, 100520, 71605, 36854, 56576, 92953, 54405, 48076, 38412, 69937, 101858, 109237, 88559, 103649, 22814, 31561, 12810, 15058, 23020, 19189, 14509, 2357, 4654, 8298, 53, 19, 15, 12, 8, 5, 1]","[-11.7782, -11.7707, -11.7817, -11.7677, -11.7362, -11.7546, -11.8, -11.7517, -11.7435, -11.7272, -11.7743, -11.8307, -11.8544, -11.8141, -11.8673, -11.6615, -11.6825, -11.5731, -11.5467, -11.5659, -11.5218, -11.3857, -10.9506, -10.9734, -11.022, -9.5779, -8.4499, -7.9088, -7.1362, -6.3828, -5.4535, -1.3614]",30345,pick
MBW_499_W6,planning_suite,W6,meta-llama/Llama-3.1-8B-Instruct,30,32,"[0.9925, 0.9864, 0.9862, 0.9858, 0.9891, 0.989, 0.9888, 0.9892, 0.9862, 0.9871, 0.9873, 0.9863, 0.9851, 0.975, 0.9723, 0.9559, 0.954, 0.934, 0.9414, 0.9466, 0.9435, 0.9428, 0.9228, 0.9254, 0.8664, 0.8447, 0.816, 0.7914, 0.7838, 0.7738, 0.7443, 0.7918]","[119398, 88718, 99844, 67438, 38510, 57264, 88716, 46403, 49005, 37638, 61616, 100315, 105988, 91170, 104581, 25331, 32118, 11697, 15489, 19976, 19266, 13578, 3188, 5953, 10069, 74, 21, 15, 11, 9, 4, 1]","[-11.7783, -11.77, -11.7812, -11.7648, -11.7381, -11.7555, -11.7936, -11.7418, -11.7449, -11.7259, -11.7615, -11.8272, -11.8452, -11.8196, -11.8709, -11.67, -11.6831, -11.5673, -11.5517, -11.5485, -11.5256, -11.3861, -11.027, -11.0498, -11.0893, -9.7529, -8.6399, -8.0995, -7.2264, -6.4676, -5.4597, -1.3259]",30345,pick
MBW_500_W6,planning_suite,W6,meta-llama/Llama-3.1-8B-Instruct,30,32,"[0.9916, 0.984, 0.9838, 0.9855, 0.99, 0.9894, 0.9896, 0.9895, 0.9869, 0.987, 0.9857, 0.9847, 0.983, 0.9725, 0.9694, 0.9545, 0.9485, 0.9343, 0.9367, 0.9422, 0.9397, 0.9408, 0.9248, 0.9257, 0.8687, 0.847, 0.8152, 0.7873, 0.7807, 0.7653, 0.7403, 0.7994]","[118975, 90338, 100595, 66375, 36773, 55685, 90611, 47698, 47403, 36874, 61190, 98059, 107695, 93751, 103558, 24878, 34957, 17163, 16744, 22535, 18352, 13703, 3038, 5676, 9219, 72, 23, 16, 11, 9, 4, 1]","[-11.7781, -11.7706, -11.7818, -11.7641, -11.7364, -11.7535, -11.7966, -11.7434, -11.7427, -11.7247, -11.7607, -11.8216, -11.8496, -11.8255, -11.867, -11.6687, -11.6922, -11.6038, -11.563, -11.5649, -11.5154, -11.3787, -10.9965, -11.0229, -11.0525, -9.6761, -8.6056, -8.0577, -7.1172, -6.3765, -5.3901, -1.2398]",30345,pick
