model,problem_id,variant,layer,rank,logprob,cosine_to_gold_unembed,gold_content,gold_token_id,gold_token_decoded,gold_unigram_count,gold_token_id_rank_proxy,n_layers,sep_note
meta-llama/Llama-3.1-8B-Instruct,GSM_001,canonical,0,43610,-11.757497,0.006821,51,3971,51,6,3971,32,''
meta-llama/Llama-3.1-8B-Instruct,GSM_001,canonical,1,28283,-11.750934,0.012342,51,3971,51,6,3971,32,''
meta-llama/Llama-3.1-8B-Instruct,GSM_001,canonical,2,41058,-11.752088,0.008187,51,3971,51,6,3971,32,''
meta-llama/Llama-3.1-8B-Instruct,GSM_001,canonical,3,103482,-11.789134,-0.007956,51,3971,51,6,3971,32,''
meta-llama/Llama-3.1-8B-Instruct,GSM_001,canonical,4,102590,-11.8007,-0.00838,51,3971,51,6,3971,32,''
meta-llama/Llama-3.1-8B-Instruct,GSM_001,canonical,5,122554,-11.862483,-0.018769,51,3971,51,6,3971,32,''
meta-llama/Llama-3.1-8B-Instruct,GSM_001,canonical,6,126952,-11.898186,-0.029729,51,3971,51,6,3971,32,''
meta-llama/Llama-3.1-8B-Instruct,GSM_001,canonical,7,126184,-11.898905,-0.029038,51,3971,51,6,3971,32,''
meta-llama/Llama-3.1-8B-Instruct,GSM_001,canonical,8,110122,-11.836824,-0.012238,51,3971,51,6,3971,32,''
meta-llama/Llama-3.1-8B-Instruct,GSM_001,canonical,9,73636,-11.779597,-0.000318,51,3971,51,6,3971,32,''
meta-llama/Llama-3.1-8B-Instruct,GSM_001,canonical,10,66165,-11.76918,0.007934,51,3971,51,6,3971,32,''
meta-llama/Llama-3.1-8B-Instruct,GSM_001,canonical,11,112441,-11.858515,-0.009806,51,3971,51,6,3971,32,''
meta-llama/Llama-3.1-8B-Instruct,GSM_001,canonical,12,87938,-11.807183,-0.001244,51,3971,51,6,3971,32,''
meta-llama/Llama-3.1-8B-Instruct,GSM_001,canonical,13,115326,-11.884069,-0.017283,51,3971,51,6,3971,32,''
meta-llama/Llama-3.1-8B-Instruct,GSM_001,canonical,14,60424,-11.761169,0.002702,51,3971,51,6,3971,32,''
meta-llama/Llama-3.1-8B-Instruct,GSM_001,canonical,15,60649,-11.760209,-0.001973,51,3971,51,6,3971,32,''
meta-llama/Llama-3.1-8B-Instruct,GSM_001,canonical,16,27745,-11.671985,0.004502,51,3971,51,6,3971,32,''
meta-llama/Llama-3.1-8B-Instruct,GSM_001,canonical,17,20857,-11.632622,0.004911,51,3971,51,6,3971,32,''
meta-llama/Llama-3.1-8B-Instruct,GSM_001,canonical,18,30738,-11.657556,-0.002777,51,3971,51,6,3971,32,''
meta-llama/Llama-3.1-8B-Instruct,GSM_001,canonical,19,21631,-11.586902,-0.001618,51,3971,51,6,3971,32,''
meta-llama/Llama-3.1-8B-Instruct,GSM_001,canonical,20,11163,-11.501411,0.005979,51,3971,51,6,3971,32,''
meta-llama/Llama-3.1-8B-Instruct,GSM_001,canonical,21,5287,-11.33981,0.0114,51,3971,51,6,3971,32,''
meta-llama/Llama-3.1-8B-Instruct,GSM_001,canonical,22,1227,-11.109351,0.02431,51,3971,51,6,3971,32,''
meta-llama/Llama-3.1-8B-Instruct,GSM_001,canonical,23,620,-10.912916,0.03179,51,3971,51,6,3971,32,''
meta-llama/Llama-3.1-8B-Instruct,GSM_001,canonical,24,558,-10.734876,0.034104,51,3971,51,6,3971,32,''
meta-llama/Llama-3.1-8B-Instruct,GSM_001,canonical,25,448,-10.656603,0.0356,51,3971,51,6,3971,32,''
meta-llama/Llama-3.1-8B-Instruct,GSM_001,canonical,26,293,-10.449533,0.039268,51,3971,51,6,3971,32,''
meta-llama/Llama-3.1-8B-Instruct,GSM_001,canonical,27,141,-10.183901,0.047446,51,3971,51,6,3971,32,''
meta-llama/Llama-3.1-8B-Instruct,GSM_001,canonical,28,108,-9.782763,0.054295,51,3971,51,6,3971,32,''
meta-llama/Llama-3.1-8B-Instruct,GSM_001,canonical,29,88,-9.512752,0.058194,51,3971,51,6,3971,32,''
meta-llama/Llama-3.1-8B-Instruct,GSM_001,canonical,30,78,-8.95451,0.069056,51,3971,51,6,3971,32,''
meta-llama/Llama-3.1-8B-Instruct,GSM_001,canonical,31,37,-5.692564,0.128524,51,3971,51,6,3971,32,''
meta-llama/Llama-3.1-8B-Instruct,GSM_001,W3,0,43870,-11.757509,0.006519,51,3971,51,6,3971,32,''
meta-llama/Llama-3.1-8B-Instruct,GSM_001,W3,1,31232,-11.751845,0.010991,51,3971,51,6,3971,32,''
meta-llama/Llama-3.1-8B-Instruct,GSM_001,W3,2,40134,-11.751585,0.008455,51,3971,51,6,3971,32,''
meta-llama/Llama-3.1-8B-Instruct,GSM_001,W3,3,108620,-11.793694,-0.010902,51,3971,51,6,3971,32,''
meta-llama/Llama-3.1-8B-Instruct,GSM_001,W3,4,104489,-11.803467,-0.009202,51,3971,51,6,3971,32,''
meta-llama/Llama-3.1-8B-Instruct,GSM_001,W3,5,122989,-11.866371,-0.019,51,3971,51,6,3971,32,''
meta-llama/Llama-3.1-8B-Instruct,GSM_001,W3,6,126488,-11.892975,-0.027935,51,3971,51,6,3971,32,''
meta-llama/Llama-3.1-8B-Instruct,GSM_001,W3,7,126497,-11.905712,-0.030469,51,3971,51,6,3971,32,''
meta-llama/Llama-3.1-8B-Instruct,GSM_001,W3,8,112813,-11.84583,-0.013251,51,3971,51,6,3971,32,''
meta-llama/Llama-3.1-8B-Instruct,GSM_001,W3,9,75450,-11.782625,-0.00078,51,3971,51,6,3971,32,''
meta-llama/Llama-3.1-8B-Instruct,GSM_001,W3,10,76552,-11.786296,0.005622,51,3971,51,6,3971,32,''
meta-llama/Llama-3.1-8B-Instruct,GSM_001,W3,11,113541,-11.864772,-0.009455,51,3971,51,6,3971,32,''
meta-llama/Llama-3.1-8B-Instruct,GSM_001,W3,12,76778,-11.787725,0.00282,51,3971,51,6,3971,32,''
meta-llama/Llama-3.1-8B-Instruct,GSM_001,W3,13,116554,-11.887553,-0.01779,51,3971,51,6,3971,32,''
meta-llama/Llama-3.1-8B-Instruct,GSM_001,W3,14,62378,-11.765347,0.003045,51,3971,51,6,3971,32,''
meta-llama/Llama-3.1-8B-Instruct,GSM_001,W3,15,62030,-11.763157,-0.000678,51,3971,51,6,3971,32,''
meta-llama/Llama-3.1-8B-Instruct,GSM_001,W3,16,25341,-11.669863,0.007417,51,3971,51,6,3971,32,''
meta-llama/Llama-3.1-8B-Instruct,GSM_001,W3,17,18791,-11.623589,0.007083,51,3971,51,6,3971,32,''
meta-llama/Llama-3.1-8B-Instruct,GSM_001,W3,18,28448,-11.646545,-0.000412,51,3971,51,6,3971,32,''
meta-llama/Llama-3.1-8B-Instruct,GSM_001,W3,19,19005,-11.566131,0.000856,51,3971,51,6,3971,32,''
meta-llama/Llama-3.1-8B-Instruct,GSM_001,W3,20,11749,-11.498211,0.004751,51,3971,51,6,3971,32,''
meta-llama/Llama-3.1-8B-Instruct,GSM_001,W3,21,7148,-11.362827,0.007866,51,3971,51,6,3971,32,''
meta-llama/Llama-3.1-8B-Instruct,GSM_001,W3,22,3980,-11.217314,0.012925,51,3971,51,6,3971,32,''
meta-llama/Llama-3.1-8B-Instruct,GSM_001,W3,23,1314,-10.954679,0.024512,51,3971,51,6,3971,32,''
meta-llama/Llama-3.1-8B-Instruct,GSM_001,W3,24,590,-10.671787,0.034031,51,3971,51,6,3971,32,''
meta-llama/Llama-3.1-8B-Instruct,GSM_001,W3,25,436,-10.662403,0.035463,51,3971,51,6,3971,32,''
meta-llama/Llama-3.1-8B-Instruct,GSM_001,W3,26,327,-10.458586,0.03854,51,3971,51,6,3971,32,''
meta-llama/Llama-3.1-8B-Instruct,GSM_001,W3,27,238,-10.377209,0.041281,51,3971,51,6,3971,32,''
meta-llama/Llama-3.1-8B-Instruct,GSM_001,W3,28,382,-10.239372,0.038891,51,3971,51,6,3971,32,''
meta-llama/Llama-3.1-8B-Instruct,GSM_001,W3,29,226,-10.020569,0.045023,51,3971,51,6,3971,32,''
meta-llama/Llama-3.1-8B-Instruct,GSM_001,W3,30,144,-9.383322,0.059382,51,3971,51,6,3971,32,''
meta-llama/Llama-3.1-8B-Instruct,GSM_001,W3,31,83,-6.05422,0.130806,51,3971,51,6,3971,32,''
meta-llama/Llama-3.1-8B-Instruct,GSM_002,canonical,0,70990,-11.763195,-0.001683,30,966,30,87,966,32,''
meta-llama/Llama-3.1-8B-Instruct,GSM_002,canonical,1,103841,-11.774524,-0.014107,30,966,30,87,966,32,''
meta-llama/Llama-3.1-8B-Instruct,GSM_002,canonical,2,111098,-11.786255,-0.017238,30,966,30,87,966,32,''
meta-llama/Llama-3.1-8B-Instruct,GSM_002,canonical,3,118374,-11.806831,-0.016898,30,966,30,87,966,32,''
meta-llama/Llama-3.1-8B-Instruct,GSM_002,canonical,4,119329,-11.830289,-0.018639,30,966,30,87,966,32,''
meta-llama/Llama-3.1-8B-Instruct,GSM_002,canonical,5,120633,-11.854972,-0.016793,30,966,30,87,966,32,''
meta-llama/Llama-3.1-8B-Instruct,GSM_002,canonical,6,117904,-11.845449,-0.01404,30,966,30,87,966,32,''
meta-llama/Llama-3.1-8B-Instruct,GSM_002,canonical,7,113998,-11.84039,-0.014168,30,966,30,87,966,32,''
meta-llama/Llama-3.1-8B-Instruct,GSM_002,canonical,8,108225,-11.833223,-0.011035,30,966,30,87,966,32,''
meta-llama/Llama-3.1-8B-Instruct,GSM_002,canonical,9,97711,-11.818204,-0.008399,30,966,30,87,966,32,''
meta-llama/Llama-3.1-8B-Instruct,GSM_002,canonical,10,82556,-11.79629,0.003037,30,966,30,87,966,32,''
meta-llama/Llama-3.1-8B-Instruct,GSM_002,canonical,11,102120,-11.833644,-0.00395,30,966,30,87,966,32,''
meta-llama/Llama-3.1-8B-Instruct,GSM_002,canonical,12,108867,-11.855138,-0.010945,30,966,30,87,966,32,''
meta-llama/Llama-3.1-8B-Instruct,GSM_002,canonical,13,91132,-11.817717,-0.004967,30,966,30,87,966,32,''
meta-llama/Llama-3.1-8B-Instruct,GSM_002,canonical,14,104678,-11.857623,-0.01239,30,966,30,87,966,32,''
meta-llama/Llama-3.1-8B-Instruct,GSM_002,canonical,15,69673,-11.778691,-0.004049,30,966,30,87,966,32,''
meta-llama/Llama-3.1-8B-Instruct,GSM_002,canonical,16,72865,-11.788524,-0.00998,30,966,30,87,966,32,''
meta-llama/Llama-3.1-8B-Instruct,GSM_002,canonical,17,24577,-11.649366,0.003225,30,966,30,87,966,32,''
meta-llama/Llama-3.1-8B-Instruct,GSM_002,canonical,18,21888,-11.620683,0.00183,30,966,30,87,966,32,''
meta-llama/Llama-3.1-8B-Instruct,GSM_002,canonical,19,11546,-11.519126,0.005978,30,966,30,87,966,32,''
meta-llama/Llama-3.1-8B-Instruct,GSM_002,canonical,20,25492,-11.609386,-0.00299,30,966,30,87,966,32,''
meta-llama/Llama-3.1-8B-Instruct,GSM_002,canonical,21,16074,-11.484541,-0.001145,30,966,30,87,966,32,''
meta-llama/Llama-3.1-8B-Instruct,GSM_002,canonical,22,7434,-11.310774,0.006893,30,966,30,87,966,32,''
meta-llama/Llama-3.1-8B-Instruct,GSM_002,canonical,23,4637,-11.179464,0.012,30,966,30,87,966,32,''
meta-llama/Llama-3.1-8B-Instruct,GSM_002,canonical,24,4085,-11.070131,0.012927,30,966,30,87,966,32,''
meta-llama/Llama-3.1-8B-Instruct,GSM_002,canonical,25,2418,-10.980734,0.018461,30,966,30,87,966,32,''
meta-llama/Llama-3.1-8B-Instruct,GSM_002,canonical,26,888,-10.637024,0.029619,30,966,30,87,966,32,''
meta-llama/Llama-3.1-8B-Instruct,GSM_002,canonical,27,471,-10.47327,0.035731,30,966,30,87,966,32,''
meta-llama/Llama-3.1-8B-Instruct,GSM_002,canonical,28,1234,-10.502862,0.027082,30,966,30,87,966,32,''
meta-llama/Llama-3.1-8B-Instruct,GSM_002,canonical,29,857,-10.371851,0.031506,30,966,30,87,966,32,''
meta-llama/Llama-3.1-8B-Instruct,GSM_002,canonical,30,258,-9.615294,0.05132,30,966,30,87,966,32,''
meta-llama/Llama-3.1-8B-Instruct,GSM_002,canonical,31,51,-8.269663,0.12248,30,966,30,87,966,32,''
meta-llama/Llama-3.1-8B-Instruct,GSM_002,W3,0,69799,-11.762957,-0.001426,30,966,30,87,966,32,''
meta-llama/Llama-3.1-8B-Instruct,GSM_002,W3,1,101324,-11.773536,-0.013126,30,966,30,87,966,32,''
meta-llama/Llama-3.1-8B-Instruct,GSM_002,W3,2,111231,-11.786636,-0.017356,30,966,30,87,966,32,''
meta-llama/Llama-3.1-8B-Instruct,GSM_002,W3,3,119344,-11.80834,-0.018196,30,966,30,87,966,32,''
meta-llama/Llama-3.1-8B-Instruct,GSM_002,W3,4,119346,-11.830862,-0.019015,30,966,30,87,966,32,''
meta-llama/Llama-3.1-8B-Instruct,GSM_002,W3,5,119673,-11.85127,-0.015754,30,966,30,87,966,32,''
meta-llama/Llama-3.1-8B-Instruct,GSM_002,W3,6,116650,-11.841531,-0.013224,30,966,30,87,966,32,''
meta-llama/Llama-3.1-8B-Instruct,GSM_002,W3,7,115392,-11.844056,-0.015698,30,966,30,87,966,32,''
meta-llama/Llama-3.1-8B-Instruct,GSM_002,W3,8,109227,-11.834579,-0.011497,30,966,30,87,966,32,''
meta-llama/Llama-3.1-8B-Instruct,GSM_002,W3,9,93923,-11.810626,-0.007385,30,966,30,87,966,32,''
meta-llama/Llama-3.1-8B-Instruct,GSM_002,W3,10,96606,-11.822029,-0.00164,30,966,30,87,966,32,''
meta-llama/Llama-3.1-8B-Instruct,GSM_002,W3,11,108902,-11.851565,-0.006959,30,966,30,87,966,32,''
meta-llama/Llama-3.1-8B-Instruct,GSM_002,W3,12,113182,-11.868191,-0.01368,30,966,30,87,966,32,''
meta-llama/Llama-3.1-8B-Instruct,GSM_002,W3,13,89612,-11.813707,-0.005205,30,966,30,87,966,32,''
meta-llama/Llama-3.1-8B-Instruct,GSM_002,W3,14,96687,-11.835647,-0.009328,30,966,30,87,966,32,''
meta-llama/Llama-3.1-8B-Instruct,GSM_002,W3,15,63857,-11.766939,-0.0025,30,966,30,87,966,32,''
meta-llama/Llama-3.1-8B-Instruct,GSM_002,W3,16,69378,-11.780342,-0.009302,30,966,30,87,966,32,''
meta-llama/Llama-3.1-8B-Instruct,GSM_002,W3,17,21414,-11.635725,0.00416,30,966,30,87,966,32,''
meta-llama/Llama-3.1-8B-Instruct,GSM_002,W3,18,24544,-11.632119,0.000758,30,966,30,87,966,32,''
meta-llama/Llama-3.1-8B-Instruct,GSM_002,W3,19,11298,-11.515003,0.006208,30,966,30,87,966,32,''
meta-llama/Llama-3.1-8B-Instruct,GSM_002,W3,20,13232,-11.527708,0.004782,30,966,30,87,966,32,''
meta-llama/Llama-3.1-8B-Instruct,GSM_002,W3,21,7448,-11.37993,0.008272,30,966,30,87,966,32,''
meta-llama/Llama-3.1-8B-Instruct,GSM_002,W3,22,2229,-11.132667,0.019717,30,966,30,87,966,32,''
meta-llama/Llama-3.1-8B-Instruct,GSM_002,W3,23,1287,-10.95699,0.026488,30,966,30,87,966,32,''
meta-llama/Llama-3.1-8B-Instruct,GSM_002,W3,24,722,-10.739524,0.033157,30,966,30,87,966,32,''
meta-llama/Llama-3.1-8B-Instruct,GSM_002,W3,25,433,-10.736802,0.035859,30,966,30,87,966,32,''
meta-llama/Llama-3.1-8B-Instruct,GSM_002,W3,26,423,-10.507141,0.037349,30,966,30,87,966,32,''
meta-llama/Llama-3.1-8B-Instruct,GSM_002,W3,27,247,-10.400576,0.04171,30,966,30,87,966,32,''
meta-llama/Llama-3.1-8B-Instruct,GSM_002,W3,28,135,-10.045313,0.050506,30,966,30,87,966,32,''
meta-llama/Llama-3.1-8B-Instruct,GSM_002,W3,29,99,-9.940943,0.054337,30,966,30,87,966,32,''
meta-llama/Llama-3.1-8B-Instruct,GSM_002,W3,30,98,-9.368789,0.062838,30,966,30,87,966,32,''
meta-llama/Llama-3.1-8B-Instruct,GSM_002,W3,31,29,-5.302808,0.143869,30,966,30,87,966,32,''
meta-llama/Llama-3.1-8B-Instruct,GSM_003,canonical,0,10553,-11.746872,0.022938,150,3965,150,27,3965,32,''
meta-llama/Llama-3.1-8B-Instruct,GSM_003,canonical,1,27866,-11.750648,0.012469,150,3965,150,27,3965,32,''
meta-llama/Llama-3.1-8B-Instruct,GSM_003,canonical,2,64413,-11.762218,0.000655,150,3965,150,27,3965,32,''
meta-llama/Llama-3.1-8B-Instruct,GSM_003,canonical,3,84328,-11.774942,-0.000435,150,3965,150,27,3965,32,''
meta-llama/Llama-3.1-8B-Instruct,GSM_003,canonical,4,89844,-11.786906,-0.002785,150,3965,150,27,3965,32,''
meta-llama/Llama-3.1-8B-Instruct,GSM_003,canonical,5,95379,-11.802519,-0.000639,150,3965,150,27,3965,32,''
meta-llama/Llama-3.1-8B-Instruct,GSM_003,canonical,6,99118,-11.807274,-0.002875,150,3965,150,27,3965,32,''
meta-llama/Llama-3.1-8B-Instruct,GSM_003,canonical,7,79547,-11.783467,0.000785,150,3965,150,27,3965,32,''
meta-llama/Llama-3.1-8B-Instruct,GSM_003,canonical,8,77505,-11.782559,0.000891,150,3965,150,27,3965,32,''
meta-llama/Llama-3.1-8B-Instruct,GSM_003,canonical,9,43164,-11.734787,0.009758,150,3965,150,27,3965,32,''
meta-llama/Llama-3.1-8B-Instruct,GSM_003,canonical,10,75058,-11.783767,0.004875,150,3965,150,27,3965,32,''
meta-llama/Llama-3.1-8B-Instruct,GSM_003,canonical,11,73131,-11.78011,0.006287,150,3965,150,27,3965,32,''
meta-llama/Llama-3.1-8B-Instruct,GSM_003,canonical,12,75838,-11.785979,0.001834,150,3965,150,27,3965,32,''
meta-llama/Llama-3.1-8B-Instruct,GSM_003,canonical,13,58935,-11.757463,0.004752,150,3965,150,27,3965,32,''
meta-llama/Llama-3.1-8B-Instruct,GSM_003,canonical,14,71614,-11.783018,-0.000941,150,3965,150,27,3965,32,''
meta-llama/Llama-3.1-8B-Instruct,GSM_003,canonical,15,21064,-11.666393,0.011216,150,3965,150,27,3965,32,''
meta-llama/Llama-3.1-8B-Instruct,GSM_003,canonical,16,16821,-11.637661,0.010059,150,3965,150,27,3965,32,''
meta-llama/Llama-3.1-8B-Instruct,GSM_003,canonical,17,11592,-11.586665,0.01079,150,3965,150,27,3965,32,''
meta-llama/Llama-3.1-8B-Instruct,GSM_003,canonical,18,8689,-11.539546,0.011243,150,3965,150,27,3965,32,''
meta-llama/Llama-3.1-8B-Instruct,GSM_003,canonical,19,4033,-11.436696,0.015731,150,3965,150,27,3965,32,''
meta-llama/Llama-3.1-8B-Instruct,GSM_003,canonical,20,2850,-11.406635,0.019214,150,3965,150,27,3965,32,''
meta-llama/Llama-3.1-8B-Instruct,GSM_003,canonical,21,1582,-11.24566,0.022484,150,3965,150,27,3965,32,''
meta-llama/Llama-3.1-8B-Instruct,GSM_003,canonical,22,420,-10.977553,0.034787,150,3965,150,27,3965,32,''
meta-llama/Llama-3.1-8B-Instruct,GSM_003,canonical,23,174,-10.745689,0.044732,150,3965,150,27,3965,32,''
meta-llama/Llama-3.1-8B-Instruct,GSM_003,canonical,24,354,-10.682759,0.038688,150,3965,150,27,3965,32,''
meta-llama/Llama-3.1-8B-Instruct,GSM_003,canonical,25,146,-10.5636,0.045465,150,3965,150,27,3965,32,''
meta-llama/Llama-3.1-8B-Instruct,GSM_003,canonical,26,162,-10.398255,0.044911,150,3965,150,27,3965,32,''
meta-llama/Llama-3.1-8B-Instruct,GSM_003,canonical,27,89,-10.198459,0.05023,150,3965,150,27,3965,32,''
meta-llama/Llama-3.1-8B-Instruct,GSM_003,canonical,28,44,-9.555349,0.06591,150,3965,150,27,3965,32,''
meta-llama/Llama-3.1-8B-Instruct,GSM_003,canonical,29,37,-9.258586,0.072203,150,3965,150,27,3965,32,''
meta-llama/Llama-3.1-8B-Instruct,GSM_003,canonical,30,25,-8.552643,0.081124,150,3965,150,27,3965,32,''
meta-llama/Llama-3.1-8B-Instruct,GSM_003,canonical,31,12,-4.15715,0.150004,150,3965,150,27,3965,32,''
meta-llama/Llama-3.1-8B-Instruct,GSM_003,W3,0,10628,-11.746764,0.022568,150,3965,150,27,3965,32,''
meta-llama/Llama-3.1-8B-Instruct,GSM_003,W3,1,35377,-11.753254,0.009832,150,3965,150,27,3965,32,''
meta-llama/Llama-3.1-8B-Instruct,GSM_003,W3,2,65048,-11.76253,0.000531,150,3965,150,27,3965,32,''
meta-llama/Llama-3.1-8B-Instruct,GSM_003,W3,3,87053,-11.776498,-0.001427,150,3965,150,27,3965,32,''
meta-llama/Llama-3.1-8B-Instruct,GSM_003,W3,4,95591,-11.79297,-0.004676,150,3965,150,27,3965,32,''
meta-llama/Llama-3.1-8B-Instruct,GSM_003,W3,5,93452,-11.800287,0.000756,150,3965,150,27,3965,32,''
meta-llama/Llama-3.1-8B-Instruct,GSM_003,W3,6,94191,-11.800136,-0.001257,150,3965,150,27,3965,32,''
meta-llama/Llama-3.1-8B-Instruct,GSM_003,W3,7,68049,-11.769057,0.003758,150,3965,150,27,3965,32,''
meta-llama/Llama-3.1-8B-Instruct,GSM_003,W3,8,58675,-11.7573,0.006748,150,3965,150,27,3965,32,''
meta-llama/Llama-3.1-8B-Instruct,GSM_003,W3,9,45359,-11.738532,0.009196,150,3965,150,27,3965,32,''
meta-llama/Llama-3.1-8B-Instruct,GSM_003,W3,10,67589,-11.772112,0.008575,150,3965,150,27,3965,32,''
meta-llama/Llama-3.1-8B-Instruct,GSM_003,W3,11,70313,-11.776011,0.008207,150,3965,150,27,3965,32,''
meta-llama/Llama-3.1-8B-Instruct,GSM_003,W3,12,83856,-11.800668,-0.000164,150,3965,150,27,3965,32,''
meta-llama/Llama-3.1-8B-Instruct,GSM_003,W3,13,70213,-11.778133,0.001829,150,3965,150,27,3965,32,''
meta-llama/Llama-3.1-8B-Instruct,GSM_003,W3,14,84153,-11.80973,-0.004031,150,3965,150,27,3965,32,''
meta-llama/Llama-3.1-8B-Instruct,GSM_003,W3,15,21329,-11.666964,0.011114,150,3965,150,27,3965,32,''
meta-llama/Llama-3.1-8B-Instruct,GSM_003,W3,16,9416,-11.597721,0.015522,150,3965,150,27,3965,32,''
meta-llama/Llama-3.1-8B-Instruct,GSM_003,W3,17,6788,-11.539577,0.016112,150,3965,150,27,3965,32,''
meta-llama/Llama-3.1-8B-Instruct,GSM_003,W3,18,3614,-11.46396,0.019959,150,3965,150,27,3965,32,''
meta-llama/Llama-3.1-8B-Instruct,GSM_003,W3,19,1898,-11.361516,0.022078,150,3965,150,27,3965,32,''
meta-llama/Llama-3.1-8B-Instruct,GSM_003,W3,20,1220,-11.322137,0.025407,150,3965,150,27,3965,32,''
meta-llama/Llama-3.1-8B-Instruct,GSM_003,W3,21,562,-11.105623,0.031477,150,3965,150,27,3965,32,''
meta-llama/Llama-3.1-8B-Instruct,GSM_003,W3,22,136,-10.767877,0.046491,150,3965,150,27,3965,32,''
meta-llama/Llama-3.1-8B-Instruct,GSM_003,W3,23,64,-10.444696,0.059821,150,3965,150,27,3965,32,''
meta-llama/Llama-3.1-8B-Instruct,GSM_003,W3,24,63,-10.243698,0.061695,150,3965,150,27,3965,32,''
meta-llama/Llama-3.1-8B-Instruct,GSM_003,W3,25,30,-10.235057,0.066372,150,3965,150,27,3965,32,''
meta-llama/Llama-3.1-8B-Instruct,GSM_003,W3,26,65,-10.126927,0.058606,150,3965,150,27,3965,32,''
meta-llama/Llama-3.1-8B-Instruct,GSM_003,W3,27,37,-9.849457,0.067953,150,3965,150,27,3965,32,''
meta-llama/Llama-3.1-8B-Instruct,GSM_003,W3,28,24,-9.433289,0.077471,150,3965,150,27,3965,32,''
meta-llama/Llama-3.1-8B-Instruct,GSM_003,W3,29,9,-8.930089,0.094333,150,3965,150,27,3965,32,''
meta-llama/Llama-3.1-8B-Instruct,GSM_003,W3,30,10,-8.179718,0.100484,150,3965,150,27,3965,32,''
meta-llama/Llama-3.1-8B-Instruct,GSM_003,W3,31,4,-3.057869,0.17578,150,3965,150,27,3965,32,''
meta-llama/Llama-3.1-8B-Instruct,GSM_004,canonical,0,20546,-11.751312,0.014167,21600,12463,216,6,12463,32,''
meta-llama/Llama-3.1-8B-Instruct,GSM_004,canonical,1,45716,-11.756561,0.005548,21600,12463,216,6,12463,32,''
meta-llama/Llama-3.1-8B-Instruct,GSM_004,canonical,2,19245,-11.739387,0.015147,21600,12463,216,6,12463,32,''
meta-llama/Llama-3.1-8B-Instruct,GSM_004,canonical,3,65799,-11.763669,0.006005,21600,12463,216,6,12463,32,''
meta-llama/Llama-3.1-8B-Instruct,GSM_004,canonical,4,80949,-11.778587,0.000831,21600,12463,216,6,12463,32,''
meta-llama/Llama-3.1-8B-Instruct,GSM_004,canonical,5,43570,-11.739441,0.016211,21600,12463,216,6,12463,32,''
meta-llama/Llama-3.1-8B-Instruct,GSM_004,canonical,6,87711,-11.792571,0.001399,21600,12463,216,6,12463,32,''
meta-llama/Llama-3.1-8B-Instruct,GSM_004,canonical,7,116929,-11.849592,-0.013624,21600,12463,216,6,12463,32,''
meta-llama/Llama-3.1-8B-Instruct,GSM_004,canonical,8,113958,-11.848959,-0.0121,21600,12463,216,6,12463,32,''
meta-llama/Llama-3.1-8B-Instruct,GSM_004,canonical,9,96189,-11.815494,-0.005983,21600,12463,216,6,12463,32,''
meta-llama/Llama-3.1-8B-Instruct,GSM_004,canonical,10,121049,-11.894352,-0.014927,21600,12463,216,6,12463,32,''
meta-llama/Llama-3.1-8B-Instruct,GSM_004,canonical,11,58056,-11.756041,0.010151,21600,12463,216,6,12463,32,''
meta-llama/Llama-3.1-8B-Instruct,GSM_004,canonical,12,28438,-11.700881,0.016583,21600,12463,216,6,12463,32,''
meta-llama/Llama-3.1-8B-Instruct,GSM_004,canonical,13,23301,-11.68273,0.01667,21600,12463,216,6,12463,32,''
meta-llama/Llama-3.1-8B-Instruct,GSM_004,canonical,14,46496,-11.732679,0.007889,21600,12463,216,6,12463,32,''
meta-llama/Llama-3.1-8B-Instruct,GSM_004,canonical,15,53363,-11.744752,0.00296,21600,12463,216,6,12463,32,''
meta-llama/Llama-3.1-8B-Instruct,GSM_004,canonical,16,38789,-11.708248,0.002033,21600,12463,216,6,12463,32,''
meta-llama/Llama-3.1-8B-Instruct,GSM_004,canonical,17,31997,-11.679123,0.0006,21600,12463,216,6,12463,32,''
meta-llama/Llama-3.1-8B-Instruct,GSM_004,canonical,18,42260,-11.703492,-0.005369,21600,12463,216,6,12463,32,''
meta-llama/Llama-3.1-8B-Instruct,GSM_004,canonical,19,20596,-11.602829,0.001476,21600,12463,216,6,12463,32,''
meta-llama/Llama-3.1-8B-Instruct,GSM_004,canonical,20,12360,-11.544638,0.007947,21600,12463,216,6,12463,32,''
meta-llama/Llama-3.1-8B-Instruct,GSM_004,canonical,21,4463,-11.391487,0.014833,21600,12463,216,6,12463,32,''
meta-llama/Llama-3.1-8B-Instruct,GSM_004,canonical,22,1130,-11.206943,0.023696,21600,12463,216,6,12463,32,''
meta-llama/Llama-3.1-8B-Instruct,GSM_004,canonical,23,1561,-11.160338,0.02156,21600,12463,216,6,12463,32,''
meta-llama/Llama-3.1-8B-Instruct,GSM_004,canonical,24,983,-11.011209,0.023876,21600,12463,216,6,12463,32,''
meta-llama/Llama-3.1-8B-Instruct,GSM_004,canonical,25,534,-10.932501,0.027261,21600,12463,216,6,12463,32,''
meta-llama/Llama-3.1-8B-Instruct,GSM_004,canonical,26,1436,-10.911367,0.01999,21600,12463,216,6,12463,32,''
meta-llama/Llama-3.1-8B-Instruct,GSM_004,canonical,27,1648,-10.85114,0.018624,21600,12463,216,6,12463,32,''
meta-llama/Llama-3.1-8B-Instruct,GSM_004,canonical,28,540,-10.393745,0.028833,21600,12463,216,6,12463,32,''
meta-llama/Llama-3.1-8B-Instruct,GSM_004,canonical,29,399,-10.246012,0.031864,21600,12463,216,6,12463,32,''
meta-llama/Llama-3.1-8B-Instruct,GSM_004,canonical,30,197,-9.639837,0.042847,21600,12463,216,6,12463,32,''
meta-llama/Llama-3.1-8B-Instruct,GSM_004,canonical,31,217,-10.754849,0.079049,21600,12463,216,6,12463,32,''
meta-llama/Llama-3.1-8B-Instruct,GSM_004,W3,0,17114,-11.749895,0.015541,21600,12463,216,6,12463,32,''
meta-llama/Llama-3.1-8B-Instruct,GSM_004,W3,1,36673,-11.753737,0.008195,21600,12463,216,6,12463,32,''
meta-llama/Llama-3.1-8B-Instruct,GSM_004,W3,2,14105,-11.734863,0.018159,21600,12463,216,6,12463,32,''
meta-llama/Llama-3.1-8B-Instruct,GSM_004,W3,3,58629,-11.759227,0.007922,21600,12463,216,6,12463,32,''
meta-llama/Llama-3.1-8B-Instruct,GSM_004,W3,4,85290,-11.7827,-0.00037,21600,12463,216,6,12463,32,''
meta-llama/Llama-3.1-8B-Instruct,GSM_004,W3,5,50373,-11.748116,0.014534,21600,12463,216,6,12463,32,''
meta-llama/Llama-3.1-8B-Instruct,GSM_004,W3,6,94626,-11.801167,-0.001276,21600,12463,216,6,12463,32,''
meta-llama/Llama-3.1-8B-Instruct,GSM_004,W3,7,117106,-11.849249,-0.014358,21600,12463,216,6,12463,32,''
meta-llama/Llama-3.1-8B-Instruct,GSM_004,W3,8,109821,-11.838004,-0.010086,21600,12463,216,6,12463,32,''
meta-llama/Llama-3.1-8B-Instruct,GSM_004,W3,9,95676,-11.815294,-0.005736,21600,12463,216,6,12463,32,''
meta-llama/Llama-3.1-8B-Instruct,GSM_004,W3,10,115714,-11.872721,-0.009903,21600,12463,216,6,12463,32,''
meta-llama/Llama-3.1-8B-Instruct,GSM_004,W3,11,35779,-11.717518,0.018183,21600,12463,216,6,12463,32,''
meta-llama/Llama-3.1-8B-Instruct,GSM_004,W3,12,30232,-11.705145,0.015928,21600,12463,216,6,12463,32,''
meta-llama/Llama-3.1-8B-Instruct,GSM_004,W3,13,48523,-11.738155,0.008073,21600,12463,216,6,12463,32,''
meta-llama/Llama-3.1-8B-Instruct,GSM_004,W3,14,69869,-11.781067,0.002486,21600,12463,216,6,12463,32,''
meta-llama/Llama-3.1-8B-Instruct,GSM_004,W3,15,58361,-11.755957,0.003397,21600,12463,216,6,12463,32,''
meta-llama/Llama-3.1-8B-Instruct,GSM_004,W3,16,56669,-11.75159,-0.001403,21600,12463,216,6,12463,32,''
meta-llama/Llama-3.1-8B-Instruct,GSM_004,W3,17,59395,-11.75691,-0.00537,21600,12463,216,6,12463,32,''
meta-llama/Llama-3.1-8B-Instruct,GSM_004,W3,18,41731,-11.699708,-0.002512,21600,12463,216,6,12463,32,''
meta-llama/Llama-3.1-8B-Instruct,GSM_004,W3,19,15142,-11.553559,0.005478,21600,12463,216,6,12463,32,''
meta-llama/Llama-3.1-8B-Instruct,GSM_004,W3,20,13385,-11.536971,0.0072,21600,12463,216,6,12463,32,''
meta-llama/Llama-3.1-8B-Instruct,GSM_004,W3,21,4604,-11.346552,0.01394,21600,12463,216,6,12463,32,''
meta-llama/Llama-3.1-8B-Instruct,GSM_004,W3,22,1640,-11.165833,0.019957,21600,12463,216,6,12463,32,''
meta-llama/Llama-3.1-8B-Instruct,GSM_004,W3,23,401,-10.882677,0.031509,21600,12463,216,6,12463,32,''
meta-llama/Llama-3.1-8B-Instruct,GSM_004,W3,24,419,-10.816566,0.030717,21600,12463,216,6,12463,32,''
meta-llama/Llama-3.1-8B-Instruct,GSM_004,W3,25,81,-10.642509,0.043888,21600,12463,216,6,12463,32,''
meta-llama/Llama-3.1-8B-Instruct,GSM_004,W3,26,203,-10.548162,0.037587,21600,12463,216,6,12463,32,''
meta-llama/Llama-3.1-8B-Instruct,GSM_004,W3,27,243,-10.587198,0.035663,21600,12463,216,6,12463,32,''
meta-llama/Llama-3.1-8B-Instruct,GSM_004,W3,28,582,-10.600198,0.032551,21600,12463,216,6,12463,32,''
meta-llama/Llama-3.1-8B-Instruct,GSM_004,W3,29,172,-10.290907,0.038858,21600,12463,216,6,12463,32,''
meta-llama/Llama-3.1-8B-Instruct,GSM_004,W3,30,59,-9.673378,0.049773,21600,12463,216,6,12463,32,''
meta-llama/Llama-3.1-8B-Instruct,GSM_004,W3,31,91,-6.256173,0.112681,21600,12463,216,6,12463,32,''
meta-llama/Llama-3.1-8B-Instruct,GSM_005,canonical,0,52387,-11.759339,0.003735,54,4370,54,7,4370,32,''
meta-llama/Llama-3.1-8B-Instruct,GSM_005,canonical,1,31666,-11.752094,0.010379,54,4370,54,7,4370,32,''
meta-llama/Llama-3.1-8B-Instruct,GSM_005,canonical,2,51889,-11.756748,0.004633,54,4370,54,7,4370,32,''
meta-llama/Llama-3.1-8B-Instruct,GSM_005,canonical,3,117845,-11.805662,-0.017857,54,4370,54,7,4370,32,''
meta-llama/Llama-3.1-8B-Instruct,GSM_005,canonical,4,109501,-11.810833,-0.012673,54,4370,54,7,4370,32,''
meta-llama/Llama-3.1-8B-Instruct,GSM_005,canonical,5,118620,-11.84797,-0.015389,54,4370,54,7,4370,32,''
meta-llama/Llama-3.1-8B-Instruct,GSM_005,canonical,6,108764,-11.822465,-0.009113,54,4370,54,7,4370,32,''
meta-llama/Llama-3.1-8B-Instruct,GSM_005,canonical,7,111526,-11.834187,-0.013854,54,4370,54,7,4370,32,''
meta-llama/Llama-3.1-8B-Instruct,GSM_005,canonical,8,124709,-11.897634,-0.027759,54,4370,54,7,4370,32,''
meta-llama/Llama-3.1-8B-Instruct,GSM_005,canonical,9,108668,-11.841253,-0.014822,54,4370,54,7,4370,32,''
meta-llama/Llama-3.1-8B-Instruct,GSM_005,canonical,10,108566,-11.847773,-0.009001,54,4370,54,7,4370,32,''
meta-llama/Llama-3.1-8B-Instruct,GSM_005,canonical,11,122387,-11.902395,-0.020529,54,4370,54,7,4370,32,''
meta-llama/Llama-3.1-8B-Instruct,GSM_005,canonical,12,106938,-11.851074,-0.010383,54,4370,54,7,4370,32,''
meta-llama/Llama-3.1-8B-Instruct,GSM_005,canonical,13,101398,-11.842814,-0.00879,54,4370,54,7,4370,32,''
meta-llama/Llama-3.1-8B-Instruct,GSM_005,canonical,14,114996,-11.897375,-0.018308,54,4370,54,7,4370,32,''
meta-llama/Llama-3.1-8B-Instruct,GSM_005,canonical,15,31271,-11.691351,0.00797,54,4370,54,7,4370,32,''
meta-llama/Llama-3.1-8B-Instruct,GSM_005,canonical,16,14098,-11.618661,0.012192,54,4370,54,7,4370,32,''
meta-llama/Llama-3.1-8B-Instruct,GSM_005,canonical,17,10488,-11.579519,0.012833,54,4370,54,7,4370,32,''
meta-llama/Llama-3.1-8B-Instruct,GSM_005,canonical,18,9536,-11.548192,0.0104,54,4370,54,7,4370,32,''
meta-llama/Llama-3.1-8B-Instruct,GSM_005,canonical,19,9739,-11.515224,0.008485,54,4370,54,7,4370,32,''
meta-llama/Llama-3.1-8B-Instruct,GSM_005,canonical,20,9245,-11.50895,0.010746,54,4370,54,7,4370,32,''
meta-llama/Llama-3.1-8B-Instruct,GSM_005,canonical,21,6693,-11.41213,0.011976,54,4370,54,7,4370,32,''
meta-llama/Llama-3.1-8B-Instruct,GSM_005,canonical,22,2713,-11.253027,0.019571,54,4370,54,7,4370,32,''
meta-llama/Llama-3.1-8B-Instruct,GSM_005,canonical,23,2019,-11.137064,0.021437,54,4370,54,7,4370,32,''
meta-llama/Llama-3.1-8B-Instruct,GSM_005,canonical,24,1197,-10.95223,0.026184,54,4370,54,7,4370,32,''
meta-llama/Llama-3.1-8B-Instruct,GSM_005,canonical,25,1536,-10.957176,0.023119,54,4370,54,7,4370,32,''
meta-llama/Llama-3.1-8B-Instruct,GSM_005,canonical,26,830,-10.675562,0.030034,54,4370,54,7,4370,32,''
meta-llama/Llama-3.1-8B-Instruct,GSM_005,canonical,27,655,-10.560484,0.032327,54,4370,54,7,4370,32,''
meta-llama/Llama-3.1-8B-Instruct,GSM_005,canonical,28,284,-10.11202,0.043835,54,4370,54,7,4370,32,''
meta-llama/Llama-3.1-8B-Instruct,GSM_005,canonical,29,387,-10.057227,0.040465,54,4370,54,7,4370,32,''
meta-llama/Llama-3.1-8B-Instruct,GSM_005,canonical,30,226,-9.497156,0.054229,54,4370,54,7,4370,32,''
meta-llama/Llama-3.1-8B-Instruct,GSM_005,canonical,31,161,-10.113935,0.09574,54,4370,54,7,4370,32,''
meta-llama/Llama-3.1-8B-Instruct,GSM_005,W3,0,53722,-11.759599,0.003206,54,4370,54,7,4370,32,''
meta-llama/Llama-3.1-8B-Instruct,GSM_005,W3,1,40419,-11.754812,0.007959,54,4370,54,7,4370,32,''
meta-llama/Llama-3.1-8B-Instruct,GSM_005,W3,2,48265,-11.755321,0.005675,54,4370,54,7,4370,32,''
meta-llama/Llama-3.1-8B-Instruct,GSM_005,W3,3,120824,-11.810791,-0.020879,54,4370,54,7,4370,32,''
meta-llama/Llama-3.1-8B-Instruct,GSM_005,W3,4,115171,-11.820608,-0.015478,54,4370,54,7,4370,32,''
meta-llama/Llama-3.1-8B-Instruct,GSM_005,W3,5,120428,-11.854448,-0.016455,54,4370,54,7,4370,32,''
meta-llama/Llama-3.1-8B-Instruct,GSM_005,W3,6,110825,-11.827332,-0.009862,54,4370,54,7,4370,32,''
meta-llama/Llama-3.1-8B-Instruct,GSM_005,W3,7,112885,-11.83763,-0.014715,54,4370,54,7,4370,32,''
meta-llama/Llama-3.1-8B-Instruct,GSM_005,W3,8,125446,-11.905057,-0.029185,54,4370,54,7,4370,32,''
meta-llama/Llama-3.1-8B-Instruct,GSM_005,W3,9,112881,-11.853178,-0.016363,54,4370,54,7,4370,32,''
meta-llama/Llama-3.1-8B-Instruct,GSM_005,W3,10,115245,-11.87074,-0.012513,54,4370,54,7,4370,32,''
meta-llama/Llama-3.1-8B-Instruct,GSM_005,W3,11,123440,-11.911186,-0.021309,54,4370,54,7,4370,32,''
meta-llama/Llama-3.1-8B-Instruct,GSM_005,W3,12,103965,-11.842241,-0.008808,54,4370,54,7,4370,32,''
meta-llama/Llama-3.1-8B-Instruct,GSM_005,W3,13,92165,-11.819918,-0.005859,54,4370,54,7,4370,32,''
meta-llama/Llama-3.1-8B-Instruct,GSM_005,W3,14,118691,-11.917118,-0.020691,54,4370,54,7,4370,32,''
meta-llama/Llama-3.1-8B-Instruct,GSM_005,W3,15,41307,-11.718001,0.00528,54,4370,54,7,4370,32,''
meta-llama/Llama-3.1-8B-Instruct,GSM_005,W3,16,14351,-11.623177,0.013498,54,4370,54,7,4370,32,''
meta-llama/Llama-3.1-8B-Instruct,GSM_005,W3,17,6184,-11.542293,0.018351,54,4370,54,7,4370,32,''
meta-llama/Llama-3.1-8B-Instruct,GSM_005,W3,18,5660,-11.510458,0.017047,54,4370,54,7,4370,32,''
meta-llama/Llama-3.1-8B-Instruct,GSM_005,W3,19,8364,-11.491227,0.010294,54,4370,54,7,4370,32,''
meta-llama/Llama-3.1-8B-Instruct,GSM_005,W3,20,3969,-11.418201,0.017582,54,4370,54,7,4370,32,''
meta-llama/Llama-3.1-8B-Instruct,GSM_005,W3,21,3831,-11.331312,0.016418,54,4370,54,7,4370,32,''
meta-llama/Llama-3.1-8B-Instruct,GSM_005,W3,22,4071,-11.256301,0.014268,54,4370,54,7,4370,32,''
meta-llama/Llama-3.1-8B-Instruct,GSM_005,W3,23,2085,-11.079824,0.021033,54,4370,54,7,4370,32,''
meta-llama/Llama-3.1-8B-Instruct,GSM_005,W3,24,877,-10.827056,0.029919,54,4370,54,7,4370,32,''
meta-llama/Llama-3.1-8B-Instruct,GSM_005,W3,25,711,-10.862039,0.030489,54,4370,54,7,4370,32,''
meta-llama/Llama-3.1-8B-Instruct,GSM_005,W3,26,264,-10.508142,0.040736,54,4370,54,7,4370,32,''
meta-llama/Llama-3.1-8B-Instruct,GSM_005,W3,27,279,-10.449446,0.041128,54,4370,54,7,4370,32,''
meta-llama/Llama-3.1-8B-Instruct,GSM_005,W3,28,126,-10.090254,0.049965,54,4370,54,7,4370,32,''
meta-llama/Llama-3.1-8B-Instruct,GSM_005,W3,29,218,-10.139754,0.045257,54,4370,54,7,4370,32,''
meta-llama/Llama-3.1-8B-Instruct,GSM_005,W3,30,264,-9.781641,0.050835,54,4370,54,7,4370,32,''
meta-llama/Llama-3.1-8B-Instruct,GSM_005,W3,31,255,-6.891891,0.12903,54,4370,54,7,4370,32,''
meta-llama/Llama-3.1-8B-Instruct,GSM_006,canonical,0,115510,-11.775701,-0.017113,546,22048,546,6,22048,32,''
meta-llama/Llama-3.1-8B-Instruct,GSM_006,canonical,1,63869,-11.761733,0.000277,546,22048,546,6,22048,32,''
meta-llama/Llama-3.1-8B-Instruct,GSM_006,canonical,2,64363,-11.762173,0.000761,546,22048,546,6,22048,32,''
meta-llama/Llama-3.1-8B-Instruct,GSM_006,canonical,3,105596,-11.791427,-0.007101,546,22048,546,6,22048,32,''
meta-llama/Llama-3.1-8B-Instruct,GSM_006,canonical,4,86848,-11.784175,-0.001483,546,22048,546,6,22048,32,''
meta-llama/Llama-3.1-8B-Instruct,GSM_006,canonical,5,67806,-11.768379,0.007682,546,22048,546,6,22048,32,''
meta-llama/Llama-3.1-8B-Instruct,GSM_006,canonical,6,54280,-11.753033,0.01076,546,22048,546,6,22048,32,''
meta-llama/Llama-3.1-8B-Instruct,GSM_006,canonical,7,88319,-11.794732,-0.001932,546,22048,546,6,22048,32,''
meta-llama/Llama-3.1-8B-Instruct,GSM_006,canonical,8,111439,-11.841014,-0.011562,546,22048,546,6,22048,32,''
meta-llama/Llama-3.1-8B-Instruct,GSM_006,canonical,9,101359,-11.824959,-0.008251,546,22048,546,6,22048,32,''
meta-llama/Llama-3.1-8B-Instruct,GSM_006,canonical,10,71210,-11.777239,0.004993,546,22048,546,6,22048,32,''
meta-llama/Llama-3.1-8B-Instruct,GSM_006,canonical,11,74995,-11.782654,0.004149,546,22048,546,6,22048,32,''
meta-llama/Llama-3.1-8B-Instruct,GSM_006,canonical,12,111257,-11.862711,-0.009826,546,22048,546,6,22048,32,''
meta-llama/Llama-3.1-8B-Instruct,GSM_006,canonical,13,83881,-11.802444,-0.002611,546,22048,546,6,22048,32,''
meta-llama/Llama-3.1-8B-Instruct,GSM_006,canonical,14,84323,-11.809237,-0.002968,546,22048,546,6,22048,32,''
meta-llama/Llama-3.1-8B-Instruct,GSM_006,canonical,15,85130,-11.811041,-0.006601,546,22048,546,6,22048,32,''
meta-llama/Llama-3.1-8B-Instruct,GSM_006,canonical,16,73850,-11.790905,-0.007913,546,22048,546,6,22048,32,''
meta-llama/Llama-3.1-8B-Instruct,GSM_006,canonical,17,63703,-11.767927,-0.008032,546,22048,546,6,22048,32,''
meta-llama/Llama-3.1-8B-Instruct,GSM_006,canonical,18,23360,-11.631999,0.001461,546,22048,546,6,22048,32,''
meta-llama/Llama-3.1-8B-Instruct,GSM_006,canonical,19,7941,-11.509722,0.009479,546,22048,546,6,22048,32,''
meta-llama/Llama-3.1-8B-Instruct,GSM_006,canonical,20,3118,-11.427774,0.017523,546,22048,546,6,22048,32,''
meta-llama/Llama-3.1-8B-Instruct,GSM_006,canonical,21,2638,-11.346319,0.017601,546,22048,546,6,22048,32,''
meta-llama/Llama-3.1-8B-Instruct,GSM_006,canonical,22,1869,-11.253027,0.0193,546,22048,546,6,22048,32,''
meta-llama/Llama-3.1-8B-Instruct,GSM_006,canonical,23,1922,-11.177625,0.018893,546,22048,546,6,22048,32,''
meta-llama/Llama-3.1-8B-Instruct,GSM_006,canonical,24,3827,-11.178473,0.013045,546,22048,546,6,22048,32,''
meta-llama/Llama-3.1-8B-Instruct,GSM_006,canonical,25,9288,-11.305675,0.004637,546,22048,546,6,22048,32,''
meta-llama/Llama-3.1-8B-Instruct,GSM_006,canonical,26,15986,-11.3572,-0.000807,546,22048,546,6,22048,32,''
meta-llama/Llama-3.1-8B-Instruct,GSM_006,canonical,27,6887,-11.160038,0.007953,546,22048,546,6,22048,32,''
meta-llama/Llama-3.1-8B-Instruct,GSM_006,canonical,28,3997,-10.885855,0.013117,546,22048,546,6,22048,32,''
meta-llama/Llama-3.1-8B-Instruct,GSM_006,canonical,29,6238,-10.97336,0.010863,546,22048,546,6,22048,32,''
meta-llama/Llama-3.1-8B-Instruct,GSM_006,canonical,30,4139,-10.729903,0.016229,546,22048,546,6,22048,32,''
meta-llama/Llama-3.1-8B-Instruct,GSM_006,canonical,31,447,-12.455775,0.06536,546,22048,546,6,22048,32,''
meta-llama/Llama-3.1-8B-Instruct,GSM_006,W3,0,113979,-11.775071,-0.016476,546,22048,546,6,22048,32,''
meta-llama/Llama-3.1-8B-Instruct,GSM_006,W3,1,61862,-11.761162,0.001254,546,22048,546,6,22048,32,''
meta-llama/Llama-3.1-8B-Instruct,GSM_006,W3,2,57982,-11.759481,0.002449,546,22048,546,6,22048,32,''
meta-llama/Llama-3.1-8B-Instruct,GSM_006,W3,3,103590,-11.789064,-0.006528,546,22048,546,6,22048,32,''
meta-llama/Llama-3.1-8B-Instruct,GSM_006,W3,4,93866,-11.791279,-0.00362,546,22048,546,6,22048,32,''
meta-llama/Llama-3.1-8B-Instruct,GSM_006,W3,5,75847,-11.777785,0.006127,546,22048,546,6,22048,32,''
meta-llama/Llama-3.1-8B-Instruct,GSM_006,W3,6,53529,-11.752164,0.010721,546,22048,546,6,22048,32,''
meta-llama/Llama-3.1-8B-Instruct,GSM_006,W3,7,84224,-11.789566,-0.001162,546,22048,546,6,22048,32,''
meta-llama/Llama-3.1-8B-Instruct,GSM_006,W3,8,112880,-11.845168,-0.011783,546,22048,546,6,22048,32,''
meta-llama/Llama-3.1-8B-Instruct,GSM_006,W3,9,91311,-11.807212,-0.004522,546,22048,546,6,22048,32,''
meta-llama/Llama-3.1-8B-Instruct,GSM_006,W3,10,68519,-11.773415,0.00707,546,22048,546,6,22048,32,''
meta-llama/Llama-3.1-8B-Instruct,GSM_006,W3,11,57713,-11.755469,0.010555,546,22048,546,6,22048,32,''
meta-llama/Llama-3.1-8B-Instruct,GSM_006,W3,12,90580,-11.814162,-0.001774,546,22048,546,6,22048,32,''
meta-llama/Llama-3.1-8B-Instruct,GSM_006,W3,13,89623,-11.814625,-0.004479,546,22048,546,6,22048,32,''
meta-llama/Llama-3.1-8B-Instruct,GSM_006,W3,14,102782,-11.856697,-0.008621,546,22048,546,6,22048,32,''
meta-llama/Llama-3.1-8B-Instruct,GSM_006,W3,15,106964,-11.870445,-0.014094,546,22048,546,6,22048,32,''
meta-llama/Llama-3.1-8B-Instruct,GSM_006,W3,16,91927,-11.836957,-0.013115,546,22048,546,6,22048,32,''
meta-llama/Llama-3.1-8B-Instruct,GSM_006,W3,17,96186,-11.864072,-0.017365,546,22048,546,6,22048,32,''
meta-llama/Llama-3.1-8B-Instruct,GSM_006,W3,18,43515,-11.705167,-0.004367,546,22048,546,6,22048,32,''
meta-llama/Llama-3.1-8B-Instruct,GSM_006,W3,19,15716,-11.56402,0.004485,546,22048,546,6,22048,32,''
meta-llama/Llama-3.1-8B-Instruct,GSM_006,W3,20,8959,-11.503846,0.009857,546,22048,546,6,22048,32,''
meta-llama/Llama-3.1-8B-Instruct,GSM_006,W3,21,3366,-11.328373,0.015495,546,22048,546,6,22048,32,''
meta-llama/Llama-3.1-8B-Instruct,GSM_006,W3,22,2223,-11.203743,0.017933,546,22048,546,6,22048,32,''
meta-llama/Llama-3.1-8B-Instruct,GSM_006,W3,23,1364,-11.039368,0.021634,546,22048,546,6,22048,32,''
meta-llama/Llama-3.1-8B-Instruct,GSM_006,W3,24,5909,-11.170003,0.009181,546,22048,546,6,22048,32,''
meta-llama/Llama-3.1-8B-Instruct,GSM_006,W3,25,11656,-11.318255,0.003515,546,22048,546,6,22048,32,''
meta-llama/Llama-3.1-8B-Instruct,GSM_006,W3,26,11597,-11.244679,0.003458,546,22048,546,6,22048,32,''
meta-llama/Llama-3.1-8B-Instruct,GSM_006,W3,27,7600,-11.140354,0.008575,546,22048,546,6,22048,32,''
meta-llama/Llama-3.1-8B-Instruct,GSM_006,W3,28,6253,-10.994625,0.010909,546,22048,546,6,22048,32,''
meta-llama/Llama-3.1-8B-Instruct,GSM_006,W3,29,4079,-10.873362,0.016413,546,22048,546,6,22048,32,''
meta-llama/Llama-3.1-8B-Instruct,GSM_006,W3,30,767,-10.171492,0.034811,546,22048,546,6,22048,32,''
meta-llama/Llama-3.1-8B-Instruct,GSM_006,W3,31,143,-6.381305,0.117199,546,22048,546,6,22048,32,''
meta-llama/Llama-3.1-8B-Instruct,GSM_007,canonical,0,73267,-11.763693,-0.002285,30,966,30,87,966,32,''
meta-llama/Llama-3.1-8B-Instruct,GSM_007,canonical,1,103519,-11.774393,-0.01398,30,966,30,87,966,32,''
meta-llama/Llama-3.1-8B-Instruct,GSM_007,canonical,2,109027,-11.78476,-0.016178,30,966,30,87,966,32,''
meta-llama/Llama-3.1-8B-Instruct,GSM_007,canonical,3,118617,-11.807374,-0.017595,30,966,30,87,966,32,''
meta-llama/Llama-3.1-8B-Instruct,GSM_007,canonical,4,121821,-11.837887,-0.022282,30,966,30,87,966,32,''
meta-llama/Llama-3.1-8B-Instruct,GSM_007,canonical,5,121399,-11.857562,-0.017985,30,966,30,87,966,32,''
meta-llama/Llama-3.1-8B-Instruct,GSM_007,canonical,6,117018,-11.842353,-0.01396,30,966,30,87,966,32,''
meta-llama/Llama-3.1-8B-Instruct,GSM_007,canonical,7,114793,-11.84306,-0.015374,30,966,30,87,966,32,''
meta-llama/Llama-3.1-8B-Instruct,GSM_007,canonical,8,104857,-11.82688,-0.009951,30,966,30,87,966,32,''
meta-llama/Llama-3.1-8B-Instruct,GSM_007,canonical,9,102463,-11.826421,-0.010316,30,966,30,87,966,32,''
meta-llama/Llama-3.1-8B-Instruct,GSM_007,canonical,10,80865,-11.792897,0.002679,30,966,30,87,966,32,''
meta-llama/Llama-3.1-8B-Instruct,GSM_007,canonical,11,104657,-11.836737,-0.006618,30,966,30,87,966,32,''
meta-llama/Llama-3.1-8B-Instruct,GSM_007,canonical,12,104587,-11.844291,-0.009004,30,966,30,87,966,32,''
meta-llama/Llama-3.1-8B-Instruct,GSM_007,canonical,13,104941,-11.852005,-0.010411,30,966,30,87,966,32,''
meta-llama/Llama-3.1-8B-Instruct,GSM_007,canonical,14,113147,-11.889366,-0.016346,30,966,30,87,966,32,''
meta-llama/Llama-3.1-8B-Instruct,GSM_007,canonical,15,94389,-11.836246,-0.010755,30,966,30,87,966,32,''
meta-llama/Llama-3.1-8B-Instruct,GSM_007,canonical,16,103830,-11.874167,-0.018034,30,966,30,87,966,32,''
meta-llama/Llama-3.1-8B-Instruct,GSM_007,canonical,17,54699,-11.744535,-0.004978,30,966,30,87,966,32,''
meta-llama/Llama-3.1-8B-Instruct,GSM_007,canonical,18,49974,-11.728549,-0.007488,30,966,30,87,966,32,''
meta-llama/Llama-3.1-8B-Instruct,GSM_007,canonical,19,35717,-11.673689,-0.003729,30,966,30,87,966,32,''
meta-llama/Llama-3.1-8B-Instruct,GSM_007,canonical,20,59042,-11.756061,-0.01067,30,966,30,87,966,32,''
meta-llama/Llama-3.1-8B-Instruct,GSM_007,canonical,21,32279,-11.635517,-0.005289,30,966,30,87,966,32,''
meta-llama/Llama-3.1-8B-Instruct,GSM_007,canonical,22,13338,-11.469926,0.00404,30,966,30,87,966,32,''
meta-llama/Llama-3.1-8B-Instruct,GSM_007,canonical,23,8436,-11.347365,0.007648,30,966,30,87,966,32,''
meta-llama/Llama-3.1-8B-Instruct,GSM_007,canonical,24,14289,-11.377749,7.7e-05,30,966,30,87,966,32,''
meta-llama/Llama-3.1-8B-Instruct,GSM_007,canonical,25,9476,-11.281514,0.004417,30,966,30,87,966,32,''
meta-llama/Llama-3.1-8B-Instruct,GSM_007,canonical,26,3825,-11.022658,0.0139,30,966,30,87,966,32,''
meta-llama/Llama-3.1-8B-Instruct,GSM_007,canonical,27,1309,-10.730021,0.024032,30,966,30,87,966,32,''
meta-llama/Llama-3.1-8B-Instruct,GSM_007,canonical,28,1678,-10.589067,0.022694,30,966,30,87,966,32,''
meta-llama/Llama-3.1-8B-Instruct,GSM_007,canonical,29,1020,-10.368664,0.028145,30,966,30,87,966,32,''
meta-llama/Llama-3.1-8B-Instruct,GSM_007,canonical,30,281,-9.719768,0.046599,30,966,30,87,966,32,''
meta-llama/Llama-3.1-8B-Instruct,GSM_007,canonical,31,48,-8.623212,0.110554,30,966,30,87,966,32,''
meta-llama/Llama-3.1-8B-Instruct,GSM_007,W3,0,72277,-11.763502,-0.002301,30,966,30,87,966,32,''
meta-llama/Llama-3.1-8B-Instruct,GSM_007,W3,1,103296,-11.774442,-0.013634,30,966,30,87,966,32,''
meta-llama/Llama-3.1-8B-Instruct,GSM_007,W3,2,107038,-11.783411,-0.01509,30,966,30,87,966,32,''
meta-llama/Llama-3.1-8B-Instruct,GSM_007,W3,3,118547,-11.806609,-0.017648,30,966,30,87,966,32,''
meta-llama/Llama-3.1-8B-Instruct,GSM_007,W3,4,120236,-11.831915,-0.020015,30,966,30,87,966,32,''
meta-llama/Llama-3.1-8B-Instruct,GSM_007,W3,5,121612,-11.858569,-0.017717,30,966,30,87,966,32,''
meta-llama/Llama-3.1-8B-Instruct,GSM_007,W3,6,116214,-11.839,-0.013685,30,966,30,87,966,32,''
meta-llama/Llama-3.1-8B-Instruct,GSM_007,W3,7,113155,-11.838296,-0.014699,30,966,30,87,966,32,''
meta-llama/Llama-3.1-8B-Instruct,GSM_007,W3,8,96374,-11.811282,-0.006408,30,966,30,87,966,32,''
meta-llama/Llama-3.1-8B-Instruct,GSM_007,W3,9,94319,-11.812,-0.006849,30,966,30,87,966,32,''
meta-llama/Llama-3.1-8B-Instruct,GSM_007,W3,10,99544,-11.828677,-0.003,30,966,30,87,966,32,''
meta-llama/Llama-3.1-8B-Instruct,GSM_007,W3,11,113344,-11.863573,-0.010184,30,966,30,87,966,32,''
meta-llama/Llama-3.1-8B-Instruct,GSM_007,W3,12,109075,-11.856527,-0.010663,30,966,30,87,966,32,''
meta-llama/Llama-3.1-8B-Instruct,GSM_007,W3,13,113245,-11.878526,-0.014944,30,966,30,87,966,32,''
meta-llama/Llama-3.1-8B-Instruct,GSM_007,W3,14,121739,-11.940958,-0.022766,30,966,30,87,966,32,''
meta-llama/Llama-3.1-8B-Instruct,GSM_007,W3,15,108230,-11.876601,-0.016192,30,966,30,87,966,32,''
meta-llama/Llama-3.1-8B-Instruct,GSM_007,W3,16,116426,-11.926884,-0.025002,30,966,30,87,966,32,''
meta-llama/Llama-3.1-8B-Instruct,GSM_007,W3,17,59909,-11.758398,-0.006379,30,966,30,87,966,32,''
meta-llama/Llama-3.1-8B-Instruct,GSM_007,W3,18,39789,-11.693928,-0.002691,30,966,30,87,966,32,''
meta-llama/Llama-3.1-8B-Instruct,GSM_007,W3,19,22677,-11.59711,0.00085,30,966,30,87,966,32,''
meta-llama/Llama-3.1-8B-Instruct,GSM_007,W3,20,25754,-11.610055,-0.000892,30,966,30,87,966,32,''
meta-llama/Llama-3.1-8B-Instruct,GSM_007,W3,21,10281,-11.439185,0.007771,30,966,30,87,966,32,''
meta-llama/Llama-3.1-8B-Instruct,GSM_007,W3,22,2909,-11.226001,0.018605,30,966,30,87,966,32,''
meta-llama/Llama-3.1-8B-Instruct,GSM_007,W3,23,678,-10.915846,0.033468,30,966,30,87,966,32,''
meta-llama/Llama-3.1-8B-Instruct,GSM_007,W3,24,345,-10.663409,0.04094,30,966,30,87,966,32,''
meta-llama/Llama-3.1-8B-Instruct,GSM_007,W3,25,118,-10.525445,0.050534,30,966,30,87,966,32,''
meta-llama/Llama-3.1-8B-Instruct,GSM_007,W3,26,118,-10.280874,0.051393,30,966,30,87,966,32,''
meta-llama/Llama-3.1-8B-Instruct,GSM_007,W3,27,34,-9.849279,0.068164,30,966,30,87,966,32,''
meta-llama/Llama-3.1-8B-Instruct,GSM_007,W3,28,56,-9.698482,0.063088,30,966,30,87,966,32,''
meta-llama/Llama-3.1-8B-Instruct,GSM_007,W3,29,19,-9.252309,0.078369,30,966,30,87,966,32,''
meta-llama/Llama-3.1-8B-Instruct,GSM_007,W3,30,15,-8.408281,0.091645,30,966,30,87,966,32,''
meta-llama/Llama-3.1-8B-Instruct,GSM_007,W3,31,9,-3.714423,0.172125,30,966,30,87,966,32,''
meta-llama/Llama-3.1-8B-Instruct,GSM_008,canonical,0,71161,-11.76322,-0.001614,1024,4278,102,6,4278,32,''
meta-llama/Llama-3.1-8B-Instruct,GSM_008,canonical,1,109600,-11.777079,-0.015153,1024,4278,102,6,4278,32,''
meta-llama/Llama-3.1-8B-Instruct,GSM_008,canonical,2,126494,-11.811432,-0.031383,1024,4278,102,6,4278,32,''
meta-llama/Llama-3.1-8B-Instruct,GSM_008,canonical,3,125689,-11.826566,-0.024361,1024,4278,102,6,4278,32,''
meta-llama/Llama-3.1-8B-Instruct,GSM_008,canonical,4,110809,-11.812654,-0.010571,1024,4278,102,6,4278,32,''
meta-llama/Llama-3.1-8B-Instruct,GSM_008,canonical,5,127835,-11.927337,-0.033181,1024,4278,102,6,4278,32,''
meta-llama/Llama-3.1-8B-Instruct,GSM_008,canonical,6,126260,-11.890665,-0.023957,1024,4278,102,6,4278,32,''
meta-llama/Llama-3.1-8B-Instruct,GSM_008,canonical,7,96276,-11.80674,-0.00462,1024,4278,102,6,4278,32,''
meta-llama/Llama-3.1-8B-Instruct,GSM_008,canonical,8,104120,-11.825574,-0.007909,1024,4278,102,6,4278,32,''
meta-llama/Llama-3.1-8B-Instruct,GSM_008,canonical,9,18001,-11.682358,0.018115,1024,4278,102,6,4278,32,''
meta-llama/Llama-3.1-8B-Instruct,GSM_008,canonical,10,77898,-11.788456,0.004575,1024,4278,102,6,4278,32,''
meta-llama/Llama-3.1-8B-Instruct,GSM_008,canonical,11,31570,-11.710042,0.019633,1024,4278,102,6,4278,32,''
meta-llama/Llama-3.1-8B-Instruct,GSM_008,canonical,12,57554,-11.754863,0.008613,1024,4278,102,6,4278,32,''
meta-llama/Llama-3.1-8B-Instruct,GSM_008,canonical,13,66688,-11.771467,0.001717,1024,4278,102,6,4278,32,''
meta-llama/Llama-3.1-8B-Instruct,GSM_008,canonical,14,51139,-11.742486,0.007224,1024,4278,102,6,4278,32,''
meta-llama/Llama-3.1-8B-Instruct,GSM_008,canonical,15,55213,-11.748963,0.002505,1024,4278,102,6,4278,32,''
meta-llama/Llama-3.1-8B-Instruct,GSM_008,canonical,16,43894,-11.71973,0.001145,1024,4278,102,6,4278,32,''
meta-llama/Llama-3.1-8B-Instruct,GSM_008,canonical,17,21475,-11.631576,0.005203,1024,4278,102,6,4278,32,''
meta-llama/Llama-3.1-8B-Instruct,GSM_008,canonical,18,21974,-11.618533,0.002458,1024,4278,102,6,4278,32,''
meta-llama/Llama-3.1-8B-Instruct,GSM_008,canonical,19,45800,-11.705002,-0.007715,1024,4278,102,6,4278,32,''
meta-llama/Llama-3.1-8B-Instruct,GSM_008,canonical,20,12628,-11.532801,0.00597,1024,4278,102,6,4278,32,''
meta-llama/Llama-3.1-8B-Instruct,GSM_008,canonical,21,4988,-11.370996,0.01203,1024,4278,102,6,4278,32,''
meta-llama/Llama-3.1-8B-Instruct,GSM_008,canonical,22,1780,-11.183,0.019409,1024,4278,102,6,4278,32,''
meta-llama/Llama-3.1-8B-Instruct,GSM_008,canonical,23,2023,-11.104385,0.018613,1024,4278,102,6,4278,32,''
meta-llama/Llama-3.1-8B-Instruct,GSM_008,canonical,24,1030,-10.914141,0.024387,1024,4278,102,6,4278,32,''
meta-llama/Llama-3.1-8B-Instruct,GSM_008,canonical,25,555,-10.814095,0.028584,1024,4278,102,6,4278,32,''
meta-llama/Llama-3.1-8B-Instruct,GSM_008,canonical,26,51,-10.083621,0.05501,1024,4278,102,6,4278,32,''
meta-llama/Llama-3.1-8B-Instruct,GSM_008,canonical,27,36,-9.930817,0.057485,1024,4278,102,6,4278,32,''
meta-llama/Llama-3.1-8B-Instruct,GSM_008,canonical,28,63,-9.797782,0.052091,1024,4278,102,6,4278,32,''
meta-llama/Llama-3.1-8B-Instruct,GSM_008,canonical,29,54,-9.599426,0.054482,1024,4278,102,6,4278,32,''
meta-llama/Llama-3.1-8B-Instruct,GSM_008,canonical,30,23,-8.65511,0.071357,1024,4278,102,6,4278,32,''
meta-llama/Llama-3.1-8B-Instruct,GSM_008,canonical,31,7,-4.054271,0.131153,1024,4278,102,6,4278,32,''
meta-llama/Llama-3.1-8B-Instruct,GSM_008,W3,0,63253,-11.761601,0.000331,1024,4278,102,6,4278,32,''
meta-llama/Llama-3.1-8B-Instruct,GSM_008,W3,1,102585,-11.774102,-0.011806,1024,4278,102,6,4278,32,''
meta-llama/Llama-3.1-8B-Instruct,GSM_008,W3,2,126181,-11.810149,-0.030342,1024,4278,102,6,4278,32,''
meta-llama/Llama-3.1-8B-Instruct,GSM_008,W3,3,123994,-11.819364,-0.021283,1024,4278,102,6,4278,32,''
meta-llama/Llama-3.1-8B-Instruct,GSM_008,W3,4,97273,-11.794622,-0.004951,1024,4278,102,6,4278,32,''
meta-llama/Llama-3.1-8B-Instruct,GSM_008,W3,5,127229,-11.906224,-0.028029,1024,4278,102,6,4278,32,''
meta-llama/Llama-3.1-8B-Instruct,GSM_008,W3,6,125479,-11.881141,-0.022236,1024,4278,102,6,4278,32,''
meta-llama/Llama-3.1-8B-Instruct,GSM_008,W3,7,92319,-11.800598,-0.003676,1024,4278,102,6,4278,32,''
meta-llama/Llama-3.1-8B-Instruct,GSM_008,W3,8,97400,-11.81265,-0.005489,1024,4278,102,6,4278,32,''
meta-llama/Llama-3.1-8B-Instruct,GSM_008,W3,9,25211,-11.700593,0.014776,1024,4278,102,6,4278,32,''
meta-llama/Llama-3.1-8B-Instruct,GSM_008,W3,10,77637,-11.788813,0.005242,1024,4278,102,6,4278,32,''
meta-llama/Llama-3.1-8B-Instruct,GSM_008,W3,11,11116,-11.649781,0.030644,1024,4278,102,6,4278,32,''
meta-llama/Llama-3.1-8B-Instruct,GSM_008,W3,12,46871,-11.736601,0.010706,1024,4278,102,6,4278,32,''
meta-llama/Llama-3.1-8B-Instruct,GSM_008,W3,13,42808,-11.727108,0.008605,1024,4278,102,6,4278,32,''
meta-llama/Llama-3.1-8B-Instruct,GSM_008,W3,14,43279,-11.725351,0.009965,1024,4278,102,6,4278,32,''
meta-llama/Llama-3.1-8B-Instruct,GSM_008,W3,15,30667,-11.693162,0.008709,1024,4278,102,6,4278,32,''
meta-llama/Llama-3.1-8B-Instruct,GSM_008,W3,16,53757,-11.743993,-0.000912,1024,4278,102,6,4278,32,''
meta-llama/Llama-3.1-8B-Instruct,GSM_008,W3,17,20405,-11.628289,0.00672,1024,4278,102,6,4278,32,''
meta-llama/Llama-3.1-8B-Instruct,GSM_008,W3,18,34513,-11.67477,-0.00085,1024,4278,102,6,4278,32,''
meta-llama/Llama-3.1-8B-Instruct,GSM_008,W3,19,47634,-11.715577,-0.0059,1024,4278,102,6,4278,32,''
meta-llama/Llama-3.1-8B-Instruct,GSM_008,W3,20,8472,-11.494217,0.010428,1024,4278,102,6,4278,32,''
meta-llama/Llama-3.1-8B-Instruct,GSM_008,W3,21,3647,-11.336037,0.016096,1024,4278,102,6,4278,32,''
meta-llama/Llama-3.1-8B-Instruct,GSM_008,W3,22,2408,-11.213476,0.018562,1024,4278,102,6,4278,32,''
meta-llama/Llama-3.1-8B-Instruct,GSM_008,W3,23,3834,-11.194731,0.01488,1024,4278,102,6,4278,32,''
meta-llama/Llama-3.1-8B-Instruct,GSM_008,W3,24,1486,-10.993246,0.022144,1024,4278,102,6,4278,32,''
meta-llama/Llama-3.1-8B-Instruct,GSM_008,W3,25,672,-10.917997,0.02854,1024,4278,102,6,4278,32,''
meta-llama/Llama-3.1-8B-Instruct,GSM_008,W3,26,36,-10.140629,0.054238,1024,4278,102,6,4278,32,''
meta-llama/Llama-3.1-8B-Instruct,GSM_008,W3,27,29,-10.055838,0.056736,1024,4278,102,6,4278,32,''
meta-llama/Llama-3.1-8B-Instruct,GSM_008,W3,28,136,-10.291553,0.042128,1024,4278,102,6,4278,32,''
meta-llama/Llama-3.1-8B-Instruct,GSM_008,W3,29,49,-9.893457,0.052484,1024,4278,102,6,4278,32,''
meta-llama/Llama-3.1-8B-Instruct,GSM_008,W3,30,26,-9.130071,0.065533,1024,4278,102,6,4278,32,''
meta-llama/Llama-3.1-8B-Instruct,GSM_008,W3,31,4,-3.994879,0.151257,1024,4278,102,6,4278,32,''
meta-llama/Llama-3.1-8B-Instruct,GSM_009,canonical,0,59803,-11.76088,0.001792,49,2491,49,6,2491,32,''
meta-llama/Llama-3.1-8B-Instruct,GSM_009,canonical,1,83624,-11.767488,-0.005496,49,2491,49,6,2491,32,''
meta-llama/Llama-3.1-8B-Instruct,GSM_009,canonical,2,75691,-11.767094,-0.002169,49,2491,49,6,2491,32,''
meta-llama/Llama-3.1-8B-Instruct,GSM_009,canonical,3,109543,-11.7954,-0.009615,49,2491,49,6,2491,32,''
meta-llama/Llama-3.1-8B-Instruct,GSM_009,canonical,4,114755,-11.820693,-0.01405,49,2491,49,6,2491,32,''
meta-llama/Llama-3.1-8B-Instruct,GSM_009,canonical,5,123058,-11.867054,-0.019224,49,2491,49,6,2491,32,''
meta-llama/Llama-3.1-8B-Instruct,GSM_009,canonical,6,125685,-11.885075,-0.024977,49,2491,49,6,2491,32,''
meta-llama/Llama-3.1-8B-Instruct,GSM_009,canonical,7,99182,-11.811598,-0.005728,49,2491,49,6,2491,32,''
meta-llama/Llama-3.1-8B-Instruct,GSM_009,canonical,8,110274,-11.83872,-0.011914,49,2491,49,6,2491,32,''
meta-llama/Llama-3.1-8B-Instruct,GSM_009,canonical,9,122518,-11.890894,-0.022978,49,2491,49,6,2491,32,''
meta-llama/Llama-3.1-8B-Instruct,GSM_009,canonical,10,126448,-11.946032,-0.028116,49,2491,49,6,2491,32,''
meta-llama/Llama-3.1-8B-Instruct,GSM_009,canonical,11,127224,-11.964352,-0.031862,49,2491,49,6,2491,32,''
meta-llama/Llama-3.1-8B-Instruct,GSM_009,canonical,12,89858,-11.810298,-0.003203,49,2491,49,6,2491,32,''
meta-llama/Llama-3.1-8B-Instruct,GSM_009,canonical,13,105649,-11.853444,-0.01116,49,2491,49,6,2491,32,''
meta-llama/Llama-3.1-8B-Instruct,GSM_009,canonical,14,105185,-11.861617,-0.01166,49,2491,49,6,2491,32,''
meta-llama/Llama-3.1-8B-Instruct,GSM_009,canonical,15,95190,-11.838434,-0.011702,49,2491,49,6,2491,32,''
meta-llama/Llama-3.1-8B-Instruct,GSM_009,canonical,16,34118,-11.694816,0.004483,49,2491,49,6,2491,32,''
meta-llama/Llama-3.1-8B-Instruct,GSM_009,canonical,17,13449,-11.602187,0.010958,49,2491,49,6,2491,32,''
meta-llama/Llama-3.1-8B-Instruct,GSM_009,canonical,18,3892,-11.490805,0.017357,49,2491,49,6,2491,32,''
meta-llama/Llama-3.1-8B-Instruct,GSM_009,canonical,19,3214,-11.430813,0.017986,49,2491,49,6,2491,32,''
meta-llama/Llama-3.1-8B-Instruct,GSM_009,canonical,20,6631,-11.480631,0.013165,49,2491,49,6,2491,32,''
meta-llama/Llama-3.1-8B-Instruct,GSM_009,canonical,21,11508,-11.481534,0.00583,49,2491,49,6,2491,32,''
meta-llama/Llama-3.1-8B-Instruct,GSM_009,canonical,22,6550,-11.37856,0.011011,49,2491,49,6,2491,32,''
meta-llama/Llama-3.1-8B-Instruct,GSM_009,canonical,23,5351,-11.287765,0.011823,49,2491,49,6,2491,32,''
meta-llama/Llama-3.1-8B-Instruct,GSM_009,canonical,24,3099,-11.120617,0.016008,49,2491,49,6,2491,32,''
meta-llama/Llama-3.1-8B-Instruct,GSM_009,canonical,25,3783,-11.126028,0.013033,49,2491,49,6,2491,32,''
meta-llama/Llama-3.1-8B-Instruct,GSM_009,canonical,26,2434,-10.920484,0.01725,49,2491,49,6,2491,32,''
meta-llama/Llama-3.1-8B-Instruct,GSM_009,canonical,27,3818,-10.965627,0.012751,49,2491,49,6,2491,32,''
meta-llama/Llama-3.1-8B-Instruct,GSM_009,canonical,28,3110,-10.748929,0.015858,49,2491,49,6,2491,32,''
meta-llama/Llama-3.1-8B-Instruct,GSM_009,canonical,29,1338,-10.429182,0.025633,49,2491,49,6,2491,32,''
meta-llama/Llama-3.1-8B-Instruct,GSM_009,canonical,30,455,-9.839051,0.042189,49,2491,49,6,2491,32,''
meta-llama/Llama-3.1-8B-Instruct,GSM_009,canonical,31,324,-12.701677,0.089441,49,2491,49,6,2491,32,''
meta-llama/Llama-3.1-8B-Instruct,GSM_009,W3,0,50572,-11.759007,0.004166,49,2491,49,6,2491,32,''
meta-llama/Llama-3.1-8B-Instruct,GSM_009,W3,1,86467,-11.768418,-0.006733,49,2491,49,6,2491,32,''
meta-llama/Llama-3.1-8B-Instruct,GSM_009,W3,2,72137,-11.765521,-0.001364,49,2491,49,6,2491,32,''
meta-llama/Llama-3.1-8B-Instruct,GSM_009,W3,3,108994,-11.794228,-0.010175,49,2491,49,6,2491,32,''
meta-llama/Llama-3.1-8B-Instruct,GSM_009,W3,4,113585,-11.818226,-0.013161,49,2491,49,6,2491,32,''
meta-llama/Llama-3.1-8B-Instruct,GSM_009,W3,5,122447,-11.86275,-0.017965,49,2491,49,6,2491,32,''
meta-llama/Llama-3.1-8B-Instruct,GSM_009,W3,6,125160,-11.880281,-0.023887,49,2491,49,6,2491,32,''
meta-llama/Llama-3.1-8B-Instruct,GSM_009,W3,7,106626,-11.824717,-0.009588,49,2491,49,6,2491,32,''
meta-llama/Llama-3.1-8B-Instruct,GSM_009,W3,8,114493,-11.850565,-0.014066,49,2491,49,6,2491,32,''
meta-llama/Llama-3.1-8B-Instruct,GSM_009,W3,9,124892,-11.91054,-0.026701,49,2491,49,6,2491,32,''
meta-llama/Llama-3.1-8B-Instruct,GSM_009,W3,10,126947,-11.962895,-0.029248,49,2491,49,6,2491,32,''
meta-llama/Llama-3.1-8B-Instruct,GSM_009,W3,11,127694,-11.990336,-0.034935,49,2491,49,6,2491,32,''
meta-llama/Llama-3.1-8B-Instruct,GSM_009,W3,12,88853,-11.808928,-0.002219,49,2491,49,6,2491,32,''
meta-llama/Llama-3.1-8B-Instruct,GSM_009,W3,13,101888,-11.844119,-0.009352,49,2491,49,6,2491,32,''
meta-llama/Llama-3.1-8B-Instruct,GSM_009,W3,14,104495,-11.860291,-0.010827,49,2491,49,6,2491,32,''
meta-llama/Llama-3.1-8B-Instruct,GSM_009,W3,15,90536,-11.824721,-0.008738,49,2491,49,6,2491,32,''
meta-llama/Llama-3.1-8B-Instruct,GSM_009,W3,16,34775,-11.699019,0.00514,49,2491,49,6,2491,32,''
meta-llama/Llama-3.1-8B-Instruct,GSM_009,W3,17,14354,-11.606655,0.010689,49,2491,49,6,2491,32,''
meta-llama/Llama-3.1-8B-Instruct,GSM_009,W3,18,9137,-11.543705,0.011035,49,2491,49,6,2491,32,''
meta-llama/Llama-3.1-8B-Instruct,GSM_009,W3,19,7006,-11.469444,0.010758,49,2491,49,6,2491,32,''
meta-llama/Llama-3.1-8B-Instruct,GSM_009,W3,20,16931,-11.556175,0.001967,49,2491,49,6,2491,32,''
meta-llama/Llama-3.1-8B-Instruct,GSM_009,W3,21,33116,-11.609873,-0.011578,49,2491,49,6,2491,32,''
meta-llama/Llama-3.1-8B-Instruct,GSM_009,W3,22,30996,-11.573876,-0.012592,49,2491,49,6,2491,32,''
meta-llama/Llama-3.1-8B-Instruct,GSM_009,W3,23,21691,-11.465094,-0.006759,49,2491,49,6,2491,32,''
meta-llama/Llama-3.1-8B-Instruct,GSM_009,W3,24,13819,-11.331083,-0.001571,49,2491,49,6,2491,32,''
meta-llama/Llama-3.1-8B-Instruct,GSM_009,W3,25,6669,-11.220271,0.007876,49,2491,49,6,2491,32,''
meta-llama/Llama-3.1-8B-Instruct,GSM_009,W3,26,3663,-10.998032,0.014154,49,2491,49,6,2491,32,''
meta-llama/Llama-3.1-8B-Instruct,GSM_009,W3,27,3606,-10.974853,0.014896,49,2491,49,6,2491,32,''
meta-llama/Llama-3.1-8B-Instruct,GSM_009,W3,28,4334,-10.926815,0.014486,49,2491,49,6,2491,32,''
meta-llama/Llama-3.1-8B-Instruct,GSM_009,W3,29,5136,-10.913557,0.013953,49,2491,49,6,2491,32,''
meta-llama/Llama-3.1-8B-Instruct,GSM_009,W3,30,2390,-10.59547,0.023906,49,2491,49,6,2491,32,''
meta-llama/Llama-3.1-8B-Instruct,GSM_009,W3,31,876,-9.767059,0.098691,49,2491,49,6,2491,32,''
meta-llama/Llama-3.1-8B-Instruct,GSM_010,canonical,0,91733,-11.768064,-0.007493,885,19445,885,6,19445,32,''
meta-llama/Llama-3.1-8B-Instruct,GSM_010,canonical,1,88887,-11.769276,-0.00728,885,19445,885,6,19445,32,''
meta-llama/Llama-3.1-8B-Instruct,GSM_010,canonical,2,51042,-11.756358,0.004286,885,19445,885,6,19445,32,''
meta-llama/Llama-3.1-8B-Instruct,GSM_010,canonical,3,47636,-11.752399,0.008653,885,19445,885,6,19445,32,''
meta-llama/Llama-3.1-8B-Instruct,GSM_010,canonical,4,89915,-11.78694,-0.003329,885,19445,885,6,19445,32,''
meta-llama/Llama-3.1-8B-Instruct,GSM_010,canonical,5,124030,-11.869904,-0.018898,885,19445,885,6,19445,32,''
meta-llama/Llama-3.1-8B-Instruct,GSM_010,canonical,6,127269,-11.905958,-0.027327,885,19445,885,6,19445,32,''
meta-llama/Llama-3.1-8B-Instruct,GSM_010,canonical,7,127620,-11.934169,-0.03128,885,19445,885,6,19445,32,''
meta-llama/Llama-3.1-8B-Instruct,GSM_010,canonical,8,122973,-11.884833,-0.019605,885,19445,885,6,19445,32,''
meta-llama/Llama-3.1-8B-Instruct,GSM_010,canonical,9,124075,-11.902685,-0.02201,885,19445,885,6,19445,32,''
meta-llama/Llama-3.1-8B-Instruct,GSM_010,canonical,10,123198,-11.912316,-0.016951,885,19445,885,6,19445,32,''
meta-llama/Llama-3.1-8B-Instruct,GSM_010,canonical,11,110312,-11.853445,-0.007198,885,19445,885,6,19445,32,''
meta-llama/Llama-3.1-8B-Instruct,GSM_010,canonical,12,119833,-11.89786,-0.015703,885,19445,885,6,19445,32,''
meta-llama/Llama-3.1-8B-Instruct,GSM_010,canonical,13,123171,-11.935431,-0.019454,885,19445,885,6,19445,32,''
meta-llama/Llama-3.1-8B-Instruct,GSM_010,canonical,14,125803,-11.988036,-0.025428,885,19445,885,6,19445,32,''
meta-llama/Llama-3.1-8B-Instruct,GSM_010,canonical,15,128110,-12.124443,-0.04554,885,19445,885,6,19445,32,''
meta-llama/Llama-3.1-8B-Instruct,GSM_010,canonical,16,127883,-12.117503,-0.043219,885,19445,885,6,19445,32,''
meta-llama/Llama-3.1-8B-Instruct,GSM_010,canonical,17,123442,-12.019229,-0.032986,885,19445,885,6,19445,32,''
meta-llama/Llama-3.1-8B-Instruct,GSM_010,canonical,18,125302,-12.09825,-0.04334,885,19445,885,6,19445,32,''
meta-llama/Llama-3.1-8B-Instruct,GSM_010,canonical,19,122519,-12.101423,-0.0451,885,19445,885,6,19445,32,''
meta-llama/Llama-3.1-8B-Instruct,GSM_010,canonical,20,121886,-12.105868,-0.042244,885,19445,885,6,19445,32,''
meta-llama/Llama-3.1-8B-Instruct,GSM_010,canonical,21,115009,-12.106081,-0.04418,885,19445,885,6,19445,32,''
meta-llama/Llama-3.1-8B-Instruct,GSM_010,canonical,22,111342,-12.146191,-0.045846,885,19445,885,6,19445,32,''
meta-llama/Llama-3.1-8B-Instruct,GSM_010,canonical,23,79018,-11.907605,-0.030458,885,19445,885,6,19445,32,''
meta-llama/Llama-3.1-8B-Instruct,GSM_010,canonical,24,63209,-11.81382,-0.026435,885,19445,885,6,19445,32,''
meta-llama/Llama-3.1-8B-Instruct,GSM_010,canonical,25,36012,-11.585447,-0.014084,885,19445,885,6,19445,32,''
meta-llama/Llama-3.1-8B-Instruct,GSM_010,canonical,26,27146,-11.463692,-0.01057,885,19445,885,6,19445,32,''
meta-llama/Llama-3.1-8B-Instruct,GSM_010,canonical,27,22679,-11.400689,-0.006754,885,19445,885,6,19445,32,''
meta-llama/Llama-3.1-8B-Instruct,GSM_010,canonical,28,14024,-11.160938,-0.00138,885,19445,885,6,19445,32,''
meta-llama/Llama-3.1-8B-Instruct,GSM_010,canonical,29,9163,-11.018861,0.005209,885,19445,885,6,19445,32,''
meta-llama/Llama-3.1-8B-Instruct,GSM_010,canonical,30,9657,-10.976456,0.00844,885,19445,885,6,19445,32,''
meta-llama/Llama-3.1-8B-Instruct,GSM_010,canonical,31,1071,-13.377866,0.070054,885,19445,885,6,19445,32,''
meta-llama/Llama-3.1-8B-Instruct,GSM_010,W3,0,94391,-11.768777,-0.008637,885,19445,885,6,19445,32,''
meta-llama/Llama-3.1-8B-Instruct,GSM_010,W3,1,83709,-11.767668,-0.006092,885,19445,885,6,19445,32,''
meta-llama/Llama-3.1-8B-Instruct,GSM_010,W3,2,46233,-11.754271,0.005206,885,19445,885,6,19445,32,''
meta-llama/Llama-3.1-8B-Instruct,GSM_010,W3,3,42699,-11.749575,0.009838,885,19445,885,6,19445,32,''
meta-llama/Llama-3.1-8B-Instruct,GSM_010,W3,4,95411,-11.792947,-0.005057,885,19445,885,6,19445,32,''
meta-llama/Llama-3.1-8B-Instruct,GSM_010,W3,5,125239,-11.880108,-0.020676,885,19445,885,6,19445,32,''
meta-llama/Llama-3.1-8B-Instruct,GSM_010,W3,6,127176,-11.904803,-0.026704,885,19445,885,6,19445,32,''
meta-llama/Llama-3.1-8B-Instruct,GSM_010,W3,7,127576,-11.932258,-0.030734,885,19445,885,6,19445,32,''
meta-llama/Llama-3.1-8B-Instruct,GSM_010,W3,8,124558,-11.89953,-0.020747,885,19445,885,6,19445,32,''
meta-llama/Llama-3.1-8B-Instruct,GSM_010,W3,9,122033,-11.887814,-0.01835,885,19445,885,6,19445,32,''
meta-llama/Llama-3.1-8B-Instruct,GSM_010,W3,10,118326,-11.888132,-0.011349,885,19445,885,6,19445,32,''
meta-llama/Llama-3.1-8B-Instruct,GSM_010,W3,11,98044,-11.82423,-0.001606,885,19445,885,6,19445,32,''
meta-llama/Llama-3.1-8B-Instruct,GSM_010,W3,12,116596,-11.88081,-0.013261,885,19445,885,6,19445,32,''
meta-llama/Llama-3.1-8B-Instruct,GSM_010,W3,13,123778,-11.936444,-0.020615,885,19445,885,6,19445,32,''
meta-llama/Llama-3.1-8B-Instruct,GSM_010,W3,14,126568,-12.003019,-0.027589,885,19445,885,6,19445,32,''
meta-llama/Llama-3.1-8B-Instruct,GSM_010,W3,15,128204,-12.155544,-0.048769,885,19445,885,6,19445,32,''
meta-llama/Llama-3.1-8B-Instruct,GSM_010,W3,16,127992,-12.131996,-0.044719,885,19445,885,6,19445,32,''
meta-llama/Llama-3.1-8B-Instruct,GSM_010,W3,17,125670,-12.065675,-0.037469,885,19445,885,6,19445,32,''
meta-llama/Llama-3.1-8B-Instruct,GSM_010,W3,18,125486,-12.105024,-0.043423,885,19445,885,6,19445,32,''
meta-llama/Llama-3.1-8B-Instruct,GSM_010,W3,19,120375,-12.085945,-0.043818,885,19445,885,6,19445,32,''
meta-llama/Llama-3.1-8B-Instruct,GSM_010,W3,20,114812,-12.029885,-0.036839,885,19445,885,6,19445,32,''
meta-llama/Llama-3.1-8B-Instruct,GSM_010,W3,21,110637,-12.070242,-0.04233,885,19445,885,6,19445,32,''
meta-llama/Llama-3.1-8B-Instruct,GSM_010,W3,22,109373,-12.143415,-0.046839,885,19445,885,6,19445,32,''
meta-llama/Llama-3.1-8B-Instruct,GSM_010,W3,23,78722,-11.92243,-0.032718,885,19445,885,6,19445,32,''
meta-llama/Llama-3.1-8B-Instruct,GSM_010,W3,24,60562,-11.797372,-0.027036,885,19445,885,6,19445,32,''
meta-llama/Llama-3.1-8B-Instruct,GSM_010,W3,25,34428,-11.569013,-0.012798,885,19445,885,6,19445,32,''
meta-llama/Llama-3.1-8B-Instruct,GSM_010,W3,26,27777,-11.464672,-0.010708,885,19445,885,6,19445,32,''
meta-llama/Llama-3.1-8B-Instruct,GSM_010,W3,27,15064,-11.274305,-0.001248,885,19445,885,6,19445,32,''
meta-llama/Llama-3.1-8B-Instruct,GSM_010,W3,28,10584,-11.085298,0.002834,885,19445,885,6,19445,32,''
meta-llama/Llama-3.1-8B-Instruct,GSM_010,W3,29,3592,-10.789562,0.014352,885,19445,885,6,19445,32,''
meta-llama/Llama-3.1-8B-Instruct,GSM_010,W3,30,1148,-10.286848,0.027054,885,19445,885,6,19445,32,''
meta-llama/Llama-3.1-8B-Instruct,GSM_010,W3,31,657,-10.719659,0.086559,885,19445,885,6,19445,32,''
meta-llama/Llama-3.1-8B-Instruct,GSM_011,canonical,0,65097,-11.761997,0.000384,86,4218,86,13,4218,32,''
meta-llama/Llama-3.1-8B-Instruct,GSM_011,canonical,1,54775,-11.759155,0.003256,86,4218,86,13,4218,32,''
meta-llama/Llama-3.1-8B-Instruct,GSM_011,canonical,2,47254,-11.754717,0.00649,86,4218,86,13,4218,32,''
meta-llama/Llama-3.1-8B-Instruct,GSM_011,canonical,3,94634,-11.782206,-0.004392,86,4218,86,13,4218,32,''
meta-llama/Llama-3.1-8B-Instruct,GSM_011,canonical,4,101139,-11.798994,-0.00794,86,4218,86,13,4218,32,''
meta-llama/Llama-3.1-8B-Instruct,GSM_011,canonical,5,77497,-11.779269,0.004759,86,4218,86,13,4218,32,''
meta-llama/Llama-3.1-8B-Instruct,GSM_011,canonical,6,90024,-11.794842,-0.000141,86,4218,86,13,4218,32,''
meta-llama/Llama-3.1-8B-Instruct,GSM_011,canonical,7,85760,-11.79147,-0.001634,86,4218,86,13,4218,32,''
meta-llama/Llama-3.1-8B-Instruct,GSM_011,canonical,8,86795,-11.796174,-0.00299,86,4218,86,13,4218,32,''
meta-llama/Llama-3.1-8B-Instruct,GSM_011,canonical,9,116261,-11.862473,-0.018394,86,4218,86,13,4218,32,''
meta-llama/Llama-3.1-8B-Instruct,GSM_011,canonical,10,90500,-11.808674,-0.00079,86,4218,86,13,4218,32,''
meta-llama/Llama-3.1-8B-Instruct,GSM_011,canonical,11,102829,-11.831953,-0.006173,86,4218,86,13,4218,32,''
meta-llama/Llama-3.1-8B-Instruct,GSM_011,canonical,12,115059,-11.875036,-0.015124,86,4218,86,13,4218,32,''
meta-llama/Llama-3.1-8B-Instruct,GSM_011,canonical,13,100146,-11.836976,-0.009144,86,4218,86,13,4218,32,''
meta-llama/Llama-3.1-8B-Instruct,GSM_011,canonical,14,56015,-11.752346,0.00421,86,4218,86,13,4218,32,''
meta-llama/Llama-3.1-8B-Instruct,GSM_011,canonical,15,74086,-11.787996,-0.005099,86,4218,86,13,4218,32,''
meta-llama/Llama-3.1-8B-Instruct,GSM_011,canonical,16,48276,-11.732533,-0.000564,86,4218,86,13,4218,32,''
meta-llama/Llama-3.1-8B-Instruct,GSM_011,canonical,17,46666,-11.724125,-0.003267,86,4218,86,13,4218,32,''
meta-llama/Llama-3.1-8B-Instruct,GSM_011,canonical,18,42466,-11.704994,-0.005314,86,4218,86,13,4218,32,''
meta-llama/Llama-3.1-8B-Instruct,GSM_011,canonical,19,38201,-11.679484,-0.007392,86,4218,86,13,4218,32,''
meta-llama/Llama-3.1-8B-Instruct,GSM_011,canonical,20,38747,-11.680319,-0.005976,86,4218,86,13,4218,32,''
meta-llama/Llama-3.1-8B-Instruct,GSM_011,canonical,21,34644,-11.642357,-0.007002,86,4218,86,13,4218,32,''
meta-llama/Llama-3.1-8B-Instruct,GSM_011,canonical,22,13645,-11.465044,0.003363,86,4218,86,13,4218,32,''
meta-llama/Llama-3.1-8B-Instruct,GSM_011,canonical,23,20210,-11.490314,-0.002786,86,4218,86,13,4218,32,''
meta-llama/Llama-3.1-8B-Instruct,GSM_011,canonical,24,21331,-11.449466,-0.006064,86,4218,86,13,4218,32,''
meta-llama/Llama-3.1-8B-Instruct,GSM_011,canonical,25,18943,-11.427052,-0.004359,86,4218,86,13,4218,32,''
meta-llama/Llama-3.1-8B-Instruct,GSM_011,canonical,26,7542,-11.165382,0.006527,86,4218,86,13,4218,32,''
meta-llama/Llama-3.1-8B-Instruct,GSM_011,canonical,27,10742,-11.207185,0.003292,86,4218,86,13,4218,32,''
meta-llama/Llama-3.1-8B-Instruct,GSM_011,canonical,28,5914,-10.932731,0.009586,86,4218,86,13,4218,32,''
meta-llama/Llama-3.1-8B-Instruct,GSM_011,canonical,29,2994,-10.702326,0.018479,86,4218,86,13,4218,32,''
meta-llama/Llama-3.1-8B-Instruct,GSM_011,canonical,30,969,-10.206749,0.032357,86,4218,86,13,4218,32,''
meta-llama/Llama-3.1-8B-Instruct,GSM_011,canonical,31,488,-12.302114,0.082613,86,4218,86,13,4218,32,''
meta-llama/Llama-3.1-8B-Instruct,GSM_011,W3,0,65604,-11.762096,-0.000403,86,4218,86,13,4218,32,''
meta-llama/Llama-3.1-8B-Instruct,GSM_011,W3,1,55343,-11.759254,0.003113,86,4218,86,13,4218,32,''
meta-llama/Llama-3.1-8B-Instruct,GSM_011,W3,2,44451,-11.753614,0.007016,86,4218,86,13,4218,32,''
meta-llama/Llama-3.1-8B-Instruct,GSM_011,W3,3,88371,-11.777533,-0.002347,86,4218,86,13,4218,32,''
meta-llama/Llama-3.1-8B-Instruct,GSM_011,W3,4,94389,-11.791574,-0.004836,86,4218,86,13,4218,32,''
meta-llama/Llama-3.1-8B-Instruct,GSM_011,W3,5,73241,-11.774358,0.007133,86,4218,86,13,4218,32,''
meta-llama/Llama-3.1-8B-Instruct,GSM_011,W3,6,81425,-11.784426,0.002866,86,4218,86,13,4218,32,''
meta-llama/Llama-3.1-8B-Instruct,GSM_011,W3,7,82177,-11.787244,-0.000535,86,4218,86,13,4218,32,''
meta-llama/Llama-3.1-8B-Instruct,GSM_011,W3,8,89864,-11.800871,-0.003784,86,4218,86,13,4218,32,''
meta-llama/Llama-3.1-8B-Instruct,GSM_011,W3,9,119175,-11.875104,-0.020632,86,4218,86,13,4218,32,''
meta-llama/Llama-3.1-8B-Instruct,GSM_011,W3,10,89142,-11.807622,0.000138,86,4218,86,13,4218,32,''
meta-llama/Llama-3.1-8B-Instruct,GSM_011,W3,11,106130,-11.841881,-0.00634,86,4218,86,13,4218,32,''
meta-llama/Llama-3.1-8B-Instruct,GSM_011,W3,12,110159,-11.859365,-0.01157,86,4218,86,13,4218,32,''
meta-llama/Llama-3.1-8B-Instruct,GSM_011,W3,13,92316,-11.819105,-0.00681,86,4218,86,13,4218,32,''
meta-llama/Llama-3.1-8B-Instruct,GSM_011,W3,14,59221,-11.758687,0.003001,86,4218,86,13,4218,32,''
meta-llama/Llama-3.1-8B-Instruct,GSM_011,W3,15,38557,-11.712203,0.00449,86,4218,86,13,4218,32,''
meta-llama/Llama-3.1-8B-Instruct,GSM_011,W3,16,32780,-11.693035,0.004279,86,4218,86,13,4218,32,''
meta-llama/Llama-3.1-8B-Instruct,GSM_011,W3,17,37775,-11.694394,-0.001337,86,4218,86,13,4218,32,''
meta-llama/Llama-3.1-8B-Instruct,GSM_011,W3,18,21375,-11.611016,0.003089,86,4218,86,13,4218,32,''
meta-llama/Llama-3.1-8B-Instruct,GSM_011,W3,19,13081,-11.531644,0.006139,86,4218,86,13,4218,32,''
meta-llama/Llama-3.1-8B-Instruct,GSM_011,W3,20,11404,-11.510172,0.007584,86,4218,86,13,4218,32,''
meta-llama/Llama-3.1-8B-Instruct,GSM_011,W3,21,7320,-11.399569,0.010666,86,4218,86,13,4218,32,''
meta-llama/Llama-3.1-8B-Instruct,GSM_011,W3,22,6383,-11.323988,0.009729,86,4218,86,13,4218,32,''
meta-llama/Llama-3.1-8B-Instruct,GSM_011,W3,23,3618,-11.169186,0.01513,86,4218,86,13,4218,32,''
meta-llama/Llama-3.1-8B-Instruct,GSM_011,W3,24,5555,-11.127178,0.009502,86,4218,86,13,4218,32,''
meta-llama/Llama-3.1-8B-Instruct,GSM_011,W3,25,3093,-11.073667,0.016198,86,4218,86,13,4218,32,''
meta-llama/Llama-3.1-8B-Instruct,GSM_011,W3,26,1523,-10.801762,0.023236,86,4218,86,13,4218,32,''
meta-llama/Llama-3.1-8B-Instruct,GSM_011,W3,27,2343,-10.865982,0.019438,86,4218,86,13,4218,32,''
meta-llama/Llama-3.1-8B-Instruct,GSM_011,W3,28,1228,-10.552089,0.026663,86,4218,86,13,4218,32,''
meta-llama/Llama-3.1-8B-Instruct,GSM_011,W3,29,709,-10.420035,0.031839,86,4218,86,13,4218,32,''
meta-llama/Llama-3.1-8B-Instruct,GSM_011,W3,30,255,-9.758356,0.051351,86,4218,86,13,4218,32,''
meta-llama/Llama-3.1-8B-Instruct,GSM_011,W3,31,166,-6.876946,0.135868,86,4218,86,13,4218,32,''
meta-llama/Llama-3.1-8B-Instruct,GSM_012,canonical,0,72788,-11.763577,-0.003064,81,5932,81,6,5932,32,''
meta-llama/Llama-3.1-8B-Instruct,GSM_012,canonical,1,49199,-11.757523,0.003967,81,5932,81,6,5932,32,''
meta-llama/Llama-3.1-8B-Instruct,GSM_012,canonical,2,86337,-11.772003,-0.006773,81,5932,81,6,5932,32,''
meta-llama/Llama-3.1-8B-Instruct,GSM_012,canonical,3,88072,-11.77746,-0.003001,81,5932,81,6,5932,32,''
meta-llama/Llama-3.1-8B-Instruct,GSM_012,canonical,4,74506,-11.771987,0.000713,81,5932,81,6,5932,32,''
meta-llama/Llama-3.1-8B-Instruct,GSM_012,canonical,5,78662,-11.780389,0.004001,81,5932,81,6,5932,32,''
meta-llama/Llama-3.1-8B-Instruct,GSM_012,canonical,6,121895,-11.856966,-0.019157,81,5932,81,6,5932,32,''
meta-llama/Llama-3.1-8B-Instruct,GSM_012,canonical,7,110879,-11.83217,-0.012728,81,5932,81,6,5932,32,''
meta-llama/Llama-3.1-8B-Instruct,GSM_012,canonical,8,109679,-11.835241,-0.013041,81,5932,81,6,5932,32,''
meta-llama/Llama-3.1-8B-Instruct,GSM_012,canonical,9,90364,-11.804732,-0.006954,81,5932,81,6,5932,32,''
meta-llama/Llama-3.1-8B-Instruct,GSM_012,canonical,10,72634,-11.779498,0.004369,81,5932,81,6,5932,32,''
meta-llama/Llama-3.1-8B-Instruct,GSM_012,canonical,11,51892,-11.746162,0.012809,81,5932,81,6,5932,32,''
meta-llama/Llama-3.1-8B-Instruct,GSM_012,canonical,12,39416,-11.722936,0.013525,81,5932,81,6,5932,32,''
meta-llama/Llama-3.1-8B-Instruct,GSM_012,canonical,13,66856,-11.77138,0.002232,81,5932,81,6,5932,32,''
meta-llama/Llama-3.1-8B-Instruct,GSM_012,canonical,14,56957,-11.754242,0.004045,81,5932,81,6,5932,32,''
meta-llama/Llama-3.1-8B-Instruct,GSM_012,canonical,15,66961,-11.773058,-0.004217,81,5932,81,6,5932,32,''
meta-llama/Llama-3.1-8B-Instruct,GSM_012,canonical,16,84865,-11.818326,-0.012093,81,5932,81,6,5932,32,''
meta-llama/Llama-3.1-8B-Instruct,GSM_012,canonical,17,22715,-11.640641,0.005864,81,5932,81,6,5932,32,''
meta-llama/Llama-3.1-8B-Instruct,GSM_012,canonical,18,29988,-11.657478,0.000178,81,5932,81,6,5932,32,''
meta-llama/Llama-3.1-8B-Instruct,GSM_012,canonical,19,26075,-11.614497,-0.00303,81,5932,81,6,5932,32,''
meta-llama/Llama-3.1-8B-Instruct,GSM_012,canonical,20,13169,-11.534294,0.005991,81,5932,81,6,5932,32,''
meta-llama/Llama-3.1-8B-Instruct,GSM_012,canonical,21,5925,-11.379751,0.011725,81,5932,81,6,5932,32,''
meta-llama/Llama-3.1-8B-Instruct,GSM_012,canonical,22,5398,-11.302085,0.01144,81,5932,81,6,5932,32,''
meta-llama/Llama-3.1-8B-Instruct,GSM_012,canonical,23,2159,-11.099641,0.020684,81,5932,81,6,5932,32,''
meta-llama/Llama-3.1-8B-Instruct,GSM_012,canonical,24,3035,-11.034237,0.016912,81,5932,81,6,5932,32,''
meta-llama/Llama-3.1-8B-Instruct,GSM_012,canonical,25,995,-10.891163,0.02746,81,5932,81,6,5932,32,''
meta-llama/Llama-3.1-8B-Instruct,GSM_012,canonical,26,517,-10.616993,0.033309,81,5932,81,6,5932,32,''
meta-llama/Llama-3.1-8B-Instruct,GSM_012,canonical,27,439,-10.556145,0.034305,81,5932,81,6,5932,32,''
meta-llama/Llama-3.1-8B-Instruct,GSM_012,canonical,28,111,-10.019327,0.049368,81,5932,81,6,5932,32,''
meta-llama/Llama-3.1-8B-Instruct,GSM_012,canonical,29,47,-9.519005,0.064966,81,5932,81,6,5932,32,''
meta-llama/Llama-3.1-8B-Instruct,GSM_012,canonical,30,39,-8.86068,0.075213,81,5932,81,6,5932,32,''
meta-llama/Llama-3.1-8B-Instruct,GSM_012,canonical,31,338,-7.211735,0.130662,81,5932,81,6,5932,32,''
meta-llama/Llama-3.1-8B-Instruct,GSM_012,W3,0,71023,-11.763223,-0.002642,81,5932,81,6,5932,32,''
meta-llama/Llama-3.1-8B-Instruct,GSM_012,W3,1,42515,-11.755453,0.006642,81,5932,81,6,5932,32,''
meta-llama/Llama-3.1-8B-Instruct,GSM_012,W3,2,82303,-11.7701,-0.005406,81,5932,81,6,5932,32,''
meta-llama/Llama-3.1-8B-Instruct,GSM_012,W3,3,86288,-11.776004,-0.002045,81,5932,81,6,5932,32,''
meta-llama/Llama-3.1-8B-Instruct,GSM_012,W3,4,73967,-11.77148,0.001353,81,5932,81,6,5932,32,''
meta-llama/Llama-3.1-8B-Instruct,GSM_012,W3,5,77122,-11.778721,0.005358,81,5932,81,6,5932,32,''
meta-llama/Llama-3.1-8B-Instruct,GSM_012,W3,6,122676,-11.860309,-0.020365,81,5932,81,6,5932,32,''
meta-llama/Llama-3.1-8B-Instruct,GSM_012,W3,7,113286,-11.837898,-0.014718,81,5932,81,6,5932,32,''
meta-llama/Llama-3.1-8B-Instruct,GSM_012,W3,8,109871,-11.836355,-0.013015,81,5932,81,6,5932,32,''
meta-llama/Llama-3.1-8B-Instruct,GSM_012,W3,9,99554,-11.821693,-0.0103,81,5932,81,6,5932,32,''
meta-llama/Llama-3.1-8B-Instruct,GSM_012,W3,10,92868,-11.81477,-0.001486,81,5932,81,6,5932,32,''
meta-llama/Llama-3.1-8B-Instruct,GSM_012,W3,11,65202,-11.767518,0.00909,81,5932,81,6,5932,32,''
meta-llama/Llama-3.1-8B-Instruct,GSM_012,W3,12,54063,-11.749183,0.008032,81,5932,81,6,5932,32,''
meta-llama/Llama-3.1-8B-Instruct,GSM_012,W3,13,68367,-11.773562,0.000145,81,5932,81,6,5932,32,''
meta-llama/Llama-3.1-8B-Instruct,GSM_012,W3,14,57561,-11.755308,0.002282,81,5932,81,6,5932,32,''
meta-llama/Llama-3.1-8B-Instruct,GSM_012,W3,15,46827,-11.731136,1e-05,81,5932,81,6,5932,32,''
meta-llama/Llama-3.1-8B-Instruct,GSM_012,W3,16,53612,-11.743309,-0.004186,81,5932,81,6,5932,32,''
meta-llama/Llama-3.1-8B-Instruct,GSM_012,W3,17,14102,-11.59636,0.010256,81,5932,81,6,5932,32,''
meta-llama/Llama-3.1-8B-Instruct,GSM_012,W3,18,33146,-11.668107,-0.001065,81,5932,81,6,5932,32,''
meta-llama/Llama-3.1-8B-Instruct,GSM_012,W3,19,30765,-11.637049,-0.004958,81,5932,81,6,5932,32,''
meta-llama/Llama-3.1-8B-Instruct,GSM_012,W3,20,10307,-11.498593,0.007159,81,5932,81,6,5932,32,''
meta-llama/Llama-3.1-8B-Instruct,GSM_012,W3,21,6806,-11.371305,0.009948,81,5932,81,6,5932,32,''
meta-llama/Llama-3.1-8B-Instruct,GSM_012,W3,22,7435,-11.320383,0.007365,81,5932,81,6,5932,32,''
meta-llama/Llama-3.1-8B-Instruct,GSM_012,W3,23,4672,-11.184861,0.012863,81,5932,81,6,5932,32,''
meta-llama/Llama-3.1-8B-Instruct,GSM_012,W3,24,5740,-11.142505,0.010104,81,5932,81,6,5932,32,''
meta-llama/Llama-3.1-8B-Instruct,GSM_012,W3,25,2812,-11.086119,0.018213,81,5932,81,6,5932,32,''
meta-llama/Llama-3.1-8B-Instruct,GSM_012,W3,26,1268,-10.844019,0.025073,81,5932,81,6,5932,32,''
meta-llama/Llama-3.1-8B-Instruct,GSM_012,W3,27,1776,-10.900436,0.022812,81,5932,81,6,5932,32,''
meta-llama/Llama-3.1-8B-Instruct,GSM_012,W3,28,582,-10.533439,0.034359,81,5932,81,6,5932,32,''
meta-llama/Llama-3.1-8B-Instruct,GSM_012,W3,29,147,-10.06141,0.050693,81,5932,81,6,5932,32,''
meta-llama/Llama-3.1-8B-Instruct,GSM_012,W3,30,181,-9.612061,0.058426,81,5932,81,6,5932,32,''
meta-llama/Llama-3.1-8B-Instruct,GSM_012,W3,31,536,-7.680048,0.13465,81,5932,81,6,5932,32,''
meta-llama/Llama-3.1-8B-Instruct,GSM_013,canonical,0,89521,-11.767379,-0.008391,90,1954,90,6,1954,32,''
meta-llama/Llama-3.1-8B-Instruct,GSM_013,canonical,1,104199,-11.774837,-0.014392,90,1954,90,6,1954,32,''
meta-llama/Llama-3.1-8B-Instruct,GSM_013,canonical,2,118304,-11.794039,-0.021755,90,1954,90,6,1954,32,''
meta-llama/Llama-3.1-8B-Instruct,GSM_013,canonical,3,123446,-11.81896,-0.023752,90,1954,90,6,1954,32,''
meta-llama/Llama-3.1-8B-Instruct,GSM_013,canonical,4,108652,-11.809446,-0.01206,90,1954,90,6,1954,32,''
meta-llama/Llama-3.1-8B-Instruct,GSM_013,canonical,5,121236,-11.856919,-0.018194,90,1954,90,6,1954,32,''
meta-llama/Llama-3.1-8B-Instruct,GSM_013,canonical,6,115159,-11.836303,-0.01277,90,1954,90,6,1954,32,''
meta-llama/Llama-3.1-8B-Instruct,GSM_013,canonical,7,78942,-11.782406,0.00077,90,1954,90,6,1954,32,''
meta-llama/Llama-3.1-8B-Instruct,GSM_013,canonical,8,74006,-11.777712,0.001067,90,1954,90,6,1954,32,''
meta-llama/Llama-3.1-8B-Instruct,GSM_013,canonical,9,95994,-11.814016,-0.008471,90,1954,90,6,1954,32,''
meta-llama/Llama-3.1-8B-Instruct,GSM_013,canonical,10,109702,-11.850434,-0.008482,90,1954,90,6,1954,32,''
meta-llama/Llama-3.1-8B-Instruct,GSM_013,canonical,11,120645,-11.890356,-0.017156,90,1954,90,6,1954,32,''
meta-llama/Llama-3.1-8B-Instruct,GSM_013,canonical,12,111829,-11.863218,-0.012905,90,1954,90,6,1954,32,''
meta-llama/Llama-3.1-8B-Instruct,GSM_013,canonical,13,100626,-11.839048,-0.008993,90,1954,90,6,1954,32,''
meta-llama/Llama-3.1-8B-Instruct,GSM_013,canonical,14,92667,-11.827235,-0.007526,90,1954,90,6,1954,32,''
meta-llama/Llama-3.1-8B-Instruct,GSM_013,canonical,15,33300,-11.698194,0.006459,90,1954,90,6,1954,32,''
meta-llama/Llama-3.1-8B-Instruct,GSM_013,canonical,16,55220,-11.747447,-0.002189,90,1954,90,6,1954,32,''
meta-llama/Llama-3.1-8B-Instruct,GSM_013,canonical,17,19482,-11.6367,0.008661,90,1954,90,6,1954,32,''
meta-llama/Llama-3.1-8B-Instruct,GSM_013,canonical,18,31379,-11.670494,-0.001664,90,1954,90,6,1954,32,''
meta-llama/Llama-3.1-8B-Instruct,GSM_013,canonical,19,13156,-11.560553,0.006352,90,1954,90,6,1954,32,''
meta-llama/Llama-3.1-8B-Instruct,GSM_013,canonical,20,8237,-11.5065,0.011454,90,1954,90,6,1954,32,''
meta-llama/Llama-3.1-8B-Instruct,GSM_013,canonical,21,6136,-11.435545,0.012774,90,1954,90,6,1954,32,''
meta-llama/Llama-3.1-8B-Instruct,GSM_013,canonical,22,3406,-11.323864,0.01671,90,1954,90,6,1954,32,''
meta-llama/Llama-3.1-8B-Instruct,GSM_013,canonical,23,3230,-11.253613,0.016715,90,1954,90,6,1954,32,''
meta-llama/Llama-3.1-8B-Instruct,GSM_013,canonical,24,5025,-11.233088,0.011904,90,1954,90,6,1954,32,''
meta-llama/Llama-3.1-8B-Instruct,GSM_013,canonical,25,4102,-11.183413,0.013263,90,1954,90,6,1954,32,''
meta-llama/Llama-3.1-8B-Instruct,GSM_013,canonical,26,2438,-10.986114,0.018119,90,1954,90,6,1954,32,''
meta-llama/Llama-3.1-8B-Instruct,GSM_013,canonical,27,1276,-10.849038,0.024726,90,1954,90,6,1954,32,''
meta-llama/Llama-3.1-8B-Instruct,GSM_013,canonical,28,129,-10.082219,0.049102,90,1954,90,6,1954,32,''
meta-llama/Llama-3.1-8B-Instruct,GSM_013,canonical,29,72,-9.761951,0.056105,90,1954,90,6,1954,32,''
meta-llama/Llama-3.1-8B-Instruct,GSM_013,canonical,30,85,-9.297441,0.06025,90,1954,90,6,1954,32,''
meta-llama/Llama-3.1-8B-Instruct,GSM_013,canonical,31,45,-7.879547,0.11457,90,1954,90,6,1954,32,''
meta-llama/Llama-3.1-8B-Instruct,GSM_013,W3,0,90278,-11.767652,-0.008829,90,1954,90,6,1954,32,''
meta-llama/Llama-3.1-8B-Instruct,GSM_013,W3,1,104427,-11.77514,-0.014192,90,1954,90,6,1954,32,''
meta-llama/Llama-3.1-8B-Instruct,GSM_013,W3,2,117068,-11.792689,-0.020578,90,1954,90,6,1954,32,''
meta-llama/Llama-3.1-8B-Instruct,GSM_013,W3,3,123247,-11.817778,-0.023196,90,1954,90,6,1954,32,''
meta-llama/Llama-3.1-8B-Instruct,GSM_013,W3,4,108044,-11.808936,-0.010992,90,1954,90,6,1954,32,''
meta-llama/Llama-3.1-8B-Instruct,GSM_013,W3,5,120061,-11.85281,-0.016112,90,1954,90,6,1954,32,''
meta-llama/Llama-3.1-8B-Instruct,GSM_013,W3,6,115653,-11.838818,-0.012775,90,1954,90,6,1954,32,''
meta-llama/Llama-3.1-8B-Instruct,GSM_013,W3,7,85419,-11.791323,-0.001583,90,1954,90,6,1954,32,''
meta-llama/Llama-3.1-8B-Instruct,GSM_013,W3,8,75710,-11.780348,0.001054,90,1954,90,6,1954,32,''
meta-llama/Llama-3.1-8B-Instruct,GSM_013,W3,9,96510,-11.815637,-0.008035,90,1954,90,6,1954,32,''
meta-llama/Llama-3.1-8B-Instruct,GSM_013,W3,10,113995,-11.866074,-0.010458,90,1954,90,6,1954,32,''
meta-llama/Llama-3.1-8B-Instruct,GSM_013,W3,11,121046,-11.895571,-0.016731,90,1954,90,6,1954,32,''
meta-llama/Llama-3.1-8B-Instruct,GSM_013,W3,12,116379,-11.878216,-0.015812,90,1954,90,6,1954,32,''
meta-llama/Llama-3.1-8B-Instruct,GSM_013,W3,13,116991,-11.889741,-0.017726,90,1954,90,6,1954,32,''
meta-llama/Llama-3.1-8B-Instruct,GSM_013,W3,14,112591,-11.887572,-0.015891,90,1954,90,6,1954,32,''
meta-llama/Llama-3.1-8B-Instruct,GSM_013,W3,15,53606,-11.746041,0.000538,90,1954,90,6,1954,32,''
meta-llama/Llama-3.1-8B-Instruct,GSM_013,W3,16,61180,-11.761394,-0.003608,90,1954,90,6,1954,32,''
meta-llama/Llama-3.1-8B-Instruct,GSM_013,W3,17,34832,-11.687131,0.001143,90,1954,90,6,1954,32,''
meta-llama/Llama-3.1-8B-Instruct,GSM_013,W3,18,37555,-11.686801,-0.003537,90,1954,90,6,1954,32,''
meta-llama/Llama-3.1-8B-Instruct,GSM_013,W3,19,23593,-11.605242,-0.001412,90,1954,90,6,1954,32,''
meta-llama/Llama-3.1-8B-Instruct,GSM_013,W3,20,8545,-11.485018,0.009617,90,1954,90,6,1954,32,''
meta-llama/Llama-3.1-8B-Instruct,GSM_013,W3,21,4268,-11.346088,0.014557,90,1954,90,6,1954,32,''
meta-llama/Llama-3.1-8B-Instruct,GSM_013,W3,22,1639,-11.148979,0.022258,90,1954,90,6,1954,32,''
meta-llama/Llama-3.1-8B-Instruct,GSM_013,W3,23,618,-10.907891,0.032634,90,1954,90,6,1954,32,''
meta-llama/Llama-3.1-8B-Instruct,GSM_013,W3,24,1106,-10.854098,0.027198,90,1954,90,6,1954,32,''
meta-llama/Llama-3.1-8B-Instruct,GSM_013,W3,25,333,-10.739904,0.037759,90,1954,90,6,1954,32,''
meta-llama/Llama-3.1-8B-Instruct,GSM_013,W3,26,203,-10.371921,0.045838,90,1954,90,6,1954,32,''
meta-llama/Llama-3.1-8B-Instruct,GSM_013,W3,27,176,-10.257108,0.047041,90,1954,90,6,1954,32,''
meta-llama/Llama-3.1-8B-Instruct,GSM_013,W3,28,77,-9.835828,0.057981,90,1954,90,6,1954,32,''
meta-llama/Llama-3.1-8B-Instruct,GSM_013,W3,29,49,-9.654367,0.064579,90,1954,90,6,1954,32,''
meta-llama/Llama-3.1-8B-Instruct,GSM_013,W3,30,51,-9.000805,0.072564,90,1954,90,6,1954,32,''
meta-llama/Llama-3.1-8B-Instruct,GSM_013,W3,31,29,-5.041368,0.155533,90,1954,90,6,1954,32,''
meta-llama/Llama-3.1-8B-Instruct,GSM_014,canonical,0,82659,-11.765738,-0.006114,70,2031,70,17,2031,32,''
meta-llama/Llama-3.1-8B-Instruct,GSM_014,canonical,1,102209,-11.773828,-0.014273,70,2031,70,17,2031,32,''
meta-llama/Llama-3.1-8B-Instruct,GSM_014,canonical,2,97299,-11.777477,-0.011224,70,2031,70,17,2031,32,''
meta-llama/Llama-3.1-8B-Instruct,GSM_014,canonical,3,111983,-11.797861,-0.013703,70,2031,70,17,2031,32,''
meta-llama/Llama-3.1-8B-Instruct,GSM_014,canonical,4,112527,-11.815772,-0.014189,70,2031,70,17,2031,32,''
meta-llama/Llama-3.1-8B-Instruct,GSM_014,canonical,5,103890,-11.815102,-0.004581,70,2031,70,17,2031,32,''
meta-llama/Llama-3.1-8B-Instruct,GSM_014,canonical,6,100266,-11.808972,-0.004431,70,2031,70,17,2031,32,''
meta-llama/Llama-3.1-8B-Instruct,GSM_014,canonical,7,98151,-11.809419,-0.006509,70,2031,70,17,2031,32,''
meta-llama/Llama-3.1-8B-Instruct,GSM_014,canonical,8,73915,-11.777949,0.001965,70,2031,70,17,2031,32,''
meta-llama/Llama-3.1-8B-Instruct,GSM_014,canonical,9,83330,-11.794768,-0.002987,70,2031,70,17,2031,32,''
meta-llama/Llama-3.1-8B-Instruct,GSM_014,canonical,10,72231,-11.778947,0.006361,70,2031,70,17,2031,32,''
meta-llama/Llama-3.1-8B-Instruct,GSM_014,canonical,11,76473,-11.785665,0.005128,70,2031,70,17,2031,32,''
meta-llama/Llama-3.1-8B-Instruct,GSM_014,canonical,12,61153,-11.761355,0.009377,70,2031,70,17,2031,32,''
meta-llama/Llama-3.1-8B-Instruct,GSM_014,canonical,13,72197,-11.781543,0.002619,70,2031,70,17,2031,32,''
meta-llama/Llama-3.1-8B-Instruct,GSM_014,canonical,14,66216,-11.773049,0.003199,70,2031,70,17,2031,32,''
meta-llama/Llama-3.1-8B-Instruct,GSM_014,canonical,15,40314,-11.71549,0.009906,70,2031,70,17,2031,32,''
meta-llama/Llama-3.1-8B-Instruct,GSM_014,canonical,16,6549,-11.569433,0.024873,70,2031,70,17,2031,32,''
meta-llama/Llama-3.1-8B-Instruct,GSM_014,canonical,17,1179,-11.438005,0.03303,70,2031,70,17,2031,32,''
meta-llama/Llama-3.1-8B-Instruct,GSM_014,canonical,18,1486,-11.418283,0.030252,70,2031,70,17,2031,32,''
meta-llama/Llama-3.1-8B-Instruct,GSM_014,canonical,19,8144,-11.505794,0.013581,70,2031,70,17,2031,32,''
meta-llama/Llama-3.1-8B-Instruct,GSM_014,canonical,20,5567,-11.462436,0.017194,70,2031,70,17,2031,32,''
meta-llama/Llama-3.1-8B-Instruct,GSM_014,canonical,21,4420,-11.372738,0.016855,70,2031,70,17,2031,32,''
meta-llama/Llama-3.1-8B-Instruct,GSM_014,canonical,22,1518,-11.199114,0.02509,70,2031,70,17,2031,32,''
meta-llama/Llama-3.1-8B-Instruct,GSM_014,canonical,23,1637,-11.110846,0.024865,70,2031,70,17,2031,32,''
meta-llama/Llama-3.1-8B-Instruct,GSM_014,canonical,24,1642,-11.020123,0.024464,70,2031,70,17,2031,32,''
meta-llama/Llama-3.1-8B-Instruct,GSM_014,canonical,25,2245,-11.101132,0.020983,70,2031,70,17,2031,32,''
meta-llama/Llama-3.1-8B-Instruct,GSM_014,canonical,26,1525,-10.888725,0.024525,70,2031,70,17,2031,32,''
meta-llama/Llama-3.1-8B-Instruct,GSM_014,canonical,27,1357,-10.814141,0.025465,70,2031,70,17,2031,32,''
meta-llama/Llama-3.1-8B-Instruct,GSM_014,canonical,28,102,-10.072372,0.052577,70,2031,70,17,2031,32,''
meta-llama/Llama-3.1-8B-Instruct,GSM_014,canonical,29,68,-9.808618,0.05965,70,2031,70,17,2031,32,''
meta-llama/Llama-3.1-8B-Instruct,GSM_014,canonical,30,35,-8.995519,0.078329,70,2031,70,17,2031,32,''
meta-llama/Llama-3.1-8B-Instruct,GSM_014,canonical,31,28,-6.254289,0.14802,70,2031,70,17,2031,32,''
meta-llama/Llama-3.1-8B-Instruct,GSM_014,W3,0,80929,-11.765401,-0.005558,70,2031,70,17,2031,32,''
meta-llama/Llama-3.1-8B-Instruct,GSM_014,W3,1,98794,-11.772642,-0.012333,70,2031,70,17,2031,32,''
meta-llama/Llama-3.1-8B-Instruct,GSM_014,W3,2,85458,-11.771528,-0.00641,70,2031,70,17,2031,32,''
meta-llama/Llama-3.1-8B-Instruct,GSM_014,W3,3,104735,-11.789985,-0.009261,70,2031,70,17,2031,32,''
meta-llama/Llama-3.1-8B-Instruct,GSM_014,W3,4,113520,-11.817945,-0.014535,70,2031,70,17,2031,32,''
meta-llama/Llama-3.1-8B-Instruct,GSM_014,W3,5,107765,-11.822807,-0.006219,70,2031,70,17,2031,32,''
meta-llama/Llama-3.1-8B-Instruct,GSM_014,W3,6,104406,-11.815633,-0.006456,70,2031,70,17,2031,32,''
meta-llama/Llama-3.1-8B-Instruct,GSM_014,W3,7,102879,-11.817524,-0.009021,70,2031,70,17,2031,32,''
meta-llama/Llama-3.1-8B-Instruct,GSM_014,W3,8,76329,-11.781477,0.001283,70,2031,70,17,2031,32,''
meta-llama/Llama-3.1-8B-Instruct,GSM_014,W3,9,97647,-11.818755,-0.008555,70,2031,70,17,2031,32,''
meta-llama/Llama-3.1-8B-Instruct,GSM_014,W3,10,90264,-11.810018,0.001041,70,2031,70,17,2031,32,''
meta-llama/Llama-3.1-8B-Instruct,GSM_014,W3,11,88993,-11.8074,0.001649,70,2031,70,17,2031,32,''
meta-llama/Llama-3.1-8B-Instruct,GSM_014,W3,12,60739,-11.760728,0.008872,70,2031,70,17,2031,32,''
meta-llama/Llama-3.1-8B-Instruct,GSM_014,W3,13,61654,-11.762076,0.004578,70,2031,70,17,2031,32,''
meta-llama/Llama-3.1-8B-Instruct,GSM_014,W3,14,65340,-11.77147,0.003203,70,2031,70,17,2031,32,''
meta-llama/Llama-3.1-8B-Instruct,GSM_014,W3,15,27983,-11.682799,0.013153,70,2031,70,17,2031,32,''
meta-llama/Llama-3.1-8B-Instruct,GSM_014,W3,16,5864,-11.563541,0.024608,70,2031,70,17,2031,32,''
meta-llama/Llama-3.1-8B-Instruct,GSM_014,W3,17,524,-11.384522,0.037093,70,2031,70,17,2031,32,''
meta-llama/Llama-3.1-8B-Instruct,GSM_014,W3,18,780,-11.358651,0.035123,70,2031,70,17,2031,32,''
meta-llama/Llama-3.1-8B-Instruct,GSM_014,W3,19,5293,-11.455599,0.016766,70,2031,70,17,2031,32,''
meta-llama/Llama-3.1-8B-Instruct,GSM_014,W3,20,2545,-11.383243,0.022804,70,2031,70,17,2031,32,''
meta-llama/Llama-3.1-8B-Instruct,GSM_014,W3,21,2073,-11.273476,0.022538,70,2031,70,17,2031,32,''
meta-llama/Llama-3.1-8B-Instruct,GSM_014,W3,22,415,-10.999929,0.037116,70,2031,70,17,2031,32,''
meta-llama/Llama-3.1-8B-Instruct,GSM_014,W3,23,336,-10.826546,0.041147,70,2031,70,17,2031,32,''
meta-llama/Llama-3.1-8B-Instruct,GSM_014,W3,24,369,-10.719251,0.04039,70,2031,70,17,2031,32,''
meta-llama/Llama-3.1-8B-Instruct,GSM_014,W3,25,702,-10.871017,0.032176,70,2031,70,17,2031,32,''
meta-llama/Llama-3.1-8B-Instruct,GSM_014,W3,26,671,-10.700099,0.03364,70,2031,70,17,2031,32,''
meta-llama/Llama-3.1-8B-Instruct,GSM_014,W3,27,656,-10.630327,0.034096,70,2031,70,17,2031,32,''
meta-llama/Llama-3.1-8B-Instruct,GSM_014,W3,28,123,-10.110154,0.053346,70,2031,70,17,2031,32,''
meta-llama/Llama-3.1-8B-Instruct,GSM_014,W3,29,82,-9.911821,0.059981,70,2031,70,17,2031,32,''
meta-llama/Llama-3.1-8B-Instruct,GSM_014,W3,30,64,-9.325402,0.071298,70,2031,70,17,2031,32,''
meta-llama/Llama-3.1-8B-Instruct,GSM_014,W3,31,24,-5.592978,0.157546,70,2031,70,17,2031,32,''
meta-llama/Llama-3.1-8B-Instruct,GSM_015,canonical,0,64165,-11.761779,0.0,354,18384,354,6,18384,32,''
meta-llama/Llama-3.1-8B-Instruct,GSM_015,canonical,1,27048,-11.750188,0.010709,354,18384,354,6,18384,32,''
meta-llama/Llama-3.1-8B-Instruct,GSM_015,canonical,2,42890,-11.752784,0.006657,354,18384,354,6,18384,32,''
meta-llama/Llama-3.1-8B-Instruct,GSM_015,canonical,3,107734,-11.793581,-0.008743,354,18384,354,6,18384,32,''
meta-llama/Llama-3.1-8B-Instruct,GSM_015,canonical,4,116176,-11.824304,-0.013777,354,18384,354,6,18384,32,''
meta-llama/Llama-3.1-8B-Instruct,GSM_015,canonical,5,99202,-11.807433,-0.00283,354,18384,354,6,18384,32,''
meta-llama/Llama-3.1-8B-Instruct,GSM_015,canonical,6,127080,-11.902982,-0.027091,354,18384,354,6,18384,32,''
meta-llama/Llama-3.1-8B-Instruct,GSM_015,canonical,7,122426,-11.872802,-0.018434,354,18384,354,6,18384,32,''
meta-llama/Llama-3.1-8B-Instruct,GSM_015,canonical,8,125467,-11.900879,-0.024284,354,18384,354,6,18384,32,''
meta-llama/Llama-3.1-8B-Instruct,GSM_015,canonical,9,124973,-11.907108,-0.024464,354,18384,354,6,18384,32,''
meta-llama/Llama-3.1-8B-Instruct,GSM_015,canonical,10,124567,-11.916245,-0.020101,354,18384,354,6,18384,32,''
meta-llama/Llama-3.1-8B-Instruct,GSM_015,canonical,11,122036,-11.895545,-0.01731,354,18384,354,6,18384,32,''
meta-llama/Llama-3.1-8B-Instruct,GSM_015,canonical,12,80777,-11.79337,-0.000212,354,18384,354,6,18384,32,''
meta-llama/Llama-3.1-8B-Instruct,GSM_015,canonical,13,78943,-11.791738,-0.001938,354,18384,354,6,18384,32,''
meta-llama/Llama-3.1-8B-Instruct,GSM_015,canonical,14,93206,-11.826843,-0.006401,354,18384,354,6,18384,32,''
meta-llama/Llama-3.1-8B-Instruct,GSM_015,canonical,15,87349,-11.816459,-0.006976,354,18384,354,6,18384,32,''
meta-llama/Llama-3.1-8B-Instruct,GSM_015,canonical,16,76947,-11.798783,-0.008325,354,18384,354,6,18384,32,''
meta-llama/Llama-3.1-8B-Instruct,GSM_015,canonical,17,22597,-11.645009,0.005706,354,18384,354,6,18384,32,''
meta-llama/Llama-3.1-8B-Instruct,GSM_015,canonical,18,29570,-11.658991,0.000457,354,18384,354,6,18384,32,''
meta-llama/Llama-3.1-8B-Instruct,GSM_015,canonical,19,45632,-11.702968,-0.008904,354,18384,354,6,18384,32,''
meta-llama/Llama-3.1-8B-Instruct,GSM_015,canonical,20,82238,-11.849081,-0.019741,354,18384,354,6,18384,32,''
meta-llama/Llama-3.1-8B-Instruct,GSM_015,canonical,21,77073,-11.844174,-0.021206,354,18384,354,6,18384,32,''
meta-llama/Llama-3.1-8B-Instruct,GSM_015,canonical,22,64086,-11.786695,-0.018511,354,18384,354,6,18384,32,''
meta-llama/Llama-3.1-8B-Instruct,GSM_015,canonical,23,63067,-11.788032,-0.018657,354,18384,354,6,18384,32,''
meta-llama/Llama-3.1-8B-Instruct,GSM_015,canonical,24,46651,-11.676264,-0.014822,354,18384,354,6,18384,32,''
meta-llama/Llama-3.1-8B-Instruct,GSM_015,canonical,25,27156,-11.519329,-0.006217,354,18384,354,6,18384,32,''
meta-llama/Llama-3.1-8B-Instruct,GSM_015,canonical,26,25499,-11.468225,-0.006052,354,18384,354,6,18384,32,''
meta-llama/Llama-3.1-8B-Instruct,GSM_015,canonical,27,34590,-11.566131,-0.009471,354,18384,354,6,18384,32,''
meta-llama/Llama-3.1-8B-Instruct,GSM_015,canonical,28,20799,-11.342176,-0.003782,354,18384,354,6,18384,32,''
meta-llama/Llama-3.1-8B-Instruct,GSM_015,canonical,29,22953,-11.379166,-0.002421,354,18384,354,6,18384,32,''
meta-llama/Llama-3.1-8B-Instruct,GSM_015,canonical,30,4223,-10.719574,0.016248,354,18384,354,6,18384,32,''
meta-llama/Llama-3.1-8B-Instruct,GSM_015,canonical,31,512,-10.856336,0.06709,354,18384,354,6,18384,32,''
meta-llama/Llama-3.1-8B-Instruct,GSM_015,W3,0,62157,-11.761369,0.000452,354,18384,354,6,18384,32,''
meta-llama/Llama-3.1-8B-Instruct,GSM_015,W3,1,26238,-11.749745,0.011401,354,18384,354,6,18384,32,''
meta-llama/Llama-3.1-8B-Instruct,GSM_015,W3,2,34902,-11.748696,0.009434,354,18384,354,6,18384,32,''
meta-llama/Llama-3.1-8B-Instruct,GSM_015,W3,3,103612,-11.789343,-0.006898,354,18384,354,6,18384,32,''
meta-llama/Llama-3.1-8B-Instruct,GSM_015,W3,4,116849,-11.82483,-0.01416,354,18384,354,6,18384,32,''
meta-llama/Llama-3.1-8B-Instruct,GSM_015,W3,5,98884,-11.807044,-0.002304,354,18384,354,6,18384,32,''
meta-llama/Llama-3.1-8B-Instruct,GSM_015,W3,6,126493,-11.893435,-0.024837,354,18384,354,6,18384,32,''
meta-llama/Llama-3.1-8B-Instruct,GSM_015,W3,7,123103,-11.876124,-0.019806,354,18384,354,6,18384,32,''
meta-llama/Llama-3.1-8B-Instruct,GSM_015,W3,8,125580,-11.903467,-0.024461,354,18384,354,6,18384,32,''
meta-llama/Llama-3.1-8B-Instruct,GSM_015,W3,9,123288,-11.895096,-0.021381,354,18384,354,6,18384,32,''
meta-llama/Llama-3.1-8B-Instruct,GSM_015,W3,10,123069,-11.90881,-0.017237,354,18384,354,6,18384,32,''
meta-llama/Llama-3.1-8B-Instruct,GSM_015,W3,11,112782,-11.859974,-0.008819,354,18384,354,6,18384,32,''
meta-llama/Llama-3.1-8B-Instruct,GSM_015,W3,12,68027,-11.772278,0.003627,354,18384,354,6,18384,32,''
meta-llama/Llama-3.1-8B-Instruct,GSM_015,W3,13,80317,-11.795101,-0.002728,354,18384,354,6,18384,32,''
meta-llama/Llama-3.1-8B-Instruct,GSM_015,W3,14,68132,-11.776155,0.000498,354,18384,354,6,18384,32,''
meta-llama/Llama-3.1-8B-Instruct,GSM_015,W3,15,76821,-11.793419,-0.00482,354,18384,354,6,18384,32,''
meta-llama/Llama-3.1-8B-Instruct,GSM_015,W3,16,49317,-11.733288,-0.00103,354,18384,354,6,18384,32,''
meta-llama/Llama-3.1-8B-Instruct,GSM_015,W3,17,6819,-11.547222,0.015399,354,18384,354,6,18384,32,''
meta-llama/Llama-3.1-8B-Instruct,GSM_015,W3,18,7304,-11.522537,0.013187,354,18384,354,6,18384,32,''
meta-llama/Llama-3.1-8B-Instruct,GSM_015,W3,19,23394,-11.603658,-5.5e-05,354,18384,354,6,18384,32,''
meta-llama/Llama-3.1-8B-Instruct,GSM_015,W3,20,47934,-11.710074,-0.00826,354,18384,354,6,18384,32,''
meta-llama/Llama-3.1-8B-Instruct,GSM_015,W3,21,53288,-11.726686,-0.013265,354,18384,354,6,18384,32,''
meta-llama/Llama-3.1-8B-Instruct,GSM_015,W3,22,39008,-11.636281,-0.010348,354,18384,354,6,18384,32,''
meta-llama/Llama-3.1-8B-Instruct,GSM_015,W3,23,29898,-11.548682,-0.00674,354,18384,354,6,18384,32,''
meta-llama/Llama-3.1-8B-Instruct,GSM_015,W3,24,18554,-11.400376,-0.002097,354,18384,354,6,18384,32,''
meta-llama/Llama-3.1-8B-Instruct,GSM_015,W3,25,12830,-11.335811,0.002833,354,18384,354,6,18384,32,''
meta-llama/Llama-3.1-8B-Instruct,GSM_015,W3,26,15535,-11.317777,0.000698,354,18384,354,6,18384,32,''
meta-llama/Llama-3.1-8B-Instruct,GSM_015,W3,27,21242,-11.400702,-0.001846,354,18384,354,6,18384,32,''
meta-llama/Llama-3.1-8B-Instruct,GSM_015,W3,28,13204,-11.195081,0.003119,354,18384,354,6,18384,32,''
meta-llama/Llama-3.1-8B-Instruct,GSM_015,W3,29,11006,-11.141631,0.006834,354,18384,354,6,18384,32,''
meta-llama/Llama-3.1-8B-Instruct,GSM_015,W3,30,1729,-10.468656,0.025975,354,18384,354,6,18384,32,''
meta-llama/Llama-3.1-8B-Instruct,GSM_015,W3,31,453,-7.813369,0.092432,354,18384,354,6,18384,32,''
meta-llama/Llama-3.1-8B-Instruct,GSM_016,canonical,0,54297,-11.759692,0.002751,5,20,5,104,20,32,''
meta-llama/Llama-3.1-8B-Instruct,GSM_016,canonical,1,23248,-11.748317,0.012186,5,20,5,104,20,32,''
meta-llama/Llama-3.1-8B-Instruct,GSM_016,canonical,2,74946,-11.766858,-0.002867,5,20,5,104,20,32,''
meta-llama/Llama-3.1-8B-Instruct,GSM_016,canonical,3,126586,-11.832962,-0.030962,5,20,5,104,20,32,''
meta-llama/Llama-3.1-8B-Instruct,GSM_016,canonical,4,100945,-11.798527,-0.00784,5,20,5,104,20,32,''
meta-llama/Llama-3.1-8B-Instruct,GSM_016,canonical,5,122199,-11.86051,-0.018542,5,20,5,104,20,32,''
meta-llama/Llama-3.1-8B-Instruct,GSM_016,canonical,6,116204,-11.841151,-0.012032,5,20,5,104,20,32,''
meta-llama/Llama-3.1-8B-Instruct,GSM_016,canonical,7,99448,-11.813276,-0.004982,5,20,5,104,20,32,''
meta-llama/Llama-3.1-8B-Instruct,GSM_016,canonical,8,90626,-11.801921,-0.003572,5,20,5,104,20,32,''
meta-llama/Llama-3.1-8B-Instruct,GSM_016,canonical,9,107244,-11.836287,-0.012774,5,20,5,104,20,32,''
meta-llama/Llama-3.1-8B-Instruct,GSM_016,canonical,10,117315,-11.875783,-0.014143,5,20,5,104,20,32,''
meta-llama/Llama-3.1-8B-Instruct,GSM_016,canonical,11,123720,-11.905265,-0.022453,5,20,5,104,20,32,''
meta-llama/Llama-3.1-8B-Instruct,GSM_016,canonical,12,115052,-11.872557,-0.015127,5,20,5,104,20,32,''
meta-llama/Llama-3.1-8B-Instruct,GSM_016,canonical,13,99181,-11.835866,-0.006751,5,20,5,104,20,32,''
meta-llama/Llama-3.1-8B-Instruct,GSM_016,canonical,14,109866,-11.875725,-0.013333,5,20,5,104,20,32,''
meta-llama/Llama-3.1-8B-Instruct,GSM_016,canonical,15,44434,-11.725371,0.003546,5,20,5,104,20,32,''
meta-llama/Llama-3.1-8B-Instruct,GSM_016,canonical,16,24674,-11.664747,0.007263,5,20,5,104,20,32,''
meta-llama/Llama-3.1-8B-Instruct,GSM_016,canonical,17,9955,-11.582187,0.013215,5,20,5,104,20,32,''
meta-llama/Llama-3.1-8B-Instruct,GSM_016,canonical,18,9640,-11.558332,0.009885,5,20,5,104,20,32,''
meta-llama/Llama-3.1-8B-Instruct,GSM_016,canonical,19,17268,-11.583296,0.002454,5,20,5,104,20,32,''
meta-llama/Llama-3.1-8B-Instruct,GSM_016,canonical,20,35459,-11.666731,-0.00573,5,20,5,104,20,32,''
meta-llama/Llama-3.1-8B-Instruct,GSM_016,canonical,21,39985,-11.671665,-0.009767,5,20,5,104,20,32,''
meta-llama/Llama-3.1-8B-Instruct,GSM_016,canonical,22,27470,-11.580002,-0.005893,5,20,5,104,20,32,''
meta-llama/Llama-3.1-8B-Instruct,GSM_016,canonical,23,21507,-11.507133,-0.004109,5,20,5,104,20,32,''
meta-llama/Llama-3.1-8B-Instruct,GSM_016,canonical,24,24018,-11.496083,-0.006101,5,20,5,104,20,32,''
meta-llama/Llama-3.1-8B-Instruct,GSM_016,canonical,25,18994,-11.449695,-0.002856,5,20,5,104,20,32,''
meta-llama/Llama-3.1-8B-Instruct,GSM_016,canonical,26,4245,-11.111439,0.012366,5,20,5,104,20,32,''
meta-llama/Llama-3.1-8B-Instruct,GSM_016,canonical,27,733,-10.755499,0.026498,5,20,5,104,20,32,''
meta-llama/Llama-3.1-8B-Instruct,GSM_016,canonical,28,139,-10.1471,0.042713,5,20,5,104,20,32,''
meta-llama/Llama-3.1-8B-Instruct,GSM_016,canonical,29,399,-10.366735,0.031961,5,20,5,104,20,32,''
meta-llama/Llama-3.1-8B-Instruct,GSM_016,canonical,30,225,-9.686651,0.046723,5,20,5,104,20,32,''
meta-llama/Llama-3.1-8B-Instruct,GSM_016,canonical,31,30,-7.214583,0.113544,5,20,5,104,20,32,''
meta-llama/Llama-3.1-8B-Instruct,GSM_016,W3,0,67296,-11.762488,-0.001085,5,20,5,104,20,32,''
meta-llama/Llama-3.1-8B-Instruct,GSM_016,W3,1,35999,-11.753295,0.007908,5,20,5,104,20,32,''
meta-llama/Llama-3.1-8B-Instruct,GSM_016,W3,2,73419,-11.766122,-0.00219,5,20,5,104,20,32,''
meta-llama/Llama-3.1-8B-Instruct,GSM_016,W3,3,127070,-11.836286,-0.032643,5,20,5,104,20,32,''
meta-llama/Llama-3.1-8B-Instruct,GSM_016,W3,4,100188,-11.797657,-0.007063,5,20,5,104,20,32,''
meta-llama/Llama-3.1-8B-Instruct,GSM_016,W3,5,123414,-11.868172,-0.01952,5,20,5,104,20,32,''
meta-llama/Llama-3.1-8B-Instruct,GSM_016,W3,6,116554,-11.843143,-0.012265,5,20,5,104,20,32,''
meta-llama/Llama-3.1-8B-Instruct,GSM_016,W3,7,90658,-11.800093,-0.001986,5,20,5,104,20,32,''
meta-llama/Llama-3.1-8B-Instruct,GSM_016,W3,8,86439,-11.796349,-0.001607,5,20,5,104,20,32,''
meta-llama/Llama-3.1-8B-Instruct,GSM_016,W3,9,101573,-11.825316,-0.009699,5,20,5,104,20,32,''
meta-llama/Llama-3.1-8B-Instruct,GSM_016,W3,10,120750,-11.897867,-0.01611,5,20,5,104,20,32,''
meta-llama/Llama-3.1-8B-Instruct,GSM_016,W3,11,123889,-11.912996,-0.020863,5,20,5,104,20,32,''
meta-llama/Llama-3.1-8B-Instruct,GSM_016,W3,12,107341,-11.847821,-0.010578,5,20,5,104,20,32,''
meta-llama/Llama-3.1-8B-Instruct,GSM_016,W3,13,88034,-11.811639,-0.002862,5,20,5,104,20,32,''
meta-llama/Llama-3.1-8B-Instruct,GSM_016,W3,14,108635,-11.871679,-0.012449,5,20,5,104,20,32,''
meta-llama/Llama-3.1-8B-Instruct,GSM_016,W3,15,67696,-11.774774,-0.001905,5,20,5,104,20,32,''
meta-llama/Llama-3.1-8B-Instruct,GSM_016,W3,16,38082,-11.70587,0.002284,5,20,5,104,20,32,''
meta-llama/Llama-3.1-8B-Instruct,GSM_016,W3,17,14669,-11.610072,0.00951,5,20,5,104,20,32,''
meta-llama/Llama-3.1-8B-Instruct,GSM_016,W3,18,17947,-11.605734,0.003616,5,20,5,104,20,32,''
meta-llama/Llama-3.1-8B-Instruct,GSM_016,W3,19,21904,-11.605798,-0.000725,5,20,5,104,20,32,''
meta-llama/Llama-3.1-8B-Instruct,GSM_016,W3,20,47655,-11.712715,-0.010432,5,20,5,104,20,32,''
meta-llama/Llama-3.1-8B-Instruct,GSM_016,W3,21,48238,-11.706896,-0.012816,5,20,5,104,20,32,''
meta-llama/Llama-3.1-8B-Instruct,GSM_016,W3,22,46696,-11.689064,-0.014447,5,20,5,104,20,32,''
meta-llama/Llama-3.1-8B-Instruct,GSM_016,W3,23,25013,-11.529499,-0.005899,5,20,5,104,20,32,''
meta-llama/Llama-3.1-8B-Instruct,GSM_016,W3,24,22369,-11.467509,-0.005713,5,20,5,104,20,32,''
meta-llama/Llama-3.1-8B-Instruct,GSM_016,W3,25,22673,-11.485752,-0.004711,5,20,5,104,20,32,''
meta-llama/Llama-3.1-8B-Instruct,GSM_016,W3,26,4659,-11.108486,0.011974,5,20,5,104,20,32,''
meta-llama/Llama-3.1-8B-Instruct,GSM_016,W3,27,1160,-10.808279,0.023882,5,20,5,104,20,32,''
meta-llama/Llama-3.1-8B-Instruct,GSM_016,W3,28,313,-10.311005,0.036031,5,20,5,104,20,32,''
meta-llama/Llama-3.1-8B-Instruct,GSM_016,W3,29,1260,-10.638151,0.025078,5,20,5,104,20,32,''
meta-llama/Llama-3.1-8B-Instruct,GSM_016,W3,30,717,-10.116558,0.037628,5,20,5,104,20,32,''
meta-llama/Llama-3.1-8B-Instruct,GSM_016,W3,31,100,-6.161932,0.130551,5,20,5,104,20,32,''
meta-llama/Llama-3.1-8B-Instruct,GSM_017,canonical,0,101442,-11.770519,-0.01159,922,20275,922,6,20275,32,''
meta-llama/Llama-3.1-8B-Instruct,GSM_017,canonical,1,100077,-11.773119,-0.01082,922,20275,922,6,20275,32,''
meta-llama/Llama-3.1-8B-Instruct,GSM_017,canonical,2,72606,-11.765745,-0.001786,922,20275,922,6,20275,32,''
meta-llama/Llama-3.1-8B-Instruct,GSM_017,canonical,3,119012,-11.80781,-0.015694,922,20275,922,6,20275,32,''
meta-llama/Llama-3.1-8B-Instruct,GSM_017,canonical,4,110797,-11.813471,-0.010987,922,20275,922,6,20275,32,''
meta-llama/Llama-3.1-8B-Instruct,GSM_017,canonical,5,112206,-11.830138,-0.008862,922,20275,922,6,20275,32,''
meta-llama/Llama-3.1-8B-Instruct,GSM_017,canonical,6,121349,-11.855581,-0.015564,922,20275,922,6,20275,32,''
meta-llama/Llama-3.1-8B-Instruct,GSM_017,canonical,7,123821,-11.879984,-0.019345,922,20275,922,6,20275,32,''
meta-llama/Llama-3.1-8B-Instruct,GSM_017,canonical,8,118373,-11.861892,-0.014929,922,20275,922,6,20275,32,''
meta-llama/Llama-3.1-8B-Instruct,GSM_017,canonical,9,60129,-11.760793,0.003244,922,20275,922,6,20275,32,''
meta-llama/Llama-3.1-8B-Instruct,GSM_017,canonical,10,66019,-11.769423,0.006502,922,20275,922,6,20275,32,''
meta-llama/Llama-3.1-8B-Instruct,GSM_017,canonical,11,51552,-11.745978,0.00997,922,20275,922,6,20275,32,''
meta-llama/Llama-3.1-8B-Instruct,GSM_017,canonical,12,116068,-11.881416,-0.013237,922,20275,922,6,20275,32,''
meta-llama/Llama-3.1-8B-Instruct,GSM_017,canonical,13,122274,-11.924884,-0.019072,922,20275,922,6,20275,32,''
meta-llama/Llama-3.1-8B-Instruct,GSM_017,canonical,14,125883,-11.981129,-0.026369,922,20275,922,6,20275,32,''
meta-llama/Llama-3.1-8B-Instruct,GSM_017,canonical,15,127074,-12.031868,-0.03385,922,20275,922,6,20275,32,''
meta-llama/Llama-3.1-8B-Instruct,GSM_017,canonical,16,126450,-12.040719,-0.034009,922,20275,922,6,20275,32,''
meta-llama/Llama-3.1-8B-Instruct,GSM_017,canonical,17,127438,-12.118139,-0.042183,922,20275,922,6,20275,32,''
meta-llama/Llama-3.1-8B-Instruct,GSM_017,canonical,18,123210,-12.042102,-0.038026,922,20275,922,6,20275,32,''
meta-llama/Llama-3.1-8B-Instruct,GSM_017,canonical,19,116080,-12.003756,-0.034695,922,20275,922,6,20275,32,''
meta-llama/Llama-3.1-8B-Instruct,GSM_017,canonical,20,123925,-12.107761,-0.039517,922,20275,922,6,20275,32,''
meta-llama/Llama-3.1-8B-Instruct,GSM_017,canonical,21,120546,-12.093266,-0.036226,922,20275,922,6,20275,32,''
meta-llama/Llama-3.1-8B-Instruct,GSM_017,canonical,22,123220,-12.205763,-0.042778,922,20275,922,6,20275,32,''
meta-llama/Llama-3.1-8B-Instruct,GSM_017,canonical,23,118392,-12.194578,-0.041855,922,20275,922,6,20275,32,''
meta-llama/Llama-3.1-8B-Instruct,GSM_017,canonical,24,113440,-12.211187,-0.042443,922,20275,922,6,20275,32,''
meta-llama/Llama-3.1-8B-Instruct,GSM_017,canonical,25,103675,-12.102983,-0.033569,922,20275,922,6,20275,32,''
meta-llama/Llama-3.1-8B-Instruct,GSM_017,canonical,26,90816,-12.041374,-0.029605,922,20275,922,6,20275,32,''
meta-llama/Llama-3.1-8B-Instruct,GSM_017,canonical,27,65299,-11.837282,-0.016214,922,20275,922,6,20275,32,''
meta-llama/Llama-3.1-8B-Instruct,GSM_017,canonical,28,55325,-11.800556,-0.018486,922,20275,922,6,20275,32,''
meta-llama/Llama-3.1-8B-Instruct,GSM_017,canonical,29,55474,-11.810648,-0.015214,922,20275,922,6,20275,32,''
meta-llama/Llama-3.1-8B-Instruct,GSM_017,canonical,30,38294,-11.625965,-0.008731,922,20275,922,6,20275,32,''
meta-llama/Llama-3.1-8B-Instruct,GSM_017,canonical,31,1750,-15.832176,0.044336,922,20275,922,6,20275,32,''
meta-llama/Llama-3.1-8B-Instruct,GSM_017,W3,0,103505,-11.771237,-0.012189,922,20275,922,6,20275,32,''
meta-llama/Llama-3.1-8B-Instruct,GSM_017,W3,1,97374,-11.772202,-0.009601,922,20275,922,6,20275,32,''
meta-llama/Llama-3.1-8B-Instruct,GSM_017,W3,2,69923,-11.764599,-0.000804,922,20275,922,6,20275,32,''
meta-llama/Llama-3.1-8B-Instruct,GSM_017,W3,3,113928,-11.800296,-0.011849,922,20275,922,6,20275,32,''
meta-llama/Llama-3.1-8B-Instruct,GSM_017,W3,4,108940,-11.810217,-0.009577,922,20275,922,6,20275,32,''
meta-llama/Llama-3.1-8B-Instruct,GSM_017,W3,5,115114,-11.837776,-0.009909,922,20275,922,6,20275,32,''
meta-llama/Llama-3.1-8B-Instruct,GSM_017,W3,6,122913,-11.864163,-0.016959,922,20275,922,6,20275,32,''
meta-llama/Llama-3.1-8B-Instruct,GSM_017,W3,7,124869,-11.890228,-0.021187,922,20275,922,6,20275,32,''
meta-llama/Llama-3.1-8B-Instruct,GSM_017,W3,8,115708,-11.852277,-0.012738,922,20275,922,6,20275,32,''
meta-llama/Llama-3.1-8B-Instruct,GSM_017,W3,9,51298,-11.747482,0.006628,922,20275,922,6,20275,32,''
meta-llama/Llama-3.1-8B-Instruct,GSM_017,W3,10,60976,-11.76132,0.009216,922,20275,922,6,20275,32,''
meta-llama/Llama-3.1-8B-Instruct,GSM_017,W3,11,40315,-11.726524,0.014932,922,20275,922,6,20275,32,''
meta-llama/Llama-3.1-8B-Instruct,GSM_017,W3,12,112837,-11.867758,-0.011803,922,20275,922,6,20275,32,''
meta-llama/Llama-3.1-8B-Instruct,GSM_017,W3,13,120990,-11.916045,-0.018036,922,20275,922,6,20275,32,''
meta-llama/Llama-3.1-8B-Instruct,GSM_017,W3,14,126716,-12.002341,-0.028906,922,20275,922,6,20275,32,''
meta-llama/Llama-3.1-8B-Instruct,GSM_017,W3,15,127161,-12.040449,-0.033925,922,20275,922,6,20275,32,''
meta-llama/Llama-3.1-8B-Instruct,GSM_017,W3,16,126710,-12.056689,-0.035285,922,20275,922,6,20275,32,''
meta-llama/Llama-3.1-8B-Instruct,GSM_017,W3,17,127661,-12.148019,-0.045203,922,20275,922,6,20275,32,''
meta-llama/Llama-3.1-8B-Instruct,GSM_017,W3,18,122918,-12.050932,-0.039428,922,20275,922,6,20275,32,''
meta-llama/Llama-3.1-8B-Instruct,GSM_017,W3,19,118516,-12.048904,-0.04039,922,20275,922,6,20275,32,''
meta-llama/Llama-3.1-8B-Instruct,GSM_017,W3,20,121847,-12.097366,-0.041116,922,20275,922,6,20275,32,''
meta-llama/Llama-3.1-8B-Instruct,GSM_017,W3,21,109011,-12.024359,-0.035128,922,20275,922,6,20275,32,''
meta-llama/Llama-3.1-8B-Instruct,GSM_017,W3,22,109498,-12.094728,-0.040106,922,20275,922,6,20275,32,''
meta-llama/Llama-3.1-8B-Instruct,GSM_017,W3,23,103926,-12.11195,-0.041463,922,20275,922,6,20275,32,''
meta-llama/Llama-3.1-8B-Instruct,GSM_017,W3,24,97312,-12.118527,-0.042266,922,20275,922,6,20275,32,''
meta-llama/Llama-3.1-8B-Instruct,GSM_017,W3,25,96831,-12.100348,-0.038746,922,20275,922,6,20275,32,''
meta-llama/Llama-3.1-8B-Instruct,GSM_017,W3,26,89016,-12.10346,-0.037534,922,20275,922,6,20275,32,''
meta-llama/Llama-3.1-8B-Instruct,GSM_017,W3,27,75980,-11.970531,-0.02756,922,20275,922,6,20275,32,''
meta-llama/Llama-3.1-8B-Instruct,GSM_017,W3,28,66137,-11.947319,-0.026582,922,20275,922,6,20275,32,''
meta-llama/Llama-3.1-8B-Instruct,GSM_017,W3,29,56781,-11.829029,-0.016162,922,20275,922,6,20275,32,''
meta-llama/Llama-3.1-8B-Instruct,GSM_017,W3,30,42207,-11.699854,-0.008697,922,20275,922,6,20275,32,''
meta-llama/Llama-3.1-8B-Instruct,GSM_017,W3,31,1164,-12.332196,0.062423,922,20275,922,6,20275,32,''
meta-llama/Llama-3.1-8B-Instruct,GSM_018,canonical,0,46337,-11.758075,0.006724,21,1691,21,22,1691,32,''
meta-llama/Llama-3.1-8B-Instruct,GSM_018,canonical,1,69964,-11.763479,-0.001379,21,1691,21,22,1691,32,''
meta-llama/Llama-3.1-8B-Instruct,GSM_018,canonical,2,65441,-11.762686,0.001081,21,1691,21,22,1691,32,''
meta-llama/Llama-3.1-8B-Instruct,GSM_018,canonical,3,78366,-11.771155,0.001637,21,1691,21,22,1691,32,''
meta-llama/Llama-3.1-8B-Instruct,GSM_018,canonical,4,81613,-11.778971,-0.000476,21,1691,21,22,1691,32,''
meta-llama/Llama-3.1-8B-Instruct,GSM_018,canonical,5,117792,-11.845778,-0.014959,21,1691,21,22,1691,32,''
meta-llama/Llama-3.1-8B-Instruct,GSM_018,canonical,6,114331,-11.835582,-0.012108,21,1691,21,22,1691,32,''
meta-llama/Llama-3.1-8B-Instruct,GSM_018,canonical,7,108838,-11.82892,-0.011806,21,1691,21,22,1691,32,''
meta-llama/Llama-3.1-8B-Instruct,GSM_018,canonical,8,94318,-11.807438,-0.005724,21,1691,21,22,1691,32,''
meta-llama/Llama-3.1-8B-Instruct,GSM_018,canonical,9,92646,-11.80799,-0.007235,21,1691,21,22,1691,32,''
meta-llama/Llama-3.1-8B-Instruct,GSM_018,canonical,10,73278,-11.780678,0.007304,21,1691,21,22,1691,32,''
meta-llama/Llama-3.1-8B-Instruct,GSM_018,canonical,11,65531,-11.767653,0.008791,21,1691,21,22,1691,32,''
meta-llama/Llama-3.1-8B-Instruct,GSM_018,canonical,12,38300,-11.72039,0.014667,21,1691,21,22,1691,32,''
meta-llama/Llama-3.1-8B-Instruct,GSM_018,canonical,13,38587,-11.718561,0.013199,21,1691,21,22,1691,32,''
meta-llama/Llama-3.1-8B-Instruct,GSM_018,canonical,14,35190,-11.708314,0.011223,21,1691,21,22,1691,32,''
meta-llama/Llama-3.1-8B-Instruct,GSM_018,canonical,15,7173,-11.589235,0.022104,21,1691,21,22,1691,32,''
meta-llama/Llama-3.1-8B-Instruct,GSM_018,canonical,16,4230,-11.540421,0.022366,21,1691,21,22,1691,32,''
meta-llama/Llama-3.1-8B-Instruct,GSM_018,canonical,17,4418,-11.524035,0.020264,21,1691,21,22,1691,32,''
meta-llama/Llama-3.1-8B-Instruct,GSM_018,canonical,18,15826,-11.595815,0.005363,21,1691,21,22,1691,32,''
meta-llama/Llama-3.1-8B-Instruct,GSM_018,canonical,19,7633,-11.507499,0.011509,21,1691,21,22,1691,32,''
meta-llama/Llama-3.1-8B-Instruct,GSM_018,canonical,20,11386,-11.538835,0.00959,21,1691,21,22,1691,32,''
meta-llama/Llama-3.1-8B-Instruct,GSM_018,canonical,21,13752,-11.515698,0.005349,21,1691,21,22,1691,32,''
meta-llama/Llama-3.1-8B-Instruct,GSM_018,canonical,22,10934,-11.442784,0.007465,21,1691,21,22,1691,32,''
meta-llama/Llama-3.1-8B-Instruct,GSM_018,canonical,23,8012,-11.352863,0.009396,21,1691,21,22,1691,32,''
meta-llama/Llama-3.1-8B-Instruct,GSM_018,canonical,24,8159,-11.285891,0.007841,21,1691,21,22,1691,32,''
meta-llama/Llama-3.1-8B-Instruct,GSM_018,canonical,25,9192,-11.288784,0.005625,21,1691,21,22,1691,32,''
meta-llama/Llama-3.1-8B-Instruct,GSM_018,canonical,26,7172,-11.168466,0.008171,21,1691,21,22,1691,32,''
meta-llama/Llama-3.1-8B-Instruct,GSM_018,canonical,27,2342,-10.90958,0.01973,21,1691,21,22,1691,32,''
meta-llama/Llama-3.1-8B-Instruct,GSM_018,canonical,28,1032,-10.54796,0.028323,21,1691,21,22,1691,32,''
meta-llama/Llama-3.1-8B-Instruct,GSM_018,canonical,29,908,-10.479924,0.030846,21,1691,21,22,1691,32,''
meta-llama/Llama-3.1-8B-Instruct,GSM_018,canonical,30,357,-9.803368,0.047968,21,1691,21,22,1691,32,''
meta-llama/Llama-3.1-8B-Instruct,GSM_018,canonical,31,138,-9.390607,0.112279,21,1691,21,22,1691,32,''
meta-llama/Llama-3.1-8B-Instruct,GSM_018,W3,0,44219,-11.757612,0.007187,21,1691,21,22,1691,32,''
meta-llama/Llama-3.1-8B-Instruct,GSM_018,W3,1,65746,-11.76227,-0.000687,21,1691,21,22,1691,32,''
meta-llama/Llama-3.1-8B-Instruct,GSM_018,W3,2,64924,-11.762462,0.00091,21,1691,21,22,1691,32,''
meta-llama/Llama-3.1-8B-Instruct,GSM_018,W3,3,75532,-11.769423,0.002251,21,1691,21,22,1691,32,''
meta-llama/Llama-3.1-8B-Instruct,GSM_018,W3,4,81287,-11.778433,-0.001141,21,1691,21,22,1691,32,''
meta-llama/Llama-3.1-8B-Instruct,GSM_018,W3,5,120249,-11.853499,-0.017506,21,1691,21,22,1691,32,''
meta-llama/Llama-3.1-8B-Instruct,GSM_018,W3,6,117812,-11.845073,-0.014828,21,1691,21,22,1691,32,''
meta-llama/Llama-3.1-8B-Instruct,GSM_018,W3,7,108405,-11.827619,-0.011432,21,1691,21,22,1691,32,''
meta-llama/Llama-3.1-8B-Instruct,GSM_018,W3,8,94345,-11.807492,-0.00556,21,1691,21,22,1691,32,''
meta-llama/Llama-3.1-8B-Instruct,GSM_018,W3,9,90095,-11.803489,-0.005993,21,1691,21,22,1691,32,''
meta-llama/Llama-3.1-8B-Instruct,GSM_018,W3,10,69353,-11.774272,0.00823,21,1691,21,22,1691,32,''
meta-llama/Llama-3.1-8B-Instruct,GSM_018,W3,11,65249,-11.767394,0.009149,21,1691,21,22,1691,32,''
meta-llama/Llama-3.1-8B-Instruct,GSM_018,W3,12,36583,-11.716946,0.015622,21,1691,21,22,1691,32,''
meta-llama/Llama-3.1-8B-Instruct,GSM_018,W3,13,32062,-11.705234,0.015231,21,1691,21,22,1691,32,''
meta-llama/Llama-3.1-8B-Instruct,GSM_018,W3,14,38111,-11.714979,0.010271,21,1691,21,22,1691,32,''
meta-llama/Llama-3.1-8B-Instruct,GSM_018,W3,15,7046,-11.591726,0.0225,21,1691,21,22,1691,32,''
meta-llama/Llama-3.1-8B-Instruct,GSM_018,W3,16,6195,-11.567284,0.019953,21,1691,21,22,1691,32,''
meta-llama/Llama-3.1-8B-Instruct,GSM_018,W3,17,7992,-11.571234,0.017004,21,1691,21,22,1691,32,''
meta-llama/Llama-3.1-8B-Instruct,GSM_018,W3,18,24075,-11.643359,0.001933,21,1691,21,22,1691,32,''
meta-llama/Llama-3.1-8B-Instruct,GSM_018,W3,19,12961,-11.562943,0.007386,21,1691,21,22,1691,32,''
meta-llama/Llama-3.1-8B-Instruct,GSM_018,W3,20,10441,-11.534138,0.011041,21,1691,21,22,1691,32,''
meta-llama/Llama-3.1-8B-Instruct,GSM_018,W3,21,13751,-11.523897,0.006114,21,1691,21,22,1691,32,''
meta-llama/Llama-3.1-8B-Instruct,GSM_018,W3,22,11409,-11.456551,0.007241,21,1691,21,22,1691,32,''
meta-llama/Llama-3.1-8B-Instruct,GSM_018,W3,23,7607,-11.355199,0.010035,21,1691,21,22,1691,32,''
meta-llama/Llama-3.1-8B-Instruct,GSM_018,W3,24,7547,-11.281946,0.008727,21,1691,21,22,1691,32,''
meta-llama/Llama-3.1-8B-Instruct,GSM_018,W3,25,11640,-11.348189,0.003642,21,1691,21,22,1691,32,''
meta-llama/Llama-3.1-8B-Instruct,GSM_018,W3,26,8566,-11.226243,0.00646,21,1691,21,22,1691,32,''
meta-llama/Llama-3.1-8B-Instruct,GSM_018,W3,27,2367,-10.929298,0.019725,21,1691,21,22,1691,32,''
meta-llama/Llama-3.1-8B-Instruct,GSM_018,W3,28,1196,-10.584072,0.027227,21,1691,21,22,1691,32,''
meta-llama/Llama-3.1-8B-Instruct,GSM_018,W3,29,937,-10.504007,0.030725,21,1691,21,22,1691,32,''
meta-llama/Llama-3.1-8B-Instruct,GSM_018,W3,30,356,-9.821268,0.047494,21,1691,21,22,1691,32,''
meta-llama/Llama-3.1-8B-Instruct,GSM_018,W3,31,115,-8.839727,0.115437,21,1691,21,22,1691,32,''
meta-llama/Llama-3.1-8B-Instruct,GSM_019,canonical,0,13232,-11.748299,0.017555,3,18,3,153,18,32,''
meta-llama/Llama-3.1-8B-Instruct,GSM_019,canonical,1,21877,-11.747965,0.012824,3,18,3,153,18,32,''
meta-llama/Llama-3.1-8B-Instruct,GSM_019,canonical,2,63229,-11.761688,0.000846,3,18,3,153,18,32,''
meta-llama/Llama-3.1-8B-Instruct,GSM_019,canonical,3,121352,-11.81341,-0.019039,3,18,3,153,18,32,''
meta-llama/Llama-3.1-8B-Instruct,GSM_019,canonical,4,100984,-11.799569,-0.007238,3,18,3,153,18,32,''
meta-llama/Llama-3.1-8B-Instruct,GSM_019,canonical,5,121593,-11.857902,-0.016936,3,18,3,153,18,32,''
meta-llama/Llama-3.1-8B-Instruct,GSM_019,canonical,6,125842,-11.883485,-0.023762,3,18,3,153,18,32,''
meta-llama/Llama-3.1-8B-Instruct,GSM_019,canonical,7,113551,-11.840856,-0.01275,3,18,3,153,18,32,''
meta-llama/Llama-3.1-8B-Instruct,GSM_019,canonical,8,105758,-11.829086,-0.00942,3,18,3,153,18,32,''
meta-llama/Llama-3.1-8B-Instruct,GSM_019,canonical,9,124779,-11.907571,-0.024821,3,18,3,153,18,32,''
meta-llama/Llama-3.1-8B-Instruct,GSM_019,canonical,10,118593,-11.881795,-0.013617,3,18,3,153,18,32,''
meta-llama/Llama-3.1-8B-Instruct,GSM_019,canonical,11,118542,-11.879612,-0.013708,3,18,3,153,18,32,''
meta-llama/Llama-3.1-8B-Instruct,GSM_019,canonical,12,89145,-11.808336,-0.003522,3,18,3,153,18,32,''
meta-llama/Llama-3.1-8B-Instruct,GSM_019,canonical,13,62192,-11.763278,0.004326,3,18,3,153,18,32,''
meta-llama/Llama-3.1-8B-Instruct,GSM_019,canonical,14,66273,-11.77237,0.000887,3,18,3,153,18,32,''
meta-llama/Llama-3.1-8B-Instruct,GSM_019,canonical,15,22180,-11.666176,0.011009,3,18,3,153,18,32,''
meta-llama/Llama-3.1-8B-Instruct,GSM_019,canonical,16,59281,-11.756804,-0.002153,3,18,3,153,18,32,''
meta-llama/Llama-3.1-8B-Instruct,GSM_019,canonical,17,67382,-11.777425,-0.00567,3,18,3,153,18,32,''
meta-llama/Llama-3.1-8B-Instruct,GSM_019,canonical,18,47038,-11.722734,-0.004576,3,18,3,153,18,32,''
meta-llama/Llama-3.1-8B-Instruct,GSM_019,canonical,19,22285,-11.620933,0.001962,3,18,3,153,18,32,''
meta-llama/Llama-3.1-8B-Instruct,GSM_019,canonical,20,33645,-11.668766,-0.000828,3,18,3,153,18,32,''
meta-llama/Llama-3.1-8B-Instruct,GSM_019,canonical,21,31088,-11.63983,-0.002184,3,18,3,153,18,32,''
meta-llama/Llama-3.1-8B-Instruct,GSM_019,canonical,22,16454,-11.519348,0.003245,3,18,3,153,18,32,''
meta-llama/Llama-3.1-8B-Instruct,GSM_019,canonical,23,4670,-11.303622,0.012593,3,18,3,153,18,32,''
meta-llama/Llama-3.1-8B-Instruct,GSM_019,canonical,24,2447,-11.122857,0.016799,3,18,3,153,18,32,''
meta-llama/Llama-3.1-8B-Instruct,GSM_019,canonical,25,2105,-11.082563,0.017689,3,18,3,153,18,32,''
meta-llama/Llama-3.1-8B-Instruct,GSM_019,canonical,26,520,-10.737814,0.028554,3,18,3,153,18,32,''
meta-llama/Llama-3.1-8B-Instruct,GSM_019,canonical,27,198,-10.476439,0.036306,3,18,3,153,18,32,''
meta-llama/Llama-3.1-8B-Instruct,GSM_019,canonical,28,226,-10.143192,0.038108,3,18,3,153,18,32,''
meta-llama/Llama-3.1-8B-Instruct,GSM_019,canonical,29,371,-10.127798,0.033995,3,18,3,153,18,32,''
meta-llama/Llama-3.1-8B-Instruct,GSM_019,canonical,30,196,-9.542646,0.044994,3,18,3,153,18,32,''
meta-llama/Llama-3.1-8B-Instruct,GSM_019,canonical,31,17,-7.526191,0.108708,3,18,3,153,18,32,''
meta-llama/Llama-3.1-8B-Instruct,GSM_019,W3,0,17142,-11.749841,0.015103,3,18,3,153,18,32,''
meta-llama/Llama-3.1-8B-Instruct,GSM_019,W3,1,27209,-11.750134,0.010086,3,18,3,153,18,32,''
meta-llama/Llama-3.1-8B-Instruct,GSM_019,W3,2,72765,-11.765894,-0.001793,3,18,3,153,18,32,''
meta-llama/Llama-3.1-8B-Instruct,GSM_019,W3,3,125009,-11.824345,-0.024051,3,18,3,153,18,32,''
meta-llama/Llama-3.1-8B-Instruct,GSM_019,W3,4,106279,-11.807888,-0.008231,3,18,3,153,18,32,''
meta-llama/Llama-3.1-8B-Instruct,GSM_019,W3,5,123189,-11.868622,-0.017841,3,18,3,153,18,32,''
meta-llama/Llama-3.1-8B-Instruct,GSM_019,W3,6,126221,-11.892742,-0.024684,3,18,3,153,18,32,''
meta-llama/Llama-3.1-8B-Instruct,GSM_019,W3,7,109409,-11.831866,-0.010154,3,18,3,153,18,32,''
meta-llama/Llama-3.1-8B-Instruct,GSM_019,W3,8,106186,-11.829364,-0.00932,3,18,3,153,18,32,''
meta-llama/Llama-3.1-8B-Instruct,GSM_019,W3,9,124952,-11.90884,-0.024863,3,18,3,153,18,32,''
meta-llama/Llama-3.1-8B-Instruct,GSM_019,W3,10,124058,-11.916356,-0.01932,3,18,3,153,18,32,''
meta-llama/Llama-3.1-8B-Instruct,GSM_019,W3,11,119576,-11.884807,-0.014032,3,18,3,153,18,32,''
meta-llama/Llama-3.1-8B-Instruct,GSM_019,W3,12,89968,-11.810349,-0.003838,3,18,3,153,18,32,''
meta-llama/Llama-3.1-8B-Instruct,GSM_019,W3,13,54011,-11.748275,0.007004,3,18,3,153,18,32,''
meta-llama/Llama-3.1-8B-Instruct,GSM_019,W3,14,67587,-11.775251,0.00106,3,18,3,153,18,32,''
meta-llama/Llama-3.1-8B-Instruct,GSM_019,W3,15,25283,-11.67705,0.009785,3,18,3,153,18,32,''
meta-llama/Llama-3.1-8B-Instruct,GSM_019,W3,16,69894,-11.781622,-0.004321,3,18,3,153,18,32,''
meta-llama/Llama-3.1-8B-Instruct,GSM_019,W3,17,81430,-11.81411,-0.00937,3,18,3,153,18,32,''
meta-llama/Llama-3.1-8B-Instruct,GSM_019,W3,18,61722,-11.763449,-0.00881,3,18,3,153,18,32,''
meta-llama/Llama-3.1-8B-Instruct,GSM_019,W3,19,38014,-11.685287,-0.004288,3,18,3,153,18,32,''
meta-llama/Llama-3.1-8B-Instruct,GSM_019,W3,20,30808,-11.654932,-0.000744,3,18,3,153,18,32,''
meta-llama/Llama-3.1-8B-Instruct,GSM_019,W3,21,19235,-11.568214,0.001634,3,18,3,153,18,32,''
meta-llama/Llama-3.1-8B-Instruct,GSM_019,W3,22,9907,-11.440285,0.006455,3,18,3,153,18,32,''
meta-llama/Llama-3.1-8B-Instruct,GSM_019,W3,23,2794,-11.212219,0.016191,3,18,3,153,18,32,''
meta-llama/Llama-3.1-8B-Instruct,GSM_019,W3,24,700,-10.923203,0.027287,3,18,3,153,18,32,''
meta-llama/Llama-3.1-8B-Instruct,GSM_019,W3,25,1039,-11.025748,0.023373,3,18,3,153,18,32,''
meta-llama/Llama-3.1-8B-Instruct,GSM_019,W3,26,303,-10.668351,0.032871,3,18,3,153,18,32,''
meta-llama/Llama-3.1-8B-Instruct,GSM_019,W3,27,168,-10.479361,0.037748,3,18,3,153,18,32,''
meta-llama/Llama-3.1-8B-Instruct,GSM_019,W3,28,161,-10.100311,0.041748,3,18,3,153,18,32,''
meta-llama/Llama-3.1-8B-Instruct,GSM_019,W3,29,931,-10.554825,0.025979,3,18,3,153,18,32,''
meta-llama/Llama-3.1-8B-Instruct,GSM_019,W3,30,220,-9.678713,0.046292,3,18,3,153,18,32,''
meta-llama/Llama-3.1-8B-Instruct,GSM_019,W3,31,8,-4.371026,0.139949,3,18,3,153,18,32,''
meta-llama/Llama-3.1-8B-Instruct,GSM_020,canonical,0,21811,-11.751645,0.015708,24,1187,24,32,1187,32,''
meta-llama/Llama-3.1-8B-Instruct,GSM_020,canonical,1,16431,-11.745342,0.017971,24,1187,24,32,1187,32,''
meta-llama/Llama-3.1-8B-Instruct,GSM_020,canonical,2,32843,-11.747837,0.011312,24,1187,24,32,1187,32,''
meta-llama/Llama-3.1-8B-Instruct,GSM_020,canonical,3,78281,-11.770984,0.000536,24,1187,24,32,1187,32,''
meta-llama/Llama-3.1-8B-Instruct,GSM_020,canonical,4,57991,-11.757689,0.006291,24,1187,24,32,1187,32,''
meta-llama/Llama-3.1-8B-Instruct,GSM_020,canonical,5,117240,-11.842249,-0.014208,24,1187,24,32,1187,32,''
meta-llama/Llama-3.1-8B-Instruct,GSM_020,canonical,6,111826,-11.828029,-0.010673,24,1187,24,32,1187,32,''
meta-llama/Llama-3.1-8B-Instruct,GSM_020,canonical,7,106950,-11.824288,-0.010638,24,1187,24,32,1187,32,''
meta-llama/Llama-3.1-8B-Instruct,GSM_020,canonical,8,115011,-11.851192,-0.016144,24,1187,24,32,1187,32,''
meta-llama/Llama-3.1-8B-Instruct,GSM_020,canonical,9,95543,-11.814837,-0.008106,24,1187,24,32,1187,32,''
meta-llama/Llama-3.1-8B-Instruct,GSM_020,canonical,10,94736,-11.81756,-0.001843,24,1187,24,32,1187,32,''
meta-llama/Llama-3.1-8B-Instruct,GSM_020,canonical,11,99563,-11.826076,-0.004027,24,1187,24,32,1187,32,''
meta-llama/Llama-3.1-8B-Instruct,GSM_020,canonical,12,100638,-11.833884,-0.006995,24,1187,24,32,1187,32,''
meta-llama/Llama-3.1-8B-Instruct,GSM_020,canonical,13,68693,-11.775329,0.003043,24,1187,24,32,1187,32,''
meta-llama/Llama-3.1-8B-Instruct,GSM_020,canonical,14,61034,-11.761924,0.002425,24,1187,24,32,1187,32,''
meta-llama/Llama-3.1-8B-Instruct,GSM_020,canonical,15,52563,-11.743538,-0.001404,24,1187,24,32,1187,32,''
meta-llama/Llama-3.1-8B-Instruct,GSM_020,canonical,16,60647,-11.759892,-0.005543,24,1187,24,32,1187,32,''
meta-llama/Llama-3.1-8B-Instruct,GSM_020,canonical,17,40500,-11.704998,-0.00291,24,1187,24,32,1187,32,''
meta-llama/Llama-3.1-8B-Instruct,GSM_020,canonical,18,53350,-11.737797,-0.012655,24,1187,24,32,1187,32,''
meta-llama/Llama-3.1-8B-Instruct,GSM_020,canonical,19,31929,-11.65384,-0.006313,24,1187,24,32,1187,32,''
meta-llama/Llama-3.1-8B-Instruct,GSM_020,canonical,20,28415,-11.640697,-0.002419,24,1187,24,32,1187,32,''
meta-llama/Llama-3.1-8B-Instruct,GSM_020,canonical,21,10451,-11.490405,0.007889,24,1187,24,32,1187,32,''
meta-llama/Llama-3.1-8B-Instruct,GSM_020,canonical,22,6189,-11.375172,0.011771,24,1187,24,32,1187,32,''
meta-llama/Llama-3.1-8B-Instruct,GSM_020,canonical,23,4997,-11.283677,0.012206,24,1187,24,32,1187,32,''
meta-llama/Llama-3.1-8B-Instruct,GSM_020,canonical,24,2352,-11.096319,0.019138,24,1187,24,32,1187,32,''
meta-llama/Llama-3.1-8B-Instruct,GSM_020,canonical,25,4699,-11.169811,0.011294,24,1187,24,32,1187,32,''
meta-llama/Llama-3.1-8B-Instruct,GSM_020,canonical,26,1292,-10.834459,0.023895,24,1187,24,32,1187,32,''
meta-llama/Llama-3.1-8B-Instruct,GSM_020,canonical,27,1034,-10.733381,0.026433,24,1187,24,32,1187,32,''
meta-llama/Llama-3.1-8B-Instruct,GSM_020,canonical,28,1180,-10.543662,0.026564,24,1187,24,32,1187,32,''
meta-llama/Llama-3.1-8B-Instruct,GSM_020,canonical,29,586,-10.258798,0.034423,24,1187,24,32,1187,32,''
meta-llama/Llama-3.1-8B-Instruct,GSM_020,canonical,30,482,-9.900117,0.040689,24,1187,24,32,1187,32,''
meta-llama/Llama-3.1-8B-Instruct,GSM_020,canonical,31,87,-8.795133,0.106517,24,1187,24,32,1187,32,''
meta-llama/Llama-3.1-8B-Instruct,GSM_020,W3,0,21125,-11.751361,0.015724,24,1187,24,32,1187,32,''
meta-llama/Llama-3.1-8B-Instruct,GSM_020,W3,1,14463,-11.744205,0.019731,24,1187,24,32,1187,32,''
meta-llama/Llama-3.1-8B-Instruct,GSM_020,W3,2,28106,-11.745165,0.012959,24,1187,24,32,1187,32,''
meta-llama/Llama-3.1-8B-Instruct,GSM_020,W3,3,78345,-11.770889,0.000614,24,1187,24,32,1187,32,''
meta-llama/Llama-3.1-8B-Instruct,GSM_020,W3,4,52758,-11.753349,0.008777,24,1187,24,32,1187,32,''
meta-llama/Llama-3.1-8B-Instruct,GSM_020,W3,5,117455,-11.843889,-0.013824,24,1187,24,32,1187,32,''
meta-llama/Llama-3.1-8B-Instruct,GSM_020,W3,6,108304,-11.82154,-0.008824,24,1187,24,32,1187,32,''
meta-llama/Llama-3.1-8B-Instruct,GSM_020,W3,7,99797,-11.81238,-0.007431,24,1187,24,32,1187,32,''
meta-llama/Llama-3.1-8B-Instruct,GSM_020,W3,8,109075,-11.835543,-0.012228,24,1187,24,32,1187,32,''
meta-llama/Llama-3.1-8B-Instruct,GSM_020,W3,9,82185,-11.792948,-0.003048,24,1187,24,32,1187,32,''
meta-llama/Llama-3.1-8B-Instruct,GSM_020,W3,10,85324,-11.801288,0.002454,24,1187,24,32,1187,32,''
meta-llama/Llama-3.1-8B-Instruct,GSM_020,W3,11,100816,-11.830823,-0.003372,24,1187,24,32,1187,32,''
meta-llama/Llama-3.1-8B-Instruct,GSM_020,W3,12,93800,-11.819174,-0.004363,24,1187,24,32,1187,32,''
meta-llama/Llama-3.1-8B-Instruct,GSM_020,W3,13,63358,-11.765772,0.003826,24,1187,24,32,1187,32,''
meta-llama/Llama-3.1-8B-Instruct,GSM_020,W3,14,60232,-11.760468,0.002029,24,1187,24,32,1187,32,''
meta-llama/Llama-3.1-8B-Instruct,GSM_020,W3,15,44636,-11.726032,0.000736,24,1187,24,32,1187,32,''
meta-llama/Llama-3.1-8B-Instruct,GSM_020,W3,16,59386,-11.757396,-0.005072,24,1187,24,32,1187,32,''
meta-llama/Llama-3.1-8B-Instruct,GSM_020,W3,17,46262,-11.721223,-0.005055,24,1187,24,32,1187,32,''
meta-llama/Llama-3.1-8B-Instruct,GSM_020,W3,18,49447,-11.724904,-0.010246,24,1187,24,32,1187,32,''
meta-llama/Llama-3.1-8B-Instruct,GSM_020,W3,19,35656,-11.663395,-0.009213,24,1187,24,32,1187,32,''
meta-llama/Llama-3.1-8B-Instruct,GSM_020,W3,20,25797,-11.61771,-0.003538,24,1187,24,32,1187,32,''
meta-llama/Llama-3.1-8B-Instruct,GSM_020,W3,21,6419,-11.396779,0.010556,24,1187,24,32,1187,32,''
meta-llama/Llama-3.1-8B-Instruct,GSM_020,W3,22,4586,-11.276154,0.012771,24,1187,24,32,1187,32,''
meta-llama/Llama-3.1-8B-Instruct,GSM_020,W3,23,3422,-11.150413,0.015301,24,1187,24,32,1187,32,''
meta-llama/Llama-3.1-8B-Instruct,GSM_020,W3,24,1380,-10.904177,0.025248,24,1187,24,32,1187,32,''
meta-llama/Llama-3.1-8B-Instruct,GSM_020,W3,25,1514,-10.937871,0.023238,24,1187,24,32,1187,32,''
meta-llama/Llama-3.1-8B-Instruct,GSM_020,W3,26,527,-10.544056,0.036079,24,1187,24,32,1187,32,''
meta-llama/Llama-3.1-8B-Instruct,GSM_020,W3,27,385,-10.424589,0.038707,24,1187,24,32,1187,32,''
meta-llama/Llama-3.1-8B-Instruct,GSM_020,W3,28,322,-10.146075,0.04228,24,1187,24,32,1187,32,''
meta-llama/Llama-3.1-8B-Instruct,GSM_020,W3,29,130,-9.798594,0.053649,24,1187,24,32,1187,32,''
meta-llama/Llama-3.1-8B-Instruct,GSM_020,W3,30,145,-9.207342,0.061841,24,1187,24,32,1187,32,''
meta-llama/Llama-3.1-8B-Instruct,GSM_020,W3,31,59,-5.696434,0.14265,24,1187,24,32,1187,32,''
meta-llama/Llama-3.1-8B-Instruct,GSM_041,canonical,0,10960,-11.747035,0.02242,150,3965,150,27,3965,32,''
meta-llama/Llama-3.1-8B-Instruct,GSM_041,canonical,1,28340,-11.750829,0.011822,150,3965,150,27,3965,32,''
meta-llama/Llama-3.1-8B-Instruct,GSM_041,canonical,2,58643,-11.759733,0.001988,150,3965,150,27,3965,32,''
meta-llama/Llama-3.1-8B-Instruct,GSM_041,canonical,3,80846,-11.77278,0.000356,150,3965,150,27,3965,32,''
meta-llama/Llama-3.1-8B-Instruct,GSM_041,canonical,4,84431,-11.781516,-0.001129,150,3965,150,27,3965,32,''
meta-llama/Llama-3.1-8B-Instruct,GSM_041,canonical,5,98809,-11.807064,-0.002599,150,3965,150,27,3965,32,''
meta-llama/Llama-3.1-8B-Instruct,GSM_041,canonical,6,97819,-11.805008,-0.003275,150,3965,150,27,3965,32,''
meta-llama/Llama-3.1-8B-Instruct,GSM_041,canonical,7,87560,-11.794376,-0.002242,150,3965,150,27,3965,32,''
meta-llama/Llama-3.1-8B-Instruct,GSM_041,canonical,8,82744,-11.790542,-0.001342,150,3965,150,27,3965,32,''
meta-llama/Llama-3.1-8B-Instruct,GSM_041,canonical,9,54513,-11.752419,0.005575,150,3965,150,27,3965,32,''
meta-llama/Llama-3.1-8B-Instruct,GSM_041,canonical,10,70261,-11.775757,0.005633,150,3965,150,27,3965,32,''
meta-llama/Llama-3.1-8B-Instruct,GSM_041,canonical,11,66289,-11.768862,0.007076,150,3965,150,27,3965,32,''
meta-llama/Llama-3.1-8B-Instruct,GSM_041,canonical,12,75926,-11.786343,0.001817,150,3965,150,27,3965,32,''
meta-llama/Llama-3.1-8B-Instruct,GSM_041,canonical,13,74422,-11.785711,-0.000272,150,3965,150,27,3965,32,''
meta-llama/Llama-3.1-8B-Instruct,GSM_041,canonical,14,83468,-11.80701,-0.00482,150,3965,150,27,3965,32,''
meta-llama/Llama-3.1-8B-Instruct,GSM_041,canonical,15,16901,-11.651405,0.014142,150,3965,150,27,3965,32,''
meta-llama/Llama-3.1-8B-Instruct,GSM_041,canonical,16,19189,-11.647717,0.010153,150,3965,150,27,3965,32,''
meta-llama/Llama-3.1-8B-Instruct,GSM_041,canonical,17,17640,-11.624919,0.007977,150,3965,150,27,3965,32,''
meta-llama/Llama-3.1-8B-Instruct,GSM_041,canonical,18,11196,-11.567118,0.009212,150,3965,150,27,3965,32,''
meta-llama/Llama-3.1-8B-Instruct,GSM_041,canonical,19,2541,-11.419394,0.020041,150,3965,150,27,3965,32,''
meta-llama/Llama-3.1-8B-Instruct,GSM_041,canonical,20,2912,-11.425693,0.019253,150,3965,150,27,3965,32,''
meta-llama/Llama-3.1-8B-Instruct,GSM_041,canonical,21,1989,-11.288153,0.021334,150,3965,150,27,3965,32,''
meta-llama/Llama-3.1-8B-Instruct,GSM_041,canonical,22,370,-11.006693,0.036275,150,3965,150,27,3965,32,''
meta-llama/Llama-3.1-8B-Instruct,GSM_041,canonical,23,201,-10.779086,0.044626,150,3965,150,27,3965,32,''
meta-llama/Llama-3.1-8B-Instruct,GSM_041,canonical,24,376,-10.702387,0.039892,150,3965,150,27,3965,32,''
meta-llama/Llama-3.1-8B-Instruct,GSM_041,canonical,25,182,-10.638395,0.043795,150,3965,150,27,3965,32,''
meta-llama/Llama-3.1-8B-Instruct,GSM_041,canonical,26,121,-10.329604,0.049376,150,3965,150,27,3965,32,''
meta-llama/Llama-3.1-8B-Instruct,GSM_041,canonical,27,74,-10.161222,0.052551,150,3965,150,27,3965,32,''
meta-llama/Llama-3.1-8B-Instruct,GSM_041,canonical,28,94,-9.865447,0.052946,150,3965,150,27,3965,32,''
meta-llama/Llama-3.1-8B-Instruct,GSM_041,canonical,29,59,-9.614993,0.060582,150,3965,150,27,3965,32,''
meta-llama/Llama-3.1-8B-Instruct,GSM_041,canonical,30,93,-9.130876,0.065827,150,3965,150,27,3965,32,''
meta-llama/Llama-3.1-8B-Instruct,GSM_041,canonical,31,39,-5.774414,0.133228,150,3965,150,27,3965,32,''
meta-llama/Llama-3.1-8B-Instruct,GSM_041,W3,0,9756,-11.746295,0.023801,150,3965,150,27,3965,32,''
meta-llama/Llama-3.1-8B-Instruct,GSM_041,W3,1,22279,-11.748371,0.014832,150,3965,150,27,3965,32,''
meta-llama/Llama-3.1-8B-Instruct,GSM_041,W3,2,56620,-11.758879,0.002967,150,3965,150,27,3965,32,''
meta-llama/Llama-3.1-8B-Instruct,GSM_041,W3,3,79981,-11.772199,0.000835,150,3965,150,27,3965,32,''
meta-llama/Llama-3.1-8B-Instruct,GSM_041,W3,4,91154,-11.788676,-0.003308,150,3965,150,27,3965,32,''
meta-llama/Llama-3.1-8B-Instruct,GSM_041,W3,5,100357,-11.809806,-0.002947,150,3965,150,27,3965,32,''
meta-llama/Llama-3.1-8B-Instruct,GSM_041,W3,6,103587,-11.814163,-0.005507,150,3965,150,27,3965,32,''
meta-llama/Llama-3.1-8B-Instruct,GSM_041,W3,7,87566,-11.794486,-0.002265,150,3965,150,27,3965,32,''
meta-llama/Llama-3.1-8B-Instruct,GSM_041,W3,8,85192,-11.793962,-0.002449,150,3965,150,27,3965,32,''
meta-llama/Llama-3.1-8B-Instruct,GSM_041,W3,9,56079,-11.754704,0.004739,150,3965,150,27,3965,32,''
meta-llama/Llama-3.1-8B-Instruct,GSM_041,W3,10,67564,-11.771798,0.006046,150,3965,150,27,3965,32,''
meta-llama/Llama-3.1-8B-Instruct,GSM_041,W3,11,65197,-11.767326,0.007028,150,3965,150,27,3965,32,''
meta-llama/Llama-3.1-8B-Instruct,GSM_041,W3,12,77849,-11.789659,0.000599,150,3965,150,27,3965,32,''
meta-llama/Llama-3.1-8B-Instruct,GSM_041,W3,13,76197,-11.788868,-0.001011,150,3965,150,27,3965,32,''
meta-llama/Llama-3.1-8B-Instruct,GSM_041,W3,14,76330,-11.79178,-0.00334,150,3965,150,27,3965,32,''
meta-llama/Llama-3.1-8B-Instruct,GSM_041,W3,15,17406,-11.65125,0.013242,150,3965,150,27,3965,32,''
meta-llama/Llama-3.1-8B-Instruct,GSM_041,W3,16,24392,-11.665452,0.007546,150,3965,150,27,3965,32,''
meta-llama/Llama-3.1-8B-Instruct,GSM_041,W3,17,22015,-11.643597,0.006004,150,3965,150,27,3965,32,''
meta-llama/Llama-3.1-8B-Instruct,GSM_041,W3,18,11441,-11.567483,0.008903,150,3965,150,27,3965,32,''
meta-llama/Llama-3.1-8B-Instruct,GSM_041,W3,19,4088,-11.453712,0.01654,150,3965,150,27,3965,32,''
meta-llama/Llama-3.1-8B-Instruct,GSM_041,W3,20,4572,-11.457565,0.015883,150,3965,150,27,3965,32,''
meta-llama/Llama-3.1-8B-Instruct,GSM_041,W3,21,2912,-11.335417,0.01809,150,3965,150,27,3965,32,''
meta-llama/Llama-3.1-8B-Instruct,GSM_041,W3,22,458,-11.053242,0.033679,150,3965,150,27,3965,32,''
meta-llama/Llama-3.1-8B-Instruct,GSM_041,W3,23,223,-10.831898,0.042108,150,3965,150,27,3965,32,''
meta-llama/Llama-3.1-8B-Instruct,GSM_041,W3,24,436,-10.766848,0.036823,150,3965,150,27,3965,32,''
meta-llama/Llama-3.1-8B-Instruct,GSM_041,W3,25,226,-10.69352,0.041173,150,3965,150,27,3965,32,''
meta-llama/Llama-3.1-8B-Instruct,GSM_041,W3,26,142,-10.387224,0.046521,150,3965,150,27,3965,32,''
meta-llama/Llama-3.1-8B-Instruct,GSM_041,W3,27,73,-10.180161,0.052137,150,3965,150,27,3965,32,''
meta-llama/Llama-3.1-8B-Instruct,GSM_041,W3,28,55,-9.743155,0.058799,150,3965,150,27,3965,32,''
meta-llama/Llama-3.1-8B-Instruct,GSM_041,W3,29,40,-9.416615,0.067011,150,3965,150,27,3965,32,''
meta-llama/Llama-3.1-8B-Instruct,GSM_041,W3,30,54,-8.975483,0.069042,150,3965,150,27,3965,32,''
meta-llama/Llama-3.1-8B-Instruct,GSM_041,W3,31,26,-5.948476,0.133479,150,3965,150,27,3965,32,''
meta-llama/Llama-3.1-8B-Instruct,GSM_042,canonical,0,82474,-11.765717,-0.004656,2820,16544,282,6,16544,32,''
meta-llama/Llama-3.1-8B-Instruct,GSM_042,canonical,1,60113,-11.760703,0.001653,2820,16544,282,6,16544,32,''
meta-llama/Llama-3.1-8B-Instruct,GSM_042,canonical,2,35273,-11.749307,0.009221,2820,16544,282,6,16544,32,''
meta-llama/Llama-3.1-8B-Instruct,GSM_042,canonical,3,31790,-11.741455,0.015938,2820,16544,282,6,16544,32,''
meta-llama/Llama-3.1-8B-Instruct,GSM_042,canonical,4,48930,-11.749866,0.009289,2820,16544,282,6,16544,32,''
meta-llama/Llama-3.1-8B-Instruct,GSM_042,canonical,5,91410,-11.7965,0.000776,2820,16544,282,6,16544,32,''
meta-llama/Llama-3.1-8B-Instruct,GSM_042,canonical,6,68714,-11.769626,0.007469,2820,16544,282,6,16544,32,''
meta-llama/Llama-3.1-8B-Instruct,GSM_042,canonical,7,90177,-11.797567,-0.002584,2820,16544,282,6,16544,32,''
meta-llama/Llama-3.1-8B-Instruct,GSM_042,canonical,8,76955,-11.781852,0.000518,2820,16544,282,6,16544,32,''
meta-llama/Llama-3.1-8B-Instruct,GSM_042,canonical,9,73576,-11.779909,-0.000744,2820,16544,282,6,16544,32,''
meta-llama/Llama-3.1-8B-Instruct,GSM_042,canonical,10,91364,-11.81046,-0.001042,2820,16544,282,6,16544,32,''
meta-llama/Llama-3.1-8B-Instruct,GSM_042,canonical,11,108188,-11.84591,-0.006825,2820,16544,282,6,16544,32,''
meta-llama/Llama-3.1-8B-Instruct,GSM_042,canonical,12,110714,-11.860424,-0.010422,2820,16544,282,6,16544,32,''
meta-llama/Llama-3.1-8B-Instruct,GSM_042,canonical,13,122428,-11.918777,-0.020637,2820,16544,282,6,16544,32,''
meta-llama/Llama-3.1-8B-Instruct,GSM_042,canonical,14,102903,-11.850922,-0.009883,2820,16544,282,6,16544,32,''
meta-llama/Llama-3.1-8B-Instruct,GSM_042,canonical,15,116500,-11.90846,-0.018965,2820,16544,282,6,16544,32,''
meta-llama/Llama-3.1-8B-Instruct,GSM_042,canonical,16,124037,-11.99,-0.031139,2820,16544,282,6,16544,32,''
meta-llama/Llama-3.1-8B-Instruct,GSM_042,canonical,17,100757,-11.885619,-0.020238,2820,16544,282,6,16544,32,''
meta-llama/Llama-3.1-8B-Instruct,GSM_042,canonical,18,103042,-11.911615,-0.023519,2820,16544,282,6,16544,32,''
meta-llama/Llama-3.1-8B-Instruct,GSM_042,canonical,19,99701,-11.930735,-0.029776,2820,16544,282,6,16544,32,''
meta-llama/Llama-3.1-8B-Instruct,GSM_042,canonical,20,99327,-11.92764,-0.027244,2820,16544,282,6,16544,32,''
meta-llama/Llama-3.1-8B-Instruct,GSM_042,canonical,21,75077,-11.838839,-0.023475,2820,16544,282,6,16544,32,''
meta-llama/Llama-3.1-8B-Instruct,GSM_042,canonical,22,36583,-11.615021,-0.011276,2820,16544,282,6,16544,32,''
meta-llama/Llama-3.1-8B-Instruct,GSM_042,canonical,23,30854,-11.550539,-0.008742,2820,16544,282,6,16544,32,''
meta-llama/Llama-3.1-8B-Instruct,GSM_042,canonical,24,31520,-11.532194,-0.011262,2820,16544,282,6,16544,32,''
meta-llama/Llama-3.1-8B-Instruct,GSM_042,canonical,25,11610,-11.311389,0.003997,2820,16544,282,6,16544,32,''
meta-llama/Llama-3.1-8B-Instruct,GSM_042,canonical,26,6371,-11.085461,0.008929,2820,16544,282,6,16544,32,''
meta-llama/Llama-3.1-8B-Instruct,GSM_042,canonical,27,2210,-10.840376,0.017615,2820,16544,282,6,16544,32,''
meta-llama/Llama-3.1-8B-Instruct,GSM_042,canonical,28,593,-10.443099,0.029392,2820,16544,282,6,16544,32,''
meta-llama/Llama-3.1-8B-Instruct,GSM_042,canonical,29,515,-10.316319,0.031663,2820,16544,282,6,16544,32,''
meta-llama/Llama-3.1-8B-Instruct,GSM_042,canonical,30,142,-9.51682,0.049189,2820,16544,282,6,16544,32,''
meta-llama/Llama-3.1-8B-Instruct,GSM_042,canonical,31,41,-5.69471,0.123678,2820,16544,282,6,16544,32,''
meta-llama/Llama-3.1-8B-Instruct,GSM_042,W3,0,79150,-11.765004,-0.003529,2820,16544,282,6,16544,32,''
meta-llama/Llama-3.1-8B-Instruct,GSM_042,W3,1,53223,-11.758732,0.003387,2820,16544,282,6,16544,32,''
meta-llama/Llama-3.1-8B-Instruct,GSM_042,W3,2,33716,-11.748405,0.009541,2820,16544,282,6,16544,32,''
meta-llama/Llama-3.1-8B-Instruct,GSM_042,W3,3,26843,-11.737247,0.01804,2820,16544,282,6,16544,32,''
meta-llama/Llama-3.1-8B-Instruct,GSM_042,W3,4,49591,-11.750316,0.009121,2820,16544,282,6,16544,32,''
meta-llama/Llama-3.1-8B-Instruct,GSM_042,W3,5,90250,-11.795708,0.00149,2820,16544,282,6,16544,32,''
meta-llama/Llama-3.1-8B-Instruct,GSM_042,W3,6,70867,-11.772383,0.007083,2820,16544,282,6,16544,32,''
meta-llama/Llama-3.1-8B-Instruct,GSM_042,W3,7,92233,-11.800682,-0.003052,2820,16544,282,6,16544,32,''
meta-llama/Llama-3.1-8B-Instruct,GSM_042,W3,8,85600,-11.794497,-0.001264,2820,16544,282,6,16544,32,''
meta-llama/Llama-3.1-8B-Instruct,GSM_042,W3,9,85857,-11.798723,-0.00348,2820,16544,282,6,16544,32,''
meta-llama/Llama-3.1-8B-Instruct,GSM_042,W3,10,101265,-11.832926,-0.003987,2820,16544,282,6,16544,32,''
meta-llama/Llama-3.1-8B-Instruct,GSM_042,W3,11,106808,-11.843822,-0.006235,2820,16544,282,6,16544,32,''
meta-llama/Llama-3.1-8B-Instruct,GSM_042,W3,12,109661,-11.858347,-0.009474,2820,16544,282,6,16544,32,''
meta-llama/Llama-3.1-8B-Instruct,GSM_042,W3,13,120466,-11.904924,-0.018725,2820,16544,282,6,16544,32,''
meta-llama/Llama-3.1-8B-Instruct,GSM_042,W3,14,91130,-11.822635,-0.00585,2820,16544,282,6,16544,32,''
meta-llama/Llama-3.1-8B-Instruct,GSM_042,W3,15,110008,-11.879959,-0.015679,2820,16544,282,6,16544,32,''
meta-llama/Llama-3.1-8B-Instruct,GSM_042,W3,16,122766,-11.975932,-0.029343,2820,16544,282,6,16544,32,''
meta-llama/Llama-3.1-8B-Instruct,GSM_042,W3,17,101630,-11.890099,-0.021667,2820,16544,282,6,16544,32,''
meta-llama/Llama-3.1-8B-Instruct,GSM_042,W3,18,100253,-11.904102,-0.024989,2820,16544,282,6,16544,32,''
meta-llama/Llama-3.1-8B-Instruct,GSM_042,W3,19,104060,-11.96559,-0.035101,2820,16544,282,6,16544,32,''
meta-llama/Llama-3.1-8B-Instruct,GSM_042,W3,20,100206,-11.933945,-0.028589,2820,16544,282,6,16544,32,''
meta-llama/Llama-3.1-8B-Instruct,GSM_042,W3,21,77441,-11.851355,-0.024764,2820,16544,282,6,16544,32,''
meta-llama/Llama-3.1-8B-Instruct,GSM_042,W3,22,42533,-11.656425,-0.014475,2820,16544,282,6,16544,32,''
meta-llama/Llama-3.1-8B-Instruct,GSM_042,W3,23,39285,-11.619793,-0.012465,2820,16544,282,6,16544,32,''
meta-llama/Llama-3.1-8B-Instruct,GSM_042,W3,24,44781,-11.653389,-0.017155,2820,16544,282,6,16544,32,''
meta-llama/Llama-3.1-8B-Instruct,GSM_042,W3,25,19971,-11.444917,-0.001533,2820,16544,282,6,16544,32,''
meta-llama/Llama-3.1-8B-Instruct,GSM_042,W3,26,12243,-11.257243,0.002623,2820,16544,282,6,16544,32,''
meta-llama/Llama-3.1-8B-Instruct,GSM_042,W3,27,6474,-11.09868,0.009163,2820,16544,282,6,16544,32,''
meta-llama/Llama-3.1-8B-Instruct,GSM_042,W3,28,1027,-10.615973,0.025139,2820,16544,282,6,16544,32,''
meta-llama/Llama-3.1-8B-Instruct,GSM_042,W3,29,1236,-10.571194,0.024927,2820,16544,282,6,16544,32,''
meta-llama/Llama-3.1-8B-Instruct,GSM_042,W3,30,398,-9.960841,0.038554,2820,16544,282,6,16544,32,''
meta-llama/Llama-3.1-8B-Instruct,GSM_042,W3,31,100,-6.648123,0.114146,2820,16544,282,6,16544,32,''
meta-llama/Llama-3.1-8B-Instruct,GSM_043,canonical,0,60025,-11.760921,0.001939,8,23,8,19,23,32,''
meta-llama/Llama-3.1-8B-Instruct,GSM_043,canonical,1,33112,-11.752624,0.010435,8,23,8,19,23,32,''
meta-llama/Llama-3.1-8B-Instruct,GSM_043,canonical,2,94558,-11.77584,-0.009174,8,23,8,19,23,32,''
meta-llama/Llama-3.1-8B-Instruct,GSM_043,canonical,3,125953,-11.828209,-0.027977,8,23,8,19,23,32,''
meta-llama/Llama-3.1-8B-Instruct,GSM_043,canonical,4,113955,-11.81835,-0.013876,8,23,8,19,23,32,''
meta-llama/Llama-3.1-8B-Instruct,GSM_043,canonical,5,124583,-11.875818,-0.021936,8,23,8,19,23,32,''
meta-llama/Llama-3.1-8B-Instruct,GSM_043,canonical,6,120523,-11.854272,-0.016251,8,23,8,19,23,32,''
meta-llama/Llama-3.1-8B-Instruct,GSM_043,canonical,7,61532,-11.761189,0.006588,8,23,8,19,23,32,''
meta-llama/Llama-3.1-8B-Instruct,GSM_043,canonical,8,50583,-11.746433,0.010009,8,23,8,19,23,32,''
meta-llama/Llama-3.1-8B-Instruct,GSM_043,canonical,9,111194,-11.848958,-0.013737,8,23,8,19,23,32,''
meta-llama/Llama-3.1-8B-Instruct,GSM_043,canonical,10,121087,-11.896538,-0.017193,8,23,8,19,23,32,''
meta-llama/Llama-3.1-8B-Instruct,GSM_043,canonical,11,123550,-11.912512,-0.020194,8,23,8,19,23,32,''
meta-llama/Llama-3.1-8B-Instruct,GSM_043,canonical,12,117921,-11.88788,-0.016733,8,23,8,19,23,32,''
meta-llama/Llama-3.1-8B-Instruct,GSM_043,canonical,13,97933,-11.833501,-0.006948,8,23,8,19,23,32,''
meta-llama/Llama-3.1-8B-Instruct,GSM_043,canonical,14,113815,-11.8922,-0.016451,8,23,8,19,23,32,''
meta-llama/Llama-3.1-8B-Instruct,GSM_043,canonical,15,72769,-11.784405,-0.005851,8,23,8,19,23,32,''
meta-llama/Llama-3.1-8B-Instruct,GSM_043,canonical,16,66439,-11.772869,-0.007609,8,23,8,19,23,32,''
meta-llama/Llama-3.1-8B-Instruct,GSM_043,canonical,17,59198,-11.75571,-0.009404,8,23,8,19,23,32,''
meta-llama/Llama-3.1-8B-Instruct,GSM_043,canonical,18,45812,-11.711182,-0.006699,8,23,8,19,23,32,''
meta-llama/Llama-3.1-8B-Instruct,GSM_043,canonical,19,52603,-11.727858,-0.013342,8,23,8,19,23,32,''
meta-llama/Llama-3.1-8B-Instruct,GSM_043,canonical,20,53353,-11.73175,-0.013068,8,23,8,19,23,32,''
meta-llama/Llama-3.1-8B-Instruct,GSM_043,canonical,21,14544,-11.481532,0.001855,8,23,8,19,23,32,''
meta-llama/Llama-3.1-8B-Instruct,GSM_043,canonical,22,9384,-11.355914,0.004712,8,23,8,19,23,32,''
meta-llama/Llama-3.1-8B-Instruct,GSM_043,canonical,23,4401,-11.159769,0.012512,8,23,8,19,23,32,''
meta-llama/Llama-3.1-8B-Instruct,GSM_043,canonical,24,4430,-11.055677,0.011395,8,23,8,19,23,32,''
meta-llama/Llama-3.1-8B-Instruct,GSM_043,canonical,25,3756,-11.027409,0.012905,8,23,8,19,23,32,''
meta-llama/Llama-3.1-8B-Instruct,GSM_043,canonical,26,1924,-10.746523,0.020378,8,23,8,19,23,32,''
meta-llama/Llama-3.1-8B-Instruct,GSM_043,canonical,27,723,-10.529315,0.029792,8,23,8,19,23,32,''
meta-llama/Llama-3.1-8B-Instruct,GSM_043,canonical,28,770,-10.392818,0.030443,8,23,8,19,23,32,''
meta-llama/Llama-3.1-8B-Instruct,GSM_043,canonical,29,287,-10.113276,0.039956,8,23,8,19,23,32,''
meta-llama/Llama-3.1-8B-Instruct,GSM_043,canonical,30,147,-9.482918,0.054154,8,23,8,19,23,32,''
meta-llama/Llama-3.1-8B-Instruct,GSM_043,canonical,31,64,-7.157,0.134192,8,23,8,19,23,32,''
meta-llama/Llama-3.1-8B-Instruct,GSM_043,W3,0,62391,-11.761415,0.001465,8,23,8,19,23,32,''
meta-llama/Llama-3.1-8B-Instruct,GSM_043,W3,1,35148,-11.753334,0.009609,8,23,8,19,23,32,''
meta-llama/Llama-3.1-8B-Instruct,GSM_043,W3,2,95550,-11.776402,-0.009476,8,23,8,19,23,32,''
meta-llama/Llama-3.1-8B-Instruct,GSM_043,W3,3,125669,-11.826154,-0.027103,8,23,8,19,23,32,''
meta-llama/Llama-3.1-8B-Instruct,GSM_043,W3,4,111937,-11.814639,-0.012709,8,23,8,19,23,32,''
meta-llama/Llama-3.1-8B-Instruct,GSM_043,W3,5,124775,-11.877399,-0.022304,8,23,8,19,23,32,''
meta-llama/Llama-3.1-8B-Instruct,GSM_043,W3,6,121201,-11.85714,-0.016994,8,23,8,19,23,32,''
meta-llama/Llama-3.1-8B-Instruct,GSM_043,W3,7,62485,-11.762271,0.006151,8,23,8,19,23,32,''
meta-llama/Llama-3.1-8B-Instruct,GSM_043,W3,8,44091,-11.738072,0.011264,8,23,8,19,23,32,''
meta-llama/Llama-3.1-8B-Instruct,GSM_043,W3,9,108721,-11.84206,-0.013076,8,23,8,19,23,32,''
meta-llama/Llama-3.1-8B-Instruct,GSM_043,W3,10,117612,-11.878006,-0.014162,8,23,8,19,23,32,''
meta-llama/Llama-3.1-8B-Instruct,GSM_043,W3,11,123219,-11.911905,-0.019874,8,23,8,19,23,32,''
meta-llama/Llama-3.1-8B-Instruct,GSM_043,W3,12,117997,-11.887805,-0.016817,8,23,8,19,23,32,''
meta-llama/Llama-3.1-8B-Instruct,GSM_043,W3,13,92424,-11.820646,-0.005534,8,23,8,19,23,32,''
meta-llama/Llama-3.1-8B-Instruct,GSM_043,W3,14,116893,-11.905413,-0.018758,8,23,8,19,23,32,''
meta-llama/Llama-3.1-8B-Instruct,GSM_043,W3,15,78980,-11.79744,-0.007065,8,23,8,19,23,32,''
meta-llama/Llama-3.1-8B-Instruct,GSM_043,W3,16,73797,-11.790832,-0.009872,8,23,8,19,23,32,''
meta-llama/Llama-3.1-8B-Instruct,GSM_043,W3,17,51572,-11.733998,-0.007249,8,23,8,19,23,32,''
meta-llama/Llama-3.1-8B-Instruct,GSM_043,W3,18,40707,-11.694482,-0.005566,8,23,8,19,23,32,''
meta-llama/Llama-3.1-8B-Instruct,GSM_043,W3,19,40463,-11.680897,-0.00953,8,23,8,19,23,32,''
meta-llama/Llama-3.1-8B-Instruct,GSM_043,W3,20,40427,-11.680962,-0.008546,8,23,8,19,23,32,''
meta-llama/Llama-3.1-8B-Instruct,GSM_043,W3,21,12406,-11.459175,0.002937,8,23,8,19,23,32,''
meta-llama/Llama-3.1-8B-Instruct,GSM_043,W3,22,8526,-11.351846,0.0062,8,23,8,19,23,32,''
meta-llama/Llama-3.1-8B-Instruct,GSM_043,W3,23,4088,-11.17511,0.013609,8,23,8,19,23,32,''
meta-llama/Llama-3.1-8B-Instruct,GSM_043,W3,24,2702,-10.993933,0.01691,8,23,8,19,23,32,''
meta-llama/Llama-3.1-8B-Instruct,GSM_043,W3,25,1836,-10.934575,0.019869,8,23,8,19,23,32,''
meta-llama/Llama-3.1-8B-Instruct,GSM_043,W3,26,724,-10.597243,0.02999,8,23,8,19,23,32,''
meta-llama/Llama-3.1-8B-Instruct,GSM_043,W3,27,219,-10.328258,0.040727,8,23,8,19,23,32,''
meta-llama/Llama-3.1-8B-Instruct,GSM_043,W3,28,278,-10.16078,0.039854,8,23,8,19,23,32,''
meta-llama/Llama-3.1-8B-Instruct,GSM_043,W3,29,190,-9.972673,0.043712,8,23,8,19,23,32,''
meta-llama/Llama-3.1-8B-Instruct,GSM_043,W3,30,98,-9.28985,0.059043,8,23,8,19,23,32,''
meta-llama/Llama-3.1-8B-Instruct,GSM_043,W3,31,50,-7.038283,0.132628,8,23,8,19,23,32,''
meta-llama/Llama-3.1-8B-Instruct,GSM_044,canonical,0,63455,-11.761621,0.000233,59,2946,59,6,2946,32,''
meta-llama/Llama-3.1-8B-Instruct,GSM_044,canonical,1,28463,-11.750789,0.011512,59,2946,59,6,2946,32,''
meta-llama/Llama-3.1-8B-Instruct,GSM_044,canonical,2,59314,-11.759955,0.001604,59,2946,59,6,2946,32,''
meta-llama/Llama-3.1-8B-Instruct,GSM_044,canonical,3,111383,-11.796454,-0.01351,59,2946,59,6,2946,32,''
meta-llama/Llama-3.1-8B-Instruct,GSM_044,canonical,4,100150,-11.797395,-0.008499,59,2946,59,6,2946,32,''
meta-llama/Llama-3.1-8B-Instruct,GSM_044,canonical,5,96994,-11.803288,-0.002808,59,2946,59,6,2946,32,''
meta-llama/Llama-3.1-8B-Instruct,GSM_044,canonical,6,84426,-11.787525,0.00156,59,2946,59,6,2946,32,''
meta-llama/Llama-3.1-8B-Instruct,GSM_044,canonical,7,91170,-11.798623,-0.003664,59,2946,59,6,2946,32,''
meta-llama/Llama-3.1-8B-Instruct,GSM_044,canonical,8,46396,-11.741393,0.008829,59,2946,59,6,2946,32,''
meta-llama/Llama-3.1-8B-Instruct,GSM_044,canonical,9,18182,-11.684212,0.017938,59,2946,59,6,2946,32,''
meta-llama/Llama-3.1-8B-Instruct,GSM_044,canonical,10,29152,-11.705641,0.019342,59,2946,59,6,2946,32,''
meta-llama/Llama-3.1-8B-Instruct,GSM_044,canonical,11,93808,-11.814072,-0.001916,59,2946,59,6,2946,32,''
meta-llama/Llama-3.1-8B-Instruct,GSM_044,canonical,12,85189,-11.801834,-0.001196,59,2946,59,6,2946,32,''
meta-llama/Llama-3.1-8B-Instruct,GSM_044,canonical,13,46965,-11.735246,0.009066,59,2946,59,6,2946,32,''
meta-llama/Llama-3.1-8B-Instruct,GSM_044,canonical,14,63371,-11.766792,0.001819,59,2946,59,6,2946,32,''
meta-llama/Llama-3.1-8B-Instruct,GSM_044,canonical,15,21492,-11.665453,0.011579,59,2946,59,6,2946,32,''
meta-llama/Llama-3.1-8B-Instruct,GSM_044,canonical,16,6075,-11.57206,0.0198,59,2946,59,6,2946,32,''
meta-llama/Llama-3.1-8B-Instruct,GSM_044,canonical,17,2255,-11.479218,0.025475,59,2946,59,6,2946,32,''
meta-llama/Llama-3.1-8B-Instruct,GSM_044,canonical,18,4260,-11.490786,0.01869,59,2946,59,6,2946,32,''
meta-llama/Llama-3.1-8B-Instruct,GSM_044,canonical,19,5955,-11.471804,0.014185,59,2946,59,6,2946,32,''
meta-llama/Llama-3.1-8B-Instruct,GSM_044,canonical,20,10973,-11.526136,0.009147,59,2946,59,6,2946,32,''
meta-llama/Llama-3.1-8B-Instruct,GSM_044,canonical,21,2328,-11.317353,0.020685,59,2946,59,6,2946,32,''
meta-llama/Llama-3.1-8B-Instruct,GSM_044,canonical,22,1796,-11.203611,0.021164,59,2946,59,6,2946,32,''
meta-llama/Llama-3.1-8B-Instruct,GSM_044,canonical,23,650,-10.919512,0.031841,59,2946,59,6,2946,32,''
meta-llama/Llama-3.1-8B-Instruct,GSM_044,canonical,24,422,-10.705273,0.037014,59,2946,59,6,2946,32,''
meta-llama/Llama-3.1-8B-Instruct,GSM_044,canonical,25,175,-10.645553,0.043301,59,2946,59,6,2946,32,''
meta-llama/Llama-3.1-8B-Instruct,GSM_044,canonical,26,109,-10.274636,0.051012,59,2946,59,6,2946,32,''
meta-llama/Llama-3.1-8B-Instruct,GSM_044,canonical,27,198,-10.358385,0.044215,59,2946,59,6,2946,32,''
meta-llama/Llama-3.1-8B-Instruct,GSM_044,canonical,28,607,-10.389417,0.034304,59,2946,59,6,2946,32,''
meta-llama/Llama-3.1-8B-Instruct,GSM_044,canonical,29,723,-10.424463,0.03187,59,2946,59,6,2946,32,''
meta-llama/Llama-3.1-8B-Instruct,GSM_044,canonical,30,399,-9.869493,0.048016,59,2946,59,6,2946,32,''
meta-llama/Llama-3.1-8B-Instruct,GSM_044,canonical,31,196,-9.304531,0.135138,59,2946,59,6,2946,32,''
meta-llama/Llama-3.1-8B-Instruct,GSM_044,W3,0,63378,-11.761619,0.00045,59,2946,59,6,2946,32,''
meta-llama/Llama-3.1-8B-Instruct,GSM_044,W3,1,25407,-11.749587,0.012799,59,2946,59,6,2946,32,''
meta-llama/Llama-3.1-8B-Instruct,GSM_044,W3,2,56055,-11.75857,0.002946,59,2946,59,6,2946,32,''
meta-llama/Llama-3.1-8B-Instruct,GSM_044,W3,3,108839,-11.793762,-0.012163,59,2946,59,6,2946,32,''
meta-llama/Llama-3.1-8B-Instruct,GSM_044,W3,4,100026,-11.797776,-0.008348,59,2946,59,6,2946,32,''
meta-llama/Llama-3.1-8B-Instruct,GSM_044,W3,5,102373,-11.811963,-0.004969,59,2946,59,6,2946,32,''
meta-llama/Llama-3.1-8B-Instruct,GSM_044,W3,6,90235,-11.795008,-0.000344,59,2946,59,6,2946,32,''
meta-llama/Llama-3.1-8B-Instruct,GSM_044,W3,7,96950,-11.80759,-0.005954,59,2946,59,6,2946,32,''
meta-llama/Llama-3.1-8B-Instruct,GSM_044,W3,8,43635,-11.737456,0.009455,59,2946,59,6,2946,32,''
meta-llama/Llama-3.1-8B-Instruct,GSM_044,W3,9,19385,-11.687798,0.017493,59,2946,59,6,2946,32,''
meta-llama/Llama-3.1-8B-Instruct,GSM_044,W3,10,33299,-11.71368,0.017505,59,2946,59,6,2946,32,''
meta-llama/Llama-3.1-8B-Instruct,GSM_044,W3,11,94965,-11.816504,-0.002608,59,2946,59,6,2946,32,''
meta-llama/Llama-3.1-8B-Instruct,GSM_044,W3,12,83195,-11.798461,-0.000214,59,2946,59,6,2946,32,''
meta-llama/Llama-3.1-8B-Instruct,GSM_044,W3,13,58358,-11.756083,0.006314,59,2946,59,6,2946,32,''
meta-llama/Llama-3.1-8B-Instruct,GSM_044,W3,14,70575,-11.781997,-6.8e-05,59,2946,59,6,2946,32,''
meta-llama/Llama-3.1-8B-Instruct,GSM_044,W3,15,27141,-11.683521,0.008968,59,2946,59,6,2946,32,''
meta-llama/Llama-3.1-8B-Instruct,GSM_044,W3,16,7176,-11.582393,0.018385,59,2946,59,6,2946,32,''
meta-llama/Llama-3.1-8B-Instruct,GSM_044,W3,17,3385,-11.50038,0.022325,59,2946,59,6,2946,32,''
meta-llama/Llama-3.1-8B-Instruct,GSM_044,W3,18,6784,-11.521933,0.01484,59,2946,59,6,2946,32,''
meta-llama/Llama-3.1-8B-Instruct,GSM_044,W3,19,7246,-11.489101,0.012879,59,2946,59,6,2946,32,''
meta-llama/Llama-3.1-8B-Instruct,GSM_044,W3,20,13063,-11.545763,0.007655,59,2946,59,6,2946,32,''
meta-llama/Llama-3.1-8B-Instruct,GSM_044,W3,21,3214,-11.34942,0.018627,59,2946,59,6,2946,32,''
meta-llama/Llama-3.1-8B-Instruct,GSM_044,W3,22,1325,-11.168987,0.024246,59,2946,59,6,2946,32,''
meta-llama/Llama-3.1-8B-Instruct,GSM_044,W3,23,444,-10.881074,0.035799,59,2946,59,6,2946,32,''
meta-llama/Llama-3.1-8B-Instruct,GSM_044,W3,24,257,-10.642874,0.042128,59,2946,59,6,2946,32,''
meta-llama/Llama-3.1-8B-Instruct,GSM_044,W3,25,94,-10.528255,0.050619,59,2946,59,6,2946,32,''
meta-llama/Llama-3.1-8B-Instruct,GSM_044,W3,26,70,-10.186679,0.056789,59,2946,59,6,2946,32,''
meta-llama/Llama-3.1-8B-Instruct,GSM_044,W3,27,95,-10.181246,0.052083,59,2946,59,6,2946,32,''
meta-llama/Llama-3.1-8B-Instruct,GSM_044,W3,28,372,-10.243109,0.039423,59,2946,59,6,2946,32,''
meta-llama/Llama-3.1-8B-Instruct,GSM_044,W3,29,489,-10.282683,0.036764,59,2946,59,6,2946,32,''
meta-llama/Llama-3.1-8B-Instruct,GSM_044,W3,30,321,-9.758476,0.050016,59,2946,59,6,2946,32,''
meta-llama/Llama-3.1-8B-Instruct,GSM_044,W3,31,170,-8.250986,0.138947,59,2946,59,6,2946,32,''
meta-llama/Llama-3.1-8B-Instruct,GSM_045,canonical,0,27888,-11.753627,0.01131,1122,7261,112,12,7261,32,''
meta-llama/Llama-3.1-8B-Instruct,GSM_045,canonical,1,38123,-11.754335,0.007475,1122,7261,112,12,7261,32,''
meta-llama/Llama-3.1-8B-Instruct,GSM_045,canonical,2,63760,-11.761909,0.000795,1122,7261,112,12,7261,32,''
meta-llama/Llama-3.1-8B-Instruct,GSM_045,canonical,3,94183,-11.781853,-0.003865,1122,7261,112,12,7261,32,''
meta-llama/Llama-3.1-8B-Instruct,GSM_045,canonical,4,62605,-11.761753,0.005016,1122,7261,112,12,7261,32,''
meta-llama/Llama-3.1-8B-Instruct,GSM_045,canonical,5,77814,-11.779441,0.004733,1122,7261,112,12,7261,32,''
meta-llama/Llama-3.1-8B-Instruct,GSM_045,canonical,6,21669,-11.709262,0.023189,1122,7261,112,12,7261,32,''
meta-llama/Llama-3.1-8B-Instruct,GSM_045,canonical,7,10303,-11.674611,0.026482,1122,7261,112,12,7261,32,''
meta-llama/Llama-3.1-8B-Instruct,GSM_045,canonical,8,18652,-11.691376,0.020216,1122,7261,112,12,7261,32,''
meta-llama/Llama-3.1-8B-Instruct,GSM_045,canonical,9,8652,-11.64953,0.023975,1122,7261,112,12,7261,32,''
meta-llama/Llama-3.1-8B-Instruct,GSM_045,canonical,10,37270,-11.722174,0.015749,1122,7261,112,12,7261,32,''
meta-llama/Llama-3.1-8B-Instruct,GSM_045,canonical,11,5025,-11.618956,0.036463,1122,7261,112,12,7261,32,''
meta-llama/Llama-3.1-8B-Instruct,GSM_045,canonical,12,46522,-11.736389,0.011183,1122,7261,112,12,7261,32,''
meta-llama/Llama-3.1-8B-Instruct,GSM_045,canonical,13,13192,-11.650504,0.021151,1122,7261,112,12,7261,32,''
meta-llama/Llama-3.1-8B-Instruct,GSM_045,canonical,14,5482,-11.586263,0.02687,1122,7261,112,12,7261,32,''
meta-llama/Llama-3.1-8B-Instruct,GSM_045,canonical,15,140,-11.425427,0.043333,1122,7261,112,12,7261,32,''
meta-llama/Llama-3.1-8B-Instruct,GSM_045,canonical,16,673,-11.457153,0.032221,1122,7261,112,12,7261,32,''
meta-llama/Llama-3.1-8B-Instruct,GSM_045,canonical,17,713,-11.412346,0.028681,1122,7261,112,12,7261,32,''
meta-llama/Llama-3.1-8B-Instruct,GSM_045,canonical,18,134,-11.277459,0.035977,1122,7261,112,12,7261,32,''
meta-llama/Llama-3.1-8B-Instruct,GSM_045,canonical,19,651,-11.292261,0.026856,1122,7261,112,12,7261,32,''
meta-llama/Llama-3.1-8B-Instruct,GSM_045,canonical,20,546,-11.275782,0.028273,1122,7261,112,12,7261,32,''
meta-llama/Llama-3.1-8B-Instruct,GSM_045,canonical,21,1004,-11.195644,0.024934,1122,7261,112,12,7261,32,''
meta-llama/Llama-3.1-8B-Instruct,GSM_045,canonical,22,810,-11.061814,0.026462,1122,7261,112,12,7261,32,''
meta-llama/Llama-3.1-8B-Instruct,GSM_045,canonical,23,478,-10.851535,0.032597,1122,7261,112,12,7261,32,''
meta-llama/Llama-3.1-8B-Instruct,GSM_045,canonical,24,285,-10.60612,0.038855,1122,7261,112,12,7261,32,''
meta-llama/Llama-3.1-8B-Instruct,GSM_045,canonical,25,168,-10.498476,0.042491,1122,7261,112,12,7261,32,''
meta-llama/Llama-3.1-8B-Instruct,GSM_045,canonical,26,339,-10.395449,0.036486,1122,7261,112,12,7261,32,''
meta-llama/Llama-3.1-8B-Instruct,GSM_045,canonical,27,421,-10.436966,0.03275,1122,7261,112,12,7261,32,''
meta-llama/Llama-3.1-8B-Instruct,GSM_045,canonical,28,573,-10.271121,0.031639,1122,7261,112,12,7261,32,''
meta-llama/Llama-3.1-8B-Instruct,GSM_045,canonical,29,386,-10.157255,0.035926,1122,7261,112,12,7261,32,''
meta-llama/Llama-3.1-8B-Instruct,GSM_045,canonical,30,315,-9.625426,0.046729,1122,7261,112,12,7261,32,''
meta-llama/Llama-3.1-8B-Instruct,GSM_045,canonical,31,69,-6.550853,0.127216,1122,7261,112,12,7261,32,''
meta-llama/Llama-3.1-8B-Instruct,GSM_045,W3,0,31100,-11.754432,0.010966,1122,7261,112,12,7261,32,''
meta-llama/Llama-3.1-8B-Instruct,GSM_045,W3,1,43023,-11.755702,0.00624,1122,7261,112,12,7261,32,''
meta-llama/Llama-3.1-8B-Instruct,GSM_045,W3,2,66939,-11.763303,7e-05,1122,7261,112,12,7261,32,''
meta-llama/Llama-3.1-8B-Instruct,GSM_045,W3,3,96549,-11.783628,-0.004373,1122,7261,112,12,7261,32,''
meta-llama/Llama-3.1-8B-Instruct,GSM_045,W3,4,78279,-11.775741,0.000882,1122,7261,112,12,7261,32,''
meta-llama/Llama-3.1-8B-Instruct,GSM_045,W3,5,82520,-11.785637,0.003773,1122,7261,112,12,7261,32,''
meta-llama/Llama-3.1-8B-Instruct,GSM_045,W3,6,31193,-11.723792,0.019801,1122,7261,112,12,7261,32,''
meta-llama/Llama-3.1-8B-Instruct,GSM_045,W3,7,12841,-11.681566,0.025204,1122,7261,112,12,7261,32,''
meta-llama/Llama-3.1-8B-Instruct,GSM_045,W3,8,17877,-11.688949,0.02094,1122,7261,112,12,7261,32,''
meta-llama/Llama-3.1-8B-Instruct,GSM_045,W3,9,8429,-11.64864,0.025616,1122,7261,112,12,7261,32,''
meta-llama/Llama-3.1-8B-Instruct,GSM_045,W3,10,33309,-11.714245,0.017808,1122,7261,112,12,7261,32,''
meta-llama/Llama-3.1-8B-Instruct,GSM_045,W3,11,3800,-11.607049,0.038966,1122,7261,112,12,7261,32,''
meta-llama/Llama-3.1-8B-Instruct,GSM_045,W3,12,32985,-11.711358,0.015535,1122,7261,112,12,7261,32,''
meta-llama/Llama-3.1-8B-Instruct,GSM_045,W3,13,12272,-11.646255,0.022631,1122,7261,112,12,7261,32,''
meta-llama/Llama-3.1-8B-Instruct,GSM_045,W3,14,3621,-11.564484,0.030097,1122,7261,112,12,7261,32,''
meta-llama/Llama-3.1-8B-Instruct,GSM_045,W3,15,63,-11.404589,0.045272,1122,7261,112,12,7261,32,''
meta-llama/Llama-3.1-8B-Instruct,GSM_045,W3,16,362,-11.43224,0.034658,1122,7261,112,12,7261,32,''
meta-llama/Llama-3.1-8B-Instruct,GSM_045,W3,17,259,-11.356778,0.034191,1122,7261,112,12,7261,32,''
meta-llama/Llama-3.1-8B-Instruct,GSM_045,W3,18,90,-11.254318,0.038612,1122,7261,112,12,7261,32,''
meta-llama/Llama-3.1-8B-Instruct,GSM_045,W3,19,335,-11.251104,0.031668,1122,7261,112,12,7261,32,''
meta-llama/Llama-3.1-8B-Instruct,GSM_045,W3,20,414,-11.260037,0.030597,1122,7261,112,12,7261,32,''
meta-llama/Llama-3.1-8B-Instruct,GSM_045,W3,21,621,-11.138151,0.029037,1122,7261,112,12,7261,32,''
meta-llama/Llama-3.1-8B-Instruct,GSM_045,W3,22,466,-10.979616,0.031732,1122,7261,112,12,7261,32,''
meta-llama/Llama-3.1-8B-Instruct,GSM_045,W3,23,310,-10.777583,0.037345,1122,7261,112,12,7261,32,''
meta-llama/Llama-3.1-8B-Instruct,GSM_045,W3,24,176,-10.532821,0.043162,1122,7261,112,12,7261,32,''
meta-llama/Llama-3.1-8B-Instruct,GSM_045,W3,25,110,-10.482388,0.04554,1122,7261,112,12,7261,32,''
meta-llama/Llama-3.1-8B-Instruct,GSM_045,W3,26,217,-10.3502,0.040094,1122,7261,112,12,7261,32,''
meta-llama/Llama-3.1-8B-Instruct,GSM_045,W3,27,229,-10.362518,0.037658,1122,7261,112,12,7261,32,''
meta-llama/Llama-3.1-8B-Instruct,GSM_045,W3,28,739,-10.394682,0.028265,1122,7261,112,12,7261,32,''
meta-llama/Llama-3.1-8B-Instruct,GSM_045,W3,29,722,-10.395576,0.029204,1122,7261,112,12,7261,32,''
meta-llama/Llama-3.1-8B-Instruct,GSM_045,W3,30,313,-9.748892,0.043221,1122,7261,112,12,7261,32,''
meta-llama/Llama-3.1-8B-Instruct,GSM_045,W3,31,165,-7.220002,0.121734,1122,7261,112,12,7261,32,''
meta-llama/Llama-3.1-8B-Instruct,GSM_046,canonical,0,111869,-11.774045,-0.016221,121,7994,121,6,7994,32,''
meta-llama/Llama-3.1-8B-Instruct,GSM_046,canonical,1,99103,-11.77267,-0.01054,121,7994,121,6,7994,32,''
meta-llama/Llama-3.1-8B-Instruct,GSM_046,canonical,2,55614,-11.758437,0.003259,121,7994,121,6,7994,32,''
meta-llama/Llama-3.1-8B-Instruct,GSM_046,canonical,3,89920,-11.778639,-0.00246,121,7994,121,6,7994,32,''
meta-llama/Llama-3.1-8B-Instruct,GSM_046,canonical,4,98862,-11.796401,-0.00629,121,7994,121,6,7994,32,''
meta-llama/Llama-3.1-8B-Instruct,GSM_046,canonical,5,119215,-11.850201,-0.01389,121,7994,121,6,7994,32,''
meta-llama/Llama-3.1-8B-Instruct,GSM_046,canonical,6,125878,-11.884556,-0.023735,121,7994,121,6,7994,32,''
meta-llama/Llama-3.1-8B-Instruct,GSM_046,canonical,7,114055,-11.840335,-0.012898,121,7994,121,6,7994,32,''
meta-llama/Llama-3.1-8B-Instruct,GSM_046,canonical,8,92735,-11.805611,-0.004995,121,7994,121,6,7994,32,''
meta-llama/Llama-3.1-8B-Instruct,GSM_046,canonical,9,55610,-11.754022,0.005203,121,7994,121,6,7994,32,''
meta-llama/Llama-3.1-8B-Instruct,GSM_046,canonical,10,102858,-11.834623,-0.004937,121,7994,121,6,7994,32,''
meta-llama/Llama-3.1-8B-Instruct,GSM_046,canonical,11,39496,-11.726428,0.01429,121,7994,121,6,7994,32,''
meta-llama/Llama-3.1-8B-Instruct,GSM_046,canonical,12,39704,-11.723749,0.012775,121,7994,121,6,7994,32,''
meta-llama/Llama-3.1-8B-Instruct,GSM_046,canonical,13,16050,-11.661403,0.019387,121,7994,121,6,7994,32,''
meta-llama/Llama-3.1-8B-Instruct,GSM_046,canonical,14,34176,-11.706601,0.009111,121,7994,121,6,7994,32,''
meta-llama/Llama-3.1-8B-Instruct,GSM_046,canonical,15,564,-11.468114,0.034413,121,7994,121,6,7994,32,''
meta-llama/Llama-3.1-8B-Instruct,GSM_046,canonical,16,507,-11.43657,0.032863,121,7994,121,6,7994,32,''
meta-llama/Llama-3.1-8B-Instruct,GSM_046,canonical,17,5074,-11.5352,0.016457,121,7994,121,6,7994,32,''
meta-llama/Llama-3.1-8B-Instruct,GSM_046,canonical,18,1913,-11.452418,0.020922,121,7994,121,6,7994,32,''
meta-llama/Llama-3.1-8B-Instruct,GSM_046,canonical,19,4329,-11.464675,0.014461,121,7994,121,6,7994,32,''
meta-llama/Llama-3.1-8B-Instruct,GSM_046,canonical,20,4106,-11.450891,0.015071,121,7994,121,6,7994,32,''
meta-llama/Llama-3.1-8B-Instruct,GSM_046,canonical,21,19369,-11.549399,-0.000836,121,7994,121,6,7994,32,''
meta-llama/Llama-3.1-8B-Instruct,GSM_046,canonical,22,16387,-11.490524,-0.000423,121,7994,121,6,7994,32,''
meta-llama/Llama-3.1-8B-Instruct,GSM_046,canonical,23,13109,-11.415691,0.001893,121,7994,121,6,7994,32,''
meta-llama/Llama-3.1-8B-Instruct,GSM_046,canonical,24,4540,-11.201462,0.011429,121,7994,121,6,7994,32,''
meta-llama/Llama-3.1-8B-Instruct,GSM_046,canonical,25,9008,-11.31472,0.004804,121,7994,121,6,7994,32,''
meta-llama/Llama-3.1-8B-Instruct,GSM_046,canonical,26,9284,-11.236414,0.00332,121,7994,121,6,7994,32,''
meta-llama/Llama-3.1-8B-Instruct,GSM_046,canonical,27,6626,-11.123237,0.007431,121,7994,121,6,7994,32,''
meta-llama/Llama-3.1-8B-Instruct,GSM_046,canonical,28,1832,-10.6859,0.019854,121,7994,121,6,7994,32,''
meta-llama/Llama-3.1-8B-Instruct,GSM_046,canonical,29,945,-10.49901,0.026485,121,7994,121,6,7994,32,''
meta-llama/Llama-3.1-8B-Instruct,GSM_046,canonical,30,935,-10.189651,0.032297,121,7994,121,6,7994,32,''
meta-llama/Llama-3.1-8B-Instruct,GSM_046,canonical,31,298,-9.329615,0.106169,121,7994,121,6,7994,32,''
meta-llama/Llama-3.1-8B-Instruct,GSM_046,W3,0,112857,-11.774508,-0.016605,121,7994,121,6,7994,32,''
meta-llama/Llama-3.1-8B-Instruct,GSM_046,W3,1,100878,-11.773404,-0.011007,121,7994,121,6,7994,32,''
meta-llama/Llama-3.1-8B-Instruct,GSM_046,W3,2,63704,-11.76195,0.001248,121,7994,121,6,7994,32,''
meta-llama/Llama-3.1-8B-Instruct,GSM_046,W3,3,97940,-11.784529,-0.005073,121,7994,121,6,7994,32,''
meta-llama/Llama-3.1-8B-Instruct,GSM_046,W3,4,105149,-11.804324,-0.009011,121,7994,121,6,7994,32,''
meta-llama/Llama-3.1-8B-Instruct,GSM_046,W3,5,120237,-11.852887,-0.015106,121,7994,121,6,7994,32,''
meta-llama/Llama-3.1-8B-Instruct,GSM_046,W3,6,126155,-11.886836,-0.024716,121,7994,121,6,7994,32,''
meta-llama/Llama-3.1-8B-Instruct,GSM_046,W3,7,117280,-11.849056,-0.015147,121,7994,121,6,7994,32,''
meta-llama/Llama-3.1-8B-Instruct,GSM_046,W3,8,90139,-11.801569,-0.003482,121,7994,121,6,7994,32,''
meta-llama/Llama-3.1-8B-Instruct,GSM_046,W3,9,53596,-11.751272,0.005121,121,7994,121,6,7994,32,''
meta-llama/Llama-3.1-8B-Instruct,GSM_046,W3,10,110707,-11.853076,-0.008944,121,7994,121,6,7994,32,''
meta-llama/Llama-3.1-8B-Instruct,GSM_046,W3,11,53532,-11.749011,0.010002,121,7994,121,6,7994,32,''
meta-llama/Llama-3.1-8B-Instruct,GSM_046,W3,12,54707,-11.750345,0.00823,121,7994,121,6,7994,32,''
meta-llama/Llama-3.1-8B-Instruct,GSM_046,W3,13,16120,-11.661231,0.020293,121,7994,121,6,7994,32,''
meta-llama/Llama-3.1-8B-Instruct,GSM_046,W3,14,40187,-11.720441,0.007814,121,7994,121,6,7994,32,''
meta-llama/Llama-3.1-8B-Instruct,GSM_046,W3,15,932,-11.490877,0.032332,121,7994,121,6,7994,32,''
meta-llama/Llama-3.1-8B-Instruct,GSM_046,W3,16,1093,-11.483962,0.029147,121,7994,121,6,7994,32,''
meta-llama/Llama-3.1-8B-Instruct,GSM_046,W3,17,7399,-11.567307,0.014268,121,7994,121,6,7994,32,''
meta-llama/Llama-3.1-8B-Instruct,GSM_046,W3,18,5759,-11.524442,0.012941,121,7994,121,6,7994,32,''
meta-llama/Llama-3.1-8B-Instruct,GSM_046,W3,19,6655,-11.503836,0.010896,121,7994,121,6,7994,32,''
meta-llama/Llama-3.1-8B-Instruct,GSM_046,W3,20,4458,-11.462565,0.015486,121,7994,121,6,7994,32,''
meta-llama/Llama-3.1-8B-Instruct,GSM_046,W3,21,17877,-11.555721,0.002198,121,7994,121,6,7994,32,''
meta-llama/Llama-3.1-8B-Instruct,GSM_046,W3,22,13635,-11.477589,0.00286,121,7994,121,6,7994,32,''
meta-llama/Llama-3.1-8B-Instruct,GSM_046,W3,23,6643,-11.339439,0.00944,121,7994,121,6,7994,32,''
meta-llama/Llama-3.1-8B-Instruct,GSM_046,W3,24,2248,-11.127771,0.017817,121,7994,121,6,7994,32,''
meta-llama/Llama-3.1-8B-Instruct,GSM_046,W3,25,5915,-11.266888,0.009707,121,7994,121,6,7994,32,''
meta-llama/Llama-3.1-8B-Instruct,GSM_046,W3,26,4297,-11.105828,0.01141,121,7994,121,6,7994,32,''
meta-llama/Llama-3.1-8B-Instruct,GSM_046,W3,27,2160,-10.892365,0.017479,121,7994,121,6,7994,32,''
meta-llama/Llama-3.1-8B-Instruct,GSM_046,W3,28,866,-10.494389,0.02686,121,7994,121,6,7994,32,''
meta-llama/Llama-3.1-8B-Instruct,GSM_046,W3,29,337,-10.314394,0.034932,121,7994,121,6,7994,32,''
meta-llama/Llama-3.1-8B-Instruct,GSM_046,W3,30,499,-9.986324,0.040908,121,7994,121,6,7994,32,''
meta-llama/Llama-3.1-8B-Instruct,GSM_046,W3,31,192,-7.916514,0.116909,121,7994,121,6,7994,32,''
meta-llama/Llama-3.1-8B-Instruct,GSM_047,canonical,0,100563,-11.770248,-0.010839,510,15633,510,7,15633,32,''
meta-llama/Llama-3.1-8B-Instruct,GSM_047,canonical,1,116839,-11.781445,-0.019,510,15633,510,7,15633,32,''
meta-llama/Llama-3.1-8B-Instruct,GSM_047,canonical,2,109286,-11.785119,-0.013666,510,15633,510,7,15633,32,''
meta-llama/Llama-3.1-8B-Instruct,GSM_047,canonical,3,116822,-11.804982,-0.013623,510,15633,510,7,15633,32,''
meta-llama/Llama-3.1-8B-Instruct,GSM_047,canonical,4,74288,-11.772152,0.00212,510,15633,510,7,15633,32,''
meta-llama/Llama-3.1-8B-Instruct,GSM_047,canonical,5,70215,-11.771136,0.006905,510,15633,510,7,15633,32,''
meta-llama/Llama-3.1-8B-Instruct,GSM_047,canonical,6,80498,-11.783456,0.003573,510,15633,510,7,15633,32,''
meta-llama/Llama-3.1-8B-Instruct,GSM_047,canonical,7,92500,-11.801088,-0.00325,510,15633,510,7,15633,32,''
meta-llama/Llama-3.1-8B-Instruct,GSM_047,canonical,8,46476,-11.741165,0.009608,510,15633,510,7,15633,32,''
meta-llama/Llama-3.1-8B-Instruct,GSM_047,canonical,9,19499,-11.686638,0.01818,510,15633,510,7,15633,32,''
meta-llama/Llama-3.1-8B-Instruct,GSM_047,canonical,10,16309,-11.671332,0.025834,510,15633,510,7,15633,32,''
meta-llama/Llama-3.1-8B-Instruct,GSM_047,canonical,11,50841,-11.744196,0.012795,510,15633,510,7,15633,32,''
meta-llama/Llama-3.1-8B-Instruct,GSM_047,canonical,12,85024,-11.802312,-6.3e-05,510,15633,510,7,15633,32,''
meta-llama/Llama-3.1-8B-Instruct,GSM_047,canonical,13,104169,-11.849304,-0.008797,510,15633,510,7,15633,32,''
meta-llama/Llama-3.1-8B-Instruct,GSM_047,canonical,14,41802,-11.721031,0.008473,510,15633,510,7,15633,32,''
meta-llama/Llama-3.1-8B-Instruct,GSM_047,canonical,15,59391,-11.757778,0.001326,510,15633,510,7,15633,32,''
meta-llama/Llama-3.1-8B-Instruct,GSM_047,canonical,16,24260,-11.665586,0.008896,510,15633,510,7,15633,32,''
meta-llama/Llama-3.1-8B-Instruct,GSM_047,canonical,17,9834,-11.578282,0.013173,510,15633,510,7,15633,32,''
meta-llama/Llama-3.1-8B-Instruct,GSM_047,canonical,18,29451,-11.658147,3.4e-05,510,15633,510,7,15633,32,''
meta-llama/Llama-3.1-8B-Instruct,GSM_047,canonical,19,24872,-11.61862,-0.000299,510,15633,510,7,15633,32,''
meta-llama/Llama-3.1-8B-Instruct,GSM_047,canonical,20,3260,-11.422563,0.01743,510,15633,510,7,15633,32,''
meta-llama/Llama-3.1-8B-Instruct,GSM_047,canonical,21,6909,-11.429082,0.010922,510,15633,510,7,15633,32,''
meta-llama/Llama-3.1-8B-Instruct,GSM_047,canonical,22,1786,-11.219853,0.019834,510,15633,510,7,15633,32,''
meta-llama/Llama-3.1-8B-Instruct,GSM_047,canonical,23,6884,-11.29721,0.008953,510,15633,510,7,15633,32,''
meta-llama/Llama-3.1-8B-Instruct,GSM_047,canonical,24,16197,-11.383017,-0.001241,510,15633,510,7,15633,32,''
meta-llama/Llama-3.1-8B-Instruct,GSM_047,canonical,25,11299,-11.31802,0.0025,510,15633,510,7,15633,32,''
meta-llama/Llama-3.1-8B-Instruct,GSM_047,canonical,26,4219,-11.029857,0.011256,510,15633,510,7,15633,32,''
meta-llama/Llama-3.1-8B-Instruct,GSM_047,canonical,27,4054,-10.979308,0.011499,510,15633,510,7,15633,32,''
meta-llama/Llama-3.1-8B-Instruct,GSM_047,canonical,28,9253,-11.073944,0.004903,510,15633,510,7,15633,32,''
meta-llama/Llama-3.1-8B-Instruct,GSM_047,canonical,29,4142,-10.810608,0.01471,510,15633,510,7,15633,32,''
meta-llama/Llama-3.1-8B-Instruct,GSM_047,canonical,30,2189,-10.452179,0.023922,510,15633,510,7,15633,32,''
meta-llama/Llama-3.1-8B-Instruct,GSM_047,canonical,31,672,-10.50346,0.081671,510,15633,510,7,15633,32,''
meta-llama/Llama-3.1-8B-Instruct,GSM_047,W3,0,104795,-11.771646,-0.012142,510,15633,510,7,15633,32,''
meta-llama/Llama-3.1-8B-Instruct,GSM_047,W3,1,120558,-11.784661,-0.021803,510,15633,510,7,15633,32,''
meta-llama/Llama-3.1-8B-Instruct,GSM_047,W3,2,109398,-11.785295,-0.013411,510,15633,510,7,15633,32,''
meta-llama/Llama-3.1-8B-Instruct,GSM_047,W3,3,118481,-11.807405,-0.014673,510,15633,510,7,15633,32,''
meta-llama/Llama-3.1-8B-Instruct,GSM_047,W3,4,72237,-11.770427,0.002476,510,15633,510,7,15633,32,''
meta-llama/Llama-3.1-8B-Instruct,GSM_047,W3,5,67069,-11.767647,0.007953,510,15633,510,7,15633,32,''
meta-llama/Llama-3.1-8B-Instruct,GSM_047,W3,6,74347,-11.776347,0.005734,510,15633,510,7,15633,32,''
meta-llama/Llama-3.1-8B-Instruct,GSM_047,W3,7,89687,-11.797067,-0.002146,510,15633,510,7,15633,32,''
meta-llama/Llama-3.1-8B-Instruct,GSM_047,W3,8,42171,-11.734734,0.011705,510,15633,510,7,15633,32,''
meta-llama/Llama-3.1-8B-Instruct,GSM_047,W3,9,20643,-11.690617,0.017761,510,15633,510,7,15633,32,''
meta-llama/Llama-3.1-8B-Instruct,GSM_047,W3,10,17250,-11.673779,0.025707,510,15633,510,7,15633,32,''
meta-llama/Llama-3.1-8B-Instruct,GSM_047,W3,11,49956,-11.742844,0.012557,510,15633,510,7,15633,32,''
meta-llama/Llama-3.1-8B-Instruct,GSM_047,W3,12,88634,-11.809326,-0.001191,510,15633,510,7,15633,32,''
meta-llama/Llama-3.1-8B-Instruct,GSM_047,W3,13,105554,-11.852076,-0.009575,510,15633,510,7,15633,32,''
meta-llama/Llama-3.1-8B-Instruct,GSM_047,W3,14,43316,-11.724879,0.007813,510,15633,510,7,15633,32,''
meta-llama/Llama-3.1-8B-Instruct,GSM_047,W3,15,61659,-11.762487,0.000107,510,15633,510,7,15633,32,''
meta-llama/Llama-3.1-8B-Instruct,GSM_047,W3,16,28498,-11.678398,0.006349,510,15633,510,7,15633,32,''
meta-llama/Llama-3.1-8B-Instruct,GSM_047,W3,17,10106,-11.580815,0.012028,510,15633,510,7,15633,32,''
meta-llama/Llama-3.1-8B-Instruct,GSM_047,W3,18,23587,-11.632607,0.001304,510,15633,510,7,15633,32,''
meta-llama/Llama-3.1-8B-Instruct,GSM_047,W3,19,24625,-11.621338,-0.000734,510,15633,510,7,15633,32,''
meta-llama/Llama-3.1-8B-Instruct,GSM_047,W3,20,2069,-11.388757,0.019994,510,15633,510,7,15633,32,''
meta-llama/Llama-3.1-8B-Instruct,GSM_047,W3,21,7082,-11.437532,0.010803,510,15633,510,7,15633,32,''
meta-llama/Llama-3.1-8B-Instruct,GSM_047,W3,22,2340,-11.265405,0.018223,510,15633,510,7,15633,32,''
meta-llama/Llama-3.1-8B-Instruct,GSM_047,W3,23,8831,-11.36389,0.007227,510,15633,510,7,15633,32,''
meta-llama/Llama-3.1-8B-Instruct,GSM_047,W3,24,21035,-11.46404,-0.003645,510,15633,510,7,15633,32,''
meta-llama/Llama-3.1-8B-Instruct,GSM_047,W3,25,15916,-11.406713,-0.000722,510,15633,510,7,15633,32,''
meta-llama/Llama-3.1-8B-Instruct,GSM_047,W3,26,6443,-11.140766,0.00768,510,15633,510,7,15633,32,''
meta-llama/Llama-3.1-8B-Instruct,GSM_047,W3,27,6242,-11.089053,0.007738,510,15633,510,7,15633,32,''
meta-llama/Llama-3.1-8B-Instruct,GSM_047,W3,28,14036,-11.202032,-0.000129,510,15633,510,7,15633,32,''
meta-llama/Llama-3.1-8B-Instruct,GSM_047,W3,29,9283,-11.049097,0.006521,510,15633,510,7,15633,32,''
meta-llama/Llama-3.1-8B-Instruct,GSM_047,W3,30,2545,-10.488447,0.021294,510,15633,510,7,15633,32,''
meta-llama/Llama-3.1-8B-Instruct,GSM_047,W3,31,733,-12.441504,0.068959,510,15633,510,7,15633,32,''
meta-llama/Llama-3.1-8B-Instruct,GSM_048,canonical,0,77625,-11.764628,-0.003998,206,11056,206,6,11056,32,''
meta-llama/Llama-3.1-8B-Instruct,GSM_048,canonical,1,93089,-11.770617,-0.008607,206,11056,206,6,11056,32,''
meta-llama/Llama-3.1-8B-Instruct,GSM_048,canonical,2,93707,-11.775819,-0.007768,206,11056,206,6,11056,32,''
meta-llama/Llama-3.1-8B-Instruct,GSM_048,canonical,3,121559,-11.813275,-0.018934,206,11056,206,6,11056,32,''
meta-llama/Llama-3.1-8B-Instruct,GSM_048,canonical,4,110268,-11.811249,-0.011527,206,11056,206,6,11056,32,''
meta-llama/Llama-3.1-8B-Instruct,GSM_048,canonical,5,97484,-11.804234,-0.002342,206,11056,206,6,11056,32,''
meta-llama/Llama-3.1-8B-Instruct,GSM_048,canonical,6,113160,-11.831354,-0.009874,206,11056,206,6,11056,32,''
meta-llama/Llama-3.1-8B-Instruct,GSM_048,canonical,7,84498,-11.789718,-0.000989,206,11056,206,6,11056,32,''
meta-llama/Llama-3.1-8B-Instruct,GSM_048,canonical,8,122900,-11.880534,-0.020936,206,11056,206,6,11056,32,''
meta-llama/Llama-3.1-8B-Instruct,GSM_048,canonical,9,114916,-11.855831,-0.015737,206,11056,206,6,11056,32,''
meta-llama/Llama-3.1-8B-Instruct,GSM_048,canonical,10,111252,-11.852521,-0.009568,206,11056,206,6,11056,32,''
meta-llama/Llama-3.1-8B-Instruct,GSM_048,canonical,11,97395,-11.819477,-0.003885,206,11056,206,6,11056,32,''
meta-llama/Llama-3.1-8B-Instruct,GSM_048,canonical,12,117812,-11.884104,-0.016073,206,11056,206,6,11056,32,''
meta-llama/Llama-3.1-8B-Instruct,GSM_048,canonical,13,125051,-11.948762,-0.025084,206,11056,206,6,11056,32,''
meta-llama/Llama-3.1-8B-Instruct,GSM_048,canonical,14,69123,-11.777695,-0.000889,206,11056,206,6,11056,32,''
meta-llama/Llama-3.1-8B-Instruct,GSM_048,canonical,15,23490,-11.668695,0.008796,206,11056,206,6,11056,32,''
meta-llama/Llama-3.1-8B-Instruct,GSM_048,canonical,16,35479,-11.697732,0.001459,206,11056,206,6,11056,32,''
meta-llama/Llama-3.1-8B-Instruct,GSM_048,canonical,17,60119,-11.758604,-0.008235,206,11056,206,6,11056,32,''
meta-llama/Llama-3.1-8B-Instruct,GSM_048,canonical,18,54753,-11.741938,-0.011343,206,11056,206,6,11056,32,''
meta-llama/Llama-3.1-8B-Instruct,GSM_048,canonical,19,52022,-11.728927,-0.012903,206,11056,206,6,11056,32,''
meta-llama/Llama-3.1-8B-Instruct,GSM_048,canonical,20,52988,-11.733433,-0.011852,206,11056,206,6,11056,32,''
meta-llama/Llama-3.1-8B-Instruct,GSM_048,canonical,21,52348,-11.72661,-0.015462,206,11056,206,6,11056,32,''
meta-llama/Llama-3.1-8B-Instruct,GSM_048,canonical,22,30363,-11.59347,-0.00713,206,11056,206,6,11056,32,''
meta-llama/Llama-3.1-8B-Instruct,GSM_048,canonical,23,12193,-11.411082,0.003483,206,11056,206,6,11056,32,''
meta-llama/Llama-3.1-8B-Instruct,GSM_048,canonical,24,14870,-11.386469,-0.000315,206,11056,206,6,11056,32,''
meta-llama/Llama-3.1-8B-Instruct,GSM_048,canonical,25,10908,-11.316868,0.002285,206,11056,206,6,11056,32,''
meta-llama/Llama-3.1-8B-Instruct,GSM_048,canonical,26,9650,-11.225504,0.00325,206,11056,206,6,11056,32,''
meta-llama/Llama-3.1-8B-Instruct,GSM_048,canonical,27,1946,-10.88205,0.017467,206,11056,206,6,11056,32,''
meta-llama/Llama-3.1-8B-Instruct,GSM_048,canonical,28,5671,-10.933284,0.008508,206,11056,206,6,11056,32,''
meta-llama/Llama-3.1-8B-Instruct,GSM_048,canonical,29,1337,-10.515737,0.022494,206,11056,206,6,11056,32,''
meta-llama/Llama-3.1-8B-Instruct,GSM_048,canonical,30,681,-10.080772,0.03274,206,11056,206,6,11056,32,''
meta-llama/Llama-3.1-8B-Instruct,GSM_048,canonical,31,217,-11.636525,0.072304,206,11056,206,6,11056,32,''
meta-llama/Llama-3.1-8B-Instruct,GSM_048,W3,0,80378,-11.765242,-0.004817,206,11056,206,6,11056,32,''
meta-llama/Llama-3.1-8B-Instruct,GSM_048,W3,1,93579,-11.770748,-0.008885,206,11056,206,6,11056,32,''
meta-llama/Llama-3.1-8B-Instruct,GSM_048,W3,2,93434,-11.775674,-0.007818,206,11056,206,6,11056,32,''
meta-llama/Llama-3.1-8B-Instruct,GSM_048,W3,3,122034,-11.814228,-0.019518,206,11056,206,6,11056,32,''
meta-llama/Llama-3.1-8B-Instruct,GSM_048,W3,4,111229,-11.812612,-0.012203,206,11056,206,6,11056,32,''
meta-llama/Llama-3.1-8B-Instruct,GSM_048,W3,5,95128,-11.800966,-0.001503,206,11056,206,6,11056,32,''
meta-llama/Llama-3.1-8B-Instruct,GSM_048,W3,6,111023,-11.826846,-0.008672,206,11056,206,6,11056,32,''
meta-llama/Llama-3.1-8B-Instruct,GSM_048,W3,7,81268,-11.785548,-0.000186,206,11056,206,6,11056,32,''
meta-llama/Llama-3.1-8B-Instruct,GSM_048,W3,8,122858,-11.881113,-0.020882,206,11056,206,6,11056,32,''
meta-llama/Llama-3.1-8B-Instruct,GSM_048,W3,9,112103,-11.846931,-0.014131,206,11056,206,6,11056,32,''
meta-llama/Llama-3.1-8B-Instruct,GSM_048,W3,10,110354,-11.849634,-0.008976,206,11056,206,6,11056,32,''
meta-llama/Llama-3.1-8B-Instruct,GSM_048,W3,11,93584,-11.812298,-0.002747,206,11056,206,6,11056,32,''
meta-llama/Llama-3.1-8B-Instruct,GSM_048,W3,12,116157,-11.875679,-0.015502,206,11056,206,6,11056,32,''
meta-llama/Llama-3.1-8B-Instruct,GSM_048,W3,13,123113,-11.927392,-0.022364,206,11056,206,6,11056,32,''
meta-llama/Llama-3.1-8B-Instruct,GSM_048,W3,14,52977,-11.745778,0.002602,206,11056,206,6,11056,32,''
meta-llama/Llama-3.1-8B-Instruct,GSM_048,W3,15,15640,-11.63962,0.012289,206,11056,206,6,11056,32,''
meta-llama/Llama-3.1-8B-Instruct,GSM_048,W3,16,22268,-11.654236,0.005697,206,11056,206,6,11056,32,''
meta-llama/Llama-3.1-8B-Instruct,GSM_048,W3,17,43134,-11.714058,-0.004298,206,11056,206,6,11056,32,''
meta-llama/Llama-3.1-8B-Instruct,GSM_048,W3,18,40659,-11.697453,-0.008346,206,11056,206,6,11056,32,''
meta-llama/Llama-3.1-8B-Instruct,GSM_048,W3,19,41340,-11.692307,-0.009857,206,11056,206,6,11056,32,''
meta-llama/Llama-3.1-8B-Instruct,GSM_048,W3,20,43986,-11.702319,-0.008731,206,11056,206,6,11056,32,''
meta-llama/Llama-3.1-8B-Instruct,GSM_048,W3,21,50991,-11.722879,-0.013825,206,11056,206,6,11056,32,''
meta-llama/Llama-3.1-8B-Instruct,GSM_048,W3,22,29155,-11.593691,-0.005797,206,11056,206,6,11056,32,''
meta-llama/Llama-3.1-8B-Instruct,GSM_048,W3,23,15206,-11.46172,0.001967,206,11056,206,6,11056,32,''
meta-llama/Llama-3.1-8B-Instruct,GSM_048,W3,24,18457,-11.445839,-0.002302,206,11056,206,6,11056,32,''
meta-llama/Llama-3.1-8B-Instruct,GSM_048,W3,25,12968,-11.366457,0.001079,206,11056,206,6,11056,32,''
meta-llama/Llama-3.1-8B-Instruct,GSM_048,W3,26,12977,-11.304445,0.000468,206,11056,206,6,11056,32,''
meta-llama/Llama-3.1-8B-Instruct,GSM_048,W3,27,3759,-11.023221,0.012245,206,11056,206,6,11056,32,''
meta-llama/Llama-3.1-8B-Instruct,GSM_048,W3,28,8308,-11.042583,0.004756,206,11056,206,6,11056,32,''
meta-llama/Llama-3.1-8B-Instruct,GSM_048,W3,29,1943,-10.623993,0.019216,206,11056,206,6,11056,32,''
meta-llama/Llama-3.1-8B-Instruct,GSM_048,W3,30,1386,-10.324842,0.025925,206,11056,206,6,11056,32,''
meta-llama/Llama-3.1-8B-Instruct,GSM_048,W3,31,360,-12.755068,0.070824,206,11056,206,6,11056,32,''
meta-llama/Llama-3.1-8B-Instruct,GSM_049,canonical,0,89964,-11.767498,-0.00716,1782,11256,178,6,11256,32,''
meta-llama/Llama-3.1-8B-Instruct,GSM_049,canonical,1,77323,-11.765587,-0.003777,1782,11256,178,6,11256,32,''
meta-llama/Llama-3.1-8B-Instruct,GSM_049,canonical,2,98353,-11.77805,-0.00931,1782,11256,178,6,11256,32,''
meta-llama/Llama-3.1-8B-Instruct,GSM_049,canonical,3,119071,-11.807653,-0.016282,1782,11256,178,6,11256,32,''
meta-llama/Llama-3.1-8B-Instruct,GSM_049,canonical,4,120064,-11.832033,-0.018167,1782,11256,178,6,11256,32,''
meta-llama/Llama-3.1-8B-Instruct,GSM_049,canonical,5,122613,-11.86316,-0.017723,1782,11256,178,6,11256,32,''
meta-llama/Llama-3.1-8B-Instruct,GSM_049,canonical,6,127406,-11.907157,-0.030275,1782,11256,178,6,11256,32,''
meta-llama/Llama-3.1-8B-Instruct,GSM_049,canonical,7,118448,-11.854121,-0.016352,1782,11256,178,6,11256,32,''
meta-llama/Llama-3.1-8B-Instruct,GSM_049,canonical,8,123788,-11.88861,-0.022322,1782,11256,178,6,11256,32,''
meta-llama/Llama-3.1-8B-Instruct,GSM_049,canonical,9,119016,-11.872173,-0.018684,1782,11256,178,6,11256,32,''
meta-llama/Llama-3.1-8B-Instruct,GSM_049,canonical,10,124648,-11.917913,-0.02132,1782,11256,178,6,11256,32,''
meta-llama/Llama-3.1-8B-Instruct,GSM_049,canonical,11,117043,-11.871943,-0.012817,1782,11256,178,6,11256,32,''
meta-llama/Llama-3.1-8B-Instruct,GSM_049,canonical,12,117396,-11.882887,-0.01532,1782,11256,178,6,11256,32,''
meta-llama/Llama-3.1-8B-Instruct,GSM_049,canonical,13,114479,-11.878844,-0.015319,1782,11256,178,6,11256,32,''
meta-llama/Llama-3.1-8B-Instruct,GSM_049,canonical,14,87661,-11.815449,-0.005999,1782,11256,178,6,11256,32,''
meta-llama/Llama-3.1-8B-Instruct,GSM_049,canonical,15,76974,-11.79604,-0.006279,1782,11256,178,6,11256,32,''
meta-llama/Llama-3.1-8B-Instruct,GSM_049,canonical,16,25675,-11.666217,0.004776,1782,11256,178,6,11256,32,''
meta-llama/Llama-3.1-8B-Instruct,GSM_049,canonical,17,6252,-11.543356,0.014428,1782,11256,178,6,11256,32,''
meta-llama/Llama-3.1-8B-Instruct,GSM_049,canonical,18,3336,-11.463106,0.016204,1782,11256,178,6,11256,32,''
meta-llama/Llama-3.1-8B-Instruct,GSM_049,canonical,19,1682,-11.369671,0.020502,1782,11256,178,6,11256,32,''
meta-llama/Llama-3.1-8B-Instruct,GSM_049,canonical,20,3028,-11.403213,0.017179,1782,11256,178,6,11256,32,''
meta-llama/Llama-3.1-8B-Instruct,GSM_049,canonical,21,2191,-11.320065,0.019778,1782,11256,178,6,11256,32,''
meta-llama/Llama-3.1-8B-Instruct,GSM_049,canonical,22,4472,-11.338139,0.013607,1782,11256,178,6,11256,32,''
meta-llama/Llama-3.1-8B-Instruct,GSM_049,canonical,23,1494,-11.159094,0.022376,1782,11256,178,6,11256,32,''
meta-llama/Llama-3.1-8B-Instruct,GSM_049,canonical,24,2502,-11.126782,0.017739,1782,11256,178,6,11256,32,''
meta-llama/Llama-3.1-8B-Instruct,GSM_049,canonical,25,1465,-11.023076,0.020991,1782,11256,178,6,11256,32,''
meta-llama/Llama-3.1-8B-Instruct,GSM_049,canonical,26,4168,-11.088589,0.012205,1782,11256,178,6,11256,32,''
meta-llama/Llama-3.1-8B-Instruct,GSM_049,canonical,27,8000,-11.178833,0.006453,1782,11256,178,6,11256,32,''
meta-llama/Llama-3.1-8B-Instruct,GSM_049,canonical,28,6568,-10.997139,0.008339,1782,11256,178,6,11256,32,''
meta-llama/Llama-3.1-8B-Instruct,GSM_049,canonical,29,5970,-10.915833,0.010966,1782,11256,178,6,11256,32,''
meta-llama/Llama-3.1-8B-Instruct,GSM_049,canonical,30,1536,-10.341478,0.02649,1782,11256,178,6,11256,32,''
meta-llama/Llama-3.1-8B-Instruct,GSM_049,canonical,31,614,-13.208581,0.073676,1782,11256,178,6,11256,32,''
meta-llama/Llama-3.1-8B-Instruct,GSM_049,W3,0,90864,-11.76777,-0.007489,1782,11256,178,6,11256,32,''
meta-llama/Llama-3.1-8B-Instruct,GSM_049,W3,1,75757,-11.765124,-0.003359,1782,11256,178,6,11256,32,''
meta-llama/Llama-3.1-8B-Instruct,GSM_049,W3,2,100474,-11.779355,-0.009989,1782,11256,178,6,11256,32,''
meta-llama/Llama-3.1-8B-Instruct,GSM_049,W3,3,119753,-11.808825,-0.016908,1782,11256,178,6,11256,32,''
meta-llama/Llama-3.1-8B-Instruct,GSM_049,W3,4,119082,-11.829778,-0.017352,1782,11256,178,6,11256,32,''
meta-llama/Llama-3.1-8B-Instruct,GSM_049,W3,5,122007,-11.860512,-0.017012,1782,11256,178,6,11256,32,''
meta-llama/Llama-3.1-8B-Instruct,GSM_049,W3,6,127282,-11.906188,-0.029256,1782,11256,178,6,11256,32,''
meta-llama/Llama-3.1-8B-Instruct,GSM_049,W3,7,116472,-11.848273,-0.014551,1782,11256,178,6,11256,32,''
meta-llama/Llama-3.1-8B-Instruct,GSM_049,W3,8,121185,-11.874361,-0.018779,1782,11256,178,6,11256,32,''
meta-llama/Llama-3.1-8B-Instruct,GSM_049,W3,9,117435,-11.866282,-0.017167,1782,11256,178,6,11256,32,''
meta-llama/Llama-3.1-8B-Instruct,GSM_049,W3,10,125237,-11.927162,-0.022242,1782,11256,178,6,11256,32,''
meta-llama/Llama-3.1-8B-Instruct,GSM_049,W3,11,121131,-11.89293,-0.016315,1782,11256,178,6,11256,32,''
meta-llama/Llama-3.1-8B-Instruct,GSM_049,W3,12,118382,-11.889852,-0.015708,1782,11256,178,6,11256,32,''
meta-llama/Llama-3.1-8B-Instruct,GSM_049,W3,13,117185,-11.891914,-0.016322,1782,11256,178,6,11256,32,''
meta-llama/Llama-3.1-8B-Instruct,GSM_049,W3,14,83079,-11.80612,-0.003727,1782,11256,178,6,11256,32,''
meta-llama/Llama-3.1-8B-Instruct,GSM_049,W3,15,71776,-11.783659,-0.003684,1782,11256,178,6,11256,32,''
meta-llama/Llama-3.1-8B-Instruct,GSM_049,W3,16,29499,-11.681026,0.004068,1782,11256,178,6,11256,32,''
meta-llama/Llama-3.1-8B-Instruct,GSM_049,W3,17,6113,-11.543936,0.015015,1782,11256,178,6,11256,32,''
meta-llama/Llama-3.1-8B-Instruct,GSM_049,W3,18,3514,-11.471137,0.016787,1782,11256,178,6,11256,32,''
meta-llama/Llama-3.1-8B-Instruct,GSM_049,W3,19,1538,-11.370337,0.021417,1782,11256,178,6,11256,32,''
meta-llama/Llama-3.1-8B-Instruct,GSM_049,W3,20,3413,-11.416999,0.016443,1782,11256,178,6,11256,32,''
meta-llama/Llama-3.1-8B-Instruct,GSM_049,W3,21,2134,-11.314955,0.019833,1782,11256,178,6,11256,32,''
meta-llama/Llama-3.1-8B-Instruct,GSM_049,W3,22,3411,-11.301699,0.015771,1782,11256,178,6,11256,32,''
meta-llama/Llama-3.1-8B-Instruct,GSM_049,W3,23,1019,-11.100389,0.02543,1782,11256,178,6,11256,32,''
meta-llama/Llama-3.1-8B-Instruct,GSM_049,W3,24,1775,-11.060307,0.020493,1782,11256,178,6,11256,32,''
meta-llama/Llama-3.1-8B-Instruct,GSM_049,W3,25,1224,-10.99472,0.022452,1782,11256,178,6,11256,32,''
meta-llama/Llama-3.1-8B-Instruct,GSM_049,W3,26,2694,-11.014202,0.015687,1782,11256,178,6,11256,32,''
meta-llama/Llama-3.1-8B-Instruct,GSM_049,W3,27,4694,-11.071795,0.010883,1782,11256,178,6,11256,32,''
meta-llama/Llama-3.1-8B-Instruct,GSM_049,W3,28,7858,-11.04636,0.006368,1782,11256,178,6,11256,32,''
meta-llama/Llama-3.1-8B-Instruct,GSM_049,W3,29,8673,-11.061145,0.007577,1782,11256,178,6,11256,32,''
meta-llama/Llama-3.1-8B-Instruct,GSM_049,W3,30,2215,-10.492831,0.023575,1782,11256,178,6,11256,32,''
meta-llama/Llama-3.1-8B-Instruct,GSM_049,W3,31,423,-10.325986,0.082002,1782,11256,178,6,11256,32,''
meta-llama/Llama-3.1-8B-Instruct,GSM_050,canonical,0,95479,-11.768841,-0.010568,20,508,20,64,508,32,''
meta-llama/Llama-3.1-8B-Instruct,GSM_050,canonical,1,82171,-11.766991,-0.00585,20,508,20,64,508,32,''
meta-llama/Llama-3.1-8B-Instruct,GSM_050,canonical,2,92028,-11.774645,-0.008518,20,508,20,64,508,32,''
meta-llama/Llama-3.1-8B-Instruct,GSM_050,canonical,3,110965,-11.796514,-0.012276,20,508,20,64,508,32,''
meta-llama/Llama-3.1-8B-Instruct,GSM_050,canonical,4,111732,-11.814171,-0.013819,20,508,20,64,508,32,''
meta-llama/Llama-3.1-8B-Instruct,GSM_050,canonical,5,106318,-11.818357,-0.006523,20,508,20,64,508,32,''
meta-llama/Llama-3.1-8B-Instruct,GSM_050,canonical,6,95388,-11.801415,-0.001921,20,508,20,64,508,32,''
meta-llama/Llama-3.1-8B-Instruct,GSM_050,canonical,7,94565,-11.80341,-0.005302,20,508,20,64,508,32,''
meta-llama/Llama-3.1-8B-Instruct,GSM_050,canonical,8,94294,-11.806649,-0.006517,20,508,20,64,508,32,''
meta-llama/Llama-3.1-8B-Instruct,GSM_050,canonical,9,76578,-11.784364,-0.001084,20,508,20,64,508,32,''
meta-llama/Llama-3.1-8B-Instruct,GSM_050,canonical,10,67588,-11.771771,0.007172,20,508,20,64,508,32,''
meta-llama/Llama-3.1-8B-Instruct,GSM_050,canonical,11,90216,-11.809489,0.000512,20,508,20,64,508,32,''
meta-llama/Llama-3.1-8B-Instruct,GSM_050,canonical,12,79085,-11.791821,0.001083,20,508,20,64,508,32,''
meta-llama/Llama-3.1-8B-Instruct,GSM_050,canonical,13,101694,-11.843452,-0.009317,20,508,20,64,508,32,''
meta-llama/Llama-3.1-8B-Instruct,GSM_050,canonical,14,93710,-11.831736,-0.007903,20,508,20,64,508,32,''
meta-llama/Llama-3.1-8B-Instruct,GSM_050,canonical,15,68453,-11.776504,-0.004394,20,508,20,64,508,32,''
meta-llama/Llama-3.1-8B-Instruct,GSM_050,canonical,16,35120,-11.696725,0.001898,20,508,20,64,508,32,''
meta-llama/Llama-3.1-8B-Instruct,GSM_050,canonical,17,20056,-11.631674,0.005604,20,508,20,64,508,32,''
meta-llama/Llama-3.1-8B-Instruct,GSM_050,canonical,18,32779,-11.669868,-0.003606,20,508,20,64,508,32,''
meta-llama/Llama-3.1-8B-Instruct,GSM_050,canonical,19,30914,-11.646574,-0.006122,20,508,20,64,508,32,''
meta-llama/Llama-3.1-8B-Instruct,GSM_050,canonical,20,30307,-11.64179,-0.003864,20,508,20,64,508,32,''
meta-llama/Llama-3.1-8B-Instruct,GSM_050,canonical,21,31070,-11.620186,-0.006785,20,508,20,64,508,32,''
meta-llama/Llama-3.1-8B-Instruct,GSM_050,canonical,22,25968,-11.56465,-0.005624,20,508,20,64,508,32,''
meta-llama/Llama-3.1-8B-Instruct,GSM_050,canonical,23,11470,-11.392673,0.00422,20,508,20,64,508,32,''
meta-llama/Llama-3.1-8B-Instruct,GSM_050,canonical,24,9424,-11.291864,0.004498,20,508,20,64,508,32,''
meta-llama/Llama-3.1-8B-Instruct,GSM_050,canonical,25,10153,-11.290915,0.003002,20,508,20,64,508,32,''
meta-llama/Llama-3.1-8B-Instruct,GSM_050,canonical,26,2586,-10.936241,0.017729,20,508,20,64,508,32,''
meta-llama/Llama-3.1-8B-Instruct,GSM_050,canonical,27,1892,-10.813427,0.020757,20,508,20,64,508,32,''
meta-llama/Llama-3.1-8B-Instruct,GSM_050,canonical,28,260,-10.113331,0.043526,20,508,20,64,508,32,''
meta-llama/Llama-3.1-8B-Instruct,GSM_050,canonical,29,340,-10.153249,0.039455,20,508,20,64,508,32,''
meta-llama/Llama-3.1-8B-Instruct,GSM_050,canonical,30,157,-9.506399,0.055582,20,508,20,64,508,32,''
meta-llama/Llama-3.1-8B-Instruct,GSM_050,canonical,31,24,-6.934052,0.132836,20,508,20,64,508,32,''
meta-llama/Llama-3.1-8B-Instruct,GSM_050,W3,0,95571,-11.768907,-0.010511,20,508,20,64,508,32,''
meta-llama/Llama-3.1-8B-Instruct,GSM_050,W3,1,80615,-11.76651,-0.005584,20,508,20,64,508,32,''
meta-llama/Llama-3.1-8B-Instruct,GSM_050,W3,2,91005,-11.774108,-0.008407,20,508,20,64,508,32,''
meta-llama/Llama-3.1-8B-Instruct,GSM_050,W3,3,109525,-11.794857,-0.011628,20,508,20,64,508,32,''
meta-llama/Llama-3.1-8B-Instruct,GSM_050,W3,4,110304,-11.811657,-0.013119,20,508,20,64,508,32,''
meta-llama/Llama-3.1-8B-Instruct,GSM_050,W3,5,104729,-11.815331,-0.005792,20,508,20,64,508,32,''
meta-llama/Llama-3.1-8B-Instruct,GSM_050,W3,6,95281,-11.801374,-0.0021,20,508,20,64,508,32,''
meta-llama/Llama-3.1-8B-Instruct,GSM_050,W3,7,95501,-11.804367,-0.005984,20,508,20,64,508,32,''
meta-llama/Llama-3.1-8B-Instruct,GSM_050,W3,8,102497,-11.820529,-0.010035,20,508,20,64,508,32,''
meta-llama/Llama-3.1-8B-Instruct,GSM_050,W3,9,78857,-11.787577,-0.002089,20,508,20,64,508,32,''
meta-llama/Llama-3.1-8B-Instruct,GSM_050,W3,10,66979,-11.770664,0.007063,20,508,20,64,508,32,''
meta-llama/Llama-3.1-8B-Instruct,GSM_050,W3,11,87953,-11.805393,0.001123,20,508,20,64,508,32,''
meta-llama/Llama-3.1-8B-Instruct,GSM_050,W3,12,80465,-11.794246,0.000493,20,508,20,64,508,32,''
meta-llama/Llama-3.1-8B-Instruct,GSM_050,W3,13,101215,-11.841441,-0.009662,20,508,20,64,508,32,''
meta-llama/Llama-3.1-8B-Instruct,GSM_050,W3,14,104326,-11.860003,-0.012295,20,508,20,64,508,32,''
meta-llama/Llama-3.1-8B-Instruct,GSM_050,W3,15,73991,-11.787408,-0.005482,20,508,20,64,508,32,''
meta-llama/Llama-3.1-8B-Instruct,GSM_050,W3,16,44272,-11.721567,-0.000552,20,508,20,64,508,32,''
meta-llama/Llama-3.1-8B-Instruct,GSM_050,W3,17,27832,-11.661377,0.001619,20,508,20,64,508,32,''
meta-llama/Llama-3.1-8B-Instruct,GSM_050,W3,18,43077,-11.704127,-0.006843,20,508,20,64,508,32,''
meta-llama/Llama-3.1-8B-Instruct,GSM_050,W3,19,40300,-11.683926,-0.009651,20,508,20,64,508,32,''
meta-llama/Llama-3.1-8B-Instruct,GSM_050,W3,20,38446,-11.675982,-0.007366,20,508,20,64,508,32,''
meta-llama/Llama-3.1-8B-Instruct,GSM_050,W3,21,27531,-11.591982,-0.005832,20,508,20,64,508,32,''
meta-llama/Llama-3.1-8B-Instruct,GSM_050,W3,22,22135,-11.521852,-0.004205,20,508,20,64,508,32,''
meta-llama/Llama-3.1-8B-Instruct,GSM_050,W3,23,7811,-11.313824,0.008152,20,508,20,64,508,32,''
meta-llama/Llama-3.1-8B-Instruct,GSM_050,W3,24,4318,-11.141411,0.013094,20,508,20,64,508,32,''
meta-llama/Llama-3.1-8B-Instruct,GSM_050,W3,25,5091,-11.171473,0.010833,20,508,20,64,508,32,''
meta-llama/Llama-3.1-8B-Instruct,GSM_050,W3,26,1551,-10.841206,0.023575,20,508,20,64,508,32,''
meta-llama/Llama-3.1-8B-Instruct,GSM_050,W3,27,888,-10.664017,0.029245,20,508,20,64,508,32,''
meta-llama/Llama-3.1-8B-Instruct,GSM_050,W3,28,433,-10.312492,0.036784,20,508,20,64,508,32,''
meta-llama/Llama-3.1-8B-Instruct,GSM_050,W3,29,401,-10.268579,0.037022,20,508,20,64,508,32,''
meta-llama/Llama-3.1-8B-Instruct,GSM_050,W3,30,156,-9.53397,0.055697,20,508,20,64,508,32,''
meta-llama/Llama-3.1-8B-Instruct,GSM_050,W3,31,25,-6.408977,0.133748,20,508,20,64,508,32,''
meta-llama/Llama-3.1-8B-Instruct,GSM_051,canonical,0,80155,-11.765221,-0.004146,256,4146,256,6,4146,32,''
meta-llama/Llama-3.1-8B-Instruct,GSM_051,canonical,1,53492,-11.758803,0.003504,256,4146,256,6,4146,32,''
meta-llama/Llama-3.1-8B-Instruct,GSM_051,canonical,2,101601,-11.780048,-0.010792,256,4146,256,6,4146,32,''
meta-llama/Llama-3.1-8B-Instruct,GSM_051,canonical,3,112822,-11.798703,-0.011859,256,4146,256,6,4146,32,''
meta-llama/Llama-3.1-8B-Instruct,GSM_051,canonical,4,84171,-11.781176,-0.001217,256,4146,256,6,4146,32,''
meta-llama/Llama-3.1-8B-Instruct,GSM_051,canonical,5,113047,-11.833694,-0.009223,256,4146,256,6,4146,32,''
meta-llama/Llama-3.1-8B-Instruct,GSM_051,canonical,6,86030,-11.790162,0.001956,256,4146,256,6,4146,32,''
meta-llama/Llama-3.1-8B-Instruct,GSM_051,canonical,7,124655,-11.884662,-0.02336,256,4146,256,6,4146,32,''
meta-llama/Llama-3.1-8B-Instruct,GSM_051,canonical,8,117312,-11.858713,-0.01601,256,4146,256,6,4146,32,''
meta-llama/Llama-3.1-8B-Instruct,GSM_051,canonical,9,93597,-11.810657,-0.006635,256,4146,256,6,4146,32,''
meta-llama/Llama-3.1-8B-Instruct,GSM_051,canonical,10,119016,-11.884514,-0.013943,256,4146,256,6,4146,32,''
meta-llama/Llama-3.1-8B-Instruct,GSM_051,canonical,11,123261,-11.910432,-0.018553,256,4146,256,6,4146,32,''
meta-llama/Llama-3.1-8B-Instruct,GSM_051,canonical,12,97059,-11.826208,-0.004025,256,4146,256,6,4146,32,''
meta-llama/Llama-3.1-8B-Instruct,GSM_051,canonical,13,93539,-11.821505,-0.005562,256,4146,256,6,4146,32,''
meta-llama/Llama-3.1-8B-Instruct,GSM_051,canonical,14,108203,-11.867431,-0.012747,256,4146,256,6,4146,32,''
meta-llama/Llama-3.1-8B-Instruct,GSM_051,canonical,15,92977,-11.829084,-0.010711,256,4146,256,6,4146,32,''
meta-llama/Llama-3.1-8B-Instruct,GSM_051,canonical,16,104614,-11.87247,-0.018803,256,4146,256,6,4146,32,''
meta-llama/Llama-3.1-8B-Instruct,GSM_051,canonical,17,73070,-11.792833,-0.011992,256,4146,256,6,4146,32,''
meta-llama/Llama-3.1-8B-Instruct,GSM_051,canonical,18,73008,-11.797159,-0.015157,256,4146,256,6,4146,32,''
meta-llama/Llama-3.1-8B-Instruct,GSM_051,canonical,19,16152,-11.575523,0.004131,256,4146,256,6,4146,32,''
meta-llama/Llama-3.1-8B-Instruct,GSM_051,canonical,20,32824,-11.654477,-0.003823,256,4146,256,6,4146,32,''
meta-llama/Llama-3.1-8B-Instruct,GSM_051,canonical,21,13438,-11.489991,0.002928,256,4146,256,6,4146,32,''
meta-llama/Llama-3.1-8B-Instruct,GSM_051,canonical,22,12415,-11.426233,0.00259,256,4146,256,6,4146,32,''
meta-llama/Llama-3.1-8B-Instruct,GSM_051,canonical,23,4499,-11.233124,0.01215,256,4146,256,6,4146,32,''
meta-llama/Llama-3.1-8B-Instruct,GSM_051,canonical,24,3580,-11.11413,0.013264,256,4146,256,6,4146,32,''
meta-llama/Llama-3.1-8B-Instruct,GSM_051,canonical,25,2976,-11.085734,0.01436,256,4146,256,6,4146,32,''
meta-llama/Llama-3.1-8B-Instruct,GSM_051,canonical,26,5624,-11.080099,0.008237,256,4146,256,6,4146,32,''
meta-llama/Llama-3.1-8B-Instruct,GSM_051,canonical,27,1927,-10.828922,0.018216,256,4146,256,6,4146,32,''
meta-llama/Llama-3.1-8B-Instruct,GSM_051,canonical,28,715,-10.386547,0.029187,256,4146,256,6,4146,32,''
meta-llama/Llama-3.1-8B-Instruct,GSM_051,canonical,29,447,-10.223674,0.032844,256,4146,256,6,4146,32,''
meta-llama/Llama-3.1-8B-Instruct,GSM_051,canonical,30,202,-9.48124,0.051582,256,4146,256,6,4146,32,''
meta-llama/Llama-3.1-8B-Instruct,GSM_051,canonical,31,49,-5.669826,0.130205,256,4146,256,6,4146,32,''
meta-llama/Llama-3.1-8B-Instruct,GSM_051,W3,0,75904,-11.764309,-0.002591,256,4146,256,6,4146,32,''
meta-llama/Llama-3.1-8B-Instruct,GSM_051,W3,1,55348,-11.75936,0.003103,256,4146,256,6,4146,32,''
meta-llama/Llama-3.1-8B-Instruct,GSM_051,W3,2,104890,-11.782126,-0.011797,256,4146,256,6,4146,32,''
meta-llama/Llama-3.1-8B-Instruct,GSM_051,W3,3,116173,-11.803219,-0.013691,256,4146,256,6,4146,32,''
meta-llama/Llama-3.1-8B-Instruct,GSM_051,W3,4,87898,-11.785092,-0.002503,256,4146,256,6,4146,32,''
meta-llama/Llama-3.1-8B-Instruct,GSM_051,W3,5,114353,-11.837867,-0.009932,256,4146,256,6,4146,32,''
meta-llama/Llama-3.1-8B-Instruct,GSM_051,W3,6,90099,-11.795638,0.000731,256,4146,256,6,4146,32,''
meta-llama/Llama-3.1-8B-Instruct,GSM_051,W3,7,124935,-11.888396,-0.02385,256,4146,256,6,4146,32,''
meta-llama/Llama-3.1-8B-Instruct,GSM_051,W3,8,118308,-11.864249,-0.01628,256,4146,256,6,4146,32,''
meta-llama/Llama-3.1-8B-Instruct,GSM_051,W3,9,96481,-11.815605,-0.00755,256,4146,256,6,4146,32,''
meta-llama/Llama-3.1-8B-Instruct,GSM_051,W3,10,120486,-11.890852,-0.01573,256,4146,256,6,4146,32,''
meta-llama/Llama-3.1-8B-Instruct,GSM_051,W3,11,123677,-11.914053,-0.019421,256,4146,256,6,4146,32,''
meta-llama/Llama-3.1-8B-Instruct,GSM_051,W3,12,95366,-11.821411,-0.003752,256,4146,256,6,4146,32,''
meta-llama/Llama-3.1-8B-Instruct,GSM_051,W3,13,95487,-11.825491,-0.006315,256,4146,256,6,4146,32,''
meta-llama/Llama-3.1-8B-Instruct,GSM_051,W3,14,107235,-11.863514,-0.012423,256,4146,256,6,4146,32,''
meta-llama/Llama-3.1-8B-Instruct,GSM_051,W3,15,92581,-11.828452,-0.010892,256,4146,256,6,4146,32,''
meta-llama/Llama-3.1-8B-Instruct,GSM_051,W3,16,95844,-11.846155,-0.015955,256,4146,256,6,4146,32,''
meta-llama/Llama-3.1-8B-Instruct,GSM_051,W3,17,72231,-11.790004,-0.012305,256,4146,256,6,4146,32,''
meta-llama/Llama-3.1-8B-Instruct,GSM_051,W3,18,74599,-11.801699,-0.016784,256,4146,256,6,4146,32,''
meta-llama/Llama-3.1-8B-Instruct,GSM_051,W3,19,13596,-11.557509,0.004801,256,4146,256,6,4146,32,''
meta-llama/Llama-3.1-8B-Instruct,GSM_051,W3,20,32629,-11.65397,-0.004246,256,4146,256,6,4146,32,''
meta-llama/Llama-3.1-8B-Instruct,GSM_051,W3,21,16478,-11.518815,0.000803,256,4146,256,6,4146,32,''
meta-llama/Llama-3.1-8B-Instruct,GSM_051,W3,22,13195,-11.449942,0.002024,256,4146,256,6,4146,32,''
meta-llama/Llama-3.1-8B-Instruct,GSM_051,W3,23,6207,-11.300929,0.009442,256,4146,256,6,4146,32,''
meta-llama/Llama-3.1-8B-Instruct,GSM_051,W3,24,6701,-11.238293,0.007416,256,4146,256,6,4146,32,''
meta-llama/Llama-3.1-8B-Instruct,GSM_051,W3,25,5938,-11.203752,0.007569,256,4146,256,6,4146,32,''
meta-llama/Llama-3.1-8B-Instruct,GSM_051,W3,26,8633,-11.186743,0.00371,256,4146,256,6,4146,32,''
meta-llama/Llama-3.1-8B-Instruct,GSM_051,W3,27,1653,-10.813257,0.019052,256,4146,256,6,4146,32,''
meta-llama/Llama-3.1-8B-Instruct,GSM_051,W3,28,885,-10.449478,0.026206,256,4146,256,6,4146,32,''
meta-llama/Llama-3.1-8B-Instruct,GSM_051,W3,29,573,-10.264902,0.030051,256,4146,256,6,4146,32,''
meta-llama/Llama-3.1-8B-Instruct,GSM_051,W3,30,163,-9.436599,0.050132,256,4146,256,6,4146,32,''
meta-llama/Llama-3.1-8B-Instruct,GSM_051,W3,31,31,-7.266988,0.119175,256,4146,256,6,4146,32,''
meta-llama/Llama-3.1-8B-Instruct,GSM_052,canonical,0,58712,-11.760672,0.002769,43.75,3391,43,18,3391,32,''
meta-llama/Llama-3.1-8B-Instruct,GSM_052,canonical,1,92239,-11.77018,-0.008493,43.75,3391,43,18,3391,32,''
meta-llama/Llama-3.1-8B-Instruct,GSM_052,canonical,2,113411,-11.78829,-0.017886,43.75,3391,43,18,3391,32,''
meta-llama/Llama-3.1-8B-Instruct,GSM_052,canonical,3,114035,-11.800526,-0.01313,43.75,3391,43,18,3391,32,''
meta-llama/Llama-3.1-8B-Instruct,GSM_052,canonical,4,127430,-11.88088,-0.036716,43.75,3391,43,18,3391,32,''
meta-llama/Llama-3.1-8B-Instruct,GSM_052,canonical,5,127867,-11.927583,-0.038809,43.75,3391,43,18,3391,32,''
meta-llama/Llama-3.1-8B-Instruct,GSM_052,canonical,6,127996,-11.934447,-0.042361,43.75,3391,43,18,3391,32,''
meta-llama/Llama-3.1-8B-Instruct,GSM_052,canonical,7,126508,-11.901398,-0.031752,43.75,3391,43,18,3391,32,''
meta-llama/Llama-3.1-8B-Instruct,GSM_052,canonical,8,123455,-11.887084,-0.024215,43.75,3391,43,18,3391,32,''
meta-llama/Llama-3.1-8B-Instruct,GSM_052,canonical,9,123972,-11.901933,-0.025358,43.75,3391,43,18,3391,32,''
meta-llama/Llama-3.1-8B-Instruct,GSM_052,canonical,10,116463,-11.870958,-0.014019,43.75,3391,43,18,3391,32,''
meta-llama/Llama-3.1-8B-Instruct,GSM_052,canonical,11,127270,-11.966005,-0.033115,43.75,3391,43,18,3391,32,''
meta-llama/Llama-3.1-8B-Instruct,GSM_052,canonical,12,106245,-11.850227,-0.009214,43.75,3391,43,18,3391,32,''
meta-llama/Llama-3.1-8B-Instruct,GSM_052,canonical,13,75765,-11.787687,-0.000117,43.75,3391,43,18,3391,32,''
meta-llama/Llama-3.1-8B-Instruct,GSM_052,canonical,14,80872,-11.802113,-0.00285,43.75,3391,43,18,3391,32,''
meta-llama/Llama-3.1-8B-Instruct,GSM_052,canonical,15,56728,-11.751907,0.001114,43.75,3391,43,18,3391,32,''
meta-llama/Llama-3.1-8B-Instruct,GSM_052,canonical,16,77093,-11.799194,-0.008909,43.75,3391,43,18,3391,32,''
meta-llama/Llama-3.1-8B-Instruct,GSM_052,canonical,17,49065,-11.731374,-0.003592,43.75,3391,43,18,3391,32,''
meta-llama/Llama-3.1-8B-Instruct,GSM_052,canonical,18,40323,-11.702847,-0.004904,43.75,3391,43,18,3391,32,''
meta-llama/Llama-3.1-8B-Instruct,GSM_052,canonical,19,48391,-11.722564,-0.008333,43.75,3391,43,18,3391,32,''
meta-llama/Llama-3.1-8B-Instruct,GSM_052,canonical,20,14615,-11.562328,0.00548,43.75,3391,43,18,3391,32,''
meta-llama/Llama-3.1-8B-Instruct,GSM_052,canonical,21,33338,-11.644837,-0.007708,43.75,3391,43,18,3391,32,''
meta-llama/Llama-3.1-8B-Instruct,GSM_052,canonical,22,9086,-11.440511,0.00832,43.75,3391,43,18,3391,32,''
meta-llama/Llama-3.1-8B-Instruct,GSM_052,canonical,23,12661,-11.458698,0.004827,43.75,3391,43,18,3391,32,''
meta-llama/Llama-3.1-8B-Instruct,GSM_052,canonical,24,14047,-11.430471,0.00217,43.75,3391,43,18,3391,32,''
meta-llama/Llama-3.1-8B-Instruct,GSM_052,canonical,25,12925,-11.395012,0.002375,43.75,3391,43,18,3391,32,''
meta-llama/Llama-3.1-8B-Instruct,GSM_052,canonical,26,8905,-11.257336,0.005581,43.75,3391,43,18,3391,32,''
meta-llama/Llama-3.1-8B-Instruct,GSM_052,canonical,27,5856,-11.160114,0.010881,43.75,3391,43,18,3391,32,''
meta-llama/Llama-3.1-8B-Instruct,GSM_052,canonical,28,6883,-11.058286,0.008123,43.75,3391,43,18,3391,32,''
meta-llama/Llama-3.1-8B-Instruct,GSM_052,canonical,29,7403,-11.049191,0.009332,43.75,3391,43,18,3391,32,''
meta-llama/Llama-3.1-8B-Instruct,GSM_052,canonical,30,1589,-10.427649,0.027479,43.75,3391,43,18,3391,32,''
meta-llama/Llama-3.1-8B-Instruct,GSM_052,canonical,31,283,-12.537936,0.087439,43.75,3391,43,18,3391,32,''
meta-llama/Llama-3.1-8B-Instruct,GSM_052,W3,0,60695,-11.761088,0.002464,43.75,3391,43,18,3391,32,''
meta-llama/Llama-3.1-8B-Instruct,GSM_052,W3,1,90192,-11.769501,-0.007516,43.75,3391,43,18,3391,32,''
meta-llama/Llama-3.1-8B-Instruct,GSM_052,W3,2,112023,-11.787207,-0.01689,43.75,3391,43,18,3391,32,''
meta-llama/Llama-3.1-8B-Instruct,GSM_052,W3,3,112657,-11.798559,-0.012473,43.75,3391,43,18,3391,32,''
meta-llama/Llama-3.1-8B-Instruct,GSM_052,W3,4,127450,-11.881194,-0.036959,43.75,3391,43,18,3391,32,''
meta-llama/Llama-3.1-8B-Instruct,GSM_052,W3,5,127855,-11.927057,-0.03857,43.75,3391,43,18,3391,32,''
meta-llama/Llama-3.1-8B-Instruct,GSM_052,W3,6,128066,-11.943012,-0.044257,43.75,3391,43,18,3391,32,''
meta-llama/Llama-3.1-8B-Instruct,GSM_052,W3,7,126577,-11.902454,-0.031832,43.75,3391,43,18,3391,32,''
meta-llama/Llama-3.1-8B-Instruct,GSM_052,W3,8,122648,-11.883004,-0.023146,43.75,3391,43,18,3391,32,''
meta-llama/Llama-3.1-8B-Instruct,GSM_052,W3,9,123502,-11.89809,-0.025197,43.75,3391,43,18,3391,32,''
meta-llama/Llama-3.1-8B-Instruct,GSM_052,W3,10,113201,-11.860139,-0.011468,43.75,3391,43,18,3391,32,''
meta-llama/Llama-3.1-8B-Instruct,GSM_052,W3,11,126667,-11.949624,-0.030303,43.75,3391,43,18,3391,32,''
meta-llama/Llama-3.1-8B-Instruct,GSM_052,W3,12,97952,-11.830267,-0.005726,43.75,3391,43,18,3391,32,''
meta-llama/Llama-3.1-8B-Instruct,GSM_052,W3,13,56022,-11.751783,0.005563,43.75,3391,43,18,3391,32,''
meta-llama/Llama-3.1-8B-Instruct,GSM_052,W3,14,76626,-11.793677,-0.001361,43.75,3391,43,18,3391,32,''
meta-llama/Llama-3.1-8B-Instruct,GSM_052,W3,15,57697,-11.754098,0.000805,43.75,3391,43,18,3391,32,''
meta-llama/Llama-3.1-8B-Instruct,GSM_052,W3,16,81286,-11.808571,-0.009741,43.75,3391,43,18,3391,32,''
meta-llama/Llama-3.1-8B-Instruct,GSM_052,W3,17,59219,-11.756555,-0.006937,43.75,3391,43,18,3391,32,''
meta-llama/Llama-3.1-8B-Instruct,GSM_052,W3,18,40412,-11.702993,-0.005372,43.75,3391,43,18,3391,32,''
meta-llama/Llama-3.1-8B-Instruct,GSM_052,W3,19,44387,-11.708576,-0.007652,43.75,3391,43,18,3391,32,''
meta-llama/Llama-3.1-8B-Instruct,GSM_052,W3,20,15503,-11.569098,0.00472,43.75,3391,43,18,3391,32,''
meta-llama/Llama-3.1-8B-Instruct,GSM_052,W3,21,39457,-11.676774,-0.010094,43.75,3391,43,18,3391,32,''
meta-llama/Llama-3.1-8B-Instruct,GSM_052,W3,22,9893,-11.453117,0.007178,43.75,3391,43,18,3391,32,''
meta-llama/Llama-3.1-8B-Instruct,GSM_052,W3,23,12566,-11.458726,0.00456,43.75,3391,43,18,3391,32,''
meta-llama/Llama-3.1-8B-Instruct,GSM_052,W3,24,12730,-11.416329,0.00303,43.75,3391,43,18,3391,32,''
meta-llama/Llama-3.1-8B-Instruct,GSM_052,W3,25,12243,-11.382629,0.002263,43.75,3391,43,18,3391,32,''
meta-llama/Llama-3.1-8B-Instruct,GSM_052,W3,26,10594,-11.295857,0.003239,43.75,3391,43,18,3391,32,''
meta-llama/Llama-3.1-8B-Instruct,GSM_052,W3,27,8462,-11.229612,0.006573,43.75,3391,43,18,3391,32,''
meta-llama/Llama-3.1-8B-Instruct,GSM_052,W3,28,7880,-11.085873,0.006443,43.75,3391,43,18,3391,32,''
meta-llama/Llama-3.1-8B-Instruct,GSM_052,W3,29,13272,-11.222025,0.00321,43.75,3391,43,18,3391,32,''
meta-llama/Llama-3.1-8B-Instruct,GSM_052,W3,30,3462,-10.679077,0.019132,43.75,3391,43,18,3391,32,''
meta-llama/Llama-3.1-8B-Instruct,GSM_052,W3,31,509,-14.017661,0.079698,43.75,3391,43,18,3391,32,''
meta-llama/Llama-3.1-8B-Instruct,GSM_053,canonical,0,123265,-11.781214,-0.024521,378,19166,378,6,19166,32,''
meta-llama/Llama-3.1-8B-Instruct,GSM_053,canonical,1,106813,-11.77594,-0.01291,378,19166,378,6,19166,32,''
meta-llama/Llama-3.1-8B-Instruct,GSM_053,canonical,2,118077,-11.793731,-0.017803,378,19166,378,6,19166,32,''
meta-llama/Llama-3.1-8B-Instruct,GSM_053,canonical,3,92053,-11.780499,-0.003011,378,19166,378,6,19166,32,''
meta-llama/Llama-3.1-8B-Instruct,GSM_053,canonical,4,108789,-11.810144,-0.009731,378,19166,378,6,19166,32,''
meta-llama/Llama-3.1-8B-Instruct,GSM_053,canonical,5,89856,-11.794879,0.000592,378,19166,378,6,19166,32,''
meta-llama/Llama-3.1-8B-Instruct,GSM_053,canonical,6,100068,-11.808547,-0.003358,378,19166,378,6,19166,32,''
meta-llama/Llama-3.1-8B-Instruct,GSM_053,canonical,7,123956,-11.878175,-0.020718,378,19166,378,6,19166,32,''
meta-llama/Llama-3.1-8B-Instruct,GSM_053,canonical,8,119356,-11.863053,-0.016663,378,19166,378,6,19166,32,''
meta-llama/Llama-3.1-8B-Instruct,GSM_053,canonical,9,54891,-11.75333,0.004268,378,19166,378,6,19166,32,''
meta-llama/Llama-3.1-8B-Instruct,GSM_053,canonical,10,97036,-11.819715,-0.002421,378,19166,378,6,19166,32,''
meta-llama/Llama-3.1-8B-Instruct,GSM_053,canonical,11,89522,-11.805069,-0.000611,378,19166,378,6,19166,32,''
meta-llama/Llama-3.1-8B-Instruct,GSM_053,canonical,12,64441,-11.765886,0.003247,378,19166,378,6,19166,32,''
meta-llama/Llama-3.1-8B-Instruct,GSM_053,canonical,13,42978,-11.727232,0.008082,378,19166,378,6,19166,32,''
meta-llama/Llama-3.1-8B-Instruct,GSM_053,canonical,14,106293,-11.862749,-0.011805,378,19166,378,6,19166,32,''
meta-llama/Llama-3.1-8B-Instruct,GSM_053,canonical,15,32055,-11.695673,0.005783,378,19166,378,6,19166,32,''
meta-llama/Llama-3.1-8B-Instruct,GSM_053,canonical,16,46431,-11.727848,-0.000456,378,19166,378,6,19166,32,''
meta-llama/Llama-3.1-8B-Instruct,GSM_053,canonical,17,70781,-11.785225,-0.009215,378,19166,378,6,19166,32,''
meta-llama/Llama-3.1-8B-Instruct,GSM_053,canonical,18,33643,-11.679712,-0.003947,378,19166,378,6,19166,32,''
meta-llama/Llama-3.1-8B-Instruct,GSM_053,canonical,19,22479,-11.621058,-0.000929,378,19166,378,6,19166,32,''
meta-llama/Llama-3.1-8B-Instruct,GSM_053,canonical,20,52659,-11.735058,-0.010701,378,19166,378,6,19166,32,''
meta-llama/Llama-3.1-8B-Instruct,GSM_053,canonical,21,50785,-11.726543,-0.011593,378,19166,378,6,19166,32,''
meta-llama/Llama-3.1-8B-Instruct,GSM_053,canonical,22,55830,-11.745026,-0.014817,378,19166,378,6,19166,32,''
meta-llama/Llama-3.1-8B-Instruct,GSM_053,canonical,23,34200,-11.625959,-0.007861,378,19166,378,6,19166,32,''
meta-llama/Llama-3.1-8B-Instruct,GSM_053,canonical,24,34286,-11.605195,-0.009887,378,19166,378,6,19166,32,''
meta-llama/Llama-3.1-8B-Instruct,GSM_053,canonical,25,23611,-11.505385,-0.005399,378,19166,378,6,19166,32,''
meta-llama/Llama-3.1-8B-Instruct,GSM_053,canonical,26,15477,-11.354372,-0.001584,378,19166,378,6,19166,32,''
meta-llama/Llama-3.1-8B-Instruct,GSM_053,canonical,27,17340,-11.371374,-0.001283,378,19166,378,6,19166,32,''
meta-llama/Llama-3.1-8B-Instruct,GSM_053,canonical,28,15453,-11.255447,-0.001407,378,19166,378,6,19166,32,''
meta-llama/Llama-3.1-8B-Instruct,GSM_053,canonical,29,20130,-11.326166,-0.002742,378,19166,378,6,19166,32,''
meta-llama/Llama-3.1-8B-Instruct,GSM_053,canonical,30,2599,-10.569016,0.018426,378,19166,378,6,19166,32,''
meta-llama/Llama-3.1-8B-Instruct,GSM_053,canonical,31,288,-12.811224,0.075019,378,19166,378,6,19166,32,''
meta-llama/Llama-3.1-8B-Instruct,GSM_053,W3,0,123693,-11.781763,-0.024713,378,19166,378,6,19166,32,''
meta-llama/Llama-3.1-8B-Instruct,GSM_053,W3,1,106475,-11.775844,-0.01258,378,19166,378,6,19166,32,''
meta-llama/Llama-3.1-8B-Instruct,GSM_053,W3,2,117727,-11.793405,-0.017538,378,19166,378,6,19166,32,''
meta-llama/Llama-3.1-8B-Instruct,GSM_053,W3,3,89318,-11.778337,-0.002517,378,19166,378,6,19166,32,''
meta-llama/Llama-3.1-8B-Instruct,GSM_053,W3,4,110316,-11.812243,-0.010848,378,19166,378,6,19166,32,''
meta-llama/Llama-3.1-8B-Instruct,GSM_053,W3,5,92484,-11.797879,-0.00066,378,19166,378,6,19166,32,''
meta-llama/Llama-3.1-8B-Instruct,GSM_053,W3,6,100330,-11.809082,-0.003319,378,19166,378,6,19166,32,''
meta-llama/Llama-3.1-8B-Instruct,GSM_053,W3,7,124827,-11.885187,-0.022117,378,19166,378,6,19166,32,''
meta-llama/Llama-3.1-8B-Instruct,GSM_053,W3,8,122494,-11.880792,-0.018872,378,19166,378,6,19166,32,''
meta-llama/Llama-3.1-8B-Instruct,GSM_053,W3,9,64350,-11.766011,0.002009,378,19166,378,6,19166,32,''
meta-llama/Llama-3.1-8B-Instruct,GSM_053,W3,10,97857,-11.820933,-0.002848,378,19166,378,6,19166,32,''
meta-llama/Llama-3.1-8B-Instruct,GSM_053,W3,11,78150,-11.786386,0.001727,378,19166,378,6,19166,32,''
meta-llama/Llama-3.1-8B-Instruct,GSM_053,W3,12,46644,-11.737076,0.007089,378,19166,378,6,19166,32,''
meta-llama/Llama-3.1-8B-Instruct,GSM_053,W3,13,32555,-11.706775,0.010743,378,19166,378,6,19166,32,''
meta-llama/Llama-3.1-8B-Instruct,GSM_053,W3,14,98217,-11.839724,-0.010016,378,19166,378,6,19166,32,''
meta-llama/Llama-3.1-8B-Instruct,GSM_053,W3,15,43016,-11.722639,0.002485,378,19166,378,6,19166,32,''
meta-llama/Llama-3.1-8B-Instruct,GSM_053,W3,16,54279,-11.746182,-0.002288,378,19166,378,6,19166,32,''
meta-llama/Llama-3.1-8B-Instruct,GSM_053,W3,17,82845,-11.815856,-0.01096,378,19166,378,6,19166,32,''
meta-llama/Llama-3.1-8B-Instruct,GSM_053,W3,18,16834,-11.608198,0.003947,378,19166,378,6,19166,32,''
meta-llama/Llama-3.1-8B-Instruct,GSM_053,W3,19,15352,-11.594139,0.005398,378,19166,378,6,19166,32,''
meta-llama/Llama-3.1-8B-Instruct,GSM_053,W3,20,46106,-11.718256,-0.004468,378,19166,378,6,19166,32,''
meta-llama/Llama-3.1-8B-Instruct,GSM_053,W3,21,45832,-11.715832,-0.002464,378,19166,378,6,19166,32,''
meta-llama/Llama-3.1-8B-Instruct,GSM_053,W3,22,75240,-11.823159,-0.011309,378,19166,378,6,19166,32,''
meta-llama/Llama-3.1-8B-Instruct,GSM_053,W3,23,63967,-11.784204,-0.0077,378,19166,378,6,19166,32,''
meta-llama/Llama-3.1-8B-Instruct,GSM_053,W3,24,58835,-11.764424,-0.00892,378,19166,378,6,19166,32,''
meta-llama/Llama-3.1-8B-Instruct,GSM_053,W3,25,66323,-11.807788,-0.011935,378,19166,378,6,19166,32,''
meta-llama/Llama-3.1-8B-Instruct,GSM_053,W3,26,60186,-11.789303,-0.012311,378,19166,378,6,19166,32,''
meta-llama/Llama-3.1-8B-Instruct,GSM_053,W3,27,79582,-11.934777,-0.017014,378,19166,378,6,19166,32,''
meta-llama/Llama-3.1-8B-Instruct,GSM_053,W3,28,56645,-11.798362,-0.016766,378,19166,378,6,19166,32,''
meta-llama/Llama-3.1-8B-Instruct,GSM_053,W3,29,69435,-11.963078,-0.021226,378,19166,378,6,19166,32,''
meta-llama/Llama-3.1-8B-Instruct,GSM_053,W3,30,19824,-11.30415,-6.8e-05,378,19166,378,6,19166,32,''
meta-llama/Llama-3.1-8B-Instruct,GSM_053,W3,31,998,-16.387659,0.050198,378,19166,378,6,19166,32,''
meta-llama/Llama-3.1-8B-Instruct,GSM_054,canonical,0,8049,-11.745159,0.026376,16,845,16,36,845,32,''
meta-llama/Llama-3.1-8B-Instruct,GSM_054,canonical,1,35684,-11.753529,0.009582,16,845,16,36,845,32,''
meta-llama/Llama-3.1-8B-Instruct,GSM_054,canonical,2,42300,-11.752558,0.008275,16,845,16,36,845,32,''
meta-llama/Llama-3.1-8B-Instruct,GSM_054,canonical,3,63609,-11.762181,0.005735,16,845,16,36,845,32,''
meta-llama/Llama-3.1-8B-Instruct,GSM_054,canonical,4,33595,-11.734357,0.015442,16,845,16,36,845,32,''
meta-llama/Llama-3.1-8B-Instruct,GSM_054,canonical,5,80610,-11.783466,0.004378,16,845,16,36,845,32,''
meta-llama/Llama-3.1-8B-Instruct,GSM_054,canonical,6,86195,-11.790026,0.00156,16,845,16,36,845,32,''
meta-llama/Llama-3.1-8B-Instruct,GSM_054,canonical,7,67996,-11.768973,0.004501,16,845,16,36,845,32,''
meta-llama/Llama-3.1-8B-Instruct,GSM_054,canonical,8,90048,-11.800852,-0.003924,16,845,16,36,845,32,''
meta-llama/Llama-3.1-8B-Instruct,GSM_054,canonical,9,91981,-11.807076,-0.006958,16,845,16,36,845,32,''
meta-llama/Llama-3.1-8B-Instruct,GSM_054,canonical,10,94792,-11.815754,-0.001714,16,845,16,36,845,32,''
meta-llama/Llama-3.1-8B-Instruct,GSM_054,canonical,11,93592,-11.813447,-0.001501,16,845,16,36,845,32,''
meta-llama/Llama-3.1-8B-Instruct,GSM_054,canonical,12,55721,-11.751937,0.009207,16,845,16,36,845,32,''
meta-llama/Llama-3.1-8B-Instruct,GSM_054,canonical,13,11564,-11.640756,0.025035,16,845,16,36,845,32,''
meta-llama/Llama-3.1-8B-Instruct,GSM_054,canonical,14,19660,-11.662955,0.019319,16,845,16,36,845,32,''
meta-llama/Llama-3.1-8B-Instruct,GSM_054,canonical,15,12575,-11.622602,0.017407,16,845,16,36,845,32,''
meta-llama/Llama-3.1-8B-Instruct,GSM_054,canonical,16,28473,-11.673835,0.004919,16,845,16,36,845,32,''
meta-llama/Llama-3.1-8B-Instruct,GSM_054,canonical,17,16396,-11.614501,0.008361,16,845,16,36,845,32,''
meta-llama/Llama-3.1-8B-Instruct,GSM_054,canonical,18,17015,-11.59612,0.004092,16,845,16,36,845,32,''
meta-llama/Llama-3.1-8B-Instruct,GSM_054,canonical,19,11708,-11.530818,0.00634,16,845,16,36,845,32,''
meta-llama/Llama-3.1-8B-Instruct,GSM_054,canonical,20,11787,-11.52043,0.00681,16,845,16,36,845,32,''
meta-llama/Llama-3.1-8B-Instruct,GSM_054,canonical,21,7461,-11.415672,0.009526,16,845,16,36,845,32,''
meta-llama/Llama-3.1-8B-Instruct,GSM_054,canonical,22,8038,-11.384931,0.008301,16,845,16,36,845,32,''
meta-llama/Llama-3.1-8B-Instruct,GSM_054,canonical,23,7310,-11.316965,0.008159,16,845,16,36,845,32,''
meta-llama/Llama-3.1-8B-Instruct,GSM_054,canonical,24,11370,-11.319862,0.002012,16,845,16,36,845,32,''
meta-llama/Llama-3.1-8B-Instruct,GSM_054,canonical,25,18552,-11.398074,-0.005886,16,845,16,36,845,32,''
meta-llama/Llama-3.1-8B-Instruct,GSM_054,canonical,26,8484,-11.17678,0.004861,16,845,16,36,845,32,''
meta-llama/Llama-3.1-8B-Instruct,GSM_054,canonical,27,2783,-10.902971,0.017068,16,845,16,36,845,32,''
meta-llama/Llama-3.1-8B-Instruct,GSM_054,canonical,28,3040,-10.760076,0.016982,16,845,16,36,845,32,''
meta-llama/Llama-3.1-8B-Instruct,GSM_054,canonical,29,2370,-10.60051,0.020768,16,845,16,36,845,32,''
meta-llama/Llama-3.1-8B-Instruct,GSM_054,canonical,30,1049,-10.176072,0.033047,16,845,16,36,845,32,''
meta-llama/Llama-3.1-8B-Instruct,GSM_054,canonical,31,134,-10.803188,0.101904,16,845,16,36,845,32,''
meta-llama/Llama-3.1-8B-Instruct,GSM_054,W3,0,8456,-11.745374,0.026233,16,845,16,36,845,32,''
meta-llama/Llama-3.1-8B-Instruct,GSM_054,W3,1,33938,-11.752921,0.010546,16,845,16,36,845,32,''
meta-llama/Llama-3.1-8B-Instruct,GSM_054,W3,2,42761,-11.752766,0.008534,16,845,16,36,845,32,''
meta-llama/Llama-3.1-8B-Instruct,GSM_054,W3,3,67933,-11.764812,0.004588,16,845,16,36,845,32,''
meta-llama/Llama-3.1-8B-Instruct,GSM_054,W3,4,33330,-11.733979,0.015451,16,845,16,36,845,32,''
meta-llama/Llama-3.1-8B-Instruct,GSM_054,W3,5,75474,-11.777215,0.0061,16,845,16,36,845,32,''
meta-llama/Llama-3.1-8B-Instruct,GSM_054,W3,6,88181,-11.792819,0.001283,16,845,16,36,845,32,''
meta-llama/Llama-3.1-8B-Instruct,GSM_054,W3,7,67275,-11.768054,0.004717,16,845,16,36,845,32,''
meta-llama/Llama-3.1-8B-Instruct,GSM_054,W3,8,94062,-11.807035,-0.005239,16,845,16,36,845,32,''
meta-llama/Llama-3.1-8B-Instruct,GSM_054,W3,9,96935,-11.815121,-0.008466,16,845,16,36,845,32,''
meta-llama/Llama-3.1-8B-Instruct,GSM_054,W3,10,96971,-11.820154,-0.002735,16,845,16,36,845,32,''
meta-llama/Llama-3.1-8B-Instruct,GSM_054,W3,11,92776,-11.811832,-0.001338,16,845,16,36,845,32,''
meta-llama/Llama-3.1-8B-Instruct,GSM_054,W3,12,42161,-11.728551,0.012801,16,845,16,36,845,32,''
meta-llama/Llama-3.1-8B-Instruct,GSM_054,W3,13,12730,-11.646658,0.023101,16,845,16,36,845,32,''
meta-llama/Llama-3.1-8B-Instruct,GSM_054,W3,14,17890,-11.657999,0.018462,16,845,16,36,845,32,''
meta-llama/Llama-3.1-8B-Instruct,GSM_054,W3,15,19683,-11.653674,0.012686,16,845,16,36,845,32,''
meta-llama/Llama-3.1-8B-Instruct,GSM_054,W3,16,37238,-11.699886,0.00192,16,845,16,36,845,32,''
meta-llama/Llama-3.1-8B-Instruct,GSM_054,W3,17,14363,-11.604388,0.009118,16,845,16,36,845,32,''
meta-llama/Llama-3.1-8B-Instruct,GSM_054,W3,18,11963,-11.562051,0.007098,16,845,16,36,845,32,''
meta-llama/Llama-3.1-8B-Instruct,GSM_054,W3,19,6339,-11.474265,0.012051,16,845,16,36,845,32,''
meta-llama/Llama-3.1-8B-Instruct,GSM_054,W3,20,7581,-11.472903,0.010848,16,845,16,36,845,32,''
meta-llama/Llama-3.1-8B-Instruct,GSM_054,W3,21,5166,-11.377475,0.013024,16,845,16,36,845,32,''
meta-llama/Llama-3.1-8B-Instruct,GSM_054,W3,22,5702,-11.345991,0.011718,16,845,16,36,845,32,''
meta-llama/Llama-3.1-8B-Instruct,GSM_054,W3,23,5040,-11.267262,0.011737,16,845,16,36,845,32,''
meta-llama/Llama-3.1-8B-Instruct,GSM_054,W3,24,8890,-11.278423,0.004405,16,845,16,36,845,32,''
meta-llama/Llama-3.1-8B-Instruct,GSM_054,W3,25,14128,-11.341217,-0.002341,16,845,16,36,845,32,''
meta-llama/Llama-3.1-8B-Instruct,GSM_054,W3,26,4990,-11.063292,0.010193,16,845,16,36,845,32,''
meta-llama/Llama-3.1-8B-Instruct,GSM_054,W3,27,1518,-10.765312,0.022716,16,845,16,36,845,32,''
meta-llama/Llama-3.1-8B-Instruct,GSM_054,W3,28,1903,-10.628162,0.022129,16,845,16,36,845,32,''
meta-llama/Llama-3.1-8B-Instruct,GSM_054,W3,29,2176,-10.584286,0.021615,16,845,16,36,845,32,''
meta-llama/Llama-3.1-8B-Instruct,GSM_054,W3,30,907,-10.07894,0.036261,16,845,16,36,845,32,''
meta-llama/Llama-3.1-8B-Instruct,GSM_054,W3,31,149,-11.54736,0.101816,16,845,16,36,845,32,''
meta-llama/Llama-3.1-8B-Instruct,GSM_055,canonical,0,48800,-11.758621,0.005274,6,21,6,78,21,32,''
meta-llama/Llama-3.1-8B-Instruct,GSM_055,canonical,1,42425,-11.75551,0.007227,6,21,6,78,21,32,''
meta-llama/Llama-3.1-8B-Instruct,GSM_055,canonical,2,70724,-11.764928,-0.000867,6,21,6,78,21,32,''
meta-llama/Llama-3.1-8B-Instruct,GSM_055,canonical,3,123305,-11.816993,-0.022964,6,21,6,78,21,32,''
meta-llama/Llama-3.1-8B-Instruct,GSM_055,canonical,4,75401,-11.772846,0.000819,6,21,6,78,21,32,''
meta-llama/Llama-3.1-8B-Instruct,GSM_055,canonical,5,109233,-11.823912,-0.00811,6,21,6,78,21,32,''
meta-llama/Llama-3.1-8B-Instruct,GSM_055,canonical,6,95124,-11.800534,-0.002515,6,21,6,78,21,32,''
meta-llama/Llama-3.1-8B-Instruct,GSM_055,canonical,7,33792,-11.725237,0.014692,6,21,6,78,21,32,''
meta-llama/Llama-3.1-8B-Instruct,GSM_055,canonical,8,48396,-11.743169,0.008621,6,21,6,78,21,32,''
meta-llama/Llama-3.1-8B-Instruct,GSM_055,canonical,9,72790,-11.778623,-0.00086,6,21,6,78,21,32,''
meta-llama/Llama-3.1-8B-Instruct,GSM_055,canonical,10,87830,-11.804646,-0.000688,6,21,6,78,21,32,''
meta-llama/Llama-3.1-8B-Instruct,GSM_055,canonical,11,111435,-11.854283,-0.01063,6,21,6,78,21,32,''
meta-llama/Llama-3.1-8B-Instruct,GSM_055,canonical,12,100187,-11.832489,-0.007027,6,21,6,78,21,32,''
meta-llama/Llama-3.1-8B-Instruct,GSM_055,canonical,13,105301,-11.851072,-0.010628,6,21,6,78,21,32,''
meta-llama/Llama-3.1-8B-Instruct,GSM_055,canonical,14,110484,-11.878635,-0.015685,6,21,6,78,21,32,''
meta-llama/Llama-3.1-8B-Instruct,GSM_055,canonical,15,53651,-11.745968,-0.001059,6,21,6,78,21,32,''
meta-llama/Llama-3.1-8B-Instruct,GSM_055,canonical,16,47849,-11.731004,-0.001904,6,21,6,78,21,32,''
meta-llama/Llama-3.1-8B-Instruct,GSM_055,canonical,17,17488,-11.622929,0.006806,6,21,6,78,21,32,''
meta-llama/Llama-3.1-8B-Instruct,GSM_055,canonical,18,24174,-11.639449,0.000241,6,21,6,78,21,32,''
meta-llama/Llama-3.1-8B-Instruct,GSM_055,canonical,19,27857,-11.637737,-0.003754,6,21,6,78,21,32,''
meta-llama/Llama-3.1-8B-Instruct,GSM_055,canonical,20,49847,-11.721903,-0.010757,6,21,6,78,21,32,''
meta-llama/Llama-3.1-8B-Instruct,GSM_055,canonical,21,42143,-11.679822,-0.011667,6,21,6,78,21,32,''
meta-llama/Llama-3.1-8B-Instruct,GSM_055,canonical,22,34481,-11.621803,-0.010155,6,21,6,78,21,32,''
meta-llama/Llama-3.1-8B-Instruct,GSM_055,canonical,23,16078,-11.448,-0.000294,6,21,6,78,21,32,''
meta-llama/Llama-3.1-8B-Instruct,GSM_055,canonical,24,8062,-11.268377,0.006341,6,21,6,78,21,32,''
meta-llama/Llama-3.1-8B-Instruct,GSM_055,canonical,25,8990,-11.273966,0.004241,6,21,6,78,21,32,''
meta-llama/Llama-3.1-8B-Instruct,GSM_055,canonical,26,1806,-10.867771,0.021022,6,21,6,78,21,32,''
meta-llama/Llama-3.1-8B-Instruct,GSM_055,canonical,27,882,-10.727661,0.027216,6,21,6,78,21,32,''
meta-llama/Llama-3.1-8B-Instruct,GSM_055,canonical,28,406,-10.329082,0.036077,6,21,6,78,21,32,''
meta-llama/Llama-3.1-8B-Instruct,GSM_055,canonical,29,431,-10.233881,0.036436,6,21,6,78,21,32,''
meta-llama/Llama-3.1-8B-Instruct,GSM_055,canonical,30,119,-9.351284,0.056615,6,21,6,78,21,32,''
meta-llama/Llama-3.1-8B-Instruct,GSM_055,canonical,31,28,-7.188274,0.114051,6,21,6,78,21,32,''
meta-llama/Llama-3.1-8B-Instruct,GSM_055,W3,0,51832,-11.759183,0.004889,6,21,6,78,21,32,''
meta-llama/Llama-3.1-8B-Instruct,GSM_055,W3,1,41185,-11.75512,0.00745,6,21,6,78,21,32,''
meta-llama/Llama-3.1-8B-Instruct,GSM_055,W3,2,69404,-11.764396,-0.000398,6,21,6,78,21,32,''
meta-llama/Llama-3.1-8B-Instruct,GSM_055,W3,3,123073,-11.816909,-0.022608,6,21,6,78,21,32,''
meta-llama/Llama-3.1-8B-Instruct,GSM_055,W3,4,75980,-11.773731,0.001,6,21,6,78,21,32,''
meta-llama/Llama-3.1-8B-Instruct,GSM_055,W3,5,112170,-11.831239,-0.009455,6,21,6,78,21,32,''
meta-llama/Llama-3.1-8B-Instruct,GSM_055,W3,6,109504,-11.825102,-0.008131,6,21,6,78,21,32,''
meta-llama/Llama-3.1-8B-Instruct,GSM_055,W3,7,43801,-11.73922,0.01176,6,21,6,78,21,32,''
meta-llama/Llama-3.1-8B-Instruct,GSM_055,W3,8,61017,-11.760567,0.005767,6,21,6,78,21,32,''
meta-llama/Llama-3.1-8B-Instruct,GSM_055,W3,9,87405,-11.801043,-0.004582,6,21,6,78,21,32,''
meta-llama/Llama-3.1-8B-Instruct,GSM_055,W3,10,100678,-11.829271,-0.004858,6,21,6,78,21,32,''
meta-llama/Llama-3.1-8B-Instruct,GSM_055,W3,11,115593,-11.868631,-0.012903,6,21,6,78,21,32,''
meta-llama/Llama-3.1-8B-Instruct,GSM_055,W3,12,108717,-11.85302,-0.010921,6,21,6,78,21,32,''
meta-llama/Llama-3.1-8B-Instruct,GSM_055,W3,13,104653,-11.848481,-0.010492,6,21,6,78,21,32,''
meta-llama/Llama-3.1-8B-Instruct,GSM_055,W3,14,111982,-11.882987,-0.016568,6,21,6,78,21,32,''
meta-llama/Llama-3.1-8B-Instruct,GSM_055,W3,15,47884,-11.732768,0.000664,6,21,6,78,21,32,''
meta-llama/Llama-3.1-8B-Instruct,GSM_055,W3,16,47904,-11.729788,-0.002298,6,21,6,78,21,32,''
meta-llama/Llama-3.1-8B-Instruct,GSM_055,W3,17,15165,-11.602748,0.007398,6,21,6,78,21,32,''
meta-llama/Llama-3.1-8B-Instruct,GSM_055,W3,18,16030,-11.589771,0.004291,6,21,6,78,21,32,''
meta-llama/Llama-3.1-8B-Instruct,GSM_055,W3,19,16151,-11.565426,0.002092,6,21,6,78,21,32,''
meta-llama/Llama-3.1-8B-Instruct,GSM_055,W3,20,38157,-11.675716,-0.007144,6,21,6,78,21,32,''
meta-llama/Llama-3.1-8B-Instruct,GSM_055,W3,21,39758,-11.668655,-0.010232,6,21,6,78,21,32,''
meta-llama/Llama-3.1-8B-Instruct,GSM_055,W3,22,33452,-11.616404,-0.009268,6,21,6,78,21,32,''
meta-llama/Llama-3.1-8B-Instruct,GSM_055,W3,23,19774,-11.491572,-0.002733,6,21,6,78,21,32,''
meta-llama/Llama-3.1-8B-Instruct,GSM_055,W3,24,11278,-11.335495,0.002455,6,21,6,78,21,32,''
meta-llama/Llama-3.1-8B-Instruct,GSM_055,W3,25,12462,-11.339947,-4.9e-05,6,21,6,78,21,32,''
meta-llama/Llama-3.1-8B-Instruct,GSM_055,W3,26,3300,-11.010875,0.014341,6,21,6,78,21,32,''
meta-llama/Llama-3.1-8B-Instruct,GSM_055,W3,27,1779,-10.833111,0.020361,6,21,6,78,21,32,''
meta-llama/Llama-3.1-8B-Instruct,GSM_055,W3,28,1008,-10.494042,0.027164,6,21,6,78,21,32,''
meta-llama/Llama-3.1-8B-Instruct,GSM_055,W3,29,1163,-10.465208,0.026875,6,21,6,78,21,32,''
meta-llama/Llama-3.1-8B-Instruct,GSM_055,W3,30,259,-9.609762,0.04794,6,21,6,78,21,32,''
meta-llama/Llama-3.1-8B-Instruct,GSM_055,W3,31,39,-8.308755,0.104539,6,21,6,78,21,32,''
meta-llama/Llama-3.1-8B-Instruct,GSM_056,canonical,0,62013,-11.761344,0.000449,69,3076,69,6,3076,32,''
meta-llama/Llama-3.1-8B-Instruct,GSM_056,canonical,1,66959,-11.7626,-0.001144,69,3076,69,6,3076,32,''
meta-llama/Llama-3.1-8B-Instruct,GSM_056,canonical,2,103892,-11.781666,-0.012886,69,3076,69,6,3076,32,''
meta-llama/Llama-3.1-8B-Instruct,GSM_056,canonical,3,123507,-11.818922,-0.023476,69,3076,69,6,3076,32,''
meta-llama/Llama-3.1-8B-Instruct,GSM_056,canonical,4,105548,-11.804729,-0.010389,69,3076,69,6,3076,32,''
meta-llama/Llama-3.1-8B-Instruct,GSM_056,canonical,5,98862,-11.806777,-0.003108,69,3076,69,6,3076,32,''
meta-llama/Llama-3.1-8B-Instruct,GSM_056,canonical,6,90098,-11.794738,-0.000603,69,3076,69,6,3076,32,''
meta-llama/Llama-3.1-8B-Instruct,GSM_056,canonical,7,101814,-11.816363,-0.007545,69,3076,69,6,3076,32,''
meta-llama/Llama-3.1-8B-Instruct,GSM_056,canonical,8,83914,-11.792518,-0.002212,69,3076,69,6,3076,32,''
meta-llama/Llama-3.1-8B-Instruct,GSM_056,canonical,9,34564,-11.719546,0.01121,69,3076,69,6,3076,32,''
meta-llama/Llama-3.1-8B-Instruct,GSM_056,canonical,10,54204,-11.750473,0.009735,69,3076,69,6,3076,32,''
meta-llama/Llama-3.1-8B-Instruct,GSM_056,canonical,11,104074,-11.835577,-0.006955,69,3076,69,6,3076,32,''
meta-llama/Llama-3.1-8B-Instruct,GSM_056,canonical,12,66834,-11.770795,0.003995,69,3076,69,6,3076,32,''
meta-llama/Llama-3.1-8B-Instruct,GSM_056,canonical,13,32922,-11.705636,0.013279,69,3076,69,6,3076,32,''
meta-llama/Llama-3.1-8B-Instruct,GSM_056,canonical,14,11975,-11.631811,0.021172,69,3076,69,6,3076,32,''
meta-llama/Llama-3.1-8B-Instruct,GSM_056,canonical,15,23001,-11.669556,0.009819,69,3076,69,6,3076,32,''
meta-llama/Llama-3.1-8B-Instruct,GSM_056,canonical,16,7126,-11.58324,0.018828,69,3076,69,6,3076,32,''
meta-llama/Llama-3.1-8B-Instruct,GSM_056,canonical,17,6668,-11.558013,0.017325,69,3076,69,6,3076,32,''
meta-llama/Llama-3.1-8B-Instruct,GSM_056,canonical,18,6867,-11.531313,0.01296,69,3076,69,6,3076,32,''
meta-llama/Llama-3.1-8B-Instruct,GSM_056,canonical,19,4861,-11.465445,0.014778,69,3076,69,6,3076,32,''
meta-llama/Llama-3.1-8B-Instruct,GSM_056,canonical,20,3134,-11.42312,0.018504,69,3076,69,6,3076,32,''
meta-llama/Llama-3.1-8B-Instruct,GSM_056,canonical,21,9742,-11.461522,0.007078,69,3076,69,6,3076,32,''
meta-llama/Llama-3.1-8B-Instruct,GSM_056,canonical,22,6347,-11.349828,0.009695,69,3076,69,6,3076,32,''
meta-llama/Llama-3.1-8B-Instruct,GSM_056,canonical,23,5359,-11.259273,0.010599,69,3076,69,6,3076,32,''
meta-llama/Llama-3.1-8B-Instruct,GSM_056,canonical,24,5765,-11.178822,0.009283,69,3076,69,6,3076,32,''
meta-llama/Llama-3.1-8B-Instruct,GSM_056,canonical,25,3489,-11.086603,0.013805,69,3076,69,6,3076,32,''
meta-llama/Llama-3.1-8B-Instruct,GSM_056,canonical,26,1720,-10.825135,0.021279,69,3076,69,6,3076,32,''
meta-llama/Llama-3.1-8B-Instruct,GSM_056,canonical,27,910,-10.63939,0.027181,69,3076,69,6,3076,32,''
meta-llama/Llama-3.1-8B-Instruct,GSM_056,canonical,28,211,-9.995745,0.045782,69,3076,69,6,3076,32,''
meta-llama/Llama-3.1-8B-Instruct,GSM_056,canonical,29,88,-9.741154,0.052957,69,3076,69,6,3076,32,''
meta-llama/Llama-3.1-8B-Instruct,GSM_056,canonical,30,60,-8.983547,0.067875,69,3076,69,6,3076,32,''
meta-llama/Llama-3.1-8B-Instruct,GSM_056,canonical,31,87,-6.339886,0.126084,69,3076,69,6,3076,32,''
meta-llama/Llama-3.1-8B-Instruct,GSM_056,W3,0,61025,-11.761135,0.000985,69,3076,69,6,3076,32,''
meta-llama/Llama-3.1-8B-Instruct,GSM_056,W3,1,66033,-11.762334,-0.000879,69,3076,69,6,3076,32,''
meta-llama/Llama-3.1-8B-Instruct,GSM_056,W3,2,102168,-11.78062,-0.011946,69,3076,69,6,3076,32,''
meta-llama/Llama-3.1-8B-Instruct,GSM_056,W3,3,123636,-11.818971,-0.023503,69,3076,69,6,3076,32,''
meta-llama/Llama-3.1-8B-Instruct,GSM_056,W3,4,107325,-11.807484,-0.011315,69,3076,69,6,3076,32,''
meta-llama/Llama-3.1-8B-Instruct,GSM_056,W3,5,100407,-11.809045,-0.003539,69,3076,69,6,3076,32,''
meta-llama/Llama-3.1-8B-Instruct,GSM_056,W3,6,94114,-11.800439,-0.001787,69,3076,69,6,3076,32,''
meta-llama/Llama-3.1-8B-Instruct,GSM_056,W3,7,107817,-11.827869,-0.010052,69,3076,69,6,3076,32,''
meta-llama/Llama-3.1-8B-Instruct,GSM_056,W3,8,97109,-11.813846,-0.006137,69,3076,69,6,3076,32,''
meta-llama/Llama-3.1-8B-Instruct,GSM_056,W3,9,42425,-11.733519,0.008973,69,3076,69,6,3076,32,''
meta-llama/Llama-3.1-8B-Instruct,GSM_056,W3,10,65667,-11.768689,0.006534,69,3076,69,6,3076,32,''
meta-llama/Llama-3.1-8B-Instruct,GSM_056,W3,11,105943,-11.840727,-0.007851,69,3076,69,6,3076,32,''
meta-llama/Llama-3.1-8B-Instruct,GSM_056,W3,12,71251,-11.778542,0.002826,69,3076,69,6,3076,32,''
meta-llama/Llama-3.1-8B-Instruct,GSM_056,W3,13,36168,-11.712206,0.012611,69,3076,69,6,3076,32,''
meta-llama/Llama-3.1-8B-Instruct,GSM_056,W3,14,13497,-11.637752,0.021451,69,3076,69,6,3076,32,''
meta-llama/Llama-3.1-8B-Instruct,GSM_056,W3,15,30326,-11.691621,0.00815,69,3076,69,6,3076,32,''
meta-llama/Llama-3.1-8B-Instruct,GSM_056,W3,16,9586,-11.60124,0.016863,69,3076,69,6,3076,32,''
meta-llama/Llama-3.1-8B-Instruct,GSM_056,W3,17,8967,-11.576285,0.015117,69,3076,69,6,3076,32,''
meta-llama/Llama-3.1-8B-Instruct,GSM_056,W3,18,9805,-11.556482,0.009862,69,3076,69,6,3076,32,''
meta-llama/Llama-3.1-8B-Instruct,GSM_056,W3,19,4607,-11.457419,0.015043,69,3076,69,6,3076,32,''
meta-llama/Llama-3.1-8B-Instruct,GSM_056,W3,20,2924,-11.413589,0.018979,69,3076,69,6,3076,32,''
meta-llama/Llama-3.1-8B-Instruct,GSM_056,W3,21,10304,-11.464253,0.006495,69,3076,69,6,3076,32,''
meta-llama/Llama-3.1-8B-Instruct,GSM_056,W3,22,5037,-11.318497,0.011858,69,3076,69,6,3076,32,''
meta-llama/Llama-3.1-8B-Instruct,GSM_056,W3,23,4528,-11.233088,0.012239,69,3076,69,6,3076,32,''
meta-llama/Llama-3.1-8B-Instruct,GSM_056,W3,24,4231,-11.128604,0.012546,69,3076,69,6,3076,32,''
meta-llama/Llama-3.1-8B-Instruct,GSM_056,W3,25,3200,-11.072552,0.014699,69,3076,69,6,3076,32,''
meta-llama/Llama-3.1-8B-Instruct,GSM_056,W3,26,1439,-10.803202,0.022779,69,3076,69,6,3076,32,''
meta-llama/Llama-3.1-8B-Instruct,GSM_056,W3,27,952,-10.644383,0.026935,69,3076,69,6,3076,32,''
meta-llama/Llama-3.1-8B-Instruct,GSM_056,W3,28,259,-10.047482,0.044102,69,3076,69,6,3076,32,''
meta-llama/Llama-3.1-8B-Instruct,GSM_056,W3,29,104,-9.768291,0.052452,69,3076,69,6,3076,32,''
meta-llama/Llama-3.1-8B-Instruct,GSM_056,W3,30,98,-9.133725,0.063791,69,3076,69,6,3076,32,''
meta-llama/Llama-3.1-8B-Instruct,GSM_056,W3,31,108,-6.342839,0.126925,69,3076,69,6,3076,32,''
meta-llama/Llama-3.1-8B-Instruct,GSM_057,canonical,0,86827,-11.766692,-0.0071,84,5833,84,13,5833,32,''
meta-llama/Llama-3.1-8B-Instruct,GSM_057,canonical,1,79799,-11.766303,-0.005077,84,5833,84,13,5833,32,''
meta-llama/Llama-3.1-8B-Instruct,GSM_057,canonical,2,105085,-11.782212,-0.013921,84,5833,84,13,5833,32,''
meta-llama/Llama-3.1-8B-Instruct,GSM_057,canonical,3,119757,-11.808728,-0.018741,84,5833,84,13,5833,32,''
meta-llama/Llama-3.1-8B-Instruct,GSM_057,canonical,4,118273,-11.827512,-0.017791,84,5833,84,13,5833,32,''
meta-llama/Llama-3.1-8B-Instruct,GSM_057,canonical,5,117523,-11.843869,-0.013785,84,5833,84,13,5833,32,''
meta-llama/Llama-3.1-8B-Instruct,GSM_057,canonical,6,123343,-11.86591,-0.020729,84,5833,84,13,5833,32,''
meta-llama/Llama-3.1-8B-Instruct,GSM_057,canonical,7,112314,-11.835825,-0.012801,84,5833,84,13,5833,32,''
meta-llama/Llama-3.1-8B-Instruct,GSM_057,canonical,8,120159,-11.869916,-0.019676,84,5833,84,13,5833,32,''
meta-llama/Llama-3.1-8B-Instruct,GSM_057,canonical,9,98172,-11.818828,-0.007711,84,5833,84,13,5833,32,''
meta-llama/Llama-3.1-8B-Instruct,GSM_057,canonical,10,79770,-11.791396,0.003488,84,5833,84,13,5833,32,''
meta-llama/Llama-3.1-8B-Instruct,GSM_057,canonical,11,62668,-11.763309,0.008498,84,5833,84,13,5833,32,''
meta-llama/Llama-3.1-8B-Instruct,GSM_057,canonical,12,75778,-11.786055,0.002177,84,5833,84,13,5833,32,''
meta-llama/Llama-3.1-8B-Instruct,GSM_057,canonical,13,86958,-11.810199,-0.002866,84,5833,84,13,5833,32,''
meta-llama/Llama-3.1-8B-Instruct,GSM_057,canonical,14,80462,-11.801617,-0.002758,84,5833,84,13,5833,32,''
meta-llama/Llama-3.1-8B-Instruct,GSM_057,canonical,15,39553,-11.714847,0.005341,84,5833,84,13,5833,32,''
meta-llama/Llama-3.1-8B-Instruct,GSM_057,canonical,16,29626,-11.680434,0.005096,84,5833,84,13,5833,32,''
meta-llama/Llama-3.1-8B-Instruct,GSM_057,canonical,17,18842,-11.627639,0.006387,84,5833,84,13,5833,32,''
meta-llama/Llama-3.1-8B-Instruct,GSM_057,canonical,18,24441,-11.635999,-0.000513,84,5833,84,13,5833,32,''
meta-llama/Llama-3.1-8B-Instruct,GSM_057,canonical,19,7834,-11.498201,0.009548,84,5833,84,13,5833,32,''
meta-llama/Llama-3.1-8B-Instruct,GSM_057,canonical,20,6253,-11.470749,0.012546,84,5833,84,13,5833,32,''
meta-llama/Llama-3.1-8B-Instruct,GSM_057,canonical,21,3856,-11.373362,0.016198,84,5833,84,13,5833,32,''
meta-llama/Llama-3.1-8B-Instruct,GSM_057,canonical,22,2791,-11.280955,0.01808,84,5833,84,13,5833,32,''
meta-llama/Llama-3.1-8B-Instruct,GSM_057,canonical,23,7545,-11.342082,0.008041,84,5833,84,13,5833,32,''
meta-llama/Llama-3.1-8B-Instruct,GSM_057,canonical,24,14976,-11.383099,-0.001268,84,5833,84,13,5833,32,''
meta-llama/Llama-3.1-8B-Instruct,GSM_057,canonical,25,27668,-11.5169,-0.010858,84,5833,84,13,5833,32,''
meta-llama/Llama-3.1-8B-Instruct,GSM_057,canonical,26,17169,-11.351567,-0.004206,84,5833,84,13,5833,32,''
meta-llama/Llama-3.1-8B-Instruct,GSM_057,canonical,27,19167,-11.368155,-0.005191,84,5833,84,13,5833,32,''
meta-llama/Llama-3.1-8B-Instruct,GSM_057,canonical,28,14443,-11.20437,-0.001588,84,5833,84,13,5833,32,''
meta-llama/Llama-3.1-8B-Instruct,GSM_057,canonical,29,5194,-10.878425,0.012568,84,5833,84,13,5833,32,''
meta-llama/Llama-3.1-8B-Instruct,GSM_057,canonical,30,1996,-10.415563,0.025141,84,5833,84,13,5833,32,''
meta-llama/Llama-3.1-8B-Instruct,GSM_057,canonical,31,763,-13.250273,0.076231,84,5833,84,13,5833,32,''
meta-llama/Llama-3.1-8B-Instruct,GSM_057,W3,0,88708,-11.767234,-0.007384,84,5833,84,13,5833,32,''
meta-llama/Llama-3.1-8B-Instruct,GSM_057,W3,1,75799,-11.765132,-0.003742,84,5833,84,13,5833,32,''
meta-llama/Llama-3.1-8B-Instruct,GSM_057,W3,2,103090,-11.781002,-0.012814,84,5833,84,13,5833,32,''
meta-llama/Llama-3.1-8B-Instruct,GSM_057,W3,3,118292,-11.806098,-0.01728,84,5833,84,13,5833,32,''
meta-llama/Llama-3.1-8B-Instruct,GSM_057,W3,4,116313,-11.823389,-0.016533,84,5833,84,13,5833,32,''
meta-llama/Llama-3.1-8B-Instruct,GSM_057,W3,5,118179,-11.846597,-0.014134,84,5833,84,13,5833,32,''
meta-llama/Llama-3.1-8B-Instruct,GSM_057,W3,6,123004,-11.865763,-0.019766,84,5833,84,13,5833,32,''
meta-llama/Llama-3.1-8B-Instruct,GSM_057,W3,7,112108,-11.836799,-0.012812,84,5833,84,13,5833,32,''
meta-llama/Llama-3.1-8B-Instruct,GSM_057,W3,8,119371,-11.867698,-0.018684,84,5833,84,13,5833,32,''
meta-llama/Llama-3.1-8B-Instruct,GSM_057,W3,9,100783,-11.823864,-0.008941,84,5833,84,13,5833,32,''
meta-llama/Llama-3.1-8B-Instruct,GSM_057,W3,10,86215,-11.802224,0.001274,84,5833,84,13,5833,32,''
meta-llama/Llama-3.1-8B-Instruct,GSM_057,W3,11,61014,-11.760932,0.008841,84,5833,84,13,5833,32,''
meta-llama/Llama-3.1-8B-Instruct,GSM_057,W3,12,78557,-11.790948,0.001533,84,5833,84,13,5833,32,''
meta-llama/Llama-3.1-8B-Instruct,GSM_057,W3,13,87726,-11.811114,-0.003667,84,5833,84,13,5833,32,''
meta-llama/Llama-3.1-8B-Instruct,GSM_057,W3,14,82395,-11.805277,-0.003686,84,5833,84,13,5833,32,''
meta-llama/Llama-3.1-8B-Instruct,GSM_057,W3,15,38979,-11.713593,0.005069,84,5833,84,13,5833,32,''
meta-llama/Llama-3.1-8B-Instruct,GSM_057,W3,16,29686,-11.681445,0.005142,84,5833,84,13,5833,32,''
meta-llama/Llama-3.1-8B-Instruct,GSM_057,W3,17,14976,-11.607965,0.008333,84,5833,84,13,5833,32,''
meta-llama/Llama-3.1-8B-Instruct,GSM_057,W3,18,21736,-11.62141,0.001061,84,5833,84,13,5833,32,''
meta-llama/Llama-3.1-8B-Instruct,GSM_057,W3,19,7325,-11.492006,0.010602,84,5833,84,13,5833,32,''
meta-llama/Llama-3.1-8B-Instruct,GSM_057,W3,20,4289,-11.437238,0.016088,84,5833,84,13,5833,32,''
meta-llama/Llama-3.1-8B-Instruct,GSM_057,W3,21,3554,-11.36374,0.017123,84,5833,84,13,5833,32,''
meta-llama/Llama-3.1-8B-Instruct,GSM_057,W3,22,2876,-11.280376,0.01832,84,5833,84,13,5833,32,''
meta-llama/Llama-3.1-8B-Instruct,GSM_057,W3,23,7103,-11.329463,0.009271,84,5833,84,13,5833,32,''
meta-llama/Llama-3.1-8B-Instruct,GSM_057,W3,24,11909,-11.330077,0.002141,84,5833,84,13,5833,32,''
meta-llama/Llama-3.1-8B-Instruct,GSM_057,W3,25,21458,-11.443407,-0.00682,84,5833,84,13,5833,32,''
meta-llama/Llama-3.1-8B-Instruct,GSM_057,W3,26,14849,-11.31468,-0.001593,84,5833,84,13,5833,32,''
meta-llama/Llama-3.1-8B-Instruct,GSM_057,W3,27,12188,-11.241891,0.000674,84,5833,84,13,5833,32,''
meta-llama/Llama-3.1-8B-Instruct,GSM_057,W3,28,5904,-10.935802,0.00858,84,5833,84,13,5833,32,''
meta-llama/Llama-3.1-8B-Instruct,GSM_057,W3,29,3985,-10.802088,0.014542,84,5833,84,13,5833,32,''
meta-llama/Llama-3.1-8B-Instruct,GSM_057,W3,30,1185,-10.238104,0.030676,84,5833,84,13,5833,32,''
meta-llama/Llama-3.1-8B-Instruct,GSM_057,W3,31,437,-10.633181,0.087965,84,5833,84,13,5833,32,''
meta-llama/Llama-3.1-8B-Instruct,GSM_058,canonical,0,114267,-11.775214,-0.016335,285,15935,285,6,15935,32,''
meta-llama/Llama-3.1-8B-Instruct,GSM_058,canonical,1,113174,-11.779378,-0.015887,285,15935,285,6,15935,32,''
meta-llama/Llama-3.1-8B-Instruct,GSM_058,canonical,2,93254,-11.775552,-0.006929,285,15935,285,6,15935,32,''
meta-llama/Llama-3.1-8B-Instruct,GSM_058,canonical,3,123105,-11.817927,-0.019438,285,15935,285,6,15935,32,''
meta-llama/Llama-3.1-8B-Instruct,GSM_058,canonical,4,126586,-11.86648,-0.027548,285,15935,285,6,15935,32,''
meta-llama/Llama-3.1-8B-Instruct,GSM_058,canonical,5,120161,-11.852918,-0.01428,285,15935,285,6,15935,32,''
meta-llama/Llama-3.1-8B-Instruct,GSM_058,canonical,6,118383,-11.845841,-0.012873,285,15935,285,6,15935,32,''
meta-llama/Llama-3.1-8B-Instruct,GSM_058,canonical,7,122658,-11.872695,-0.019055,285,15935,285,6,15935,32,''
meta-llama/Llama-3.1-8B-Instruct,GSM_058,canonical,8,84225,-11.791651,-0.002173,285,15935,285,6,15935,32,''
meta-llama/Llama-3.1-8B-Instruct,GSM_058,canonical,9,60047,-11.76059,0.002728,285,15935,285,6,15935,32,''
meta-llama/Llama-3.1-8B-Instruct,GSM_058,canonical,10,108458,-11.846281,-0.006802,285,15935,285,6,15935,32,''
meta-llama/Llama-3.1-8B-Instruct,GSM_058,canonical,11,25972,-11.700034,0.018658,285,15935,285,6,15935,32,''
meta-llama/Llama-3.1-8B-Instruct,GSM_058,canonical,12,82405,-11.79744,5.4e-05,285,15935,285,6,15935,32,''
meta-llama/Llama-3.1-8B-Instruct,GSM_058,canonical,13,86506,-11.8087,-0.002535,285,15935,285,6,15935,32,''
meta-llama/Llama-3.1-8B-Instruct,GSM_058,canonical,14,68553,-11.77669,0.000261,285,15935,285,6,15935,32,''
meta-llama/Llama-3.1-8B-Instruct,GSM_058,canonical,15,50566,-11.739392,0.001194,285,15935,285,6,15935,32,''
meta-llama/Llama-3.1-8B-Instruct,GSM_058,canonical,16,85562,-11.820522,-0.011012,285,15935,285,6,15935,32,''
meta-llama/Llama-3.1-8B-Instruct,GSM_058,canonical,17,73273,-11.793278,-0.009836,285,15935,285,6,15935,32,''
meta-llama/Llama-3.1-8B-Instruct,GSM_058,canonical,18,85563,-11.838315,-0.01764,285,15935,285,6,15935,32,''
meta-llama/Llama-3.1-8B-Instruct,GSM_058,canonical,19,48868,-11.717199,-0.009827,285,15935,285,6,15935,32,''
meta-llama/Llama-3.1-8B-Instruct,GSM_058,canonical,20,24913,-11.615637,-0.000103,285,15935,285,6,15935,32,''
meta-llama/Llama-3.1-8B-Instruct,GSM_058,canonical,21,29794,-11.616413,-0.003518,285,15935,285,6,15935,32,''
meta-llama/Llama-3.1-8B-Instruct,GSM_058,canonical,22,19565,-11.524082,0.000179,285,15935,285,6,15935,32,''
meta-llama/Llama-3.1-8B-Instruct,GSM_058,canonical,23,19178,-11.493172,-0.000624,285,15935,285,6,15935,32,''
meta-llama/Llama-3.1-8B-Instruct,GSM_058,canonical,24,8110,-11.294606,0.006821,285,15935,285,6,15935,32,''
meta-llama/Llama-3.1-8B-Instruct,GSM_058,canonical,25,9423,-11.31356,0.004557,285,15935,285,6,15935,32,''
meta-llama/Llama-3.1-8B-Instruct,GSM_058,canonical,26,4509,-11.088505,0.010625,285,15935,285,6,15935,32,''
meta-llama/Llama-3.1-8B-Instruct,GSM_058,canonical,27,3382,-11.004617,0.012758,285,15935,285,6,15935,32,''
meta-llama/Llama-3.1-8B-Instruct,GSM_058,canonical,28,2224,-10.732123,0.016579,285,15935,285,6,15935,32,''
meta-llama/Llama-3.1-8B-Instruct,GSM_058,canonical,29,3647,-10.829024,0.014165,285,15935,285,6,15935,32,''
meta-llama/Llama-3.1-8B-Instruct,GSM_058,canonical,30,3303,-10.631977,0.016728,285,15935,285,6,15935,32,''
meta-llama/Llama-3.1-8B-Instruct,GSM_058,canonical,31,660,-12.004725,0.059549,285,15935,285,6,15935,32,''
meta-llama/Llama-3.1-8B-Instruct,GSM_058,W3,0,115149,-11.775661,-0.016756,285,15935,285,6,15935,32,''
meta-llama/Llama-3.1-8B-Instruct,GSM_058,W3,1,114155,-11.779941,-0.016719,285,15935,285,6,15935,32,''
meta-llama/Llama-3.1-8B-Instruct,GSM_058,W3,2,96539,-11.777336,-0.008068,285,15935,285,6,15935,32,''
meta-llama/Llama-3.1-8B-Instruct,GSM_058,W3,3,124659,-11.82305,-0.021687,285,15935,285,6,15935,32,''
meta-llama/Llama-3.1-8B-Instruct,GSM_058,W3,4,126719,-11.867898,-0.027948,285,15935,285,6,15935,32,''
meta-llama/Llama-3.1-8B-Instruct,GSM_058,W3,5,119028,-11.84908,-0.013223,285,15935,285,6,15935,32,''
meta-llama/Llama-3.1-8B-Instruct,GSM_058,W3,6,118899,-11.847775,-0.013219,285,15935,285,6,15935,32,''
meta-llama/Llama-3.1-8B-Instruct,GSM_058,W3,7,122935,-11.875195,-0.01943,285,15935,285,6,15935,32,''
meta-llama/Llama-3.1-8B-Instruct,GSM_058,W3,8,79938,-11.785887,-0.001054,285,15935,285,6,15935,32,''
meta-llama/Llama-3.1-8B-Instruct,GSM_058,W3,9,53811,-11.751533,0.004445,285,15935,285,6,15935,32,''
meta-llama/Llama-3.1-8B-Instruct,GSM_058,W3,10,109325,-11.848065,-0.007419,285,15935,285,6,15935,32,''
meta-llama/Llama-3.1-8B-Instruct,GSM_058,W3,11,25624,-11.699874,0.018369,285,15935,285,6,15935,32,''
meta-llama/Llama-3.1-8B-Instruct,GSM_058,W3,12,79231,-11.791543,0.000717,285,15935,285,6,15935,32,''
meta-llama/Llama-3.1-8B-Instruct,GSM_058,W3,13,83822,-11.803027,-0.002047,285,15935,285,6,15935,32,''
meta-llama/Llama-3.1-8B-Instruct,GSM_058,W3,14,60696,-11.761476,0.002386,285,15935,285,6,15935,32,''
meta-llama/Llama-3.1-8B-Instruct,GSM_058,W3,15,44908,-11.727068,0.003177,285,15935,285,6,15935,32,''
meta-llama/Llama-3.1-8B-Instruct,GSM_058,W3,16,83729,-11.815278,-0.010075,285,15935,285,6,15935,32,''
meta-llama/Llama-3.1-8B-Instruct,GSM_058,W3,17,76548,-11.801745,-0.010487,285,15935,285,6,15935,32,''
meta-llama/Llama-3.1-8B-Instruct,GSM_058,W3,18,91370,-11.85765,-0.019474,285,15935,285,6,15935,32,''
meta-llama/Llama-3.1-8B-Instruct,GSM_058,W3,19,49506,-11.719245,-0.01026,285,15935,285,6,15935,32,''
meta-llama/Llama-3.1-8B-Instruct,GSM_058,W3,20,26252,-11.622158,-0.00081,285,15935,285,6,15935,32,''
meta-llama/Llama-3.1-8B-Instruct,GSM_058,W3,21,30667,-11.620461,-0.004176,285,15935,285,6,15935,32,''
meta-llama/Llama-3.1-8B-Instruct,GSM_058,W3,22,18839,-11.518138,0.000675,285,15935,285,6,15935,32,''
meta-llama/Llama-3.1-8B-Instruct,GSM_058,W3,23,15063,-11.451087,0.002103,285,15935,285,6,15935,32,''
meta-llama/Llama-3.1-8B-Instruct,GSM_058,W3,24,4511,-11.20689,0.012169,285,15935,285,6,15935,32,''
meta-llama/Llama-3.1-8B-Instruct,GSM_058,W3,25,3809,-11.173959,0.012498,285,15935,285,6,15935,32,''
meta-llama/Llama-3.1-8B-Instruct,GSM_058,W3,26,2325,-10.989687,0.015992,285,15935,285,6,15935,32,''
meta-llama/Llama-3.1-8B-Instruct,GSM_058,W3,27,1771,-10.902089,0.01766,285,15935,285,6,15935,32,''
meta-llama/Llama-3.1-8B-Instruct,GSM_058,W3,28,1365,-10.618484,0.020792,285,15935,285,6,15935,32,''
meta-llama/Llama-3.1-8B-Instruct,GSM_058,W3,29,1676,-10.647324,0.019745,285,15935,285,6,15935,32,''
meta-llama/Llama-3.1-8B-Instruct,GSM_058,W3,30,2082,-10.512036,0.020509,285,15935,285,6,15935,32,''
meta-llama/Llama-3.1-8B-Instruct,GSM_058,W3,31,628,-10.701995,0.070239,285,15935,285,6,15935,32,''
meta-llama/Llama-3.1-8B-Instruct,GSM_059,canonical,0,57722,-11.760435,0.002076,29,1682,29,27,1682,32,''
meta-llama/Llama-3.1-8B-Instruct,GSM_059,canonical,1,83497,-11.767584,-0.007898,29,1682,29,27,1682,32,''
meta-llama/Llama-3.1-8B-Instruct,GSM_059,canonical,2,94064,-11.776101,-0.009996,29,1682,29,27,1682,32,''
meta-llama/Llama-3.1-8B-Instruct,GSM_059,canonical,3,104770,-11.790467,-0.009946,29,1682,29,27,1682,32,''
meta-llama/Llama-3.1-8B-Instruct,GSM_059,canonical,4,112940,-11.817041,-0.015173,29,1682,29,27,1682,32,''
meta-llama/Llama-3.1-8B-Instruct,GSM_059,canonical,5,115361,-11.836714,-0.013587,29,1682,29,27,1682,32,''
meta-llama/Llama-3.1-8B-Instruct,GSM_059,canonical,6,116196,-11.83963,-0.014049,29,1682,29,27,1682,32,''
meta-llama/Llama-3.1-8B-Instruct,GSM_059,canonical,7,79470,-11.783202,0.001075,29,1682,29,27,1682,32,''
meta-llama/Llama-3.1-8B-Instruct,GSM_059,canonical,8,86995,-11.795139,-0.003495,29,1682,29,27,1682,32,''
meta-llama/Llama-3.1-8B-Instruct,GSM_059,canonical,9,79693,-11.788353,-0.002171,29,1682,29,27,1682,32,''
meta-llama/Llama-3.1-8B-Instruct,GSM_059,canonical,10,59299,-11.758354,0.010152,29,1682,29,27,1682,32,''
meta-llama/Llama-3.1-8B-Instruct,GSM_059,canonical,11,47393,-11.738951,0.014925,29,1682,29,27,1682,32,''
meta-llama/Llama-3.1-8B-Instruct,GSM_059,canonical,12,39350,-11.723087,0.014155,29,1682,29,27,1682,32,''
meta-llama/Llama-3.1-8B-Instruct,GSM_059,canonical,13,68683,-11.775721,0.003723,29,1682,29,27,1682,32,''
meta-llama/Llama-3.1-8B-Instruct,GSM_059,canonical,14,76100,-11.792515,-0.001538,29,1682,29,27,1682,32,''
meta-llama/Llama-3.1-8B-Instruct,GSM_059,canonical,15,24985,-11.67686,0.010538,29,1682,29,27,1682,32,''
meta-llama/Llama-3.1-8B-Instruct,GSM_059,canonical,16,13776,-11.623304,0.015296,29,1682,29,27,1682,32,''
meta-llama/Llama-3.1-8B-Instruct,GSM_059,canonical,17,8772,-11.572017,0.01747,29,1682,29,27,1682,32,''
meta-llama/Llama-3.1-8B-Instruct,GSM_059,canonical,18,5556,-11.513862,0.016622,29,1682,29,27,1682,32,''
meta-llama/Llama-3.1-8B-Instruct,GSM_059,canonical,19,9379,-11.521293,0.010166,29,1682,29,27,1682,32,''
meta-llama/Llama-3.1-8B-Instruct,GSM_059,canonical,20,12958,-11.550737,0.007806,29,1682,29,27,1682,32,''
meta-llama/Llama-3.1-8B-Instruct,GSM_059,canonical,21,13927,-11.519688,0.004813,29,1682,29,27,1682,32,''
meta-llama/Llama-3.1-8B-Instruct,GSM_059,canonical,22,10608,-11.444292,0.006468,29,1682,29,27,1682,32,''
meta-llama/Llama-3.1-8B-Instruct,GSM_059,canonical,23,5507,-11.299897,0.012061,29,1682,29,27,1682,32,''
meta-llama/Llama-3.1-8B-Instruct,GSM_059,canonical,24,3224,-11.128416,0.01665,29,1682,29,27,1682,32,''
meta-llama/Llama-3.1-8B-Instruct,GSM_059,canonical,25,4644,-11.184999,0.012296,29,1682,29,27,1682,32,''
meta-llama/Llama-3.1-8B-Instruct,GSM_059,canonical,26,2150,-10.92968,0.019778,29,1682,29,27,1682,32,''
meta-llama/Llama-3.1-8B-Instruct,GSM_059,canonical,27,956,-10.742726,0.028275,29,1682,29,27,1682,32,''
meta-llama/Llama-3.1-8B-Instruct,GSM_059,canonical,28,310,-10.292189,0.040912,29,1682,29,27,1682,32,''
meta-llama/Llama-3.1-8B-Instruct,GSM_059,canonical,29,664,-10.343815,0.034618,29,1682,29,27,1682,32,''
meta-llama/Llama-3.1-8B-Instruct,GSM_059,canonical,30,526,-9.942038,0.043117,29,1682,29,27,1682,32,''
meta-llama/Llama-3.1-8B-Instruct,GSM_059,canonical,31,104,-10.238838,0.112171,29,1682,29,27,1682,32,''
meta-llama/Llama-3.1-8B-Instruct,GSM_059,W3,0,56159,-11.760096,0.002195,29,1682,29,27,1682,32,''
meta-llama/Llama-3.1-8B-Instruct,GSM_059,W3,1,82963,-11.767368,-0.007948,29,1682,29,27,1682,32,''
meta-llama/Llama-3.1-8B-Instruct,GSM_059,W3,2,91530,-11.774773,-0.009024,29,1682,29,27,1682,32,''
meta-llama/Llama-3.1-8B-Instruct,GSM_059,W3,3,100129,-11.786434,-0.007786,29,1682,29,27,1682,32,''
meta-llama/Llama-3.1-8B-Instruct,GSM_059,W3,4,113354,-11.817688,-0.015521,29,1682,29,27,1682,32,''
meta-llama/Llama-3.1-8B-Instruct,GSM_059,W3,5,116229,-11.838657,-0.014323,29,1682,29,27,1682,32,''
meta-llama/Llama-3.1-8B-Instruct,GSM_059,W3,6,116364,-11.840121,-0.014458,29,1682,29,27,1682,32,''
meta-llama/Llama-3.1-8B-Instruct,GSM_059,W3,7,74542,-11.77718,0.002466,29,1682,29,27,1682,32,''
meta-llama/Llama-3.1-8B-Instruct,GSM_059,W3,8,86322,-11.794438,-0.003583,29,1682,29,27,1682,32,''
meta-llama/Llama-3.1-8B-Instruct,GSM_059,W3,9,80472,-11.789506,-0.002389,29,1682,29,27,1682,32,''
meta-llama/Llama-3.1-8B-Instruct,GSM_059,W3,10,60239,-11.759895,0.009501,29,1682,29,27,1682,32,''
meta-llama/Llama-3.1-8B-Instruct,GSM_059,W3,11,50042,-11.743371,0.013112,29,1682,29,27,1682,32,''
meta-llama/Llama-3.1-8B-Instruct,GSM_059,W3,12,33775,-11.713215,0.015384,29,1682,29,27,1682,32,''
meta-llama/Llama-3.1-8B-Instruct,GSM_059,W3,13,64221,-11.76749,0.005357,29,1682,29,27,1682,32,''
meta-llama/Llama-3.1-8B-Instruct,GSM_059,W3,14,77472,-11.795502,-0.001809,29,1682,29,27,1682,32,''
meta-llama/Llama-3.1-8B-Instruct,GSM_059,W3,15,28851,-11.688489,0.009743,29,1682,29,27,1682,32,''
meta-llama/Llama-3.1-8B-Instruct,GSM_059,W3,16,16870,-11.638841,0.01408,29,1682,29,27,1682,32,''
meta-llama/Llama-3.1-8B-Instruct,GSM_059,W3,17,13984,-11.608764,0.014105,29,1682,29,27,1682,32,''
meta-llama/Llama-3.1-8B-Instruct,GSM_059,W3,18,8551,-11.551454,0.013682,29,1682,29,27,1682,32,''
meta-llama/Llama-3.1-8B-Instruct,GSM_059,W3,19,11918,-11.549454,0.008195,29,1682,29,27,1682,32,''
meta-llama/Llama-3.1-8B-Instruct,GSM_059,W3,20,16804,-11.582038,0.005388,29,1682,29,27,1682,32,''
meta-llama/Llama-3.1-8B-Instruct,GSM_059,W3,21,16666,-11.544689,0.002809,29,1682,29,27,1682,32,''
meta-llama/Llama-3.1-8B-Instruct,GSM_059,W3,22,9828,-11.438979,0.006967,29,1682,29,27,1682,32,''
meta-llama/Llama-3.1-8B-Instruct,GSM_059,W3,23,5187,-11.297105,0.012472,29,1682,29,27,1682,32,''
meta-llama/Llama-3.1-8B-Instruct,GSM_059,W3,24,2289,-11.079364,0.020106,29,1682,29,27,1682,32,''
meta-llama/Llama-3.1-8B-Instruct,GSM_059,W3,25,3126,-11.121428,0.016351,29,1682,29,27,1682,32,''
meta-llama/Llama-3.1-8B-Instruct,GSM_059,W3,26,1672,-10.882473,0.022571,29,1682,29,27,1682,32,''
meta-llama/Llama-3.1-8B-Instruct,GSM_059,W3,27,482,-10.599892,0.034807,29,1682,29,27,1682,32,''
meta-llama/Llama-3.1-8B-Instruct,GSM_059,W3,28,219,-10.142299,0.045775,29,1682,29,27,1682,32,''
meta-llama/Llama-3.1-8B-Instruct,GSM_059,W3,29,417,-10.170321,0.039729,29,1682,29,27,1682,32,''
meta-llama/Llama-3.1-8B-Instruct,GSM_059,W3,30,445,-9.830343,0.044623,29,1682,29,27,1682,32,''
meta-llama/Llama-3.1-8B-Instruct,GSM_059,W3,31,94,-9.381832,0.117272,29,1682,29,27,1682,32,''
meta-llama/Llama-3.1-8B-Instruct,GSM_060,canonical,0,63629,-11.761672,-0.000373,46,2790,46,6,2790,32,''
meta-llama/Llama-3.1-8B-Instruct,GSM_060,canonical,1,93461,-11.770672,-0.011472,46,2790,46,6,2790,32,''
meta-llama/Llama-3.1-8B-Instruct,GSM_060,canonical,2,100811,-11.779708,-0.013338,46,2790,46,6,2790,32,''
meta-llama/Llama-3.1-8B-Instruct,GSM_060,canonical,3,86900,-11.776425,-0.003207,46,2790,46,6,2790,32,''
meta-llama/Llama-3.1-8B-Instruct,GSM_060,canonical,4,87440,-11.784131,-0.003473,46,2790,46,6,2790,32,''
meta-llama/Llama-3.1-8B-Instruct,GSM_060,canonical,5,113774,-11.834513,-0.011872,46,2790,46,6,2790,32,''
meta-llama/Llama-3.1-8B-Instruct,GSM_060,canonical,6,124291,-11.872274,-0.023753,46,2790,46,6,2790,32,''
meta-llama/Llama-3.1-8B-Instruct,GSM_060,canonical,7,122582,-11.872485,-0.023019,46,2790,46,6,2790,32,''
meta-llama/Llama-3.1-8B-Instruct,GSM_060,canonical,8,116505,-11.855326,-0.01775,46,2790,46,6,2790,32,''
meta-llama/Llama-3.1-8B-Instruct,GSM_060,canonical,9,94230,-11.81214,-0.00733,46,2790,46,6,2790,32,''
meta-llama/Llama-3.1-8B-Instruct,GSM_060,canonical,10,91025,-11.811099,-0.000872,46,2790,46,6,2790,32,''
meta-llama/Llama-3.1-8B-Instruct,GSM_060,canonical,11,120987,-11.893051,-0.018857,46,2790,46,6,2790,32,''
meta-llama/Llama-3.1-8B-Instruct,GSM_060,canonical,12,88880,-11.810035,-0.003024,46,2790,46,6,2790,32,''
meta-llama/Llama-3.1-8B-Instruct,GSM_060,canonical,13,60854,-11.760699,0.004718,46,2790,46,6,2790,32,''
meta-llama/Llama-3.1-8B-Instruct,GSM_060,canonical,14,92812,-11.826953,-0.009018,46,2790,46,6,2790,32,''
meta-llama/Llama-3.1-8B-Instruct,GSM_060,canonical,15,37678,-11.709703,0.003241,46,2790,46,6,2790,32,''
meta-llama/Llama-3.1-8B-Instruct,GSM_060,canonical,16,42044,-11.715867,-0.001838,46,2790,46,6,2790,32,''
meta-llama/Llama-3.1-8B-Instruct,GSM_060,canonical,17,24299,-11.652009,0.003024,46,2790,46,6,2790,32,''
meta-llama/Llama-3.1-8B-Instruct,GSM_060,canonical,18,10522,-11.55847,0.008542,46,2790,46,6,2790,32,''
meta-llama/Llama-3.1-8B-Instruct,GSM_060,canonical,19,8444,-11.509561,0.009322,46,2790,46,6,2790,32,''
meta-llama/Llama-3.1-8B-Instruct,GSM_060,canonical,20,4630,-11.444791,0.015068,46,2790,46,6,2790,32,''
meta-llama/Llama-3.1-8B-Instruct,GSM_060,canonical,21,11614,-11.480764,0.004516,46,2790,46,6,2790,32,''
meta-llama/Llama-3.1-8B-Instruct,GSM_060,canonical,22,6403,-11.362055,0.010704,46,2790,46,6,2790,32,''
meta-llama/Llama-3.1-8B-Instruct,GSM_060,canonical,23,5399,-11.27027,0.01171,46,2790,46,6,2790,32,''
meta-llama/Llama-3.1-8B-Instruct,GSM_060,canonical,24,5752,-11.199952,0.010523,46,2790,46,6,2790,32,''
meta-llama/Llama-3.1-8B-Instruct,GSM_060,canonical,25,5135,-11.168676,0.010783,46,2790,46,6,2790,32,''
meta-llama/Llama-3.1-8B-Instruct,GSM_060,canonical,26,3691,-11.021225,0.014619,46,2790,46,6,2790,32,''
meta-llama/Llama-3.1-8B-Instruct,GSM_060,canonical,27,2872,-10.934387,0.017283,46,2790,46,6,2790,32,''
meta-llama/Llama-3.1-8B-Instruct,GSM_060,canonical,28,1091,-10.525387,0.028824,46,2790,46,6,2790,32,''
meta-llama/Llama-3.1-8B-Instruct,GSM_060,canonical,29,819,-10.477365,0.032306,46,2790,46,6,2790,32,''
meta-llama/Llama-3.1-8B-Instruct,GSM_060,canonical,30,196,-9.66334,0.052976,46,2790,46,6,2790,32,''
meta-llama/Llama-3.1-8B-Instruct,GSM_060,canonical,31,78,-7.735653,0.118366,46,2790,46,6,2790,32,''
meta-llama/Llama-3.1-8B-Instruct,GSM_060,W3,0,63878,-11.761731,2.8e-05,46,2790,46,6,2790,32,''
meta-llama/Llama-3.1-8B-Instruct,GSM_060,W3,1,92861,-11.770464,-0.011105,46,2790,46,6,2790,32,''
meta-llama/Llama-3.1-8B-Instruct,GSM_060,W3,2,100271,-11.779356,-0.012922,46,2790,46,6,2790,32,''
meta-llama/Llama-3.1-8B-Instruct,GSM_060,W3,3,84589,-11.774961,-0.002256,46,2790,46,6,2790,32,''
meta-llama/Llama-3.1-8B-Instruct,GSM_060,W3,4,84745,-11.781407,-0.002257,46,2790,46,6,2790,32,''
meta-llama/Llama-3.1-8B-Instruct,GSM_060,W3,5,113787,-11.834803,-0.011734,46,2790,46,6,2790,32,''
meta-llama/Llama-3.1-8B-Instruct,GSM_060,W3,6,125055,-11.878145,-0.025227,46,2790,46,6,2790,32,''
meta-llama/Llama-3.1-8B-Instruct,GSM_060,W3,7,122481,-11.871964,-0.022894,46,2790,46,6,2790,32,''
meta-llama/Llama-3.1-8B-Instruct,GSM_060,W3,8,116765,-11.856265,-0.018102,46,2790,46,6,2790,32,''
meta-llama/Llama-3.1-8B-Instruct,GSM_060,W3,9,92427,-11.808819,-0.007029,46,2790,46,6,2790,32,''
meta-llama/Llama-3.1-8B-Instruct,GSM_060,W3,10,90662,-11.809873,-0.001254,46,2790,46,6,2790,32,''
meta-llama/Llama-3.1-8B-Instruct,GSM_060,W3,11,121091,-11.891696,-0.019539,46,2790,46,6,2790,32,''
meta-llama/Llama-3.1-8B-Instruct,GSM_060,W3,12,89287,-11.810851,-0.003121,46,2790,46,6,2790,32,''
meta-llama/Llama-3.1-8B-Instruct,GSM_060,W3,13,58131,-11.755798,0.005909,46,2790,46,6,2790,32,''
meta-llama/Llama-3.1-8B-Instruct,GSM_060,W3,14,89970,-11.820731,-0.007412,46,2790,46,6,2790,32,''
meta-llama/Llama-3.1-8B-Instruct,GSM_060,W3,15,39645,-11.715051,0.003572,46,2790,46,6,2790,32,''
meta-llama/Llama-3.1-8B-Instruct,GSM_060,W3,16,37815,-11.705441,0.000632,46,2790,46,6,2790,32,''
meta-llama/Llama-3.1-8B-Instruct,GSM_060,W3,17,21302,-11.643141,0.005296,46,2790,46,6,2790,32,''
meta-llama/Llama-3.1-8B-Instruct,GSM_060,W3,18,10796,-11.563663,0.009078,46,2790,46,6,2790,32,''
meta-llama/Llama-3.1-8B-Instruct,GSM_060,W3,19,8770,-11.517251,0.009632,46,2790,46,6,2790,32,''
meta-llama/Llama-3.1-8B-Instruct,GSM_060,W3,20,4804,-11.452751,0.015551,46,2790,46,6,2790,32,''
meta-llama/Llama-3.1-8B-Instruct,GSM_060,W3,21,11839,-11.488691,0.005054,46,2790,46,6,2790,32,''
meta-llama/Llama-3.1-8B-Instruct,GSM_060,W3,22,7424,-11.389381,0.009884,46,2790,46,6,2790,32,''
meta-llama/Llama-3.1-8B-Instruct,GSM_060,W3,23,6571,-11.31024,0.010067,46,2790,46,6,2790,32,''
meta-llama/Llama-3.1-8B-Instruct,GSM_060,W3,24,6631,-11.236786,0.009272,46,2790,46,6,2790,32,''
meta-llama/Llama-3.1-8B-Instruct,GSM_060,W3,25,5260,-11.187594,0.010971,46,2790,46,6,2790,32,''
meta-llama/Llama-3.1-8B-Instruct,GSM_060,W3,26,4300,-11.066628,0.013179,46,2790,46,6,2790,32,''
meta-llama/Llama-3.1-8B-Instruct,GSM_060,W3,27,4052,-11.011138,0.013478,46,2790,46,6,2790,32,''
meta-llama/Llama-3.1-8B-Instruct,GSM_060,W3,28,1741,-10.651168,0.022972,46,2790,46,6,2790,32,''
meta-llama/Llama-3.1-8B-Instruct,GSM_060,W3,29,2361,-10.711161,0.021121,46,2790,46,6,2790,32,''
meta-llama/Llama-3.1-8B-Instruct,GSM_060,W3,30,367,-9.871598,0.044589,46,2790,46,6,2790,32,''
meta-llama/Llama-3.1-8B-Instruct,GSM_060,W3,31,155,-8.938231,0.112479,46,2790,46,6,2790,32,''
meta-llama/Llama-3.1-8B-Instruct,GSM_061,canonical,0,38222,-11.756234,0.007676,420,12819,420,7,12819,32,''
meta-llama/Llama-3.1-8B-Instruct,GSM_061,canonical,1,38755,-11.754454,0.007243,420,12819,420,7,12819,32,''
meta-llama/Llama-3.1-8B-Instruct,GSM_061,canonical,2,13658,-11.734446,0.018495,420,12819,420,7,12819,32,''
meta-llama/Llama-3.1-8B-Instruct,GSM_061,canonical,3,22125,-11.732819,0.019951,420,12819,420,7,12819,32,''
meta-llama/Llama-3.1-8B-Instruct,GSM_061,canonical,4,15113,-11.708925,0.022714,420,12819,420,7,12819,32,''
meta-llama/Llama-3.1-8B-Instruct,GSM_061,canonical,5,24130,-11.712831,0.023215,420,12819,420,7,12819,32,''
meta-llama/Llama-3.1-8B-Instruct,GSM_061,canonical,6,72937,-11.774195,0.005701,420,12819,420,7,12819,32,''
meta-llama/Llama-3.1-8B-Instruct,GSM_061,canonical,7,88270,-11.794639,-0.001922,420,12819,420,7,12819,32,''
meta-llama/Llama-3.1-8B-Instruct,GSM_061,canonical,8,106727,-11.830381,-0.009369,420,12819,420,7,12819,32,''
meta-llama/Llama-3.1-8B-Instruct,GSM_061,canonical,9,79829,-11.789294,-0.001849,420,12819,420,7,12819,32,''
meta-llama/Llama-3.1-8B-Instruct,GSM_061,canonical,10,125935,-11.936983,-0.023203,420,12819,420,7,12819,32,''
meta-llama/Llama-3.1-8B-Instruct,GSM_061,canonical,11,118447,-11.881162,-0.012882,420,12819,420,7,12819,32,''
meta-llama/Llama-3.1-8B-Instruct,GSM_061,canonical,12,110141,-11.858752,-0.010359,420,12819,420,7,12819,32,''
meta-llama/Llama-3.1-8B-Instruct,GSM_061,canonical,13,92018,-11.820267,-0.005118,420,12819,420,7,12819,32,''
meta-llama/Llama-3.1-8B-Instruct,GSM_061,canonical,14,120683,-11.926095,-0.020276,420,12819,420,7,12819,32,''
meta-llama/Llama-3.1-8B-Instruct,GSM_061,canonical,15,96103,-11.839985,-0.010783,420,12819,420,7,12819,32,''
meta-llama/Llama-3.1-8B-Instruct,GSM_061,canonical,16,83980,-11.81585,-0.011102,420,12819,420,7,12819,32,''
meta-llama/Llama-3.1-8B-Instruct,GSM_061,canonical,17,78816,-11.808073,-0.013153,420,12819,420,7,12819,32,''
meta-llama/Llama-3.1-8B-Instruct,GSM_061,canonical,18,20498,-11.621158,0.001062,420,12819,420,7,12819,32,''
meta-llama/Llama-3.1-8B-Instruct,GSM_061,canonical,19,50543,-11.725511,-0.012018,420,12819,420,7,12819,32,''
meta-llama/Llama-3.1-8B-Instruct,GSM_061,canonical,20,33004,-11.657702,-0.005187,420,12819,420,7,12819,32,''
meta-llama/Llama-3.1-8B-Instruct,GSM_061,canonical,21,34335,-11.647818,-0.006552,420,12819,420,7,12819,32,''
meta-llama/Llama-3.1-8B-Instruct,GSM_061,canonical,22,30314,-11.613821,-0.004997,420,12819,420,7,12819,32,''
meta-llama/Llama-3.1-8B-Instruct,GSM_061,canonical,23,30240,-11.59796,-0.005619,420,12819,420,7,12819,32,''
meta-llama/Llama-3.1-8B-Instruct,GSM_061,canonical,24,44480,-11.673279,-0.013087,420,12819,420,7,12819,32,''
meta-llama/Llama-3.1-8B-Instruct,GSM_061,canonical,25,36104,-11.614006,-0.010176,420,12819,420,7,12819,32,''
meta-llama/Llama-3.1-8B-Instruct,GSM_061,canonical,26,37199,-11.605892,-0.012799,420,12819,420,7,12819,32,''
meta-llama/Llama-3.1-8B-Instruct,GSM_061,canonical,27,40704,-11.63591,-0.013392,420,12819,420,7,12819,32,''
meta-llama/Llama-3.1-8B-Instruct,GSM_061,canonical,28,46699,-11.711666,-0.019535,420,12819,420,7,12819,32,''
meta-llama/Llama-3.1-8B-Instruct,GSM_061,canonical,29,48854,-11.760185,-0.018039,420,12819,420,7,12819,32,''
meta-llama/Llama-3.1-8B-Instruct,GSM_061,canonical,30,19835,-11.267229,-0.00107,420,12819,420,7,12819,32,''
meta-llama/Llama-3.1-8B-Instruct,GSM_061,canonical,31,605,-15.225272,0.063123,420,12819,420,7,12819,32,''
meta-llama/Llama-3.1-8B-Instruct,GSM_061,W3,0,43870,-11.757516,0.006327,420,12819,420,7,12819,32,''
meta-llama/Llama-3.1-8B-Instruct,GSM_061,W3,1,35560,-11.753387,0.00847,420,12819,420,7,12819,32,''
meta-llama/Llama-3.1-8B-Instruct,GSM_061,W3,2,9932,-11.729929,0.02156,420,12819,420,7,12819,32,''
meta-llama/Llama-3.1-8B-Instruct,GSM_061,W3,3,18635,-11.729623,0.021246,420,12819,420,7,12819,32,''
meta-llama/Llama-3.1-8B-Instruct,GSM_061,W3,4,14594,-11.70714,0.022689,420,12819,420,7,12819,32,''
meta-llama/Llama-3.1-8B-Instruct,GSM_061,W3,5,22684,-11.709578,0.023497,420,12819,420,7,12819,32,''
meta-llama/Llama-3.1-8B-Instruct,GSM_061,W3,6,67575,-11.768261,0.007312,420,12819,420,7,12819,32,''
meta-llama/Llama-3.1-8B-Instruct,GSM_061,W3,7,79547,-11.783299,0.000141,420,12819,420,7,12819,32,''
meta-llama/Llama-3.1-8B-Instruct,GSM_061,W3,8,101065,-11.819183,-0.007545,420,12819,420,7,12819,32,''
meta-llama/Llama-3.1-8B-Instruct,GSM_061,W3,9,66880,-11.769918,0.00159,420,12819,420,7,12819,32,''
meta-llama/Llama-3.1-8B-Instruct,GSM_061,W3,10,125474,-11.935383,-0.022162,420,12819,420,7,12819,32,''
meta-llama/Llama-3.1-8B-Instruct,GSM_061,W3,11,114710,-11.867675,-0.010079,420,12819,420,7,12819,32,''
meta-llama/Llama-3.1-8B-Instruct,GSM_061,W3,12,107173,-11.850177,-0.009048,420,12819,420,7,12819,32,''
meta-llama/Llama-3.1-8B-Instruct,GSM_061,W3,13,88265,-11.811831,-0.00449,420,12819,420,7,12819,32,''
meta-llama/Llama-3.1-8B-Instruct,GSM_061,W3,14,118783,-11.914154,-0.018927,420,12819,420,7,12819,32,''
meta-llama/Llama-3.1-8B-Instruct,GSM_061,W3,15,86961,-11.816596,-0.008779,420,12819,420,7,12819,32,''
meta-llama/Llama-3.1-8B-Instruct,GSM_061,W3,16,87670,-11.825286,-0.01234,420,12819,420,7,12819,32,''
meta-llama/Llama-3.1-8B-Instruct,GSM_061,W3,17,99920,-11.873116,-0.019589,420,12819,420,7,12819,32,''
meta-llama/Llama-3.1-8B-Instruct,GSM_061,W3,18,35747,-11.682909,-0.004276,420,12819,420,7,12819,32,''
meta-llama/Llama-3.1-8B-Instruct,GSM_061,W3,19,58930,-11.754241,-0.01399,420,12819,420,7,12819,32,''
meta-llama/Llama-3.1-8B-Instruct,GSM_061,W3,20,31313,-11.650197,-0.004271,420,12819,420,7,12819,32,''
meta-llama/Llama-3.1-8B-Instruct,GSM_061,W3,21,25395,-11.597181,-0.003071,420,12819,420,7,12819,32,''
meta-llama/Llama-3.1-8B-Instruct,GSM_061,W3,22,24658,-11.576244,-0.003028,420,12819,420,7,12819,32,''
meta-llama/Llama-3.1-8B-Instruct,GSM_061,W3,23,28173,-11.579538,-0.005552,420,12819,420,7,12819,32,''
meta-llama/Llama-3.1-8B-Instruct,GSM_061,W3,24,47068,-11.68557,-0.014909,420,12819,420,7,12819,32,''
meta-llama/Llama-3.1-8B-Instruct,GSM_061,W3,25,43844,-11.6688,-0.013277,420,12819,420,7,12819,32,''
meta-llama/Llama-3.1-8B-Instruct,GSM_061,W3,26,40210,-11.632091,-0.01363,420,12819,420,7,12819,32,''
meta-llama/Llama-3.1-8B-Instruct,GSM_061,W3,27,46600,-11.693233,-0.014808,420,12819,420,7,12819,32,''
meta-llama/Llama-3.1-8B-Instruct,GSM_061,W3,28,39992,-11.628252,-0.015685,420,12819,420,7,12819,32,''
meta-llama/Llama-3.1-8B-Instruct,GSM_061,W3,29,40156,-11.640841,-0.013643,420,12819,420,7,12819,32,''
meta-llama/Llama-3.1-8B-Instruct,GSM_061,W3,30,24380,-11.372303,-0.003491,420,12819,420,7,12819,32,''
meta-llama/Llama-3.1-8B-Instruct,GSM_061,W3,31,1161,-16.865894,0.051312,420,12819,420,7,12819,32,''
meta-llama/Llama-3.1-8B-Instruct,GSM_062,canonical,0,27287,-11.753271,0.011568,112000,7261,112,12,7261,32,''
meta-llama/Llama-3.1-8B-Instruct,GSM_062,canonical,1,36901,-11.753736,0.007666,112000,7261,112,12,7261,32,''
meta-llama/Llama-3.1-8B-Instruct,GSM_062,canonical,2,60083,-11.760287,0.001504,112000,7261,112,12,7261,32,''
meta-llama/Llama-3.1-8B-Instruct,GSM_062,canonical,3,94921,-11.782194,-0.004878,112000,7261,112,12,7261,32,''
meta-llama/Llama-3.1-8B-Instruct,GSM_062,canonical,4,69772,-11.767902,0.003041,112000,7261,112,12,7261,32,''
meta-llama/Llama-3.1-8B-Instruct,GSM_062,canonical,5,76068,-11.777812,0.005363,112000,7261,112,12,7261,32,''
meta-llama/Llama-3.1-8B-Instruct,GSM_062,canonical,6,26547,-11.715973,0.02193,112000,7261,112,12,7261,32,''
meta-llama/Llama-3.1-8B-Instruct,GSM_062,canonical,7,10903,-11.673866,0.027778,112000,7261,112,12,7261,32,''
meta-llama/Llama-3.1-8B-Instruct,GSM_062,canonical,8,14866,-11.681578,0.022348,112000,7261,112,12,7261,32,''
meta-llama/Llama-3.1-8B-Instruct,GSM_062,canonical,9,13974,-11.671522,0.021029,112000,7261,112,12,7261,32,''
meta-llama/Llama-3.1-8B-Instruct,GSM_062,canonical,10,26026,-11.698349,0.019829,112000,7261,112,12,7261,32,''
meta-llama/Llama-3.1-8B-Instruct,GSM_062,canonical,11,2207,-11.585754,0.041548,112000,7261,112,12,7261,32,''
meta-llama/Llama-3.1-8B-Instruct,GSM_062,canonical,12,46097,-11.734706,0.010626,112000,7261,112,12,7261,32,''
meta-llama/Llama-3.1-8B-Instruct,GSM_062,canonical,13,24421,-11.686559,0.015769,112000,7261,112,12,7261,32,''
meta-llama/Llama-3.1-8B-Instruct,GSM_062,canonical,14,12541,-11.634352,0.021607,112000,7261,112,12,7261,32,''
meta-llama/Llama-3.1-8B-Instruct,GSM_062,canonical,15,386,-11.45522,0.037794,112000,7261,112,12,7261,32,''
meta-llama/Llama-3.1-8B-Instruct,GSM_062,canonical,16,84,-11.376687,0.041018,112000,7261,112,12,7261,32,''
meta-llama/Llama-3.1-8B-Instruct,GSM_062,canonical,17,44,-11.312626,0.043339,112000,7261,112,12,7261,32,''
meta-llama/Llama-3.1-8B-Instruct,GSM_062,canonical,18,132,-11.296398,0.037218,112000,7261,112,12,7261,32,''
meta-llama/Llama-3.1-8B-Instruct,GSM_062,canonical,19,758,-11.340721,0.026889,112000,7261,112,12,7261,32,''
meta-llama/Llama-3.1-8B-Instruct,GSM_062,canonical,20,684,-11.319188,0.028158,112000,7261,112,12,7261,32,''
meta-llama/Llama-3.1-8B-Instruct,GSM_062,canonical,21,729,-11.246886,0.02777,112000,7261,112,12,7261,32,''
meta-llama/Llama-3.1-8B-Instruct,GSM_062,canonical,22,317,-11.087748,0.032254,112000,7261,112,12,7261,32,''
meta-llama/Llama-3.1-8B-Instruct,GSM_062,canonical,23,337,-10.996538,0.032579,112000,7261,112,12,7261,32,''
meta-llama/Llama-3.1-8B-Instruct,GSM_062,canonical,24,168,-10.752213,0.040035,112000,7261,112,12,7261,32,''
meta-llama/Llama-3.1-8B-Instruct,GSM_062,canonical,25,187,-10.751127,0.036787,112000,7261,112,12,7261,32,''
meta-llama/Llama-3.1-8B-Instruct,GSM_062,canonical,26,110,-10.533904,0.041272,112000,7261,112,12,7261,32,''
meta-llama/Llama-3.1-8B-Instruct,GSM_062,canonical,27,108,-10.389348,0.042202,112000,7261,112,12,7261,32,''
meta-llama/Llama-3.1-8B-Instruct,GSM_062,canonical,28,119,-10.074818,0.043694,112000,7261,112,12,7261,32,''
meta-llama/Llama-3.1-8B-Instruct,GSM_062,canonical,29,179,-10.187727,0.039331,112000,7261,112,12,7261,32,''
meta-llama/Llama-3.1-8B-Instruct,GSM_062,canonical,30,133,-9.656375,0.048753,112000,7261,112,12,7261,32,''
meta-llama/Llama-3.1-8B-Instruct,GSM_062,canonical,31,127,-8.153026,0.092006,112000,7261,112,12,7261,32,''
meta-llama/Llama-3.1-8B-Instruct,GSM_062,W3,0,32155,-11.754607,0.010028,112000,7261,112,12,7261,32,''
meta-llama/Llama-3.1-8B-Instruct,GSM_062,W3,1,42754,-11.755556,0.006139,112000,7261,112,12,7261,32,''
meta-llama/Llama-3.1-8B-Instruct,GSM_062,W3,2,68746,-11.764095,-0.000628,112000,7261,112,12,7261,32,''
meta-llama/Llama-3.1-8B-Instruct,GSM_062,W3,3,100583,-11.786796,-0.006812,112000,7261,112,12,7261,32,''
meta-llama/Llama-3.1-8B-Instruct,GSM_062,W3,4,69590,-11.767709,0.002965,112000,7261,112,12,7261,32,''
meta-llama/Llama-3.1-8B-Instruct,GSM_062,W3,5,72559,-11.773681,0.00647,112000,7261,112,12,7261,32,''
meta-llama/Llama-3.1-8B-Instruct,GSM_062,W3,6,25960,-11.715255,0.021768,112000,7261,112,12,7261,32,''
meta-llama/Llama-3.1-8B-Instruct,GSM_062,W3,7,9840,-11.670516,0.028246,112000,7261,112,12,7261,32,''
meta-llama/Llama-3.1-8B-Instruct,GSM_062,W3,8,12236,-11.674391,0.023744,112000,7261,112,12,7261,32,''
meta-llama/Llama-3.1-8B-Instruct,GSM_062,W3,9,9601,-11.656157,0.023457,112000,7261,112,12,7261,32,''
meta-llama/Llama-3.1-8B-Instruct,GSM_062,W3,10,22335,-11.689687,0.021418,112000,7261,112,12,7261,32,''
meta-llama/Llama-3.1-8B-Instruct,GSM_062,W3,11,2367,-11.587925,0.041092,112000,7261,112,12,7261,32,''
meta-llama/Llama-3.1-8B-Instruct,GSM_062,W3,12,50164,-11.742049,0.009762,112000,7261,112,12,7261,32,''
meta-llama/Llama-3.1-8B-Instruct,GSM_062,W3,13,23276,-11.682513,0.016828,112000,7261,112,12,7261,32,''
meta-llama/Llama-3.1-8B-Instruct,GSM_062,W3,14,7656,-11.605395,0.02543,112000,7261,112,12,7261,32,''
meta-llama/Llama-3.1-8B-Instruct,GSM_062,W3,15,185,-11.427959,0.041508,112000,7261,112,12,7261,32,''
meta-llama/Llama-3.1-8B-Instruct,GSM_062,W3,16,78,-11.37064,0.042002,112000,7261,112,12,7261,32,''
meta-llama/Llama-3.1-8B-Instruct,GSM_062,W3,17,64,-11.32583,0.043234,112000,7261,112,12,7261,32,''
meta-llama/Llama-3.1-8B-Instruct,GSM_062,W3,18,198,-11.320955,0.035228,112000,7261,112,12,7261,32,''
meta-llama/Llama-3.1-8B-Instruct,GSM_062,W3,19,1099,-11.36871,0.024712,112000,7261,112,12,7261,32,''
meta-llama/Llama-3.1-8B-Instruct,GSM_062,W3,20,799,-11.331909,0.027442,112000,7261,112,12,7261,32,''
meta-llama/Llama-3.1-8B-Instruct,GSM_062,W3,21,614,-11.234943,0.028875,112000,7261,112,12,7261,32,''
meta-llama/Llama-3.1-8B-Instruct,GSM_062,W3,22,611,-11.152526,0.028577,112000,7261,112,12,7261,32,''
meta-llama/Llama-3.1-8B-Instruct,GSM_062,W3,23,615,-11.07512,0.028857,112000,7261,112,12,7261,32,''
meta-llama/Llama-3.1-8B-Instruct,GSM_062,W3,24,377,-10.890108,0.033121,112000,7261,112,12,7261,32,''
meta-llama/Llama-3.1-8B-Instruct,GSM_062,W3,25,464,-10.904847,0.029812,112000,7261,112,12,7261,32,''
meta-llama/Llama-3.1-8B-Instruct,GSM_062,W3,26,280,-10.706415,0.0335,112000,7261,112,12,7261,32,''
meta-llama/Llama-3.1-8B-Instruct,GSM_062,W3,27,147,-10.478484,0.038904,112000,7261,112,12,7261,32,''
meta-llama/Llama-3.1-8B-Instruct,GSM_062,W3,28,208,-10.221682,0.038553,112000,7261,112,12,7261,32,''
meta-llama/Llama-3.1-8B-Instruct,GSM_062,W3,29,300,-10.353613,0.034305,112000,7261,112,12,7261,32,''
meta-llama/Llama-3.1-8B-Instruct,GSM_062,W3,30,169,-9.741015,0.045404,112000,7261,112,12,7261,32,''
meta-llama/Llama-3.1-8B-Instruct,GSM_062,W3,31,132,-9.193504,0.087115,112000,7261,112,12,7261,32,''
meta-llama/Llama-3.1-8B-Instruct,GSM_063,canonical,0,3508,-11.740699,0.028589,16200,10674,162,6,10674,32,''
meta-llama/Llama-3.1-8B-Instruct,GSM_063,canonical,1,5593,-11.736568,0.024532,16200,10674,162,6,10674,32,''
meta-llama/Llama-3.1-8B-Instruct,GSM_063,canonical,2,8742,-11.727865,0.022148,16200,10674,162,6,10674,32,''
meta-llama/Llama-3.1-8B-Instruct,GSM_063,canonical,3,48222,-11.752736,0.009603,16200,10674,162,6,10674,32,''
meta-llama/Llama-3.1-8B-Instruct,GSM_063,canonical,4,17864,-11.713112,0.020618,16200,10674,162,6,10674,32,''
meta-llama/Llama-3.1-8B-Instruct,GSM_063,canonical,5,12096,-11.685028,0.02942,16200,10674,162,6,10674,32,''
meta-llama/Llama-3.1-8B-Instruct,GSM_063,canonical,6,55287,-11.754197,0.011002,16200,10674,162,6,10674,32,''
meta-llama/Llama-3.1-8B-Instruct,GSM_063,canonical,7,27481,-11.714713,0.016745,16200,10674,162,6,10674,32,''
meta-llama/Llama-3.1-8B-Instruct,GSM_063,canonical,8,68601,-11.770585,0.002947,16200,10674,162,6,10674,32,''
meta-llama/Llama-3.1-8B-Instruct,GSM_063,canonical,9,66459,-11.769111,0.001823,16200,10674,162,6,10674,32,''
meta-llama/Llama-3.1-8B-Instruct,GSM_063,canonical,10,114347,-11.864935,-0.010601,16200,10674,162,6,10674,32,''
meta-llama/Llama-3.1-8B-Instruct,GSM_063,canonical,11,96103,-11.817992,-0.003365,16200,10674,162,6,10674,32,''
meta-llama/Llama-3.1-8B-Instruct,GSM_063,canonical,12,58851,-11.757087,0.005963,16200,10674,162,6,10674,32,''
meta-llama/Llama-3.1-8B-Instruct,GSM_063,canonical,13,2360,-11.564377,0.033499,16200,10674,162,6,10674,32,''
meta-llama/Llama-3.1-8B-Instruct,GSM_063,canonical,14,68164,-11.776134,0.00054,16200,10674,162,6,10674,32,''
meta-llama/Llama-3.1-8B-Instruct,GSM_063,canonical,15,73604,-11.786977,-0.005267,16200,10674,162,6,10674,32,''
meta-llama/Llama-3.1-8B-Instruct,GSM_063,canonical,16,49775,-11.73555,-0.002381,16200,10674,162,6,10674,32,''
meta-llama/Llama-3.1-8B-Instruct,GSM_063,canonical,17,6851,-11.556732,0.014867,16200,10674,162,6,10674,32,''
meta-llama/Llama-3.1-8B-Instruct,GSM_063,canonical,18,38909,-11.692614,-0.005399,16200,10674,162,6,10674,32,''
meta-llama/Llama-3.1-8B-Instruct,GSM_063,canonical,19,27517,-11.63274,-0.002619,16200,10674,162,6,10674,32,''
meta-llama/Llama-3.1-8B-Instruct,GSM_063,canonical,20,14595,-11.55649,0.005023,16200,10674,162,6,10674,32,''
meta-llama/Llama-3.1-8B-Instruct,GSM_063,canonical,21,11925,-11.497515,0.006029,16200,10674,162,6,10674,32,''
meta-llama/Llama-3.1-8B-Instruct,GSM_063,canonical,22,5962,-11.376338,0.01089,16200,10674,162,6,10674,32,''
meta-llama/Llama-3.1-8B-Instruct,GSM_063,canonical,23,3758,-11.26295,0.014317,16200,10674,162,6,10674,32,''
meta-llama/Llama-3.1-8B-Instruct,GSM_063,canonical,24,6779,-11.272846,0.009192,16200,10674,162,6,10674,32,''
meta-llama/Llama-3.1-8B-Instruct,GSM_063,canonical,25,6745,-11.266882,0.008631,16200,10674,162,6,10674,32,''
meta-llama/Llama-3.1-8B-Instruct,GSM_063,canonical,26,7022,-11.200561,0.007969,16200,10674,162,6,10674,32,''
meta-llama/Llama-3.1-8B-Instruct,GSM_063,canonical,27,25256,-11.47492,-0.005393,16200,10674,162,6,10674,32,''
meta-llama/Llama-3.1-8B-Instruct,GSM_063,canonical,28,2687,-10.798065,0.015886,16200,10674,162,6,10674,32,''
meta-llama/Llama-3.1-8B-Instruct,GSM_063,canonical,29,1532,-10.616245,0.021769,16200,10674,162,6,10674,32,''
meta-llama/Llama-3.1-8B-Instruct,GSM_063,canonical,30,644,-10.087897,0.032771,16200,10674,162,6,10674,32,''
meta-llama/Llama-3.1-8B-Instruct,GSM_063,canonical,31,240,-10.223586,0.073507,16200,10674,162,6,10674,32,''
meta-llama/Llama-3.1-8B-Instruct,GSM_063,W3,0,3322,-11.740343,0.028909,16200,10674,162,6,10674,32,''
meta-llama/Llama-3.1-8B-Instruct,GSM_063,W3,1,4585,-11.735191,0.025842,16200,10674,162,6,10674,32,''
meta-llama/Llama-3.1-8B-Instruct,GSM_063,W3,2,8403,-11.727514,0.02251,16200,10674,162,6,10674,32,''
meta-llama/Llama-3.1-8B-Instruct,GSM_063,W3,3,51278,-11.754726,0.008391,16200,10674,162,6,10674,32,''
meta-llama/Llama-3.1-8B-Instruct,GSM_063,W3,4,17527,-11.71277,0.020515,16200,10674,162,6,10674,32,''
meta-llama/Llama-3.1-8B-Instruct,GSM_063,W3,5,11862,-11.685041,0.02919,16200,10674,162,6,10674,32,''
meta-llama/Llama-3.1-8B-Instruct,GSM_063,W3,6,52537,-11.750979,0.011732,16200,10674,162,6,10674,32,''
meta-llama/Llama-3.1-8B-Instruct,GSM_063,W3,7,23504,-11.707644,0.018052,16200,10674,162,6,10674,32,''
meta-llama/Llama-3.1-8B-Instruct,GSM_063,W3,8,70968,-11.77388,0.002723,16200,10674,162,6,10674,32,''
meta-llama/Llama-3.1-8B-Instruct,GSM_063,W3,9,68779,-11.772513,0.001581,16200,10674,162,6,10674,32,''
meta-llama/Llama-3.1-8B-Instruct,GSM_063,W3,10,113792,-11.864206,-0.010083,16200,10674,162,6,10674,32,''
meta-llama/Llama-3.1-8B-Instruct,GSM_063,W3,11,94980,-11.816154,-0.002841,16200,10674,162,6,10674,32,''
meta-llama/Llama-3.1-8B-Instruct,GSM_063,W3,12,56954,-11.753734,0.006408,16200,10674,162,6,10674,32,''
meta-llama/Llama-3.1-8B-Instruct,GSM_063,W3,13,2563,-11.566596,0.033085,16200,10674,162,6,10674,32,''
meta-llama/Llama-3.1-8B-Instruct,GSM_063,W3,14,54454,-11.7493,0.004312,16200,10674,162,6,10674,32,''
meta-llama/Llama-3.1-8B-Instruct,GSM_063,W3,15,63601,-11.766214,-0.002658,16200,10674,162,6,10674,32,''
meta-llama/Llama-3.1-8B-Instruct,GSM_063,W3,16,51019,-11.738525,-0.002212,16200,10674,162,6,10674,32,''
meta-llama/Llama-3.1-8B-Instruct,GSM_063,W3,17,6459,-11.555486,0.015274,16200,10674,162,6,10674,32,''
meta-llama/Llama-3.1-8B-Instruct,GSM_063,W3,18,34588,-11.676809,-0.004125,16200,10674,162,6,10674,32,''
meta-llama/Llama-3.1-8B-Instruct,GSM_063,W3,19,26604,-11.629064,-0.002281,16200,10674,162,6,10674,32,''
meta-llama/Llama-3.1-8B-Instruct,GSM_063,W3,20,11142,-11.532964,0.007751,16200,10674,162,6,10674,32,''
meta-llama/Llama-3.1-8B-Instruct,GSM_063,W3,21,12530,-11.508529,0.006067,16200,10674,162,6,10674,32,''
meta-llama/Llama-3.1-8B-Instruct,GSM_063,W3,22,7462,-11.413438,0.009737,16200,10674,162,6,10674,32,''
meta-llama/Llama-3.1-8B-Instruct,GSM_063,W3,23,4866,-11.308559,0.012879,16200,10674,162,6,10674,32,''
meta-llama/Llama-3.1-8B-Instruct,GSM_063,W3,24,8067,-11.311404,0.008155,16200,10674,162,6,10674,32,''
meta-llama/Llama-3.1-8B-Instruct,GSM_063,W3,25,6647,-11.280931,0.009285,16200,10674,162,6,10674,32,''
meta-llama/Llama-3.1-8B-Instruct,GSM_063,W3,26,10277,-11.297423,0.00522,16200,10674,162,6,10674,32,''
meta-llama/Llama-3.1-8B-Instruct,GSM_063,W3,27,26797,-11.50351,-0.005236,16200,10674,162,6,10674,32,''
meta-llama/Llama-3.1-8B-Instruct,GSM_063,W3,28,4021,-10.931806,0.012544,16200,10674,162,6,10674,32,''
meta-llama/Llama-3.1-8B-Instruct,GSM_063,W3,29,2374,-10.762272,0.019102,16200,10674,162,6,10674,32,''
meta-llama/Llama-3.1-8B-Instruct,GSM_063,W3,30,647,-10.168489,0.031625,16200,10674,162,6,10674,32,''
meta-llama/Llama-3.1-8B-Instruct,GSM_063,W3,31,252,-11.201488,0.068752,16200,10674,162,6,10674,32,''
meta-llama/Llama-3.1-8B-Instruct,GSM_064,canonical,0,78340,-11.764784,-0.004373,75,2075,75,32,2075,32,''
meta-llama/Llama-3.1-8B-Instruct,GSM_064,canonical,1,58668,-11.760272,0.001968,75,2075,75,32,2075,32,''
meta-llama/Llama-3.1-8B-Instruct,GSM_064,canonical,2,31356,-11.747112,0.011943,75,2075,75,32,2075,32,''
meta-llama/Llama-3.1-8B-Instruct,GSM_064,canonical,3,97194,-11.784204,-0.004798,75,2075,75,32,2075,32,''
meta-llama/Llama-3.1-8B-Instruct,GSM_064,canonical,4,80536,-11.777833,0.00091,75,2075,75,32,2075,32,''
meta-llama/Llama-3.1-8B-Instruct,GSM_064,canonical,5,114853,-11.837489,-0.011351,75,2075,75,32,2075,32,''
meta-llama/Llama-3.1-8B-Instruct,GSM_064,canonical,6,114895,-11.836909,-0.011757,75,2075,75,32,2075,32,''
meta-llama/Llama-3.1-8B-Instruct,GSM_064,canonical,7,95262,-11.80512,-0.004463,75,2075,75,32,2075,32,''
meta-llama/Llama-3.1-8B-Instruct,GSM_064,canonical,8,99647,-11.816829,-0.006863,75,2075,75,32,2075,32,''
meta-llama/Llama-3.1-8B-Instruct,GSM_064,canonical,9,81419,-11.791351,-0.002716,75,2075,75,32,2075,32,''
meta-llama/Llama-3.1-8B-Instruct,GSM_064,canonical,10,93570,-11.81542,-0.001409,75,2075,75,32,2075,32,''
meta-llama/Llama-3.1-8B-Instruct,GSM_064,canonical,11,94888,-11.818786,-0.000698,75,2075,75,32,2075,32,''
meta-llama/Llama-3.1-8B-Instruct,GSM_064,canonical,12,82491,-11.798409,0.000684,75,2075,75,32,2075,32,''
meta-llama/Llama-3.1-8B-Instruct,GSM_064,canonical,13,68414,-11.774905,0.002419,75,2075,75,32,2075,32,''
meta-llama/Llama-3.1-8B-Instruct,GSM_064,canonical,14,58688,-11.75781,0.003327,75,2075,75,32,2075,32,''
meta-llama/Llama-3.1-8B-Instruct,GSM_064,canonical,15,58266,-11.755027,-0.000625,75,2075,75,32,2075,32,''
meta-llama/Llama-3.1-8B-Instruct,GSM_064,canonical,16,22746,-11.658228,0.008255,75,2075,75,32,2075,32,''
meta-llama/Llama-3.1-8B-Instruct,GSM_064,canonical,17,2193,-11.470239,0.024593,75,2075,75,32,2075,32,''
meta-llama/Llama-3.1-8B-Instruct,GSM_064,canonical,18,1759,-11.410951,0.024639,75,2075,75,32,2075,32,''
meta-llama/Llama-3.1-8B-Instruct,GSM_064,canonical,19,1608,-11.345276,0.023254,75,2075,75,32,2075,32,''
meta-llama/Llama-3.1-8B-Instruct,GSM_064,canonical,20,1270,-11.324868,0.025609,75,2075,75,32,2075,32,''
meta-llama/Llama-3.1-8B-Instruct,GSM_064,canonical,21,2780,-11.273995,0.018037,75,2075,75,32,2075,32,''
meta-llama/Llama-3.1-8B-Instruct,GSM_064,canonical,22,704,-11.005054,0.031197,75,2075,75,32,2075,32,''
meta-llama/Llama-3.1-8B-Instruct,GSM_064,canonical,23,486,-10.832306,0.036526,75,2075,75,32,2075,32,''
meta-llama/Llama-3.1-8B-Instruct,GSM_064,canonical,24,601,-10.73065,0.034858,75,2075,75,32,2075,32,''
meta-llama/Llama-3.1-8B-Instruct,GSM_064,canonical,25,321,-10.620157,0.04021,75,2075,75,32,2075,32,''
meta-llama/Llama-3.1-8B-Instruct,GSM_064,canonical,26,233,-10.343275,0.045476,75,2075,75,32,2075,32,''
meta-llama/Llama-3.1-8B-Instruct,GSM_064,canonical,27,169,-10.252678,0.047436,75,2075,75,32,2075,32,''
meta-llama/Llama-3.1-8B-Instruct,GSM_064,canonical,28,142,-9.870817,0.053129,75,2075,75,32,2075,32,''
meta-llama/Llama-3.1-8B-Instruct,GSM_064,canonical,29,76,-9.480122,0.063834,75,2075,75,32,2075,32,''
meta-llama/Llama-3.1-8B-Instruct,GSM_064,canonical,30,42,-8.592712,0.084517,75,2075,75,32,2075,32,''
meta-llama/Llama-3.1-8B-Instruct,GSM_064,canonical,31,44,-5.987828,0.140126,75,2075,75,32,2075,32,''
meta-llama/Llama-3.1-8B-Instruct,GSM_064,W3,0,81122,-11.765401,-0.004776,75,2075,75,32,2075,32,''
meta-llama/Llama-3.1-8B-Instruct,GSM_064,W3,1,60722,-11.760853,0.001481,75,2075,75,32,2075,32,''
meta-llama/Llama-3.1-8B-Instruct,GSM_064,W3,2,32222,-11.747584,0.011564,75,2075,75,32,2075,32,''
meta-llama/Llama-3.1-8B-Instruct,GSM_064,W3,3,94144,-11.781882,-0.003703,75,2075,75,32,2075,32,''
meta-llama/Llama-3.1-8B-Instruct,GSM_064,W3,4,77941,-11.775354,0.001535,75,2075,75,32,2075,32,''
meta-llama/Llama-3.1-8B-Instruct,GSM_064,W3,5,114307,-11.835887,-0.011059,75,2075,75,32,2075,32,''
meta-llama/Llama-3.1-8B-Instruct,GSM_064,W3,6,114046,-11.83465,-0.011234,75,2075,75,32,2075,32,''
meta-llama/Llama-3.1-8B-Instruct,GSM_064,W3,7,90745,-11.798215,-0.003179,75,2075,75,32,2075,32,''
meta-llama/Llama-3.1-8B-Instruct,GSM_064,W3,8,98994,-11.814988,-0.007122,75,2075,75,32,2075,32,''
meta-llama/Llama-3.1-8B-Instruct,GSM_064,W3,9,77792,-11.785695,-0.001482,75,2075,75,32,2075,32,''
meta-llama/Llama-3.1-8B-Instruct,GSM_064,W3,10,89908,-11.808424,-0.000608,75,2075,75,32,2075,32,''
meta-llama/Llama-3.1-8B-Instruct,GSM_064,W3,11,91335,-11.811305,-0.000535,75,2075,75,32,2075,32,''
meta-llama/Llama-3.1-8B-Instruct,GSM_064,W3,12,81779,-11.796712,0.000175,75,2075,75,32,2075,32,''
meta-llama/Llama-3.1-8B-Instruct,GSM_064,W3,13,81082,-11.797878,-0.002152,75,2075,75,32,2075,32,''
meta-llama/Llama-3.1-8B-Instruct,GSM_064,W3,14,59271,-11.758779,0.002532,75,2075,75,32,2075,32,''
meta-llama/Llama-3.1-8B-Instruct,GSM_064,W3,15,71606,-11.78314,-0.003931,75,2075,75,32,2075,32,''
meta-llama/Llama-3.1-8B-Instruct,GSM_064,W3,16,29267,-11.681688,0.005619,75,2075,75,32,2075,32,''
meta-llama/Llama-3.1-8B-Instruct,GSM_064,W3,17,2632,-11.493806,0.023871,75,2075,75,32,2075,32,''
meta-llama/Llama-3.1-8B-Instruct,GSM_064,W3,18,2553,-11.451317,0.021806,75,2075,75,32,2075,32,''
meta-llama/Llama-3.1-8B-Instruct,GSM_064,W3,19,1261,-11.358388,0.026113,75,2075,75,32,2075,32,''
meta-llama/Llama-3.1-8B-Instruct,GSM_064,W3,20,1665,-11.370158,0.024351,75,2075,75,32,2075,32,''
meta-llama/Llama-3.1-8B-Instruct,GSM_064,W3,21,3350,-11.334764,0.01699,75,2075,75,32,2075,32,''
meta-llama/Llama-3.1-8B-Instruct,GSM_064,W3,22,490,-11.052253,0.033555,75,2075,75,32,2075,32,''
meta-llama/Llama-3.1-8B-Instruct,GSM_064,W3,23,365,-10.905369,0.037477,75,2075,75,32,2075,32,''
meta-llama/Llama-3.1-8B-Instruct,GSM_064,W3,24,603,-10.829147,0.033336,75,2075,75,32,2075,32,''
meta-llama/Llama-3.1-8B-Instruct,GSM_064,W3,25,427,-10.753168,0.035429,75,2075,75,32,2075,32,''
meta-llama/Llama-3.1-8B-Instruct,GSM_064,W3,26,229,-10.465368,0.043009,75,2075,75,32,2075,32,''
meta-llama/Llama-3.1-8B-Instruct,GSM_064,W3,27,116,-10.302442,0.048752,75,2075,75,32,2075,32,''
meta-llama/Llama-3.1-8B-Instruct,GSM_064,W3,28,136,-9.978862,0.050183,75,2075,75,32,2075,32,''
meta-llama/Llama-3.1-8B-Instruct,GSM_064,W3,29,69,-9.686436,0.059042,75,2075,75,32,2075,32,''
meta-llama/Llama-3.1-8B-Instruct,GSM_064,W3,30,60,-8.981215,0.070964,75,2075,75,32,2075,32,''
meta-llama/Llama-3.1-8B-Instruct,GSM_064,W3,31,42,-7.657307,0.124802,75,2075,75,32,2075,32,''
Qwen/Qwen2.5-7B-Instruct,GSM_001,canonical,0,150552,-12.414826,-0.016542,51,20,5,423,20,28,''
Qwen/Qwen2.5-7B-Instruct,GSM_001,canonical,1,151801,-13.079998,-0.038071,51,20,5,423,20,28,''
Qwen/Qwen2.5-7B-Instruct,GSM_001,canonical,2,151841,-13.634135,-0.046603,51,20,5,423,20,28,''
Qwen/Qwen2.5-7B-Instruct,GSM_001,canonical,3,151908,-13.634061,-0.049316,51,20,5,423,20,28,''
Qwen/Qwen2.5-7B-Instruct,GSM_001,canonical,4,151896,-13.823437,-0.047447,51,20,5,423,20,28,''
Qwen/Qwen2.5-7B-Instruct,GSM_001,canonical,5,151881,-15.264066,-0.052748,51,20,5,423,20,28,''
Qwen/Qwen2.5-7B-Instruct,GSM_001,canonical,6,151833,-15.408071,-0.047845,51,20,5,423,20,28,''
Qwen/Qwen2.5-7B-Instruct,GSM_001,canonical,7,151904,-15.971796,-0.061053,51,20,5,423,20,28,''
Qwen/Qwen2.5-7B-Instruct,GSM_001,canonical,8,151915,-15.432158,-0.053862,51,20,5,423,20,28,''
Qwen/Qwen2.5-7B-Instruct,GSM_001,canonical,9,151917,-17.247036,-0.06559,51,20,5,423,20,28,''
Qwen/Qwen2.5-7B-Instruct,GSM_001,canonical,10,151913,-17.574244,-0.063119,51,20,5,423,20,28,''
Qwen/Qwen2.5-7B-Instruct,GSM_001,canonical,11,151897,-17.657944,-0.058324,51,20,5,423,20,28,''
Qwen/Qwen2.5-7B-Instruct,GSM_001,canonical,12,151854,-17.50145,-0.053131,51,20,5,423,20,28,''
Qwen/Qwen2.5-7B-Instruct,GSM_001,canonical,13,151866,-19.272482,-0.055352,51,20,5,423,20,28,''
Qwen/Qwen2.5-7B-Instruct,GSM_001,canonical,14,151897,-22.225237,-0.06259,51,20,5,423,20,28,''
Qwen/Qwen2.5-7B-Instruct,GSM_001,canonical,15,151835,-21.148445,-0.051176,51,20,5,423,20,28,''
Qwen/Qwen2.5-7B-Instruct,GSM_001,canonical,16,151902,-22.214844,-0.060689,51,20,5,423,20,28,''
Qwen/Qwen2.5-7B-Instruct,GSM_001,canonical,17,151834,-21.535912,-0.044314,51,20,5,423,20,28,''
Qwen/Qwen2.5-7B-Instruct,GSM_001,canonical,18,151850,-22.437727,-0.046344,51,20,5,423,20,28,''
Qwen/Qwen2.5-7B-Instruct,GSM_001,canonical,19,151867,-23.998463,-0.046349,51,20,5,423,20,28,''
Qwen/Qwen2.5-7B-Instruct,GSM_001,canonical,20,151923,-27.902143,-0.05663,51,20,5,423,20,28,''
Qwen/Qwen2.5-7B-Instruct,GSM_001,canonical,21,151930,-35.120285,-0.060811,51,20,5,423,20,28,''
Qwen/Qwen2.5-7B-Instruct,GSM_001,canonical,22,151915,-45.212875,-0.065374,51,20,5,423,20,28,''
Qwen/Qwen2.5-7B-Instruct,GSM_001,canonical,23,151927,-64.593361,-0.080441,51,20,5,423,20,28,''
Qwen/Qwen2.5-7B-Instruct,GSM_001,canonical,24,151906,-94.495316,-0.087959,51,20,5,423,20,28,''
Qwen/Qwen2.5-7B-Instruct,GSM_001,canonical,25,151888,-122.265404,-0.085451,51,20,5,423,20,28,''
Qwen/Qwen2.5-7B-Instruct,GSM_001,canonical,26,151851,-162.675369,-0.078964,51,20,5,423,20,28,''
Qwen/Qwen2.5-7B-Instruct,GSM_001,canonical,27,25,-18.637215,0.070845,51,20,5,423,20,28,''
Qwen/Qwen2.5-7B-Instruct,GSM_001,W3,0,150409,-12.401083,-0.015699,51,20,5,423,20,28,''
Qwen/Qwen2.5-7B-Instruct,GSM_001,W3,1,151793,-13.057352,-0.037255,51,20,5,423,20,28,''
Qwen/Qwen2.5-7B-Instruct,GSM_001,W3,2,151840,-13.604733,-0.046652,51,20,5,423,20,28,''
Qwen/Qwen2.5-7B-Instruct,GSM_001,W3,3,151907,-13.608275,-0.048493,51,20,5,423,20,28,''
Qwen/Qwen2.5-7B-Instruct,GSM_001,W3,4,151886,-13.80023,-0.046336,51,20,5,423,20,28,''
Qwen/Qwen2.5-7B-Instruct,GSM_001,W3,5,151884,-15.124062,-0.05208,51,20,5,423,20,28,''
Qwen/Qwen2.5-7B-Instruct,GSM_001,W3,6,151860,-15.513641,-0.049817,51,20,5,423,20,28,''
Qwen/Qwen2.5-7B-Instruct,GSM_001,W3,7,151916,-16.026348,-0.062017,51,20,5,423,20,28,''
Qwen/Qwen2.5-7B-Instruct,GSM_001,W3,8,151920,-15.3911,-0.053567,51,20,5,423,20,28,''
Qwen/Qwen2.5-7B-Instruct,GSM_001,W3,9,151928,-17.099346,-0.066338,51,20,5,423,20,28,''
Qwen/Qwen2.5-7B-Instruct,GSM_001,W3,10,151921,-17.407425,-0.063202,51,20,5,423,20,28,''
Qwen/Qwen2.5-7B-Instruct,GSM_001,W3,11,151910,-17.431707,-0.058241,51,20,5,423,20,28,''
Qwen/Qwen2.5-7B-Instruct,GSM_001,W3,12,151843,-17.204247,-0.049001,51,20,5,423,20,28,''
Qwen/Qwen2.5-7B-Instruct,GSM_001,W3,13,151866,-19.049593,-0.054172,51,20,5,423,20,28,''
Qwen/Qwen2.5-7B-Instruct,GSM_001,W3,14,151893,-22.075357,-0.059451,51,20,5,423,20,28,''
Qwen/Qwen2.5-7B-Instruct,GSM_001,W3,15,151834,-20.761612,-0.049443,51,20,5,423,20,28,''
Qwen/Qwen2.5-7B-Instruct,GSM_001,W3,16,151894,-22.000944,-0.057095,51,20,5,423,20,28,''
Qwen/Qwen2.5-7B-Instruct,GSM_001,W3,17,151835,-21.93771,-0.043326,51,20,5,423,20,28,''
Qwen/Qwen2.5-7B-Instruct,GSM_001,W3,18,151838,-21.755016,-0.043627,51,20,5,423,20,28,''
Qwen/Qwen2.5-7B-Instruct,GSM_001,W3,19,151827,-22.985064,-0.039787,51,20,5,423,20,28,''
Qwen/Qwen2.5-7B-Instruct,GSM_001,W3,20,151903,-27.19412,-0.051623,51,20,5,423,20,28,''
Qwen/Qwen2.5-7B-Instruct,GSM_001,W3,21,151913,-35.527508,-0.059792,51,20,5,423,20,28,''
Qwen/Qwen2.5-7B-Instruct,GSM_001,W3,22,151932,-48.918331,-0.071016,51,20,5,423,20,28,''
Qwen/Qwen2.5-7B-Instruct,GSM_001,W3,23,151937,-67.747726,-0.082402,51,20,5,423,20,28,''
Qwen/Qwen2.5-7B-Instruct,GSM_001,W3,24,151916,-95.332481,-0.088931,51,20,5,423,20,28,''
Qwen/Qwen2.5-7B-Instruct,GSM_001,W3,25,151906,-125.127892,-0.090469,51,20,5,423,20,28,''
Qwen/Qwen2.5-7B-Instruct,GSM_001,W3,26,151868,-166.403564,-0.083718,51,20,5,423,20,28,''
Qwen/Qwen2.5-7B-Instruct,GSM_001,W3,27,32,-19.209465,0.064981,51,20,5,423,20,28,''
Qwen/Qwen2.5-7B-Instruct,GSM_002,canonical,0,151636,-12.510254,-0.027659,30,18,3,387,18,28,''
Qwen/Qwen2.5-7B-Instruct,GSM_002,canonical,1,151967,-13.255306,-0.05396,30,18,3,387,18,28,''
Qwen/Qwen2.5-7B-Instruct,GSM_002,canonical,2,151968,-13.848942,-0.062397,30,18,3,387,18,28,''
Qwen/Qwen2.5-7B-Instruct,GSM_002,canonical,3,151968,-13.800047,-0.05727,30,18,3,387,18,28,''
Qwen/Qwen2.5-7B-Instruct,GSM_002,canonical,4,151955,-13.967123,-0.053511,30,18,3,387,18,28,''
Qwen/Qwen2.5-7B-Instruct,GSM_002,canonical,5,151978,-15.623649,-0.067518,30,18,3,387,18,28,''
Qwen/Qwen2.5-7B-Instruct,GSM_002,canonical,6,151953,-15.845223,-0.06103,30,18,3,387,18,28,''
Qwen/Qwen2.5-7B-Instruct,GSM_002,canonical,7,152000,-16.559666,-0.07938,30,18,3,387,18,28,''
Qwen/Qwen2.5-7B-Instruct,GSM_002,canonical,8,151979,-15.882069,-0.06425,30,18,3,387,18,28,''
Qwen/Qwen2.5-7B-Instruct,GSM_002,canonical,9,152009,-17.735676,-0.083132,30,18,3,387,18,28,''
Qwen/Qwen2.5-7B-Instruct,GSM_002,canonical,10,152010,-18.25198,-0.08194,30,18,3,387,18,28,''
Qwen/Qwen2.5-7B-Instruct,GSM_002,canonical,11,151967,-18.121336,-0.072124,30,18,3,387,18,28,''
Qwen/Qwen2.5-7B-Instruct,GSM_002,canonical,12,151940,-18.021343,-0.066396,30,18,3,387,18,28,''
Qwen/Qwen2.5-7B-Instruct,GSM_002,canonical,13,151944,-20.006317,-0.070583,30,18,3,387,18,28,''
Qwen/Qwen2.5-7B-Instruct,GSM_002,canonical,14,151983,-22.995657,-0.077831,30,18,3,387,18,28,''
Qwen/Qwen2.5-7B-Instruct,GSM_002,canonical,15,151970,-21.914413,-0.069985,30,18,3,387,18,28,''
Qwen/Qwen2.5-7B-Instruct,GSM_002,canonical,16,151987,-22.88578,-0.073573,30,18,3,387,18,28,''
Qwen/Qwen2.5-7B-Instruct,GSM_002,canonical,17,151941,-22.195898,-0.056162,30,18,3,387,18,28,''
Qwen/Qwen2.5-7B-Instruct,GSM_002,canonical,18,151975,-23.07283,-0.064446,30,18,3,387,18,28,''
Qwen/Qwen2.5-7B-Instruct,GSM_002,canonical,19,151954,-24.104828,-0.056435,30,18,3,387,18,28,''
Qwen/Qwen2.5-7B-Instruct,GSM_002,canonical,20,151983,-27.782125,-0.064186,30,18,3,387,18,28,''
Qwen/Qwen2.5-7B-Instruct,GSM_002,canonical,21,151985,-38.400852,-0.075617,30,18,3,387,18,28,''
Qwen/Qwen2.5-7B-Instruct,GSM_002,canonical,22,151971,-48.46817,-0.075595,30,18,3,387,18,28,''
Qwen/Qwen2.5-7B-Instruct,GSM_002,canonical,23,151969,-66.062332,-0.087185,30,18,3,387,18,28,''
Qwen/Qwen2.5-7B-Instruct,GSM_002,canonical,24,151984,-98.253227,-0.105062,30,18,3,387,18,28,''
Qwen/Qwen2.5-7B-Instruct,GSM_002,canonical,25,151948,-133.833405,-0.104197,30,18,3,387,18,28,''
Qwen/Qwen2.5-7B-Instruct,GSM_002,canonical,26,151916,-168.652618,-0.094977,30,18,3,387,18,28,''
Qwen/Qwen2.5-7B-Instruct,GSM_002,canonical,27,12,-13.688446,0.090724,30,18,3,387,18,28,''
Qwen/Qwen2.5-7B-Instruct,GSM_002,W3,0,151621,-12.508399,-0.027276,30,18,3,387,18,28,''
Qwen/Qwen2.5-7B-Instruct,GSM_002,W3,1,151969,-13.301422,-0.055335,30,18,3,387,18,28,''
Qwen/Qwen2.5-7B-Instruct,GSM_002,W3,2,151966,-13.867437,-0.062422,30,18,3,387,18,28,''
Qwen/Qwen2.5-7B-Instruct,GSM_002,W3,3,151962,-13.752789,-0.056003,30,18,3,387,18,28,''
Qwen/Qwen2.5-7B-Instruct,GSM_002,W3,4,151943,-13.925421,-0.051741,30,18,3,387,18,28,''
Qwen/Qwen2.5-7B-Instruct,GSM_002,W3,5,151974,-15.532953,-0.06612,30,18,3,387,18,28,''
Qwen/Qwen2.5-7B-Instruct,GSM_002,W3,6,151952,-15.839518,-0.060425,30,18,3,387,18,28,''
Qwen/Qwen2.5-7B-Instruct,GSM_002,W3,7,152000,-16.536104,-0.079154,30,18,3,387,18,28,''
Qwen/Qwen2.5-7B-Instruct,GSM_002,W3,8,151977,-15.7416,-0.061861,30,18,3,387,18,28,''
Qwen/Qwen2.5-7B-Instruct,GSM_002,W3,9,152009,-17.669241,-0.08104,30,18,3,387,18,28,''
Qwen/Qwen2.5-7B-Instruct,GSM_002,W3,10,152002,-18.08601,-0.078298,30,18,3,387,18,28,''
Qwen/Qwen2.5-7B-Instruct,GSM_002,W3,11,151956,-17.759785,-0.066935,30,18,3,387,18,28,''
Qwen/Qwen2.5-7B-Instruct,GSM_002,W3,12,151929,-17.559734,-0.061381,30,18,3,387,18,28,''
Qwen/Qwen2.5-7B-Instruct,GSM_002,W3,13,151936,-19.454576,-0.066616,30,18,3,387,18,28,''
Qwen/Qwen2.5-7B-Instruct,GSM_002,W3,14,151980,-22.770527,-0.075756,30,18,3,387,18,28,''
Qwen/Qwen2.5-7B-Instruct,GSM_002,W3,15,151975,-21.553764,-0.068965,30,18,3,387,18,28,''
Qwen/Qwen2.5-7B-Instruct,GSM_002,W3,16,151987,-22.815296,-0.071258,30,18,3,387,18,28,''
Qwen/Qwen2.5-7B-Instruct,GSM_002,W3,17,151942,-22.18222,-0.053585,30,18,3,387,18,28,''
Qwen/Qwen2.5-7B-Instruct,GSM_002,W3,18,151970,-22.357538,-0.061515,30,18,3,387,18,28,''
Qwen/Qwen2.5-7B-Instruct,GSM_002,W3,19,151935,-23.064793,-0.04954,30,18,3,387,18,28,''
Qwen/Qwen2.5-7B-Instruct,GSM_002,W3,20,151967,-27.746611,-0.060544,30,18,3,387,18,28,''
Qwen/Qwen2.5-7B-Instruct,GSM_002,W3,21,151977,-37.831738,-0.074379,30,18,3,387,18,28,''
Qwen/Qwen2.5-7B-Instruct,GSM_002,W3,22,151969,-49.887794,-0.076959,30,18,3,387,18,28,''
Qwen/Qwen2.5-7B-Instruct,GSM_002,W3,23,151984,-68.85363,-0.090606,30,18,3,387,18,28,''
Qwen/Qwen2.5-7B-Instruct,GSM_002,W3,24,151985,-98.812737,-0.102583,30,18,3,387,18,28,''
Qwen/Qwen2.5-7B-Instruct,GSM_002,W3,25,151972,-133.917603,-0.109631,30,18,3,387,18,28,''
Qwen/Qwen2.5-7B-Instruct,GSM_002,W3,26,151958,-176.596802,-0.109176,30,18,3,387,18,28,''
Qwen/Qwen2.5-7B-Instruct,GSM_002,W3,27,86,-24.421362,0.052346,30,18,3,387,18,28,''
Qwen/Qwen2.5-7B-Instruct,GSM_003,canonical,0,152008,-12.691736,-0.046511,150,16,1,741,16,28,''
Qwen/Qwen2.5-7B-Instruct,GSM_003,canonical,1,152038,-13.532734,-0.071701,150,16,1,741,16,28,''
Qwen/Qwen2.5-7B-Instruct,GSM_003,canonical,2,152038,-14.234002,-0.081316,150,16,1,741,16,28,''
Qwen/Qwen2.5-7B-Instruct,GSM_003,canonical,3,152045,-14.257565,-0.080858,150,16,1,741,16,28,''
Qwen/Qwen2.5-7B-Instruct,GSM_003,canonical,4,152036,-14.397766,-0.073612,150,16,1,741,16,28,''
Qwen/Qwen2.5-7B-Instruct,GSM_003,canonical,5,152038,-16.220453,-0.086856,150,16,1,741,16,28,''
Qwen/Qwen2.5-7B-Instruct,GSM_003,canonical,6,152029,-16.431932,-0.080952,150,16,1,741,16,28,''
Qwen/Qwen2.5-7B-Instruct,GSM_003,canonical,7,152038,-17.101618,-0.09511,150,16,1,741,16,28,''
Qwen/Qwen2.5-7B-Instruct,GSM_003,canonical,8,152029,-16.360849,-0.079176,150,16,1,741,16,28,''
Qwen/Qwen2.5-7B-Instruct,GSM_003,canonical,9,152041,-18.498116,-0.101405,150,16,1,741,16,28,''
Qwen/Qwen2.5-7B-Instruct,GSM_003,canonical,10,152039,-18.9823,-0.096419,150,16,1,741,16,28,''
Qwen/Qwen2.5-7B-Instruct,GSM_003,canonical,11,152034,-18.945709,-0.09122,150,16,1,741,16,28,''
Qwen/Qwen2.5-7B-Instruct,GSM_003,canonical,12,152026,-18.671978,-0.08245,150,16,1,741,16,28,''
Qwen/Qwen2.5-7B-Instruct,GSM_003,canonical,13,152030,-21.034811,-0.092122,150,16,1,741,16,28,''
Qwen/Qwen2.5-7B-Instruct,GSM_003,canonical,14,152038,-24.423313,-0.101807,150,16,1,741,16,28,''
Qwen/Qwen2.5-7B-Instruct,GSM_003,canonical,15,152031,-22.954609,-0.089507,150,16,1,741,16,28,''
Qwen/Qwen2.5-7B-Instruct,GSM_003,canonical,16,152038,-24.484531,-0.096641,150,16,1,741,16,28,''
Qwen/Qwen2.5-7B-Instruct,GSM_003,canonical,17,152032,-23.861013,-0.07905,150,16,1,741,16,28,''
Qwen/Qwen2.5-7B-Instruct,GSM_003,canonical,18,152014,-24.587303,-0.074909,150,16,1,741,16,28,''
Qwen/Qwen2.5-7B-Instruct,GSM_003,canonical,19,152024,-26.480854,-0.075688,150,16,1,741,16,28,''
Qwen/Qwen2.5-7B-Instruct,GSM_003,canonical,20,152042,-31.719435,-0.092612,150,16,1,741,16,28,''
Qwen/Qwen2.5-7B-Instruct,GSM_003,canonical,21,152043,-42.024197,-0.106207,150,16,1,741,16,28,''
Qwen/Qwen2.5-7B-Instruct,GSM_003,canonical,22,152047,-52.107025,-0.108046,150,16,1,741,16,28,''
Qwen/Qwen2.5-7B-Instruct,GSM_003,canonical,23,152052,-74.180557,-0.133228,150,16,1,741,16,28,''
Qwen/Qwen2.5-7B-Instruct,GSM_003,canonical,24,152050,-104.59671,-0.144839,150,16,1,741,16,28,''
Qwen/Qwen2.5-7B-Instruct,GSM_003,canonical,25,152044,-142.81813,-0.147908,150,16,1,741,16,28,''
Qwen/Qwen2.5-7B-Instruct,GSM_003,canonical,26,152040,-192.046005,-0.145858,150,16,1,741,16,28,''
Qwen/Qwen2.5-7B-Instruct,GSM_003,canonical,27,26,-18.761887,0.065411,150,16,1,741,16,28,''
Qwen/Qwen2.5-7B-Instruct,GSM_003,W3,0,152001,-12.674209,-0.044712,150,16,1,741,16,28,''
Qwen/Qwen2.5-7B-Instruct,GSM_003,W3,1,152038,-13.547735,-0.071456,150,16,1,741,16,28,''
Qwen/Qwen2.5-7B-Instruct,GSM_003,W3,2,152039,-14.250934,-0.082114,150,16,1,741,16,28,''
Qwen/Qwen2.5-7B-Instruct,GSM_003,W3,3,152044,-14.217739,-0.079973,150,16,1,741,16,28,''
Qwen/Qwen2.5-7B-Instruct,GSM_003,W3,4,152036,-14.389409,-0.073642,150,16,1,741,16,28,''
Qwen/Qwen2.5-7B-Instruct,GSM_003,W3,5,152038,-16.087921,-0.086302,150,16,1,741,16,28,''
Qwen/Qwen2.5-7B-Instruct,GSM_003,W3,6,152030,-16.431202,-0.08168,150,16,1,741,16,28,''
Qwen/Qwen2.5-7B-Instruct,GSM_003,W3,7,152037,-17.015692,-0.095518,150,16,1,741,16,28,''
Qwen/Qwen2.5-7B-Instruct,GSM_003,W3,8,152025,-16.088161,-0.075122,150,16,1,741,16,28,''
Qwen/Qwen2.5-7B-Instruct,GSM_003,W3,9,152044,-18.321442,-0.100863,150,16,1,741,16,28,''
Qwen/Qwen2.5-7B-Instruct,GSM_003,W3,10,152040,-18.721111,-0.095641,150,16,1,741,16,28,''
Qwen/Qwen2.5-7B-Instruct,GSM_003,W3,11,152034,-18.656284,-0.089219,150,16,1,741,16,28,''
Qwen/Qwen2.5-7B-Instruct,GSM_003,W3,12,152025,-18.481031,-0.082679,150,16,1,741,16,28,''
Qwen/Qwen2.5-7B-Instruct,GSM_003,W3,13,152031,-20.680075,-0.092585,150,16,1,741,16,28,''
Qwen/Qwen2.5-7B-Instruct,GSM_003,W3,14,152038,-24.361706,-0.103007,150,16,1,741,16,28,''
Qwen/Qwen2.5-7B-Instruct,GSM_003,W3,15,152033,-22.846649,-0.092617,150,16,1,741,16,28,''
Qwen/Qwen2.5-7B-Instruct,GSM_003,W3,16,152041,-24.589817,-0.097541,150,16,1,741,16,28,''
Qwen/Qwen2.5-7B-Instruct,GSM_003,W3,17,152036,-24.044945,-0.078868,150,16,1,741,16,28,''
Qwen/Qwen2.5-7B-Instruct,GSM_003,W3,18,152017,-23.670622,-0.072994,150,16,1,741,16,28,''
Qwen/Qwen2.5-7B-Instruct,GSM_003,W3,19,152021,-25.4603,-0.069007,150,16,1,741,16,28,''
Qwen/Qwen2.5-7B-Instruct,GSM_003,W3,20,152039,-31.257145,-0.087743,150,16,1,741,16,28,''
Qwen/Qwen2.5-7B-Instruct,GSM_003,W3,21,152040,-42.764877,-0.104093,150,16,1,741,16,28,''
Qwen/Qwen2.5-7B-Instruct,GSM_003,W3,22,152044,-54.598373,-0.111802,150,16,1,741,16,28,''
Qwen/Qwen2.5-7B-Instruct,GSM_003,W3,23,152051,-75.921768,-0.138661,150,16,1,741,16,28,''
Qwen/Qwen2.5-7B-Instruct,GSM_003,W3,24,152050,-108.205681,-0.15238,150,16,1,741,16,28,''
Qwen/Qwen2.5-7B-Instruct,GSM_003,W3,25,152045,-145.20668,-0.155946,150,16,1,741,16,28,''
Qwen/Qwen2.5-7B-Instruct,GSM_003,W3,26,152044,-191.87085,-0.157073,150,16,1,741,16,28,''
Qwen/Qwen2.5-7B-Instruct,GSM_003,W3,27,161,-25.599905,0.041932,150,16,1,741,16,28,''
Qwen/Qwen2.5-7B-Instruct,GSM_004,canonical,0,151942,-12.611973,-0.038546,21600,17,2,672,17,28,''
Qwen/Qwen2.5-7B-Instruct,GSM_004,canonical,1,152030,-13.445079,-0.06685,21600,17,2,672,17,28,''
Qwen/Qwen2.5-7B-Instruct,GSM_004,canonical,2,152021,-14.098059,-0.075068,21600,17,2,672,17,28,''
Qwen/Qwen2.5-7B-Instruct,GSM_004,canonical,3,152034,-14.082929,-0.074365,21600,17,2,672,17,28,''
Qwen/Qwen2.5-7B-Instruct,GSM_004,canonical,4,152025,-14.338456,-0.071379,21600,17,2,672,17,28,''
Qwen/Qwen2.5-7B-Instruct,GSM_004,canonical,5,152026,-16.024754,-0.080904,21600,17,2,672,17,28,''
Qwen/Qwen2.5-7B-Instruct,GSM_004,canonical,6,152022,-16.335524,-0.079056,21600,17,2,672,17,28,''
Qwen/Qwen2.5-7B-Instruct,GSM_004,canonical,7,152036,-17.043804,-0.096063,21600,17,2,672,17,28,''
Qwen/Qwen2.5-7B-Instruct,GSM_004,canonical,8,152029,-16.282881,-0.079955,21600,17,2,672,17,28,''
Qwen/Qwen2.5-7B-Instruct,GSM_004,canonical,9,152035,-18.251316,-0.097991,21600,17,2,672,17,28,''
Qwen/Qwen2.5-7B-Instruct,GSM_004,canonical,10,152030,-18.61372,-0.091546,21600,17,2,672,17,28,''
Qwen/Qwen2.5-7B-Instruct,GSM_004,canonical,11,152025,-18.662479,-0.086066,21600,17,2,672,17,28,''
Qwen/Qwen2.5-7B-Instruct,GSM_004,canonical,12,152020,-18.623402,-0.082352,21600,17,2,672,17,28,''
Qwen/Qwen2.5-7B-Instruct,GSM_004,canonical,13,152022,-20.790733,-0.090599,21600,17,2,672,17,28,''
Qwen/Qwen2.5-7B-Instruct,GSM_004,canonical,14,152033,-24.450344,-0.100897,21600,17,2,672,17,28,''
Qwen/Qwen2.5-7B-Instruct,GSM_004,canonical,15,152030,-23.262815,-0.093911,21600,17,2,672,17,28,''
Qwen/Qwen2.5-7B-Instruct,GSM_004,canonical,16,152033,-23.955486,-0.095619,21600,17,2,672,17,28,''
Qwen/Qwen2.5-7B-Instruct,GSM_004,canonical,17,152032,-23.650875,-0.08276,21600,17,2,672,17,28,''
Qwen/Qwen2.5-7B-Instruct,GSM_004,canonical,18,152028,-24.809687,-0.086678,21600,17,2,672,17,28,''
Qwen/Qwen2.5-7B-Instruct,GSM_004,canonical,19,152029,-26.806543,-0.084336,21600,17,2,672,17,28,''
Qwen/Qwen2.5-7B-Instruct,GSM_004,canonical,20,152035,-31.023613,-0.090948,21600,17,2,672,17,28,''
Qwen/Qwen2.5-7B-Instruct,GSM_004,canonical,21,152029,-34.879463,-0.083664,21600,17,2,672,17,28,''
Qwen/Qwen2.5-7B-Instruct,GSM_004,canonical,22,152034,-43.063889,-0.086324,21600,17,2,672,17,28,''
Qwen/Qwen2.5-7B-Instruct,GSM_004,canonical,23,152040,-58.572102,-0.105695,21600,17,2,672,17,28,''
Qwen/Qwen2.5-7B-Instruct,GSM_004,canonical,24,152042,-97.826721,-0.138038,21600,17,2,672,17,28,''
Qwen/Qwen2.5-7B-Instruct,GSM_004,canonical,25,152028,-124.301262,-0.12794,21600,17,2,672,17,28,''
Qwen/Qwen2.5-7B-Instruct,GSM_004,canonical,26,152010,-161.221069,-0.113781,21600,17,2,672,17,28,''
Qwen/Qwen2.5-7B-Instruct,GSM_004,canonical,27,7,-12.937589,0.089146,21600,17,2,672,17,28,''
Qwen/Qwen2.5-7B-Instruct,GSM_004,W3,0,151959,-12.620479,-0.039873,21600,17,2,672,17,28,''
Qwen/Qwen2.5-7B-Instruct,GSM_004,W3,1,152031,-13.476912,-0.068066,21600,17,2,672,17,28,''
Qwen/Qwen2.5-7B-Instruct,GSM_004,W3,2,152025,-14.118078,-0.076548,21600,17,2,672,17,28,''
Qwen/Qwen2.5-7B-Instruct,GSM_004,W3,3,152036,-14.085464,-0.074732,21600,17,2,672,17,28,''
Qwen/Qwen2.5-7B-Instruct,GSM_004,W3,4,152025,-14.327564,-0.071352,21600,17,2,672,17,28,''
Qwen/Qwen2.5-7B-Instruct,GSM_004,W3,5,152027,-15.952202,-0.081132,21600,17,2,672,17,28,''
Qwen/Qwen2.5-7B-Instruct,GSM_004,W3,6,152024,-16.369265,-0.080023,21600,17,2,672,17,28,''
Qwen/Qwen2.5-7B-Instruct,GSM_004,W3,7,152036,-17.021606,-0.096877,21600,17,2,672,17,28,''
Qwen/Qwen2.5-7B-Instruct,GSM_004,W3,8,152027,-16.128275,-0.077645,21600,17,2,672,17,28,''
Qwen/Qwen2.5-7B-Instruct,GSM_004,W3,9,152035,-18.150736,-0.097279,21600,17,2,672,17,28,''
Qwen/Qwen2.5-7B-Instruct,GSM_004,W3,10,152030,-18.529327,-0.091451,21600,17,2,672,17,28,''
Qwen/Qwen2.5-7B-Instruct,GSM_004,W3,11,152024,-18.447849,-0.08317,21600,17,2,672,17,28,''
Qwen/Qwen2.5-7B-Instruct,GSM_004,W3,12,152019,-18.528049,-0.081577,21600,17,2,672,17,28,''
Qwen/Qwen2.5-7B-Instruct,GSM_004,W3,13,152023,-20.754595,-0.089867,21600,17,2,672,17,28,''
Qwen/Qwen2.5-7B-Instruct,GSM_004,W3,14,152032,-24.377785,-0.099713,21600,17,2,672,17,28,''
Qwen/Qwen2.5-7B-Instruct,GSM_004,W3,15,152031,-23.04459,-0.093016,21600,17,2,672,17,28,''
Qwen/Qwen2.5-7B-Instruct,GSM_004,W3,16,152033,-24.027161,-0.094856,21600,17,2,672,17,28,''
Qwen/Qwen2.5-7B-Instruct,GSM_004,W3,17,152031,-23.708014,-0.080247,21600,17,2,672,17,28,''
Qwen/Qwen2.5-7B-Instruct,GSM_004,W3,18,152024,-23.976976,-0.079249,21600,17,2,672,17,28,''
Qwen/Qwen2.5-7B-Instruct,GSM_004,W3,19,152017,-25.62351,-0.073582,21600,17,2,672,17,28,''
Qwen/Qwen2.5-7B-Instruct,GSM_004,W3,20,152029,-29.964371,-0.085639,21600,17,2,672,17,28,''
Qwen/Qwen2.5-7B-Instruct,GSM_004,W3,21,152019,-35.491146,-0.08272,21600,17,2,672,17,28,''
Qwen/Qwen2.5-7B-Instruct,GSM_004,W3,22,152024,-45.846809,-0.091445,21600,17,2,672,17,28,''
Qwen/Qwen2.5-7B-Instruct,GSM_004,W3,23,152038,-64.298271,-0.114756,21600,17,2,672,17,28,''
Qwen/Qwen2.5-7B-Instruct,GSM_004,W3,24,152040,-102.039108,-0.142968,21600,17,2,672,17,28,''
Qwen/Qwen2.5-7B-Instruct,GSM_004,W3,25,152024,-126.27121,-0.13022,21600,17,2,672,17,28,''
Qwen/Qwen2.5-7B-Instruct,GSM_004,W3,26,152000,-161.811646,-0.114313,21600,17,2,672,17,28,''
Qwen/Qwen2.5-7B-Instruct,GSM_004,W3,27,8,-12.12304,0.078871,21600,17,2,672,17,28,''
Qwen/Qwen2.5-7B-Instruct,GSM_005,canonical,0,150125,-12.393159,-0.014435,54,20,5,423,20,28,''
Qwen/Qwen2.5-7B-Instruct,GSM_005,canonical,1,151791,-13.07509,-0.037304,54,20,5,423,20,28,''
Qwen/Qwen2.5-7B-Instruct,GSM_005,canonical,2,151821,-13.596573,-0.04423,54,20,5,423,20,28,''
Qwen/Qwen2.5-7B-Instruct,GSM_005,canonical,3,151897,-13.638982,-0.048631,54,20,5,423,20,28,''
Qwen/Qwen2.5-7B-Instruct,GSM_005,canonical,4,151885,-13.82715,-0.04629,54,20,5,423,20,28,''
Qwen/Qwen2.5-7B-Instruct,GSM_005,canonical,5,151868,-15.28849,-0.052104,54,20,5,423,20,28,''
Qwen/Qwen2.5-7B-Instruct,GSM_005,canonical,6,151837,-15.470003,-0.048551,54,20,5,423,20,28,''
Qwen/Qwen2.5-7B-Instruct,GSM_005,canonical,7,151890,-15.964628,-0.058998,54,20,5,423,20,28,''
Qwen/Qwen2.5-7B-Instruct,GSM_005,canonical,8,151907,-15.520018,-0.05393,54,20,5,423,20,28,''
Qwen/Qwen2.5-7B-Instruct,GSM_005,canonical,9,151908,-17.067648,-0.064382,54,20,5,423,20,28,''
Qwen/Qwen2.5-7B-Instruct,GSM_005,canonical,10,151911,-17.444408,-0.062548,54,20,5,423,20,28,''
Qwen/Qwen2.5-7B-Instruct,GSM_005,canonical,11,151882,-17.468309,-0.056682,54,20,5,423,20,28,''
Qwen/Qwen2.5-7B-Instruct,GSM_005,canonical,12,151822,-17.228285,-0.048856,54,20,5,423,20,28,''
Qwen/Qwen2.5-7B-Instruct,GSM_005,canonical,13,151826,-18.904442,-0.050987,54,20,5,423,20,28,''
Qwen/Qwen2.5-7B-Instruct,GSM_005,canonical,14,151882,-22.088276,-0.05896,54,20,5,423,20,28,''
Qwen/Qwen2.5-7B-Instruct,GSM_005,canonical,15,151813,-20.570955,-0.047771,54,20,5,423,20,28,''
Qwen/Qwen2.5-7B-Instruct,GSM_005,canonical,16,151877,-21.75914,-0.056493,54,20,5,423,20,28,''
Qwen/Qwen2.5-7B-Instruct,GSM_005,canonical,17,151800,-21.289583,-0.041244,54,20,5,423,20,28,''
Qwen/Qwen2.5-7B-Instruct,GSM_005,canonical,18,151844,-22.303959,-0.048417,54,20,5,423,20,28,''
Qwen/Qwen2.5-7B-Instruct,GSM_005,canonical,19,151865,-23.954641,-0.047528,54,20,5,423,20,28,''
Qwen/Qwen2.5-7B-Instruct,GSM_005,canonical,20,151877,-26.047874,-0.049565,54,20,5,423,20,28,''
Qwen/Qwen2.5-7B-Instruct,GSM_005,canonical,21,151889,-31.433662,-0.052864,54,20,5,423,20,28,''
Qwen/Qwen2.5-7B-Instruct,GSM_005,canonical,22,151901,-36.24873,-0.05265,54,20,5,423,20,28,''
Qwen/Qwen2.5-7B-Instruct,GSM_005,canonical,23,151927,-50.737991,-0.066363,54,20,5,423,20,28,''
Qwen/Qwen2.5-7B-Instruct,GSM_005,canonical,24,151925,-76.452194,-0.081011,54,20,5,423,20,28,''
Qwen/Qwen2.5-7B-Instruct,GSM_005,canonical,25,151848,-101.238251,-0.06965,54,20,5,423,20,28,''
Qwen/Qwen2.5-7B-Instruct,GSM_005,canonical,26,151806,-138.6297,-0.059241,54,20,5,423,20,28,''
Qwen/Qwen2.5-7B-Instruct,GSM_005,canonical,27,7,-9.551187,0.110037,54,20,5,423,20,28,''
Qwen/Qwen2.5-7B-Instruct,GSM_005,W3,0,150336,-12.400177,-0.015414,54,20,5,423,20,28,''
Qwen/Qwen2.5-7B-Instruct,GSM_005,W3,1,151797,-13.070628,-0.037713,54,20,5,423,20,28,''
Qwen/Qwen2.5-7B-Instruct,GSM_005,W3,2,151821,-13.570415,-0.044008,54,20,5,423,20,28,''
Qwen/Qwen2.5-7B-Instruct,GSM_005,W3,3,151883,-13.580258,-0.046594,54,20,5,423,20,28,''
Qwen/Qwen2.5-7B-Instruct,GSM_005,W3,4,151874,-13.794821,-0.044984,54,20,5,423,20,28,''
Qwen/Qwen2.5-7B-Instruct,GSM_005,W3,5,151866,-15.172462,-0.050525,54,20,5,423,20,28,''
Qwen/Qwen2.5-7B-Instruct,GSM_005,W3,6,151836,-15.462406,-0.048304,54,20,5,423,20,28,''
Qwen/Qwen2.5-7B-Instruct,GSM_005,W3,7,151907,-16.010342,-0.061077,54,20,5,423,20,28,''
Qwen/Qwen2.5-7B-Instruct,GSM_005,W3,8,151895,-15.358664,-0.05093,54,20,5,423,20,28,''
Qwen/Qwen2.5-7B-Instruct,GSM_005,W3,9,151916,-17.062126,-0.06467,54,20,5,423,20,28,''
Qwen/Qwen2.5-7B-Instruct,GSM_005,W3,10,151909,-17.337675,-0.061525,54,20,5,423,20,28,''
Qwen/Qwen2.5-7B-Instruct,GSM_005,W3,11,151887,-17.3055,-0.055309,54,20,5,423,20,28,''
Qwen/Qwen2.5-7B-Instruct,GSM_005,W3,12,151824,-17.049694,-0.047597,54,20,5,423,20,28,''
Qwen/Qwen2.5-7B-Instruct,GSM_005,W3,13,151844,-18.815863,-0.051308,54,20,5,423,20,28,''
Qwen/Qwen2.5-7B-Instruct,GSM_005,W3,14,151885,-22.069746,-0.058768,54,20,5,423,20,28,''
Qwen/Qwen2.5-7B-Instruct,GSM_005,W3,15,151831,-20.574484,-0.050017,54,20,5,423,20,28,''
Qwen/Qwen2.5-7B-Instruct,GSM_005,W3,16,151879,-21.938721,-0.055941,54,20,5,423,20,28,''
Qwen/Qwen2.5-7B-Instruct,GSM_005,W3,17,151813,-21.461014,-0.041939,54,20,5,423,20,28,''
Qwen/Qwen2.5-7B-Instruct,GSM_005,W3,18,151818,-21.623091,-0.043115,54,20,5,423,20,28,''
Qwen/Qwen2.5-7B-Instruct,GSM_005,W3,19,151876,-24.052013,-0.046156,54,20,5,423,20,28,''
Qwen/Qwen2.5-7B-Instruct,GSM_005,W3,20,151935,-27.254986,-0.059099,54,20,5,423,20,28,''
Qwen/Qwen2.5-7B-Instruct,GSM_005,W3,21,151950,-34.738899,-0.068185,54,20,5,423,20,28,''
Qwen/Qwen2.5-7B-Instruct,GSM_005,W3,22,151948,-41.52113,-0.068193,54,20,5,423,20,28,''
Qwen/Qwen2.5-7B-Instruct,GSM_005,W3,23,151958,-57.409737,-0.083167,54,20,5,423,20,28,''
Qwen/Qwen2.5-7B-Instruct,GSM_005,W3,24,151953,-87.988815,-0.097961,54,20,5,423,20,28,''
Qwen/Qwen2.5-7B-Instruct,GSM_005,W3,25,151895,-113.990417,-0.088113,54,20,5,423,20,28,''
Qwen/Qwen2.5-7B-Instruct,GSM_005,W3,26,151834,-151.723129,-0.073325,54,20,5,423,20,28,''
Qwen/Qwen2.5-7B-Instruct,GSM_005,W3,27,6,-10.895687,0.112997,54,20,5,423,20,28,''
Qwen/Qwen2.5-7B-Instruct,GSM_006,canonical,0,150322,-12.40728,-0.015444,546,20,5,423,20,28,''
Qwen/Qwen2.5-7B-Instruct,GSM_006,canonical,1,151785,-13.064432,-0.036876,546,20,5,423,20,28,''
Qwen/Qwen2.5-7B-Instruct,GSM_006,canonical,2,151820,-13.603862,-0.044306,546,20,5,423,20,28,''
Qwen/Qwen2.5-7B-Instruct,GSM_006,canonical,3,151885,-13.59778,-0.04661,546,20,5,423,20,28,''
Qwen/Qwen2.5-7B-Instruct,GSM_006,canonical,4,151871,-13.774807,-0.044481,546,20,5,423,20,28,''
Qwen/Qwen2.5-7B-Instruct,GSM_006,canonical,5,151862,-15.142082,-0.05059,546,20,5,423,20,28,''
Qwen/Qwen2.5-7B-Instruct,GSM_006,canonical,6,151819,-15.367187,-0.045807,546,20,5,423,20,28,''
Qwen/Qwen2.5-7B-Instruct,GSM_006,canonical,7,151883,-15.890903,-0.057083,546,20,5,423,20,28,''
Qwen/Qwen2.5-7B-Instruct,GSM_006,canonical,8,151902,-15.491697,-0.051751,546,20,5,423,20,28,''
Qwen/Qwen2.5-7B-Instruct,GSM_006,canonical,9,151916,-17.080561,-0.064433,546,20,5,423,20,28,''
Qwen/Qwen2.5-7B-Instruct,GSM_006,canonical,10,151916,-17.513027,-0.062989,546,20,5,423,20,28,''
Qwen/Qwen2.5-7B-Instruct,GSM_006,canonical,11,151908,-17.476616,-0.058737,546,20,5,423,20,28,''
Qwen/Qwen2.5-7B-Instruct,GSM_006,canonical,12,151835,-17.293261,-0.049751,546,20,5,423,20,28,''
Qwen/Qwen2.5-7B-Instruct,GSM_006,canonical,13,151860,-19.083628,-0.053476,546,20,5,423,20,28,''
Qwen/Qwen2.5-7B-Instruct,GSM_006,canonical,14,151895,-22.140236,-0.061926,546,20,5,423,20,28,''
Qwen/Qwen2.5-7B-Instruct,GSM_006,canonical,15,151831,-20.902512,-0.050146,546,20,5,423,20,28,''
Qwen/Qwen2.5-7B-Instruct,GSM_006,canonical,16,151906,-22.349991,-0.061791,546,20,5,423,20,28,''
Qwen/Qwen2.5-7B-Instruct,GSM_006,canonical,17,151833,-21.420671,-0.045296,546,20,5,423,20,28,''
Qwen/Qwen2.5-7B-Instruct,GSM_006,canonical,18,151850,-21.963015,-0.046694,546,20,5,423,20,28,''
Qwen/Qwen2.5-7B-Instruct,GSM_006,canonical,19,151869,-23.270674,-0.043287,546,20,5,423,20,28,''
Qwen/Qwen2.5-7B-Instruct,GSM_006,canonical,20,151940,-27.936134,-0.058557,546,20,5,423,20,28,''
Qwen/Qwen2.5-7B-Instruct,GSM_006,canonical,21,151952,-36.09306,-0.065887,546,20,5,423,20,28,''
Qwen/Qwen2.5-7B-Instruct,GSM_006,canonical,22,151913,-46.9146,-0.067178,546,20,5,423,20,28,''
Qwen/Qwen2.5-7B-Instruct,GSM_006,canonical,23,151907,-62.358696,-0.075098,546,20,5,423,20,28,''
Qwen/Qwen2.5-7B-Instruct,GSM_006,canonical,24,151916,-97.952278,-0.091194,546,20,5,423,20,28,''
Qwen/Qwen2.5-7B-Instruct,GSM_006,canonical,25,151887,-128.606491,-0.089775,546,20,5,423,20,28,''
Qwen/Qwen2.5-7B-Instruct,GSM_006,canonical,26,151846,-161.322937,-0.077823,546,20,5,423,20,28,''
Qwen/Qwen2.5-7B-Instruct,GSM_006,canonical,27,16,-14.859911,0.086015,546,20,5,423,20,28,''
Qwen/Qwen2.5-7B-Instruct,GSM_006,W3,0,150501,-12.408325,-0.016204,546,20,5,423,20,28,''
Qwen/Qwen2.5-7B-Instruct,GSM_006,W3,1,151790,-13.057691,-0.037254,546,20,5,423,20,28,''
Qwen/Qwen2.5-7B-Instruct,GSM_006,W3,2,151835,-13.615696,-0.045905,546,20,5,423,20,28,''
Qwen/Qwen2.5-7B-Instruct,GSM_006,W3,3,151890,-13.59934,-0.047446,546,20,5,423,20,28,''
Qwen/Qwen2.5-7B-Instruct,GSM_006,W3,4,151888,-13.801842,-0.04607,546,20,5,423,20,28,''
Qwen/Qwen2.5-7B-Instruct,GSM_006,W3,5,151880,-15.108981,-0.051723,546,20,5,423,20,28,''
Qwen/Qwen2.5-7B-Instruct,GSM_006,W3,6,151853,-15.428173,-0.049085,546,20,5,423,20,28,''
Qwen/Qwen2.5-7B-Instruct,GSM_006,W3,7,151910,-15.915421,-0.060225,546,20,5,423,20,28,''
Qwen/Qwen2.5-7B-Instruct,GSM_006,W3,8,151913,-15.351301,-0.051796,546,20,5,423,20,28,''
Qwen/Qwen2.5-7B-Instruct,GSM_006,W3,9,151921,-16.981712,-0.064312,546,20,5,423,20,28,''
Qwen/Qwen2.5-7B-Instruct,GSM_006,W3,10,151915,-17.299643,-0.061652,546,20,5,423,20,28,''
Qwen/Qwen2.5-7B-Instruct,GSM_006,W3,11,151910,-17.246552,-0.057006,546,20,5,423,20,28,''
Qwen/Qwen2.5-7B-Instruct,GSM_006,W3,12,151830,-17.025311,-0.047081,546,20,5,423,20,28,''
Qwen/Qwen2.5-7B-Instruct,GSM_006,W3,13,151848,-18.767899,-0.050994,546,20,5,423,20,28,''
Qwen/Qwen2.5-7B-Instruct,GSM_006,W3,14,151892,-21.985022,-0.06016,546,20,5,423,20,28,''
Qwen/Qwen2.5-7B-Instruct,GSM_006,W3,15,151830,-20.711094,-0.050181,546,20,5,423,20,28,''
Qwen/Qwen2.5-7B-Instruct,GSM_006,W3,16,151895,-22.254343,-0.059126,546,20,5,423,20,28,''
Qwen/Qwen2.5-7B-Instruct,GSM_006,W3,17,151827,-21.585522,-0.043083,546,20,5,423,20,28,''
Qwen/Qwen2.5-7B-Instruct,GSM_006,W3,18,151823,-21.32016,-0.042179,546,20,5,423,20,28,''
Qwen/Qwen2.5-7B-Instruct,GSM_006,W3,19,151818,-22.572449,-0.037992,546,20,5,423,20,28,''
Qwen/Qwen2.5-7B-Instruct,GSM_006,W3,20,151921,-27.463577,-0.05543,546,20,5,423,20,28,''
Qwen/Qwen2.5-7B-Instruct,GSM_006,W3,21,151925,-36.005096,-0.063364,546,20,5,423,20,28,''
Qwen/Qwen2.5-7B-Instruct,GSM_006,W3,22,151888,-46.52438,-0.06388,546,20,5,423,20,28,''
Qwen/Qwen2.5-7B-Instruct,GSM_006,W3,23,151908,-64.804565,-0.077064,546,20,5,423,20,28,''
Qwen/Qwen2.5-7B-Instruct,GSM_006,W3,24,151894,-95.229027,-0.085389,546,20,5,423,20,28,''
Qwen/Qwen2.5-7B-Instruct,GSM_006,W3,25,151896,-128.363876,-0.093818,546,20,5,423,20,28,''
Qwen/Qwen2.5-7B-Instruct,GSM_006,W3,26,151864,-162.871292,-0.083902,546,20,5,423,20,28,''
Qwen/Qwen2.5-7B-Instruct,GSM_006,W3,27,27,-20.529858,0.071069,546,20,5,423,20,28,''
Qwen/Qwen2.5-7B-Instruct,GSM_007,canonical,0,151663,-12.515741,-0.028185,30,18,3,387,18,28,''
Qwen/Qwen2.5-7B-Instruct,GSM_007,canonical,1,151970,-13.310406,-0.055573,30,18,3,387,18,28,''
Qwen/Qwen2.5-7B-Instruct,GSM_007,canonical,2,151968,-13.896368,-0.062851,30,18,3,387,18,28,''
Qwen/Qwen2.5-7B-Instruct,GSM_007,canonical,3,151962,-13.742193,-0.055605,30,18,3,387,18,28,''
Qwen/Qwen2.5-7B-Instruct,GSM_007,canonical,4,151952,-13.987864,-0.053375,30,18,3,387,18,28,''
Qwen/Qwen2.5-7B-Instruct,GSM_007,canonical,5,151976,-15.638652,-0.067773,30,18,3,387,18,28,''
Qwen/Qwen2.5-7B-Instruct,GSM_007,canonical,6,151955,-15.751728,-0.060641,30,18,3,387,18,28,''
Qwen/Qwen2.5-7B-Instruct,GSM_007,canonical,7,152002,-16.500128,-0.079756,30,18,3,387,18,28,''
Qwen/Qwen2.5-7B-Instruct,GSM_007,canonical,8,151978,-15.853923,-0.064493,30,18,3,387,18,28,''
Qwen/Qwen2.5-7B-Instruct,GSM_007,canonical,9,152007,-17.743902,-0.082106,30,18,3,387,18,28,''
Qwen/Qwen2.5-7B-Instruct,GSM_007,canonical,10,152009,-18.20866,-0.08107,30,18,3,387,18,28,''
Qwen/Qwen2.5-7B-Instruct,GSM_007,canonical,11,151965,-18.223764,-0.071697,30,18,3,387,18,28,''
Qwen/Qwen2.5-7B-Instruct,GSM_007,canonical,12,151945,-17.956041,-0.067151,30,18,3,387,18,28,''
Qwen/Qwen2.5-7B-Instruct,GSM_007,canonical,13,151947,-19.968473,-0.071851,30,18,3,387,18,28,''
Qwen/Qwen2.5-7B-Instruct,GSM_007,canonical,14,151990,-23.16968,-0.081175,30,18,3,387,18,28,''
Qwen/Qwen2.5-7B-Instruct,GSM_007,canonical,15,151980,-22.128426,-0.074393,30,18,3,387,18,28,''
Qwen/Qwen2.5-7B-Instruct,GSM_007,canonical,16,151988,-22.751179,-0.074284,30,18,3,387,18,28,''
Qwen/Qwen2.5-7B-Instruct,GSM_007,canonical,17,151940,-22.315958,-0.05725,30,18,3,387,18,28,''
Qwen/Qwen2.5-7B-Instruct,GSM_007,canonical,18,151974,-24.000645,-0.067733,30,18,3,387,18,28,''
Qwen/Qwen2.5-7B-Instruct,GSM_007,canonical,19,151973,-24.662815,-0.061346,30,18,3,387,18,28,''
Qwen/Qwen2.5-7B-Instruct,GSM_007,canonical,20,151951,-28.575665,-0.060486,30,18,3,387,18,28,''
Qwen/Qwen2.5-7B-Instruct,GSM_007,canonical,21,151993,-40.267551,-0.078688,30,18,3,387,18,28,''
Qwen/Qwen2.5-7B-Instruct,GSM_007,canonical,22,152000,-50.122906,-0.085668,30,18,3,387,18,28,''
Qwen/Qwen2.5-7B-Instruct,GSM_007,canonical,23,151987,-65.505768,-0.093568,30,18,3,387,18,28,''
Qwen/Qwen2.5-7B-Instruct,GSM_007,canonical,24,151999,-98.066589,-0.112091,30,18,3,387,18,28,''
Qwen/Qwen2.5-7B-Instruct,GSM_007,canonical,25,151991,-131.895874,-0.11731,30,18,3,387,18,28,''
Qwen/Qwen2.5-7B-Instruct,GSM_007,canonical,26,151954,-170.669647,-0.107926,30,18,3,387,18,28,''
Qwen/Qwen2.5-7B-Instruct,GSM_007,canonical,27,29,-20.228739,0.064574,30,18,3,387,18,28,''
Qwen/Qwen2.5-7B-Instruct,GSM_007,W3,0,151632,-12.506454,-0.027499,30,18,3,387,18,28,''
Qwen/Qwen2.5-7B-Instruct,GSM_007,W3,1,151969,-13.301795,-0.055281,30,18,3,387,18,28,''
Qwen/Qwen2.5-7B-Instruct,GSM_007,W3,2,151970,-13.880297,-0.062849,30,18,3,387,18,28,''
Qwen/Qwen2.5-7B-Instruct,GSM_007,W3,3,151966,-13.734449,-0.055695,30,18,3,387,18,28,''
Qwen/Qwen2.5-7B-Instruct,GSM_007,W3,4,151948,-13.931345,-0.052332,30,18,3,387,18,28,''
Qwen/Qwen2.5-7B-Instruct,GSM_007,W3,5,151976,-15.524769,-0.066044,30,18,3,387,18,28,''
Qwen/Qwen2.5-7B-Instruct,GSM_007,W3,6,151954,-15.767794,-0.060268,30,18,3,387,18,28,''
Qwen/Qwen2.5-7B-Instruct,GSM_007,W3,7,152003,-16.466866,-0.079878,30,18,3,387,18,28,''
Qwen/Qwen2.5-7B-Instruct,GSM_007,W3,8,151977,-15.620903,-0.06136,30,18,3,387,18,28,''
Qwen/Qwen2.5-7B-Instruct,GSM_007,W3,9,152010,-17.658602,-0.081917,30,18,3,387,18,28,''
Qwen/Qwen2.5-7B-Instruct,GSM_007,W3,10,152001,-17.991625,-0.078706,30,18,3,387,18,28,''
Qwen/Qwen2.5-7B-Instruct,GSM_007,W3,11,151957,-17.856083,-0.068251,30,18,3,387,18,28,''
Qwen/Qwen2.5-7B-Instruct,GSM_007,W3,12,151937,-17.69282,-0.063443,30,18,3,387,18,28,''
Qwen/Qwen2.5-7B-Instruct,GSM_007,W3,13,151945,-19.640476,-0.068817,30,18,3,387,18,28,''
Qwen/Qwen2.5-7B-Instruct,GSM_007,W3,14,151985,-23.007383,-0.078051,30,18,3,387,18,28,''
Qwen/Qwen2.5-7B-Instruct,GSM_007,W3,15,151977,-21.695164,-0.071559,30,18,3,387,18,28,''
Qwen/Qwen2.5-7B-Instruct,GSM_007,W3,16,151984,-22.690428,-0.071808,30,18,3,387,18,28,''
Qwen/Qwen2.5-7B-Instruct,GSM_007,W3,17,151925,-22.371408,-0.05376,30,18,3,387,18,28,''
Qwen/Qwen2.5-7B-Instruct,GSM_007,W3,18,151962,-23.195269,-0.06328,30,18,3,387,18,28,''
Qwen/Qwen2.5-7B-Instruct,GSM_007,W3,19,151944,-23.432529,-0.052185,30,18,3,387,18,28,''
Qwen/Qwen2.5-7B-Instruct,GSM_007,W3,20,151956,-28.062603,-0.06033,30,18,3,387,18,28,''
Qwen/Qwen2.5-7B-Instruct,GSM_007,W3,21,151997,-40.962914,-0.083312,30,18,3,387,18,28,''
Qwen/Qwen2.5-7B-Instruct,GSM_007,W3,22,152002,-52.749126,-0.090097,30,18,3,387,18,28,''
Qwen/Qwen2.5-7B-Instruct,GSM_007,W3,23,151998,-68.41227,-0.098395,30,18,3,387,18,28,''
Qwen/Qwen2.5-7B-Instruct,GSM_007,W3,24,151995,-98.912506,-0.107148,30,18,3,387,18,28,''
Qwen/Qwen2.5-7B-Instruct,GSM_007,W3,25,151982,-133.078445,-0.114165,30,18,3,387,18,28,''
Qwen/Qwen2.5-7B-Instruct,GSM_007,W3,26,151956,-173.35939,-0.107973,30,18,3,387,18,28,''
Qwen/Qwen2.5-7B-Instruct,GSM_007,W3,27,22,-21.104925,0.063787,30,18,3,387,18,28,''
Qwen/Qwen2.5-7B-Instruct,GSM_008,canonical,0,152006,-12.698261,-0.046332,1024,16,1,741,16,28,''
Qwen/Qwen2.5-7B-Instruct,GSM_008,canonical,1,152038,-13.561207,-0.072199,1024,16,1,741,16,28,''
Qwen/Qwen2.5-7B-Instruct,GSM_008,canonical,2,152038,-14.276192,-0.083067,1024,16,1,741,16,28,''
Qwen/Qwen2.5-7B-Instruct,GSM_008,canonical,3,152047,-14.316989,-0.082891,1024,16,1,741,16,28,''
Qwen/Qwen2.5-7B-Instruct,GSM_008,canonical,4,152040,-14.464647,-0.076565,1024,16,1,741,16,28,''
Qwen/Qwen2.5-7B-Instruct,GSM_008,canonical,5,152038,-16.280567,-0.087916,1024,16,1,741,16,28,''
Qwen/Qwen2.5-7B-Instruct,GSM_008,canonical,6,152030,-16.5082,-0.082278,1024,16,1,741,16,28,''
Qwen/Qwen2.5-7B-Instruct,GSM_008,canonical,7,152038,-17.131371,-0.095886,1024,16,1,741,16,28,''
Qwen/Qwen2.5-7B-Instruct,GSM_008,canonical,8,152031,-16.428522,-0.080301,1024,16,1,741,16,28,''
Qwen/Qwen2.5-7B-Instruct,GSM_008,canonical,9,152043,-18.707773,-0.104322,1024,16,1,741,16,28,''
Qwen/Qwen2.5-7B-Instruct,GSM_008,canonical,10,152041,-19.131134,-0.099816,1024,16,1,741,16,28,''
Qwen/Qwen2.5-7B-Instruct,GSM_008,canonical,11,152034,-19.34749,-0.094392,1024,16,1,741,16,28,''
Qwen/Qwen2.5-7B-Instruct,GSM_008,canonical,12,152027,-19.059692,-0.087243,1024,16,1,741,16,28,''
Qwen/Qwen2.5-7B-Instruct,GSM_008,canonical,13,152031,-21.176134,-0.094056,1024,16,1,741,16,28,''
Qwen/Qwen2.5-7B-Instruct,GSM_008,canonical,14,152038,-24.526968,-0.102982,1024,16,1,741,16,28,''
Qwen/Qwen2.5-7B-Instruct,GSM_008,canonical,15,152031,-23.258778,-0.091298,1024,16,1,741,16,28,''
Qwen/Qwen2.5-7B-Instruct,GSM_008,canonical,16,152036,-24.387815,-0.096551,1024,16,1,741,16,28,''
Qwen/Qwen2.5-7B-Instruct,GSM_008,canonical,17,152030,-23.778296,-0.078423,1024,16,1,741,16,28,''
Qwen/Qwen2.5-7B-Instruct,GSM_008,canonical,18,152013,-23.927282,-0.071933,1024,16,1,741,16,28,''
Qwen/Qwen2.5-7B-Instruct,GSM_008,canonical,19,152019,-26.088676,-0.072304,1024,16,1,741,16,28,''
Qwen/Qwen2.5-7B-Instruct,GSM_008,canonical,20,152036,-30.831568,-0.083614,1024,16,1,741,16,28,''
Qwen/Qwen2.5-7B-Instruct,GSM_008,canonical,21,152039,-38.552361,-0.088753,1024,16,1,741,16,28,''
Qwen/Qwen2.5-7B-Instruct,GSM_008,canonical,22,152046,-47.968773,-0.098987,1024,16,1,741,16,28,''
Qwen/Qwen2.5-7B-Instruct,GSM_008,canonical,23,152044,-68.094872,-0.113162,1024,16,1,741,16,28,''
Qwen/Qwen2.5-7B-Instruct,GSM_008,canonical,24,152043,-99.560822,-0.129341,1024,16,1,741,16,28,''
Qwen/Qwen2.5-7B-Instruct,GSM_008,canonical,25,152037,-135.937607,-0.131297,1024,16,1,741,16,28,''
Qwen/Qwen2.5-7B-Instruct,GSM_008,canonical,26,152024,-172.642456,-0.125328,1024,16,1,741,16,28,''
Qwen/Qwen2.5-7B-Instruct,GSM_008,canonical,27,10,-12.698586,0.082495,1024,16,1,741,16,28,''
Qwen/Qwen2.5-7B-Instruct,GSM_008,W3,0,152006,-12.685996,-0.046387,1024,16,1,741,16,28,''
Qwen/Qwen2.5-7B-Instruct,GSM_008,W3,1,152038,-13.530418,-0.071664,1024,16,1,741,16,28,''
Qwen/Qwen2.5-7B-Instruct,GSM_008,W3,2,152040,-14.239329,-0.082337,1024,16,1,741,16,28,''
Qwen/Qwen2.5-7B-Instruct,GSM_008,W3,3,152044,-14.2122,-0.080643,1024,16,1,741,16,28,''
Qwen/Qwen2.5-7B-Instruct,GSM_008,W3,4,152038,-14.401142,-0.074848,1024,16,1,741,16,28,''
Qwen/Qwen2.5-7B-Instruct,GSM_008,W3,5,152039,-16.149937,-0.087187,1024,16,1,741,16,28,''
Qwen/Qwen2.5-7B-Instruct,GSM_008,W3,6,152032,-16.481323,-0.082637,1024,16,1,741,16,28,''
Qwen/Qwen2.5-7B-Instruct,GSM_008,W3,7,152038,-17.11109,-0.097007,1024,16,1,741,16,28,''
Qwen/Qwen2.5-7B-Instruct,GSM_008,W3,8,152028,-16.139208,-0.07657,1024,16,1,741,16,28,''
Qwen/Qwen2.5-7B-Instruct,GSM_008,W3,9,152045,-18.494133,-0.103547,1024,16,1,741,16,28,''
Qwen/Qwen2.5-7B-Instruct,GSM_008,W3,10,152042,-18.916006,-0.098034,1024,16,1,741,16,28,''
Qwen/Qwen2.5-7B-Instruct,GSM_008,W3,11,152034,-18.886292,-0.091196,1024,16,1,741,16,28,''
Qwen/Qwen2.5-7B-Instruct,GSM_008,W3,12,152027,-18.61968,-0.083913,1024,16,1,741,16,28,''
Qwen/Qwen2.5-7B-Instruct,GSM_008,W3,13,152032,-21.045029,-0.093499,1024,16,1,741,16,28,''
Qwen/Qwen2.5-7B-Instruct,GSM_008,W3,14,152038,-24.567057,-0.103903,1024,16,1,741,16,28,''
Qwen/Qwen2.5-7B-Instruct,GSM_008,W3,15,152033,-23.083906,-0.093251,1024,16,1,741,16,28,''
Qwen/Qwen2.5-7B-Instruct,GSM_008,W3,16,152041,-24.738243,-0.099042,1024,16,1,741,16,28,''
Qwen/Qwen2.5-7B-Instruct,GSM_008,W3,17,152037,-24.117741,-0.079588,1024,16,1,741,16,28,''
Qwen/Qwen2.5-7B-Instruct,GSM_008,W3,18,152015,-23.875715,-0.072429,1024,16,1,741,16,28,''
Qwen/Qwen2.5-7B-Instruct,GSM_008,W3,19,152020,-25.894257,-0.070818,1024,16,1,741,16,28,''
Qwen/Qwen2.5-7B-Instruct,GSM_008,W3,20,152039,-30.1546,-0.083112,1024,16,1,741,16,28,''
Qwen/Qwen2.5-7B-Instruct,GSM_008,W3,21,152040,-39.507053,-0.094773,1024,16,1,741,16,28,''
Qwen/Qwen2.5-7B-Instruct,GSM_008,W3,22,152045,-50.262409,-0.106496,1024,16,1,741,16,28,''
Qwen/Qwen2.5-7B-Instruct,GSM_008,W3,23,152048,-71.618378,-0.126491,1024,16,1,741,16,28,''
Qwen/Qwen2.5-7B-Instruct,GSM_008,W3,24,152046,-101.511246,-0.138177,1024,16,1,741,16,28,''
Qwen/Qwen2.5-7B-Instruct,GSM_008,W3,25,152041,-138.762115,-0.14063,1024,16,1,741,16,28,''
Qwen/Qwen2.5-7B-Instruct,GSM_008,W3,26,152037,-182.201065,-0.141692,1024,16,1,741,16,28,''
Qwen/Qwen2.5-7B-Instruct,GSM_008,W3,27,35,-20.205181,0.054556,1024,16,1,741,16,28,''
Qwen/Qwen2.5-7B-Instruct,GSM_009,canonical,0,151172,-12.456272,-0.021509,49,19,4,358,19,28,''
Qwen/Qwen2.5-7B-Instruct,GSM_009,canonical,1,151877,-13.159204,-0.04391,49,19,4,358,19,28,''
Qwen/Qwen2.5-7B-Instruct,GSM_009,canonical,2,151855,-13.683144,-0.048755,49,19,4,358,19,28,''
Qwen/Qwen2.5-7B-Instruct,GSM_009,canonical,3,151892,-13.614326,-0.047496,49,19,4,358,19,28,''
Qwen/Qwen2.5-7B-Instruct,GSM_009,canonical,4,151853,-13.769396,-0.043343,49,19,4,358,19,28,''
Qwen/Qwen2.5-7B-Instruct,GSM_009,canonical,5,151813,-15.031288,-0.045908,49,19,4,358,19,28,''
Qwen/Qwen2.5-7B-Instruct,GSM_009,canonical,6,151800,-15.309528,-0.043878,49,19,4,358,19,28,''
Qwen/Qwen2.5-7B-Instruct,GSM_009,canonical,7,151901,-15.924839,-0.059421,49,19,4,358,19,28,''
Qwen/Qwen2.5-7B-Instruct,GSM_009,canonical,8,151887,-15.441546,-0.050298,49,19,4,358,19,28,''
Qwen/Qwen2.5-7B-Instruct,GSM_009,canonical,9,151937,-17.173164,-0.068658,49,19,4,358,19,28,''
Qwen/Qwen2.5-7B-Instruct,GSM_009,canonical,10,151919,-17.555397,-0.063392,49,19,4,358,19,28,''
Qwen/Qwen2.5-7B-Instruct,GSM_009,canonical,11,151905,-17.619034,-0.059146,49,19,4,358,19,28,''
Qwen/Qwen2.5-7B-Instruct,GSM_009,canonical,12,151867,-17.463791,-0.053222,49,19,4,358,19,28,''
Qwen/Qwen2.5-7B-Instruct,GSM_009,canonical,13,151876,-19.082367,-0.055448,49,19,4,358,19,28,''
Qwen/Qwen2.5-7B-Instruct,GSM_009,canonical,14,151905,-22.184511,-0.063278,49,19,4,358,19,28,''
Qwen/Qwen2.5-7B-Instruct,GSM_009,canonical,15,151863,-20.963144,-0.05401,49,19,4,358,19,28,''
Qwen/Qwen2.5-7B-Instruct,GSM_009,canonical,16,151914,-21.932211,-0.060486,49,19,4,358,19,28,''
Qwen/Qwen2.5-7B-Instruct,GSM_009,canonical,17,151869,-21.423914,-0.047178,49,19,4,358,19,28,''
Qwen/Qwen2.5-7B-Instruct,GSM_009,canonical,18,151877,-21.988087,-0.05171,49,19,4,358,19,28,''
Qwen/Qwen2.5-7B-Instruct,GSM_009,canonical,19,151909,-22.895493,-0.04939,49,19,4,358,19,28,''
Qwen/Qwen2.5-7B-Instruct,GSM_009,canonical,20,151947,-25.780907,-0.056092,49,19,4,358,19,28,''
Qwen/Qwen2.5-7B-Instruct,GSM_009,canonical,21,151940,-33.864922,-0.062486,49,19,4,358,19,28,''
Qwen/Qwen2.5-7B-Instruct,GSM_009,canonical,22,151925,-43.149899,-0.065141,49,19,4,358,19,28,''
Qwen/Qwen2.5-7B-Instruct,GSM_009,canonical,23,151918,-59.611736,-0.075875,49,19,4,358,19,28,''
Qwen/Qwen2.5-7B-Instruct,GSM_009,canonical,24,151947,-95.861092,-0.099576,49,19,4,358,19,28,''
Qwen/Qwen2.5-7B-Instruct,GSM_009,canonical,25,151887,-123.140289,-0.087539,49,19,4,358,19,28,''
Qwen/Qwen2.5-7B-Instruct,GSM_009,canonical,26,151860,-159.763931,-0.080481,49,19,4,358,19,28,''
Qwen/Qwen2.5-7B-Instruct,GSM_009,canonical,27,14,-12.335313,0.096678,49,19,4,358,19,28,''
Qwen/Qwen2.5-7B-Instruct,GSM_009,W3,0,151210,-12.453515,-0.021789,49,19,4,358,19,28,''
Qwen/Qwen2.5-7B-Instruct,GSM_009,W3,1,151886,-13.159334,-0.044462,49,19,4,358,19,28,''
Qwen/Qwen2.5-7B-Instruct,GSM_009,W3,2,151857,-13.678631,-0.049412,49,19,4,358,19,28,''
Qwen/Qwen2.5-7B-Instruct,GSM_009,W3,3,151902,-13.616171,-0.048214,49,19,4,358,19,28,''
Qwen/Qwen2.5-7B-Instruct,GSM_009,W3,4,151860,-13.766076,-0.043795,49,19,4,358,19,28,''
Qwen/Qwen2.5-7B-Instruct,GSM_009,W3,5,151822,-14.990878,-0.045617,49,19,4,358,19,28,''
Qwen/Qwen2.5-7B-Instruct,GSM_009,W3,6,151807,-15.366264,-0.044601,49,19,4,358,19,28,''
Qwen/Qwen2.5-7B-Instruct,GSM_009,W3,7,151904,-15.933465,-0.059843,49,19,4,358,19,28,''
Qwen/Qwen2.5-7B-Instruct,GSM_009,W3,8,151870,-15.224873,-0.04743,49,19,4,358,19,28,''
Qwen/Qwen2.5-7B-Instruct,GSM_009,W3,9,151949,-17.151463,-0.069622,49,19,4,358,19,28,''
Qwen/Qwen2.5-7B-Instruct,GSM_009,W3,10,151926,-17.359428,-0.06321,49,19,4,358,19,28,''
Qwen/Qwen2.5-7B-Instruct,GSM_009,W3,11,151896,-17.299801,-0.056433,49,19,4,358,19,28,''
Qwen/Qwen2.5-7B-Instruct,GSM_009,W3,12,151858,-17.168091,-0.050928,49,19,4,358,19,28,''
Qwen/Qwen2.5-7B-Instruct,GSM_009,W3,13,151873,-18.832687,-0.053858,49,19,4,358,19,28,''
Qwen/Qwen2.5-7B-Instruct,GSM_009,W3,14,151907,-21.976698,-0.062269,49,19,4,358,19,28,''
Qwen/Qwen2.5-7B-Instruct,GSM_009,W3,15,151888,-20.682127,-0.055961,49,19,4,358,19,28,''
Qwen/Qwen2.5-7B-Instruct,GSM_009,W3,16,151919,-21.940031,-0.060943,49,19,4,358,19,28,''
Qwen/Qwen2.5-7B-Instruct,GSM_009,W3,17,151886,-21.655834,-0.049367,49,19,4,358,19,28,''
Qwen/Qwen2.5-7B-Instruct,GSM_009,W3,18,151896,-21.900229,-0.053052,49,19,4,358,19,28,''
Qwen/Qwen2.5-7B-Instruct,GSM_009,W3,19,151934,-22.913048,-0.05243,49,19,4,358,19,28,''
Qwen/Qwen2.5-7B-Instruct,GSM_009,W3,20,151960,-26.282642,-0.060042,49,19,4,358,19,28,''
Qwen/Qwen2.5-7B-Instruct,GSM_009,W3,21,151942,-35.167313,-0.064675,49,19,4,358,19,28,''
Qwen/Qwen2.5-7B-Instruct,GSM_009,W3,22,151934,-48.158417,-0.071611,49,19,4,358,19,28,''
Qwen/Qwen2.5-7B-Instruct,GSM_009,W3,23,151933,-65.873344,-0.081722,49,19,4,358,19,28,''
Qwen/Qwen2.5-7B-Instruct,GSM_009,W3,24,151946,-98.155815,-0.097024,49,19,4,358,19,28,''
Qwen/Qwen2.5-7B-Instruct,GSM_009,W3,25,151939,-130.73996,-0.100989,49,19,4,358,19,28,''
Qwen/Qwen2.5-7B-Instruct,GSM_009,W3,26,151924,-175.857285,-0.099662,49,19,4,358,19,28,''
Qwen/Qwen2.5-7B-Instruct,GSM_009,W3,27,41,-20.147221,0.062814,49,19,4,358,19,28,''
Qwen/Qwen2.5-7B-Instruct,GSM_010,canonical,0,150478,-12.406372,-0.01661,885,23,8,150,23,28,''
Qwen/Qwen2.5-7B-Instruct,GSM_010,canonical,1,151739,-13.028172,-0.035491,885,23,8,150,23,28,''
Qwen/Qwen2.5-7B-Instruct,GSM_010,canonical,2,151747,-13.500233,-0.039696,885,23,8,150,23,28,''
Qwen/Qwen2.5-7B-Instruct,GSM_010,canonical,3,151697,-13.405708,-0.036131,885,23,8,150,23,28,''
Qwen/Qwen2.5-7B-Instruct,GSM_010,canonical,4,151585,-13.520006,-0.031899,885,23,8,150,23,28,''
Qwen/Qwen2.5-7B-Instruct,GSM_010,canonical,5,151646,-14.897446,-0.036338,885,23,8,150,23,28,''
Qwen/Qwen2.5-7B-Instruct,GSM_010,canonical,6,151550,-15.01474,-0.031423,885,23,8,150,23,28,''
Qwen/Qwen2.5-7B-Instruct,GSM_010,canonical,7,151780,-15.571638,-0.046562,885,23,8,150,23,28,''
Qwen/Qwen2.5-7B-Instruct,GSM_010,canonical,8,151674,-14.988913,-0.035472,885,23,8,150,23,28,''
Qwen/Qwen2.5-7B-Instruct,GSM_010,canonical,9,151859,-16.788206,-0.055995,885,23,8,150,23,28,''
Qwen/Qwen2.5-7B-Instruct,GSM_010,canonical,10,151832,-17.009907,-0.050342,885,23,8,150,23,28,''
Qwen/Qwen2.5-7B-Instruct,GSM_010,canonical,11,151793,-17.03322,-0.046161,885,23,8,150,23,28,''
Qwen/Qwen2.5-7B-Instruct,GSM_010,canonical,12,151666,-16.847095,-0.039175,885,23,8,150,23,28,''
Qwen/Qwen2.5-7B-Instruct,GSM_010,canonical,13,151735,-18.517063,-0.043979,885,23,8,150,23,28,''
Qwen/Qwen2.5-7B-Instruct,GSM_010,canonical,14,151735,-21.046684,-0.043988,885,23,8,150,23,28,''
Qwen/Qwen2.5-7B-Instruct,GSM_010,canonical,15,151712,-20.002844,-0.041374,885,23,8,150,23,28,''
Qwen/Qwen2.5-7B-Instruct,GSM_010,canonical,16,151788,-21.198303,-0.046562,885,23,8,150,23,28,''
Qwen/Qwen2.5-7B-Instruct,GSM_010,canonical,17,151694,-20.878809,-0.035961,885,23,8,150,23,28,''
Qwen/Qwen2.5-7B-Instruct,GSM_010,canonical,18,151699,-21.489126,-0.036382,885,23,8,150,23,28,''
Qwen/Qwen2.5-7B-Instruct,GSM_010,canonical,19,151852,-23.079933,-0.046386,885,23,8,150,23,28,''
Qwen/Qwen2.5-7B-Instruct,GSM_010,canonical,20,151866,-27.993212,-0.054224,885,23,8,150,23,28,''
Qwen/Qwen2.5-7B-Instruct,GSM_010,canonical,21,151824,-36.177822,-0.054078,885,23,8,150,23,28,''
Qwen/Qwen2.5-7B-Instruct,GSM_010,canonical,22,151775,-46.711685,-0.050926,885,23,8,150,23,28,''
Qwen/Qwen2.5-7B-Instruct,GSM_010,canonical,23,151781,-63.485928,-0.058611,885,23,8,150,23,28,''
Qwen/Qwen2.5-7B-Instruct,GSM_010,canonical,24,151796,-92.098106,-0.067241,885,23,8,150,23,28,''
Qwen/Qwen2.5-7B-Instruct,GSM_010,canonical,25,151753,-119.333015,-0.063685,885,23,8,150,23,28,''
Qwen/Qwen2.5-7B-Instruct,GSM_010,canonical,26,151683,-157.202286,-0.053742,885,23,8,150,23,28,''
Qwen/Qwen2.5-7B-Instruct,GSM_010,canonical,27,18,-14.899105,0.090252,885,23,8,150,23,28,''
Qwen/Qwen2.5-7B-Instruct,GSM_010,W3,0,150374,-12.39897,-0.016239,885,23,8,150,23,28,''
Qwen/Qwen2.5-7B-Instruct,GSM_010,W3,1,151734,-13.01766,-0.035293,885,23,8,150,23,28,''
Qwen/Qwen2.5-7B-Instruct,GSM_010,W3,2,151752,-13.475231,-0.039858,885,23,8,150,23,28,''
Qwen/Qwen2.5-7B-Instruct,GSM_010,W3,3,151685,-13.388741,-0.03546,885,23,8,150,23,28,''
Qwen/Qwen2.5-7B-Instruct,GSM_010,W3,4,151625,-13.527995,-0.032603,885,23,8,150,23,28,''
Qwen/Qwen2.5-7B-Instruct,GSM_010,W3,5,151679,-14.895069,-0.03745,885,23,8,150,23,28,''
Qwen/Qwen2.5-7B-Instruct,GSM_010,W3,6,151582,-15.080246,-0.032331,885,23,8,150,23,28,''
Qwen/Qwen2.5-7B-Instruct,GSM_010,W3,7,151789,-15.619578,-0.047833,885,23,8,150,23,28,''
Qwen/Qwen2.5-7B-Instruct,GSM_010,W3,8,151678,-14.98679,-0.035901,885,23,8,150,23,28,''
Qwen/Qwen2.5-7B-Instruct,GSM_010,W3,9,151865,-16.867439,-0.056854,885,23,8,150,23,28,''
Qwen/Qwen2.5-7B-Instruct,GSM_010,W3,10,151812,-16.962816,-0.048446,885,23,8,150,23,28,''
Qwen/Qwen2.5-7B-Instruct,GSM_010,W3,11,151781,-16.912987,-0.044538,885,23,8,150,23,28,''
Qwen/Qwen2.5-7B-Instruct,GSM_010,W3,12,151649,-16.560913,-0.036939,885,23,8,150,23,28,''
Qwen/Qwen2.5-7B-Instruct,GSM_010,W3,13,151749,-18.27113,-0.044056,885,23,8,150,23,28,''
Qwen/Qwen2.5-7B-Instruct,GSM_010,W3,14,151751,-21.224297,-0.04436,885,23,8,150,23,28,''
Qwen/Qwen2.5-7B-Instruct,GSM_010,W3,15,151751,-20.051521,-0.043349,885,23,8,150,23,28,''
Qwen/Qwen2.5-7B-Instruct,GSM_010,W3,16,151755,-21.000761,-0.043049,885,23,8,150,23,28,''
Qwen/Qwen2.5-7B-Instruct,GSM_010,W3,17,151653,-20.915209,-0.033125,885,23,8,150,23,28,''
Qwen/Qwen2.5-7B-Instruct,GSM_010,W3,18,151610,-20.570631,-0.031398,885,23,8,150,23,28,''
Qwen/Qwen2.5-7B-Instruct,GSM_010,W3,19,151834,-22.950026,-0.041731,885,23,8,150,23,28,''
Qwen/Qwen2.5-7B-Instruct,GSM_010,W3,20,151855,-27.129395,-0.049102,885,23,8,150,23,28,''
Qwen/Qwen2.5-7B-Instruct,GSM_010,W3,21,151854,-35.050884,-0.057225,885,23,8,150,23,28,''
Qwen/Qwen2.5-7B-Instruct,GSM_010,W3,22,151793,-46.938934,-0.05149,885,23,8,150,23,28,''
Qwen/Qwen2.5-7B-Instruct,GSM_010,W3,23,151756,-61.507931,-0.052312,885,23,8,150,23,28,''
Qwen/Qwen2.5-7B-Instruct,GSM_010,W3,24,151796,-92.379799,-0.06724,885,23,8,150,23,28,''
Qwen/Qwen2.5-7B-Instruct,GSM_010,W3,25,151769,-124.908775,-0.068271,885,23,8,150,23,28,''
Qwen/Qwen2.5-7B-Instruct,GSM_010,W3,26,151718,-157.463211,-0.058819,885,23,8,150,23,28,''
Qwen/Qwen2.5-7B-Instruct,GSM_010,W3,27,23,-17.99622,0.084474,885,23,8,150,23,28,''
Qwen/Qwen2.5-7B-Instruct,GSM_011,canonical,0,150499,-12.416005,-0.017006,86,23,8,150,23,28,''
Qwen/Qwen2.5-7B-Instruct,GSM_011,canonical,1,151723,-13.030154,-0.034959,86,23,8,150,23,28,''
Qwen/Qwen2.5-7B-Instruct,GSM_011,canonical,2,151741,-13.513649,-0.039665,86,23,8,150,23,28,''
Qwen/Qwen2.5-7B-Instruct,GSM_011,canonical,3,151693,-13.415337,-0.035745,86,23,8,150,23,28,''
Qwen/Qwen2.5-7B-Instruct,GSM_011,canonical,4,151624,-13.578945,-0.032921,86,23,8,150,23,28,''
Qwen/Qwen2.5-7B-Instruct,GSM_011,canonical,5,151666,-14.847895,-0.03734,86,23,8,150,23,28,''
Qwen/Qwen2.5-7B-Instruct,GSM_011,canonical,6,151605,-15.059104,-0.033421,86,23,8,150,23,28,''
Qwen/Qwen2.5-7B-Instruct,GSM_011,canonical,7,151781,-15.674683,-0.047889,86,23,8,150,23,28,''
Qwen/Qwen2.5-7B-Instruct,GSM_011,canonical,8,151712,-15.128975,-0.037893,86,23,8,150,23,28,''
Qwen/Qwen2.5-7B-Instruct,GSM_011,canonical,9,151874,-16.894302,-0.059532,86,23,8,150,23,28,''
Qwen/Qwen2.5-7B-Instruct,GSM_011,canonical,10,151849,-17.127811,-0.052295,86,23,8,150,23,28,''
Qwen/Qwen2.5-7B-Instruct,GSM_011,canonical,11,151808,-17.035069,-0.047274,86,23,8,150,23,28,''
Qwen/Qwen2.5-7B-Instruct,GSM_011,canonical,12,151701,-16.855743,-0.040231,86,23,8,150,23,28,''
Qwen/Qwen2.5-7B-Instruct,GSM_011,canonical,13,151780,-18.843121,-0.047997,86,23,8,150,23,28,''
Qwen/Qwen2.5-7B-Instruct,GSM_011,canonical,14,151757,-21.426676,-0.045893,86,23,8,150,23,28,''
Qwen/Qwen2.5-7B-Instruct,GSM_011,canonical,15,151762,-20.597279,-0.045426,86,23,8,150,23,28,''
Qwen/Qwen2.5-7B-Instruct,GSM_011,canonical,16,151814,-21.468777,-0.049237,86,23,8,150,23,28,''
Qwen/Qwen2.5-7B-Instruct,GSM_011,canonical,17,151726,-20.936197,-0.036559,86,23,8,150,23,28,''
Qwen/Qwen2.5-7B-Instruct,GSM_011,canonical,18,151754,-21.264862,-0.039398,86,23,8,150,23,28,''
Qwen/Qwen2.5-7B-Instruct,GSM_011,canonical,19,151800,-22.081934,-0.038704,86,23,8,150,23,28,''
Qwen/Qwen2.5-7B-Instruct,GSM_011,canonical,20,151869,-25.734287,-0.047252,86,23,8,150,23,28,''
Qwen/Qwen2.5-7B-Instruct,GSM_011,canonical,21,151877,-33.771641,-0.055589,86,23,8,150,23,28,''
Qwen/Qwen2.5-7B-Instruct,GSM_011,canonical,22,151790,-40.384583,-0.047244,86,23,8,150,23,28,''
Qwen/Qwen2.5-7B-Instruct,GSM_011,canonical,23,151772,-61.472301,-0.054063,86,23,8,150,23,28,''
Qwen/Qwen2.5-7B-Instruct,GSM_011,canonical,24,151800,-91.558594,-0.068419,86,23,8,150,23,28,''
Qwen/Qwen2.5-7B-Instruct,GSM_011,canonical,25,151758,-118.302795,-0.064835,86,23,8,150,23,28,''
Qwen/Qwen2.5-7B-Instruct,GSM_011,canonical,26,151675,-147.764862,-0.053776,86,23,8,150,23,28,''
Qwen/Qwen2.5-7B-Instruct,GSM_011,canonical,27,14,-17.134478,0.088446,86,23,8,150,23,28,''
Qwen/Qwen2.5-7B-Instruct,GSM_011,W3,0,150690,-12.417095,-0.018004,86,23,8,150,23,28,''
Qwen/Qwen2.5-7B-Instruct,GSM_011,W3,1,151753,-13.038688,-0.036473,86,23,8,150,23,28,''
Qwen/Qwen2.5-7B-Instruct,GSM_011,W3,2,151775,-13.518064,-0.041499,86,23,8,150,23,28,''
Qwen/Qwen2.5-7B-Instruct,GSM_011,W3,3,151697,-13.385543,-0.035431,86,23,8,150,23,28,''
Qwen/Qwen2.5-7B-Instruct,GSM_011,W3,4,151612,-13.526316,-0.031607,86,23,8,150,23,28,''
Qwen/Qwen2.5-7B-Instruct,GSM_011,W3,5,151690,-14.74343,-0.036927,86,23,8,150,23,28,''
Qwen/Qwen2.5-7B-Instruct,GSM_011,W3,6,151654,-15.109183,-0.034587,86,23,8,150,23,28,''
Qwen/Qwen2.5-7B-Instruct,GSM_011,W3,7,151796,-15.659654,-0.048936,86,23,8,150,23,28,''
Qwen/Qwen2.5-7B-Instruct,GSM_011,W3,8,151692,-14.92555,-0.03561,86,23,8,150,23,28,''
Qwen/Qwen2.5-7B-Instruct,GSM_011,W3,9,151881,-16.827736,-0.059818,86,23,8,150,23,28,''
Qwen/Qwen2.5-7B-Instruct,GSM_011,W3,10,151849,-16.997654,-0.052198,86,23,8,150,23,28,''
Qwen/Qwen2.5-7B-Instruct,GSM_011,W3,11,151806,-16.875879,-0.046548,86,23,8,150,23,28,''
Qwen/Qwen2.5-7B-Instruct,GSM_011,W3,12,151689,-16.730789,-0.039181,86,23,8,150,23,28,''
Qwen/Qwen2.5-7B-Instruct,GSM_011,W3,13,151795,-18.699007,-0.048773,86,23,8,150,23,28,''
Qwen/Qwen2.5-7B-Instruct,GSM_011,W3,14,151768,-21.208796,-0.046342,86,23,8,150,23,28,''
Qwen/Qwen2.5-7B-Instruct,GSM_011,W3,15,151796,-20.444773,-0.047536,86,23,8,150,23,28,''
Qwen/Qwen2.5-7B-Instruct,GSM_011,W3,16,151810,-21.395369,-0.04745,86,23,8,150,23,28,''
Qwen/Qwen2.5-7B-Instruct,GSM_011,W3,17,151686,-20.780245,-0.03357,86,23,8,150,23,28,''
Qwen/Qwen2.5-7B-Instruct,GSM_011,W3,18,151730,-20.94408,-0.036463,86,23,8,150,23,28,''
Qwen/Qwen2.5-7B-Instruct,GSM_011,W3,19,151773,-21.960442,-0.036262,86,23,8,150,23,28,''
Qwen/Qwen2.5-7B-Instruct,GSM_011,W3,20,151886,-25.799887,-0.049216,86,23,8,150,23,28,''
Qwen/Qwen2.5-7B-Instruct,GSM_011,W3,21,151883,-36.06406,-0.061726,86,23,8,150,23,28,''
Qwen/Qwen2.5-7B-Instruct,GSM_011,W3,22,151844,-46.317341,-0.060495,86,23,8,150,23,28,''
Qwen/Qwen2.5-7B-Instruct,GSM_011,W3,23,151837,-66.873718,-0.069833,86,23,8,150,23,28,''
Qwen/Qwen2.5-7B-Instruct,GSM_011,W3,24,151852,-95.403046,-0.081272,86,23,8,150,23,28,''
Qwen/Qwen2.5-7B-Instruct,GSM_011,W3,25,151809,-122.476044,-0.07448,86,23,8,150,23,28,''
Qwen/Qwen2.5-7B-Instruct,GSM_011,W3,26,151771,-156.65097,-0.06728,86,23,8,150,23,28,''
Qwen/Qwen2.5-7B-Instruct,GSM_011,W3,27,36,-21.191845,0.066537,86,23,8,150,23,28,''
Qwen/Qwen2.5-7B-Instruct,GSM_012,canonical,0,150427,-12.408161,-0.016681,81,23,8,150,23,28,''
Qwen/Qwen2.5-7B-Instruct,GSM_012,canonical,1,151738,-13.02821,-0.035594,81,23,8,150,23,28,''
Qwen/Qwen2.5-7B-Instruct,GSM_012,canonical,2,151737,-13.493505,-0.039112,81,23,8,150,23,28,''
Qwen/Qwen2.5-7B-Instruct,GSM_012,canonical,3,151690,-13.408972,-0.035725,81,23,8,150,23,28,''
Qwen/Qwen2.5-7B-Instruct,GSM_012,canonical,4,151666,-13.595918,-0.034225,81,23,8,150,23,28,''
Qwen/Qwen2.5-7B-Instruct,GSM_012,canonical,5,151693,-14.898453,-0.038364,81,23,8,150,23,28,''
Qwen/Qwen2.5-7B-Instruct,GSM_012,canonical,6,151617,-15.101659,-0.033786,81,23,8,150,23,28,''
Qwen/Qwen2.5-7B-Instruct,GSM_012,canonical,7,151787,-15.692052,-0.047884,81,23,8,150,23,28,''
Qwen/Qwen2.5-7B-Instruct,GSM_012,canonical,8,151698,-15.088828,-0.036892,81,23,8,150,23,28,''
Qwen/Qwen2.5-7B-Instruct,GSM_012,canonical,9,151869,-17.025854,-0.058971,81,23,8,150,23,28,''
Qwen/Qwen2.5-7B-Instruct,GSM_012,canonical,10,151840,-17.219305,-0.051988,81,23,8,150,23,28,''
Qwen/Qwen2.5-7B-Instruct,GSM_012,canonical,11,151795,-17.097118,-0.046176,81,23,8,150,23,28,''
Qwen/Qwen2.5-7B-Instruct,GSM_012,canonical,12,151662,-16.881033,-0.038221,81,23,8,150,23,28,''
Qwen/Qwen2.5-7B-Instruct,GSM_012,canonical,13,151768,-18.724525,-0.047137,81,23,8,150,23,28,''
Qwen/Qwen2.5-7B-Instruct,GSM_012,canonical,14,151743,-21.288523,-0.044001,81,23,8,150,23,28,''
Qwen/Qwen2.5-7B-Instruct,GSM_012,canonical,15,151757,-20.374538,-0.044216,81,23,8,150,23,28,''
Qwen/Qwen2.5-7B-Instruct,GSM_012,canonical,16,151792,-21.107323,-0.045939,81,23,8,150,23,28,''
Qwen/Qwen2.5-7B-Instruct,GSM_012,canonical,17,151697,-20.851772,-0.034565,81,23,8,150,23,28,''
Qwen/Qwen2.5-7B-Instruct,GSM_012,canonical,18,151764,-21.33761,-0.038961,81,23,8,150,23,28,''
Qwen/Qwen2.5-7B-Instruct,GSM_012,canonical,19,151799,-21.625023,-0.036967,81,23,8,150,23,28,''
Qwen/Qwen2.5-7B-Instruct,GSM_012,canonical,20,151854,-25.818184,-0.045921,81,23,8,150,23,28,''
Qwen/Qwen2.5-7B-Instruct,GSM_012,canonical,21,151840,-33.423882,-0.050811,81,23,8,150,23,28,''
Qwen/Qwen2.5-7B-Instruct,GSM_012,canonical,22,151817,-41.214764,-0.049519,81,23,8,150,23,28,''
Qwen/Qwen2.5-7B-Instruct,GSM_012,canonical,23,151804,-60.806622,-0.057448,81,23,8,150,23,28,''
Qwen/Qwen2.5-7B-Instruct,GSM_012,canonical,24,151812,-90.536789,-0.069076,81,23,8,150,23,28,''
Qwen/Qwen2.5-7B-Instruct,GSM_012,canonical,25,151767,-118.160866,-0.06491,81,23,8,150,23,28,''
Qwen/Qwen2.5-7B-Instruct,GSM_012,canonical,26,151727,-152.659378,-0.057726,81,23,8,150,23,28,''
Qwen/Qwen2.5-7B-Instruct,GSM_012,canonical,27,31,-20.14459,0.076632,81,23,8,150,23,28,''
Qwen/Qwen2.5-7B-Instruct,GSM_012,W3,0,150713,-12.416258,-0.018391,81,23,8,150,23,28,''
Qwen/Qwen2.5-7B-Instruct,GSM_012,W3,1,151752,-13.021659,-0.036473,81,23,8,150,23,28,''
Qwen/Qwen2.5-7B-Instruct,GSM_012,W3,2,151757,-13.477297,-0.039999,81,23,8,150,23,28,''
Qwen/Qwen2.5-7B-Instruct,GSM_012,W3,3,151701,-13.396963,-0.035605,81,23,8,150,23,28,''
Qwen/Qwen2.5-7B-Instruct,GSM_012,W3,4,151660,-13.576277,-0.033552,81,23,8,150,23,28,''
Qwen/Qwen2.5-7B-Instruct,GSM_012,W3,5,151706,-14.838142,-0.038228,81,23,8,150,23,28,''
Qwen/Qwen2.5-7B-Instruct,GSM_012,W3,6,151658,-15.146442,-0.034915,81,23,8,150,23,28,''
Qwen/Qwen2.5-7B-Instruct,GSM_012,W3,7,151802,-15.746206,-0.049619,81,23,8,150,23,28,''
Qwen/Qwen2.5-7B-Instruct,GSM_012,W3,8,151707,-14.988285,-0.036911,81,23,8,150,23,28,''
Qwen/Qwen2.5-7B-Instruct,GSM_012,W3,9,151879,-16.993498,-0.060483,81,23,8,150,23,28,''
Qwen/Qwen2.5-7B-Instruct,GSM_012,W3,10,151841,-17.100689,-0.052168,81,23,8,150,23,28,''
Qwen/Qwen2.5-7B-Instruct,GSM_012,W3,11,151795,-16.923786,-0.045621,81,23,8,150,23,28,''
Qwen/Qwen2.5-7B-Instruct,GSM_012,W3,12,151682,-16.748619,-0.038453,81,23,8,150,23,28,''
Qwen/Qwen2.5-7B-Instruct,GSM_012,W3,13,151787,-18.774796,-0.04854,81,23,8,150,23,28,''
Qwen/Qwen2.5-7B-Instruct,GSM_012,W3,14,151752,-21.178843,-0.044179,81,23,8,150,23,28,''
Qwen/Qwen2.5-7B-Instruct,GSM_012,W3,15,151781,-20.33383,-0.045698,81,23,8,150,23,28,''
Qwen/Qwen2.5-7B-Instruct,GSM_012,W3,16,151774,-21.242704,-0.043812,81,23,8,150,23,28,''
Qwen/Qwen2.5-7B-Instruct,GSM_012,W3,17,151674,-21.025364,-0.033662,81,23,8,150,23,28,''
Qwen/Qwen2.5-7B-Instruct,GSM_012,W3,18,151747,-20.93404,-0.03696,81,23,8,150,23,28,''
Qwen/Qwen2.5-7B-Instruct,GSM_012,W3,19,151818,-22.441681,-0.039238,81,23,8,150,23,28,''
Qwen/Qwen2.5-7B-Instruct,GSM_012,W3,20,151885,-27.250793,-0.051983,81,23,8,150,23,28,''
Qwen/Qwen2.5-7B-Instruct,GSM_012,W3,21,151876,-36.454941,-0.060124,81,23,8,150,23,28,''
Qwen/Qwen2.5-7B-Instruct,GSM_012,W3,22,151825,-46.826313,-0.057383,81,23,8,150,23,28,''
Qwen/Qwen2.5-7B-Instruct,GSM_012,W3,23,151826,-64.750023,-0.064679,81,23,8,150,23,28,''
Qwen/Qwen2.5-7B-Instruct,GSM_012,W3,24,151836,-92.52449,-0.075726,81,23,8,150,23,28,''
Qwen/Qwen2.5-7B-Instruct,GSM_012,W3,25,151823,-120.211357,-0.075843,81,23,8,150,23,28,''
Qwen/Qwen2.5-7B-Instruct,GSM_012,W3,26,151800,-155.578079,-0.069236,81,23,8,150,23,28,''
Qwen/Qwen2.5-7B-Instruct,GSM_012,W3,27,48,-22.23811,0.063075,81,23,8,150,23,28,''
Qwen/Qwen2.5-7B-Instruct,GSM_013,canonical,0,150780,-12.423049,-0.019646,90,24,9,135,24,28,''
Qwen/Qwen2.5-7B-Instruct,GSM_013,canonical,1,151796,-13.0694,-0.040576,90,24,9,135,24,28,''
Qwen/Qwen2.5-7B-Instruct,GSM_013,canonical,2,151805,-13.531496,-0.045425,90,24,9,135,24,28,''
Qwen/Qwen2.5-7B-Instruct,GSM_013,canonical,3,151819,-13.481243,-0.043897,90,24,9,135,24,28,''
Qwen/Qwen2.5-7B-Instruct,GSM_013,canonical,4,151733,-13.639841,-0.038546,90,24,9,135,24,28,''
Qwen/Qwen2.5-7B-Instruct,GSM_013,canonical,5,151700,-14.896214,-0.039746,90,24,9,135,24,28,''
Qwen/Qwen2.5-7B-Instruct,GSM_013,canonical,6,151507,-14.943618,-0.030157,90,24,9,135,24,28,''
Qwen/Qwen2.5-7B-Instruct,GSM_013,canonical,7,151789,-15.656087,-0.050168,90,24,9,135,24,28,''
Qwen/Qwen2.5-7B-Instruct,GSM_013,canonical,8,151722,-15.042642,-0.039256,90,24,9,135,24,28,''
Qwen/Qwen2.5-7B-Instruct,GSM_013,canonical,9,151838,-16.754961,-0.055922,90,24,9,135,24,28,''
Qwen/Qwen2.5-7B-Instruct,GSM_013,canonical,10,151845,-17.029831,-0.053809,90,24,9,135,24,28,''
Qwen/Qwen2.5-7B-Instruct,GSM_013,canonical,11,151730,-16.702051,-0.041549,90,24,9,135,24,28,''
Qwen/Qwen2.5-7B-Instruct,GSM_013,canonical,12,151654,-16.800629,-0.038931,90,24,9,135,24,28,''
Qwen/Qwen2.5-7B-Instruct,GSM_013,canonical,13,151747,-18.584558,-0.046424,90,24,9,135,24,28,''
Qwen/Qwen2.5-7B-Instruct,GSM_013,canonical,14,151825,-21.578817,-0.054686,90,24,9,135,24,28,''
Qwen/Qwen2.5-7B-Instruct,GSM_013,canonical,15,151774,-20.413828,-0.04876,90,24,9,135,24,28,''
Qwen/Qwen2.5-7B-Instruct,GSM_013,canonical,16,151823,-21.404537,-0.053059,90,24,9,135,24,28,''
Qwen/Qwen2.5-7B-Instruct,GSM_013,canonical,17,151732,-20.913559,-0.039109,90,24,9,135,24,28,''
Qwen/Qwen2.5-7B-Instruct,GSM_013,canonical,18,151749,-21.288151,-0.041657,90,24,9,135,24,28,''
Qwen/Qwen2.5-7B-Instruct,GSM_013,canonical,19,151809,-22.752758,-0.043614,90,24,9,135,24,28,''
Qwen/Qwen2.5-7B-Instruct,GSM_013,canonical,20,151823,-24.677832,-0.044041,90,24,9,135,24,28,''
Qwen/Qwen2.5-7B-Instruct,GSM_013,canonical,21,151844,-33.334541,-0.053786,90,24,9,135,24,28,''
Qwen/Qwen2.5-7B-Instruct,GSM_013,canonical,22,151829,-43.053146,-0.053932,90,24,9,135,24,28,''
Qwen/Qwen2.5-7B-Instruct,GSM_013,canonical,23,151848,-57.368313,-0.064974,90,24,9,135,24,28,''
Qwen/Qwen2.5-7B-Instruct,GSM_013,canonical,24,151827,-85.793892,-0.07194,90,24,9,135,24,28,''
Qwen/Qwen2.5-7B-Instruct,GSM_013,canonical,25,151760,-112.94062,-0.062447,90,24,9,135,24,28,''
Qwen/Qwen2.5-7B-Instruct,GSM_013,canonical,26,151683,-151.27005,-0.052823,90,24,9,135,24,28,''
Qwen/Qwen2.5-7B-Instruct,GSM_013,canonical,27,10,-10.873575,0.114789,90,24,9,135,24,28,''
Qwen/Qwen2.5-7B-Instruct,GSM_013,W3,0,150808,-12.413629,-0.019694,90,24,9,135,24,28,''
Qwen/Qwen2.5-7B-Instruct,GSM_013,W3,1,151794,-13.039961,-0.039997,90,24,9,135,24,28,''
Qwen/Qwen2.5-7B-Instruct,GSM_013,W3,2,151791,-13.50234,-0.044199,90,24,9,135,24,28,''
Qwen/Qwen2.5-7B-Instruct,GSM_013,W3,3,151802,-13.469226,-0.042999,90,24,9,135,24,28,''
Qwen/Qwen2.5-7B-Instruct,GSM_013,W3,4,151694,-13.587397,-0.036734,90,24,9,135,24,28,''
Qwen/Qwen2.5-7B-Instruct,GSM_013,W3,5,151702,-14.820681,-0.039213,90,24,9,135,24,28,''
Qwen/Qwen2.5-7B-Instruct,GSM_013,W3,6,151563,-15.028296,-0.031812,90,24,9,135,24,28,''
Qwen/Qwen2.5-7B-Instruct,GSM_013,W3,7,151798,-15.664095,-0.05036,90,24,9,135,24,28,''
Qwen/Qwen2.5-7B-Instruct,GSM_013,W3,8,151719,-14.979893,-0.038644,90,24,9,135,24,28,''
Qwen/Qwen2.5-7B-Instruct,GSM_013,W3,9,151849,-16.656235,-0.056702,90,24,9,135,24,28,''
Qwen/Qwen2.5-7B-Instruct,GSM_013,W3,10,151850,-16.864733,-0.053574,90,24,9,135,24,28,''
Qwen/Qwen2.5-7B-Instruct,GSM_013,W3,11,151727,-16.543951,-0.040825,90,24,9,135,24,28,''
Qwen/Qwen2.5-7B-Instruct,GSM_013,W3,12,151641,-16.512276,-0.037227,90,24,9,135,24,28,''
Qwen/Qwen2.5-7B-Instruct,GSM_013,W3,13,151750,-18.357046,-0.045601,90,24,9,135,24,28,''
Qwen/Qwen2.5-7B-Instruct,GSM_013,W3,14,151818,-21.439209,-0.053045,90,24,9,135,24,28,''
Qwen/Qwen2.5-7B-Instruct,GSM_013,W3,15,151792,-20.208723,-0.04874,90,24,9,135,24,28,''
Qwen/Qwen2.5-7B-Instruct,GSM_013,W3,16,151809,-21.275475,-0.04959,90,24,9,135,24,28,''
Qwen/Qwen2.5-7B-Instruct,GSM_013,W3,17,151690,-20.790678,-0.035399,90,24,9,135,24,28,''
Qwen/Qwen2.5-7B-Instruct,GSM_013,W3,18,151702,-20.458794,-0.03672,90,24,9,135,24,28,''
Qwen/Qwen2.5-7B-Instruct,GSM_013,W3,19,151747,-22.122599,-0.036913,90,24,9,135,24,28,''
Qwen/Qwen2.5-7B-Instruct,GSM_013,W3,20,151858,-25.069952,-0.047763,90,24,9,135,24,28,''
Qwen/Qwen2.5-7B-Instruct,GSM_013,W3,21,151850,-34.790958,-0.056904,90,24,9,135,24,28,''
Qwen/Qwen2.5-7B-Instruct,GSM_013,W3,22,151836,-46.926357,-0.058252,90,24,9,135,24,28,''
Qwen/Qwen2.5-7B-Instruct,GSM_013,W3,23,151836,-61.212158,-0.065398,90,24,9,135,24,28,''
Qwen/Qwen2.5-7B-Instruct,GSM_013,W3,24,151818,-87.475632,-0.07038,90,24,9,135,24,28,''
Qwen/Qwen2.5-7B-Instruct,GSM_013,W3,25,151789,-117.925232,-0.070262,90,24,9,135,24,28,''
Qwen/Qwen2.5-7B-Instruct,GSM_013,W3,26,151743,-158.599426,-0.064825,90,24,9,135,24,28,''
Qwen/Qwen2.5-7B-Instruct,GSM_013,W3,27,18,-16.221016,0.096609,90,24,9,135,24,28,''
Qwen/Qwen2.5-7B-Instruct,GSM_014,canonical,0,147944,-12.345372,-0.008139,70,22,7,235,22,28,''
Qwen/Qwen2.5-7B-Instruct,GSM_014,canonical,1,151535,-12.961153,-0.027761,70,22,7,235,22,28,''
Qwen/Qwen2.5-7B-Instruct,GSM_014,canonical,2,151702,-13.47505,-0.036445,70,22,7,235,22,28,''
Qwen/Qwen2.5-7B-Instruct,GSM_014,canonical,3,151636,-13.399754,-0.03303,70,22,7,235,22,28,''
Qwen/Qwen2.5-7B-Instruct,GSM_014,canonical,4,151527,-13.547573,-0.029451,70,22,7,235,22,28,''
Qwen/Qwen2.5-7B-Instruct,GSM_014,canonical,5,151633,-14.837055,-0.035388,70,22,7,235,22,28,''
Qwen/Qwen2.5-7B-Instruct,GSM_014,canonical,6,151543,-14.955391,-0.030266,70,22,7,235,22,28,''
Qwen/Qwen2.5-7B-Instruct,GSM_014,canonical,7,151796,-15.617919,-0.048829,70,22,7,235,22,28,''
Qwen/Qwen2.5-7B-Instruct,GSM_014,canonical,8,151809,-15.13001,-0.044691,70,22,7,235,22,28,''
Qwen/Qwen2.5-7B-Instruct,GSM_014,canonical,9,151845,-16.773718,-0.054456,70,22,7,235,22,28,''
Qwen/Qwen2.5-7B-Instruct,GSM_014,canonical,10,151845,-17.066015,-0.051567,70,22,7,235,22,28,''
Qwen/Qwen2.5-7B-Instruct,GSM_014,canonical,11,151795,-17.218164,-0.046462,70,22,7,235,22,28,''
Qwen/Qwen2.5-7B-Instruct,GSM_014,canonical,12,151758,-17.205801,-0.043866,70,22,7,235,22,28,''
Qwen/Qwen2.5-7B-Instruct,GSM_014,canonical,13,151763,-18.789429,-0.046902,70,22,7,235,22,28,''
Qwen/Qwen2.5-7B-Instruct,GSM_014,canonical,14,151819,-21.972481,-0.051916,70,22,7,235,22,28,''
Qwen/Qwen2.5-7B-Instruct,GSM_014,canonical,15,151726,-20.235441,-0.040789,70,22,7,235,22,28,''
Qwen/Qwen2.5-7B-Instruct,GSM_014,canonical,16,151803,-21.43269,-0.047804,70,22,7,235,22,28,''
Qwen/Qwen2.5-7B-Instruct,GSM_014,canonical,17,151661,-20.648537,-0.032492,70,22,7,235,22,28,''
Qwen/Qwen2.5-7B-Instruct,GSM_014,canonical,18,151679,-21.540861,-0.035401,70,22,7,235,22,28,''
Qwen/Qwen2.5-7B-Instruct,GSM_014,canonical,19,151794,-23.490807,-0.041513,70,22,7,235,22,28,''
Qwen/Qwen2.5-7B-Instruct,GSM_014,canonical,20,151829,-25.924746,-0.044486,70,22,7,235,22,28,''
Qwen/Qwen2.5-7B-Instruct,GSM_014,canonical,21,151797,-33.710285,-0.043891,70,22,7,235,22,28,''
Qwen/Qwen2.5-7B-Instruct,GSM_014,canonical,22,151802,-42.18055,-0.046816,70,22,7,235,22,28,''
Qwen/Qwen2.5-7B-Instruct,GSM_014,canonical,23,151819,-61.245266,-0.060857,70,22,7,235,22,28,''
Qwen/Qwen2.5-7B-Instruct,GSM_014,canonical,24,151844,-91.447075,-0.077471,70,22,7,235,22,28,''
Qwen/Qwen2.5-7B-Instruct,GSM_014,canonical,25,151776,-116.130035,-0.066321,70,22,7,235,22,28,''
Qwen/Qwen2.5-7B-Instruct,GSM_014,canonical,26,151672,-146.704742,-0.051437,70,22,7,235,22,28,''
Qwen/Qwen2.5-7B-Instruct,GSM_014,canonical,27,7,-10.26072,0.112428,70,22,7,235,22,28,''
Qwen/Qwen2.5-7B-Instruct,GSM_014,W3,0,148028,-12.341544,-0.008189,70,22,7,235,22,28,''
Qwen/Qwen2.5-7B-Instruct,GSM_014,W3,1,151561,-12.958326,-0.028165,70,22,7,235,22,28,''
Qwen/Qwen2.5-7B-Instruct,GSM_014,W3,2,151706,-13.465578,-0.036651,70,22,7,235,22,28,''
Qwen/Qwen2.5-7B-Instruct,GSM_014,W3,3,151636,-13.360998,-0.032482,70,22,7,235,22,28,''
Qwen/Qwen2.5-7B-Instruct,GSM_014,W3,4,151479,-13.495526,-0.02835,70,22,7,235,22,28,''
Qwen/Qwen2.5-7B-Instruct,GSM_014,W3,5,151632,-14.772854,-0.034593,70,22,7,235,22,28,''
Qwen/Qwen2.5-7B-Instruct,GSM_014,W3,6,151596,-15.054433,-0.032116,70,22,7,235,22,28,''
Qwen/Qwen2.5-7B-Instruct,GSM_014,W3,7,151805,-15.657034,-0.049873,70,22,7,235,22,28,''
Qwen/Qwen2.5-7B-Instruct,GSM_014,W3,8,151822,-15.076773,-0.044916,70,22,7,235,22,28,''
Qwen/Qwen2.5-7B-Instruct,GSM_014,W3,9,151860,-16.730556,-0.055173,70,22,7,235,22,28,''
Qwen/Qwen2.5-7B-Instruct,GSM_014,W3,10,151835,-16.913317,-0.050366,70,22,7,235,22,28,''
Qwen/Qwen2.5-7B-Instruct,GSM_014,W3,11,151762,-16.888237,-0.042211,70,22,7,235,22,28,''
Qwen/Qwen2.5-7B-Instruct,GSM_014,W3,12,151679,-16.721849,-0.038222,70,22,7,235,22,28,''
Qwen/Qwen2.5-7B-Instruct,GSM_014,W3,13,151731,-18.396122,-0.042231,70,22,7,235,22,28,''
Qwen/Qwen2.5-7B-Instruct,GSM_014,W3,14,151778,-21.702232,-0.047446,70,22,7,235,22,28,''
Qwen/Qwen2.5-7B-Instruct,GSM_014,W3,15,151715,-20.062147,-0.039934,70,22,7,235,22,28,''
Qwen/Qwen2.5-7B-Instruct,GSM_014,W3,16,151778,-21.319805,-0.045348,70,22,7,235,22,28,''
Qwen/Qwen2.5-7B-Instruct,GSM_014,W3,17,151587,-20.682087,-0.02974,70,22,7,235,22,28,''
Qwen/Qwen2.5-7B-Instruct,GSM_014,W3,18,151567,-21.221832,-0.029916,70,22,7,235,22,28,''
Qwen/Qwen2.5-7B-Instruct,GSM_014,W3,19,151749,-23.607391,-0.037646,70,22,7,235,22,28,''
Qwen/Qwen2.5-7B-Instruct,GSM_014,W3,20,151819,-26.026299,-0.045284,70,22,7,235,22,28,''
Qwen/Qwen2.5-7B-Instruct,GSM_014,W3,21,151751,-33.137169,-0.04003,70,22,7,235,22,28,''
Qwen/Qwen2.5-7B-Instruct,GSM_014,W3,22,151715,-42.21109,-0.039125,70,22,7,235,22,28,''
Qwen/Qwen2.5-7B-Instruct,GSM_014,W3,23,151705,-57.091999,-0.042973,70,22,7,235,22,28,''
Qwen/Qwen2.5-7B-Instruct,GSM_014,W3,24,151777,-89.5187,-0.061008,70,22,7,235,22,28,''
Qwen/Qwen2.5-7B-Instruct,GSM_014,W3,25,151742,-120.51432,-0.062539,70,22,7,235,22,28,''
Qwen/Qwen2.5-7B-Instruct,GSM_014,W3,26,151700,-150.852829,-0.055075,70,22,7,235,22,28,''
Qwen/Qwen2.5-7B-Instruct,GSM_014,W3,27,9,-13.999182,0.104876,70,22,7,235,22,28,''
Qwen/Qwen2.5-7B-Instruct,GSM_015,canonical,0,151645,-12.502888,-0.027685,354,18,3,387,18,28,''
Qwen/Qwen2.5-7B-Instruct,GSM_015,canonical,1,151968,-13.235623,-0.053963,354,18,3,387,18,28,''
Qwen/Qwen2.5-7B-Instruct,GSM_015,canonical,2,151969,-13.82292,-0.062025,354,18,3,387,18,28,''
Qwen/Qwen2.5-7B-Instruct,GSM_015,canonical,3,151966,-13.733332,-0.055563,354,18,3,387,18,28,''
Qwen/Qwen2.5-7B-Instruct,GSM_015,canonical,4,151945,-13.93133,-0.051704,354,18,3,387,18,28,''
Qwen/Qwen2.5-7B-Instruct,GSM_015,canonical,5,151974,-15.618334,-0.066422,354,18,3,387,18,28,''
Qwen/Qwen2.5-7B-Instruct,GSM_015,canonical,6,151939,-15.712395,-0.058498,354,18,3,387,18,28,''
Qwen/Qwen2.5-7B-Instruct,GSM_015,canonical,7,151992,-16.336187,-0.075112,354,18,3,387,18,28,''
Qwen/Qwen2.5-7B-Instruct,GSM_015,canonical,8,151979,-15.717367,-0.061089,354,18,3,387,18,28,''
Qwen/Qwen2.5-7B-Instruct,GSM_015,canonical,9,152006,-17.628994,-0.080526,354,18,3,387,18,28,''
Qwen/Qwen2.5-7B-Instruct,GSM_015,canonical,10,151997,-18.035025,-0.078591,354,18,3,387,18,28,''
Qwen/Qwen2.5-7B-Instruct,GSM_015,canonical,11,151959,-17.687744,-0.067574,354,18,3,387,18,28,''
Qwen/Qwen2.5-7B-Instruct,GSM_015,canonical,12,151935,-17.753868,-0.064654,354,18,3,387,18,28,''
Qwen/Qwen2.5-7B-Instruct,GSM_015,canonical,13,151936,-19.705011,-0.069609,354,18,3,387,18,28,''
Qwen/Qwen2.5-7B-Instruct,GSM_015,canonical,14,151982,-23.300932,-0.078658,354,18,3,387,18,28,''
Qwen/Qwen2.5-7B-Instruct,GSM_015,canonical,15,151971,-22.089806,-0.073564,354,18,3,387,18,28,''
Qwen/Qwen2.5-7B-Instruct,GSM_015,canonical,16,151984,-22.682302,-0.074132,354,18,3,387,18,28,''
Qwen/Qwen2.5-7B-Instruct,GSM_015,canonical,17,151943,-22.080557,-0.058434,354,18,3,387,18,28,''
Qwen/Qwen2.5-7B-Instruct,GSM_015,canonical,18,151955,-23.100601,-0.064048,354,18,3,387,18,28,''
Qwen/Qwen2.5-7B-Instruct,GSM_015,canonical,19,151951,-23.309975,-0.055348,354,18,3,387,18,28,''
Qwen/Qwen2.5-7B-Instruct,GSM_015,canonical,20,151969,-27.910902,-0.063794,354,18,3,387,18,28,''
Qwen/Qwen2.5-7B-Instruct,GSM_015,canonical,21,151995,-36.772148,-0.078407,354,18,3,387,18,28,''
Qwen/Qwen2.5-7B-Instruct,GSM_015,canonical,22,151982,-47.462555,-0.077835,354,18,3,387,18,28,''
Qwen/Qwen2.5-7B-Instruct,GSM_015,canonical,23,151992,-69.790672,-0.096908,354,18,3,387,18,28,''
Qwen/Qwen2.5-7B-Instruct,GSM_015,canonical,24,151999,-99.338722,-0.110079,354,18,3,387,18,28,''
Qwen/Qwen2.5-7B-Instruct,GSM_015,canonical,25,151980,-125.056702,-0.108756,354,18,3,387,18,28,''
Qwen/Qwen2.5-7B-Instruct,GSM_015,canonical,26,151969,-166.027176,-0.110362,354,18,3,387,18,28,''
Qwen/Qwen2.5-7B-Instruct,GSM_015,canonical,27,143,-22.037558,0.048731,354,18,3,387,18,28,''
Qwen/Qwen2.5-7B-Instruct,GSM_015,W3,0,151642,-12.498042,-0.027631,354,18,3,387,18,28,''
Qwen/Qwen2.5-7B-Instruct,GSM_015,W3,1,151969,-13.25206,-0.054442,354,18,3,387,18,28,''
Qwen/Qwen2.5-7B-Instruct,GSM_015,W3,2,151974,-13.846727,-0.063186,354,18,3,387,18,28,''
Qwen/Qwen2.5-7B-Instruct,GSM_015,W3,3,151964,-13.719625,-0.055585,354,18,3,387,18,28,''
Qwen/Qwen2.5-7B-Instruct,GSM_015,W3,4,151943,-13.934388,-0.052232,354,18,3,387,18,28,''
Qwen/Qwen2.5-7B-Instruct,GSM_015,W3,5,151980,-15.584334,-0.066975,354,18,3,387,18,28,''
Qwen/Qwen2.5-7B-Instruct,GSM_015,W3,6,151950,-15.777528,-0.059911,354,18,3,387,18,28,''
Qwen/Qwen2.5-7B-Instruct,GSM_015,W3,7,152000,-16.386621,-0.077928,354,18,3,387,18,28,''
Qwen/Qwen2.5-7B-Instruct,GSM_015,W3,8,151970,-15.517408,-0.058138,354,18,3,387,18,28,''
Qwen/Qwen2.5-7B-Instruct,GSM_015,W3,9,152003,-17.547525,-0.078233,354,18,3,387,18,28,''
Qwen/Qwen2.5-7B-Instruct,GSM_015,W3,10,151989,-17.826653,-0.075501,354,18,3,387,18,28,''
Qwen/Qwen2.5-7B-Instruct,GSM_015,W3,11,151951,-17.477077,-0.064608,354,18,3,387,18,28,''
Qwen/Qwen2.5-7B-Instruct,GSM_015,W3,12,151931,-17.642242,-0.062996,354,18,3,387,18,28,''
Qwen/Qwen2.5-7B-Instruct,GSM_015,W3,13,151941,-19.7316,-0.069541,354,18,3,387,18,28,''
Qwen/Qwen2.5-7B-Instruct,GSM_015,W3,14,151978,-23.100084,-0.077682,354,18,3,387,18,28,''
Qwen/Qwen2.5-7B-Instruct,GSM_015,W3,15,151968,-21.939905,-0.073301,354,18,3,387,18,28,''
Qwen/Qwen2.5-7B-Instruct,GSM_015,W3,16,151985,-22.853176,-0.073592,354,18,3,387,18,28,''
Qwen/Qwen2.5-7B-Instruct,GSM_015,W3,17,151929,-22.155516,-0.05492,354,18,3,387,18,28,''
Qwen/Qwen2.5-7B-Instruct,GSM_015,W3,18,151942,-22.873085,-0.061102,354,18,3,387,18,28,''
Qwen/Qwen2.5-7B-Instruct,GSM_015,W3,19,151930,-23.778114,-0.053098,354,18,3,387,18,28,''
Qwen/Qwen2.5-7B-Instruct,GSM_015,W3,20,151981,-29.006784,-0.06818,354,18,3,387,18,28,''
Qwen/Qwen2.5-7B-Instruct,GSM_015,W3,21,151995,-39.295372,-0.084544,354,18,3,387,18,28,''
Qwen/Qwen2.5-7B-Instruct,GSM_015,W3,22,151989,-52.989151,-0.089134,354,18,3,387,18,28,''
Qwen/Qwen2.5-7B-Instruct,GSM_015,W3,23,151997,-74.343811,-0.105499,354,18,3,387,18,28,''
Qwen/Qwen2.5-7B-Instruct,GSM_015,W3,24,152000,-104.740074,-0.117524,354,18,3,387,18,28,''
Qwen/Qwen2.5-7B-Instruct,GSM_015,W3,25,151985,-133.682037,-0.116456,354,18,3,387,18,28,''
Qwen/Qwen2.5-7B-Instruct,GSM_015,W3,26,151972,-174.953415,-0.115458,354,18,3,387,18,28,''
Qwen/Qwen2.5-7B-Instruct,GSM_015,W3,27,29,-20.642775,0.065555,354,18,3,387,18,28,''
Qwen/Qwen2.5-7B-Instruct,GSM_016,canonical,0,149802,-12.37449,-0.013248,5,20,5,423,20,28,''
Qwen/Qwen2.5-7B-Instruct,GSM_016,canonical,1,151768,-13.005486,-0.035397,5,20,5,423,20,28,''
Qwen/Qwen2.5-7B-Instruct,GSM_016,canonical,2,151811,-13.527206,-0.042837,5,20,5,423,20,28,''
Qwen/Qwen2.5-7B-Instruct,GSM_016,canonical,3,151886,-13.585874,-0.047132,5,20,5,423,20,28,''
Qwen/Qwen2.5-7B-Instruct,GSM_016,canonical,4,151879,-13.819922,-0.046205,5,20,5,423,20,28,''
Qwen/Qwen2.5-7B-Instruct,GSM_016,canonical,5,151866,-15.238005,-0.051074,5,20,5,423,20,28,''
Qwen/Qwen2.5-7B-Instruct,GSM_016,canonical,6,151811,-15.345617,-0.045663,5,20,5,423,20,28,''
Qwen/Qwen2.5-7B-Instruct,GSM_016,canonical,7,151874,-15.85466,-0.056896,5,20,5,423,20,28,''
Qwen/Qwen2.5-7B-Instruct,GSM_016,canonical,8,151900,-15.47473,-0.052446,5,20,5,423,20,28,''
Qwen/Qwen2.5-7B-Instruct,GSM_016,canonical,9,151905,-17.184946,-0.063316,5,20,5,423,20,28,''
Qwen/Qwen2.5-7B-Instruct,GSM_016,canonical,10,151903,-17.405697,-0.060846,5,20,5,423,20,28,''
Qwen/Qwen2.5-7B-Instruct,GSM_016,canonical,11,151878,-17.579021,-0.056296,5,20,5,423,20,28,''
Qwen/Qwen2.5-7B-Instruct,GSM_016,canonical,12,151818,-17.343971,-0.04921,5,20,5,423,20,28,''
Qwen/Qwen2.5-7B-Instruct,GSM_016,canonical,13,151841,-19.09104,-0.053423,5,20,5,423,20,28,''
Qwen/Qwen2.5-7B-Instruct,GSM_016,canonical,14,151881,-22.248541,-0.059486,5,20,5,423,20,28,''
Qwen/Qwen2.5-7B-Instruct,GSM_016,canonical,15,151795,-20.47315,-0.046476,5,20,5,423,20,28,''
Qwen/Qwen2.5-7B-Instruct,GSM_016,canonical,16,151875,-21.970112,-0.056239,5,20,5,423,20,28,''
Qwen/Qwen2.5-7B-Instruct,GSM_016,canonical,17,151806,-21.362465,-0.041506,5,20,5,423,20,28,''
Qwen/Qwen2.5-7B-Instruct,GSM_016,canonical,18,151831,-22.636326,-0.047331,5,20,5,423,20,28,''
Qwen/Qwen2.5-7B-Instruct,GSM_016,canonical,19,151849,-23.27331,-0.045827,5,20,5,423,20,28,''
Qwen/Qwen2.5-7B-Instruct,GSM_016,canonical,20,151866,-26.739607,-0.048466,5,20,5,423,20,28,''
Qwen/Qwen2.5-7B-Instruct,GSM_016,canonical,21,151884,-36.085571,-0.057749,5,20,5,423,20,28,''
Qwen/Qwen2.5-7B-Instruct,GSM_016,canonical,22,151870,-43.816772,-0.056823,5,20,5,423,20,28,''
Qwen/Qwen2.5-7B-Instruct,GSM_016,canonical,23,151860,-64.877007,-0.067484,5,20,5,423,20,28,''
Qwen/Qwen2.5-7B-Instruct,GSM_016,canonical,24,151861,-96.159981,-0.078481,5,20,5,423,20,28,''
Qwen/Qwen2.5-7B-Instruct,GSM_016,canonical,25,151837,-124.100281,-0.076658,5,20,5,423,20,28,''
Qwen/Qwen2.5-7B-Instruct,GSM_016,canonical,26,151772,-157.425491,-0.063341,5,20,5,423,20,28,''
Qwen/Qwen2.5-7B-Instruct,GSM_016,canonical,27,9,-12.672106,0.099502,5,20,5,423,20,28,''
Qwen/Qwen2.5-7B-Instruct,GSM_016,W3,0,150118,-12.379724,-0.014441,5,20,5,423,20,28,''
Qwen/Qwen2.5-7B-Instruct,GSM_016,W3,1,151799,-13.038252,-0.037508,5,20,5,423,20,28,''
Qwen/Qwen2.5-7B-Instruct,GSM_016,W3,2,151831,-13.554199,-0.04473,5,20,5,423,20,28,''
Qwen/Qwen2.5-7B-Instruct,GSM_016,W3,3,151891,-13.586964,-0.047543,5,20,5,423,20,28,''
Qwen/Qwen2.5-7B-Instruct,GSM_016,W3,4,151885,-13.808336,-0.046632,5,20,5,423,20,28,''
Qwen/Qwen2.5-7B-Instruct,GSM_016,W3,5,151878,-15.13825,-0.05139,5,20,5,423,20,28,''
Qwen/Qwen2.5-7B-Instruct,GSM_016,W3,6,151849,-15.51463,-0.049234,5,20,5,423,20,28,''
Qwen/Qwen2.5-7B-Instruct,GSM_016,W3,7,151902,-15.947098,-0.059822,5,20,5,423,20,28,''
Qwen/Qwen2.5-7B-Instruct,GSM_016,W3,8,151912,-15.333448,-0.051901,5,20,5,423,20,28,''
Qwen/Qwen2.5-7B-Instruct,GSM_016,W3,9,151917,-17.001097,-0.063506,5,20,5,423,20,28,''
Qwen/Qwen2.5-7B-Instruct,GSM_016,W3,10,151905,-17.270721,-0.06125,5,20,5,423,20,28,''
Qwen/Qwen2.5-7B-Instruct,GSM_016,W3,11,151881,-17.44458,-0.055978,5,20,5,423,20,28,''
Qwen/Qwen2.5-7B-Instruct,GSM_016,W3,12,151832,-17.159361,-0.04917,5,20,5,423,20,28,''
Qwen/Qwen2.5-7B-Instruct,GSM_016,W3,13,151862,-18.989128,-0.054012,5,20,5,423,20,28,''
Qwen/Qwen2.5-7B-Instruct,GSM_016,W3,14,151885,-22.18343,-0.059799,5,20,5,423,20,28,''
Qwen/Qwen2.5-7B-Instruct,GSM_016,W3,15,151828,-20.506767,-0.049751,5,20,5,423,20,28,''
Qwen/Qwen2.5-7B-Instruct,GSM_016,W3,16,151871,-22.088146,-0.056119,5,20,5,423,20,28,''
Qwen/Qwen2.5-7B-Instruct,GSM_016,W3,17,151801,-21.298004,-0.040923,5,20,5,423,20,28,''
Qwen/Qwen2.5-7B-Instruct,GSM_016,W3,18,151797,-21.636667,-0.041637,5,20,5,423,20,28,''
Qwen/Qwen2.5-7B-Instruct,GSM_016,W3,19,151820,-22.996418,-0.040944,5,20,5,423,20,28,''
Qwen/Qwen2.5-7B-Instruct,GSM_016,W3,20,151884,-26.440966,-0.049443,5,20,5,423,20,28,''
Qwen/Qwen2.5-7B-Instruct,GSM_016,W3,21,151886,-37.407585,-0.061108,5,20,5,423,20,28,''
Qwen/Qwen2.5-7B-Instruct,GSM_016,W3,22,151879,-49.951969,-0.067099,5,20,5,423,20,28,''
Qwen/Qwen2.5-7B-Instruct,GSM_016,W3,23,151888,-67.508896,-0.076577,5,20,5,423,20,28,''
Qwen/Qwen2.5-7B-Instruct,GSM_016,W3,24,151875,-95.370651,-0.083362,5,20,5,423,20,28,''
Qwen/Qwen2.5-7B-Instruct,GSM_016,W3,25,151852,-126.372093,-0.083215,5,20,5,423,20,28,''
Qwen/Qwen2.5-7B-Instruct,GSM_016,W3,26,151826,-158.478561,-0.073489,5,20,5,423,20,28,''
Qwen/Qwen2.5-7B-Instruct,GSM_016,W3,27,13,-15.333859,0.091662,5,20,5,423,20,28,''
Qwen/Qwen2.5-7B-Instruct,GSM_017,canonical,0,150776,-12.423897,-0.019669,922,24,9,135,24,28,''
Qwen/Qwen2.5-7B-Instruct,GSM_017,canonical,1,151789,-13.052892,-0.039931,922,24,9,135,24,28,''
Qwen/Qwen2.5-7B-Instruct,GSM_017,canonical,2,151790,-13.538788,-0.044839,922,24,9,135,24,28,''
Qwen/Qwen2.5-7B-Instruct,GSM_017,canonical,3,151818,-13.504711,-0.044243,922,24,9,135,24,28,''
Qwen/Qwen2.5-7B-Instruct,GSM_017,canonical,4,151728,-13.656621,-0.038643,922,24,9,135,24,28,''
Qwen/Qwen2.5-7B-Instruct,GSM_017,canonical,5,151696,-14.927368,-0.039675,922,24,9,135,24,28,''
Qwen/Qwen2.5-7B-Instruct,GSM_017,canonical,6,151487,-14.9342,-0.029671,922,24,9,135,24,28,''
Qwen/Qwen2.5-7B-Instruct,GSM_017,canonical,7,151786,-15.583752,-0.049114,922,24,9,135,24,28,''
Qwen/Qwen2.5-7B-Instruct,GSM_017,canonical,8,151731,-15.093807,-0.039901,922,24,9,135,24,28,''
Qwen/Qwen2.5-7B-Instruct,GSM_017,canonical,9,151828,-16.705635,-0.054883,922,24,9,135,24,28,''
Qwen/Qwen2.5-7B-Instruct,GSM_017,canonical,10,151835,-16.929394,-0.051447,922,24,9,135,24,28,''
Qwen/Qwen2.5-7B-Instruct,GSM_017,canonical,11,151712,-16.629456,-0.03982,922,24,9,135,24,28,''
Qwen/Qwen2.5-7B-Instruct,GSM_017,canonical,12,151630,-16.666172,-0.037779,922,24,9,135,24,28,''
Qwen/Qwen2.5-7B-Instruct,GSM_017,canonical,13,151753,-18.685987,-0.04671,922,24,9,135,24,28,''
Qwen/Qwen2.5-7B-Instruct,GSM_017,canonical,14,151817,-21.48995,-0.054294,922,24,9,135,24,28,''
Qwen/Qwen2.5-7B-Instruct,GSM_017,canonical,15,151771,-20.496485,-0.04872,922,24,9,135,24,28,''
Qwen/Qwen2.5-7B-Instruct,GSM_017,canonical,16,151805,-21.427299,-0.051429,922,24,9,135,24,28,''
Qwen/Qwen2.5-7B-Instruct,GSM_017,canonical,17,151733,-21.041075,-0.039261,922,24,9,135,24,28,''
Qwen/Qwen2.5-7B-Instruct,GSM_017,canonical,18,151763,-22.186739,-0.044556,922,24,9,135,24,28,''
Qwen/Qwen2.5-7B-Instruct,GSM_017,canonical,19,151754,-23.445427,-0.04042,922,24,9,135,24,28,''
Qwen/Qwen2.5-7B-Instruct,GSM_017,canonical,20,151788,-27.234114,-0.044218,922,24,9,135,24,28,''
Qwen/Qwen2.5-7B-Instruct,GSM_017,canonical,21,151674,-33.919117,-0.038516,922,24,9,135,24,28,''
Qwen/Qwen2.5-7B-Instruct,GSM_017,canonical,22,151677,-41.685768,-0.040308,922,24,9,135,24,28,''
Qwen/Qwen2.5-7B-Instruct,GSM_017,canonical,23,151741,-57.534367,-0.051268,922,24,9,135,24,28,''
Qwen/Qwen2.5-7B-Instruct,GSM_017,canonical,24,151796,-88.683167,-0.067297,922,24,9,135,24,28,''
Qwen/Qwen2.5-7B-Instruct,GSM_017,canonical,25,151768,-116.209297,-0.066844,922,24,9,135,24,28,''
Qwen/Qwen2.5-7B-Instruct,GSM_017,canonical,26,151722,-150.058304,-0.059634,922,24,9,135,24,28,''
Qwen/Qwen2.5-7B-Instruct,GSM_017,canonical,27,26,-16.184374,0.077228,922,24,9,135,24,28,''
Qwen/Qwen2.5-7B-Instruct,GSM_017,W3,0,150852,-12.421113,-0.020076,922,24,9,135,24,28,''
Qwen/Qwen2.5-7B-Instruct,GSM_017,W3,1,151784,-13.023901,-0.039285,922,24,9,135,24,28,''
Qwen/Qwen2.5-7B-Instruct,GSM_017,W3,2,151794,-13.51001,-0.044493,922,24,9,135,24,28,''
Qwen/Qwen2.5-7B-Instruct,GSM_017,W3,3,151805,-13.469847,-0.043219,922,24,9,135,24,28,''
Qwen/Qwen2.5-7B-Instruct,GSM_017,W3,4,151717,-13.623323,-0.03775,922,24,9,135,24,28,''
Qwen/Qwen2.5-7B-Instruct,GSM_017,W3,5,151719,-14.799022,-0.039797,922,24,9,135,24,28,''
Qwen/Qwen2.5-7B-Instruct,GSM_017,W3,6,151583,-15.053269,-0.032787,922,24,9,135,24,28,''
Qwen/Qwen2.5-7B-Instruct,GSM_017,W3,7,151800,-15.642088,-0.050903,922,24,9,135,24,28,''
Qwen/Qwen2.5-7B-Instruct,GSM_017,W3,8,151736,-14.999818,-0.039988,922,24,9,135,24,28,''
Qwen/Qwen2.5-7B-Instruct,GSM_017,W3,9,151838,-16.619122,-0.055154,922,24,9,135,24,28,''
Qwen/Qwen2.5-7B-Instruct,GSM_017,W3,10,151835,-16.765419,-0.051089,922,24,9,135,24,28,''
Qwen/Qwen2.5-7B-Instruct,GSM_017,W3,11,151689,-16.368057,-0.037951,922,24,9,135,24,28,''
Qwen/Qwen2.5-7B-Instruct,GSM_017,W3,12,151627,-16.488613,-0.036574,922,24,9,135,24,28,''
Qwen/Qwen2.5-7B-Instruct,GSM_017,W3,13,151756,-18.604816,-0.046895,922,24,9,135,24,28,''
Qwen/Qwen2.5-7B-Instruct,GSM_017,W3,14,151822,-21.503624,-0.053941,922,24,9,135,24,28,''
Qwen/Qwen2.5-7B-Instruct,GSM_017,W3,15,151786,-20.300022,-0.049077,922,24,9,135,24,28,''
Qwen/Qwen2.5-7B-Instruct,GSM_017,W3,16,151795,-21.296677,-0.049,922,24,9,135,24,28,''
Qwen/Qwen2.5-7B-Instruct,GSM_017,W3,17,151691,-21.039928,-0.03696,922,24,9,135,24,28,''
Qwen/Qwen2.5-7B-Instruct,GSM_017,W3,18,151723,-20.975731,-0.038381,922,24,9,135,24,28,''
Qwen/Qwen2.5-7B-Instruct,GSM_017,W3,19,151750,-22.786257,-0.03849,922,24,9,135,24,28,''
Qwen/Qwen2.5-7B-Instruct,GSM_017,W3,20,151828,-27.021286,-0.04888,922,24,9,135,24,28,''
Qwen/Qwen2.5-7B-Instruct,GSM_017,W3,21,151787,-34.136204,-0.047915,922,24,9,135,24,28,''
Qwen/Qwen2.5-7B-Instruct,GSM_017,W3,22,151765,-43.839664,-0.047077,922,24,9,135,24,28,''
Qwen/Qwen2.5-7B-Instruct,GSM_017,W3,23,151807,-60.985451,-0.062012,922,24,9,135,24,28,''
Qwen/Qwen2.5-7B-Instruct,GSM_017,W3,24,151816,-93.588234,-0.073659,922,24,9,135,24,28,''
Qwen/Qwen2.5-7B-Instruct,GSM_017,W3,25,151814,-127.130981,-0.07877,922,24,9,135,24,28,''
Qwen/Qwen2.5-7B-Instruct,GSM_017,W3,26,151755,-156.893784,-0.067272,922,24,9,135,24,28,''
Qwen/Qwen2.5-7B-Instruct,GSM_017,W3,27,20,-17.658661,0.082292,922,24,9,135,24,28,''
Qwen/Qwen2.5-7B-Instruct,GSM_018,canonical,0,151944,-12.604507,-0.038013,21,17,2,672,17,28,''
Qwen/Qwen2.5-7B-Instruct,GSM_018,canonical,1,152030,-13.476583,-0.067259,21,17,2,672,17,28,''
Qwen/Qwen2.5-7B-Instruct,GSM_018,canonical,2,152021,-14.092064,-0.074607,21,17,2,672,17,28,''
Qwen/Qwen2.5-7B-Instruct,GSM_018,canonical,3,152037,-14.098808,-0.074411,21,17,2,672,17,28,''
Qwen/Qwen2.5-7B-Instruct,GSM_018,canonical,4,152025,-14.365351,-0.071367,21,17,2,672,17,28,''
Qwen/Qwen2.5-7B-Instruct,GSM_018,canonical,5,152026,-16.119015,-0.079994,21,17,2,672,17,28,''
Qwen/Qwen2.5-7B-Instruct,GSM_018,canonical,6,152019,-16.335907,-0.077668,21,17,2,672,17,28,''
Qwen/Qwen2.5-7B-Instruct,GSM_018,canonical,7,152035,-17.053204,-0.094168,21,17,2,672,17,28,''
Qwen/Qwen2.5-7B-Instruct,GSM_018,canonical,8,152029,-16.357334,-0.080198,21,17,2,672,17,28,''
Qwen/Qwen2.5-7B-Instruct,GSM_018,canonical,9,152035,-18.360302,-0.097514,21,17,2,672,17,28,''
Qwen/Qwen2.5-7B-Instruct,GSM_018,canonical,10,152028,-18.513958,-0.088486,21,17,2,672,17,28,''
Qwen/Qwen2.5-7B-Instruct,GSM_018,canonical,11,152021,-18.334454,-0.080295,21,17,2,672,17,28,''
Qwen/Qwen2.5-7B-Instruct,GSM_018,canonical,12,152013,-18.388885,-0.07853,21,17,2,672,17,28,''
Qwen/Qwen2.5-7B-Instruct,GSM_018,canonical,13,152020,-20.730947,-0.088347,21,17,2,672,17,28,''
Qwen/Qwen2.5-7B-Instruct,GSM_018,canonical,14,152030,-23.901009,-0.097694,21,17,2,672,17,28,''
Qwen/Qwen2.5-7B-Instruct,GSM_018,canonical,15,152027,-22.75939,-0.090326,21,17,2,672,17,28,''
Qwen/Qwen2.5-7B-Instruct,GSM_018,canonical,16,152032,-23.854582,-0.093562,21,17,2,672,17,28,''
Qwen/Qwen2.5-7B-Instruct,GSM_018,canonical,17,152031,-24.100534,-0.083083,21,17,2,672,17,28,''
Qwen/Qwen2.5-7B-Instruct,GSM_018,canonical,18,152012,-24.235455,-0.078317,21,17,2,672,17,28,''
Qwen/Qwen2.5-7B-Instruct,GSM_018,canonical,19,152007,-25.461643,-0.07099,21,17,2,672,17,28,''
Qwen/Qwen2.5-7B-Instruct,GSM_018,canonical,20,152015,-30.710623,-0.079318,21,17,2,672,17,28,''
Qwen/Qwen2.5-7B-Instruct,GSM_018,canonical,21,152019,-41.085987,-0.091962,21,17,2,672,17,28,''
Qwen/Qwen2.5-7B-Instruct,GSM_018,canonical,22,152025,-52.22168,-0.099926,21,17,2,672,17,28,''
Qwen/Qwen2.5-7B-Instruct,GSM_018,canonical,23,152031,-70.303841,-0.116422,21,17,2,672,17,28,''
Qwen/Qwen2.5-7B-Instruct,GSM_018,canonical,24,152033,-102.625572,-0.135503,21,17,2,672,17,28,''
Qwen/Qwen2.5-7B-Instruct,GSM_018,canonical,25,152021,-131.943939,-0.131975,21,17,2,672,17,28,''
Qwen/Qwen2.5-7B-Instruct,GSM_018,canonical,26,152013,-176.510437,-0.123407,21,17,2,672,17,28,''
Qwen/Qwen2.5-7B-Instruct,GSM_018,canonical,27,10,-12.664859,0.084251,21,17,2,672,17,28,''
Qwen/Qwen2.5-7B-Instruct,GSM_018,W3,0,151928,-12.594504,-0.036717,21,17,2,672,17,28,''
Qwen/Qwen2.5-7B-Instruct,GSM_018,W3,1,152030,-13.436662,-0.066021,21,17,2,672,17,28,''
Qwen/Qwen2.5-7B-Instruct,GSM_018,W3,2,152020,-14.074677,-0.07443,21,17,2,672,17,28,''
Qwen/Qwen2.5-7B-Instruct,GSM_018,W3,3,152037,-14.145065,-0.075915,21,17,2,672,17,28,''
Qwen/Qwen2.5-7B-Instruct,GSM_018,W3,4,152026,-14.35304,-0.071245,21,17,2,672,17,28,''
Qwen/Qwen2.5-7B-Instruct,GSM_018,W3,5,152025,-16.044312,-0.079181,21,17,2,672,17,28,''
Qwen/Qwen2.5-7B-Instruct,GSM_018,W3,6,152018,-16.337633,-0.076863,21,17,2,672,17,28,''
Qwen/Qwen2.5-7B-Instruct,GSM_018,W3,7,152032,-17.02594,-0.092718,21,17,2,672,17,28,''
Qwen/Qwen2.5-7B-Instruct,GSM_018,W3,8,152030,-16.312057,-0.079583,21,17,2,672,17,28,''
Qwen/Qwen2.5-7B-Instruct,GSM_018,W3,9,152035,-18.457073,-0.098455,21,17,2,672,17,28,''
Qwen/Qwen2.5-7B-Instruct,GSM_018,W3,10,152028,-18.610699,-0.088888,21,17,2,672,17,28,''
Qwen/Qwen2.5-7B-Instruct,GSM_018,W3,11,152023,-18.545685,-0.082053,21,17,2,672,17,28,''
Qwen/Qwen2.5-7B-Instruct,GSM_018,W3,12,152016,-18.521128,-0.079394,21,17,2,672,17,28,''
Qwen/Qwen2.5-7B-Instruct,GSM_018,W3,13,152021,-20.906664,-0.089522,21,17,2,672,17,28,''
Qwen/Qwen2.5-7B-Instruct,GSM_018,W3,14,152030,-23.985529,-0.09694,21,17,2,672,17,28,''
Qwen/Qwen2.5-7B-Instruct,GSM_018,W3,15,152027,-22.752895,-0.089359,21,17,2,672,17,28,''
Qwen/Qwen2.5-7B-Instruct,GSM_018,W3,16,152033,-23.858471,-0.093333,21,17,2,672,17,28,''
Qwen/Qwen2.5-7B-Instruct,GSM_018,W3,17,152030,-24.139778,-0.082725,21,17,2,672,17,28,''
Qwen/Qwen2.5-7B-Instruct,GSM_018,W3,18,152016,-24.174398,-0.078537,21,17,2,672,17,28,''
Qwen/Qwen2.5-7B-Instruct,GSM_018,W3,19,152002,-25.223021,-0.067085,21,17,2,672,17,28,''
Qwen/Qwen2.5-7B-Instruct,GSM_018,W3,20,152017,-30.583,-0.076815,21,17,2,672,17,28,''
Qwen/Qwen2.5-7B-Instruct,GSM_018,W3,21,152019,-40.437744,-0.08816,21,17,2,672,17,28,''
Qwen/Qwen2.5-7B-Instruct,GSM_018,W3,22,152021,-50.48214,-0.093792,21,17,2,672,17,28,''
Qwen/Qwen2.5-7B-Instruct,GSM_018,W3,23,152032,-69.481468,-0.110884,21,17,2,672,17,28,''
Qwen/Qwen2.5-7B-Instruct,GSM_018,W3,24,152034,-103.877815,-0.132751,21,17,2,672,17,28,''
Qwen/Qwen2.5-7B-Instruct,GSM_018,W3,25,152022,-136.563004,-0.13231,21,17,2,672,17,28,''
Qwen/Qwen2.5-7B-Instruct,GSM_018,W3,26,152012,-177.384827,-0.122347,21,17,2,672,17,28,''
Qwen/Qwen2.5-7B-Instruct,GSM_018,W3,27,15,-15.986872,0.078849,21,17,2,672,17,28,''
Qwen/Qwen2.5-7B-Instruct,GSM_019,canonical,0,151585,-12.496675,-0.026726,3,18,3,387,18,28,''
Qwen/Qwen2.5-7B-Instruct,GSM_019,canonical,1,151972,-13.295168,-0.055693,3,18,3,387,18,28,''
Qwen/Qwen2.5-7B-Instruct,GSM_019,canonical,2,151973,-13.828655,-0.062925,3,18,3,387,18,28,''
Qwen/Qwen2.5-7B-Instruct,GSM_019,canonical,3,151968,-13.706004,-0.055856,3,18,3,387,18,28,''
Qwen/Qwen2.5-7B-Instruct,GSM_019,canonical,4,151949,-13.904333,-0.052178,3,18,3,387,18,28,''
Qwen/Qwen2.5-7B-Instruct,GSM_019,canonical,5,151983,-15.729435,-0.068672,3,18,3,387,18,28,''
Qwen/Qwen2.5-7B-Instruct,GSM_019,canonical,6,151947,-15.72736,-0.059375,3,18,3,387,18,28,''
Qwen/Qwen2.5-7B-Instruct,GSM_019,canonical,7,151994,-16.375299,-0.076589,3,18,3,387,18,28,''
Qwen/Qwen2.5-7B-Instruct,GSM_019,canonical,8,151969,-15.696789,-0.061096,3,18,3,387,18,28,''
Qwen/Qwen2.5-7B-Instruct,GSM_019,canonical,9,152004,-17.562208,-0.080568,3,18,3,387,18,28,''
Qwen/Qwen2.5-7B-Instruct,GSM_019,canonical,10,151995,-17.914181,-0.077852,3,18,3,387,18,28,''
Qwen/Qwen2.5-7B-Instruct,GSM_019,canonical,11,151956,-17.660818,-0.066369,3,18,3,387,18,28,''
Qwen/Qwen2.5-7B-Instruct,GSM_019,canonical,12,151936,-17.840351,-0.065646,3,18,3,387,18,28,''
Qwen/Qwen2.5-7B-Instruct,GSM_019,canonical,13,151936,-19.666349,-0.070051,3,18,3,387,18,28,''
Qwen/Qwen2.5-7B-Instruct,GSM_019,canonical,14,151983,-22.846066,-0.079342,3,18,3,387,18,28,''
Qwen/Qwen2.5-7B-Instruct,GSM_019,canonical,15,151968,-21.571463,-0.072008,3,18,3,387,18,28,''
Qwen/Qwen2.5-7B-Instruct,GSM_019,canonical,16,151983,-22.606873,-0.074646,3,18,3,387,18,28,''
Qwen/Qwen2.5-7B-Instruct,GSM_019,canonical,17,151946,-22.140768,-0.059001,3,18,3,387,18,28,''
Qwen/Qwen2.5-7B-Instruct,GSM_019,canonical,18,151983,-23.567753,-0.070731,3,18,3,387,18,28,''
Qwen/Qwen2.5-7B-Instruct,GSM_019,canonical,19,151985,-23.081144,-0.063173,3,18,3,387,18,28,''
Qwen/Qwen2.5-7B-Instruct,GSM_019,canonical,20,151993,-27.39613,-0.069697,3,18,3,387,18,28,''
Qwen/Qwen2.5-7B-Instruct,GSM_019,canonical,21,152003,-41.031548,-0.08872,3,18,3,387,18,28,''
Qwen/Qwen2.5-7B-Instruct,GSM_019,canonical,22,151989,-50.22913,-0.08768,3,18,3,387,18,28,''
Qwen/Qwen2.5-7B-Instruct,GSM_019,canonical,23,151991,-69.282402,-0.097863,3,18,3,387,18,28,''
Qwen/Qwen2.5-7B-Instruct,GSM_019,canonical,24,151986,-97.298218,-0.110041,3,18,3,387,18,28,''
Qwen/Qwen2.5-7B-Instruct,GSM_019,canonical,25,151931,-126.787621,-0.102722,3,18,3,387,18,28,''
Qwen/Qwen2.5-7B-Instruct,GSM_019,canonical,26,151852,-154.972244,-0.077844,3,18,3,387,18,28,''
Qwen/Qwen2.5-7B-Instruct,GSM_019,canonical,27,2,-6.485138,0.130923,3,18,3,387,18,28,''
Qwen/Qwen2.5-7B-Instruct,GSM_019,W3,0,151568,-12.486979,-0.026294,3,18,3,387,18,28,''
Qwen/Qwen2.5-7B-Instruct,GSM_019,W3,1,151968,-13.22963,-0.053746,3,18,3,387,18,28,''
Qwen/Qwen2.5-7B-Instruct,GSM_019,W3,2,151970,-13.78091,-0.061643,3,18,3,387,18,28,''
Qwen/Qwen2.5-7B-Instruct,GSM_019,W3,3,151961,-13.70041,-0.055086,3,18,3,387,18,28,''
Qwen/Qwen2.5-7B-Instruct,GSM_019,W3,4,151941,-13.890551,-0.051534,3,18,3,387,18,28,''
Qwen/Qwen2.5-7B-Instruct,GSM_019,W3,5,151975,-15.60762,-0.066466,3,18,3,387,18,28,''
Qwen/Qwen2.5-7B-Instruct,GSM_019,W3,6,151935,-15.736309,-0.058154,3,18,3,387,18,28,''
Qwen/Qwen2.5-7B-Instruct,GSM_019,W3,7,151993,-16.435349,-0.077176,3,18,3,387,18,28,''
Qwen/Qwen2.5-7B-Instruct,GSM_019,W3,8,151975,-15.559589,-0.060115,3,18,3,387,18,28,''
Qwen/Qwen2.5-7B-Instruct,GSM_019,W3,9,152008,-17.49045,-0.079727,3,18,3,387,18,28,''
Qwen/Qwen2.5-7B-Instruct,GSM_019,W3,10,151988,-17.724888,-0.075316,3,18,3,387,18,28,''
Qwen/Qwen2.5-7B-Instruct,GSM_019,W3,11,151954,-17.517231,-0.065244,3,18,3,387,18,28,''
Qwen/Qwen2.5-7B-Instruct,GSM_019,W3,12,151932,-17.413204,-0.061684,3,18,3,387,18,28,''
Qwen/Qwen2.5-7B-Instruct,GSM_019,W3,13,151941,-19.313189,-0.068219,3,18,3,387,18,28,''
Qwen/Qwen2.5-7B-Instruct,GSM_019,W3,14,151979,-22.849907,-0.077878,3,18,3,387,18,28,''
Qwen/Qwen2.5-7B-Instruct,GSM_019,W3,15,151974,-21.441711,-0.071987,3,18,3,387,18,28,''
Qwen/Qwen2.5-7B-Instruct,GSM_019,W3,16,151984,-22.339998,-0.071945,3,18,3,387,18,28,''
Qwen/Qwen2.5-7B-Instruct,GSM_019,W3,17,151941,-22.00713,-0.055102,3,18,3,387,18,28,''
Qwen/Qwen2.5-7B-Instruct,GSM_019,W3,18,151973,-22.735415,-0.06467,3,18,3,387,18,28,''
Qwen/Qwen2.5-7B-Instruct,GSM_019,W3,19,151934,-22.655935,-0.051207,3,18,3,387,18,28,''
Qwen/Qwen2.5-7B-Instruct,GSM_019,W3,20,151979,-26.826448,-0.062915,3,18,3,387,18,28,''
Qwen/Qwen2.5-7B-Instruct,GSM_019,W3,21,151991,-39.298439,-0.08026,3,18,3,387,18,28,''
Qwen/Qwen2.5-7B-Instruct,GSM_019,W3,22,151989,-53.31974,-0.087752,3,18,3,387,18,28,''
Qwen/Qwen2.5-7B-Instruct,GSM_019,W3,23,151998,-70.1008,-0.100399,3,18,3,387,18,28,''
Qwen/Qwen2.5-7B-Instruct,GSM_019,W3,24,151988,-96.605049,-0.108086,3,18,3,387,18,28,''
Qwen/Qwen2.5-7B-Instruct,GSM_019,W3,25,151962,-128.642761,-0.108134,3,18,3,387,18,28,''
Qwen/Qwen2.5-7B-Instruct,GSM_019,W3,26,151926,-165.845795,-0.098663,3,18,3,387,18,28,''
Qwen/Qwen2.5-7B-Instruct,GSM_019,W3,27,7,-13.177834,0.098969,3,18,3,387,18,28,''
Qwen/Qwen2.5-7B-Instruct,GSM_020,canonical,0,151943,-12.610232,-0.038468,24,17,2,672,17,28,''
Qwen/Qwen2.5-7B-Instruct,GSM_020,canonical,1,152030,-13.448214,-0.06727,24,17,2,672,17,28,''
Qwen/Qwen2.5-7B-Instruct,GSM_020,canonical,2,152021,-14.077724,-0.074716,24,17,2,672,17,28,''
Qwen/Qwen2.5-7B-Instruct,GSM_020,canonical,3,152036,-14.080596,-0.074215,24,17,2,672,17,28,''
Qwen/Qwen2.5-7B-Instruct,GSM_020,canonical,4,152023,-14.292044,-0.069915,24,17,2,672,17,28,''
Qwen/Qwen2.5-7B-Instruct,GSM_020,canonical,5,152026,-15.99946,-0.08038,24,17,2,672,17,28,''
Qwen/Qwen2.5-7B-Instruct,GSM_020,canonical,6,152019,-16.296949,-0.077706,24,17,2,672,17,28,''
Qwen/Qwen2.5-7B-Instruct,GSM_020,canonical,7,152033,-16.940456,-0.092744,24,17,2,672,17,28,''
Qwen/Qwen2.5-7B-Instruct,GSM_020,canonical,8,152029,-16.35857,-0.079175,24,17,2,672,17,28,''
Qwen/Qwen2.5-7B-Instruct,GSM_020,canonical,9,152035,-18.195614,-0.09682,24,17,2,672,17,28,''
Qwen/Qwen2.5-7B-Instruct,GSM_020,canonical,10,152028,-18.528782,-0.0896,24,17,2,672,17,28,''
Qwen/Qwen2.5-7B-Instruct,GSM_020,canonical,11,152024,-18.491695,-0.082193,24,17,2,672,17,28,''
Qwen/Qwen2.5-7B-Instruct,GSM_020,canonical,12,152018,-18.440754,-0.079778,24,17,2,672,17,28,''
Qwen/Qwen2.5-7B-Instruct,GSM_020,canonical,13,152021,-20.506176,-0.087568,24,17,2,672,17,28,''
Qwen/Qwen2.5-7B-Instruct,GSM_020,canonical,14,152030,-23.939583,-0.096919,24,17,2,672,17,28,''
Qwen/Qwen2.5-7B-Instruct,GSM_020,canonical,15,152029,-22.785994,-0.090215,24,17,2,672,17,28,''
Qwen/Qwen2.5-7B-Instruct,GSM_020,canonical,16,152034,-23.926918,-0.092143,24,17,2,672,17,28,''
Qwen/Qwen2.5-7B-Instruct,GSM_020,canonical,17,152032,-23.864395,-0.082842,24,17,2,672,17,28,''
Qwen/Qwen2.5-7B-Instruct,GSM_020,canonical,18,152021,-24.431381,-0.08304,24,17,2,672,17,28,''
Qwen/Qwen2.5-7B-Instruct,GSM_020,canonical,19,152020,-24.786442,-0.070983,24,17,2,672,17,28,''
Qwen/Qwen2.5-7B-Instruct,GSM_020,canonical,20,152025,-29.800961,-0.077616,24,17,2,672,17,28,''
Qwen/Qwen2.5-7B-Instruct,GSM_020,canonical,21,152025,-39.084545,-0.089635,24,17,2,672,17,28,''
Qwen/Qwen2.5-7B-Instruct,GSM_020,canonical,22,152031,-47.284737,-0.09085,24,17,2,672,17,28,''
Qwen/Qwen2.5-7B-Instruct,GSM_020,canonical,23,152041,-69.495605,-0.119051,24,17,2,672,17,28,''
Qwen/Qwen2.5-7B-Instruct,GSM_020,canonical,24,152041,-109.672493,-0.143058,24,17,2,672,17,28,''
Qwen/Qwen2.5-7B-Instruct,GSM_020,canonical,25,152029,-139.762894,-0.139412,24,17,2,672,17,28,''
Qwen/Qwen2.5-7B-Instruct,GSM_020,canonical,26,152010,-173.739716,-0.120542,24,17,2,672,17,28,''
Qwen/Qwen2.5-7B-Instruct,GSM_020,canonical,27,5,-12.635021,0.099364,24,17,2,672,17,28,''
Qwen/Qwen2.5-7B-Instruct,GSM_020,W3,0,151955,-12.613449,-0.039194,24,17,2,672,17,28,''
Qwen/Qwen2.5-7B-Instruct,GSM_020,W3,1,152031,-13.451027,-0.067555,24,17,2,672,17,28,''
Qwen/Qwen2.5-7B-Instruct,GSM_020,W3,2,152024,-14.064637,-0.074815,24,17,2,672,17,28,''
Qwen/Qwen2.5-7B-Instruct,GSM_020,W3,3,152036,-14.038042,-0.073468,24,17,2,672,17,28,''
Qwen/Qwen2.5-7B-Instruct,GSM_020,W3,4,152024,-14.294303,-0.07001,24,17,2,672,17,28,''
Qwen/Qwen2.5-7B-Instruct,GSM_020,W3,5,152027,-15.984835,-0.081271,24,17,2,672,17,28,''
Qwen/Qwen2.5-7B-Instruct,GSM_020,W3,6,152023,-16.386723,-0.080051,24,17,2,672,17,28,''
Qwen/Qwen2.5-7B-Instruct,GSM_020,W3,7,152036,-17.036798,-0.095961,24,17,2,672,17,28,''
Qwen/Qwen2.5-7B-Instruct,GSM_020,W3,8,152029,-16.179266,-0.078194,24,17,2,672,17,28,''
Qwen/Qwen2.5-7B-Instruct,GSM_020,W3,9,152035,-18.100224,-0.096135,24,17,2,672,17,28,''
Qwen/Qwen2.5-7B-Instruct,GSM_020,W3,10,152029,-18.28874,-0.087848,24,17,2,672,17,28,''
Qwen/Qwen2.5-7B-Instruct,GSM_020,W3,11,152021,-18.112331,-0.079671,24,17,2,672,17,28,''
Qwen/Qwen2.5-7B-Instruct,GSM_020,W3,12,152017,-18.143452,-0.077985,24,17,2,672,17,28,''
Qwen/Qwen2.5-7B-Instruct,GSM_020,W3,13,152022,-20.294735,-0.087843,24,17,2,672,17,28,''
Qwen/Qwen2.5-7B-Instruct,GSM_020,W3,14,152031,-23.95817,-0.097603,24,17,2,672,17,28,''
Qwen/Qwen2.5-7B-Instruct,GSM_020,W3,15,152031,-22.51976,-0.0906,24,17,2,672,17,28,''
Qwen/Qwen2.5-7B-Instruct,GSM_020,W3,16,152031,-23.810204,-0.09075,24,17,2,672,17,28,''
Qwen/Qwen2.5-7B-Instruct,GSM_020,W3,17,152031,-23.900955,-0.081294,24,17,2,672,17,28,''
Qwen/Qwen2.5-7B-Instruct,GSM_020,W3,18,152019,-23.256115,-0.077808,24,17,2,672,17,28,''
Qwen/Qwen2.5-7B-Instruct,GSM_020,W3,19,152011,-24.400938,-0.066876,24,17,2,672,17,28,''
Qwen/Qwen2.5-7B-Instruct,GSM_020,W3,20,152025,-29.938831,-0.081628,24,17,2,672,17,28,''
Qwen/Qwen2.5-7B-Instruct,GSM_020,W3,21,152032,-40.157001,-0.097844,24,17,2,672,17,28,''
Qwen/Qwen2.5-7B-Instruct,GSM_020,W3,22,152036,-50.468716,-0.101329,24,17,2,672,17,28,''
Qwen/Qwen2.5-7B-Instruct,GSM_020,W3,23,152042,-73.685181,-0.129227,24,17,2,672,17,28,''
Qwen/Qwen2.5-7B-Instruct,GSM_020,W3,24,152042,-107.709106,-0.146187,24,17,2,672,17,28,''
Qwen/Qwen2.5-7B-Instruct,GSM_020,W3,25,152034,-139.227585,-0.145532,24,17,2,672,17,28,''
Qwen/Qwen2.5-7B-Instruct,GSM_020,W3,26,152022,-172.877808,-0.131329,24,17,2,672,17,28,''
Qwen/Qwen2.5-7B-Instruct,GSM_020,W3,27,19,-19.761723,0.069673,24,17,2,672,17,28,''
Qwen/Qwen2.5-7B-Instruct,GSM_041,canonical,0,152011,-12.686783,-0.046265,150,16,1,741,16,28,''
Qwen/Qwen2.5-7B-Instruct,GSM_041,canonical,1,152038,-13.569265,-0.073098,150,16,1,741,16,28,''
Qwen/Qwen2.5-7B-Instruct,GSM_041,canonical,2,152040,-14.253126,-0.083126,150,16,1,741,16,28,''
Qwen/Qwen2.5-7B-Instruct,GSM_041,canonical,3,152047,-14.282333,-0.08159,150,16,1,741,16,28,''
Qwen/Qwen2.5-7B-Instruct,GSM_041,canonical,4,152040,-14.465951,-0.07585,150,16,1,741,16,28,''
Qwen/Qwen2.5-7B-Instruct,GSM_041,canonical,5,152038,-16.22077,-0.088208,150,16,1,741,16,28,''
Qwen/Qwen2.5-7B-Instruct,GSM_041,canonical,6,152029,-16.448399,-0.081436,150,16,1,741,16,28,''
Qwen/Qwen2.5-7B-Instruct,GSM_041,canonical,7,152038,-17.083136,-0.094596,150,16,1,741,16,28,''
Qwen/Qwen2.5-7B-Instruct,GSM_041,canonical,8,152027,-16.322893,-0.077961,150,16,1,741,16,28,''
Qwen/Qwen2.5-7B-Instruct,GSM_041,canonical,9,152042,-18.517567,-0.102731,150,16,1,741,16,28,''
Qwen/Qwen2.5-7B-Instruct,GSM_041,canonical,10,152039,-18.957619,-0.096897,150,16,1,741,16,28,''
Qwen/Qwen2.5-7B-Instruct,GSM_041,canonical,11,152034,-19.074585,-0.092161,150,16,1,741,16,28,''
Qwen/Qwen2.5-7B-Instruct,GSM_041,canonical,12,152026,-18.825085,-0.084609,150,16,1,741,16,28,''
Qwen/Qwen2.5-7B-Instruct,GSM_041,canonical,13,152031,-21.15214,-0.093928,150,16,1,741,16,28,''
Qwen/Qwen2.5-7B-Instruct,GSM_041,canonical,14,152038,-24.271561,-0.102454,150,16,1,741,16,28,''
Qwen/Qwen2.5-7B-Instruct,GSM_041,canonical,15,152031,-22.861511,-0.089751,150,16,1,741,16,28,''
Qwen/Qwen2.5-7B-Instruct,GSM_041,canonical,16,152041,-24.477695,-0.09799,150,16,1,741,16,28,''
Qwen/Qwen2.5-7B-Instruct,GSM_041,canonical,17,152035,-23.929842,-0.081216,150,16,1,741,16,28,''
Qwen/Qwen2.5-7B-Instruct,GSM_041,canonical,18,152024,-24.276323,-0.08038,150,16,1,741,16,28,''
Qwen/Qwen2.5-7B-Instruct,GSM_041,canonical,19,152029,-25.195078,-0.074666,150,16,1,741,16,28,''
Qwen/Qwen2.5-7B-Instruct,GSM_041,canonical,20,152048,-30.708599,-0.091961,150,16,1,741,16,28,''
Qwen/Qwen2.5-7B-Instruct,GSM_041,canonical,21,152047,-42.569714,-0.109582,150,16,1,741,16,28,''
Qwen/Qwen2.5-7B-Instruct,GSM_041,canonical,22,152049,-55.191208,-0.11908,150,16,1,741,16,28,''
Qwen/Qwen2.5-7B-Instruct,GSM_041,canonical,23,152051,-74.160133,-0.135522,150,16,1,741,16,28,''
Qwen/Qwen2.5-7B-Instruct,GSM_041,canonical,24,152050,-108.014679,-0.15323,150,16,1,741,16,28,''
Qwen/Qwen2.5-7B-Instruct,GSM_041,canonical,25,152040,-141.145859,-0.146907,150,16,1,741,16,28,''
Qwen/Qwen2.5-7B-Instruct,GSM_041,canonical,26,152025,-185.323029,-0.133896,150,16,1,741,16,28,''
Qwen/Qwen2.5-7B-Instruct,GSM_041,canonical,27,5,-11.438315,0.102442,150,16,1,741,16,28,''
Qwen/Qwen2.5-7B-Instruct,GSM_041,W3,0,152005,-12.674332,-0.045548,150,16,1,741,16,28,''
Qwen/Qwen2.5-7B-Instruct,GSM_041,W3,1,152039,-13.584535,-0.073571,150,16,1,741,16,28,''
Qwen/Qwen2.5-7B-Instruct,GSM_041,W3,2,152039,-14.253726,-0.082453,150,16,1,741,16,28,''
Qwen/Qwen2.5-7B-Instruct,GSM_041,W3,3,152044,-14.233735,-0.080156,150,16,1,741,16,28,''
Qwen/Qwen2.5-7B-Instruct,GSM_041,W3,4,152040,-14.428146,-0.074821,150,16,1,741,16,28,''
Qwen/Qwen2.5-7B-Instruct,GSM_041,W3,5,152038,-16.285358,-0.088529,150,16,1,741,16,28,''
Qwen/Qwen2.5-7B-Instruct,GSM_041,W3,6,152030,-16.457148,-0.081761,150,16,1,741,16,28,''
Qwen/Qwen2.5-7B-Instruct,GSM_041,W3,7,152037,-17.103533,-0.09542,150,16,1,741,16,28,''
Qwen/Qwen2.5-7B-Instruct,GSM_041,W3,8,152026,-16.289719,-0.077892,150,16,1,741,16,28,''
Qwen/Qwen2.5-7B-Instruct,GSM_041,W3,9,152042,-18.410398,-0.101687,150,16,1,741,16,28,''
Qwen/Qwen2.5-7B-Instruct,GSM_041,W3,10,152039,-18.827684,-0.095235,150,16,1,741,16,28,''
Qwen/Qwen2.5-7B-Instruct,GSM_041,W3,11,152034,-18.932697,-0.090795,150,16,1,741,16,28,''
Qwen/Qwen2.5-7B-Instruct,GSM_041,W3,12,152025,-18.730562,-0.08338,150,16,1,741,16,28,''
Qwen/Qwen2.5-7B-Instruct,GSM_041,W3,13,152030,-21.109119,-0.093073,150,16,1,741,16,28,''
Qwen/Qwen2.5-7B-Instruct,GSM_041,W3,14,152038,-24.16766,-0.101536,150,16,1,741,16,28,''
Qwen/Qwen2.5-7B-Instruct,GSM_041,W3,15,152031,-22.7309,-0.088793,150,16,1,741,16,28,''
Qwen/Qwen2.5-7B-Instruct,GSM_041,W3,16,152041,-24.40287,-0.097467,150,16,1,741,16,28,''
Qwen/Qwen2.5-7B-Instruct,GSM_041,W3,17,152038,-23.935629,-0.081759,150,16,1,741,16,28,''
Qwen/Qwen2.5-7B-Instruct,GSM_041,W3,18,152026,-24.336266,-0.081289,150,16,1,741,16,28,''
Qwen/Qwen2.5-7B-Instruct,GSM_041,W3,19,152028,-25.2799,-0.075171,150,16,1,741,16,28,''
Qwen/Qwen2.5-7B-Instruct,GSM_041,W3,20,152046,-30.725473,-0.092292,150,16,1,741,16,28,''
Qwen/Qwen2.5-7B-Instruct,GSM_041,W3,21,152047,-42.17387,-0.107283,150,16,1,741,16,28,''
Qwen/Qwen2.5-7B-Instruct,GSM_041,W3,22,152048,-53.981655,-0.114784,150,16,1,741,16,28,''
Qwen/Qwen2.5-7B-Instruct,GSM_041,W3,23,152049,-71.422516,-0.129103,150,16,1,741,16,28,''
Qwen/Qwen2.5-7B-Instruct,GSM_041,W3,24,152049,-107.403557,-0.150725,150,16,1,741,16,28,''
Qwen/Qwen2.5-7B-Instruct,GSM_041,W3,25,152039,-141.862823,-0.144205,150,16,1,741,16,28,''
Qwen/Qwen2.5-7B-Instruct,GSM_041,W3,26,152024,-187.472107,-0.132355,150,16,1,741,16,28,''
Qwen/Qwen2.5-7B-Instruct,GSM_041,W3,27,5,-10.565219,0.105124,150,16,1,741,16,28,''
Qwen/Qwen2.5-7B-Instruct,GSM_042,canonical,0,151932,-12.612144,-0.037618,2820,17,2,672,17,28,''
Qwen/Qwen2.5-7B-Instruct,GSM_042,canonical,1,152025,-13.442428,-0.065612,2820,17,2,672,17,28,''
Qwen/Qwen2.5-7B-Instruct,GSM_042,canonical,2,152019,-14.082963,-0.074087,2820,17,2,672,17,28,''
Qwen/Qwen2.5-7B-Instruct,GSM_042,canonical,3,152035,-14.08063,-0.073973,2820,17,2,672,17,28,''
Qwen/Qwen2.5-7B-Instruct,GSM_042,canonical,4,152026,-14.305729,-0.070227,2820,17,2,672,17,28,''
Qwen/Qwen2.5-7B-Instruct,GSM_042,canonical,5,152026,-16.028296,-0.081156,2820,17,2,672,17,28,''
Qwen/Qwen2.5-7B-Instruct,GSM_042,canonical,6,152020,-16.37236,-0.079555,2820,17,2,672,17,28,''
Qwen/Qwen2.5-7B-Instruct,GSM_042,canonical,7,152036,-17.122108,-0.096335,2820,17,2,672,17,28,''
Qwen/Qwen2.5-7B-Instruct,GSM_042,canonical,8,152033,-16.410034,-0.082022,2820,17,2,672,17,28,''
Qwen/Qwen2.5-7B-Instruct,GSM_042,canonical,9,152035,-18.395819,-0.099577,2820,17,2,672,17,28,''
Qwen/Qwen2.5-7B-Instruct,GSM_042,canonical,10,152030,-18.67897,-0.09161,2820,17,2,672,17,28,''
Qwen/Qwen2.5-7B-Instruct,GSM_042,canonical,11,152025,-18.633358,-0.084707,2820,17,2,672,17,28,''
Qwen/Qwen2.5-7B-Instruct,GSM_042,canonical,12,152020,-18.592529,-0.081957,2820,17,2,672,17,28,''
Qwen/Qwen2.5-7B-Instruct,GSM_042,canonical,13,152022,-20.83823,-0.090144,2820,17,2,672,17,28,''
Qwen/Qwen2.5-7B-Instruct,GSM_042,canonical,14,152032,-24.210428,-0.099041,2820,17,2,672,17,28,''
Qwen/Qwen2.5-7B-Instruct,GSM_042,canonical,15,152030,-22.995523,-0.091752,2820,17,2,672,17,28,''
Qwen/Qwen2.5-7B-Instruct,GSM_042,canonical,16,152034,-24.102102,-0.094626,2820,17,2,672,17,28,''
Qwen/Qwen2.5-7B-Instruct,GSM_042,canonical,17,152034,-23.797106,-0.081355,2820,17,2,672,17,28,''
Qwen/Qwen2.5-7B-Instruct,GSM_042,canonical,18,152025,-24.257011,-0.080717,2820,17,2,672,17,28,''
Qwen/Qwen2.5-7B-Instruct,GSM_042,canonical,19,152023,-25.861849,-0.078228,2820,17,2,672,17,28,''
Qwen/Qwen2.5-7B-Instruct,GSM_042,canonical,20,152028,-30.345591,-0.086281,2820,17,2,672,17,28,''
Qwen/Qwen2.5-7B-Instruct,GSM_042,canonical,21,152025,-40.224213,-0.094365,2820,17,2,672,17,28,''
Qwen/Qwen2.5-7B-Instruct,GSM_042,canonical,22,152036,-51.447353,-0.102908,2820,17,2,672,17,28,''
Qwen/Qwen2.5-7B-Instruct,GSM_042,canonical,23,152042,-74.204491,-0.127281,2820,17,2,672,17,28,''
Qwen/Qwen2.5-7B-Instruct,GSM_042,canonical,24,152043,-108.430901,-0.144859,2820,17,2,672,17,28,''
Qwen/Qwen2.5-7B-Instruct,GSM_042,canonical,25,152040,-139.239197,-0.14601,2820,17,2,672,17,28,''
Qwen/Qwen2.5-7B-Instruct,GSM_042,canonical,26,152023,-179.234314,-0.131545,2820,17,2,672,17,28,''
Qwen/Qwen2.5-7B-Instruct,GSM_042,canonical,27,42,-18.342659,0.058352,2820,17,2,672,17,28,''
Qwen/Qwen2.5-7B-Instruct,GSM_042,W3,0,151954,-12.624762,-0.039607,2820,17,2,672,17,28,''
Qwen/Qwen2.5-7B-Instruct,GSM_042,W3,1,152029,-13.478918,-0.067626,2820,17,2,672,17,28,''
Qwen/Qwen2.5-7B-Instruct,GSM_042,W3,2,152021,-14.110962,-0.074686,2820,17,2,672,17,28,''
Qwen/Qwen2.5-7B-Instruct,GSM_042,W3,3,152036,-14.127453,-0.075126,2820,17,2,672,17,28,''
Qwen/Qwen2.5-7B-Instruct,GSM_042,W3,4,152024,-14.309795,-0.070146,2820,17,2,672,17,28,''
Qwen/Qwen2.5-7B-Instruct,GSM_042,W3,5,152026,-16.048672,-0.081576,2820,17,2,672,17,28,''
Qwen/Qwen2.5-7B-Instruct,GSM_042,W3,6,152019,-16.364305,-0.079562,2820,17,2,672,17,28,''
Qwen/Qwen2.5-7B-Instruct,GSM_042,W3,7,152036,-17.095875,-0.096412,2820,17,2,672,17,28,''
Qwen/Qwen2.5-7B-Instruct,GSM_042,W3,8,152033,-16.408257,-0.082577,2820,17,2,672,17,28,''
Qwen/Qwen2.5-7B-Instruct,GSM_042,W3,9,152035,-18.381531,-0.099032,2820,17,2,672,17,28,''
Qwen/Qwen2.5-7B-Instruct,GSM_042,W3,10,152031,-18.669252,-0.090351,2820,17,2,672,17,28,''
Qwen/Qwen2.5-7B-Instruct,GSM_042,W3,11,152026,-18.801825,-0.084897,2820,17,2,672,17,28,''
Qwen/Qwen2.5-7B-Instruct,GSM_042,W3,12,152020,-18.745287,-0.08268,2820,17,2,672,17,28,''
Qwen/Qwen2.5-7B-Instruct,GSM_042,W3,13,152023,-20.979958,-0.090483,2820,17,2,672,17,28,''
Qwen/Qwen2.5-7B-Instruct,GSM_042,W3,14,152031,-24.311226,-0.096964,2820,17,2,672,17,28,''
Qwen/Qwen2.5-7B-Instruct,GSM_042,W3,15,152029,-22.954512,-0.08848,2820,17,2,672,17,28,''
Qwen/Qwen2.5-7B-Instruct,GSM_042,W3,16,152032,-23.876989,-0.090824,2820,17,2,672,17,28,''
Qwen/Qwen2.5-7B-Instruct,GSM_042,W3,17,152032,-23.830008,-0.080024,2820,17,2,672,17,28,''
Qwen/Qwen2.5-7B-Instruct,GSM_042,W3,18,152027,-24.571209,-0.081633,2820,17,2,672,17,28,''
Qwen/Qwen2.5-7B-Instruct,GSM_042,W3,19,152018,-25.431072,-0.074506,2820,17,2,672,17,28,''
Qwen/Qwen2.5-7B-Instruct,GSM_042,W3,20,152031,-29.534515,-0.083379,2820,17,2,672,17,28,''
Qwen/Qwen2.5-7B-Instruct,GSM_042,W3,21,152029,-39.635334,-0.093748,2820,17,2,672,17,28,''
Qwen/Qwen2.5-7B-Instruct,GSM_042,W3,22,152040,-48.96402,-0.097318,2820,17,2,672,17,28,''
Qwen/Qwen2.5-7B-Instruct,GSM_042,W3,23,152043,-71.020561,-0.121931,2820,17,2,672,17,28,''
Qwen/Qwen2.5-7B-Instruct,GSM_042,W3,24,152043,-104.320145,-0.137841,2820,17,2,672,17,28,''
Qwen/Qwen2.5-7B-Instruct,GSM_042,W3,25,152036,-141.679947,-0.142283,2820,17,2,672,17,28,''
Qwen/Qwen2.5-7B-Instruct,GSM_042,W3,26,152023,-180.865143,-0.132672,2820,17,2,672,17,28,''
Qwen/Qwen2.5-7B-Instruct,GSM_042,W3,27,54,-20.74872,0.054822,2820,17,2,672,17,28,''
Qwen/Qwen2.5-7B-Instruct,GSM_043,canonical,0,150240,-12.402798,-0.0157,8,23,8,150,23,28,''
Qwen/Qwen2.5-7B-Instruct,GSM_043,canonical,1,151725,-13.01408,-0.034523,8,23,8,150,23,28,''
Qwen/Qwen2.5-7B-Instruct,GSM_043,canonical,2,151746,-13.499477,-0.039123,8,23,8,150,23,28,''
Qwen/Qwen2.5-7B-Instruct,GSM_043,canonical,3,151684,-13.412195,-0.035357,8,23,8,150,23,28,''
Qwen/Qwen2.5-7B-Instruct,GSM_043,canonical,4,151628,-13.572336,-0.032622,8,23,8,150,23,28,''
Qwen/Qwen2.5-7B-Instruct,GSM_043,canonical,5,151678,-14.839842,-0.037634,8,23,8,150,23,28,''
Qwen/Qwen2.5-7B-Instruct,GSM_043,canonical,6,151647,-15.092604,-0.034584,8,23,8,150,23,28,''
Qwen/Qwen2.5-7B-Instruct,GSM_043,canonical,7,151798,-15.706524,-0.049454,8,23,8,150,23,28,''
Qwen/Qwen2.5-7B-Instruct,GSM_043,canonical,8,151723,-15.13818,-0.038655,8,23,8,150,23,28,''
Qwen/Qwen2.5-7B-Instruct,GSM_043,canonical,9,151878,-16.911215,-0.05934,8,23,8,150,23,28,''
Qwen/Qwen2.5-7B-Instruct,GSM_043,canonical,10,151861,-17.175457,-0.05366,8,23,8,150,23,28,''
Qwen/Qwen2.5-7B-Instruct,GSM_043,canonical,11,151824,-17.230396,-0.049434,8,23,8,150,23,28,''
Qwen/Qwen2.5-7B-Instruct,GSM_043,canonical,12,151712,-16.951597,-0.040589,8,23,8,150,23,28,''
Qwen/Qwen2.5-7B-Instruct,GSM_043,canonical,13,151773,-18.694595,-0.046901,8,23,8,150,23,28,''
Qwen/Qwen2.5-7B-Instruct,GSM_043,canonical,14,151740,-21.153383,-0.043766,8,23,8,150,23,28,''
Qwen/Qwen2.5-7B-Instruct,GSM_043,canonical,15,151760,-20.394709,-0.043558,8,23,8,150,23,28,''
Qwen/Qwen2.5-7B-Instruct,GSM_043,canonical,16,151828,-21.403419,-0.049473,8,23,8,150,23,28,''
Qwen/Qwen2.5-7B-Instruct,GSM_043,canonical,17,151745,-21.055489,-0.036867,8,23,8,150,23,28,''
Qwen/Qwen2.5-7B-Instruct,GSM_043,canonical,18,151811,-21.850763,-0.043716,8,23,8,150,23,28,''
Qwen/Qwen2.5-7B-Instruct,GSM_043,canonical,19,151926,-23.568964,-0.053906,8,23,8,150,23,28,''
Qwen/Qwen2.5-7B-Instruct,GSM_043,canonical,20,151929,-28.057493,-0.058971,8,23,8,150,23,28,''
Qwen/Qwen2.5-7B-Instruct,GSM_043,canonical,21,151865,-36.862286,-0.055931,8,23,8,150,23,28,''
Qwen/Qwen2.5-7B-Instruct,GSM_043,canonical,22,151814,-46.302895,-0.053216,8,23,8,150,23,28,''
Qwen/Qwen2.5-7B-Instruct,GSM_043,canonical,23,151813,-64.665367,-0.060562,8,23,8,150,23,28,''
Qwen/Qwen2.5-7B-Instruct,GSM_043,canonical,24,151808,-95.782555,-0.070264,8,23,8,150,23,28,''
Qwen/Qwen2.5-7B-Instruct,GSM_043,canonical,25,151788,-126.849472,-0.071675,8,23,8,150,23,28,''
Qwen/Qwen2.5-7B-Instruct,GSM_043,canonical,26,151749,-163.135117,-0.064987,8,23,8,150,23,28,''
Qwen/Qwen2.5-7B-Instruct,GSM_043,canonical,27,57,-22.478575,0.061669,8,23,8,150,23,28,''
Qwen/Qwen2.5-7B-Instruct,GSM_043,W3,0,150240,-12.399847,-0.015718,8,23,8,150,23,28,''
Qwen/Qwen2.5-7B-Instruct,GSM_043,W3,1,151728,-13.028037,-0.034693,8,23,8,150,23,28,''
Qwen/Qwen2.5-7B-Instruct,GSM_043,W3,2,151746,-13.528593,-0.039626,8,23,8,150,23,28,''
Qwen/Qwen2.5-7B-Instruct,GSM_043,W3,3,151696,-13.417347,-0.035738,8,23,8,150,23,28,''
Qwen/Qwen2.5-7B-Instruct,GSM_043,W3,4,151637,-13.578045,-0.033142,8,23,8,150,23,28,''
Qwen/Qwen2.5-7B-Instruct,GSM_043,W3,5,151691,-14.836224,-0.038429,8,23,8,150,23,28,''
Qwen/Qwen2.5-7B-Instruct,GSM_043,W3,6,151658,-15.091312,-0.035091,8,23,8,150,23,28,''
Qwen/Qwen2.5-7B-Instruct,GSM_043,W3,7,151804,-15.702747,-0.050001,8,23,8,150,23,28,''
Qwen/Qwen2.5-7B-Instruct,GSM_043,W3,8,151736,-15.127823,-0.039369,8,23,8,150,23,28,''
Qwen/Qwen2.5-7B-Instruct,GSM_043,W3,9,151881,-16.853279,-0.060088,8,23,8,150,23,28,''
Qwen/Qwen2.5-7B-Instruct,GSM_043,W3,10,151861,-17.093229,-0.053581,8,23,8,150,23,28,''
Qwen/Qwen2.5-7B-Instruct,GSM_043,W3,11,151829,-17.128231,-0.050241,8,23,8,150,23,28,''
Qwen/Qwen2.5-7B-Instruct,GSM_043,W3,12,151704,-16.888908,-0.040307,8,23,8,150,23,28,''
Qwen/Qwen2.5-7B-Instruct,GSM_043,W3,13,151766,-18.541767,-0.046086,8,23,8,150,23,28,''
Qwen/Qwen2.5-7B-Instruct,GSM_043,W3,14,151735,-20.972548,-0.042839,8,23,8,150,23,28,''
Qwen/Qwen2.5-7B-Instruct,GSM_043,W3,15,151749,-20.180574,-0.042043,8,23,8,150,23,28,''
Qwen/Qwen2.5-7B-Instruct,GSM_043,W3,16,151818,-21.327265,-0.048246,8,23,8,150,23,28,''
Qwen/Qwen2.5-7B-Instruct,GSM_043,W3,17,151744,-20.902828,-0.036263,8,23,8,150,23,28,''
Qwen/Qwen2.5-7B-Instruct,GSM_043,W3,18,151819,-21.808319,-0.044383,8,23,8,150,23,28,''
Qwen/Qwen2.5-7B-Instruct,GSM_043,W3,19,151916,-23.725985,-0.054121,8,23,8,150,23,28,''
Qwen/Qwen2.5-7B-Instruct,GSM_043,W3,20,151922,-28.403513,-0.059622,8,23,8,150,23,28,''
Qwen/Qwen2.5-7B-Instruct,GSM_043,W3,21,151878,-37.380096,-0.059989,8,23,8,150,23,28,''
Qwen/Qwen2.5-7B-Instruct,GSM_043,W3,22,151836,-47.56229,-0.056976,8,23,8,150,23,28,''
Qwen/Qwen2.5-7B-Instruct,GSM_043,W3,23,151832,-66.456383,-0.064605,8,23,8,150,23,28,''
Qwen/Qwen2.5-7B-Instruct,GSM_043,W3,24,151824,-95.091309,-0.072372,8,23,8,150,23,28,''
Qwen/Qwen2.5-7B-Instruct,GSM_043,W3,25,151803,-125.365997,-0.072996,8,23,8,150,23,28,''
Qwen/Qwen2.5-7B-Instruct,GSM_043,W3,26,151774,-164.028198,-0.067306,8,23,8,150,23,28,''
Qwen/Qwen2.5-7B-Instruct,GSM_043,W3,27,203,-24.224735,0.047537,8,23,8,150,23,28,''
Qwen/Qwen2.5-7B-Instruct,GSM_044,canonical,0,150476,-12.410943,-0.016077,59,20,5,423,20,28,''
Qwen/Qwen2.5-7B-Instruct,GSM_044,canonical,1,151814,-13.073954,-0.038616,59,20,5,423,20,28,''
Qwen/Qwen2.5-7B-Instruct,GSM_044,canonical,2,151829,-13.589149,-0.044699,59,20,5,423,20,28,''
Qwen/Qwen2.5-7B-Instruct,GSM_044,canonical,3,151906,-13.641796,-0.048651,59,20,5,423,20,28,''
Qwen/Qwen2.5-7B-Instruct,GSM_044,canonical,4,151888,-13.835718,-0.046394,59,20,5,423,20,28,''
Qwen/Qwen2.5-7B-Instruct,GSM_044,canonical,5,151873,-15.261651,-0.052244,59,20,5,423,20,28,''
Qwen/Qwen2.5-7B-Instruct,GSM_044,canonical,6,151823,-15.460213,-0.04716,59,20,5,423,20,28,''
Qwen/Qwen2.5-7B-Instruct,GSM_044,canonical,7,151885,-16.005383,-0.058752,59,20,5,423,20,28,''
Qwen/Qwen2.5-7B-Instruct,GSM_044,canonical,8,151905,-15.495348,-0.052953,59,20,5,423,20,28,''
Qwen/Qwen2.5-7B-Instruct,GSM_044,canonical,9,151914,-17.211138,-0.065869,59,20,5,423,20,28,''
Qwen/Qwen2.5-7B-Instruct,GSM_044,canonical,10,151908,-17.528631,-0.062617,59,20,5,423,20,28,''
Qwen/Qwen2.5-7B-Instruct,GSM_044,canonical,11,151887,-17.51458,-0.056651,59,20,5,423,20,28,''
Qwen/Qwen2.5-7B-Instruct,GSM_044,canonical,12,151825,-17.289385,-0.048907,59,20,5,423,20,28,''
Qwen/Qwen2.5-7B-Instruct,GSM_044,canonical,13,151863,-19.320774,-0.055313,59,20,5,423,20,28,''
Qwen/Qwen2.5-7B-Instruct,GSM_044,canonical,14,151888,-22.038769,-0.059865,59,20,5,423,20,28,''
Qwen/Qwen2.5-7B-Instruct,GSM_044,canonical,15,151824,-20.749958,-0.048556,59,20,5,423,20,28,''
Qwen/Qwen2.5-7B-Instruct,GSM_044,canonical,16,151900,-21.834547,-0.058684,59,20,5,423,20,28,''
Qwen/Qwen2.5-7B-Instruct,GSM_044,canonical,17,151795,-20.886477,-0.038639,59,20,5,423,20,28,''
Qwen/Qwen2.5-7B-Instruct,GSM_044,canonical,18,151860,-21.795681,-0.047121,59,20,5,423,20,28,''
Qwen/Qwen2.5-7B-Instruct,GSM_044,canonical,19,151857,-21.550735,-0.040259,59,20,5,423,20,28,''
Qwen/Qwen2.5-7B-Instruct,GSM_044,canonical,20,151936,-25.807518,-0.055177,59,20,5,423,20,28,''
Qwen/Qwen2.5-7B-Instruct,GSM_044,canonical,21,151968,-37.751457,-0.074356,59,20,5,423,20,28,''
Qwen/Qwen2.5-7B-Instruct,GSM_044,canonical,22,151971,-48.058132,-0.075983,59,20,5,423,20,28,''
Qwen/Qwen2.5-7B-Instruct,GSM_044,canonical,23,151945,-67.407913,-0.084509,59,20,5,423,20,28,''
Qwen/Qwen2.5-7B-Instruct,GSM_044,canonical,24,151929,-93.486176,-0.08878,59,20,5,423,20,28,''
Qwen/Qwen2.5-7B-Instruct,GSM_044,canonical,25,151929,-127.648956,-0.096351,59,20,5,423,20,28,''
Qwen/Qwen2.5-7B-Instruct,GSM_044,canonical,26,151890,-168.733383,-0.088346,59,20,5,423,20,28,''
Qwen/Qwen2.5-7B-Instruct,GSM_044,canonical,27,179,-24.720604,0.045732,59,20,5,423,20,28,''
Qwen/Qwen2.5-7B-Instruct,GSM_044,W3,0,150534,-12.407991,-0.016456,59,20,5,423,20,28,''
Qwen/Qwen2.5-7B-Instruct,GSM_044,W3,1,151810,-13.051236,-0.038164,59,20,5,423,20,28,''
Qwen/Qwen2.5-7B-Instruct,GSM_044,W3,2,151834,-13.593266,-0.045167,59,20,5,423,20,28,''
Qwen/Qwen2.5-7B-Instruct,GSM_044,W3,3,151919,-13.652486,-0.049601,59,20,5,423,20,28,''
Qwen/Qwen2.5-7B-Instruct,GSM_044,W3,4,151888,-13.814564,-0.046151,59,20,5,423,20,28,''
Qwen/Qwen2.5-7B-Instruct,GSM_044,W3,5,151875,-15.305512,-0.052654,59,20,5,423,20,28,''
Qwen/Qwen2.5-7B-Instruct,GSM_044,W3,6,151825,-15.460278,-0.047529,59,20,5,423,20,28,''
Qwen/Qwen2.5-7B-Instruct,GSM_044,W3,7,151888,-16.024525,-0.059384,59,20,5,423,20,28,''
Qwen/Qwen2.5-7B-Instruct,GSM_044,W3,8,151904,-15.480448,-0.053511,59,20,5,423,20,28,''
Qwen/Qwen2.5-7B-Instruct,GSM_044,W3,9,151912,-17.198637,-0.065669,59,20,5,423,20,28,''
Qwen/Qwen2.5-7B-Instruct,GSM_044,W3,10,151905,-17.507172,-0.061026,59,20,5,423,20,28,''
Qwen/Qwen2.5-7B-Instruct,GSM_044,W3,11,151884,-17.596498,-0.056375,59,20,5,423,20,28,''
Qwen/Qwen2.5-7B-Instruct,GSM_044,W3,12,151831,-17.308434,-0.04906,59,20,5,423,20,28,''
Qwen/Qwen2.5-7B-Instruct,GSM_044,W3,13,151867,-19.257935,-0.055309,59,20,5,423,20,28,''
Qwen/Qwen2.5-7B-Instruct,GSM_044,W3,14,151887,-22.003893,-0.059156,59,20,5,423,20,28,''
Qwen/Qwen2.5-7B-Instruct,GSM_044,W3,15,151815,-20.555119,-0.046752,59,20,5,423,20,28,''
Qwen/Qwen2.5-7B-Instruct,GSM_044,W3,16,151900,-21.753325,-0.057383,59,20,5,423,20,28,''
Qwen/Qwen2.5-7B-Instruct,GSM_044,W3,17,151813,-20.955076,-0.039451,59,20,5,423,20,28,''
Qwen/Qwen2.5-7B-Instruct,GSM_044,W3,18,151871,-22.089624,-0.048931,59,20,5,423,20,28,''
Qwen/Qwen2.5-7B-Instruct,GSM_044,W3,19,151846,-21.721666,-0.039219,59,20,5,423,20,28,''
Qwen/Qwen2.5-7B-Instruct,GSM_044,W3,20,151937,-26.422337,-0.056481,59,20,5,423,20,28,''
Qwen/Qwen2.5-7B-Instruct,GSM_044,W3,21,151972,-37.829868,-0.074018,59,20,5,423,20,28,''
Qwen/Qwen2.5-7B-Instruct,GSM_044,W3,22,151966,-47.789204,-0.07419,59,20,5,423,20,28,''
Qwen/Qwen2.5-7B-Instruct,GSM_044,W3,23,151956,-67.843971,-0.085544,59,20,5,423,20,28,''
Qwen/Qwen2.5-7B-Instruct,GSM_044,W3,24,151935,-93.034225,-0.089779,59,20,5,423,20,28,''
Qwen/Qwen2.5-7B-Instruct,GSM_044,W3,25,151937,-126.074089,-0.09646,59,20,5,423,20,28,''
Qwen/Qwen2.5-7B-Instruct,GSM_044,W3,26,151884,-165.865921,-0.085634,59,20,5,423,20,28,''
Qwen/Qwen2.5-7B-Instruct,GSM_044,W3,27,508,-25.362942,0.038413,59,20,5,423,20,28,''
Qwen/Qwen2.5-7B-Instruct,GSM_045,canonical,0,152011,-12.688842,-0.046303,1122,16,1,741,16,28,''
Qwen/Qwen2.5-7B-Instruct,GSM_045,canonical,1,152038,-13.508524,-0.071328,1122,16,1,741,16,28,''
Qwen/Qwen2.5-7B-Instruct,GSM_045,canonical,2,152038,-14.216455,-0.08196,1122,16,1,741,16,28,''
Qwen/Qwen2.5-7B-Instruct,GSM_045,canonical,3,152044,-14.183434,-0.079126,1122,16,1,741,16,28,''
Qwen/Qwen2.5-7B-Instruct,GSM_045,canonical,4,152038,-14.373033,-0.073533,1122,16,1,741,16,28,''
Qwen/Qwen2.5-7B-Instruct,GSM_045,canonical,5,152038,-16.218216,-0.087068,1122,16,1,741,16,28,''
Qwen/Qwen2.5-7B-Instruct,GSM_045,canonical,6,152030,-16.427647,-0.081323,1122,16,1,741,16,28,''
Qwen/Qwen2.5-7B-Instruct,GSM_045,canonical,7,152038,-17.141642,-0.095587,1122,16,1,741,16,28,''
Qwen/Qwen2.5-7B-Instruct,GSM_045,canonical,8,152029,-16.486576,-0.080212,1122,16,1,741,16,28,''
Qwen/Qwen2.5-7B-Instruct,GSM_045,canonical,9,152042,-18.44117,-0.102198,1122,16,1,741,16,28,''
Qwen/Qwen2.5-7B-Instruct,GSM_045,canonical,10,152041,-19.035744,-0.098918,1122,16,1,741,16,28,''
Qwen/Qwen2.5-7B-Instruct,GSM_045,canonical,11,152034,-18.804768,-0.090779,1122,16,1,741,16,28,''
Qwen/Qwen2.5-7B-Instruct,GSM_045,canonical,12,152025,-18.722387,-0.082797,1122,16,1,741,16,28,''
Qwen/Qwen2.5-7B-Instruct,GSM_045,canonical,13,152030,-21.003756,-0.092114,1122,16,1,741,16,28,''
Qwen/Qwen2.5-7B-Instruct,GSM_045,canonical,14,152038,-24.609858,-0.102961,1122,16,1,741,16,28,''
Qwen/Qwen2.5-7B-Instruct,GSM_045,canonical,15,152032,-23.188267,-0.091512,1122,16,1,741,16,28,''
Qwen/Qwen2.5-7B-Instruct,GSM_045,canonical,16,152039,-24.411139,-0.097367,1122,16,1,741,16,28,''
Qwen/Qwen2.5-7B-Instruct,GSM_045,canonical,17,152033,-23.687309,-0.078127,1122,16,1,741,16,28,''
Qwen/Qwen2.5-7B-Instruct,GSM_045,canonical,18,152020,-24.102631,-0.077348,1122,16,1,741,16,28,''
Qwen/Qwen2.5-7B-Instruct,GSM_045,canonical,19,152021,-25.097527,-0.072259,1122,16,1,741,16,28,''
Qwen/Qwen2.5-7B-Instruct,GSM_045,canonical,20,152041,-30.837715,-0.092062,1122,16,1,741,16,28,''
Qwen/Qwen2.5-7B-Instruct,GSM_045,canonical,21,152044,-40.421341,-0.103949,1122,16,1,741,16,28,''
Qwen/Qwen2.5-7B-Instruct,GSM_045,canonical,22,152049,-51.869564,-0.110506,1122,16,1,741,16,28,''
Qwen/Qwen2.5-7B-Instruct,GSM_045,canonical,23,152053,-78.015739,-0.142709,1122,16,1,741,16,28,''
Qwen/Qwen2.5-7B-Instruct,GSM_045,canonical,24,152051,-108.984398,-0.156107,1122,16,1,741,16,28,''
Qwen/Qwen2.5-7B-Instruct,GSM_045,canonical,25,152045,-140.303467,-0.153717,1122,16,1,741,16,28,''
Qwen/Qwen2.5-7B-Instruct,GSM_045,canonical,26,152040,-186.913101,-0.147334,1122,16,1,741,16,28,''
Qwen/Qwen2.5-7B-Instruct,GSM_045,canonical,27,53,-18.581331,0.054486,1122,16,1,741,16,28,''
Qwen/Qwen2.5-7B-Instruct,GSM_045,W3,0,152001,-12.684909,-0.045511,1122,16,1,741,16,28,''
Qwen/Qwen2.5-7B-Instruct,GSM_045,W3,1,152038,-13.541611,-0.071212,1122,16,1,741,16,28,''
Qwen/Qwen2.5-7B-Instruct,GSM_045,W3,2,152038,-14.226768,-0.080681,1122,16,1,741,16,28,''
Qwen/Qwen2.5-7B-Instruct,GSM_045,W3,3,152043,-14.223335,-0.079008,1122,16,1,741,16,28,''
Qwen/Qwen2.5-7B-Instruct,GSM_045,W3,4,152040,-14.436327,-0.074462,1122,16,1,741,16,28,''
Qwen/Qwen2.5-7B-Instruct,GSM_045,W3,5,152038,-16.275517,-0.087263,1122,16,1,741,16,28,''
Qwen/Qwen2.5-7B-Instruct,GSM_045,W3,6,152028,-16.44714,-0.081638,1122,16,1,741,16,28,''
Qwen/Qwen2.5-7B-Instruct,GSM_045,W3,7,152038,-17.126377,-0.095104,1122,16,1,741,16,28,''
Qwen/Qwen2.5-7B-Instruct,GSM_045,W3,8,152029,-16.415222,-0.079729,1122,16,1,741,16,28,''
Qwen/Qwen2.5-7B-Instruct,GSM_045,W3,9,152042,-18.591602,-0.103737,1122,16,1,741,16,28,''
Qwen/Qwen2.5-7B-Instruct,GSM_045,W3,10,152040,-19.043072,-0.099022,1122,16,1,741,16,28,''
Qwen/Qwen2.5-7B-Instruct,GSM_045,W3,11,152034,-19.028177,-0.091984,1122,16,1,741,16,28,''
Qwen/Qwen2.5-7B-Instruct,GSM_045,W3,12,152027,-18.863216,-0.085535,1122,16,1,741,16,28,''
Qwen/Qwen2.5-7B-Instruct,GSM_045,W3,13,152030,-20.961115,-0.092517,1122,16,1,741,16,28,''
Qwen/Qwen2.5-7B-Instruct,GSM_045,W3,14,152038,-24.710522,-0.102813,1122,16,1,741,16,28,''
Qwen/Qwen2.5-7B-Instruct,GSM_045,W3,15,152032,-22.929871,-0.089294,1122,16,1,741,16,28,''
Qwen/Qwen2.5-7B-Instruct,GSM_045,W3,16,152038,-24.223221,-0.095269,1122,16,1,741,16,28,''
Qwen/Qwen2.5-7B-Instruct,GSM_045,W3,17,152034,-23.638699,-0.078554,1122,16,1,741,16,28,''
Qwen/Qwen2.5-7B-Instruct,GSM_045,W3,18,152019,-24.020945,-0.07626,1122,16,1,741,16,28,''
Qwen/Qwen2.5-7B-Instruct,GSM_045,W3,19,152018,-24.66893,-0.069938,1122,16,1,741,16,28,''
Qwen/Qwen2.5-7B-Instruct,GSM_045,W3,20,152040,-30.029676,-0.086164,1122,16,1,741,16,28,''
Qwen/Qwen2.5-7B-Instruct,GSM_045,W3,21,152045,-41.296436,-0.105451,1122,16,1,741,16,28,''
Qwen/Qwen2.5-7B-Instruct,GSM_045,W3,22,152049,-53.245911,-0.114276,1122,16,1,741,16,28,''
Qwen/Qwen2.5-7B-Instruct,GSM_045,W3,23,152053,-78.929771,-0.14517,1122,16,1,741,16,28,''
Qwen/Qwen2.5-7B-Instruct,GSM_045,W3,24,152051,-110.669624,-0.157299,1122,16,1,741,16,28,''
Qwen/Qwen2.5-7B-Instruct,GSM_045,W3,25,152045,-143.028046,-0.15557,1122,16,1,741,16,28,''
Qwen/Qwen2.5-7B-Instruct,GSM_045,W3,26,152042,-192.37294,-0.152021,1122,16,1,741,16,28,''
Qwen/Qwen2.5-7B-Instruct,GSM_045,W3,27,80,-21.112167,0.047861,1122,16,1,741,16,28,''
Qwen/Qwen2.5-7B-Instruct,GSM_046,canonical,0,152004,-12.692855,-0.045922,121,16,1,741,16,28,''
Qwen/Qwen2.5-7B-Instruct,GSM_046,canonical,1,152038,-13.563675,-0.072719,121,16,1,741,16,28,''
Qwen/Qwen2.5-7B-Instruct,GSM_046,canonical,2,152040,-14.252993,-0.083001,121,16,1,741,16,28,''
Qwen/Qwen2.5-7B-Instruct,GSM_046,canonical,3,152047,-14.236801,-0.080641,121,16,1,741,16,28,''
Qwen/Qwen2.5-7B-Instruct,GSM_046,canonical,4,152040,-14.445953,-0.075863,121,16,1,741,16,28,''
Qwen/Qwen2.5-7B-Instruct,GSM_046,canonical,5,152038,-16.250694,-0.087711,121,16,1,741,16,28,''
Qwen/Qwen2.5-7B-Instruct,GSM_046,canonical,6,152028,-16.411644,-0.081126,121,16,1,741,16,28,''
Qwen/Qwen2.5-7B-Instruct,GSM_046,canonical,7,152038,-17.027594,-0.09472,121,16,1,741,16,28,''
Qwen/Qwen2.5-7B-Instruct,GSM_046,canonical,8,152028,-16.200752,-0.076285,121,16,1,741,16,28,''
Qwen/Qwen2.5-7B-Instruct,GSM_046,canonical,9,152042,-18.501841,-0.102338,121,16,1,741,16,28,''
Qwen/Qwen2.5-7B-Instruct,GSM_046,canonical,10,152041,-18.930868,-0.098295,121,16,1,741,16,28,''
Qwen/Qwen2.5-7B-Instruct,GSM_046,canonical,11,152034,-19.140823,-0.09486,121,16,1,741,16,28,''
Qwen/Qwen2.5-7B-Instruct,GSM_046,canonical,12,152030,-19.045565,-0.088279,121,16,1,741,16,28,''
Qwen/Qwen2.5-7B-Instruct,GSM_046,canonical,13,152030,-21.253891,-0.096053,121,16,1,741,16,28,''
Qwen/Qwen2.5-7B-Instruct,GSM_046,canonical,14,152039,-24.695652,-0.106733,121,16,1,741,16,28,''
Qwen/Qwen2.5-7B-Instruct,GSM_046,canonical,15,152033,-23.474068,-0.096666,121,16,1,741,16,28,''
Qwen/Qwen2.5-7B-Instruct,GSM_046,canonical,16,152038,-24.76362,-0.101986,121,16,1,741,16,28,''
Qwen/Qwen2.5-7B-Instruct,GSM_046,canonical,17,152038,-24.025261,-0.084974,121,16,1,741,16,28,''
Qwen/Qwen2.5-7B-Instruct,GSM_046,canonical,18,152027,-24.897911,-0.085829,121,16,1,741,16,28,''
Qwen/Qwen2.5-7B-Instruct,GSM_046,canonical,19,152023,-25.262978,-0.077781,121,16,1,741,16,28,''
Qwen/Qwen2.5-7B-Instruct,GSM_046,canonical,20,152041,-30.036804,-0.088588,121,16,1,741,16,28,''
Qwen/Qwen2.5-7B-Instruct,GSM_046,canonical,21,152043,-40.930176,-0.103709,121,16,1,741,16,28,''
Qwen/Qwen2.5-7B-Instruct,GSM_046,canonical,22,152046,-48.865211,-0.106111,121,16,1,741,16,28,''
Qwen/Qwen2.5-7B-Instruct,GSM_046,canonical,23,152048,-70.2994,-0.128612,121,16,1,741,16,28,''
Qwen/Qwen2.5-7B-Instruct,GSM_046,canonical,24,152048,-107.858688,-0.151786,121,16,1,741,16,28,''
Qwen/Qwen2.5-7B-Instruct,GSM_046,canonical,25,152043,-146.529434,-0.155751,121,16,1,741,16,28,''
Qwen/Qwen2.5-7B-Instruct,GSM_046,canonical,26,152034,-183.259827,-0.142311,121,16,1,741,16,28,''
Qwen/Qwen2.5-7B-Instruct,GSM_046,canonical,27,7,-12.406677,0.092018,121,16,1,741,16,28,''
Qwen/Qwen2.5-7B-Instruct,GSM_046,W3,0,151996,-12.676233,-0.044726,121,16,1,741,16,28,''
Qwen/Qwen2.5-7B-Instruct,GSM_046,W3,1,152038,-13.546833,-0.071664,121,16,1,741,16,28,''
Qwen/Qwen2.5-7B-Instruct,GSM_046,W3,2,152038,-14.228712,-0.081518,121,16,1,741,16,28,''
Qwen/Qwen2.5-7B-Instruct,GSM_046,W3,3,152042,-14.217691,-0.079158,121,16,1,741,16,28,''
Qwen/Qwen2.5-7B-Instruct,GSM_046,W3,4,152035,-14.392252,-0.07368,121,16,1,741,16,28,''
Qwen/Qwen2.5-7B-Instruct,GSM_046,W3,5,152038,-16.265484,-0.087371,121,16,1,741,16,28,''
Qwen/Qwen2.5-7B-Instruct,GSM_046,W3,6,152028,-16.441082,-0.080937,121,16,1,741,16,28,''
Qwen/Qwen2.5-7B-Instruct,GSM_046,W3,7,152037,-17.082714,-0.094578,121,16,1,741,16,28,''
Qwen/Qwen2.5-7B-Instruct,GSM_046,W3,8,152026,-16.243259,-0.076298,121,16,1,741,16,28,''
Qwen/Qwen2.5-7B-Instruct,GSM_046,W3,9,152041,-18.500961,-0.100843,121,16,1,741,16,28,''
Qwen/Qwen2.5-7B-Instruct,GSM_046,W3,10,152039,-18.886566,-0.0959,121,16,1,741,16,28,''
Qwen/Qwen2.5-7B-Instruct,GSM_046,W3,11,152033,-19.062769,-0.091726,121,16,1,741,16,28,''
Qwen/Qwen2.5-7B-Instruct,GSM_046,W3,12,152027,-18.932289,-0.085587,121,16,1,741,16,28,''
Qwen/Qwen2.5-7B-Instruct,GSM_046,W3,13,152030,-21.145264,-0.092803,121,16,1,741,16,28,''
Qwen/Qwen2.5-7B-Instruct,GSM_046,W3,14,152037,-24.390408,-0.101618,121,16,1,741,16,28,''
Qwen/Qwen2.5-7B-Instruct,GSM_046,W3,15,152032,-23.003857,-0.090674,121,16,1,741,16,28,''
Qwen/Qwen2.5-7B-Instruct,GSM_046,W3,16,152036,-24.333467,-0.097316,121,16,1,741,16,28,''
Qwen/Qwen2.5-7B-Instruct,GSM_046,W3,17,152033,-23.98625,-0.082634,121,16,1,741,16,28,''
Qwen/Qwen2.5-7B-Instruct,GSM_046,W3,18,152026,-25.394497,-0.085815,121,16,1,741,16,28,''
Qwen/Qwen2.5-7B-Instruct,GSM_046,W3,19,152026,-26.010609,-0.079605,121,16,1,741,16,28,''
Qwen/Qwen2.5-7B-Instruct,GSM_046,W3,20,152042,-30.552731,-0.090456,121,16,1,741,16,28,''
Qwen/Qwen2.5-7B-Instruct,GSM_046,W3,21,152045,-42.209038,-0.106372,121,16,1,741,16,28,''
Qwen/Qwen2.5-7B-Instruct,GSM_046,W3,22,152045,-50.265167,-0.105967,121,16,1,741,16,28,''
Qwen/Qwen2.5-7B-Instruct,GSM_046,W3,23,152047,-72.38237,-0.130411,121,16,1,741,16,28,''
Qwen/Qwen2.5-7B-Instruct,GSM_046,W3,24,152049,-107.725159,-0.151947,121,16,1,741,16,28,''
Qwen/Qwen2.5-7B-Instruct,GSM_046,W3,25,152043,-149.681641,-0.156402,121,16,1,741,16,28,''
Qwen/Qwen2.5-7B-Instruct,GSM_046,W3,26,152036,-184.460449,-0.143585,121,16,1,741,16,28,''
Qwen/Qwen2.5-7B-Instruct,GSM_046,W3,27,12,-12.4621,0.087044,121,16,1,741,16,28,''
Qwen/Qwen2.5-7B-Instruct,GSM_047,canonical,0,150100,-12.396794,-0.014266,510,20,5,423,20,28,''
Qwen/Qwen2.5-7B-Instruct,GSM_047,canonical,1,151794,-13.054993,-0.037175,510,20,5,423,20,28,''
Qwen/Qwen2.5-7B-Instruct,GSM_047,canonical,2,151837,-13.590671,-0.045545,510,20,5,423,20,28,''
Qwen/Qwen2.5-7B-Instruct,GSM_047,canonical,3,151896,-13.621152,-0.048451,510,20,5,423,20,28,''
Qwen/Qwen2.5-7B-Instruct,GSM_047,canonical,4,151900,-13.845672,-0.047952,510,20,5,423,20,28,''
Qwen/Qwen2.5-7B-Instruct,GSM_047,canonical,5,151879,-15.250717,-0.052774,510,20,5,423,20,28,''
Qwen/Qwen2.5-7B-Instruct,GSM_047,canonical,6,151824,-15.411312,-0.04689,510,20,5,423,20,28,''
Qwen/Qwen2.5-7B-Instruct,GSM_047,canonical,7,151897,-15.917519,-0.058503,510,20,5,423,20,28,''
Qwen/Qwen2.5-7B-Instruct,GSM_047,canonical,8,151896,-15.460992,-0.050887,510,20,5,423,20,28,''
Qwen/Qwen2.5-7B-Instruct,GSM_047,canonical,9,151902,-17.206133,-0.062896,510,20,5,423,20,28,''
Qwen/Qwen2.5-7B-Instruct,GSM_047,canonical,10,151904,-17.480587,-0.060111,510,20,5,423,20,28,''
Qwen/Qwen2.5-7B-Instruct,GSM_047,canonical,11,151893,-17.64529,-0.058182,510,20,5,423,20,28,''
Qwen/Qwen2.5-7B-Instruct,GSM_047,canonical,12,151842,-17.414152,-0.050724,510,20,5,423,20,28,''
Qwen/Qwen2.5-7B-Instruct,GSM_047,canonical,13,151855,-19.196445,-0.053812,510,20,5,423,20,28,''
Qwen/Qwen2.5-7B-Instruct,GSM_047,canonical,14,151894,-22.421713,-0.060876,510,20,5,423,20,28,''
Qwen/Qwen2.5-7B-Instruct,GSM_047,canonical,15,151814,-21.027494,-0.047887,510,20,5,423,20,28,''
Qwen/Qwen2.5-7B-Instruct,GSM_047,canonical,16,151891,-22.104212,-0.05911,510,20,5,423,20,28,''
Qwen/Qwen2.5-7B-Instruct,GSM_047,canonical,17,151804,-21.480232,-0.0415,510,20,5,423,20,28,''
Qwen/Qwen2.5-7B-Instruct,GSM_047,canonical,18,151843,-22.481045,-0.047295,510,20,5,423,20,28,''
Qwen/Qwen2.5-7B-Instruct,GSM_047,canonical,19,151845,-23.774963,-0.04312,510,20,5,423,20,28,''
Qwen/Qwen2.5-7B-Instruct,GSM_047,canonical,20,151893,-27.148788,-0.051804,510,20,5,423,20,28,''
Qwen/Qwen2.5-7B-Instruct,GSM_047,canonical,21,151891,-35.232517,-0.060638,510,20,5,423,20,28,''
Qwen/Qwen2.5-7B-Instruct,GSM_047,canonical,22,151907,-46.01762,-0.066915,510,20,5,423,20,28,''
Qwen/Qwen2.5-7B-Instruct,GSM_047,canonical,23,151935,-69.144836,-0.087815,510,20,5,423,20,28,''
Qwen/Qwen2.5-7B-Instruct,GSM_047,canonical,24,151933,-100.421661,-0.099569,510,20,5,423,20,28,''
Qwen/Qwen2.5-7B-Instruct,GSM_047,canonical,25,151891,-124.389687,-0.0878,510,20,5,423,20,28,''
Qwen/Qwen2.5-7B-Instruct,GSM_047,canonical,26,151812,-155.503571,-0.067914,510,20,5,423,20,28,''
Qwen/Qwen2.5-7B-Instruct,GSM_047,canonical,27,10,-13.63083,0.100144,510,20,5,423,20,28,''
Qwen/Qwen2.5-7B-Instruct,GSM_047,W3,0,149982,-12.394712,-0.013623,510,20,5,423,20,28,''
Qwen/Qwen2.5-7B-Instruct,GSM_047,W3,1,151787,-13.092743,-0.037276,510,20,5,423,20,28,''
Qwen/Qwen2.5-7B-Instruct,GSM_047,W3,2,151824,-13.61738,-0.044631,510,20,5,423,20,28,''
Qwen/Qwen2.5-7B-Instruct,GSM_047,W3,3,151882,-13.619438,-0.04702,510,20,5,423,20,28,''
Qwen/Qwen2.5-7B-Instruct,GSM_047,W3,4,151882,-13.840277,-0.046434,510,20,5,423,20,28,''
Qwen/Qwen2.5-7B-Instruct,GSM_047,W3,5,151870,-15.247571,-0.051774,510,20,5,423,20,28,''
Qwen/Qwen2.5-7B-Instruct,GSM_047,W3,6,151813,-15.338077,-0.045244,510,20,5,423,20,28,''
Qwen/Qwen2.5-7B-Instruct,GSM_047,W3,7,151887,-15.840836,-0.05654,510,20,5,423,20,28,''
Qwen/Qwen2.5-7B-Instruct,GSM_047,W3,8,151889,-15.402399,-0.049536,510,20,5,423,20,28,''
Qwen/Qwen2.5-7B-Instruct,GSM_047,W3,9,151906,-17.157576,-0.062727,510,20,5,423,20,28,''
Qwen/Qwen2.5-7B-Instruct,GSM_047,W3,10,151901,-17.389841,-0.05881,510,20,5,423,20,28,''
Qwen/Qwen2.5-7B-Instruct,GSM_047,W3,11,151897,-17.606823,-0.057614,510,20,5,423,20,28,''
Qwen/Qwen2.5-7B-Instruct,GSM_047,W3,12,151842,-17.350372,-0.050338,510,20,5,423,20,28,''
Qwen/Qwen2.5-7B-Instruct,GSM_047,W3,13,151858,-18.952061,-0.053328,510,20,5,423,20,28,''
Qwen/Qwen2.5-7B-Instruct,GSM_047,W3,14,151894,-22.153873,-0.059815,510,20,5,423,20,28,''
Qwen/Qwen2.5-7B-Instruct,GSM_047,W3,15,151807,-20.622583,-0.045966,510,20,5,423,20,28,''
Qwen/Qwen2.5-7B-Instruct,GSM_047,W3,16,151886,-21.789761,-0.056755,510,20,5,423,20,28,''
Qwen/Qwen2.5-7B-Instruct,GSM_047,W3,17,151803,-21.145552,-0.04042,510,20,5,423,20,28,''
Qwen/Qwen2.5-7B-Instruct,GSM_047,W3,18,151844,-22.23266,-0.046857,510,20,5,423,20,28,''
Qwen/Qwen2.5-7B-Instruct,GSM_047,W3,19,151828,-23.131144,-0.039953,510,20,5,423,20,28,''
Qwen/Qwen2.5-7B-Instruct,GSM_047,W3,20,151887,-27.435146,-0.050772,510,20,5,423,20,28,''
Qwen/Qwen2.5-7B-Instruct,GSM_047,W3,21,151889,-36.387196,-0.061645,510,20,5,423,20,28,''
Qwen/Qwen2.5-7B-Instruct,GSM_047,W3,22,151925,-48.051262,-0.072794,510,20,5,423,20,28,''
Qwen/Qwen2.5-7B-Instruct,GSM_047,W3,23,151948,-69.217087,-0.090892,510,20,5,423,20,28,''
Qwen/Qwen2.5-7B-Instruct,GSM_047,W3,24,151941,-100.032234,-0.101264,510,20,5,423,20,28,''
Qwen/Qwen2.5-7B-Instruct,GSM_047,W3,25,151896,-125.250656,-0.090418,510,20,5,423,20,28,''
Qwen/Qwen2.5-7B-Instruct,GSM_047,W3,26,151829,-158.366928,-0.07206,510,20,5,423,20,28,''
Qwen/Qwen2.5-7B-Instruct,GSM_047,W3,27,12,-14.999234,0.093056,510,20,5,423,20,28,''
Qwen/Qwen2.5-7B-Instruct,GSM_048,canonical,0,151959,-12.630102,-0.040493,206,17,2,672,17,28,''
Qwen/Qwen2.5-7B-Instruct,GSM_048,canonical,1,152031,-13.467122,-0.068495,206,17,2,672,17,28,''
Qwen/Qwen2.5-7B-Instruct,GSM_048,canonical,2,152025,-14.082299,-0.075659,206,17,2,672,17,28,''
Qwen/Qwen2.5-7B-Instruct,GSM_048,canonical,3,152038,-14.122965,-0.076152,206,17,2,672,17,28,''
Qwen/Qwen2.5-7B-Instruct,GSM_048,canonical,4,152026,-14.346117,-0.071381,206,17,2,672,17,28,''
Qwen/Qwen2.5-7B-Instruct,GSM_048,canonical,5,152026,-16.074858,-0.080758,206,17,2,672,17,28,''
Qwen/Qwen2.5-7B-Instruct,GSM_048,canonical,6,152019,-16.324165,-0.077381,206,17,2,672,17,28,''
Qwen/Qwen2.5-7B-Instruct,GSM_048,canonical,7,152034,-17.000294,-0.093269,206,17,2,672,17,28,''
Qwen/Qwen2.5-7B-Instruct,GSM_048,canonical,8,152030,-16.323919,-0.080059,206,17,2,672,17,28,''
Qwen/Qwen2.5-7B-Instruct,GSM_048,canonical,9,152035,-18.39889,-0.098667,206,17,2,672,17,28,''
Qwen/Qwen2.5-7B-Instruct,GSM_048,canonical,10,152028,-18.577616,-0.090803,206,17,2,672,17,28,''
Qwen/Qwen2.5-7B-Instruct,GSM_048,canonical,11,152024,-18.608944,-0.084786,206,17,2,672,17,28,''
Qwen/Qwen2.5-7B-Instruct,GSM_048,canonical,12,152017,-18.567865,-0.081716,206,17,2,672,17,28,''
Qwen/Qwen2.5-7B-Instruct,GSM_048,canonical,13,152021,-20.823757,-0.090948,206,17,2,672,17,28,''
Qwen/Qwen2.5-7B-Instruct,GSM_048,canonical,14,152033,-24.317301,-0.100776,206,17,2,672,17,28,''
Qwen/Qwen2.5-7B-Instruct,GSM_048,canonical,15,152030,-23.055544,-0.093595,206,17,2,672,17,28,''
Qwen/Qwen2.5-7B-Instruct,GSM_048,canonical,16,152034,-24.163774,-0.09662,206,17,2,672,17,28,''
Qwen/Qwen2.5-7B-Instruct,GSM_048,canonical,17,152033,-23.779932,-0.084735,206,17,2,672,17,28,''
Qwen/Qwen2.5-7B-Instruct,GSM_048,canonical,18,152027,-24.651249,-0.085313,206,17,2,672,17,28,''
Qwen/Qwen2.5-7B-Instruct,GSM_048,canonical,19,152029,-27.249216,-0.08508,206,17,2,672,17,28,''
Qwen/Qwen2.5-7B-Instruct,GSM_048,canonical,20,152035,-31.934696,-0.094462,206,17,2,672,17,28,''
Qwen/Qwen2.5-7B-Instruct,GSM_048,canonical,21,152029,-39.357914,-0.096028,206,17,2,672,17,28,''
Qwen/Qwen2.5-7B-Instruct,GSM_048,canonical,22,152040,-50.491451,-0.106482,206,17,2,672,17,28,''
Qwen/Qwen2.5-7B-Instruct,GSM_048,canonical,23,152042,-69.07534,-0.127015,206,17,2,672,17,28,''
Qwen/Qwen2.5-7B-Instruct,GSM_048,canonical,24,152043,-103.179352,-0.145362,206,17,2,672,17,28,''
Qwen/Qwen2.5-7B-Instruct,GSM_048,canonical,25,152037,-138.02504,-0.148614,206,17,2,672,17,28,''
Qwen/Qwen2.5-7B-Instruct,GSM_048,canonical,26,152023,-172.929428,-0.131737,206,17,2,672,17,28,''
Qwen/Qwen2.5-7B-Instruct,GSM_048,canonical,27,54,-19.108555,0.050926,206,17,2,672,17,28,''
Qwen/Qwen2.5-7B-Instruct,GSM_048,W3,0,151962,-12.63306,-0.041123,206,17,2,672,17,28,''
Qwen/Qwen2.5-7B-Instruct,GSM_048,W3,1,152032,-13.470314,-0.069224,206,17,2,672,17,28,''
Qwen/Qwen2.5-7B-Instruct,GSM_048,W3,2,152025,-14.075089,-0.076053,206,17,2,672,17,28,''
Qwen/Qwen2.5-7B-Instruct,GSM_048,W3,3,152038,-14.113827,-0.076464,206,17,2,672,17,28,''
Qwen/Qwen2.5-7B-Instruct,GSM_048,W3,4,152027,-14.372832,-0.072339,206,17,2,672,17,28,''
Qwen/Qwen2.5-7B-Instruct,GSM_048,W3,5,152026,-16.131746,-0.081607,206,17,2,672,17,28,''
Qwen/Qwen2.5-7B-Instruct,GSM_048,W3,6,152019,-16.325781,-0.077665,206,17,2,672,17,28,''
Qwen/Qwen2.5-7B-Instruct,GSM_048,W3,7,152034,-17.031288,-0.093807,206,17,2,672,17,28,''
Qwen/Qwen2.5-7B-Instruct,GSM_048,W3,8,152031,-16.372459,-0.08191,206,17,2,672,17,28,''
Qwen/Qwen2.5-7B-Instruct,GSM_048,W3,9,152035,-18.390667,-0.098267,206,17,2,672,17,28,''
Qwen/Qwen2.5-7B-Instruct,GSM_048,W3,10,152029,-18.58025,-0.090272,206,17,2,672,17,28,''
Qwen/Qwen2.5-7B-Instruct,GSM_048,W3,11,152023,-18.685593,-0.084218,206,17,2,672,17,28,''
Qwen/Qwen2.5-7B-Instruct,GSM_048,W3,12,152019,-18.548729,-0.081656,206,17,2,672,17,28,''
Qwen/Qwen2.5-7B-Instruct,GSM_048,W3,13,152021,-20.856812,-0.090909,206,17,2,672,17,28,''
Qwen/Qwen2.5-7B-Instruct,GSM_048,W3,14,152033,-24.396128,-0.100085,206,17,2,672,17,28,''
Qwen/Qwen2.5-7B-Instruct,GSM_048,W3,15,152029,-22.953781,-0.091811,206,17,2,672,17,28,''
Qwen/Qwen2.5-7B-Instruct,GSM_048,W3,16,152034,-23.944754,-0.095122,206,17,2,672,17,28,''
Qwen/Qwen2.5-7B-Instruct,GSM_048,W3,17,152033,-23.929119,-0.084777,206,17,2,672,17,28,''
Qwen/Qwen2.5-7B-Instruct,GSM_048,W3,18,152028,-24.697598,-0.085101,206,17,2,672,17,28,''
Qwen/Qwen2.5-7B-Instruct,GSM_048,W3,19,152029,-27.15592,-0.083785,206,17,2,672,17,28,''
Qwen/Qwen2.5-7B-Instruct,GSM_048,W3,20,152034,-31.330069,-0.091107,206,17,2,672,17,28,''
Qwen/Qwen2.5-7B-Instruct,GSM_048,W3,21,152028,-38.869991,-0.094145,206,17,2,672,17,28,''
Qwen/Qwen2.5-7B-Instruct,GSM_048,W3,22,152039,-51.694897,-0.107417,206,17,2,672,17,28,''
Qwen/Qwen2.5-7B-Instruct,GSM_048,W3,23,152041,-70.578506,-0.127234,206,17,2,672,17,28,''
Qwen/Qwen2.5-7B-Instruct,GSM_048,W3,24,152040,-104.09166,-0.144851,206,17,2,672,17,28,''
Qwen/Qwen2.5-7B-Instruct,GSM_048,W3,25,152031,-139.096756,-0.145964,206,17,2,672,17,28,''
Qwen/Qwen2.5-7B-Instruct,GSM_048,W3,26,152019,-171.081772,-0.126265,206,17,2,672,17,28,''
Qwen/Qwen2.5-7B-Instruct,GSM_048,W3,27,16,-15.14165,0.066682,206,17,2,672,17,28,''
Qwen/Qwen2.5-7B-Instruct,GSM_049,canonical,0,152010,-12.700247,-0.047062,1782,16,1,741,16,28,''
Qwen/Qwen2.5-7B-Instruct,GSM_049,canonical,1,152039,-13.574181,-0.073313,1782,16,1,741,16,28,''
Qwen/Qwen2.5-7B-Instruct,GSM_049,canonical,2,152039,-14.271902,-0.083705,1782,16,1,741,16,28,''
Qwen/Qwen2.5-7B-Instruct,GSM_049,canonical,3,152046,-14.26198,-0.081669,1782,16,1,741,16,28,''
Qwen/Qwen2.5-7B-Instruct,GSM_049,canonical,4,152039,-14.443909,-0.07553,1782,16,1,741,16,28,''
Qwen/Qwen2.5-7B-Instruct,GSM_049,canonical,5,152038,-16.256372,-0.08739,1782,16,1,741,16,28,''
Qwen/Qwen2.5-7B-Instruct,GSM_049,canonical,6,152028,-16.414673,-0.080184,1782,16,1,741,16,28,''
Qwen/Qwen2.5-7B-Instruct,GSM_049,canonical,7,152037,-16.983366,-0.092466,1782,16,1,741,16,28,''
Qwen/Qwen2.5-7B-Instruct,GSM_049,canonical,8,152026,-16.279852,-0.076385,1782,16,1,741,16,28,''
Qwen/Qwen2.5-7B-Instruct,GSM_049,canonical,9,152041,-18.515196,-0.101064,1782,16,1,741,16,28,''
Qwen/Qwen2.5-7B-Instruct,GSM_049,canonical,10,152037,-18.795618,-0.094927,1782,16,1,741,16,28,''
Qwen/Qwen2.5-7B-Instruct,GSM_049,canonical,11,152033,-18.937786,-0.09007,1782,16,1,741,16,28,''
Qwen/Qwen2.5-7B-Instruct,GSM_049,canonical,12,152024,-18.684135,-0.08289,1782,16,1,741,16,28,''
Qwen/Qwen2.5-7B-Instruct,GSM_049,canonical,13,152028,-21.046419,-0.092586,1782,16,1,741,16,28,''
Qwen/Qwen2.5-7B-Instruct,GSM_049,canonical,14,152036,-24.788568,-0.103143,1782,16,1,741,16,28,''
Qwen/Qwen2.5-7B-Instruct,GSM_049,canonical,15,152031,-23.249681,-0.092176,1782,16,1,741,16,28,''
Qwen/Qwen2.5-7B-Instruct,GSM_049,canonical,16,152037,-24.34387,-0.097153,1782,16,1,741,16,28,''
Qwen/Qwen2.5-7B-Instruct,GSM_049,canonical,17,152032,-23.854097,-0.081149,1782,16,1,741,16,28,''
Qwen/Qwen2.5-7B-Instruct,GSM_049,canonical,18,152016,-24.902189,-0.077539,1782,16,1,741,16,28,''
Qwen/Qwen2.5-7B-Instruct,GSM_049,canonical,19,152030,-27.16334,-0.082305,1782,16,1,741,16,28,''
Qwen/Qwen2.5-7B-Instruct,GSM_049,canonical,20,152040,-32.499958,-0.097182,1782,16,1,741,16,28,''
Qwen/Qwen2.5-7B-Instruct,GSM_049,canonical,21,152036,-41.027767,-0.102781,1782,16,1,741,16,28,''
Qwen/Qwen2.5-7B-Instruct,GSM_049,canonical,22,152042,-49.943554,-0.10693,1782,16,1,741,16,28,''
Qwen/Qwen2.5-7B-Instruct,GSM_049,canonical,23,152045,-67.161095,-0.128244,1782,16,1,741,16,28,''
Qwen/Qwen2.5-7B-Instruct,GSM_049,canonical,24,152046,-107.720154,-0.155458,1782,16,1,741,16,28,''
Qwen/Qwen2.5-7B-Instruct,GSM_049,canonical,25,152038,-140.526215,-0.14913,1782,16,1,741,16,28,''
Qwen/Qwen2.5-7B-Instruct,GSM_049,canonical,26,152025,-172.555634,-0.127843,1782,16,1,741,16,28,''
Qwen/Qwen2.5-7B-Instruct,GSM_049,canonical,27,7,-11.581014,0.067543,1782,16,1,741,16,28,''
Qwen/Qwen2.5-7B-Instruct,GSM_049,W3,0,152011,-12.702391,-0.046925,1782,16,1,741,16,28,''
Qwen/Qwen2.5-7B-Instruct,GSM_049,W3,1,152039,-13.604281,-0.074013,1782,16,1,741,16,28,''
Qwen/Qwen2.5-7B-Instruct,GSM_049,W3,2,152038,-14.275093,-0.082615,1782,16,1,741,16,28,''
Qwen/Qwen2.5-7B-Instruct,GSM_049,W3,3,152043,-14.24024,-0.080002,1782,16,1,741,16,28,''
Qwen/Qwen2.5-7B-Instruct,GSM_049,W3,4,152036,-14.458391,-0.074584,1782,16,1,741,16,28,''
Qwen/Qwen2.5-7B-Instruct,GSM_049,W3,5,152038,-16.309265,-0.086967,1782,16,1,741,16,28,''
Qwen/Qwen2.5-7B-Instruct,GSM_049,W3,6,152027,-16.455513,-0.080276,1782,16,1,741,16,28,''
Qwen/Qwen2.5-7B-Instruct,GSM_049,W3,7,152036,-16.983551,-0.091499,1782,16,1,741,16,28,''
Qwen/Qwen2.5-7B-Instruct,GSM_049,W3,8,152026,-16.273071,-0.075841,1782,16,1,741,16,28,''
Qwen/Qwen2.5-7B-Instruct,GSM_049,W3,9,152040,-18.569508,-0.101251,1782,16,1,741,16,28,''
Qwen/Qwen2.5-7B-Instruct,GSM_049,W3,10,152035,-18.781269,-0.09381,1782,16,1,741,16,28,''
Qwen/Qwen2.5-7B-Instruct,GSM_049,W3,11,152032,-18.871468,-0.088317,1782,16,1,741,16,28,''
Qwen/Qwen2.5-7B-Instruct,GSM_049,W3,12,152022,-18.67466,-0.081863,1782,16,1,741,16,28,''
Qwen/Qwen2.5-7B-Instruct,GSM_049,W3,13,152029,-21.123943,-0.092311,1782,16,1,741,16,28,''
Qwen/Qwen2.5-7B-Instruct,GSM_049,W3,14,152037,-24.744204,-0.103008,1782,16,1,741,16,28,''
Qwen/Qwen2.5-7B-Instruct,GSM_049,W3,15,152031,-23.117386,-0.091194,1782,16,1,741,16,28,''
Qwen/Qwen2.5-7B-Instruct,GSM_049,W3,16,152036,-24.220682,-0.096385,1782,16,1,741,16,28,''
Qwen/Qwen2.5-7B-Instruct,GSM_049,W3,17,152032,-23.890944,-0.080804,1782,16,1,741,16,28,''
Qwen/Qwen2.5-7B-Instruct,GSM_049,W3,18,152018,-24.829889,-0.078265,1782,16,1,741,16,28,''
Qwen/Qwen2.5-7B-Instruct,GSM_049,W3,19,152030,-27.135448,-0.081924,1782,16,1,741,16,28,''
Qwen/Qwen2.5-7B-Instruct,GSM_049,W3,20,152040,-32.591709,-0.0964,1782,16,1,741,16,28,''
Qwen/Qwen2.5-7B-Instruct,GSM_049,W3,21,152037,-41.587975,-0.103542,1782,16,1,741,16,28,''
Qwen/Qwen2.5-7B-Instruct,GSM_049,W3,22,152044,-50.486763,-0.109523,1782,16,1,741,16,28,''
Qwen/Qwen2.5-7B-Instruct,GSM_049,W3,23,152047,-69.135086,-0.132301,1782,16,1,741,16,28,''
Qwen/Qwen2.5-7B-Instruct,GSM_049,W3,24,152049,-109.155075,-0.157113,1782,16,1,741,16,28,''
Qwen/Qwen2.5-7B-Instruct,GSM_049,W3,25,152042,-144.428467,-0.153798,1782,16,1,741,16,28,''
Qwen/Qwen2.5-7B-Instruct,GSM_049,W3,26,152032,-178.964783,-0.136697,1782,16,1,741,16,28,''
Qwen/Qwen2.5-7B-Instruct,GSM_049,W3,27,10,-13.61546,0.065002,1782,16,1,741,16,28,''
Qwen/Qwen2.5-7B-Instruct,GSM_050,canonical,0,151945,-12.608761,-0.038649,20,17,2,672,17,28,''
Qwen/Qwen2.5-7B-Instruct,GSM_050,canonical,1,152030,-13.449422,-0.067054,20,17,2,672,17,28,''
Qwen/Qwen2.5-7B-Instruct,GSM_050,canonical,2,152022,-14.102163,-0.075428,20,17,2,672,17,28,''
Qwen/Qwen2.5-7B-Instruct,GSM_050,canonical,3,152035,-14.084396,-0.074219,20,17,2,672,17,28,''
Qwen/Qwen2.5-7B-Instruct,GSM_050,canonical,4,152024,-14.261429,-0.069561,20,17,2,672,17,28,''
Qwen/Qwen2.5-7B-Instruct,GSM_050,canonical,5,152026,-15.990826,-0.08018,20,17,2,672,17,28,''
Qwen/Qwen2.5-7B-Instruct,GSM_050,canonical,6,152020,-16.332932,-0.079056,20,17,2,672,17,28,''
Qwen/Qwen2.5-7B-Instruct,GSM_050,canonical,7,152036,-17.083988,-0.09615,20,17,2,672,17,28,''
Qwen/Qwen2.5-7B-Instruct,GSM_050,canonical,8,152032,-16.328979,-0.081436,20,17,2,672,17,28,''
Qwen/Qwen2.5-7B-Instruct,GSM_050,canonical,9,152035,-18.313723,-0.098835,20,17,2,672,17,28,''
Qwen/Qwen2.5-7B-Instruct,GSM_050,canonical,10,152031,-18.717072,-0.092895,20,17,2,672,17,28,''
Qwen/Qwen2.5-7B-Instruct,GSM_050,canonical,11,152026,-18.709099,-0.0859,20,17,2,672,17,28,''
Qwen/Qwen2.5-7B-Instruct,GSM_050,canonical,12,152020,-18.715233,-0.082539,20,17,2,672,17,28,''
Qwen/Qwen2.5-7B-Instruct,GSM_050,canonical,13,152021,-20.912113,-0.089755,20,17,2,672,17,28,''
Qwen/Qwen2.5-7B-Instruct,GSM_050,canonical,14,152032,-24.227083,-0.098994,20,17,2,672,17,28,''
Qwen/Qwen2.5-7B-Instruct,GSM_050,canonical,15,152030,-22.921904,-0.092116,20,17,2,672,17,28,''
Qwen/Qwen2.5-7B-Instruct,GSM_050,canonical,16,152034,-24.11758,-0.097704,20,17,2,672,17,28,''
Qwen/Qwen2.5-7B-Instruct,GSM_050,canonical,17,152032,-23.829016,-0.084638,20,17,2,672,17,28,''
Qwen/Qwen2.5-7B-Instruct,GSM_050,canonical,18,152019,-24.44569,-0.079932,20,17,2,672,17,28,''
Qwen/Qwen2.5-7B-Instruct,GSM_050,canonical,19,152018,-25.768667,-0.073308,20,17,2,672,17,28,''
Qwen/Qwen2.5-7B-Instruct,GSM_050,canonical,20,152027,-29.188755,-0.080413,20,17,2,672,17,28,''
Qwen/Qwen2.5-7B-Instruct,GSM_050,canonical,21,152019,-36.446297,-0.082511,20,17,2,672,17,28,''
Qwen/Qwen2.5-7B-Instruct,GSM_050,canonical,22,152032,-45.258472,-0.09349,20,17,2,672,17,28,''
Qwen/Qwen2.5-7B-Instruct,GSM_050,canonical,23,152035,-63.886112,-0.112472,20,17,2,672,17,28,''
Qwen/Qwen2.5-7B-Instruct,GSM_050,canonical,24,152038,-105.147415,-0.144539,20,17,2,672,17,28,''
Qwen/Qwen2.5-7B-Instruct,GSM_050,canonical,25,152024,-137.268692,-0.136934,20,17,2,672,17,28,''
Qwen/Qwen2.5-7B-Instruct,GSM_050,canonical,26,151999,-174.859283,-0.116879,20,17,2,672,17,28,''
Qwen/Qwen2.5-7B-Instruct,GSM_050,canonical,27,6,-9.374477,0.109764,20,17,2,672,17,28,''
Qwen/Qwen2.5-7B-Instruct,GSM_050,W3,0,151940,-12.59754,-0.037871,20,17,2,672,17,28,''
Qwen/Qwen2.5-7B-Instruct,GSM_050,W3,1,152031,-13.446335,-0.067221,20,17,2,672,17,28,''
Qwen/Qwen2.5-7B-Instruct,GSM_050,W3,2,152024,-14.087261,-0.075498,20,17,2,672,17,28,''
Qwen/Qwen2.5-7B-Instruct,GSM_050,W3,3,152036,-14.075783,-0.074525,20,17,2,672,17,28,''
Qwen/Qwen2.5-7B-Instruct,GSM_050,W3,4,152027,-14.291096,-0.07074,20,17,2,672,17,28,''
Qwen/Qwen2.5-7B-Instruct,GSM_050,W3,5,152027,-16.07251,-0.08132,20,17,2,672,17,28,''
Qwen/Qwen2.5-7B-Instruct,GSM_050,W3,6,152021,-16.38126,-0.0798,20,17,2,672,17,28,''
Qwen/Qwen2.5-7B-Instruct,GSM_050,W3,7,152036,-17.168489,-0.097526,20,17,2,672,17,28,''
Qwen/Qwen2.5-7B-Instruct,GSM_050,W3,8,152033,-16.358181,-0.08206,20,17,2,672,17,28,''
Qwen/Qwen2.5-7B-Instruct,GSM_050,W3,9,152035,-18.314116,-0.099054,20,17,2,672,17,28,''
Qwen/Qwen2.5-7B-Instruct,GSM_050,W3,10,152031,-18.624767,-0.092579,20,17,2,672,17,28,''
Qwen/Qwen2.5-7B-Instruct,GSM_050,W3,11,152025,-18.633923,-0.085652,20,17,2,672,17,28,''
Qwen/Qwen2.5-7B-Instruct,GSM_050,W3,12,152020,-18.654312,-0.08244,20,17,2,672,17,28,''
Qwen/Qwen2.5-7B-Instruct,GSM_050,W3,13,152021,-20.799032,-0.089866,20,17,2,672,17,28,''
Qwen/Qwen2.5-7B-Instruct,GSM_050,W3,14,152032,-24.125984,-0.099692,20,17,2,672,17,28,''
Qwen/Qwen2.5-7B-Instruct,GSM_050,W3,15,152030,-22.827581,-0.092576,20,17,2,672,17,28,''
Qwen/Qwen2.5-7B-Instruct,GSM_050,W3,16,152034,-24.180395,-0.097872,20,17,2,672,17,28,''
Qwen/Qwen2.5-7B-Instruct,GSM_050,W3,17,152032,-23.757872,-0.084085,20,17,2,672,17,28,''
Qwen/Qwen2.5-7B-Instruct,GSM_050,W3,18,152018,-24.186306,-0.079888,20,17,2,672,17,28,''
Qwen/Qwen2.5-7B-Instruct,GSM_050,W3,19,152019,-25.969885,-0.073516,20,17,2,672,17,28,''
Qwen/Qwen2.5-7B-Instruct,GSM_050,W3,20,152024,-28.853453,-0.078074,20,17,2,672,17,28,''
Qwen/Qwen2.5-7B-Instruct,GSM_050,W3,21,152018,-35.834167,-0.0805,20,17,2,672,17,28,''
Qwen/Qwen2.5-7B-Instruct,GSM_050,W3,22,152034,-44.243298,-0.093601,20,17,2,672,17,28,''
Qwen/Qwen2.5-7B-Instruct,GSM_050,W3,23,152036,-62.539005,-0.112033,20,17,2,672,17,28,''
Qwen/Qwen2.5-7B-Instruct,GSM_050,W3,24,152040,-105.393707,-0.144825,20,17,2,672,17,28,''
Qwen/Qwen2.5-7B-Instruct,GSM_050,W3,25,152026,-139.157501,-0.138914,20,17,2,672,17,28,''
Qwen/Qwen2.5-7B-Instruct,GSM_050,W3,26,152008,-175.386169,-0.119866,20,17,2,672,17,28,''
Qwen/Qwen2.5-7B-Instruct,GSM_050,W3,27,7,-11.670871,0.100737,20,17,2,672,17,28,''
Qwen/Qwen2.5-7B-Instruct,GSM_051,canonical,0,151939,-12.602182,-0.037989,256,17,2,672,17,28,''
Qwen/Qwen2.5-7B-Instruct,GSM_051,canonical,1,152031,-13.459333,-0.066976,256,17,2,672,17,28,''
Qwen/Qwen2.5-7B-Instruct,GSM_051,canonical,2,152021,-14.081741,-0.073848,256,17,2,672,17,28,''
Qwen/Qwen2.5-7B-Instruct,GSM_051,canonical,3,152034,-14.081954,-0.073314,256,17,2,672,17,28,''
Qwen/Qwen2.5-7B-Instruct,GSM_051,canonical,4,152025,-14.323193,-0.070574,256,17,2,672,17,28,''
Qwen/Qwen2.5-7B-Instruct,GSM_051,canonical,5,152026,-16.023994,-0.081419,256,17,2,672,17,28,''
Qwen/Qwen2.5-7B-Instruct,GSM_051,canonical,6,152019,-16.344398,-0.079435,256,17,2,672,17,28,''
Qwen/Qwen2.5-7B-Instruct,GSM_051,canonical,7,152036,-17.026995,-0.09546,256,17,2,672,17,28,''
Qwen/Qwen2.5-7B-Instruct,GSM_051,canonical,8,152032,-16.316654,-0.080777,256,17,2,672,17,28,''
Qwen/Qwen2.5-7B-Instruct,GSM_051,canonical,9,152035,-18.245043,-0.098612,256,17,2,672,17,28,''
Qwen/Qwen2.5-7B-Instruct,GSM_051,canonical,10,152030,-18.589378,-0.091658,256,17,2,672,17,28,''
Qwen/Qwen2.5-7B-Instruct,GSM_051,canonical,11,152024,-18.565626,-0.084348,256,17,2,672,17,28,''
Qwen/Qwen2.5-7B-Instruct,GSM_051,canonical,12,152018,-18.60043,-0.081455,256,17,2,672,17,28,''
Qwen/Qwen2.5-7B-Instruct,GSM_051,canonical,13,152021,-20.670881,-0.088024,256,17,2,672,17,28,''
Qwen/Qwen2.5-7B-Instruct,GSM_051,canonical,14,152032,-23.801401,-0.098432,256,17,2,672,17,28,''
Qwen/Qwen2.5-7B-Instruct,GSM_051,canonical,15,152029,-22.672596,-0.090325,256,17,2,672,17,28,''
Qwen/Qwen2.5-7B-Instruct,GSM_051,canonical,16,152034,-24.041174,-0.096786,256,17,2,672,17,28,''
Qwen/Qwen2.5-7B-Instruct,GSM_051,canonical,17,152036,-23.762539,-0.083848,256,17,2,672,17,28,''
Qwen/Qwen2.5-7B-Instruct,GSM_051,canonical,18,152030,-24.731258,-0.088333,256,17,2,672,17,28,''
Qwen/Qwen2.5-7B-Instruct,GSM_051,canonical,19,152030,-26.724134,-0.087577,256,17,2,672,17,28,''
Qwen/Qwen2.5-7B-Instruct,GSM_051,canonical,20,152037,-30.086449,-0.091376,256,17,2,672,17,28,''
Qwen/Qwen2.5-7B-Instruct,GSM_051,canonical,21,152036,-40.161816,-0.097728,256,17,2,672,17,28,''
Qwen/Qwen2.5-7B-Instruct,GSM_051,canonical,22,152035,-48.98064,-0.10129,256,17,2,672,17,28,''
Qwen/Qwen2.5-7B-Instruct,GSM_051,canonical,23,152030,-59.945187,-0.097695,256,17,2,672,17,28,''
Qwen/Qwen2.5-7B-Instruct,GSM_051,canonical,24,152044,-101.197655,-0.135447,256,17,2,672,17,28,''
Qwen/Qwen2.5-7B-Instruct,GSM_051,canonical,25,152037,-136.738739,-0.139516,256,17,2,672,17,28,''
Qwen/Qwen2.5-7B-Instruct,GSM_051,canonical,26,152026,-182.426804,-0.134328,256,17,2,672,17,28,''
Qwen/Qwen2.5-7B-Instruct,GSM_051,canonical,27,30,-19.713205,0.064081,256,17,2,672,17,28,''
Qwen/Qwen2.5-7B-Instruct,GSM_051,W3,0,151933,-12.593545,-0.037059,256,17,2,672,17,28,''
Qwen/Qwen2.5-7B-Instruct,GSM_051,W3,1,152029,-13.46543,-0.066928,256,17,2,672,17,28,''
Qwen/Qwen2.5-7B-Instruct,GSM_051,W3,2,152021,-14.081708,-0.073773,256,17,2,672,17,28,''
Qwen/Qwen2.5-7B-Instruct,GSM_051,W3,3,152035,-14.11407,-0.074048,256,17,2,672,17,28,''
Qwen/Qwen2.5-7B-Instruct,GSM_051,W3,4,152024,-14.301791,-0.070084,256,17,2,672,17,28,''
Qwen/Qwen2.5-7B-Instruct,GSM_051,W3,5,152026,-16.045691,-0.081322,256,17,2,672,17,28,''
Qwen/Qwen2.5-7B-Instruct,GSM_051,W3,6,152019,-16.363621,-0.079663,256,17,2,672,17,28,''
Qwen/Qwen2.5-7B-Instruct,GSM_051,W3,7,152036,-17.02907,-0.096366,256,17,2,672,17,28,''
Qwen/Qwen2.5-7B-Instruct,GSM_051,W3,8,152033,-16.286079,-0.081227,256,17,2,672,17,28,''
Qwen/Qwen2.5-7B-Instruct,GSM_051,W3,9,152035,-18.235989,-0.09885,256,17,2,672,17,28,''
Qwen/Qwen2.5-7B-Instruct,GSM_051,W3,10,152032,-18.514591,-0.091955,256,17,2,672,17,28,''
Qwen/Qwen2.5-7B-Instruct,GSM_051,W3,11,152025,-18.551987,-0.085181,256,17,2,672,17,28,''
Qwen/Qwen2.5-7B-Instruct,GSM_051,W3,12,152018,-18.607708,-0.081877,256,17,2,672,17,28,''
Qwen/Qwen2.5-7B-Instruct,GSM_051,W3,13,152021,-20.644205,-0.088371,256,17,2,672,17,28,''
Qwen/Qwen2.5-7B-Instruct,GSM_051,W3,14,152033,-23.956724,-0.098627,256,17,2,672,17,28,''
Qwen/Qwen2.5-7B-Instruct,GSM_051,W3,15,152029,-22.495703,-0.089752,256,17,2,672,17,28,''
Qwen/Qwen2.5-7B-Instruct,GSM_051,W3,16,152034,-24.114748,-0.096756,256,17,2,672,17,28,''
Qwen/Qwen2.5-7B-Instruct,GSM_051,W3,17,152035,-23.795118,-0.084284,256,17,2,672,17,28,''
Qwen/Qwen2.5-7B-Instruct,GSM_051,W3,18,152030,-24.502665,-0.086139,256,17,2,672,17,28,''
Qwen/Qwen2.5-7B-Instruct,GSM_051,W3,19,152031,-26.414871,-0.085339,256,17,2,672,17,28,''
Qwen/Qwen2.5-7B-Instruct,GSM_051,W3,20,152038,-30.05113,-0.089879,256,17,2,672,17,28,''
Qwen/Qwen2.5-7B-Instruct,GSM_051,W3,21,152037,-41.035797,-0.101254,256,17,2,672,17,28,''
Qwen/Qwen2.5-7B-Instruct,GSM_051,W3,22,152036,-51.436333,-0.106087,256,17,2,672,17,28,''
Qwen/Qwen2.5-7B-Instruct,GSM_051,W3,23,152029,-64.425713,-0.106056,256,17,2,672,17,28,''
Qwen/Qwen2.5-7B-Instruct,GSM_051,W3,24,152045,-104.027481,-0.140991,256,17,2,672,17,28,''
Qwen/Qwen2.5-7B-Instruct,GSM_051,W3,25,152040,-141.130737,-0.146704,256,17,2,672,17,28,''
Qwen/Qwen2.5-7B-Instruct,GSM_051,W3,26,152026,-186.873245,-0.137936,256,17,2,672,17,28,''
Qwen/Qwen2.5-7B-Instruct,GSM_051,W3,27,49,-22.114775,0.05607,256,17,2,672,17,28,''
Qwen/Qwen2.5-7B-Instruct,GSM_052,canonical,0,151128,-12.450886,-0.020995,43.75,19,4,358,19,28,''
Qwen/Qwen2.5-7B-Instruct,GSM_052,canonical,1,151880,-13.151772,-0.043622,43.75,19,4,358,19,28,''
Qwen/Qwen2.5-7B-Instruct,GSM_052,canonical,2,151852,-13.686874,-0.048153,43.75,19,4,358,19,28,''
Qwen/Qwen2.5-7B-Instruct,GSM_052,canonical,3,151899,-13.623478,-0.047947,43.75,19,4,358,19,28,''
Qwen/Qwen2.5-7B-Instruct,GSM_052,canonical,4,151868,-13.806975,-0.044919,43.75,19,4,358,19,28,''
Qwen/Qwen2.5-7B-Instruct,GSM_052,canonical,5,151821,-15.079406,-0.046882,43.75,19,4,358,19,28,''
Qwen/Qwen2.5-7B-Instruct,GSM_052,canonical,6,151802,-15.343765,-0.044252,43.75,19,4,358,19,28,''
Qwen/Qwen2.5-7B-Instruct,GSM_052,canonical,7,151899,-15.956163,-0.058713,43.75,19,4,358,19,28,''
Qwen/Qwen2.5-7B-Instruct,GSM_052,canonical,8,151865,-15.39317,-0.047779,43.75,19,4,358,19,28,''
Qwen/Qwen2.5-7B-Instruct,GSM_052,canonical,9,151949,-17.294977,-0.07019,43.75,19,4,358,19,28,''
Qwen/Qwen2.5-7B-Instruct,GSM_052,canonical,10,151928,-17.520868,-0.063717,43.75,19,4,358,19,28,''
Qwen/Qwen2.5-7B-Instruct,GSM_052,canonical,11,151913,-17.685787,-0.060147,43.75,19,4,358,19,28,''
Qwen/Qwen2.5-7B-Instruct,GSM_052,canonical,12,151854,-17.220585,-0.050704,43.75,19,4,358,19,28,''
Qwen/Qwen2.5-7B-Instruct,GSM_052,canonical,13,151869,-19.06217,-0.05536,43.75,19,4,358,19,28,''
Qwen/Qwen2.5-7B-Instruct,GSM_052,canonical,14,151902,-22.104038,-0.062652,43.75,19,4,358,19,28,''
Qwen/Qwen2.5-7B-Instruct,GSM_052,canonical,15,151857,-20.709421,-0.052381,43.75,19,4,358,19,28,''
Qwen/Qwen2.5-7B-Instruct,GSM_052,canonical,16,151903,-21.879105,-0.059061,43.75,19,4,358,19,28,''
Qwen/Qwen2.5-7B-Instruct,GSM_052,canonical,17,151854,-21.773865,-0.047647,43.75,19,4,358,19,28,''
Qwen/Qwen2.5-7B-Instruct,GSM_052,canonical,18,151841,-22.415836,-0.046786,43.75,19,4,358,19,28,''
Qwen/Qwen2.5-7B-Instruct,GSM_052,canonical,19,151869,-22.993759,-0.045483,43.75,19,4,358,19,28,''
Qwen/Qwen2.5-7B-Instruct,GSM_052,canonical,20,151858,-25.180902,-0.044494,43.75,19,4,358,19,28,''
Qwen/Qwen2.5-7B-Instruct,GSM_052,canonical,21,151914,-36.630142,-0.059036,43.75,19,4,358,19,28,''
Qwen/Qwen2.5-7B-Instruct,GSM_052,canonical,22,151919,-48.087399,-0.066741,43.75,19,4,358,19,28,''
Qwen/Qwen2.5-7B-Instruct,GSM_052,canonical,23,151915,-67.764069,-0.07866,43.75,19,4,358,19,28,''
Qwen/Qwen2.5-7B-Instruct,GSM_052,canonical,24,151950,-96.339401,-0.098381,43.75,19,4,358,19,28,''
Qwen/Qwen2.5-7B-Instruct,GSM_052,canonical,25,151890,-120.155884,-0.087761,43.75,19,4,358,19,28,''
Qwen/Qwen2.5-7B-Instruct,GSM_052,canonical,26,151873,-159.949615,-0.085038,43.75,19,4,358,19,28,''
Qwen/Qwen2.5-7B-Instruct,GSM_052,canonical,27,12,-13.859216,0.087434,43.75,19,4,358,19,28,''
Qwen/Qwen2.5-7B-Instruct,GSM_052,W3,0,151231,-12.461185,-0.022043,43.75,19,4,358,19,28,''
Qwen/Qwen2.5-7B-Instruct,GSM_052,W3,1,151880,-13.152453,-0.043913,43.75,19,4,358,19,28,''
Qwen/Qwen2.5-7B-Instruct,GSM_052,W3,2,151851,-13.67231,-0.048117,43.75,19,4,358,19,28,''
Qwen/Qwen2.5-7B-Instruct,GSM_052,W3,3,151899,-13.62004,-0.048149,43.75,19,4,358,19,28,''
Qwen/Qwen2.5-7B-Instruct,GSM_052,W3,4,151869,-13.791712,-0.044869,43.75,19,4,358,19,28,''
Qwen/Qwen2.5-7B-Instruct,GSM_052,W3,5,151822,-15.069757,-0.046698,43.75,19,4,358,19,28,''
Qwen/Qwen2.5-7B-Instruct,GSM_052,W3,6,151802,-15.287811,-0.043685,43.75,19,4,358,19,28,''
Qwen/Qwen2.5-7B-Instruct,GSM_052,W3,7,151899,-15.91597,-0.058598,43.75,19,4,358,19,28,''
Qwen/Qwen2.5-7B-Instruct,GSM_052,W3,8,151866,-15.33297,-0.048147,43.75,19,4,358,19,28,''
Qwen/Qwen2.5-7B-Instruct,GSM_052,W3,9,151952,-17.330067,-0.070594,43.75,19,4,358,19,28,''
Qwen/Qwen2.5-7B-Instruct,GSM_052,W3,10,151920,-17.496456,-0.062502,43.75,19,4,358,19,28,''
Qwen/Qwen2.5-7B-Instruct,GSM_052,W3,11,151903,-17.686468,-0.058754,43.75,19,4,358,19,28,''
Qwen/Qwen2.5-7B-Instruct,GSM_052,W3,12,151856,-17.165407,-0.049951,43.75,19,4,358,19,28,''
Qwen/Qwen2.5-7B-Instruct,GSM_052,W3,13,151860,-18.919922,-0.052694,43.75,19,4,358,19,28,''
Qwen/Qwen2.5-7B-Instruct,GSM_052,W3,14,151900,-21.933743,-0.060401,43.75,19,4,358,19,28,''
Qwen/Qwen2.5-7B-Instruct,GSM_052,W3,15,151853,-20.579889,-0.050457,43.75,19,4,358,19,28,''
Qwen/Qwen2.5-7B-Instruct,GSM_052,W3,16,151902,-21.89209,-0.057539,43.75,19,4,358,19,28,''
Qwen/Qwen2.5-7B-Instruct,GSM_052,W3,17,151848,-21.428488,-0.045292,43.75,19,4,358,19,28,''
Qwen/Qwen2.5-7B-Instruct,GSM_052,W3,18,151848,-22.413883,-0.047159,43.75,19,4,358,19,28,''
Qwen/Qwen2.5-7B-Instruct,GSM_052,W3,19,151873,-23.157368,-0.047374,43.75,19,4,358,19,28,''
Qwen/Qwen2.5-7B-Instruct,GSM_052,W3,20,151853,-25.344107,-0.043313,43.75,19,4,358,19,28,''
Qwen/Qwen2.5-7B-Instruct,GSM_052,W3,21,151888,-36.566521,-0.057485,43.75,19,4,358,19,28,''
Qwen/Qwen2.5-7B-Instruct,GSM_052,W3,22,151914,-49.072857,-0.068616,43.75,19,4,358,19,28,''
Qwen/Qwen2.5-7B-Instruct,GSM_052,W3,23,151917,-68.551514,-0.080115,43.75,19,4,358,19,28,''
Qwen/Qwen2.5-7B-Instruct,GSM_052,W3,24,151934,-98.677834,-0.096833,43.75,19,4,358,19,28,''
Qwen/Qwen2.5-7B-Instruct,GSM_052,W3,25,151877,-125.445778,-0.086303,43.75,19,4,358,19,28,''
Qwen/Qwen2.5-7B-Instruct,GSM_052,W3,26,151850,-166.191666,-0.080221,43.75,19,4,358,19,28,''
Qwen/Qwen2.5-7B-Instruct,GSM_052,W3,27,8,-12.972201,0.097734,43.75,19,4,358,19,28,''
Qwen/Qwen2.5-7B-Instruct,GSM_053,canonical,0,151546,-12.493993,-0.025683,378,18,3,387,18,28,''
Qwen/Qwen2.5-7B-Instruct,GSM_053,canonical,1,151968,-13.305275,-0.055104,378,18,3,387,18,28,''
Qwen/Qwen2.5-7B-Instruct,GSM_053,canonical,2,151969,-13.897356,-0.063254,378,18,3,387,18,28,''
Qwen/Qwen2.5-7B-Instruct,GSM_053,canonical,3,151961,-13.704531,-0.054504,378,18,3,387,18,28,''
Qwen/Qwen2.5-7B-Instruct,GSM_053,canonical,4,151936,-13.867277,-0.050211,378,18,3,387,18,28,''
Qwen/Qwen2.5-7B-Instruct,GSM_053,canonical,5,151973,-15.544063,-0.065762,378,18,3,387,18,28,''
Qwen/Qwen2.5-7B-Instruct,GSM_053,canonical,6,151947,-15.709435,-0.058739,378,18,3,387,18,28,''
Qwen/Qwen2.5-7B-Instruct,GSM_053,canonical,7,151989,-16.291714,-0.074546,378,18,3,387,18,28,''
Qwen/Qwen2.5-7B-Instruct,GSM_053,canonical,8,151968,-15.591532,-0.058184,378,18,3,387,18,28,''
Qwen/Qwen2.5-7B-Instruct,GSM_053,canonical,9,152007,-17.511696,-0.078519,378,18,3,387,18,28,''
Qwen/Qwen2.5-7B-Instruct,GSM_053,canonical,10,151993,-17.868303,-0.075408,378,18,3,387,18,28,''
Qwen/Qwen2.5-7B-Instruct,GSM_053,canonical,11,151954,-17.705538,-0.067333,378,18,3,387,18,28,''
Qwen/Qwen2.5-7B-Instruct,GSM_053,canonical,12,151931,-17.57209,-0.0623,378,18,3,387,18,28,''
Qwen/Qwen2.5-7B-Instruct,GSM_053,canonical,13,151935,-19.554794,-0.068128,378,18,3,387,18,28,''
Qwen/Qwen2.5-7B-Instruct,GSM_053,canonical,14,151979,-22.619953,-0.077172,378,18,3,387,18,28,''
Qwen/Qwen2.5-7B-Instruct,GSM_053,canonical,15,151965,-21.400875,-0.07004,378,18,3,387,18,28,''
Qwen/Qwen2.5-7B-Instruct,GSM_053,canonical,16,151980,-22.990419,-0.073953,378,18,3,387,18,28,''
Qwen/Qwen2.5-7B-Instruct,GSM_053,canonical,17,151951,-22.68515,-0.060355,378,18,3,387,18,28,''
Qwen/Qwen2.5-7B-Instruct,GSM_053,canonical,18,151969,-23.966084,-0.070097,378,18,3,387,18,28,''
Qwen/Qwen2.5-7B-Instruct,GSM_053,canonical,19,151963,-24.159945,-0.059902,378,18,3,387,18,28,''
Qwen/Qwen2.5-7B-Instruct,GSM_053,canonical,20,151950,-28.304726,-0.062627,378,18,3,387,18,28,''
Qwen/Qwen2.5-7B-Instruct,GSM_053,canonical,21,151967,-42.443447,-0.081318,378,18,3,387,18,28,''
Qwen/Qwen2.5-7B-Instruct,GSM_053,canonical,22,151938,-53.221336,-0.078451,378,18,3,387,18,28,''
Qwen/Qwen2.5-7B-Instruct,GSM_053,canonical,23,151940,-70.719955,-0.087235,378,18,3,387,18,28,''
Qwen/Qwen2.5-7B-Instruct,GSM_053,canonical,24,151985,-103.618645,-0.109221,378,18,3,387,18,28,''
Qwen/Qwen2.5-7B-Instruct,GSM_053,canonical,25,151968,-131.251099,-0.109855,378,18,3,387,18,28,''
Qwen/Qwen2.5-7B-Instruct,GSM_053,canonical,26,151940,-168.369308,-0.099603,378,18,3,387,18,28,''
Qwen/Qwen2.5-7B-Instruct,GSM_053,canonical,27,9,-14.522028,0.095518,378,18,3,387,18,28,''
Qwen/Qwen2.5-7B-Instruct,GSM_053,W3,0,151551,-12.497849,-0.025778,378,18,3,387,18,28,''
Qwen/Qwen2.5-7B-Instruct,GSM_053,W3,1,151969,-13.291864,-0.054687,378,18,3,387,18,28,''
Qwen/Qwen2.5-7B-Instruct,GSM_053,W3,2,151973,-13.888582,-0.063676,378,18,3,387,18,28,''
Qwen/Qwen2.5-7B-Instruct,GSM_053,W3,3,151966,-13.721823,-0.055735,378,18,3,387,18,28,''
Qwen/Qwen2.5-7B-Instruct,GSM_053,W3,4,151943,-13.911117,-0.051471,378,18,3,387,18,28,''
Qwen/Qwen2.5-7B-Instruct,GSM_053,W3,5,151974,-15.634888,-0.066659,378,18,3,387,18,28,''
Qwen/Qwen2.5-7B-Instruct,GSM_053,W3,6,151943,-15.725077,-0.058628,378,18,3,387,18,28,''
Qwen/Qwen2.5-7B-Instruct,GSM_053,W3,7,151992,-16.382113,-0.075143,378,18,3,387,18,28,''
Qwen/Qwen2.5-7B-Instruct,GSM_053,W3,8,151971,-15.696352,-0.059915,378,18,3,387,18,28,''
Qwen/Qwen2.5-7B-Instruct,GSM_053,W3,9,152005,-17.611692,-0.078439,378,18,3,387,18,28,''
Qwen/Qwen2.5-7B-Instruct,GSM_053,W3,10,151985,-17.922234,-0.074458,378,18,3,387,18,28,''
Qwen/Qwen2.5-7B-Instruct,GSM_053,W3,11,151958,-17.858805,-0.06735,378,18,3,387,18,28,''
Qwen/Qwen2.5-7B-Instruct,GSM_053,W3,12,151936,-17.669971,-0.063115,378,18,3,387,18,28,''
Qwen/Qwen2.5-7B-Instruct,GSM_053,W3,13,151935,-19.565647,-0.067379,378,18,3,387,18,28,''
Qwen/Qwen2.5-7B-Instruct,GSM_053,W3,14,151970,-23.001123,-0.076192,378,18,3,387,18,28,''
Qwen/Qwen2.5-7B-Instruct,GSM_053,W3,15,151954,-21.313168,-0.067151,378,18,3,387,18,28,''
Qwen/Qwen2.5-7B-Instruct,GSM_053,W3,16,151974,-22.889313,-0.071844,378,18,3,387,18,28,''
Qwen/Qwen2.5-7B-Instruct,GSM_053,W3,17,151945,-22.741587,-0.05946,378,18,3,387,18,28,''
Qwen/Qwen2.5-7B-Instruct,GSM_053,W3,18,151961,-23.960804,-0.068322,378,18,3,387,18,28,''
Qwen/Qwen2.5-7B-Instruct,GSM_053,W3,19,151937,-23.74638,-0.055083,378,18,3,387,18,28,''
Qwen/Qwen2.5-7B-Instruct,GSM_053,W3,20,151946,-27.607641,-0.058866,378,18,3,387,18,28,''
Qwen/Qwen2.5-7B-Instruct,GSM_053,W3,21,151950,-41.977261,-0.076119,378,18,3,387,18,28,''
Qwen/Qwen2.5-7B-Instruct,GSM_053,W3,22,151918,-53.611828,-0.073596,378,18,3,387,18,28,''
Qwen/Qwen2.5-7B-Instruct,GSM_053,W3,23,151934,-69.551193,-0.08387,378,18,3,387,18,28,''
Qwen/Qwen2.5-7B-Instruct,GSM_053,W3,24,151961,-101.653404,-0.102853,378,18,3,387,18,28,''
Qwen/Qwen2.5-7B-Instruct,GSM_053,W3,25,151939,-132.342514,-0.102223,378,18,3,387,18,28,''
Qwen/Qwen2.5-7B-Instruct,GSM_053,W3,26,151920,-166.203766,-0.094916,378,18,3,387,18,28,''
Qwen/Qwen2.5-7B-Instruct,GSM_053,W3,27,4,-12.511253,0.105034,378,18,3,387,18,28,''
Qwen/Qwen2.5-7B-Instruct,GSM_054,canonical,0,152011,-12.693871,-0.047233,16,16,1,741,16,28,''
Qwen/Qwen2.5-7B-Instruct,GSM_054,canonical,1,152039,-13.58584,-0.073967,16,16,1,741,16,28,''
Qwen/Qwen2.5-7B-Instruct,GSM_054,canonical,2,152039,-14.288509,-0.084309,16,16,1,741,16,28,''
Qwen/Qwen2.5-7B-Instruct,GSM_054,canonical,3,152046,-14.245407,-0.081347,16,16,1,741,16,28,''
Qwen/Qwen2.5-7B-Instruct,GSM_054,canonical,4,152040,-14.430813,-0.075699,16,16,1,741,16,28,''
Qwen/Qwen2.5-7B-Instruct,GSM_054,canonical,5,152038,-16.253077,-0.087211,16,16,1,741,16,28,''
Qwen/Qwen2.5-7B-Instruct,GSM_054,canonical,6,152026,-16.336647,-0.078894,16,16,1,741,16,28,''
Qwen/Qwen2.5-7B-Instruct,GSM_054,canonical,7,152038,-16.932936,-0.093312,16,16,1,741,16,28,''
Qwen/Qwen2.5-7B-Instruct,GSM_054,canonical,8,152025,-16.140884,-0.075205,16,16,1,741,16,28,''
Qwen/Qwen2.5-7B-Instruct,GSM_054,canonical,9,152041,-18.54985,-0.102007,16,16,1,741,16,28,''
Qwen/Qwen2.5-7B-Instruct,GSM_054,canonical,10,152038,-18.790691,-0.095967,16,16,1,741,16,28,''
Qwen/Qwen2.5-7B-Instruct,GSM_054,canonical,11,152032,-18.834805,-0.089013,16,16,1,741,16,28,''
Qwen/Qwen2.5-7B-Instruct,GSM_054,canonical,12,152024,-18.603163,-0.083637,16,16,1,741,16,28,''
Qwen/Qwen2.5-7B-Instruct,GSM_054,canonical,13,152032,-20.815159,-0.092792,16,16,1,741,16,28,''
Qwen/Qwen2.5-7B-Instruct,GSM_054,canonical,14,152037,-24.435539,-0.104142,16,16,1,741,16,28,''
Qwen/Qwen2.5-7B-Instruct,GSM_054,canonical,15,152032,-23.258045,-0.093641,16,16,1,741,16,28,''
Qwen/Qwen2.5-7B-Instruct,GSM_054,canonical,16,152037,-24.426659,-0.098305,16,16,1,741,16,28,''
Qwen/Qwen2.5-7B-Instruct,GSM_054,canonical,17,152032,-23.961824,-0.082417,16,16,1,741,16,28,''
Qwen/Qwen2.5-7B-Instruct,GSM_054,canonical,18,152018,-24.825628,-0.07804,16,16,1,741,16,28,''
Qwen/Qwen2.5-7B-Instruct,GSM_054,canonical,19,152031,-27.685963,-0.086896,16,16,1,741,16,28,''
Qwen/Qwen2.5-7B-Instruct,GSM_054,canonical,20,152039,-32.35405,-0.096944,16,16,1,741,16,28,''
Qwen/Qwen2.5-7B-Instruct,GSM_054,canonical,21,152047,-40.906342,-0.110005,16,16,1,741,16,28,''
Qwen/Qwen2.5-7B-Instruct,GSM_054,canonical,22,152046,-51.961021,-0.115313,16,16,1,741,16,28,''
Qwen/Qwen2.5-7B-Instruct,GSM_054,canonical,23,152053,-72.981606,-0.141034,16,16,1,741,16,28,''
Qwen/Qwen2.5-7B-Instruct,GSM_054,canonical,24,152051,-102.804672,-0.149972,16,16,1,741,16,28,''
Qwen/Qwen2.5-7B-Instruct,GSM_054,canonical,25,152042,-135.006088,-0.144938,16,16,1,741,16,28,''
Qwen/Qwen2.5-7B-Instruct,GSM_054,canonical,26,152035,-175.805237,-0.13931,16,16,1,741,16,28,''
Qwen/Qwen2.5-7B-Instruct,GSM_054,canonical,27,16,-16.325418,0.075206,16,16,1,741,16,28,''
Qwen/Qwen2.5-7B-Instruct,GSM_054,W3,0,152006,-12.683998,-0.046055,16,16,1,741,16,28,''
Qwen/Qwen2.5-7B-Instruct,GSM_054,W3,1,152039,-13.570244,-0.073079,16,16,1,741,16,28,''
Qwen/Qwen2.5-7B-Instruct,GSM_054,W3,2,152039,-14.254629,-0.082802,16,16,1,741,16,28,''
Qwen/Qwen2.5-7B-Instruct,GSM_054,W3,3,152046,-14.250499,-0.081295,16,16,1,741,16,28,''
Qwen/Qwen2.5-7B-Instruct,GSM_054,W3,4,152040,-14.443384,-0.075588,16,16,1,741,16,28,''
Qwen/Qwen2.5-7B-Instruct,GSM_054,W3,5,152039,-16.327616,-0.08721,16,16,1,741,16,28,''
Qwen/Qwen2.5-7B-Instruct,GSM_054,W3,6,152025,-16.371019,-0.078907,16,16,1,741,16,28,''
Qwen/Qwen2.5-7B-Instruct,GSM_054,W3,7,152037,-17.037075,-0.09405,16,16,1,741,16,28,''
Qwen/Qwen2.5-7B-Instruct,GSM_054,W3,8,152026,-16.165188,-0.075157,16,16,1,741,16,28,''
Qwen/Qwen2.5-7B-Instruct,GSM_054,W3,9,152041,-18.60639,-0.102516,16,16,1,741,16,28,''
Qwen/Qwen2.5-7B-Instruct,GSM_054,W3,10,152038,-18.862686,-0.095872,16,16,1,741,16,28,''
Qwen/Qwen2.5-7B-Instruct,GSM_054,W3,11,152032,-18.872658,-0.088722,16,16,1,741,16,28,''
Qwen/Qwen2.5-7B-Instruct,GSM_054,W3,12,152024,-18.659723,-0.08387,16,16,1,741,16,28,''
Qwen/Qwen2.5-7B-Instruct,GSM_054,W3,13,152030,-20.963531,-0.093197,16,16,1,741,16,28,''
Qwen/Qwen2.5-7B-Instruct,GSM_054,W3,14,152037,-24.496429,-0.103929,16,16,1,741,16,28,''
Qwen/Qwen2.5-7B-Instruct,GSM_054,W3,15,152031,-22.989103,-0.091521,16,16,1,741,16,28,''
Qwen/Qwen2.5-7B-Instruct,GSM_054,W3,16,152036,-24.206387,-0.097129,16,16,1,741,16,28,''
Qwen/Qwen2.5-7B-Instruct,GSM_054,W3,17,152031,-24.079763,-0.082266,16,16,1,741,16,28,''
Qwen/Qwen2.5-7B-Instruct,GSM_054,W3,18,152016,-25.037874,-0.076414,16,16,1,741,16,28,''
Qwen/Qwen2.5-7B-Instruct,GSM_054,W3,19,152029,-26.697803,-0.080676,16,16,1,741,16,28,''
Qwen/Qwen2.5-7B-Instruct,GSM_054,W3,20,152040,-30.609659,-0.089736,16,16,1,741,16,28,''
Qwen/Qwen2.5-7B-Instruct,GSM_054,W3,21,152044,-40.921215,-0.10818,16,16,1,741,16,28,''
Qwen/Qwen2.5-7B-Instruct,GSM_054,W3,22,152048,-53.018055,-0.119504,16,16,1,741,16,28,''
Qwen/Qwen2.5-7B-Instruct,GSM_054,W3,23,152052,-70.581131,-0.139255,16,16,1,741,16,28,''
Qwen/Qwen2.5-7B-Instruct,GSM_054,W3,24,152050,-104.754463,-0.15474,16,16,1,741,16,28,''
Qwen/Qwen2.5-7B-Instruct,GSM_054,W3,25,152043,-138.33313,-0.15071,16,16,1,741,16,28,''
Qwen/Qwen2.5-7B-Instruct,GSM_054,W3,26,152040,-184.604172,-0.147821,16,16,1,741,16,28,''
Qwen/Qwen2.5-7B-Instruct,GSM_054,W3,27,16,-15.957504,0.075481,16,16,1,741,16,28,''
Qwen/Qwen2.5-7B-Instruct,GSM_055,canonical,0,150235,-12.402463,-0.015264,6,21,6,302,21,28,''
Qwen/Qwen2.5-7B-Instruct,GSM_055,canonical,1,151685,-12.977041,-0.032484,6,21,6,302,21,28,''
Qwen/Qwen2.5-7B-Instruct,GSM_055,canonical,2,151728,-13.472687,-0.038103,6,21,6,302,21,28,''
Qwen/Qwen2.5-7B-Instruct,GSM_055,canonical,3,151789,-13.477715,-0.04057,6,21,6,302,21,28,''
Qwen/Qwen2.5-7B-Instruct,GSM_055,canonical,4,151786,-13.683588,-0.040464,6,21,6,302,21,28,''
Qwen/Qwen2.5-7B-Instruct,GSM_055,canonical,5,151786,-14.989765,-0.045361,6,21,6,302,21,28,''
Qwen/Qwen2.5-7B-Instruct,GSM_055,canonical,6,151758,-15.231686,-0.041742,6,21,6,302,21,28,''
Qwen/Qwen2.5-7B-Instruct,GSM_055,canonical,7,151877,-15.890207,-0.059301,6,21,6,302,21,28,''
Qwen/Qwen2.5-7B-Instruct,GSM_055,canonical,8,151862,-15.38872,-0.050643,6,21,6,302,21,28,''
Qwen/Qwen2.5-7B-Instruct,GSM_055,canonical,9,151901,-16.94496,-0.063858,6,21,6,302,21,28,''
Qwen/Qwen2.5-7B-Instruct,GSM_055,canonical,10,151905,-17.365154,-0.062838,6,21,6,302,21,28,''
Qwen/Qwen2.5-7B-Instruct,GSM_055,canonical,11,151849,-17.253157,-0.052416,6,21,6,302,21,28,''
Qwen/Qwen2.5-7B-Instruct,GSM_055,canonical,12,151777,-17.086828,-0.045699,6,21,6,302,21,28,''
Qwen/Qwen2.5-7B-Instruct,GSM_055,canonical,13,151825,-18.877966,-0.05228,6,21,6,302,21,28,''
Qwen/Qwen2.5-7B-Instruct,GSM_055,canonical,14,151849,-21.515665,-0.055026,6,21,6,302,21,28,''
Qwen/Qwen2.5-7B-Instruct,GSM_055,canonical,15,151819,-20.611101,-0.050115,6,21,6,302,21,28,''
Qwen/Qwen2.5-7B-Instruct,GSM_055,canonical,16,151826,-21.381592,-0.050509,6,21,6,302,21,28,''
Qwen/Qwen2.5-7B-Instruct,GSM_055,canonical,17,151772,-21.066868,-0.039897,6,21,6,302,21,28,''
Qwen/Qwen2.5-7B-Instruct,GSM_055,canonical,18,151727,-21.403095,-0.037943,6,21,6,302,21,28,''
Qwen/Qwen2.5-7B-Instruct,GSM_055,canonical,19,151797,-22.62392,-0.039187,6,21,6,302,21,28,''
Qwen/Qwen2.5-7B-Instruct,GSM_055,canonical,20,151845,-25.894238,-0.044791,6,21,6,302,21,28,''
Qwen/Qwen2.5-7B-Instruct,GSM_055,canonical,21,151835,-34.743206,-0.051801,6,21,6,302,21,28,''
Qwen/Qwen2.5-7B-Instruct,GSM_055,canonical,22,151866,-43.253929,-0.059243,6,21,6,302,21,28,''
Qwen/Qwen2.5-7B-Instruct,GSM_055,canonical,23,151865,-62.644611,-0.069898,6,21,6,302,21,28,''
Qwen/Qwen2.5-7B-Instruct,GSM_055,canonical,24,151857,-92.321915,-0.079182,6,21,6,302,21,28,''
Qwen/Qwen2.5-7B-Instruct,GSM_055,canonical,25,151823,-122.382996,-0.075586,6,21,6,302,21,28,''
Qwen/Qwen2.5-7B-Instruct,GSM_055,canonical,26,151785,-160.279999,-0.06801,6,21,6,302,21,28,''
Qwen/Qwen2.5-7B-Instruct,GSM_055,canonical,27,20,-15.52115,0.091802,6,21,6,302,21,28,''
Qwen/Qwen2.5-7B-Instruct,GSM_055,W3,0,150186,-12.400675,-0.015022,6,21,6,302,21,28,''
Qwen/Qwen2.5-7B-Instruct,GSM_055,W3,1,151686,-13.029503,-0.032856,6,21,6,302,21,28,''
Qwen/Qwen2.5-7B-Instruct,GSM_055,W3,2,151714,-13.494289,-0.037465,6,21,6,302,21,28,''
Qwen/Qwen2.5-7B-Instruct,GSM_055,W3,3,151794,-13.510464,-0.041225,6,21,6,302,21,28,''
Qwen/Qwen2.5-7B-Instruct,GSM_055,W3,4,151787,-13.695781,-0.040646,6,21,6,302,21,28,''
Qwen/Qwen2.5-7B-Instruct,GSM_055,W3,5,151777,-15.044387,-0.044969,6,21,6,302,21,28,''
Qwen/Qwen2.5-7B-Instruct,GSM_055,W3,6,151743,-15.186461,-0.03994,6,21,6,302,21,28,''
Qwen/Qwen2.5-7B-Instruct,GSM_055,W3,7,151868,-15.88982,-0.058399,6,21,6,302,21,28,''
Qwen/Qwen2.5-7B-Instruct,GSM_055,W3,8,151847,-15.376136,-0.04945,6,21,6,302,21,28,''
Qwen/Qwen2.5-7B-Instruct,GSM_055,W3,9,151897,-17.083639,-0.064584,6,21,6,302,21,28,''
Qwen/Qwen2.5-7B-Instruct,GSM_055,W3,10,151903,-17.431587,-0.061967,6,21,6,302,21,28,''
Qwen/Qwen2.5-7B-Instruct,GSM_055,W3,11,151843,-17.333736,-0.051573,6,21,6,302,21,28,''
Qwen/Qwen2.5-7B-Instruct,GSM_055,W3,12,151771,-17.110039,-0.045234,6,21,6,302,21,28,''
Qwen/Qwen2.5-7B-Instruct,GSM_055,W3,13,151826,-18.822151,-0.052031,6,21,6,302,21,28,''
Qwen/Qwen2.5-7B-Instruct,GSM_055,W3,14,151840,-21.593426,-0.053628,6,21,6,302,21,28,''
Qwen/Qwen2.5-7B-Instruct,GSM_055,W3,15,151806,-20.446119,-0.04779,6,21,6,302,21,28,''
Qwen/Qwen2.5-7B-Instruct,GSM_055,W3,16,151823,-21.285294,-0.049125,6,21,6,302,21,28,''
Qwen/Qwen2.5-7B-Instruct,GSM_055,W3,17,151793,-21.202299,-0.0412,6,21,6,302,21,28,''
Qwen/Qwen2.5-7B-Instruct,GSM_055,W3,18,151733,-21.41622,-0.037316,6,21,6,302,21,28,''
Qwen/Qwen2.5-7B-Instruct,GSM_055,W3,19,151811,-22.600748,-0.039058,6,21,6,302,21,28,''
Qwen/Qwen2.5-7B-Instruct,GSM_055,W3,20,151868,-26.184481,-0.04699,6,21,6,302,21,28,''
Qwen/Qwen2.5-7B-Instruct,GSM_055,W3,21,151852,-34.70042,-0.053852,6,21,6,302,21,28,''
Qwen/Qwen2.5-7B-Instruct,GSM_055,W3,22,151887,-44.216831,-0.062843,6,21,6,302,21,28,''
Qwen/Qwen2.5-7B-Instruct,GSM_055,W3,23,151885,-63.283524,-0.072499,6,21,6,302,21,28,''
Qwen/Qwen2.5-7B-Instruct,GSM_055,W3,24,151882,-92.863205,-0.082238,6,21,6,302,21,28,''
Qwen/Qwen2.5-7B-Instruct,GSM_055,W3,25,151849,-123.907524,-0.080789,6,21,6,302,21,28,''
Qwen/Qwen2.5-7B-Instruct,GSM_055,W3,26,151824,-165.375168,-0.0759,6,21,6,302,21,28,''
Qwen/Qwen2.5-7B-Instruct,GSM_055,W3,27,36,-18.246527,0.070967,6,21,6,302,21,28,''
Qwen/Qwen2.5-7B-Instruct,GSM_056,canonical,0,150374,-12.4048,-0.016167,69,21,6,302,21,28,''
Qwen/Qwen2.5-7B-Instruct,GSM_056,canonical,1,151725,-13.030447,-0.034822,69,21,6,302,21,28,''
Qwen/Qwen2.5-7B-Instruct,GSM_056,canonical,2,151743,-13.489641,-0.039453,69,21,6,302,21,28,''
Qwen/Qwen2.5-7B-Instruct,GSM_056,canonical,3,151808,-13.490561,-0.042148,69,21,6,302,21,28,''
Qwen/Qwen2.5-7B-Instruct,GSM_056,canonical,4,151818,-13.732363,-0.042647,69,21,6,302,21,28,''
Qwen/Qwen2.5-7B-Instruct,GSM_056,canonical,5,151791,-15.055529,-0.045765,69,21,6,302,21,28,''
Qwen/Qwen2.5-7B-Instruct,GSM_056,canonical,6,151759,-15.242889,-0.041703,69,21,6,302,21,28,''
Qwen/Qwen2.5-7B-Instruct,GSM_056,canonical,7,151864,-15.871966,-0.058255,69,21,6,302,21,28,''
Qwen/Qwen2.5-7B-Instruct,GSM_056,canonical,8,151840,-15.328308,-0.049408,69,21,6,302,21,28,''
Qwen/Qwen2.5-7B-Instruct,GSM_056,canonical,9,151895,-17.045103,-0.063989,69,21,6,302,21,28,''
Qwen/Qwen2.5-7B-Instruct,GSM_056,canonical,10,151890,-17.346561,-0.060925,69,21,6,302,21,28,''
Qwen/Qwen2.5-7B-Instruct,GSM_056,canonical,11,151829,-17.265106,-0.051025,69,21,6,302,21,28,''
Qwen/Qwen2.5-7B-Instruct,GSM_056,canonical,12,151770,-17.16177,-0.046007,69,21,6,302,21,28,''
Qwen/Qwen2.5-7B-Instruct,GSM_056,canonical,13,151822,-19.050648,-0.052726,69,21,6,302,21,28,''
Qwen/Qwen2.5-7B-Instruct,GSM_056,canonical,14,151847,-21.635052,-0.054845,69,21,6,302,21,28,''
Qwen/Qwen2.5-7B-Instruct,GSM_056,canonical,15,151811,-20.29248,-0.048734,69,21,6,302,21,28,''
Qwen/Qwen2.5-7B-Instruct,GSM_056,canonical,16,151829,-21.31872,-0.050164,69,21,6,302,21,28,''
Qwen/Qwen2.5-7B-Instruct,GSM_056,canonical,17,151743,-20.993328,-0.038037,69,21,6,302,21,28,''
Qwen/Qwen2.5-7B-Instruct,GSM_056,canonical,18,151738,-21.806664,-0.040164,69,21,6,302,21,28,''
Qwen/Qwen2.5-7B-Instruct,GSM_056,canonical,19,151793,-22.779522,-0.039615,69,21,6,302,21,28,''
Qwen/Qwen2.5-7B-Instruct,GSM_056,canonical,20,151860,-25.511683,-0.047323,69,21,6,302,21,28,''
Qwen/Qwen2.5-7B-Instruct,GSM_056,canonical,21,151888,-35.000423,-0.060529,69,21,6,302,21,28,''
Qwen/Qwen2.5-7B-Instruct,GSM_056,canonical,22,151870,-42.767132,-0.058446,69,21,6,302,21,28,''
Qwen/Qwen2.5-7B-Instruct,GSM_056,canonical,23,151902,-60.668068,-0.073493,69,21,6,302,21,28,''
Qwen/Qwen2.5-7B-Instruct,GSM_056,canonical,24,151884,-90.836159,-0.083698,69,21,6,302,21,28,''
Qwen/Qwen2.5-7B-Instruct,GSM_056,canonical,25,151828,-119.303558,-0.077322,69,21,6,302,21,28,''
Qwen/Qwen2.5-7B-Instruct,GSM_056,canonical,26,151731,-158.786316,-0.061392,69,21,6,302,21,28,''
Qwen/Qwen2.5-7B-Instruct,GSM_056,canonical,27,9,-11.098936,0.112819,69,21,6,302,21,28,''
Qwen/Qwen2.5-7B-Instruct,GSM_056,W3,0,150433,-12.40219,-0.016618,69,21,6,302,21,28,''
Qwen/Qwen2.5-7B-Instruct,GSM_056,W3,1,151722,-13.030543,-0.034707,69,21,6,302,21,28,''
Qwen/Qwen2.5-7B-Instruct,GSM_056,W3,2,151739,-13.499545,-0.039299,69,21,6,302,21,28,''
Qwen/Qwen2.5-7B-Instruct,GSM_056,W3,3,151819,-13.513191,-0.04315,69,21,6,302,21,28,''
Qwen/Qwen2.5-7B-Instruct,GSM_056,W3,4,151818,-13.722956,-0.042674,69,21,6,302,21,28,''
Qwen/Qwen2.5-7B-Instruct,GSM_056,W3,5,151790,-15.082286,-0.045713,69,21,6,302,21,28,''
Qwen/Qwen2.5-7B-Instruct,GSM_056,W3,6,151749,-15.224483,-0.041263,69,21,6,302,21,28,''
Qwen/Qwen2.5-7B-Instruct,GSM_056,W3,7,151860,-15.847191,-0.057537,69,21,6,302,21,28,''
Qwen/Qwen2.5-7B-Instruct,GSM_056,W3,8,151849,-15.243114,-0.049052,69,21,6,302,21,28,''
Qwen/Qwen2.5-7B-Instruct,GSM_056,W3,9,151904,-17.083582,-0.066151,69,21,6,302,21,28,''
Qwen/Qwen2.5-7B-Instruct,GSM_056,W3,10,151903,-17.427441,-0.062708,69,21,6,302,21,28,''
Qwen/Qwen2.5-7B-Instruct,GSM_056,W3,11,151846,-17.388535,-0.053013,69,21,6,302,21,28,''
Qwen/Qwen2.5-7B-Instruct,GSM_056,W3,12,151782,-17.201878,-0.047277,69,21,6,302,21,28,''
Qwen/Qwen2.5-7B-Instruct,GSM_056,W3,13,151828,-19.09067,-0.053351,69,21,6,302,21,28,''
Qwen/Qwen2.5-7B-Instruct,GSM_056,W3,14,151848,-21.778454,-0.05544,69,21,6,302,21,28,''
Qwen/Qwen2.5-7B-Instruct,GSM_056,W3,15,151812,-20.266502,-0.048823,69,21,6,302,21,28,''
Qwen/Qwen2.5-7B-Instruct,GSM_056,W3,16,151832,-21.359259,-0.050971,69,21,6,302,21,28,''
Qwen/Qwen2.5-7B-Instruct,GSM_056,W3,17,151768,-21.158237,-0.039652,69,21,6,302,21,28,''
Qwen/Qwen2.5-7B-Instruct,GSM_056,W3,18,151763,-21.905293,-0.041806,69,21,6,302,21,28,''
Qwen/Qwen2.5-7B-Instruct,GSM_056,W3,19,151814,-22.977718,-0.041996,69,21,6,302,21,28,''
Qwen/Qwen2.5-7B-Instruct,GSM_056,W3,20,151860,-25.364408,-0.045306,69,21,6,302,21,28,''
Qwen/Qwen2.5-7B-Instruct,GSM_056,W3,21,151891,-34.667828,-0.058598,69,21,6,302,21,28,''
Qwen/Qwen2.5-7B-Instruct,GSM_056,W3,22,151882,-42.64576,-0.059607,69,21,6,302,21,28,''
Qwen/Qwen2.5-7B-Instruct,GSM_056,W3,23,151915,-60.968128,-0.075903,69,21,6,302,21,28,''
Qwen/Qwen2.5-7B-Instruct,GSM_056,W3,24,151894,-90.12925,-0.084455,69,21,6,302,21,28,''
Qwen/Qwen2.5-7B-Instruct,GSM_056,W3,25,151843,-118.568214,-0.080138,69,21,6,302,21,28,''
Qwen/Qwen2.5-7B-Instruct,GSM_056,W3,26,151744,-158.394531,-0.062194,69,21,6,302,21,28,''
Qwen/Qwen2.5-7B-Instruct,GSM_056,W3,27,13,-10.925591,0.111639,69,21,6,302,21,28,''
Qwen/Qwen2.5-7B-Instruct,GSM_057,canonical,0,150362,-12.407289,-0.016281,84,23,8,150,23,28,''
Qwen/Qwen2.5-7B-Instruct,GSM_057,canonical,1,151728,-13.021416,-0.034828,84,23,8,150,23,28,''
Qwen/Qwen2.5-7B-Instruct,GSM_057,canonical,2,151760,-13.540355,-0.041268,84,23,8,150,23,28,''
Qwen/Qwen2.5-7B-Instruct,GSM_057,canonical,3,151724,-13.476062,-0.037702,84,23,8,150,23,28,''
Qwen/Qwen2.5-7B-Instruct,GSM_057,canonical,4,151681,-13.612324,-0.034673,84,23,8,150,23,28,''
Qwen/Qwen2.5-7B-Instruct,GSM_057,canonical,5,151701,-14.864325,-0.038741,84,23,8,150,23,28,''
Qwen/Qwen2.5-7B-Instruct,GSM_057,canonical,6,151639,-15.067217,-0.034443,84,23,8,150,23,28,''
Qwen/Qwen2.5-7B-Instruct,GSM_057,canonical,7,151787,-15.661789,-0.048487,84,23,8,150,23,28,''
Qwen/Qwen2.5-7B-Instruct,GSM_057,canonical,8,151710,-15.055607,-0.037812,84,23,8,150,23,28,''
Qwen/Qwen2.5-7B-Instruct,GSM_057,canonical,9,151873,-16.760244,-0.058274,84,23,8,150,23,28,''
Qwen/Qwen2.5-7B-Instruct,GSM_057,canonical,10,151853,-17.059982,-0.052954,84,23,8,150,23,28,''
Qwen/Qwen2.5-7B-Instruct,GSM_057,canonical,11,151828,-17.054295,-0.050334,84,23,8,150,23,28,''
Qwen/Qwen2.5-7B-Instruct,GSM_057,canonical,12,151709,-16.92238,-0.041078,84,23,8,150,23,28,''
Qwen/Qwen2.5-7B-Instruct,GSM_057,canonical,13,151773,-18.597046,-0.047143,84,23,8,150,23,28,''
Qwen/Qwen2.5-7B-Instruct,GSM_057,canonical,14,151756,-21.429211,-0.045976,84,23,8,150,23,28,''
Qwen/Qwen2.5-7B-Instruct,GSM_057,canonical,15,151767,-20.53525,-0.045633,84,23,8,150,23,28,''
Qwen/Qwen2.5-7B-Instruct,GSM_057,canonical,16,151815,-21.438379,-0.04993,84,23,8,150,23,28,''
Qwen/Qwen2.5-7B-Instruct,GSM_057,canonical,17,151749,-20.878143,-0.037956,84,23,8,150,23,28,''
Qwen/Qwen2.5-7B-Instruct,GSM_057,canonical,18,151802,-21.567905,-0.044312,84,23,8,150,23,28,''
Qwen/Qwen2.5-7B-Instruct,GSM_057,canonical,19,151852,-22.333061,-0.044631,84,23,8,150,23,28,''
Qwen/Qwen2.5-7B-Instruct,GSM_057,canonical,20,151877,-26.605766,-0.050343,84,23,8,150,23,28,''
Qwen/Qwen2.5-7B-Instruct,GSM_057,canonical,21,151809,-32.990719,-0.046797,84,23,8,150,23,28,''
Qwen/Qwen2.5-7B-Instruct,GSM_057,canonical,22,151803,-42.605293,-0.049862,84,23,8,150,23,28,''
Qwen/Qwen2.5-7B-Instruct,GSM_057,canonical,23,151795,-60.910252,-0.058415,84,23,8,150,23,28,''
Qwen/Qwen2.5-7B-Instruct,GSM_057,canonical,24,151820,-88.818474,-0.071847,84,23,8,150,23,28,''
Qwen/Qwen2.5-7B-Instruct,GSM_057,canonical,25,151771,-111.450714,-0.065014,84,23,8,150,23,28,''
Qwen/Qwen2.5-7B-Instruct,GSM_057,canonical,26,151695,-147.257111,-0.054948,84,23,8,150,23,28,''
Qwen/Qwen2.5-7B-Instruct,GSM_057,canonical,27,23,-15.981543,0.082705,84,23,8,150,23,28,''
Qwen/Qwen2.5-7B-Instruct,GSM_057,W3,0,150331,-12.401595,-0.016222,84,23,8,150,23,28,''
Qwen/Qwen2.5-7B-Instruct,GSM_057,W3,1,151729,-13.027775,-0.034972,84,23,8,150,23,28,''
Qwen/Qwen2.5-7B-Instruct,GSM_057,W3,2,151759,-13.523081,-0.040898,84,23,8,150,23,28,''
Qwen/Qwen2.5-7B-Instruct,GSM_057,W3,3,151717,-13.480104,-0.037503,84,23,8,150,23,28,''
Qwen/Qwen2.5-7B-Instruct,GSM_057,W3,4,151673,-13.611485,-0.034417,84,23,8,150,23,28,''
Qwen/Qwen2.5-7B-Instruct,GSM_057,W3,5,151705,-14.954537,-0.039429,84,23,8,150,23,28,''
Qwen/Qwen2.5-7B-Instruct,GSM_057,W3,6,151632,-15.136417,-0.034705,84,23,8,150,23,28,''
Qwen/Qwen2.5-7B-Instruct,GSM_057,W3,7,151789,-15.737282,-0.049044,84,23,8,150,23,28,''
Qwen/Qwen2.5-7B-Instruct,GSM_057,W3,8,151703,-15.06246,-0.037694,84,23,8,150,23,28,''
Qwen/Qwen2.5-7B-Instruct,GSM_057,W3,9,151870,-16.863102,-0.058708,84,23,8,150,23,28,''
Qwen/Qwen2.5-7B-Instruct,GSM_057,W3,10,151857,-17.049004,-0.053886,84,23,8,150,23,28,''
Qwen/Qwen2.5-7B-Instruct,GSM_057,W3,11,151833,-17.183231,-0.051413,84,23,8,150,23,28,''
Qwen/Qwen2.5-7B-Instruct,GSM_057,W3,12,151727,-16.964762,-0.042158,84,23,8,150,23,28,''
Qwen/Qwen2.5-7B-Instruct,GSM_057,W3,13,151773,-18.644629,-0.047489,84,23,8,150,23,28,''
Qwen/Qwen2.5-7B-Instruct,GSM_057,W3,14,151759,-21.503471,-0.046098,84,23,8,150,23,28,''
Qwen/Qwen2.5-7B-Instruct,GSM_057,W3,15,151756,-20.257759,-0.04423,84,23,8,150,23,28,''
Qwen/Qwen2.5-7B-Instruct,GSM_057,W3,16,151808,-21.292175,-0.048657,84,23,8,150,23,28,''
Qwen/Qwen2.5-7B-Instruct,GSM_057,W3,17,151729,-20.80991,-0.036486,84,23,8,150,23,28,''
Qwen/Qwen2.5-7B-Instruct,GSM_057,W3,18,151787,-21.39584,-0.042164,84,23,8,150,23,28,''
Qwen/Qwen2.5-7B-Instruct,GSM_057,W3,19,151853,-22.38063,-0.044612,84,23,8,150,23,28,''
Qwen/Qwen2.5-7B-Instruct,GSM_057,W3,20,151875,-27.454214,-0.052742,84,23,8,150,23,28,''
Qwen/Qwen2.5-7B-Instruct,GSM_057,W3,21,151807,-34.63131,-0.048151,84,23,8,150,23,28,''
Qwen/Qwen2.5-7B-Instruct,GSM_057,W3,22,151812,-45.635887,-0.05292,84,23,8,150,23,28,''
Qwen/Qwen2.5-7B-Instruct,GSM_057,W3,23,151817,-64.348114,-0.06255,84,23,8,150,23,28,''
Qwen/Qwen2.5-7B-Instruct,GSM_057,W3,24,151826,-92.225853,-0.073588,84,23,8,150,23,28,''
Qwen/Qwen2.5-7B-Instruct,GSM_057,W3,25,151782,-118.036598,-0.06775,84,23,8,150,23,28,''
Qwen/Qwen2.5-7B-Instruct,GSM_057,W3,26,151723,-154.256592,-0.059113,84,23,8,150,23,28,''
Qwen/Qwen2.5-7B-Instruct,GSM_057,W3,27,26,-18.698875,0.079353,84,23,8,150,23,28,''
Qwen/Qwen2.5-7B-Instruct,GSM_058,canonical,0,151950,-12.624973,-0.039494,285,17,2,672,17,28,''
Qwen/Qwen2.5-7B-Instruct,GSM_058,canonical,1,152030,-13.481548,-0.068068,285,17,2,672,17,28,''
Qwen/Qwen2.5-7B-Instruct,GSM_058,canonical,2,152023,-14.110929,-0.075976,285,17,2,672,17,28,''
Qwen/Qwen2.5-7B-Instruct,GSM_058,canonical,3,152036,-14.1136,-0.074554,285,17,2,672,17,28,''
Qwen/Qwen2.5-7B-Instruct,GSM_058,canonical,4,152024,-14.37602,-0.0717,285,17,2,672,17,28,''
Qwen/Qwen2.5-7B-Instruct,GSM_058,canonical,5,152026,-16.082741,-0.081252,285,17,2,672,17,28,''
Qwen/Qwen2.5-7B-Instruct,GSM_058,canonical,6,152019,-16.369896,-0.079281,285,17,2,672,17,28,''
Qwen/Qwen2.5-7B-Instruct,GSM_058,canonical,7,152035,-17.019905,-0.094195,285,17,2,672,17,28,''
Qwen/Qwen2.5-7B-Instruct,GSM_058,canonical,8,152027,-16.311852,-0.079681,285,17,2,672,17,28,''
Qwen/Qwen2.5-7B-Instruct,GSM_058,canonical,9,152035,-18.306574,-0.097542,285,17,2,672,17,28,''
Qwen/Qwen2.5-7B-Instruct,GSM_058,canonical,10,152028,-18.464682,-0.087742,285,17,2,672,17,28,''
Qwen/Qwen2.5-7B-Instruct,GSM_058,canonical,11,152023,-18.383337,-0.081215,285,17,2,672,17,28,''
Qwen/Qwen2.5-7B-Instruct,GSM_058,canonical,12,152016,-18.587322,-0.080926,285,17,2,672,17,28,''
Qwen/Qwen2.5-7B-Instruct,GSM_058,canonical,13,152022,-20.926941,-0.091372,285,17,2,672,17,28,''
Qwen/Qwen2.5-7B-Instruct,GSM_058,canonical,14,152033,-24.472919,-0.101028,285,17,2,672,17,28,''
Qwen/Qwen2.5-7B-Instruct,GSM_058,canonical,15,152029,-23.398943,-0.095343,285,17,2,672,17,28,''
Qwen/Qwen2.5-7B-Instruct,GSM_058,canonical,16,152033,-24.003456,-0.095354,285,17,2,672,17,28,''
Qwen/Qwen2.5-7B-Instruct,GSM_058,canonical,17,152033,-23.699844,-0.08321,285,17,2,672,17,28,''
Qwen/Qwen2.5-7B-Instruct,GSM_058,canonical,18,152029,-24.993494,-0.088845,285,17,2,672,17,28,''
Qwen/Qwen2.5-7B-Instruct,GSM_058,canonical,19,152032,-27.252171,-0.08933,285,17,2,672,17,28,''
Qwen/Qwen2.5-7B-Instruct,GSM_058,canonical,20,152034,-31.890631,-0.091368,285,17,2,672,17,28,''
Qwen/Qwen2.5-7B-Instruct,GSM_058,canonical,21,152028,-37.72781,-0.092111,285,17,2,672,17,28,''
Qwen/Qwen2.5-7B-Instruct,GSM_058,canonical,22,152031,-50.973286,-0.103453,285,17,2,672,17,28,''
Qwen/Qwen2.5-7B-Instruct,GSM_058,canonical,23,152038,-70.42395,-0.124462,285,17,2,672,17,28,''
Qwen/Qwen2.5-7B-Instruct,GSM_058,canonical,24,152041,-105.525177,-0.149104,285,17,2,672,17,28,''
Qwen/Qwen2.5-7B-Instruct,GSM_058,canonical,25,152032,-135.051849,-0.142057,285,17,2,672,17,28,''
Qwen/Qwen2.5-7B-Instruct,GSM_058,canonical,26,152019,-172.076004,-0.125515,285,17,2,672,17,28,''
Qwen/Qwen2.5-7B-Instruct,GSM_058,canonical,27,20,-15.92891,0.073071,285,17,2,672,17,28,''
Qwen/Qwen2.5-7B-Instruct,GSM_058,W3,0,151947,-12.616228,-0.038858,285,17,2,672,17,28,''
Qwen/Qwen2.5-7B-Instruct,GSM_058,W3,1,152030,-13.479728,-0.067943,285,17,2,672,17,28,''
Qwen/Qwen2.5-7B-Instruct,GSM_058,W3,2,152025,-14.110313,-0.075907,285,17,2,672,17,28,''
Qwen/Qwen2.5-7B-Instruct,GSM_058,W3,3,152036,-14.140347,-0.075181,285,17,2,672,17,28,''
Qwen/Qwen2.5-7B-Instruct,GSM_058,W3,4,152024,-14.368118,-0.071435,285,17,2,672,17,28,''
Qwen/Qwen2.5-7B-Instruct,GSM_058,W3,5,152025,-16.078007,-0.08104,285,17,2,672,17,28,''
Qwen/Qwen2.5-7B-Instruct,GSM_058,W3,6,152019,-16.341621,-0.07854,285,17,2,672,17,28,''
Qwen/Qwen2.5-7B-Instruct,GSM_058,W3,7,152035,-16.996086,-0.093613,285,17,2,672,17,28,''
Qwen/Qwen2.5-7B-Instruct,GSM_058,W3,8,152029,-16.280954,-0.079858,285,17,2,672,17,28,''
Qwen/Qwen2.5-7B-Instruct,GSM_058,W3,9,152035,-18.31234,-0.09783,285,17,2,672,17,28,''
Qwen/Qwen2.5-7B-Instruct,GSM_058,W3,10,152028,-18.49082,-0.088307,285,17,2,672,17,28,''
Qwen/Qwen2.5-7B-Instruct,GSM_058,W3,11,152022,-18.487259,-0.081874,285,17,2,672,17,28,''
Qwen/Qwen2.5-7B-Instruct,GSM_058,W3,12,152016,-18.6355,-0.080865,285,17,2,672,17,28,''
Qwen/Qwen2.5-7B-Instruct,GSM_058,W3,13,152024,-20.946987,-0.091379,285,17,2,672,17,28,''
Qwen/Qwen2.5-7B-Instruct,GSM_058,W3,14,152033,-24.405523,-0.099759,285,17,2,672,17,28,''
Qwen/Qwen2.5-7B-Instruct,GSM_058,W3,15,152029,-23.256426,-0.092985,285,17,2,672,17,28,''
Qwen/Qwen2.5-7B-Instruct,GSM_058,W3,16,152032,-23.816994,-0.09332,285,17,2,672,17,28,''
Qwen/Qwen2.5-7B-Instruct,GSM_058,W3,17,152031,-23.612122,-0.081723,285,17,2,672,17,28,''
Qwen/Qwen2.5-7B-Instruct,GSM_058,W3,18,152027,-24.701376,-0.086333,285,17,2,672,17,28,''
Qwen/Qwen2.5-7B-Instruct,GSM_058,W3,19,152030,-26.775948,-0.085995,285,17,2,672,17,28,''
Qwen/Qwen2.5-7B-Instruct,GSM_058,W3,20,152034,-31.506733,-0.089904,285,17,2,672,17,28,''
Qwen/Qwen2.5-7B-Instruct,GSM_058,W3,21,152028,-38.067871,-0.09277,285,17,2,672,17,28,''
Qwen/Qwen2.5-7B-Instruct,GSM_058,W3,22,152035,-50.952877,-0.103877,285,17,2,672,17,28,''
Qwen/Qwen2.5-7B-Instruct,GSM_058,W3,23,152041,-72.592415,-0.127523,285,17,2,672,17,28,''
Qwen/Qwen2.5-7B-Instruct,GSM_058,W3,24,152042,-107.895927,-0.149583,285,17,2,672,17,28,''
Qwen/Qwen2.5-7B-Instruct,GSM_058,W3,25,152033,-138.302582,-0.143344,285,17,2,672,17,28,''
Qwen/Qwen2.5-7B-Instruct,GSM_058,W3,26,152019,-175.645782,-0.125899,285,17,2,672,17,28,''
Qwen/Qwen2.5-7B-Instruct,GSM_058,W3,27,20,-16.353901,0.070929,285,17,2,672,17,28,''
Qwen/Qwen2.5-7B-Instruct,GSM_059,canonical,0,151955,-12.608982,-0.039412,29,17,2,672,17,28,''
Qwen/Qwen2.5-7B-Instruct,GSM_059,canonical,1,152032,-13.423689,-0.067302,29,17,2,672,17,28,''
Qwen/Qwen2.5-7B-Instruct,GSM_059,canonical,2,152023,-14.023894,-0.074219,29,17,2,672,17,28,''
Qwen/Qwen2.5-7B-Instruct,GSM_059,canonical,3,152037,-14.067266,-0.074057,29,17,2,672,17,28,''
Qwen/Qwen2.5-7B-Instruct,GSM_059,canonical,4,152026,-14.271205,-0.070192,29,17,2,672,17,28,''
Qwen/Qwen2.5-7B-Instruct,GSM_059,canonical,5,152027,-16.116943,-0.081729,29,17,2,672,17,28,''
Qwen/Qwen2.5-7B-Instruct,GSM_059,canonical,6,152019,-16.340864,-0.078421,29,17,2,672,17,28,''
Qwen/Qwen2.5-7B-Instruct,GSM_059,canonical,7,152034,-16.988708,-0.094135,29,17,2,672,17,28,''
Qwen/Qwen2.5-7B-Instruct,GSM_059,canonical,8,152029,-16.186359,-0.078022,29,17,2,672,17,28,''
Qwen/Qwen2.5-7B-Instruct,GSM_059,canonical,9,152035,-18.221619,-0.097588,29,17,2,672,17,28,''
Qwen/Qwen2.5-7B-Instruct,GSM_059,canonical,10,152027,-18.502441,-0.090039,29,17,2,672,17,28,''
Qwen/Qwen2.5-7B-Instruct,GSM_059,canonical,11,152023,-18.488981,-0.08306,29,17,2,672,17,28,''
Qwen/Qwen2.5-7B-Instruct,GSM_059,canonical,12,152017,-18.590593,-0.083205,29,17,2,672,17,28,''
Qwen/Qwen2.5-7B-Instruct,GSM_059,canonical,13,152025,-20.742344,-0.093258,29,17,2,672,17,28,''
Qwen/Qwen2.5-7B-Instruct,GSM_059,canonical,14,152032,-24.016628,-0.10047,29,17,2,672,17,28,''
Qwen/Qwen2.5-7B-Instruct,GSM_059,canonical,15,152030,-22.862123,-0.094514,29,17,2,672,17,28,''
Qwen/Qwen2.5-7B-Instruct,GSM_059,canonical,16,152034,-23.849731,-0.09467,29,17,2,672,17,28,''
Qwen/Qwen2.5-7B-Instruct,GSM_059,canonical,17,152037,-23.350327,-0.082332,29,17,2,672,17,28,''
Qwen/Qwen2.5-7B-Instruct,GSM_059,canonical,18,152030,-24.030729,-0.085204,29,17,2,672,17,28,''
Qwen/Qwen2.5-7B-Instruct,GSM_059,canonical,19,152031,-24.984585,-0.082277,29,17,2,672,17,28,''
Qwen/Qwen2.5-7B-Instruct,GSM_059,canonical,20,152039,-28.071676,-0.087059,29,17,2,672,17,28,''
Qwen/Qwen2.5-7B-Instruct,GSM_059,canonical,21,152037,-39.746101,-0.1006,29,17,2,672,17,28,''
Qwen/Qwen2.5-7B-Instruct,GSM_059,canonical,22,152036,-50.997955,-0.107928,29,17,2,672,17,28,''
Qwen/Qwen2.5-7B-Instruct,GSM_059,canonical,23,152041,-71.224342,-0.125728,29,17,2,672,17,28,''
Qwen/Qwen2.5-7B-Instruct,GSM_059,canonical,24,152046,-107.862411,-0.156465,29,17,2,672,17,28,''
Qwen/Qwen2.5-7B-Instruct,GSM_059,canonical,25,152040,-140.182373,-0.154804,29,17,2,672,17,28,''
Qwen/Qwen2.5-7B-Instruct,GSM_059,canonical,26,152020,-166.221664,-0.129083,29,17,2,672,17,28,''
Qwen/Qwen2.5-7B-Instruct,GSM_059,canonical,27,16,-18.060326,0.083554,29,17,2,672,17,28,''
Qwen/Qwen2.5-7B-Instruct,GSM_059,W3,0,151949,-12.599624,-0.038859,29,17,2,672,17,28,''
Qwen/Qwen2.5-7B-Instruct,GSM_059,W3,1,152033,-13.440192,-0.06798,29,17,2,672,17,28,''
Qwen/Qwen2.5-7B-Instruct,GSM_059,W3,2,152025,-14.051067,-0.074648,29,17,2,672,17,28,''
Qwen/Qwen2.5-7B-Instruct,GSM_059,W3,3,152038,-14.075724,-0.073994,29,17,2,672,17,28,''
Qwen/Qwen2.5-7B-Instruct,GSM_059,W3,4,152026,-14.277352,-0.070267,29,17,2,672,17,28,''
Qwen/Qwen2.5-7B-Instruct,GSM_059,W3,5,152027,-16.090918,-0.081905,29,17,2,672,17,28,''
Qwen/Qwen2.5-7B-Instruct,GSM_059,W3,6,152019,-16.373095,-0.079355,29,17,2,672,17,28,''
Qwen/Qwen2.5-7B-Instruct,GSM_059,W3,7,152035,-17.0588,-0.095545,29,17,2,672,17,28,''
Qwen/Qwen2.5-7B-Instruct,GSM_059,W3,8,152031,-16.263481,-0.080465,29,17,2,672,17,28,''
Qwen/Qwen2.5-7B-Instruct,GSM_059,W3,9,152036,-18.246824,-0.099145,29,17,2,672,17,28,''
Qwen/Qwen2.5-7B-Instruct,GSM_059,W3,10,152028,-18.478067,-0.090156,29,17,2,672,17,28,''
Qwen/Qwen2.5-7B-Instruct,GSM_059,W3,11,152023,-18.395615,-0.081841,29,17,2,672,17,28,''
Qwen/Qwen2.5-7B-Instruct,GSM_059,W3,12,152017,-18.50786,-0.081746,29,17,2,672,17,28,''
Qwen/Qwen2.5-7B-Instruct,GSM_059,W3,13,152022,-20.633795,-0.091771,29,17,2,672,17,28,''
Qwen/Qwen2.5-7B-Instruct,GSM_059,W3,14,152032,-23.976791,-0.099448,29,17,2,672,17,28,''
Qwen/Qwen2.5-7B-Instruct,GSM_059,W3,15,152030,-22.689184,-0.093145,29,17,2,672,17,28,''
Qwen/Qwen2.5-7B-Instruct,GSM_059,W3,16,152034,-23.67481,-0.094079,29,17,2,672,17,28,''
Qwen/Qwen2.5-7B-Instruct,GSM_059,W3,17,152037,-23.27681,-0.082007,29,17,2,672,17,28,''
Qwen/Qwen2.5-7B-Instruct,GSM_059,W3,18,152028,-23.966991,-0.083471,29,17,2,672,17,28,''
Qwen/Qwen2.5-7B-Instruct,GSM_059,W3,19,152031,-24.882376,-0.081151,29,17,2,672,17,28,''
Qwen/Qwen2.5-7B-Instruct,GSM_059,W3,20,152040,-27.95717,-0.085658,29,17,2,672,17,28,''
Qwen/Qwen2.5-7B-Instruct,GSM_059,W3,21,152037,-40.744343,-0.103121,29,17,2,672,17,28,''
Qwen/Qwen2.5-7B-Instruct,GSM_059,W3,22,152037,-52.540531,-0.110808,29,17,2,672,17,28,''
Qwen/Qwen2.5-7B-Instruct,GSM_059,W3,23,152042,-73.415771,-0.132106,29,17,2,672,17,28,''
Qwen/Qwen2.5-7B-Instruct,GSM_059,W3,24,152046,-109.115807,-0.157878,29,17,2,672,17,28,''
Qwen/Qwen2.5-7B-Instruct,GSM_059,W3,25,152040,-142.17598,-0.1561,29,17,2,672,17,28,''
Qwen/Qwen2.5-7B-Instruct,GSM_059,W3,26,152023,-173.751846,-0.134568,29,17,2,672,17,28,''
Qwen/Qwen2.5-7B-Instruct,GSM_059,W3,27,19,-19.266596,0.078555,29,17,2,672,17,28,''
Qwen/Qwen2.5-7B-Instruct,GSM_060,canonical,0,151112,-12.438056,-0.020992,46,19,4,358,19,28,''
Qwen/Qwen2.5-7B-Instruct,GSM_060,canonical,1,151890,-13.115844,-0.044442,46,19,4,358,19,28,''
Qwen/Qwen2.5-7B-Instruct,GSM_060,canonical,2,151857,-13.613195,-0.048414,46,19,4,358,19,28,''
Qwen/Qwen2.5-7B-Instruct,GSM_060,canonical,3,151923,-13.658661,-0.050276,46,19,4,358,19,28,''
Qwen/Qwen2.5-7B-Instruct,GSM_060,canonical,4,151876,-13.797626,-0.044967,46,19,4,358,19,28,''
Qwen/Qwen2.5-7B-Instruct,GSM_060,canonical,5,151823,-15.156079,-0.046709,46,19,4,358,19,28,''
Qwen/Qwen2.5-7B-Instruct,GSM_060,canonical,6,151800,-15.385233,-0.044356,46,19,4,358,19,28,''
Qwen/Qwen2.5-7B-Instruct,GSM_060,canonical,7,151877,-16.0065,-0.058257,46,19,4,358,19,28,''
Qwen/Qwen2.5-7B-Instruct,GSM_060,canonical,8,151862,-15.363729,-0.049088,46,19,4,358,19,28,''
Qwen/Qwen2.5-7B-Instruct,GSM_060,canonical,9,151934,-17.268314,-0.068225,46,19,4,358,19,28,''
Qwen/Qwen2.5-7B-Instruct,GSM_060,canonical,10,151909,-17.427761,-0.061157,46,19,4,358,19,28,''
Qwen/Qwen2.5-7B-Instruct,GSM_060,canonical,11,151878,-17.338699,-0.054471,46,19,4,358,19,28,''
Qwen/Qwen2.5-7B-Instruct,GSM_060,canonical,12,151845,-17.402843,-0.050319,46,19,4,358,19,28,''
Qwen/Qwen2.5-7B-Instruct,GSM_060,canonical,13,151880,-19.37252,-0.058203,46,19,4,358,19,28,''
Qwen/Qwen2.5-7B-Instruct,GSM_060,canonical,14,151911,-22.377762,-0.065144,46,19,4,358,19,28,''
Qwen/Qwen2.5-7B-Instruct,GSM_060,canonical,15,151865,-20.956364,-0.055274,46,19,4,358,19,28,''
Qwen/Qwen2.5-7B-Instruct,GSM_060,canonical,16,151912,-22.221201,-0.061691,46,19,4,358,19,28,''
Qwen/Qwen2.5-7B-Instruct,GSM_060,canonical,17,151865,-22.132856,-0.050197,46,19,4,358,19,28,''
Qwen/Qwen2.5-7B-Instruct,GSM_060,canonical,18,151867,-22.744093,-0.051456,46,19,4,358,19,28,''
Qwen/Qwen2.5-7B-Instruct,GSM_060,canonical,19,151901,-25.520098,-0.054736,46,19,4,358,19,28,''
Qwen/Qwen2.5-7B-Instruct,GSM_060,canonical,20,151933,-30.578588,-0.063929,46,19,4,358,19,28,''
Qwen/Qwen2.5-7B-Instruct,GSM_060,canonical,21,151913,-39.676186,-0.068462,46,19,4,358,19,28,''
Qwen/Qwen2.5-7B-Instruct,GSM_060,canonical,22,151901,-50.032608,-0.068774,46,19,4,358,19,28,''
Qwen/Qwen2.5-7B-Instruct,GSM_060,canonical,23,151840,-65.123367,-0.064847,46,19,4,358,19,28,''
Qwen/Qwen2.5-7B-Instruct,GSM_060,canonical,24,151908,-97.618896,-0.086963,46,19,4,358,19,28,''
Qwen/Qwen2.5-7B-Instruct,GSM_060,canonical,25,151875,-128.511581,-0.085102,46,19,4,358,19,28,''
Qwen/Qwen2.5-7B-Instruct,GSM_060,canonical,26,151844,-167.318741,-0.077359,46,19,4,358,19,28,''
Qwen/Qwen2.5-7B-Instruct,GSM_060,canonical,27,8,-14.827065,0.094598,46,19,4,358,19,28,''
Qwen/Qwen2.5-7B-Instruct,GSM_060,W3,0,151143,-12.440606,-0.02126,46,19,4,358,19,28,''
Qwen/Qwen2.5-7B-Instruct,GSM_060,W3,1,151891,-13.118668,-0.044523,46,19,4,358,19,28,''
Qwen/Qwen2.5-7B-Instruct,GSM_060,W3,2,151854,-13.615701,-0.048084,46,19,4,358,19,28,''
Qwen/Qwen2.5-7B-Instruct,GSM_060,W3,3,151925,-13.66152,-0.050273,46,19,4,358,19,28,''
Qwen/Qwen2.5-7B-Instruct,GSM_060,W3,4,151877,-13.791449,-0.044681,46,19,4,358,19,28,''
Qwen/Qwen2.5-7B-Instruct,GSM_060,W3,5,151819,-15.123106,-0.046429,46,19,4,358,19,28,''
Qwen/Qwen2.5-7B-Instruct,GSM_060,W3,6,151787,-15.348255,-0.043807,46,19,4,358,19,28,''
Qwen/Qwen2.5-7B-Instruct,GSM_060,W3,7,151882,-15.993153,-0.058696,46,19,4,358,19,28,''
Qwen/Qwen2.5-7B-Instruct,GSM_060,W3,8,151873,-15.416798,-0.050293,46,19,4,358,19,28,''
Qwen/Qwen2.5-7B-Instruct,GSM_060,W3,9,151936,-17.29039,-0.06896,46,19,4,358,19,28,''
Qwen/Qwen2.5-7B-Instruct,GSM_060,W3,10,151904,-17.453053,-0.060279,46,19,4,358,19,28,''
Qwen/Qwen2.5-7B-Instruct,GSM_060,W3,11,151878,-17.492504,-0.054434,46,19,4,358,19,28,''
Qwen/Qwen2.5-7B-Instruct,GSM_060,W3,12,151848,-17.460674,-0.051238,46,19,4,358,19,28,''
Qwen/Qwen2.5-7B-Instruct,GSM_060,W3,13,151878,-19.362122,-0.057713,46,19,4,358,19,28,''
Qwen/Qwen2.5-7B-Instruct,GSM_060,W3,14,151910,-22.238226,-0.06438,46,19,4,358,19,28,''
Qwen/Qwen2.5-7B-Instruct,GSM_060,W3,15,151864,-20.920483,-0.054796,46,19,4,358,19,28,''
Qwen/Qwen2.5-7B-Instruct,GSM_060,W3,16,151913,-22.071241,-0.060721,46,19,4,358,19,28,''
Qwen/Qwen2.5-7B-Instruct,GSM_060,W3,17,151865,-22.029015,-0.049748,46,19,4,358,19,28,''
Qwen/Qwen2.5-7B-Instruct,GSM_060,W3,18,151853,-22.693195,-0.049584,46,19,4,358,19,28,''
Qwen/Qwen2.5-7B-Instruct,GSM_060,W3,19,151893,-25.403036,-0.053627,46,19,4,358,19,28,''
Qwen/Qwen2.5-7B-Instruct,GSM_060,W3,20,151929,-30.475504,-0.063338,46,19,4,358,19,28,''
Qwen/Qwen2.5-7B-Instruct,GSM_060,W3,21,151923,-39.815929,-0.069457,46,19,4,358,19,28,''
Qwen/Qwen2.5-7B-Instruct,GSM_060,W3,22,151904,-49.65723,-0.068104,46,19,4,358,19,28,''
Qwen/Qwen2.5-7B-Instruct,GSM_060,W3,23,151842,-65.150177,-0.064215,46,19,4,358,19,28,''
Qwen/Qwen2.5-7B-Instruct,GSM_060,W3,24,151896,-96.064606,-0.084813,46,19,4,358,19,28,''
Qwen/Qwen2.5-7B-Instruct,GSM_060,W3,25,151877,-127.808746,-0.085865,46,19,4,358,19,28,''
Qwen/Qwen2.5-7B-Instruct,GSM_060,W3,26,151854,-168.184555,-0.08037,46,19,4,358,19,28,''
Qwen/Qwen2.5-7B-Instruct,GSM_060,W3,27,14,-17.000792,0.084535,46,19,4,358,19,28,''
Qwen/Qwen2.5-7B-Instruct,GSM_061,canonical,0,151159,-12.457056,-0.021186,420,19,4,358,19,28,''
Qwen/Qwen2.5-7B-Instruct,GSM_061,canonical,1,151867,-13.108208,-0.042646,420,19,4,358,19,28,''
Qwen/Qwen2.5-7B-Instruct,GSM_061,canonical,2,151855,-13.646253,-0.048437,420,19,4,358,19,28,''
Qwen/Qwen2.5-7B-Instruct,GSM_061,canonical,3,151912,-13.643772,-0.049489,420,19,4,358,19,28,''
Qwen/Qwen2.5-7B-Instruct,GSM_061,canonical,4,151858,-13.75514,-0.043599,420,19,4,358,19,28,''
Qwen/Qwen2.5-7B-Instruct,GSM_061,canonical,5,151817,-15.112076,-0.046331,420,19,4,358,19,28,''
Qwen/Qwen2.5-7B-Instruct,GSM_061,canonical,6,151800,-15.384296,-0.044036,420,19,4,358,19,28,''
Qwen/Qwen2.5-7B-Instruct,GSM_061,canonical,7,151894,-15.988521,-0.059052,420,19,4,358,19,28,''
Qwen/Qwen2.5-7B-Instruct,GSM_061,canonical,8,151885,-15.407422,-0.049563,420,19,4,358,19,28,''
Qwen/Qwen2.5-7B-Instruct,GSM_061,canonical,9,151938,-17.169895,-0.068344,420,19,4,358,19,28,''
Qwen/Qwen2.5-7B-Instruct,GSM_061,canonical,10,151924,-17.563004,-0.063678,420,19,4,358,19,28,''
Qwen/Qwen2.5-7B-Instruct,GSM_061,canonical,11,151904,-17.535122,-0.058455,420,19,4,358,19,28,''
Qwen/Qwen2.5-7B-Instruct,GSM_061,canonical,12,151872,-17.460142,-0.053837,420,19,4,358,19,28,''
Qwen/Qwen2.5-7B-Instruct,GSM_061,canonical,13,151873,-19.262119,-0.056653,420,19,4,358,19,28,''
Qwen/Qwen2.5-7B-Instruct,GSM_061,canonical,14,151908,-22.450037,-0.065179,420,19,4,358,19,28,''
Qwen/Qwen2.5-7B-Instruct,GSM_061,canonical,15,151870,-21.286543,-0.05624,420,19,4,358,19,28,''
Qwen/Qwen2.5-7B-Instruct,GSM_061,canonical,16,151924,-22.374073,-0.064406,420,19,4,358,19,28,''
Qwen/Qwen2.5-7B-Instruct,GSM_061,canonical,17,151861,-21.806105,-0.049277,420,19,4,358,19,28,''
Qwen/Qwen2.5-7B-Instruct,GSM_061,canonical,18,151873,-23.100885,-0.052703,420,19,4,358,19,28,''
Qwen/Qwen2.5-7B-Instruct,GSM_061,canonical,19,151914,-24.418947,-0.054477,420,19,4,358,19,28,''
Qwen/Qwen2.5-7B-Instruct,GSM_061,canonical,20,151943,-28.055878,-0.059034,420,19,4,358,19,28,''
Qwen/Qwen2.5-7B-Instruct,GSM_061,canonical,21,151929,-36.094982,-0.065587,420,19,4,358,19,28,''
Qwen/Qwen2.5-7B-Instruct,GSM_061,canonical,22,151914,-43.885952,-0.063629,420,19,4,358,19,28,''
Qwen/Qwen2.5-7B-Instruct,GSM_061,canonical,23,151908,-60.241856,-0.073533,420,19,4,358,19,28,''
Qwen/Qwen2.5-7B-Instruct,GSM_061,canonical,24,151928,-90.780708,-0.092031,420,19,4,358,19,28,''
Qwen/Qwen2.5-7B-Instruct,GSM_061,canonical,25,151886,-119.106689,-0.086674,420,19,4,358,19,28,''
Qwen/Qwen2.5-7B-Instruct,GSM_061,canonical,26,151863,-157.973587,-0.081408,420,19,4,358,19,28,''
Qwen/Qwen2.5-7B-Instruct,GSM_061,canonical,27,11,-13.064167,0.09064,420,19,4,358,19,28,''
Qwen/Qwen2.5-7B-Instruct,GSM_061,W3,0,151041,-12.443977,-0.020247,420,19,4,358,19,28,''
Qwen/Qwen2.5-7B-Instruct,GSM_061,W3,1,151867,-13.144559,-0.043221,420,19,4,358,19,28,''
Qwen/Qwen2.5-7B-Instruct,GSM_061,W3,2,151850,-13.670029,-0.048374,420,19,4,358,19,28,''
Qwen/Qwen2.5-7B-Instruct,GSM_061,W3,3,151924,-13.658797,-0.049612,420,19,4,358,19,28,''
Qwen/Qwen2.5-7B-Instruct,GSM_061,W3,4,151882,-13.815226,-0.045542,420,19,4,358,19,28,''
Qwen/Qwen2.5-7B-Instruct,GSM_061,W3,5,151831,-15.205029,-0.04823,420,19,4,358,19,28,''
Qwen/Qwen2.5-7B-Instruct,GSM_061,W3,6,151799,-15.402531,-0.044481,420,19,4,358,19,28,''
Qwen/Qwen2.5-7B-Instruct,GSM_061,W3,7,151893,-15.99274,-0.058712,420,19,4,358,19,28,''
Qwen/Qwen2.5-7B-Instruct,GSM_061,W3,8,151876,-15.373568,-0.049375,420,19,4,358,19,28,''
Qwen/Qwen2.5-7B-Instruct,GSM_061,W3,9,151934,-17.109322,-0.067728,420,19,4,358,19,28,''
Qwen/Qwen2.5-7B-Instruct,GSM_061,W3,10,151913,-17.388645,-0.061323,420,19,4,358,19,28,''
Qwen/Qwen2.5-7B-Instruct,GSM_061,W3,11,151899,-17.528784,-0.057486,420,19,4,358,19,28,''
Qwen/Qwen2.5-7B-Instruct,GSM_061,W3,12,151865,-17.411531,-0.052285,420,19,4,358,19,28,''
Qwen/Qwen2.5-7B-Instruct,GSM_061,W3,13,151865,-19.175062,-0.054725,420,19,4,358,19,28,''
Qwen/Qwen2.5-7B-Instruct,GSM_061,W3,14,151900,-22.343864,-0.062311,420,19,4,358,19,28,''
Qwen/Qwen2.5-7B-Instruct,GSM_061,W3,15,151859,-20.842127,-0.052677,420,19,4,358,19,28,''
Qwen/Qwen2.5-7B-Instruct,GSM_061,W3,16,151913,-22.266163,-0.061382,420,19,4,358,19,28,''
Qwen/Qwen2.5-7B-Instruct,GSM_061,W3,17,151861,-21.752184,-0.047964,420,19,4,358,19,28,''
Qwen/Qwen2.5-7B-Instruct,GSM_061,W3,18,151869,-22.71277,-0.050806,420,19,4,358,19,28,''
Qwen/Qwen2.5-7B-Instruct,GSM_061,W3,19,151907,-23.866226,-0.052388,420,19,4,358,19,28,''
Qwen/Qwen2.5-7B-Instruct,GSM_061,W3,20,151937,-28.64344,-0.06017,420,19,4,358,19,28,''
Qwen/Qwen2.5-7B-Instruct,GSM_061,W3,21,151939,-38.975441,-0.070695,420,19,4,358,19,28,''
Qwen/Qwen2.5-7B-Instruct,GSM_061,W3,22,151921,-49.474167,-0.070663,420,19,4,358,19,28,''
Qwen/Qwen2.5-7B-Instruct,GSM_061,W3,23,151918,-66.80809,-0.08135,420,19,4,358,19,28,''
Qwen/Qwen2.5-7B-Instruct,GSM_061,W3,24,151920,-94.290146,-0.091748,420,19,4,358,19,28,''
Qwen/Qwen2.5-7B-Instruct,GSM_061,W3,25,151900,-127.594643,-0.091881,420,19,4,358,19,28,''
Qwen/Qwen2.5-7B-Instruct,GSM_061,W3,26,151866,-166.318359,-0.083245,420,19,4,358,19,28,''
Qwen/Qwen2.5-7B-Instruct,GSM_061,W3,27,16,-15.667793,0.082199,420,19,4,358,19,28,''
Qwen/Qwen2.5-7B-Instruct,GSM_062,canonical,0,152014,-12.689883,-0.047151,112000,16,1,741,16,28,''
Qwen/Qwen2.5-7B-Instruct,GSM_062,canonical,1,152039,-13.557169,-0.073877,112000,16,1,741,16,28,''
Qwen/Qwen2.5-7B-Instruct,GSM_062,canonical,2,152043,-14.219819,-0.083125,112000,16,1,741,16,28,''
Qwen/Qwen2.5-7B-Instruct,GSM_062,canonical,3,152047,-14.224438,-0.081316,112000,16,1,741,16,28,''
Qwen/Qwen2.5-7B-Instruct,GSM_062,canonical,4,152040,-14.453938,-0.076249,112000,16,1,741,16,28,''
Qwen/Qwen2.5-7B-Instruct,GSM_062,canonical,5,152039,-16.369822,-0.088852,112000,16,1,741,16,28,''
Qwen/Qwen2.5-7B-Instruct,GSM_062,canonical,6,152027,-16.396187,-0.080128,112000,16,1,741,16,28,''
Qwen/Qwen2.5-7B-Instruct,GSM_062,canonical,7,152038,-16.994284,-0.09403,112000,16,1,741,16,28,''
Qwen/Qwen2.5-7B-Instruct,GSM_062,canonical,8,152027,-16.231331,-0.075109,112000,16,1,741,16,28,''
Qwen/Qwen2.5-7B-Instruct,GSM_062,canonical,9,152040,-18.497852,-0.100669,112000,16,1,741,16,28,''
Qwen/Qwen2.5-7B-Instruct,GSM_062,canonical,10,152038,-18.75668,-0.095336,112000,16,1,741,16,28,''
Qwen/Qwen2.5-7B-Instruct,GSM_062,canonical,11,152032,-18.644749,-0.088977,112000,16,1,741,16,28,''
Qwen/Qwen2.5-7B-Instruct,GSM_062,canonical,12,152024,-18.66161,-0.084246,112000,16,1,741,16,28,''
Qwen/Qwen2.5-7B-Instruct,GSM_062,canonical,13,152031,-21.017757,-0.094148,112000,16,1,741,16,28,''
Qwen/Qwen2.5-7B-Instruct,GSM_062,canonical,14,152038,-24.585478,-0.105825,112000,16,1,741,16,28,''
Qwen/Qwen2.5-7B-Instruct,GSM_062,canonical,15,152032,-23.074411,-0.094085,112000,16,1,741,16,28,''
Qwen/Qwen2.5-7B-Instruct,GSM_062,canonical,16,152036,-24.275419,-0.099071,112000,16,1,741,16,28,''
Qwen/Qwen2.5-7B-Instruct,GSM_062,canonical,17,152032,-23.795143,-0.083404,112000,16,1,741,16,28,''
Qwen/Qwen2.5-7B-Instruct,GSM_062,canonical,18,152016,-24.269814,-0.077845,112000,16,1,741,16,28,''
Qwen/Qwen2.5-7B-Instruct,GSM_062,canonical,19,152029,-26.191559,-0.080239,112000,16,1,741,16,28,''
Qwen/Qwen2.5-7B-Instruct,GSM_062,canonical,20,152041,-28.89341,-0.083984,112000,16,1,741,16,28,''
Qwen/Qwen2.5-7B-Instruct,GSM_062,canonical,21,152049,-40.726711,-0.113374,112000,16,1,741,16,28,''
Qwen/Qwen2.5-7B-Instruct,GSM_062,canonical,22,152049,-55.186588,-0.124602,112000,16,1,741,16,28,''
Qwen/Qwen2.5-7B-Instruct,GSM_062,canonical,23,152053,-77.400757,-0.149991,112000,16,1,741,16,28,''
Qwen/Qwen2.5-7B-Instruct,GSM_062,canonical,24,152053,-114.291451,-0.16986,112000,16,1,741,16,28,''
Qwen/Qwen2.5-7B-Instruct,GSM_062,canonical,25,152049,-145.076721,-0.168116,112000,16,1,741,16,28,''
Qwen/Qwen2.5-7B-Instruct,GSM_062,canonical,26,152043,-187.626328,-0.159028,112000,16,1,741,16,28,''
Qwen/Qwen2.5-7B-Instruct,GSM_062,canonical,27,45,-22.013044,0.054278,112000,16,1,741,16,28,''
Qwen/Qwen2.5-7B-Instruct,GSM_062,W3,0,152011,-12.689459,-0.047042,112000,16,1,741,16,28,''
Qwen/Qwen2.5-7B-Instruct,GSM_062,W3,1,152039,-13.553536,-0.073279,112000,16,1,741,16,28,''
Qwen/Qwen2.5-7B-Instruct,GSM_062,W3,2,152038,-14.21541,-0.082221,112000,16,1,741,16,28,''
Qwen/Qwen2.5-7B-Instruct,GSM_062,W3,3,152044,-14.194784,-0.079672,112000,16,1,741,16,28,''
Qwen/Qwen2.5-7B-Instruct,GSM_062,W3,4,152039,-14.425479,-0.074458,112000,16,1,741,16,28,''
Qwen/Qwen2.5-7B-Instruct,GSM_062,W3,5,152038,-16.335955,-0.088041,112000,16,1,741,16,28,''
Qwen/Qwen2.5-7B-Instruct,GSM_062,W3,6,152025,-16.355312,-0.079051,112000,16,1,741,16,28,''
Qwen/Qwen2.5-7B-Instruct,GSM_062,W3,7,152037,-16.962463,-0.09275,112000,16,1,741,16,28,''
Qwen/Qwen2.5-7B-Instruct,GSM_062,W3,8,152025,-16.225071,-0.074974,112000,16,1,741,16,28,''
Qwen/Qwen2.5-7B-Instruct,GSM_062,W3,9,152040,-18.546473,-0.101004,112000,16,1,741,16,28,''
Qwen/Qwen2.5-7B-Instruct,GSM_062,W3,10,152038,-18.801287,-0.095141,112000,16,1,741,16,28,''
Qwen/Qwen2.5-7B-Instruct,GSM_062,W3,11,152032,-18.727779,-0.088956,112000,16,1,741,16,28,''
Qwen/Qwen2.5-7B-Instruct,GSM_062,W3,12,152024,-18.603294,-0.083109,112000,16,1,741,16,28,''
Qwen/Qwen2.5-7B-Instruct,GSM_062,W3,13,152030,-20.871284,-0.092348,112000,16,1,741,16,28,''
Qwen/Qwen2.5-7B-Instruct,GSM_062,W3,14,152036,-24.529661,-0.103855,112000,16,1,741,16,28,''
Qwen/Qwen2.5-7B-Instruct,GSM_062,W3,15,152031,-22.882082,-0.091325,112000,16,1,741,16,28,''
Qwen/Qwen2.5-7B-Instruct,GSM_062,W3,16,152035,-23.993954,-0.095708,112000,16,1,741,16,28,''
Qwen/Qwen2.5-7B-Instruct,GSM_062,W3,17,152031,-23.662321,-0.081616,112000,16,1,741,16,28,''
Qwen/Qwen2.5-7B-Instruct,GSM_062,W3,18,152020,-24.521614,-0.078092,112000,16,1,741,16,28,''
Qwen/Qwen2.5-7B-Instruct,GSM_062,W3,19,152026,-26.324047,-0.079281,112000,16,1,741,16,28,''
Qwen/Qwen2.5-7B-Instruct,GSM_062,W3,20,152037,-28.671148,-0.080768,112000,16,1,741,16,28,''
Qwen/Qwen2.5-7B-Instruct,GSM_062,W3,21,152048,-42.080353,-0.116483,112000,16,1,741,16,28,''
Qwen/Qwen2.5-7B-Instruct,GSM_062,W3,22,152049,-55.032803,-0.124069,112000,16,1,741,16,28,''
Qwen/Qwen2.5-7B-Instruct,GSM_062,W3,23,152053,-79.76149,-0.152674,112000,16,1,741,16,28,''
Qwen/Qwen2.5-7B-Instruct,GSM_062,W3,24,152053,-115.022865,-0.171724,112000,16,1,741,16,28,''
Qwen/Qwen2.5-7B-Instruct,GSM_062,W3,25,152049,-145.923859,-0.171483,112000,16,1,741,16,28,''
Qwen/Qwen2.5-7B-Instruct,GSM_062,W3,26,152043,-189.22876,-0.160784,112000,16,1,741,16,28,''
Qwen/Qwen2.5-7B-Instruct,GSM_062,W3,27,35,-19.00465,0.060602,112000,16,1,741,16,28,''
Qwen/Qwen2.5-7B-Instruct,GSM_063,canonical,0,152014,-12.703777,-0.048183,16200,16,1,741,16,28,''
Qwen/Qwen2.5-7B-Instruct,GSM_063,canonical,1,152039,-13.579464,-0.074708,16200,16,1,741,16,28,''
Qwen/Qwen2.5-7B-Instruct,GSM_063,canonical,2,152041,-14.248686,-0.083997,16200,16,1,741,16,28,''
Qwen/Qwen2.5-7B-Instruct,GSM_063,canonical,3,152047,-14.233102,-0.081548,16200,16,1,741,16,28,''
Qwen/Qwen2.5-7B-Instruct,GSM_063,canonical,4,152040,-14.457728,-0.076332,16200,16,1,741,16,28,''
Qwen/Qwen2.5-7B-Instruct,GSM_063,canonical,5,152038,-16.335238,-0.089123,16200,16,1,741,16,28,''
Qwen/Qwen2.5-7B-Instruct,GSM_063,canonical,6,152028,-16.397209,-0.080422,16200,16,1,741,16,28,''
Qwen/Qwen2.5-7B-Instruct,GSM_063,canonical,7,152037,-17.041035,-0.094569,16200,16,1,741,16,28,''
Qwen/Qwen2.5-7B-Instruct,GSM_063,canonical,8,152027,-16.193787,-0.074684,16200,16,1,741,16,28,''
Qwen/Qwen2.5-7B-Instruct,GSM_063,canonical,9,152041,-18.470861,-0.100681,16200,16,1,741,16,28,''
Qwen/Qwen2.5-7B-Instruct,GSM_063,canonical,10,152039,-18.816051,-0.095763,16200,16,1,741,16,28,''
Qwen/Qwen2.5-7B-Instruct,GSM_063,canonical,11,152032,-18.668001,-0.089427,16200,16,1,741,16,28,''
Qwen/Qwen2.5-7B-Instruct,GSM_063,canonical,12,152024,-18.783501,-0.084962,16200,16,1,741,16,28,''
Qwen/Qwen2.5-7B-Instruct,GSM_063,canonical,13,152031,-20.937067,-0.093707,16200,16,1,741,16,28,''
Qwen/Qwen2.5-7B-Instruct,GSM_063,canonical,14,152039,-24.754539,-0.105344,16200,16,1,741,16,28,''
Qwen/Qwen2.5-7B-Instruct,GSM_063,canonical,15,152032,-23.244427,-0.093939,16200,16,1,741,16,28,''
Qwen/Qwen2.5-7B-Instruct,GSM_063,canonical,16,152038,-24.364449,-0.098687,16200,16,1,741,16,28,''
Qwen/Qwen2.5-7B-Instruct,GSM_063,canonical,17,152033,-24.048368,-0.08416,16200,16,1,741,16,28,''
Qwen/Qwen2.5-7B-Instruct,GSM_063,canonical,18,152023,-24.860416,-0.083052,16200,16,1,741,16,28,''
Qwen/Qwen2.5-7B-Instruct,GSM_063,canonical,19,152033,-26.639307,-0.083994,16200,16,1,741,16,28,''
Qwen/Qwen2.5-7B-Instruct,GSM_063,canonical,20,152047,-30.295071,-0.094944,16200,16,1,741,16,28,''
Qwen/Qwen2.5-7B-Instruct,GSM_063,canonical,21,152051,-41.773281,-0.121615,16200,16,1,741,16,28,''
Qwen/Qwen2.5-7B-Instruct,GSM_063,canonical,22,152049,-50.173061,-0.119341,16200,16,1,741,16,28,''
Qwen/Qwen2.5-7B-Instruct,GSM_063,canonical,23,152049,-69.999847,-0.135753,16200,16,1,741,16,28,''
Qwen/Qwen2.5-7B-Instruct,GSM_063,canonical,24,152051,-107.379532,-0.160397,16200,16,1,741,16,28,''
Qwen/Qwen2.5-7B-Instruct,GSM_063,canonical,25,152048,-140.328079,-0.157827,16200,16,1,741,16,28,''
Qwen/Qwen2.5-7B-Instruct,GSM_063,canonical,26,152031,-170.391953,-0.130679,16200,16,1,741,16,28,''
Qwen/Qwen2.5-7B-Instruct,GSM_063,canonical,27,2,-8.458008,0.108654,16200,16,1,741,16,28,''
Qwen/Qwen2.5-7B-Instruct,GSM_063,W3,0,152002,-12.682522,-0.046126,16200,16,1,741,16,28,''
Qwen/Qwen2.5-7B-Instruct,GSM_063,W3,1,152039,-13.578486,-0.074177,16200,16,1,741,16,28,''
Qwen/Qwen2.5-7B-Instruct,GSM_063,W3,2,152039,-14.232494,-0.083188,16200,16,1,741,16,28,''
Qwen/Qwen2.5-7B-Instruct,GSM_063,W3,3,152047,-14.200916,-0.080439,16200,16,1,741,16,28,''
Qwen/Qwen2.5-7B-Instruct,GSM_063,W3,4,152040,-14.421522,-0.07542,16200,16,1,741,16,28,''
Qwen/Qwen2.5-7B-Instruct,GSM_063,W3,5,152039,-16.365677,-0.088932,16200,16,1,741,16,28,''
Qwen/Qwen2.5-7B-Instruct,GSM_063,W3,6,152028,-16.403461,-0.080125,16200,16,1,741,16,28,''
Qwen/Qwen2.5-7B-Instruct,GSM_063,W3,7,152037,-17.035791,-0.093892,16200,16,1,741,16,28,''
Qwen/Qwen2.5-7B-Instruct,GSM_063,W3,8,152025,-16.194862,-0.074456,16200,16,1,741,16,28,''
Qwen/Qwen2.5-7B-Instruct,GSM_063,W3,9,152040,-18.458832,-0.100743,16200,16,1,741,16,28,''
Qwen/Qwen2.5-7B-Instruct,GSM_063,W3,10,152038,-18.82135,-0.096268,16200,16,1,741,16,28,''
Qwen/Qwen2.5-7B-Instruct,GSM_063,W3,11,152032,-18.663754,-0.089626,16200,16,1,741,16,28,''
Qwen/Qwen2.5-7B-Instruct,GSM_063,W3,12,152025,-18.754675,-0.0853,16200,16,1,741,16,28,''
Qwen/Qwen2.5-7B-Instruct,GSM_063,W3,13,152032,-20.897232,-0.094344,16200,16,1,741,16,28,''
Qwen/Qwen2.5-7B-Instruct,GSM_063,W3,14,152039,-24.59193,-0.105323,16200,16,1,741,16,28,''
Qwen/Qwen2.5-7B-Instruct,GSM_063,W3,15,152032,-22.988674,-0.09324,16200,16,1,741,16,28,''
Qwen/Qwen2.5-7B-Instruct,GSM_063,W3,16,152038,-24.187019,-0.097726,16200,16,1,741,16,28,''
Qwen/Qwen2.5-7B-Instruct,GSM_063,W3,17,152034,-23.964357,-0.084217,16200,16,1,741,16,28,''
Qwen/Qwen2.5-7B-Instruct,GSM_063,W3,18,152024,-24.954847,-0.084375,16200,16,1,741,16,28,''
Qwen/Qwen2.5-7B-Instruct,GSM_063,W3,19,152034,-26.986938,-0.08576,16200,16,1,741,16,28,''
Qwen/Qwen2.5-7B-Instruct,GSM_063,W3,20,152047,-30.701168,-0.095591,16200,16,1,741,16,28,''
Qwen/Qwen2.5-7B-Instruct,GSM_063,W3,21,152050,-42.61935,-0.122671,16200,16,1,741,16,28,''
Qwen/Qwen2.5-7B-Instruct,GSM_063,W3,22,152052,-52.007076,-0.126494,16200,16,1,741,16,28,''
Qwen/Qwen2.5-7B-Instruct,GSM_063,W3,23,152053,-73.228859,-0.146194,16200,16,1,741,16,28,''
Qwen/Qwen2.5-7B-Instruct,GSM_063,W3,24,152053,-111.621635,-0.167429,16200,16,1,741,16,28,''
Qwen/Qwen2.5-7B-Instruct,GSM_063,W3,25,152048,-147.065399,-0.167114,16200,16,1,741,16,28,''
Qwen/Qwen2.5-7B-Instruct,GSM_063,W3,26,152041,-177.405045,-0.144131,16200,16,1,741,16,28,''
Qwen/Qwen2.5-7B-Instruct,GSM_063,W3,27,12,-14.249128,0.086619,16200,16,1,741,16,28,''
Qwen/Qwen2.5-7B-Instruct,GSM_064,canonical,0,147720,-12.344118,-0.007684,75,22,7,235,22,28,''
Qwen/Qwen2.5-7B-Instruct,GSM_064,canonical,1,151515,-12.945622,-0.027143,75,22,7,235,22,28,''
Qwen/Qwen2.5-7B-Instruct,GSM_064,canonical,2,151698,-13.46036,-0.035752,75,22,7,235,22,28,''
Qwen/Qwen2.5-7B-Instruct,GSM_064,canonical,3,151645,-13.393194,-0.032944,75,22,7,235,22,28,''
Qwen/Qwen2.5-7B-Instruct,GSM_064,canonical,4,151522,-13.532309,-0.029143,75,22,7,235,22,28,''
Qwen/Qwen2.5-7B-Instruct,GSM_064,canonical,5,151620,-14.797029,-0.034808,75,22,7,235,22,28,''
Qwen/Qwen2.5-7B-Instruct,GSM_064,canonical,6,151533,-15.026476,-0.030244,75,22,7,235,22,28,''
Qwen/Qwen2.5-7B-Instruct,GSM_064,canonical,7,151803,-15.75034,-0.050068,75,22,7,235,22,28,''
Qwen/Qwen2.5-7B-Instruct,GSM_064,canonical,8,151803,-15.290368,-0.045407,75,22,7,235,22,28,''
Qwen/Qwen2.5-7B-Instruct,GSM_064,canonical,9,151849,-16.770115,-0.054639,75,22,7,235,22,28,''
Qwen/Qwen2.5-7B-Instruct,GSM_064,canonical,10,151837,-17.042629,-0.050443,75,22,7,235,22,28,''
Qwen/Qwen2.5-7B-Instruct,GSM_064,canonical,11,151793,-17.084251,-0.045387,75,22,7,235,22,28,''
Qwen/Qwen2.5-7B-Instruct,GSM_064,canonical,12,151717,-16.966921,-0.040206,75,22,7,235,22,28,''
Qwen/Qwen2.5-7B-Instruct,GSM_064,canonical,13,151749,-18.817667,-0.044824,75,22,7,235,22,28,''
Qwen/Qwen2.5-7B-Instruct,GSM_064,canonical,14,151807,-21.349064,-0.049263,75,22,7,235,22,28,''
Qwen/Qwen2.5-7B-Instruct,GSM_064,canonical,15,151709,-20.121008,-0.039096,75,22,7,235,22,28,''
Qwen/Qwen2.5-7B-Instruct,GSM_064,canonical,16,151806,-21.427958,-0.04777,75,22,7,235,22,28,''
Qwen/Qwen2.5-7B-Instruct,GSM_064,canonical,17,151619,-20.549633,-0.03068,75,22,7,235,22,28,''
Qwen/Qwen2.5-7B-Instruct,GSM_064,canonical,18,151641,-20.878817,-0.031848,75,22,7,235,22,28,''
Qwen/Qwen2.5-7B-Instruct,GSM_064,canonical,19,151799,-22.825529,-0.040314,75,22,7,235,22,28,''
Qwen/Qwen2.5-7B-Instruct,GSM_064,canonical,20,151811,-25.072855,-0.041177,75,22,7,235,22,28,''
Qwen/Qwen2.5-7B-Instruct,GSM_064,canonical,21,151707,-32.265762,-0.037374,75,22,7,235,22,28,''
Qwen/Qwen2.5-7B-Instruct,GSM_064,canonical,22,151703,-42.948967,-0.039175,75,22,7,235,22,28,''
Qwen/Qwen2.5-7B-Instruct,GSM_064,canonical,23,151726,-57.046593,-0.045821,75,22,7,235,22,28,''
Qwen/Qwen2.5-7B-Instruct,GSM_064,canonical,24,151774,-90.951958,-0.061999,75,22,7,235,22,28,''
Qwen/Qwen2.5-7B-Instruct,GSM_064,canonical,25,151702,-117.600159,-0.054543,75,22,7,235,22,28,''
Qwen/Qwen2.5-7B-Instruct,GSM_064,canonical,26,151620,-147.354431,-0.046147,75,22,7,235,22,28,''
Qwen/Qwen2.5-7B-Instruct,GSM_064,canonical,27,6,-10.123908,0.11924,75,22,7,235,22,28,''
Qwen/Qwen2.5-7B-Instruct,GSM_064,W3,0,147872,-12.340883,-0.008138,75,22,7,235,22,28,''
Qwen/Qwen2.5-7B-Instruct,GSM_064,W3,1,151528,-12.940787,-0.027437,75,22,7,235,22,28,''
Qwen/Qwen2.5-7B-Instruct,GSM_064,W3,2,151698,-13.453116,-0.03586,75,22,7,235,22,28,''
Qwen/Qwen2.5-7B-Instruct,GSM_064,W3,3,151639,-13.372484,-0.032515,75,22,7,235,22,28,''
Qwen/Qwen2.5-7B-Instruct,GSM_064,W3,4,151509,-13.499332,-0.028638,75,22,7,235,22,28,''
Qwen/Qwen2.5-7B-Instruct,GSM_064,W3,5,151640,-14.771597,-0.035278,75,22,7,235,22,28,''
Qwen/Qwen2.5-7B-Instruct,GSM_064,W3,6,151578,-15.049814,-0.031509,75,22,7,235,22,28,''
Qwen/Qwen2.5-7B-Instruct,GSM_064,W3,7,151816,-15.762525,-0.050814,75,22,7,235,22,28,''
Qwen/Qwen2.5-7B-Instruct,GSM_064,W3,8,151812,-15.253826,-0.045765,75,22,7,235,22,28,''
Qwen/Qwen2.5-7B-Instruct,GSM_064,W3,9,151851,-16.702805,-0.054396,75,22,7,235,22,28,''
Qwen/Qwen2.5-7B-Instruct,GSM_064,W3,10,151839,-16.971735,-0.05026,75,22,7,235,22,28,''
Qwen/Qwen2.5-7B-Instruct,GSM_064,W3,11,151795,-16.917919,-0.044948,75,22,7,235,22,28,''
Qwen/Qwen2.5-7B-Instruct,GSM_064,W3,12,151726,-16.954287,-0.041068,75,22,7,235,22,28,''
Qwen/Qwen2.5-7B-Instruct,GSM_064,W3,13,151754,-18.731108,-0.045153,75,22,7,235,22,28,''
Qwen/Qwen2.5-7B-Instruct,GSM_064,W3,14,151805,-21.430765,-0.049203,75,22,7,235,22,28,''
Qwen/Qwen2.5-7B-Instruct,GSM_064,W3,15,151702,-20.011139,-0.038468,75,22,7,235,22,28,''
Qwen/Qwen2.5-7B-Instruct,GSM_064,W3,16,151791,-21.245022,-0.045621,75,22,7,235,22,28,''
Qwen/Qwen2.5-7B-Instruct,GSM_064,W3,17,151613,-20.477455,-0.029992,75,22,7,235,22,28,''
Qwen/Qwen2.5-7B-Instruct,GSM_064,W3,18,151589,-20.791073,-0.029978,75,22,7,235,22,28,''
Qwen/Qwen2.5-7B-Instruct,GSM_064,W3,19,151812,-22.885456,-0.041319,75,22,7,235,22,28,''
Qwen/Qwen2.5-7B-Instruct,GSM_064,W3,20,151837,-25.396603,-0.044661,75,22,7,235,22,28,''
Qwen/Qwen2.5-7B-Instruct,GSM_064,W3,21,151720,-32.722042,-0.038244,75,22,7,235,22,28,''
Qwen/Qwen2.5-7B-Instruct,GSM_064,W3,22,151719,-44.447464,-0.041094,75,22,7,235,22,28,''
Qwen/Qwen2.5-7B-Instruct,GSM_064,W3,23,151737,-58.272808,-0.046319,75,22,7,235,22,28,''
Qwen/Qwen2.5-7B-Instruct,GSM_064,W3,24,151757,-90.298492,-0.057652,75,22,7,235,22,28,''
Qwen/Qwen2.5-7B-Instruct,GSM_064,W3,25,151619,-117.029419,-0.046555,75,22,7,235,22,28,''
Qwen/Qwen2.5-7B-Instruct,GSM_064,W3,26,151466,-146.40184,-0.036786,75,22,7,235,22,28,''
Qwen/Qwen2.5-7B-Instruct,GSM_064,W3,27,2,-8.587206,0.129718,75,22,7,235,22,28,''
