problem_id,variant_type,problem_text,correct_answer,problem_family,problem_subtype,instance_type,difficulty,contamination_pole,source,verifier_function,difficulty_params,notes
CC_01,canonical,"""You have coins with the following denominations: [1,3,4,7]. You need to make exact change for 6 using the minimum number of coins. You may use each denomination any number of times.
 What is the minimum number of coins needed and which coins do you use?
 Respond in this exact format:
 Count: [integer]
 Coins: [denomination1, denomination2, ...]
 No explanation. No other text.""","Count: 2
 Coins: [3, 3]",coin change,coin_change,adversarial,Easy,high,,verify_coinchange,"{""subtype"":""CC"",""denominations"":[1,3,4,7],""target"":6,""greedy_succeeds"":false,""instance_type"":""adversarial"",""greedy_answer"":""Count: 2\n Coins: [3, 3]"",""difficulty_numeric"":4,""critical_step_index"":0}",
CC_01,W1,"The available coin denominations are [1, 3, 4, 7]. Using the fewest coins possible, what combination of these coins adds up exactly to 6? Each denomination may be repeated as needed. Respond in this exact format: Count: [integer] Coins: [denomination1, denomination2, ...] No explanation. No other text.","Count: 2
 Coins: [3, 3]",coin change,coin_change,adversarial,Easy,high,,verify_coinchange,"{""subtype"":""CC"",""denominations"":[1,3,4,7],""target"":6,""greedy_succeeds"":false,""instance_type"":""adversarial"",""greedy_answer"":""Count: 2\n Coins: [3, 3]"",""difficulty_numeric"":4,""critical_step_index"":0}",
CC_01,W2,"---
 
 **Problem Parameters:**
 
 | Parameter | Value |
 | ----------------------- | ------------------------------------------------------------- |
 | Available denominations | [1, 3, 4, 7] |
 | Target amount | 6 |
 | Coin supply | Unlimited (each denomination can be used any number of times) |
 | Objective | Minimize the total number of coins used |
 
 **Constraints:**
 
 * You may only use the denominations listed above
 * You must reach the target amount exactly
 * Each denomination may be used multiple times
 
 Respond in this exact format:
 Count: [integer]
 Coins: [denomination1, denomination2, ...]
 No explanation. No other text.""","Count: 2
 Coins: [3, 3]",coin change,coin_change,adversarial,Easy,high,,verify_coinchange,"{""subtype"":""CC"",""denominations"":[1,3,4,7],""target"":6,""greedy_succeeds"":false,""instance_type"":""adversarial"",""greedy_answer"":""Count: 2\n Coins: [3, 3]"",""difficulty_numeric"":4,""critical_step_index"":0}",
CC_01,W3,"""A chef is preparing a dish and needs to measure out exactly 6 grams of a spice. She has measuring scoops of the following sizes: 1 g, 3 g, 4 g, 7 g. She wants to use the fewest scoops possible, and can reuse any scoop size as many times as needed.
 What is the minimum number of scoops needed, and which scoop sizes does she use?
 Respond in this exact format: Total: [integer] Scoops: [denomination1, denomination2, ...] No explanation. No other text.""","Total: 2
 Scoops: [3, 3]",coin change,coin_change,adversarial,Easy,high,,verify_coinchange,"{""subtype"":""CC"",""denominations"":[1,3,4,7],""target"":6,""greedy_succeeds"":false,""instance_type"":""adversarial"",""greedy_answer"":""Count: 2\n Coins: [3, 3]"",""difficulty_numeric"":4,""critical_step_index"":0}",
CC_01,W4,"FORMAL DEFINITION: $\pi = \langle D, S_0, S^*, A \rangle$
 DENOMINATIONS: $D = \{1, 3, 4, 7\}$
 INITIAL STATE $S_0$: $\text{CurrentSum} = 0$
 GOAL STATE $S^*$: $\text{CurrentSum} = 6$
 ACTIONS:
 SelectCoin($c$):
 Pre: $c \in D, (\text{CurrentSum} + c) \le 6$
 Effect: $\text{CurrentSum} \leftarrow \text{CurrentSum} + c$
 TASK: Find the shortest sequence of actions to reach $\text{CurrentSum} = 6$.
 OUTPUT FORMAT:
 Count: [integer]
 Coins: [denomination1, denomination2, ...]
 No explanation. No other text.","Count: 2
 Coins: [3, 3]",coin change,coin_change,adversarial,Easy,high,,verify_coinchange,"{""subtype"":""CC"",""denominations"":[1,3,4,7],""target"":6,""greedy_succeeds"":false,""instance_type"":""adversarial"",""greedy_answer"":""Count: 2\n Coins: [3, 3]"",""difficulty_numeric"":4,""critical_step_index"":0}",
CC_02,canonical,"""You have coins with the following denominations: [1, 5, 6, 9]. You need to make exact change for 11 using the minimum number of coins. You may use each denomination any number of times.
 What is the minimum number of coins needed and which coins do you use?
 Respond in this exact format:
 Count: [integer]
 Coins: [denomination1, denomination2, ...]
 No explanation. No other text.""","Count: 2
 Coins: [5, 6]",coin change,coin_change,adversarial,Easy,high,,verify_coinchange,"{""subtype"":""CC"",""denominations"":[1,5,6,9],""target"":11,""greedy_succeeds"":false,""instance_type"":""adversarial"",""greedy_answer"":""Count: 2\n Coins: [5, 6]"",""difficulty_numeric"":4,""critical_step_index"":0}",
CC_02,W1,"Given coin denominations of [1, 5, 6, 9], what is the smallest number of coins that can be combined to total exactly 11? Any denomination can be used more than once. Respond in this exact format: Count: [integer] Coins: [denomination1, denomination2, ...] No explanation. No other text.","Count: 2
 Coins: [5, 6]",coin change,coin_change,adversarial,Easy,high,,verify_coinchange,"{""subtype"":""CC"",""denominations"":[1,5,6,9],""target"":11,""greedy_succeeds"":false,""instance_type"":""adversarial"",""greedy_answer"":""Count: 2\n Coins: [5, 6]"",""difficulty_numeric"":4,""critical_step_index"":0}",
CC_02,W2,"---
 
 **Problem Parameters:**
 
 | Parameter | Value |
 | ----------------------- | ------------------------------------------------------------- |
 | Available denominations | [1, 5, 6, 9] |
 | Target amount | 11 |
 | Coin supply | Unlimited (each denomination can be used any number of times) |
 | Objective | Minimize the total number of coins used |
 
 **Constraints:**
 
 * You may only use the denominations listed above
 * You must reach the target amount exactly
 * Each denomination may be used multiple times
 
 Respond in this exact format:
 Count: [integer]
 Coins: [denomination1, denomination2, ...]
 No explanation. No other text.""","Count: 2
 Coins: [5, 6]",coin change,coin_change,adversarial,Easy,high,,verify_coinchange,"{""subtype"":""CC"",""denominations"":[1,5,6,9],""target"":11,""greedy_succeeds"":false,""instance_type"":""adversarial"",""greedy_answer"":""Count: 2\n Coins: [5, 6]"",""difficulty_numeric"":4,""critical_step_index"":0}",
CC_02,W3,"A chef is preparing a dish and needs to measure out exactly 11 grams of a spice. She has measuring scoops of the following sizes: 1 g, 5 g, 6 g, 9 g. She wants to use the fewest scoops possible, and can reuse any scoop size as many times as needed.
 What is the minimum number of scoops needed, and which scoop sizes does she use?
 Respond in this exact format: Total: [integer] Scoops: [denomination1, denomination2, ...] No explanation. No other text.","Total: 2
 Scoops: [5, 6]",coin change,coin_change,adversarial,Easy,high,,verify_coinchange,"{""subtype"":""CC"",""denominations"":[1,5,6,9],""target"":11,""greedy_succeeds"":false,""instance_type"":""adversarial"",""greedy_answer"":""Count: 2\n Coins: [5, 6]"",""difficulty_numeric"":4,""critical_step_index"":0}",
CC_02,W4,"FORMAL DEFINITION: $\pi = \langle D, S_0, S^*, A \rangle$
 DENOMINATIONS: $D = \{1, 5, 6, 9\}$
 INITIAL STATE $S_0$: $\text{CurrentSum} = 0$
 GOAL STATE $S^*$: $\text{CurrentSum} = 11$
 ACTIONS:
 SelectCoin($c$):
 Pre: $c \in D, (\text{CurrentSum} + c) \le 11$
 Effect: $\text{CurrentSum} \leftarrow \text{CurrentSum} + c$
 TASK: Find the shortest sequence of actions to reach $\text{CurrentSum} = 11$.
 OUTPUT FORMAT:
 Count: [integer]
 Coins: [denomination1, denomination2, ...]
 No explanation. No other text.","Count: 2
 Coins: [5, 6]",coin change,coin_change,adversarial,Easy,high,,verify_coinchange,"{""subtype"":""CC"",""denominations"":[1,5,6,9],""target"":11,""greedy_succeeds"":false,""instance_type"":""adversarial"",""greedy_answer"":""Count: 2\n Coins: [5, 6]"",""difficulty_numeric"":4,""critical_step_index"":0}",
CC_03,canonical,"""You have coins with the following denominations: [1, 6, 7, 9, 11]. You need to make exact change for 13 using the minimum number of coins. You may use each denomination any number of times.
 What is the minimum number of coins needed and which coins do you use?
 Respond in this exact format:
 Count: [integer]
 Coins: [denomination1, denomination2, ...]
 No explanation. No other text.""","Count: 2
 Coins: [6, 7]",coin change,coin_change,adversarial,Medium,medium,,verify_coinchange,"{""subtype"":""CC"",""denominations"":[1,6,7,9,11],""target"":13,""greedy_succeeds"":false,""instance_type"":""adversarial"",""greedy_answer"":""Count: 2\n Coins: [6, 7]"",""difficulty_numeric"":5,""critical_step_index"":0}",
CC_03,W1,"With coins of denominations [1, 6, 7, 9, 11] at your disposal, find the minimum number of coins required to reach a total of exactly 13. Denominations may be reused any number of times. Respond in this exact format: Count: [integer] Coins: [denomination1, denomination2, ...] No explanation. No other text.","Count: 2
 Coins: [6, 7]",coin change,coin_change,adversarial,Medium,medium,,verify_coinchange,"{""subtype"":""CC"",""denominations"":[1,6,7,9,11],""target"":13,""greedy_succeeds"":false,""instance_type"":""adversarial"",""greedy_answer"":""Count: 2\n Coins: [6, 7]"",""difficulty_numeric"":5,""critical_step_index"":0}",
CC_03,W2,"---
 
 **Problem Parameters:**
 
 | Parameter | Value |
 | ----------------------- | ------------------------------------------------------------- |
 | Available denominations | [1, 6, 7, 9, 11] |
 | Target amount | 13 |
 | Coin supply | Unlimited (each denomination can be used any number of times) |
 | Objective | Minimize the total number of coins used |
 
 **Constraints:**
 
 * You may only use the denominations listed above
 * You must reach the target amount exactly
 * Each denomination may be used multiple times
 
 Respond in this exact format:
 Count: [integer]
 Coins: [denomination1, denomination2, ...]
 No explanation. No other text.""","Count: 2
 Coins: [6, 7]",coin change,coin_change,adversarial,Medium,medium,,verify_coinchange,"{""subtype"":""CC"",""denominations"":[1,6,7,9,11],""target"":13,""greedy_succeeds"":false,""instance_type"":""adversarial"",""greedy_answer"":""Count: 2\n Coins: [6, 7]"",""difficulty_numeric"":5,""critical_step_index"":0}",
CC_03,W3,"A chef is preparing a dish and needs to measure out exactly 13 grams of a spice. She has measuring scoops of the following sizes: 1 g, 6 g, 7 g, 9 g, 11 g. She wants to use the fewest scoops possible, and can reuse any scoop size as many times as needed.
 What is the minimum number of scoops needed, and which scoop sizes does she use?
 Respond in this exact format: Total: [integer] Scoops: [denomination1, denomination2, ...] No explanation. No other text.","Total: 2
 Scoops: [6, 7]",coin change,coin_change,adversarial,Medium,medium,,verify_coinchange,"{""subtype"":""CC"",""denominations"":[1,6,7,9,11],""target"":13,""greedy_succeeds"":false,""instance_type"":""adversarial"",""greedy_answer"":""Count: 2\n Coins: [6, 7]"",""difficulty_numeric"":5,""critical_step_index"":0}",
CC_03,W4,"FORMAL DEFINITION: $\pi = \langle D, S_0, S^*, A \rangle$
 DENOMINATIONS: $D = \{1, 6, 7, 9, 11\}$
 INITIAL STATE $S_0$: $\text{CurrentSum} = 0$
 GOAL STATE $S^*$: $\text{CurrentSum} = 13$
 ACTIONS:
 SelectCoin($c$):
 Pre: $c \in D, (\text{CurrentSum} + c) \le 13$
 Effect: $\text{CurrentSum} \leftarrow \text{CurrentSum} + c$
 TASK: Find the shortest sequence of actions to reach $\text{CurrentSum} = 13$.
 OUTPUT FORMAT:
 Count: [integer]
 Coins: [denomination1, denomination2, ...]
 No explanation. No other text.","Count: 2
 Coins: [6, 7]",coin change,coin_change,adversarial,Medium,medium,,verify_coinchange,"{""subtype"":""CC"",""denominations"":[1,6,7,9,11],""target"":13,""greedy_succeeds"":false,""instance_type"":""adversarial"",""greedy_answer"":""Count: 2\n Coins: [6, 7]"",""difficulty_numeric"":5,""critical_step_index"":0}",
CC_04,canonical,"""You have coins with the following denominations: [1, 7, 10, 14, 17, 23]. You need to make exact change for 27 using the minimum number of coins. You may use each denomination any number of times.
 What is the minimum number of coins needed and which coins do you use?
 Respond in this exact format:
 Count: [integer]
 Coins: [denomination1, denomination2, ...]
 No explanation. No other text.""","Count: 2
Coins: [17, 10]",coin change,coin_change,adversarial,Medium,low,,verify_coinchange,"{""subtype"":""CC"",""denominations"":[1,7,10,14,17,23],""target"":27,""greedy_succeeds"":false,""instance_type"":""adversarial"",""greedy_answer"":""Count: 2\nCoins: [17, 10]"",""difficulty_numeric"":6,""critical_step_index"":0}",
CC_04,W1,"Using coins from the denominations [1, 7, 10, 14, 17, 23], what is the least number of coins needed to make exactly 27? Each denomination can be used as many times as necessary. Respond in this exact format: Count: [integer] Coins: [denomination1, denomination2, ...] No explanation. No other text.","Count: 2
Coins: [17, 10]",coin change,coin_change,adversarial,Medium,low,,verify_coinchange,"{""subtype"":""CC"",""denominations"":[1,7,10,14,17,23],""target"":27,""greedy_succeeds"":false,""instance_type"":""adversarial"",""greedy_answer"":""Count: 2\nCoins: [17, 10]"",""difficulty_numeric"":6,""critical_step_index"":0}",
CC_04,W2," **Problem Parameters:**
 
 | Parameter | Value |
 | ----------------------- | ------------------------------------------------------------- |
 | Available denominations | [1, 7, 10, 14, 17, 23] |
 | Target amount | 27 |
 | Coin supply | Unlimited (each denomination can be used any number of times) |
 | Objective | Minimize the total number of coins used |
 
 **Constraints:**
 
 * You may only use the denominations listed above
 * You must reach the target amount exactly
 * Each denomination may be used multiple times
 
 Respond in this exact format:
 Count: [integer]
 Coins: [denomination1, denomination2, ...]
 No explanation. No other text.""","Count: 2
Coins: [17, 10]",coin change,coin_change,adversarial,Medium,low,,verify_coinchange,"{""subtype"":""CC"",""denominations"":[1,7,10,14,17,23],""target"":27,""greedy_succeeds"":false,""instance_type"":""adversarial"",""greedy_answer"":""Count: 2\nCoins: [17, 10]"",""difficulty_numeric"":6,""critical_step_index"":0}",
CC_04,W3,"""A chef is preparing a dish and needs to measure out exactly 27 grams of a spice. She has measuring scoops of the following sizes: 1 g, 7 g, 10 g, 14 g, 17 g, 23 g. She wants to use the fewest scoops possible, and can reuse any scoop size as many times as needed.
 What is the minimum number of scoops needed, and which scoop sizes does she use?
 Respond in this exact format: Total: [integer] Scoops: [denomination1, denomination2, ...] No explanation. No other text.""","Total: 2
Scoops: [17, 10]",coin change,coin_change,adversarial,Medium,low,,verify_coinchange,"{""subtype"":""CC"",""denominations"":[1,7,10,14,17,23],""target"":27,""greedy_succeeds"":false,""instance_type"":""adversarial"",""greedy_answer"":""Count: 2\nCoins: [17, 10]"",""difficulty_numeric"":6,""critical_step_index"":0}",
CC_04,W4,"FORMAL DEFINITION: $\pi = \langle D, S_0, S^*, A \rangle$
 DENOMINATIONS: $D = \{1, 7, 10, 14, 17, 23\}$
 INITIAL STATE $S_0$: $\text{CurrentSum} = 0$
 GOAL STATE $S^*$: $\text{CurrentSum} = 27$
 ACTIONS:
 SelectCoin($c$):
 Pre: $c \in D, (CurrentSum + c) <= 27$
 Effect: $\text{CurrentSum} \leftarrow \text{CurrentSum} + c$
 TASK: Find the shortest sequence of actions to reach CurrentSum = 27.
 OUTPUT FORMAT:
 Count: [integer]
 Coins: [denomination1, denomination2, ...]
 No explanation. No other text.","Count: 2
Coins: [17, 10]",coin change,coin_change,adversarial,Medium,low,,verify_coinchange,"{""subtype"":""CC"",""denominations"":[1,7,10,14,17,23],""target"":27,""greedy_succeeds"":false,""instance_type"":""adversarial"",""greedy_answer"":""Count: 2\nCoins: [17, 10]"",""difficulty_numeric"":6,""critical_step_index"":0}",
CC_05,canonical,"""You have coins with the following denominations: [1, 4, 6, 7, 11]. You need to make exact change for 14 using the minimum number of coins. You may use each denomination any number of times.
 What is the minimum number of coins needed and which coins do you use?
 Respond in this exact format:
 Count: [integer]
 Coins: [denomination1, denomination2, ...]
 No explanation. No other text.""","Count: 2
 Coins: [7, 7]",coin change,coin_change,adversarial,Hard,low,,verify_coinchange,"{""subtype"":""CC"",""denominations"":[1,4,6,7,11],""target"":14,""greedy_succeeds"":false,""instance_type"":""adversarial"",""greedy_answer"":""Count: 2\n Coins: [7, 7]"",""difficulty_numeric"":5,""critical_step_index"":0}",
CC_05,W1,"From the denominations [1, 4, 6, 7, 11], determine the minimum number of coins that sum to exactly 14. You are free to use any denomination multiple times. Respond in this exact format: Count: [integer] Coins: [denomination1, denomination2, ...] No explanation. No other text.","Count: 2
 Coins: [7, 7]",coin change,coin_change,adversarial,Hard,low,,verify_coinchange,"{""subtype"":""CC"",""denominations"":[1,4,6,7,11],""target"":14,""greedy_succeeds"":false,""instance_type"":""adversarial"",""greedy_answer"":""Count: 2\n Coins: [7, 7]"",""difficulty_numeric"":5,""critical_step_index"":0}",
CC_05,W2," **Problem Parameters:**
 
 | Parameter | Value |
 | ----------------------- | ------------------------------------------------------------- |
 | Available denominations | [1, 4, 6, 7, 11] |
 | Target amount | 14 |
 | Coin supply | Unlimited (each denomination can be used any number of times) |
 | Objective | Minimize the total number of coins used |
 
 **Constraints:**
 
 * You may only use the denominations listed above
 * You must reach the target amount exactly
 * Each denomination may be used multiple times
 
 Respond in this exact format:
 Count: [integer]
 Coins: [denomination1, denomination2, ...]
 No explanation. No other text.""","Count: 2
 Coins: [7, 7]",coin change,coin_change,adversarial,Hard,low,,verify_coinchange,"{""subtype"":""CC"",""denominations"":[1,4,6,7,11],""target"":14,""greedy_succeeds"":false,""instance_type"":""adversarial"",""greedy_answer"":""Count: 2\n Coins: [7, 7]"",""difficulty_numeric"":5,""critical_step_index"":0}",
CC_05,W3,"""A chef is preparing a dish and needs to measure out exactly 14 grams of a spice. She has measuring scoops of the following sizes: 1 g, 4 g, 6 g, 7 g, 11 g. She wants to use the fewest scoops possible, and can reuse any scoop size as many times as needed.
 What is the minimum number of scoops needed, and which scoop sizes does she use?
 Respond in this exact format: Total: [integer] Scoops: [denomination1, denomination2, ...] No explanation. No other text.""","Total: 2
 Scoops: [7, 7]",coin change,coin_change,adversarial,Hard,low,,verify_coinchange,"{""subtype"":""CC"",""denominations"":[1,4,6,7,11],""target"":14,""greedy_succeeds"":false,""instance_type"":""adversarial"",""greedy_answer"":""Count: 2\n Coins: [7, 7]"",""difficulty_numeric"":5,""critical_step_index"":0}",
CC_05,W4,"FORMAL DEFINITION: $\pi = \langle D, S_0, S^*, A \rangle$
 DENOMINATIONS: $D = \{1, 4, 6, 7, 11\}$
 INITIAL STATE $S_0$: $\text{CurrentSum} = 0$
 GOAL STATE $S^*$: $\text{CurrentSum} = 14$
 ACTIONS:
 SelectCoin($c$):
 Pre: $c \in D, (CurrentSum + c) <= 14$
 Effect: $\text{CurrentSum} \leftarrow \text{CurrentSum} + c$
 TASK: Find the shortest sequence of actions to reach CurrentSum = 14.
 OUTPUT FORMAT:
 Count: [integer]
 Coins: [denomination1, denomination2, ...]
 No explanation. No other text.","Count: 2
 Coins: [7, 7]",coin change,coin_change,adversarial,Hard,low,,verify_coinchange,"{""subtype"":""CC"",""denominations"":[1,4,6,7,11],""target"":14,""greedy_succeeds"":false,""instance_type"":""adversarial"",""greedy_answer"":""Count: 2\n Coins: [7, 7]"",""difficulty_numeric"":5,""critical_step_index"":0}",
CC_06,canonical,"""You have coins with the following denominations: [1, 7, 8, 12, 15]. You need to make exact change for 26 using the minimum number of coins. You may use each denomination any number of times.
 What is the minimum number of coins needed and which coins do you use?
 Respond in this exact format:
 Count: [integer]
 Coins: [denomination1, denomination2, ...]
 No explanation. No other text.""","Count: 3
 Coins: [12, 7, 7]",coin change,coin_change,adversarial,Hard,low,,verify_coinchange,"{""subtype"":""CC"",""denominations"":[1,7,8,12,15],""target"":26,""greedy_succeeds"":false,""instance_type"":""adversarial"",""greedy_answer"":""Count: 3\n Coins: [12, 7, 7]"",""difficulty_numeric"":5,""critical_step_index"":0}",
CC_06,W1,"Given that the available denominations are [1, 7, 8, 12, 15], what is the fewest number of coins that can be used to make exact change for 26? Repetition of denominations is allowed. Respond in this exact format: Count: [integer] Coins: [denomination1, denomination2, ...] No explanation. No other text.","Count: 3
 Coins: [12, 7, 7]",coin change,coin_change,adversarial,Hard,low,,verify_coinchange,"{""subtype"":""CC"",""denominations"":[1,7,8,12,15],""target"":26,""greedy_succeeds"":false,""instance_type"":""adversarial"",""greedy_answer"":""Count: 3\n Coins: [12, 7, 7]"",""difficulty_numeric"":5,""critical_step_index"":0}",
CC_06,W2,"---
 
 **Problem Parameters:**
 
 | Parameter | Value |
 | ----------------------- | ------------------------------------------------------------- |
 | Available denominations | [1, 7, 8, 12, 15] |
 | Target amount | 26 |
 | Coin supply | Unlimited (each denomination can be used any number of times) |
 | Objective | Minimize the total number of coins used |
 
 **Constraints:**
 
 * You may only use the denominations listed above
 * You must reach the target amount exactly
 * Each denomination may be used multiple times
 
 Respond in this exact format:
 Count: [integer]
 Coins: [denomination1, denomination2, ...]
 No explanation. No other text.""","Count: 3
 Coins: [12, 7, 7]",coin change,coin_change,adversarial,Hard,low,,verify_coinchange,"{""subtype"":""CC"",""denominations"":[1,7,8,12,15],""target"":26,""greedy_succeeds"":false,""instance_type"":""adversarial"",""greedy_answer"":""Count: 3\n Coins: [12, 7, 7]"",""difficulty_numeric"":5,""critical_step_index"":0}",
CC_06,W3,"""A chef is preparing a dish and needs to measure out exactly 26 grams of a spice. She has measuring scoops of the following sizes: 1 g, 7 g, 8 g, 12 g, 15g. She wants to use the fewest scoops possible, and can reuse any scoop size as many times as needed.
 What is the minimum number of scoops needed, and which scoop sizes does she use?
 Respond in this exact format: Total: [integer] Scoops: [denomination1, denomination2, ...] No explanation. No other text.""","Total: 3
 Scoops: [12, 7, 7]",coin change,coin_change,adversarial,Hard,low,,verify_coinchange,"{""subtype"":""CC"",""denominations"":[1,7,8,12,15],""target"":26,""greedy_succeeds"":false,""instance_type"":""adversarial"",""greedy_answer"":""Count: 3\n Coins: [12, 7, 7]"",""difficulty_numeric"":5,""critical_step_index"":0}",
CC_06,W4,"FORMAL DEFINITION: $\pi = \langle D, S_0, S^*, A \rangle$
 DENOMINATIONS: $D = \{1, 7, 8, 12, 15\}$
 INITIAL STATE $S_0$: $\text{CurrentSum} = 0$
 GOAL STATE $S^*$: $\text{CurrentSum} = 26$
 ACTIONS:
 SelectCoin($c$):
 Pre: $c \in D, (\text{CurrentSum} + c) \le 26$
 Effect: $\text{CurrentSum} \leftarrow \text{CurrentSum} + c$
 TASK: Find the shortest sequence of actions to reach $\text{CurrentSum} = 26$.
 OUTPUT FORMAT:
 Count: [integer]
 Coins: [denomination1, denomination2, ...]
 No explanation. No other text.","Count: 3
 Coins: [12, 7, 7]",coin change,coin_change,adversarial,Hard,low,,verify_coinchange,"{""subtype"":""CC"",""denominations"":[1,7,8,12,15],""target"":26,""greedy_succeeds"":false,""instance_type"":""adversarial"",""greedy_answer"":""Count: 3\n Coins: [12, 7, 7]"",""difficulty_numeric"":5,""critical_step_index"":0}",
CC_07,canonical,"""You have coins with the following denominations: [1, 4, 5, 8, 9]. You need to make exact change for 12 using the minimum number of coins. You may use each denomination any number of times.
 What is the minimum number of coins needed and which coins do you use?
 Respond in this exact format:
 Count: [integer]
 Coins: [denomination1, denomination2, ...]
 No explanation. No other text.""","Count: 2
Coins: [8, 4]",coin change,coin_change,adversarial,Hard,low,,verify_coinchange,"{""subtype"":""CC"",""denominations"":[1,4,5,8,9],""target"":12,""greedy_succeeds"":false,""instance_type"":""adversarial"",""greedy_answer"":""Count: 2\nCoins: [8, 4]"",""difficulty_numeric"":5,""critical_step_index"":0}",
CC_07,W1,"With denominations [1, 4, 5, 8, 9] available, what is the minimum number of coins required to total exactly 12? Each denomination may be used any number of times. Respond in this exact format: Count: [integer] Coins: [denomination1, denomination2, ...] No explanation. No other text.","Count: 2
Coins: [8, 4]",coin change,coin_change,adversarial,Hard,low,,verify_coinchange,"{""subtype"":""CC"",""denominations"":[1,4,5,8,9],""target"":12,""greedy_succeeds"":false,""instance_type"":""adversarial"",""greedy_answer"":""Count: 2\nCoins: [8, 4]"",""difficulty_numeric"":5,""critical_step_index"":0}",
CC_07,W2,"---
 
 **Problem Parameters:**
 
 | Parameter | Value |
 | ----------------------- | ------------------------------------------------------------- |
 | Available denominations | [1, 4, 5, 8, 9] |
 | Target amount | 12 |
 | Coin supply | Unlimited (each denomination can be used any number of times) |
 | Objective | Minimize the total number of coins used |
 
 **Constraints:**
 
 * You may only use the denominations listed above
 * You must reach the target amount exactly
 * Each denomination may be used multiple times
 
 Respond in this exact format:
 Count: [integer]
 Coins: [denomination1, denomination2, ...]
 No explanation. No other text.""","Count: 2
Coins: [8, 4]",coin change,coin_change,adversarial,Hard,low,,verify_coinchange,"{""subtype"":""CC"",""denominations"":[1,4,5,8,9],""target"":12,""greedy_succeeds"":false,""instance_type"":""adversarial"",""greedy_answer"":""Count: 2\nCoins: [8, 4]"",""difficulty_numeric"":5,""critical_step_index"":0}",
CC_07,W3,"""A chef is preparing a dish and needs to measure out exactly 12 grams of a spice. She has measuring scoops of the following sizes: 1 g, 4 g, 5 g, 8 g, 9 g. She wants to use the fewest scoops possible, and can reuse any scoop size as many times as needed.
 What is the minimum number of scoops needed, and which scoop sizes does she use?
 Respond in this exact format: Total: [integer] Scoops: [denomination1, denomination2, ...] No explanation. No other text.""","Total: 2
Scoops: [8, 4]",coin change,coin_change,adversarial,Hard,low,,verify_coinchange,"{""subtype"":""CC"",""denominations"":[1,4,5,8,9],""target"":12,""greedy_succeeds"":false,""instance_type"":""adversarial"",""greedy_answer"":""Count: 2\nCoins: [8, 4]"",""difficulty_numeric"":5,""critical_step_index"":0}",
CC_07,W4,"FORMAL DEFINITION: $\pi = \langle D, S_0, S^*, A \rangle$
 DENOMINATIONS: $D = \{1, 4, 5, 8, 9\}$
 INITIAL STATE $S_0$: $\text{CurrentSum} = 0$
 GOAL STATE $S^*$: $\text{CurrentSum} = 12$
 ACTIONS:
 SelectCoin($c$):
 Pre: $c \in D, (\text{CurrentSum} + c) \le 12$
 Effect: $\text{CurrentSum} \leftarrow \text{CurrentSum} + c$
 TASK: Find the shortest sequence of actions to reach $\text{CurrentSum} = 12$.
 OUTPUT FORMAT:
 Count: [integer]
 Coins: [denomination1, denomination2, ...]
 No explanation. No other text.","Count: 2
Coins: [8, 4]",coin change,coin_change,adversarial,Hard,low,,verify_coinchange,"{""subtype"":""CC"",""denominations"":[1,4,5,8,9],""target"":12,""greedy_succeeds"":false,""instance_type"":""adversarial"",""greedy_answer"":""Count: 2\nCoins: [8, 4]"",""difficulty_numeric"":5,""critical_step_index"":0}",
CC_08,canonical,"""You have coins with the following denominations: [1, 6, 10, 15, 25]. You need to make exact change for 30 using the minimum number of coins. You may use each denomination any number of times.
 What is the minimum number of coins needed and which coins do you use?
 Respond in this exact format:
 Count: [integer]
 Coins: [denomination1, denomination2, ...]
 No explanation. No other text.""","Count: 2
 Coins: [15, 15]",coin change,coin_change,adversarial,Easy,high,,verify_coinchange,"{""subtype"":""CC"",""denominations"":[1,6,10,15,25],""target"":30,""greedy_succeeds"":false,""instance_type"":""adversarial"",""greedy_answer"":""Count: 2\n Coins: [15, 15]"",""difficulty_numeric"":5,""critical_step_index"":0}",
CC_08,W1,"Using only coins from the denominations [1, 6, 10, 15, 25], what is the smallest number of coins that combine to make exactly 30? Any denomination can be used more than once. Respond in this exact format: Count: [integer] Coins: [denomination1, denomination2, ...] No explanation. No other text.","Count: 2
 Coins: [15, 15]",coin change,coin_change,adversarial,Easy,high,,verify_coinchange,"{""subtype"":""CC"",""denominations"":[1,6,10,15,25],""target"":30,""greedy_succeeds"":false,""instance_type"":""adversarial"",""greedy_answer"":""Count: 2\n Coins: [15, 15]"",""difficulty_numeric"":5,""critical_step_index"":0}",
CC_08,W2,"---
 
 **Problem Parameters:**
 
 | Parameter | Value |
 | ----------------------- | ------------------------------------------------------------- |
 | Available denominations | [1, 6, 10, 15, 25] |
 | Target amount | 30 |
 | Coin supply | Unlimited (each denomination can be used any number of times) |
 | Objective | Minimize the total number of coins used |
 
 **Constraints:**
 
 * You may only use the denominations listed above
 * You must reach the target amount exactly
 * Each denomination may be used multiple times
 
 Respond in this exact format:
 Count: [integer]
 Coins: [denomination1, denomination2, ...]
 No explanation. No other text.""","Count: 2
 Coins: [15, 15]",coin change,coin_change,adversarial,Easy,high,,verify_coinchange,"{""subtype"":""CC"",""denominations"":[1,6,10,15,25],""target"":30,""greedy_succeeds"":false,""instance_type"":""adversarial"",""greedy_answer"":""Count: 2\n Coins: [15, 15]"",""difficulty_numeric"":5,""critical_step_index"":0}",
CC_08,W3,"""A chef is preparing a dish and needs to measure out exactly 30 grams of a spice. She has measuring scoops of the following sizes: 1 g, 6 g, 10 g, 15 g, 25 g. She wants to use the fewest scoops possible, and can reuse any scoop size as many times as needed.
 What is the minimum number of scoops needed, and which scoop sizes does she use?
 Respond in this exact format: Total: [integer] Scoops: [denomination1, denomination2, ...] No explanation. No other text.""","Total: 2
 Scoops: [15, 15]",coin change,coin_change,adversarial,Easy,high,,verify_coinchange,"{""subtype"":""CC"",""denominations"":[1,6,10,15,25],""target"":30,""greedy_succeeds"":false,""instance_type"":""adversarial"",""greedy_answer"":""Count: 2\n Coins: [15, 15]"",""difficulty_numeric"":5,""critical_step_index"":0}",
CC_08,W4,"FORMAL DEFINITION: $\pi = \langle D, S_0, S^*, A \rangle$
 DENOMINATIONS: $D = \{1, 6, 10, 15, 25\}$
 INITIAL STATE $S_0$: $\text{CurrentSum} = 0$
 GOAL STATE $S^*$: $\text{CurrentSum} = 30$
 ACTIONS:
 SelectCoin($c$):
 Pre: $c \in D, (\text{CurrentSum} + c) \le 30$
 Effect: $\text{CurrentSum} \leftarrow \text{CurrentSum} + c$
 TASK: Find the shortest sequence of actions to reach $\text{CurrentSum} = 30$.
 OUTPUT FORMAT:
 Count: [integer]
 Coins: [denomination1, denomination2, ...]
 No explanation. No other text.","Count: 2
 Coins: [15, 15]",coin change,coin_change,adversarial,Easy,high,,verify_coinchange,"{""subtype"":""CC"",""denominations"":[1,6,10,15,25],""target"":30,""greedy_succeeds"":false,""instance_type"":""adversarial"",""greedy_answer"":""Count: 2\n Coins: [15, 15]"",""difficulty_numeric"":5,""critical_step_index"":0}",
CC_09,canonical,"""You have coins with the following denominations: [7, 11, 17, 31, 67, 197]. You need to make exact change for 423 using the minimum number of coins. You may use each denomination any number of times.
 What is the minimum number of coins needed and which coins do you use?
 Respond in this exact format:
 Count: [integer]
 Coins: [denomination1, denomination2, ...]
 No explanation. No other text.""","Count: 5
 Coins: [197, 197, 11, 11, 7]",coin change,coin_change,adversarial,Medium,low,,verify_coinchange,"{""subtype"":""CC"",""denominations"":[7,11,17,31,67,197],""target"":423,""greedy_succeeds"":false,""instance_type"":""adversarial"",""greedy_answer"":""Count: 5\n Coins: [197, 197, 11, 11, 7]"",""difficulty_numeric"":6,""critical_step_index"":2}",
CC_09,W1,"From the set of coin denominations [7, 11, 17, 31, 67, 197], find the fewest coins that add up to exactly 423. You may reuse any denomination as many times as needed. Respond in this exact format: Count: [integer] Coins: [denomination1, denomination2, ...] No explanation. No other text.","Count: 5
 Coins: [197, 197, 11, 11, 7]",coin change,coin_change,adversarial,Medium,low,,verify_coinchange,"{""subtype"":""CC"",""denominations"":[7,11,17,31,67,197],""target"":423,""greedy_succeeds"":false,""instance_type"":""adversarial"",""greedy_answer"":""Count: 5\n Coins: [197, 197, 11, 11, 7]"",""difficulty_numeric"":6,""critical_step_index"":2}",
CC_09,W2,"---
 
 **Problem Parameters:**
 
 | Parameter | Value |
 | ----------------------- | ------------------------------------------------------------- |
 | Available denominations | [7, 11, 17, 31, 67, 197] |
 | Target amount | 423 |
 | Coin supply | Unlimited (each denomination can be used any number of times) |
 | Objective | Minimize the total number of coins used |
 
 **Constraints:**
 
 * You may only use the denominations listed above
 * You must reach the target amount exactly
 * Each denomination may be used multiple times
 
 Respond in this exact format:
 Count: [integer]
 Coins: [denomination1, denomination2, ...]
 No explanation. No other text.""","Count: 5
 Coins: [197, 197, 11, 11, 7]",coin change,coin_change,adversarial,Medium,low,,verify_coinchange,"{""subtype"":""CC"",""denominations"":[7,11,17,31,67,197],""target"":423,""greedy_succeeds"":false,""instance_type"":""adversarial"",""greedy_answer"":""Count: 5\n Coins: [197, 197, 11, 11, 7]"",""difficulty_numeric"":6,""critical_step_index"":2}",
CC_09,W3,"""A chef is preparing a dish and needs to measure out exactly 423 grams of a spice. She has measuring scoops of the following sizes: 7 g, 11 g, 17 g, 31 g, 67 g, 197 g. She wants to use the fewest scoops possible, and can reuse any scoop size as many times as needed.
 What is the minimum number of scoops needed, and which scoop sizes does she use?
 Respond in this exact format: Total: [integer] Scoops: [denomination1, denomination2, ...] No explanation. No other text.""","Total: 5
 Scoops: [197, 197, 11, 11, 7]",coin change,coin_change,adversarial,Medium,low,,verify_coinchange,"{""subtype"":""CC"",""denominations"":[7,11,17,31,67,197],""target"":423,""greedy_succeeds"":false,""instance_type"":""adversarial"",""greedy_answer"":""Count: 5\n Coins: [197, 197, 11, 11, 7]"",""difficulty_numeric"":6,""critical_step_index"":2}",
CC_09,W4,"FORMAL DEFINITION: $\pi = \langle D, S_0, S^*, A \rangle$
 DENOMINATIONS: $D = \{7, 11, 17, 31, 67, 197\}$
 INITIAL STATE $S_0$: $\text{CurrentSum} = 0$
 GOAL STATE $S^*$: $\text{CurrentSum} = 423$
 ACTIONS:
 SelectCoin($c$):
 Pre: $c \in D, (\text{CurrentSum} + c) \le 423$
 Effect: $\text{CurrentSum} \leftarrow \text{CurrentSum} + c$
 TASK: Find the shortest sequence of actions to reach $\text{CurrentSum} = 423$.
 OUTPUT FORMAT:
 Count: [integer]
 Coins: [denomination1, denomination2, ...]
 No explanation. No other text.","Count: 5
 Coins: [197, 197, 11, 11, 7]",coin change,coin_change,adversarial,Medium,low,,verify_coinchange,"{""subtype"":""CC"",""denominations"":[7,11,17,31,67,197],""target"":423,""greedy_succeeds"":false,""instance_type"":""adversarial"",""greedy_answer"":""Count: 5\n Coins: [197, 197, 11, 11, 7]"",""difficulty_numeric"":6,""critical_step_index"":2}",
CC_10,canonical,"""You have coins with the following denominations: [7, 11, 17, 31, 67, 197, 201]. You need to make exact change for 965 using the minimum number of coins. You may use each denomination any number of times.
 What is the minimum number of coins needed and which coins do you use?
 Respond in this exact format:
 Count: [integer]
 Coins: [denomination1, denomination2, ...]
 No explanation. No other text.""","Count: 7
 Coins: [201, 201, 201, 197, 67, 67, 31]",coin change,coin_change,adversarial,Medium,low,,verify_coinchange,"{""subtype"":""CC"",""denominations"":[7,11,17,31,67,197,201],""target"":965,""greedy_succeeds"":false,""instance_type"":""adversarial"",""greedy_answer"":""Count: 7\n Coins: [201, 201, 201, 197, 67, 67, 31]"",""difficulty_numeric"":7,""critical_step_index"":3}",
CC_10,W1,"Given denominations [7, 11, 17, 31, 67, 197, 201], what is the minimum number of coins needed to reach a total of exactly 965? Each denomination is available for unlimited use. Respond in this exact format: Count: [integer] Coins: [denomination1, denomination2, ...] No explanation. No other text.","Count: 7
 Coins: [201, 201, 201, 197, 67, 67, 31]",coin change,coin_change,adversarial,Medium,low,,verify_coinchange,"{""subtype"":""CC"",""denominations"":[7,11,17,31,67,197,201],""target"":965,""greedy_succeeds"":false,""instance_type"":""adversarial"",""greedy_answer"":""Count: 7\n Coins: [201, 201, 201, 197, 67, 67, 31]"",""difficulty_numeric"":7,""critical_step_index"":3}",
CC_10,W2,"---
 
 **Problem Parameters:**
 
 | Parameter | Value |
 | ----------------------- | ------------------------------------------------------------- |
 | Available denominations | [7, 11, 17, 31, 67, 197, 201] |
 | Target amount | 965 |
 | Coin supply | Unlimited (each denomination can be used any number of times) |
 | Objective | Minimize the total number of coins used |
 
 **Constraints:**
 
 * You may only use the denominations listed above
 * You must reach the target amount exactly
 * Each denomination may be used multiple times
 
 Respond in this exact format: Count: [integer] Coins: [denomination1, denomination2, ...] No explanation. No other text.""","Count: 7
 Coins: [201, 201, 201, 197, 67, 67, 31]",coin change,coin_change,adversarial,Medium,low,,verify_coinchange,"{""subtype"":""CC"",""denominations"":[7,11,17,31,67,197,201],""target"":965,""greedy_succeeds"":false,""instance_type"":""adversarial"",""greedy_answer"":""Count: 7\n Coins: [201, 201, 201, 197, 67, 67, 31]"",""difficulty_numeric"":7,""critical_step_index"":3}",
CC_10,W3,"""A chef is preparing a dish and needs to measure out exactly 965 grams of a spice. She has measuring scoops of the following sizes: 7 g, 11 g, 17 g, 31 g, 67 g, 197 g, 201 g. She wants to use the fewest scoops possible, and can reuse any scoop size as many times as needed.
 What is the minimum number of scoops needed, and which scoop sizes does she use?
 Respond in this exact format: Total: [integer] Scoops: [denomination1, denomination2, ...] No explanation. No other text.""","Total: 7
 Scoops: [201, 201, 201, 197, 67, 67, 31]",coin change,coin_change,adversarial,Medium,low,,verify_coinchange,"{""subtype"":""CC"",""denominations"":[7,11,17,31,67,197,201],""target"":965,""greedy_succeeds"":false,""instance_type"":""adversarial"",""greedy_answer"":""Count: 7\n Coins: [201, 201, 201, 197, 67, 67, 31]"",""difficulty_numeric"":7,""critical_step_index"":3}",
CC_10,W4,"FORMAL DEFINITION: $\pi = \langle D, S_0, S^*, A \rangle$
 DENOMINATIONS: $D = \{7, 11, 17, 31, 67, 197, 201\}$
 INITIAL STATE $S_0$: $\text{CurrentSum} = 0$
 GOAL STATE $S^*$: $\text{CurrentSum} = 965$
 ACTIONS:
 SelectCoin($c$):
 Pre: $c \in D, (\text{CurrentSum} + c) \le 965$
 Effect: $\text{CurrentSum} \leftarrow \text{CurrentSum} + c$
 TASK: Find the shortest sequence of actions to reach $\text{CurrentSum} = 965$.
 OUTPUT FORMAT:
 Count: [integer]
 Coins: [denomination1, denomination2, ...]
 No explanation. No other text.","Count: 7
 Coins: [201, 201, 201, 197, 67, 67, 31]",coin change,coin_change,adversarial,Medium,low,,verify_coinchange,"{""subtype"":""CC"",""denominations"":[7,11,17,31,67,197,201],""target"":965,""greedy_succeeds"":false,""instance_type"":""adversarial"",""greedy_answer"":""Count: 7\n Coins: [201, 201, 201, 197, 67, 67, 31]"",""difficulty_numeric"":7,""critical_step_index"":3}",
SP_001,canonical,"A delivery driver starts their shift at Warehouse 0 and needs to deliver a 
package to Customer 11 across a city of 12 locations (0-11). Every road is 
one-way. The one-way road network and travel times in minutes are:

- Warehouse 0 to Depot 2: 3 mins
- Warehouse 0 to Stopover 5: 8 mins
- Warehouse 0 to Suburb 1: 6 mins
- Suburb 1 to Junction 3: 4 mins
- Suburb 1 to Overpass 6: 7 mins
- Depot 2 to Parkway 4: 5 mins
- Depot 2 to Overpass 6: 9 mins
- Junction 3 to Terminal 7: 3 mins
- Junction 3 to Shelter 8: 6 mins
- Parkway 4 to Terminal 7: 8 mins
- Parkway 4 to Bypass 9: 4 mins
- Stopover 5 to Bypass 9: 3 mins
- Stopover 5 to Crossing 10: 6 mins
- Overpass 6 to Crossing 10: 4 mins
- Overpass 6 to Shelter 8: 5 mins
- Terminal 7 to Customer 11: 6 mins
- Shelter 8 to Customer 11: 4 mins
- Bypass 9 to Crossing 10: 5 mins
- Crossing 10 to Customer 11: 3 mins
- Junction 3 to Customer 11: 15 mins
- Suburb 1 to Bypass 9: 12 mins
- Warehouse 0 to Terminal 7: 18 mins
- Depot 2 to Shelter 8: 14 mins

What is the fastest route from Warehouse 0 to Customer 11, and how long 
will it take?

Reply with only the path as a sequence of nodes and the total cost.
Format: Path: X -> X -> X, Cost: X","Path: 0 → 5 → 10 → 11, Cost: 17",algorithmic,shortest_path,adversarial,Easy,medium,,Dijkstra,"{""subtype"":""SP"",""directed"":true,""source"":0,""target"":11,""graph"":[{""u"":0,""v"":2,""w"":3},{""u"":0,""v"":5,""w"":8},{""u"":0,""v"":1,""w"":6},{""u"":1,""v"":3,""w"":4},{""u"":1,""v"":6,""w"":7},{""u"":2,""v"":4,""w"":5},{""u"":2,""v"":6,""w"":9},{""u"":3,""v"":7,""w"":3},{""u"":3,""v"":8,""w"":6},{""u"":4,""v"":7,""w"":8},{""u"":4,""v"":9,""w"":4},{""u"":5,""v"":9,""w"":3},{""u"":5,""v"":10,""w"":6},{""u"":6,""v"":10,""w"":4},{""u"":6,""v"":8,""w"":5},{""u"":7,""v"":11,""w"":6},{""u"":8,""v"":11,""w"":4},{""u"":9,""v"":10,""w"":5},{""u"":10,""v"":11,""w"":3},{""u"":3,""v"":11,""w"":15},{""u"":1,""v"":9,""w"":12},{""u"":0,""v"":7,""w"":18},{""u"":2,""v"":8,""w"":14}],""num_vertices"":12,""instance_type"":""standard"",""greedy_answer"":""Path: 0 \u2192 5 \u2192 10 \u2192 11, Cost: 17"",""greedy_succeeds"":true,""difficulty_numeric"":12,""critical_step_index"":-1}","12 nodes, bidirectional"
SP_001,W1,"A courier begins their work shift at Distribution Hub 0 and must drop off a parcel to Recipient 11 across a metropolitan area containing 12 stops (numbered 0 through 11). All streets run in a single direction only. The one-way street layout and transit durations in minutes are: - Distribution Hub 0 to Sorting Center 2: 3 mins - Distribution Hub 0 to Midpoint 5: 8 mins - Distribution Hub 0 to Residential Zone 1: 6 mins - Residential Zone 1 to Interchange 3: 4 mins - Residential Zone 1 to Flyover 6: 7 mins - Sorting Center 2 to Boulevard 4: 5 mins - Sorting Center 2 to Flyover 6: 9 mins - Interchange 3 to Hub 7: 3 mins - Interchange 3 to Waystation 8: 6 mins - Boulevard 4 to Hub 7: 8 mins - Boulevard 4 to Detour 9: 4 mins - Midpoint 5 to Detour 9: 3 mins - Midpoint 5 to Intersection 10: 6 mins - Flyover 6 to Intersection 10: 4 mins - Flyover 6 to Waystation 8: 5 mins - Hub 7 to Recipient 11: 6 mins - Waystation 8 to Recipient 11: 4 mins - Detour 9 to Intersection 10: 5 mins - Intersection 10 to Recipient 11: 3 mins - Interchange 3 to Recipient 11: 15 mins - Residential Zone 1 to Detour 9: 12 mins - Distribution Hub 0 to Hub 7: 18 mins - Sorting Center 2 to Waystation 8: 14 mins What is the shortest route from Distribution Hub 0 to Recipient 11, and what will the total travel time be? Reply with only the path as a sequence of nodes and the total cost. Format: Path: X -> X -> X, Cost: X","Path: 0 → 5 → 10 → 11, Cost: 17",algorithmic,shortest_path,adversarial,Easy,medium,,Dijkstra,"{""subtype"":""SP"",""directed"":true,""source"":0,""target"":11,""graph"":[{""u"":0,""v"":2,""w"":3},{""u"":0,""v"":5,""w"":8},{""u"":0,""v"":1,""w"":6},{""u"":1,""v"":3,""w"":4},{""u"":1,""v"":6,""w"":7},{""u"":2,""v"":4,""w"":5},{""u"":2,""v"":6,""w"":9},{""u"":3,""v"":7,""w"":3},{""u"":3,""v"":8,""w"":6},{""u"":4,""v"":7,""w"":8},{""u"":4,""v"":9,""w"":4},{""u"":5,""v"":9,""w"":3},{""u"":5,""v"":10,""w"":6},{""u"":6,""v"":10,""w"":4},{""u"":6,""v"":8,""w"":5},{""u"":7,""v"":11,""w"":6},{""u"":8,""v"":11,""w"":4},{""u"":9,""v"":10,""w"":5},{""u"":10,""v"":11,""w"":3},{""u"":3,""v"":11,""w"":15},{""u"":1,""v"":9,""w"":12},{""u"":0,""v"":7,""w"":18},{""u"":2,""v"":8,""w"":14}],""num_vertices"":12,""instance_type"":""standard"",""greedy_answer"":""Path: 0 \u2192 5 \u2192 10 \u2192 11, Cost: 17"",""greedy_succeeds"":true,""difficulty_numeric"":12,""critical_step_index"":-1}","12 nodes, bidirectional"
SP_001,W2,"| From | To | Time (mins) |
|------|----|-------------|
| Warehouse 0 | Depot 2 | 3 |
| Warehouse 0 | Stopover 5 | 8 |
| Warehouse 0 | Suburb 1 | 6 |
| Suburb 1 | Junction 3 | 4 |
| Suburb 1 | Overpass 6 | 7 |
| Suburb 1 | Bypass 9 | 12 |
| Depot 2 | Parkway 4 | 5 |
| Depot 2 | Overpass 6 | 9 |
| Depot 2 | Shelter 8 | 14 |
| Junction 3 | Terminal 7 | 3 |
| Junction 3 | Shelter 8 | 6 |
| Junction 3 | Customer 11 | 15 |
| Parkway 4 | Terminal 7 | 8 |
| Parkway 4 | Bypass 9 | 4 |
| Stopover 5 | Bypass 9 | 3 |
| Stopover 5 | Crossing 10 | 6 |
| Overpass 6 | Crossing 10 | 4 |
| Overpass 6 | Shelter 8 | 5 |
| Terminal 7 | Customer 11 | 6 |
| Shelter 8 | Customer 11 | 4 |
| Bypass 9 | Crossing 10 | 5 |
| Crossing 10 | Customer 11 | 3 |
| Warehouse 0 | Terminal 7 | 18 |

**Question:** What is the fastest route from Warehouse 0 to Customer 11 in a 12-node (0–11) one-way road network? Reply as: `Path: X → X → X, Cost: X`","Path: 0 → 5 → 10 → 11, Cost: 17",algorithmic,shortest_path,adversarial,Easy,medium,,Dijkstra,"{""subtype"":""SP"",""directed"":true,""source"":0,""target"":11,""graph"":[{""u"":0,""v"":2,""w"":3},{""u"":0,""v"":5,""w"":8},{""u"":0,""v"":1,""w"":6},{""u"":1,""v"":3,""w"":4},{""u"":1,""v"":6,""w"":7},{""u"":2,""v"":4,""w"":5},{""u"":2,""v"":6,""w"":9},{""u"":3,""v"":7,""w"":3},{""u"":3,""v"":8,""w"":6},{""u"":4,""v"":7,""w"":8},{""u"":4,""v"":9,""w"":4},{""u"":5,""v"":9,""w"":3},{""u"":5,""v"":10,""w"":6},{""u"":6,""v"":10,""w"":4},{""u"":6,""v"":8,""w"":5},{""u"":7,""v"":11,""w"":6},{""u"":8,""v"":11,""w"":4},{""u"":9,""v"":10,""w"":5},{""u"":10,""v"":11,""w"":3},{""u"":3,""v"":11,""w"":15},{""u"":1,""v"":9,""w"":12},{""u"":0,""v"":7,""w"":18},{""u"":2,""v"":8,""w"":14}],""num_vertices"":12,""instance_type"":""standard"",""greedy_answer"":""Path: 0 \u2192 5 \u2192 10 \u2192 11, Cost: 17"",""greedy_succeeds"":true,""difficulty_numeric"":12,""critical_step_index"":-1}","12 nodes, bidirectional"
SP_001,W3,"""A courier sets out from Hub A and must reach Destination L, navigating through a city comprising 12 checkpoints (A through L). All streets are strictly one-directional, meaning there is no possibility of reversing along a used road. The available routes and their corresponding travel durations are: Hub A → Hub C: 3 mins, Hub A → Hub F: 8 mins, Hub A → Hub B: 6 mins, Hub B → Hub D: 4 mins, Hub B → Hub G: 7 mins, Hub C → Hub E: 5 mins, Hub C → Hub G: 9 mins, Hub D → Hub H: 3 mins, Hub D → Hub I: 6 mins, Hub E → Hub H: 8 mins, Hub E → Hub J: 4 mins, Hub F → Hub J: 3 mins, Hub F → Hub K: 6 mins, Hub G → Hub K: 4 mins, Hub G → Hub I: 5 mins, Hub H → Destination L: 6 mins, Hub I → Destination L: 4 mins, Hub J → Hub K: 5 mins, Hub K → Destination L: 3 mins, Hub D → Destination L: 15 mins, Hub B → Hub J: 12 mins, Hub A → Hub H: 18 mins, Hub C → Hub I: 14 mins. Among all possible routes from Hub A to Destination L, which sequence of checkpoints results in the least total travel time, and what is that minimum duration?
Reply with only the path as a sequence of hubs and the total cost.
Format: Path: X -> X -> X, Cost: X""","Path: Hub A → Hub F → Hub K → Hub L, Cost: 17",algorithmic,shortest_path,adversarial,Easy,medium,,Dijkstra,"{""subtype"":""SP"",""directed"":true,""source"":0,""target"":11,""graph"":[{""u"":0,""v"":2,""w"":3},{""u"":0,""v"":5,""w"":8},{""u"":0,""v"":1,""w"":6},{""u"":1,""v"":3,""w"":4},{""u"":1,""v"":6,""w"":7},{""u"":2,""v"":4,""w"":5},{""u"":2,""v"":6,""w"":9},{""u"":3,""v"":7,""w"":3},{""u"":3,""v"":8,""w"":6},{""u"":4,""v"":7,""w"":8},{""u"":4,""v"":9,""w"":4},{""u"":5,""v"":9,""w"":3},{""u"":5,""v"":10,""w"":6},{""u"":6,""v"":10,""w"":4},{""u"":6,""v"":8,""w"":5},{""u"":7,""v"":11,""w"":6},{""u"":8,""v"":11,""w"":4},{""u"":9,""v"":10,""w"":5},{""u"":10,""v"":11,""w"":3},{""u"":3,""v"":11,""w"":15},{""u"":1,""v"":9,""w"":12},{""u"":0,""v"":7,""w"":18},{""u"":2,""v"":8,""w"":14}],""num_vertices"":12,""instance_type"":""standard"",""greedy_answer"":""Path: 0 \u2192 5 \u2192 10 \u2192 11, Cost: 17"",""greedy_succeeds"":true,""difficulty_numeric"":12,""critical_step_index"":-1,""node_mapping"":{""0"":""Hub A"",""1"":""Hub B"",""2"":""Hub C"",""3"":""Hub D"",""4"":""Hub E"",""5"":""Hub F"",""6"":""Hub G"",""7"":""Hub H"",""8"":""Hub I"",""9"":""Hub J"",""10"":""Hub K"",""11"":""Hub L""}}","12 nodes, bidirectional"
SP_001,W4,"Let G = (V, E, w) be a weighted directed graph where:

- V = {0, 1, 2, ..., 11} is the set of nodes
- E is the set of directed edges (one-way roads)
- w(u, v) is the travel time in minutes for edge (u, v)

Edge list in the form (u, v, w(u,v)):

(0,2,3), (0,5,8), (0,1,6), (1,3,4), (1,6,7), (2,4,5), (2,6,9), (3,7,3), (3,8,6), (4,7,8), (4,9,4), (5,9,3), (5,10,6), (6,10,4), (6,8,5), (7,11,6), (8,11,4), (9,10,5), (10,11,3), (3,11,15), (1,9,12), (0,7,18), (2,8,14)

Objective:

Find a directed path P* = (v_0, v_1, ..., v_k) where v_0 = 0, v_k = 11, and each (v_i, v_{i+1}) is in E, such that the total cost:

cost(P) = sum of w(v_i, v_{i+1}) for all consecutive pairs in P

is minimized over all valid directed paths from node 0 to node 11.

Format: Path: X -> X -> X, Cost: X","Path: 0 → 5 → 10 → 11, Cost: 17",algorithmic,shortest_path,adversarial,Easy,medium,,Dijkstra,"{""subtype"":""SP"",""directed"":true,""source"":0,""target"":11,""graph"":[{""u"":0,""v"":2,""w"":3},{""u"":0,""v"":5,""w"":8},{""u"":0,""v"":1,""w"":6},{""u"":1,""v"":3,""w"":4},{""u"":1,""v"":6,""w"":7},{""u"":2,""v"":4,""w"":5},{""u"":2,""v"":6,""w"":9},{""u"":3,""v"":7,""w"":3},{""u"":3,""v"":8,""w"":6},{""u"":4,""v"":7,""w"":8},{""u"":4,""v"":9,""w"":4},{""u"":5,""v"":9,""w"":3},{""u"":5,""v"":10,""w"":6},{""u"":6,""v"":10,""w"":4},{""u"":6,""v"":8,""w"":5},{""u"":7,""v"":11,""w"":6},{""u"":8,""v"":11,""w"":4},{""u"":9,""v"":10,""w"":5},{""u"":10,""v"":11,""w"":3},{""u"":3,""v"":11,""w"":15},{""u"":1,""v"":9,""w"":12},{""u"":0,""v"":7,""w"":18},{""u"":2,""v"":8,""w"":14}],""num_vertices"":12,""instance_type"":""standard"",""greedy_answer"":""Path: 0 \u2192 5 \u2192 10 \u2192 11, Cost: 17"",""greedy_succeeds"":true,""difficulty_numeric"":12,""critical_step_index"":-1}","12 nodes, bidirectional"
SP_002,canonical,"An expedition team sets out from Base Camp 16 and must reach Summit Lodge 11 
across a mountain range. The range has 25 locations (0-24) connected by 
two-way trails. The trail network and travel times in hours are:

- Base Camp 16 and Waypoint 12: 4 hrs
- Waypoint 12 and Waypoint 9: 3 hrs
- Waypoint 9 and Waypoint 19: 5 hrs
- Waypoint 19 and Waypoint 18: 4 hrs
- Waypoint 18 and Waypoint 6: 3 hrs
- Waypoint 6 and Waypoint 5: 5 hrs
- Waypoint 5 and Waypoint 10: 4 hrs
- Waypoint 10 and Waypoint 15: 3 hrs
- Waypoint 15 and Waypoint 21: 5 hrs
- Waypoint 21 and Summit Lodge 11: 4 hrs
- Base Camp 16 and Waypoint 9: 9 hrs
- Base Camp 16 and Waypoint 19: 14 hrs
- Waypoint 12 and Waypoint 19: 10 hrs
- Waypoint 12 and Waypoint 18: 14 hrs
- Waypoint 9 and Waypoint 18: 11 hrs
- Waypoint 9 and Waypoint 6: 14 hrs
- Waypoint 19 and Waypoint 6: 9 hrs
- Waypoint 5 and Waypoint 15: 9 hrs
- Waypoint 5 and Waypoint 21: 14 hrs
- Waypoint 10 and Waypoint 21: 10 hrs
- Waypoint 10 and Summit Lodge 11: 14 hrs
- Waypoint 15 and Summit Lodge 11: 11 hrs
- Base Camp 16 and Side Camp 17: 6 hrs
- Base Camp 16 and Side Camp 1: 8 hrs
- Waypoint 12 and Side Camp 14: 5 hrs
- Waypoint 12 and Side Camp 22: 7 hrs
- Waypoint 9 and Side Camp 13: 6 hrs
- Waypoint 9 and Side Camp 2: 8 hrs
- Waypoint 19 and Side Camp 23: 7 hrs
- Waypoint 19 and Side Camp 4: 5 hrs
- Waypoint 18 and Side Camp 24: 6 hrs
- Waypoint 18 and Side Camp 7: 8 hrs
- Waypoint 6 and Side Camp 8: 7 hrs
- Waypoint 6 and Side Camp 0: 5 hrs
- Side Camp 17 and Side Camp 14: 4 hrs
- Side Camp 17 and Side Camp 13: 6 hrs
- Side Camp 1 and Side Camp 22: 5 hrs
- Side Camp 1 and Side Camp 2: 7 hrs
- Side Camp 14 and Side Camp 23: 4 hrs
- Side Camp 22 and Side Camp 4: 6 hrs
- Side Camp 13 and Side Camp 24: 5 hrs
- Side Camp 2 and Side Camp 7: 7 hrs
- Side Camp 23 and Side Camp 8: 4 hrs
- Side Camp 4 and Side Camp 0: 6 hrs
- Side Camp 24 and Side Camp 3: 5 hrs
- Side Camp 7 and Side Camp 20: 7 hrs
- Side Camp 8 and Side Camp 3: 4 hrs
- Side Camp 0 and Side Camp 20: 6 hrs
- Side Camp 3 and Side Camp 20: 3 hrs
- Side Camp 17 and Side Camp 20: 9 hrs

What is the fastest route from Base Camp 16 to Summit Lodge 11, and how 
long will it take?

Reply with only the path as a sequence of nodes and the total cost.
Format: Path: X -> X -> X, Cost: X","Path: 16 → 12 → 9 → 19 → 18 → 6 → 5 → 10 → 15 → 21 → 11, Cost: 40",algorithmic,shortest_path,adversarial,Medium,medium,,Dijkstra,"{""subtype"":""SP"",""directed"":true,""source"":16,""target"":11,""graph"":[{""u"":16,""v"":12,""w"":4},{""u"":12,""v"":9,""w"":3},{""u"":9,""v"":19,""w"":5},{""u"":19,""v"":18,""w"":4},{""u"":18,""v"":6,""w"":3},{""u"":6,""v"":5,""w"":5},{""u"":5,""v"":10,""w"":4},{""u"":10,""v"":15,""w"":3},{""u"":15,""v"":21,""w"":5},{""u"":21,""v"":11,""w"":4},{""u"":16,""v"":9,""w"":9},{""u"":16,""v"":19,""w"":14},{""u"":12,""v"":19,""w"":10},{""u"":12,""v"":18,""w"":14},{""u"":9,""v"":18,""w"":11},{""u"":9,""v"":6,""w"":14},{""u"":19,""v"":6,""w"":9},{""u"":5,""v"":15,""w"":9},{""u"":5,""v"":21,""w"":14},{""u"":10,""v"":21,""w"":10},{""u"":10,""v"":11,""w"":14},{""u"":15,""v"":11,""w"":11},{""u"":16,""v"":17,""w"":6},{""u"":16,""v"":1,""w"":8},{""u"":12,""v"":14,""w"":5},{""u"":12,""v"":22,""w"":7},{""u"":9,""v"":13,""w"":6},{""u"":9,""v"":2,""w"":8},{""u"":19,""v"":23,""w"":7},{""u"":19,""v"":4,""w"":5},{""u"":18,""v"":24,""w"":6},{""u"":18,""v"":7,""w"":8},{""u"":6,""v"":8,""w"":7},{""u"":6,""v"":0,""w"":5},{""u"":17,""v"":14,""w"":4},{""u"":17,""v"":13,""w"":6},{""u"":1,""v"":22,""w"":5},{""u"":1,""v"":2,""w"":7},{""u"":14,""v"":23,""w"":4},{""u"":22,""v"":4,""w"":6},{""u"":13,""v"":24,""w"":5},{""u"":2,""v"":7,""w"":7},{""u"":23,""v"":8,""w"":4},{""u"":4,""v"":0,""w"":6},{""u"":24,""v"":3,""w"":5},{""u"":7,""v"":20,""w"":7},{""u"":8,""v"":3,""w"":4},{""u"":0,""v"":20,""w"":6},{""u"":3,""v"":20,""w"":3},{""u"":17,""v"":20,""w"":9}],""num_vertices"":25,""instance_type"":""standard"",""greedy_answer"":""Path: 16 \u2192 12 \u2192 9 \u2192 19 \u2192 18 \u2192 6 \u2192 5 \u2192 10 \u2192 15 \u2192 21 \u2192 11, Cost: 40"",""greedy_succeeds"":true,""difficulty_numeric"":25,""critical_step_index"":-1}","25 nodes, bidirectional"
SP_002,W1,"A mountaineering crew departs from Home Base 16 and must arrive at Peak Refuge 11 across a highland terrain. The terrain contains 25 checkpoints (0-24) linked by bidirectional footpaths. The footpath layout and journey durations in hours are: - Home Base 16 and Checkpoint 12: 4 hrs - Checkpoint 12 and Checkpoint 9: 3 hrs - Checkpoint 9 and Checkpoint 19: 5 hrs - Checkpoint 19 and Checkpoint 18: 4 hrs - Checkpoint 18 and Checkpoint 6: 3 hrs - Checkpoint 6 and Checkpoint 5: 5 hrs - Checkpoint 5 and Checkpoint 10: 4 hrs - Checkpoint 10 and Checkpoint 15: 3 hrs - Checkpoint 15 and Checkpoint 21: 5 hrs - Checkpoint 21 and Peak Refuge 11: 4 hrs - Home Base 16 and Checkpoint 9: 9 hrs - Home Base 16 and Checkpoint 19: 14 hrs - Checkpoint 12 and Checkpoint 19: 10 hrs - Checkpoint 12 and Checkpoint 18: 14 hrs - Checkpoint 9 and Checkpoint 18: 11 hrs - Checkpoint 9 and Checkpoint 6: 14 hrs - Checkpoint 19 and Checkpoint 6: 9 hrs - Checkpoint 5 and Checkpoint 15: 9 hrs - Checkpoint 5 and Checkpoint 21: 14 hrs - Checkpoint 10 and Checkpoint 21: 10 hrs - Checkpoint 10 and Peak Refuge 11: 14 hrs - Checkpoint 15 and Peak Refuge 11: 11 hrs - Home Base 16 and Outpost 17: 6 hrs - Home Base 16 and Outpost 1: 8 hrs - Checkpoint 12 and Outpost 14: 5 hrs - Checkpoint 12 and Outpost 22: 7 hrs - Checkpoint 9 and Outpost 13: 6 hrs - Checkpoint 9 and Outpost 2: 8 hrs - Checkpoint 19 and Outpost 23: 7 hrs - Checkpoint 19 and Outpost 4: 5 hrs - Checkpoint 18 and Outpost 24: 6 hrs - Checkpoint 18 and Outpost 7: 8 hrs - Checkpoint 6 and Outpost 8: 7 hrs - Checkpoint 6 and Outpost 0: 5 hrs - Outpost 17 and Outpost 14: 4 hrs - Outpost 17 and Outpost 13: 6 hrs - Outpost 1 and Outpost 22: 5 hrs - Outpost 1 and Outpost 2: 7 hrs - Outpost 14 and Outpost 23: 4 hrs - Outpost 22 and Outpost 4: 6 hrs - Outpost 13 and Outpost 24: 5 hrs - Outpost 2 and Outpost 7: 7 hrs - Outpost 23 and Outpost 8: 4 hrs - Outpost 4 and Outpost 0: 6 hrs - Outpost 24 and Outpost 3: 5 hrs - Outpost 7 and Outpost 20: 7 hrs - Outpost 8 and Outpost 3: 4 hrs - Outpost 0 and Outpost 20: 6 hrs - Outpost 3 and Outpost 20: 3 hrs - Outpost 17 and Outpost 20: 9 hrs What is the quickest path from Home Base 16 to Peak Refuge 11, and what will the total travel duration be? Reply with only the path as a sequence of nodes and the total cost. Format: Path: X -> X -> X, Cost: X","Path: 16 → 12 → 9 → 19 → 18 → 6 → 5 → 10 → 15 → 21 → 11, Cost: 40",algorithmic,shortest_path,adversarial,Medium,medium,,Dijkstra,"{""subtype"":""SP"",""directed"":true,""source"":16,""target"":11,""graph"":[{""u"":16,""v"":12,""w"":4},{""u"":12,""v"":9,""w"":3},{""u"":9,""v"":19,""w"":5},{""u"":19,""v"":18,""w"":4},{""u"":18,""v"":6,""w"":3},{""u"":6,""v"":5,""w"":5},{""u"":5,""v"":10,""w"":4},{""u"":10,""v"":15,""w"":3},{""u"":15,""v"":21,""w"":5},{""u"":21,""v"":11,""w"":4},{""u"":16,""v"":9,""w"":9},{""u"":16,""v"":19,""w"":14},{""u"":12,""v"":19,""w"":10},{""u"":12,""v"":18,""w"":14},{""u"":9,""v"":18,""w"":11},{""u"":9,""v"":6,""w"":14},{""u"":19,""v"":6,""w"":9},{""u"":5,""v"":15,""w"":9},{""u"":5,""v"":21,""w"":14},{""u"":10,""v"":21,""w"":10},{""u"":10,""v"":11,""w"":14},{""u"":15,""v"":11,""w"":11},{""u"":16,""v"":17,""w"":6},{""u"":16,""v"":1,""w"":8},{""u"":12,""v"":14,""w"":5},{""u"":12,""v"":22,""w"":7},{""u"":9,""v"":13,""w"":6},{""u"":9,""v"":2,""w"":8},{""u"":19,""v"":23,""w"":7},{""u"":19,""v"":4,""w"":5},{""u"":18,""v"":24,""w"":6},{""u"":18,""v"":7,""w"":8},{""u"":6,""v"":8,""w"":7},{""u"":6,""v"":0,""w"":5},{""u"":17,""v"":14,""w"":4},{""u"":17,""v"":13,""w"":6},{""u"":1,""v"":22,""w"":5},{""u"":1,""v"":2,""w"":7},{""u"":14,""v"":23,""w"":4},{""u"":22,""v"":4,""w"":6},{""u"":13,""v"":24,""w"":5},{""u"":2,""v"":7,""w"":7},{""u"":23,""v"":8,""w"":4},{""u"":4,""v"":0,""w"":6},{""u"":24,""v"":3,""w"":5},{""u"":7,""v"":20,""w"":7},{""u"":8,""v"":3,""w"":4},{""u"":0,""v"":20,""w"":6},{""u"":3,""v"":20,""w"":3},{""u"":17,""v"":20,""w"":9}],""num_vertices"":25,""instance_type"":""standard"",""greedy_answer"":""Path: 16 \u2192 12 \u2192 9 \u2192 19 \u2192 18 \u2192 6 \u2192 5 \u2192 10 \u2192 15 \u2192 21 \u2192 11, Cost: 40"",""greedy_succeeds"":true,""difficulty_numeric"":25,""critical_step_index"":-1}","25 nodes, bidirectional"
SP_002,W2,"| From | To | Time (hrs) |
|------|----|------------|
| Base Camp 16 | Waypoint 12 | 4 |
| Waypoint 12 | Waypoint 9 | 3 |
| Waypoint 9 | Waypoint 19 | 5 |
| Waypoint 19 | Waypoint 18 | 4 |
| Waypoint 18 | Waypoint 6 | 3 |
| Waypoint 6 | Waypoint 5 | 5 |
| Waypoint 5 | Waypoint 10 | 4 |
| Waypoint 10 | Waypoint 15 | 3 |
| Waypoint 15 | Waypoint 21 | 5 |
| Waypoint 21 | Summit Lodge 11 | 4 |
| Base Camp 16 | Waypoint 9 | 9 |
| Base Camp 16 | Waypoint 19 | 14 |
| Waypoint 12 | Waypoint 19 | 10 |
| Waypoint 12 | Waypoint 18 | 14 |
| Waypoint 9 | Waypoint 18 | 11 |
| Waypoint 9 | Waypoint 6 | 14 |
| Waypoint 19 | Waypoint 6 | 9 |
| Waypoint 5 | Waypoint 15 | 9 |
| Waypoint 5 | Waypoint 21 | 14 |
| Waypoint 10 | Waypoint 21 | 10 |
| Waypoint 10 | Summit Lodge 11 | 14 |
| Waypoint 15 | Summit Lodge 11 | 11 |
| Base Camp 16 | Side Camp 17 | 6 |
| Base Camp 16 | Side Camp 1 | 8 |
| Waypoint 12 | Side Camp 14 | 5 |
| Waypoint 12 | Side Camp 22 | 7 |
| Waypoint 9 | Side Camp 13 | 6 |
| Waypoint 9 | Side Camp 2 | 8 |
| Waypoint 19 | Side Camp 23 | 7 |
| Waypoint 19 | Side Camp 4 | 5 |
| Waypoint 18 | Side Camp 24 | 6 |
| Waypoint 18 | Side Camp 7 | 8 |
| Waypoint 6 | Side Camp 8 | 7 |
| Waypoint 6 | Side Camp 0 | 5 |
| Side Camp 17 | Side Camp 14 | 4 |
| Side Camp 17 | Side Camp 13 | 6 |
| Side Camp 1 | Side Camp 22 | 5 |
| Side Camp 1 | Side Camp 2 | 7 |
| Side Camp 14 | Side Camp 23 | 4 |
| Side Camp 22 | Side Camp 4 | 6 |
| Side Camp 13 | Side Camp 24 | 5 |
| Side Camp 2 | Side Camp 7 | 7 |
| Side Camp 23 | Side Camp 8 | 4 |
| Side Camp 4 | Side Camp 0 | 6 |
| Side Camp 24 | Side Camp 3 | 5 |
| Side Camp 7 | Side Camp 20 | 7 |
| Side Camp 8 | Side Camp 3 | 4 |
| Side Camp 0 | Side Camp 20 | 6 |
| Side Camp 3 | Side Camp 20 | 3 |
| Side Camp 17 | Side Camp 20 | 9 |

**Note:** All trails are two-way.

**Question:** What is the fastest route from Base Camp 16 to Summit Lodge 11 across the 25-location (0–24) mountain range? Reply as: `Path: X → X → X, Cost: X`","Path: 16 → 12 → 9 → 19 → 18 → 6 → 5 → 10 → 15 → 21 → 11, Cost: 40",algorithmic,shortest_path,adversarial,Medium,medium,,Dijkstra,"{""subtype"":""SP"",""directed"":true,""source"":16,""target"":11,""graph"":[{""u"":16,""v"":12,""w"":4},{""u"":12,""v"":9,""w"":3},{""u"":9,""v"":19,""w"":5},{""u"":19,""v"":18,""w"":4},{""u"":18,""v"":6,""w"":3},{""u"":6,""v"":5,""w"":5},{""u"":5,""v"":10,""w"":4},{""u"":10,""v"":15,""w"":3},{""u"":15,""v"":21,""w"":5},{""u"":21,""v"":11,""w"":4},{""u"":16,""v"":9,""w"":9},{""u"":16,""v"":19,""w"":14},{""u"":12,""v"":19,""w"":10},{""u"":12,""v"":18,""w"":14},{""u"":9,""v"":18,""w"":11},{""u"":9,""v"":6,""w"":14},{""u"":19,""v"":6,""w"":9},{""u"":5,""v"":15,""w"":9},{""u"":5,""v"":21,""w"":14},{""u"":10,""v"":21,""w"":10},{""u"":10,""v"":11,""w"":14},{""u"":15,""v"":11,""w"":11},{""u"":16,""v"":17,""w"":6},{""u"":16,""v"":1,""w"":8},{""u"":12,""v"":14,""w"":5},{""u"":12,""v"":22,""w"":7},{""u"":9,""v"":13,""w"":6},{""u"":9,""v"":2,""w"":8},{""u"":19,""v"":23,""w"":7},{""u"":19,""v"":4,""w"":5},{""u"":18,""v"":24,""w"":6},{""u"":18,""v"":7,""w"":8},{""u"":6,""v"":8,""w"":7},{""u"":6,""v"":0,""w"":5},{""u"":17,""v"":14,""w"":4},{""u"":17,""v"":13,""w"":6},{""u"":1,""v"":22,""w"":5},{""u"":1,""v"":2,""w"":7},{""u"":14,""v"":23,""w"":4},{""u"":22,""v"":4,""w"":6},{""u"":13,""v"":24,""w"":5},{""u"":2,""v"":7,""w"":7},{""u"":23,""v"":8,""w"":4},{""u"":4,""v"":0,""w"":6},{""u"":24,""v"":3,""w"":5},{""u"":7,""v"":20,""w"":7},{""u"":8,""v"":3,""w"":4},{""u"":0,""v"":20,""w"":6},{""u"":3,""v"":20,""w"":3},{""u"":17,""v"":20,""w"":9}],""num_vertices"":25,""instance_type"":""standard"",""greedy_answer"":""Path: 16 \u2192 12 \u2192 9 \u2192 19 \u2192 18 \u2192 6 \u2192 5 \u2192 10 \u2192 15 \u2192 21 \u2192 11, Cost: 40"",""greedy_succeeds"":true,""difficulty_numeric"":25,""critical_step_index"":-1}","25 nodes, bidirectional"
SP_002,W3,"""A network of 25 pumping stations (numbered 0–24) are interconnected by bidirectional pipelines, each carrying a flow resistance value measured in units. Water must be routed from Station 16 to Station 11 through the least resistant path. The resistance values between connected stations are: (16,12,4), (12,9,3), (9,19,5), (19,18,4), (18,6,3), (6,5,5), (5,10,4), (10,15,3), (15,21,5), (21,11,4), (16,9,9), (16,19,14), (12,19,10), (12,18,14), (9,18,11), (9,6,14), (19,6,9), (5,15,9), (5,21,14), (10,21,10), (10,11,14), (15,11,11), (16,17,6), (16,1,8), (12,14,5), (12,22,7), (9,13,6), (9,2,8), (19,23,7), (19,4,5), (18,24,6), (18,7,8), (6,8,7), (6,0,5), (17,14,4), (17,13,6), (1,22,5), (1,2,7), (14,23,4), (22,4,6), (13,24,5), (2,7,7), (23,8,4), (4,0,6), (24,3,5), (7,20,7), (8,3,4), (0,20,6), (3,20,3), (17,20,9). Through which sequence of stations should water be routed to minimize total resistance, and what is that minimum resistance value?
Reply with only the path as a sequence of nodes and the total cost.
Format: Path: X -> X -> X, Cost: X""","Path: Hub Q → Hub M → Hub J → Hub T → Hub S → Hub G → Hub F → Hub K → Hub P → Hub V → Hub L, Cost: 40",algorithmic,shortest_path,adversarial,Medium,medium,,Dijkstra,"{""subtype"":""SP"",""directed"":true,""source"":16,""target"":11,""graph"":[{""u"":16,""v"":12,""w"":4},{""u"":12,""v"":9,""w"":3},{""u"":9,""v"":19,""w"":5},{""u"":19,""v"":18,""w"":4},{""u"":18,""v"":6,""w"":3},{""u"":6,""v"":5,""w"":5},{""u"":5,""v"":10,""w"":4},{""u"":10,""v"":15,""w"":3},{""u"":15,""v"":21,""w"":5},{""u"":21,""v"":11,""w"":4},{""u"":16,""v"":9,""w"":9},{""u"":16,""v"":19,""w"":14},{""u"":12,""v"":19,""w"":10},{""u"":12,""v"":18,""w"":14},{""u"":9,""v"":18,""w"":11},{""u"":9,""v"":6,""w"":14},{""u"":19,""v"":6,""w"":9},{""u"":5,""v"":15,""w"":9},{""u"":5,""v"":21,""w"":14},{""u"":10,""v"":21,""w"":10},{""u"":10,""v"":11,""w"":14},{""u"":15,""v"":11,""w"":11},{""u"":16,""v"":17,""w"":6},{""u"":16,""v"":1,""w"":8},{""u"":12,""v"":14,""w"":5},{""u"":12,""v"":22,""w"":7},{""u"":9,""v"":13,""w"":6},{""u"":9,""v"":2,""w"":8},{""u"":19,""v"":23,""w"":7},{""u"":19,""v"":4,""w"":5},{""u"":18,""v"":24,""w"":6},{""u"":18,""v"":7,""w"":8},{""u"":6,""v"":8,""w"":7},{""u"":6,""v"":0,""w"":5},{""u"":17,""v"":14,""w"":4},{""u"":17,""v"":13,""w"":6},{""u"":1,""v"":22,""w"":5},{""u"":1,""v"":2,""w"":7},{""u"":14,""v"":23,""w"":4},{""u"":22,""v"":4,""w"":6},{""u"":13,""v"":24,""w"":5},{""u"":2,""v"":7,""w"":7},{""u"":23,""v"":8,""w"":4},{""u"":4,""v"":0,""w"":6},{""u"":24,""v"":3,""w"":5},{""u"":7,""v"":20,""w"":7},{""u"":8,""v"":3,""w"":4},{""u"":0,""v"":20,""w"":6},{""u"":3,""v"":20,""w"":3},{""u"":17,""v"":20,""w"":9}],""num_vertices"":25,""instance_type"":""standard"",""greedy_answer"":""Path: 16 \u2192 12 \u2192 9 \u2192 19 \u2192 18 \u2192 6 \u2192 5 \u2192 10 \u2192 15 \u2192 21 \u2192 11, Cost: 40"",""greedy_succeeds"":true,""difficulty_numeric"":25,""critical_step_index"":-1,""node_mapping"":{""0"":""Hub A"",""1"":""Hub B"",""2"":""Hub C"",""3"":""Hub D"",""4"":""Hub E"",""5"":""Hub F"",""6"":""Hub G"",""7"":""Hub H"",""8"":""Hub I"",""9"":""Hub J"",""10"":""Hub K"",""11"":""Hub L"",""12"":""Hub M"",""13"":""Hub N"",""14"":""Hub O"",""15"":""Hub P"",""16"":""Hub Q"",""17"":""Hub R"",""18"":""Hub S"",""19"":""Hub T"",""20"":""Hub U"",""21"":""Hub V"",""22"":""Hub W"",""23"":""Hub X"",""24"":""Hub Y""}}","25 nodes, bidirectional"
SP_002,W4,"Let G = (V, E, w) be a weighted undirected graph where:

- V = {0, 1, 2, ..., 24} is the set of nodes
- E is the set of undirected edges (two-way trails)
- w(u, v) is the travel time in hours for edge {u, v}

Edge list in the form (u, v, w(u,v)):

(16,12,4), (12,9,3), (9,19,5), (19,18,4), (18,6,3), (6,5,5), (5,10,4), (10,15,3), (15,21,5), (21,11,4), (16,9,9), (16,19,14), (12,19,10), (12,18,14), (9,18,11), (9,6,14), (19,6,9), (5,15,9), (5,21,14), (10,21,10), (10,11,14), (15,11,11), (16,17,6), (16,1,8), (12,14,5), (12,22,7), (9,13,6), (9,2,8), (19,23,7), (19,4,5), (18,24,6), (18,7,8), (6,8,7), (6,0,5), (17,14,4), (17,13,6), (1,22,5), (1,2,7), (14,23,4), (22,4,6), (13,24,5), (2,7,7), (23,8,4), (4,0,6), (24,3,5), (7,20,7), (8,3,4), (0,20,6), (3,20,3), (17,20,9)

Objective:

Find a path P* = (v_0, v_1, ..., v_k) where v_0 = 16, v_k = 11, and each {v_i, v_{i+1}} is in E, such that the total cost:

cost(P) = sum of w(v_i, v_{i+1}) for all consecutive pairs in P

is minimized over all valid paths from node 16 to node 11.

Format: Path: X -> X -> X, Cost: X","Path: 16 → 12 → 9 → 19 → 18 → 6 → 5 → 10 → 15 → 21 → 11, Cost: 40",algorithmic,shortest_path,adversarial,Medium,medium,,Dijkstra,"{""subtype"":""SP"",""directed"":true,""source"":16,""target"":11,""graph"":[{""u"":16,""v"":12,""w"":4},{""u"":12,""v"":9,""w"":3},{""u"":9,""v"":19,""w"":5},{""u"":19,""v"":18,""w"":4},{""u"":18,""v"":6,""w"":3},{""u"":6,""v"":5,""w"":5},{""u"":5,""v"":10,""w"":4},{""u"":10,""v"":15,""w"":3},{""u"":15,""v"":21,""w"":5},{""u"":21,""v"":11,""w"":4},{""u"":16,""v"":9,""w"":9},{""u"":16,""v"":19,""w"":14},{""u"":12,""v"":19,""w"":10},{""u"":12,""v"":18,""w"":14},{""u"":9,""v"":18,""w"":11},{""u"":9,""v"":6,""w"":14},{""u"":19,""v"":6,""w"":9},{""u"":5,""v"":15,""w"":9},{""u"":5,""v"":21,""w"":14},{""u"":10,""v"":21,""w"":10},{""u"":10,""v"":11,""w"":14},{""u"":15,""v"":11,""w"":11},{""u"":16,""v"":17,""w"":6},{""u"":16,""v"":1,""w"":8},{""u"":12,""v"":14,""w"":5},{""u"":12,""v"":22,""w"":7},{""u"":9,""v"":13,""w"":6},{""u"":9,""v"":2,""w"":8},{""u"":19,""v"":23,""w"":7},{""u"":19,""v"":4,""w"":5},{""u"":18,""v"":24,""w"":6},{""u"":18,""v"":7,""w"":8},{""u"":6,""v"":8,""w"":7},{""u"":6,""v"":0,""w"":5},{""u"":17,""v"":14,""w"":4},{""u"":17,""v"":13,""w"":6},{""u"":1,""v"":22,""w"":5},{""u"":1,""v"":2,""w"":7},{""u"":14,""v"":23,""w"":4},{""u"":22,""v"":4,""w"":6},{""u"":13,""v"":24,""w"":5},{""u"":2,""v"":7,""w"":7},{""u"":23,""v"":8,""w"":4},{""u"":4,""v"":0,""w"":6},{""u"":24,""v"":3,""w"":5},{""u"":7,""v"":20,""w"":7},{""u"":8,""v"":3,""w"":4},{""u"":0,""v"":20,""w"":6},{""u"":3,""v"":20,""w"":3},{""u"":17,""v"":20,""w"":9}],""num_vertices"":25,""instance_type"":""standard"",""greedy_answer"":""Path: 16 \u2192 12 \u2192 9 \u2192 19 \u2192 18 \u2192 6 \u2192 5 \u2192 10 \u2192 15 \u2192 21 \u2192 11, Cost: 40"",""greedy_succeeds"":true,""difficulty_numeric"":25,""critical_step_index"":-1}","25 nodes, bidirectional"
SP_003,canonical,"A courier working for an underground network must transport a package from 
Safe House 11 to Drop Point 9 across a city of 20 locations (0-19). Every 
road is one-way. The one-way road network and travel times in minutes are:

- Safe House 11 to Relay 18: 3 mins
- Relay 18 to Outpost 14: 4 mins
- Outpost 14 to Junction 0: 3 mins
- Junction 0 to Crossing 15: 4 mins
- Crossing 15 to Depot 5: 3 mins
- Depot 5 to Warehouse 12: 4 mins
- Warehouse 12 to Checkpoint 2: 3 mins
- Checkpoint 2 to Overpass 3: 4 mins
- Overpass 3 to Drop Point 9: 3 mins
- Safe House 11 to Outpost 14: 9 mins
- Safe House 11 to Junction 0: 12 mins
- Safe House 11 to Crossing 15: 16 mins
- Relay 18 to Junction 0: 9 mins
- Relay 18 to Crossing 15: 13 mins
- Relay 18 to Depot 5: 16 mins
- Outpost 14 to Crossing 15: 9 mins
- Outpost 14 to Depot 5: 12 mins
- Outpost 14 to Warehouse 12: 16 mins
- Junction 0 to Depot 5: 9 mins
- Junction 0 to Warehouse 12: 13 mins
- Junction 0 to Checkpoint 2: 16 mins
- Crossing 15 to Warehouse 12: 9 mins
- Crossing 15 to Checkpoint 2: 12 mins
- Crossing 15 to Overpass 3: 16 mins
- Depot 5 to Checkpoint 2: 9 mins
- Depot 5 to Overpass 3: 13 mins
- Depot 5 to Drop Point 9: 16 mins
- Warehouse 12 to Overpass 3: 9 mins
- Warehouse 12 to Drop Point 9: 12 mins
- Checkpoint 2 to Drop Point 9: 9 mins
- Safe House 11 to Alley 19: 6 mins
- Alley 19 to Backstreet 16: 7 mins
- Backstreet 16 to Underpass 4: 6 mins
- Underpass 4 to Overpass 3: 10 mins
- Safe House 11 to Sidestreet 1: 9 mins
- Sidestreet 1 to Laneway 13: 12 mins
- Laneway 13 to Overpass 3: 8 mins
- Safe House 11 to Shortcut 17: 5 mins
- Shortcut 17 to Flyover 7: 8 mins
- Flyover 7 to Interchange 6: 7 mins
- Interchange 6 to Overpass 3: 9 mins
- Safe House 11 to Bypass 10: 11 mins
- Bypass 10 to Tunnel 8: 10 mins
- Tunnel 8 to Overpass 3: 9 mins
- Alley 19 to Sidestreet 1: 4 mins
- Sidestreet 1 to Backstreet 16: 5 mins
- Backstreet 16 to Shortcut 17: 6 mins
- Underpass 4 to Flyover 7: 4 mins
- Laneway 13 to Interchange 6: 5 mins
- Flyover 7 to Tunnel 8: 6 mins
- Shortcut 17 to Bypass 10: 4 mins
- Interchange 6 to Alley 19: 7 mins
- Tunnel 8 to Underpass 4: 5 mins
- Bypass 10 to Backstreet 16: 6 mins
- Alley 19 to Flyover 7: 5 mins
- Sidestreet 1 to Interchange 6: 6 mins
- Underpass 4 to Tunnel 8: 7 mins
- Laneway 13 to Alley 19: 5 mins
- Backstreet 16 to Bypass 10: 8 mins
- Flyover 7 to Sidestreet 1: 4 mins
- Interchange 6 to Shortcut 17: 6 mins
- Tunnel 8 to Interchange 6: 4 mins
- Relay 18 to Alley 19: 3 mins
- Outpost 14 to Sidestreet 1: 4 mins
- Junction 0 to Shortcut 17: 5 mins
- Crossing 15 to Backstreet 16: 4 mins
- Depot 5 to Laneway 13: 5 mins
- Warehouse 12 to Flyover 7: 4 mins
- Checkpoint 2 to Bypass 10: 5 mins
- Junction 0 to Alley 19: 6 mins
- Depot 5 to Underpass 4: 7 mins
- Alley 19 to Junction 0: 8 mins
- Backstreet 16 to Crossing 15: 7 mins
- Underpass 4 to Depot 5: 9 mins
- Sidestreet 1 to Outpost 14: 8 mins
- Laneway 13 to Warehouse 12: 8 mins
- Shortcut 17 to Crossing 15: 9 mins
- Flyover 7 to Depot 5: 7 mins
- Interchange 6 to Warehouse 12: 8 mins
- Bypass 10 to Checkpoint 2: 6 mins
- Tunnel 8 to Depot 5: 9 mins

What is the fastest route from Safe House 11 to Drop Point 9, and how long 
will it take?

Reply with only the path as a sequence of nodes and the total cost.
Format: Path: X -> X -> X, Cost: X","Path: 11 → 17 → 10 → 2 → 3 → 9, Cost: 22",algorithmic,shortest_path,standard,Hard,medium,,Dijkstra,"{""subtype"":""SP"",""directed"":true,""source"":11,""target"":9,""graph"":[{""u"":11,""v"":18,""w"":3},{""u"":18,""v"":14,""w"":4},{""u"":14,""v"":0,""w"":3},{""u"":0,""v"":15,""w"":4},{""u"":15,""v"":5,""w"":3},{""u"":5,""v"":12,""w"":4},{""u"":12,""v"":2,""w"":3},{""u"":2,""v"":3,""w"":4},{""u"":3,""v"":9,""w"":3},{""u"":11,""v"":14,""w"":9},{""u"":11,""v"":0,""w"":12},{""u"":11,""v"":15,""w"":16},{""u"":18,""v"":0,""w"":9},{""u"":18,""v"":15,""w"":13},{""u"":18,""v"":5,""w"":16},{""u"":14,""v"":15,""w"":9},{""u"":14,""v"":5,""w"":12},{""u"":14,""v"":12,""w"":16},{""u"":0,""v"":5,""w"":9},{""u"":0,""v"":12,""w"":13},{""u"":0,""v"":2,""w"":16},{""u"":15,""v"":12,""w"":9},{""u"":15,""v"":2,""w"":12},{""u"":15,""v"":3,""w"":16},{""u"":5,""v"":2,""w"":9},{""u"":5,""v"":3,""w"":13},{""u"":5,""v"":9,""w"":16},{""u"":12,""v"":3,""w"":9},{""u"":12,""v"":9,""w"":12},{""u"":2,""v"":9,""w"":9},{""u"":11,""v"":19,""w"":6},{""u"":19,""v"":16,""w"":7},{""u"":16,""v"":4,""w"":6},{""u"":4,""v"":3,""w"":10},{""u"":11,""v"":1,""w"":9},{""u"":1,""v"":13,""w"":12},{""u"":13,""v"":3,""w"":8},{""u"":11,""v"":17,""w"":5},{""u"":17,""v"":7,""w"":8},{""u"":7,""v"":6,""w"":7},{""u"":6,""v"":3,""w"":9},{""u"":11,""v"":10,""w"":11},{""u"":10,""v"":8,""w"":10},{""u"":8,""v"":3,""w"":9},{""u"":19,""v"":1,""w"":4},{""u"":1,""v"":16,""w"":5},{""u"":16,""v"":17,""w"":6},{""u"":4,""v"":7,""w"":4},{""u"":13,""v"":6,""w"":5},{""u"":7,""v"":8,""w"":6},{""u"":17,""v"":10,""w"":4},{""u"":6,""v"":19,""w"":7},{""u"":8,""v"":4,""w"":5},{""u"":10,""v"":16,""w"":6},{""u"":19,""v"":7,""w"":5},{""u"":1,""v"":6,""w"":6},{""u"":4,""v"":8,""w"":7},{""u"":13,""v"":19,""w"":5},{""u"":16,""v"":10,""w"":8},{""u"":7,""v"":1,""w"":4},{""u"":6,""v"":17,""w"":6},{""u"":8,""v"":6,""w"":4},{""u"":18,""v"":19,""w"":3},{""u"":14,""v"":1,""w"":4},{""u"":0,""v"":17,""w"":5},{""u"":15,""v"":16,""w"":4},{""u"":5,""v"":13,""w"":5},{""u"":12,""v"":7,""w"":4},{""u"":2,""v"":10,""w"":5},{""u"":0,""v"":19,""w"":6},{""u"":5,""v"":4,""w"":7},{""u"":19,""v"":0,""w"":8},{""u"":16,""v"":15,""w"":7},{""u"":4,""v"":5,""w"":9},{""u"":1,""v"":14,""w"":8},{""u"":13,""v"":12,""w"":8},{""u"":17,""v"":15,""w"":9},{""u"":7,""v"":5,""w"":7},{""u"":6,""v"":12,""w"":8},{""u"":10,""v"":2,""w"":6},{""u"":8,""v"":5,""w"":9}],""num_vertices"":20,""instance_type"":""adversarial"",""greedy_answer"":""Path: 11 \u2192 17 \u2192 10 \u2192 2 \u2192 3 \u2192 9, Cost: 22"",""greedy_succeeds"":false,""difficulty_numeric"":20,""critical_step_index"":1}","20 nodes, unidirectional"
SP_003,W1,"A messenger employed by a clandestine organization must carry a parcel from Hideout 11 to Collection Point 9 across an urban area of 20 locations (0-19). All streets run in a single direction only. The one-way street layout and transit durations in minutes are: - Hideout 11 to Relay Station 18: 3 mins - Relay Station 18 to Outstation 14: 4 mins - Outstation 14 to Intersection 0: 3 mins - Intersection 0 to Crossroads 15: 4 mins - Crossroads 15 to Storage Unit 5: 3 mins - Storage Unit 5 to Stockroom 12: 4 mins - Stockroom 12 to Checkpoint 2: 3 mins - Checkpoint 2 to Flyover 3: 4 mins - Flyover 3 to Collection Point 9: 3 mins - Hideout 11 to Outstation 14: 9 mins - Hideout 11 to Intersection 0: 12 mins - Hideout 11 to Crossroads 15: 16 mins - Relay Station 18 to Intersection 0: 9 mins - Relay Station 18 to Crossroads 15: 13 mins - Relay Station 18 to Storage Unit 5: 16 mins - Outstation 14 to Crossroads 15: 9 mins - Outstation 14 to Storage Unit 5: 12 mins - Outstation 14 to Stockroom 12: 16 mins - Intersection 0 to Storage Unit 5: 9 mins - Intersection 0 to Stockroom 12: 13 mins - Intersection 0 to Checkpoint 2: 16 mins - Crossroads 15 to Stockroom 12: 9 mins - Crossroads 15 to Checkpoint 2: 12 mins - Crossroads 15 to Flyover 3: 16 mins - Storage Unit 5 to Checkpoint 2: 9 mins - Storage Unit 5 to Flyover 3: 13 mins - Storage Unit 5 to Collection Point 9: 16 mins - Stockroom 12 to Flyover 3: 9 mins - Stockroom 12 to Collection Point 9: 12 mins - Checkpoint 2 to Collection Point 9: 9 mins - Hideout 11 to Back Alley 19: 6 mins - Back Alley 19 to Side Street 16: 7 mins - Side Street 16 to Underpass 4: 6 mins - Underpass 4 to Flyover 3: 10 mins - Hideout 11 to Narrow Lane 1: 9 mins - Narrow Lane 1 to Passageway 13: 12 mins - Passageway 13 to Flyover 3: 8 mins - Hideout 11 to Shortcut 17: 5 mins - Shortcut 17 to Overbridge 7: 8 mins - Overbridge 7 to Connector 6: 7 mins - Connector 6 to Flyover 3: 9 mins - Hideout 11 to Detour 10: 11 mins - Detour 10 to Tunnel 8: 10 mins - Tunnel 8 to Flyover 3: 9 mins - Back Alley 19 to Narrow Lane 1: 4 mins - Narrow Lane 1 to Side Street 16: 5 mins - Side Street 16 to Shortcut 17: 6 mins - Underpass 4 to Overbridge 7: 4 mins - Passageway 13 to Connector 6: 5 mins - Overbridge 7 to Tunnel 8: 6 mins - Shortcut 17 to Detour 10: 4 mins - Connector 6 to Back Alley 19: 7 mins - Tunnel 8 to Underpass 4: 5 mins - Detour 10 to Side Street 16: 6 mins - Back Alley 19 to Overbridge 7: 5 mins - Narrow Lane 1 to Connector 6: 6 mins - Underpass 4 to Tunnel 8: 7 mins - Passageway 13 to Back Alley 19: 5 mins - Side Street 16 to Detour 10: 8 mins - Overbridge 7 to Narrow Lane 1: 4 mins - Connector 6 to Shortcut 17: 6 mins - Tunnel 8 to Connector 6: 4 mins - Relay Station 18 to Back Alley 19: 3 mins - Outstation 14 to Narrow Lane 1: 4 mins - Intersection 0 to Shortcut 17: 5 mins - Crossroads 15 to Side Street 16: 4 mins - Storage Unit 5 to Passageway 13: 5 mins - Stockroom 12 to Overbridge 7: 4 mins - Checkpoint 2 to Detour 10: 5 mins - Intersection 0 to Back Alley 19: 6 mins - Storage Unit 5 to Underpass 4: 7 mins - Back Alley 19 to Intersection 0: 8 mins - Side Street 16 to Crossroads 15: 7 mins - Underpass 4 to Storage Unit 5: 9 mins - Narrow Lane 1 to Outstation 14: 8 mins - Passageway 13 to Stockroom 12: 8 mins - Shortcut 17 to Crossroads 15: 9 mins - Overbridge 7 to Storage Unit 5: 7 mins - Connector 6 to Stockroom 12: 8 mins - Detour 10 to Checkpoint 2: 6 mins - Tunnel 8 to Storage Unit 5: 9 mins What is the quickest path from Hideout 11 to Collection Point 9, and what will the total transit time be? Reply with only the path as a sequence of nodes and the total cost. Format: Path: X -> X -> X, Cost: X","Path: 11 → 17 → 10 → 2 → 3 → 9, Cost: 22",algorithmic,shortest_path,standard,Hard,medium,,Dijkstra,"{""subtype"":""SP"",""directed"":true,""source"":11,""target"":9,""graph"":[{""u"":11,""v"":18,""w"":3},{""u"":18,""v"":14,""w"":4},{""u"":14,""v"":0,""w"":3},{""u"":0,""v"":15,""w"":4},{""u"":15,""v"":5,""w"":3},{""u"":5,""v"":12,""w"":4},{""u"":12,""v"":2,""w"":3},{""u"":2,""v"":3,""w"":4},{""u"":3,""v"":9,""w"":3},{""u"":11,""v"":14,""w"":9},{""u"":11,""v"":0,""w"":12},{""u"":11,""v"":15,""w"":16},{""u"":18,""v"":0,""w"":9},{""u"":18,""v"":15,""w"":13},{""u"":18,""v"":5,""w"":16},{""u"":14,""v"":15,""w"":9},{""u"":14,""v"":5,""w"":12},{""u"":14,""v"":12,""w"":16},{""u"":0,""v"":5,""w"":9},{""u"":0,""v"":12,""w"":13},{""u"":0,""v"":2,""w"":16},{""u"":15,""v"":12,""w"":9},{""u"":15,""v"":2,""w"":12},{""u"":15,""v"":3,""w"":16},{""u"":5,""v"":2,""w"":9},{""u"":5,""v"":3,""w"":13},{""u"":5,""v"":9,""w"":16},{""u"":12,""v"":3,""w"":9},{""u"":12,""v"":9,""w"":12},{""u"":2,""v"":9,""w"":9},{""u"":11,""v"":19,""w"":6},{""u"":19,""v"":16,""w"":7},{""u"":16,""v"":4,""w"":6},{""u"":4,""v"":3,""w"":10},{""u"":11,""v"":1,""w"":9},{""u"":1,""v"":13,""w"":12},{""u"":13,""v"":3,""w"":8},{""u"":11,""v"":17,""w"":5},{""u"":17,""v"":7,""w"":8},{""u"":7,""v"":6,""w"":7},{""u"":6,""v"":3,""w"":9},{""u"":11,""v"":10,""w"":11},{""u"":10,""v"":8,""w"":10},{""u"":8,""v"":3,""w"":9},{""u"":19,""v"":1,""w"":4},{""u"":1,""v"":16,""w"":5},{""u"":16,""v"":17,""w"":6},{""u"":4,""v"":7,""w"":4},{""u"":13,""v"":6,""w"":5},{""u"":7,""v"":8,""w"":6},{""u"":17,""v"":10,""w"":4},{""u"":6,""v"":19,""w"":7},{""u"":8,""v"":4,""w"":5},{""u"":10,""v"":16,""w"":6},{""u"":19,""v"":7,""w"":5},{""u"":1,""v"":6,""w"":6},{""u"":4,""v"":8,""w"":7},{""u"":13,""v"":19,""w"":5},{""u"":16,""v"":10,""w"":8},{""u"":7,""v"":1,""w"":4},{""u"":6,""v"":17,""w"":6},{""u"":8,""v"":6,""w"":4},{""u"":18,""v"":19,""w"":3},{""u"":14,""v"":1,""w"":4},{""u"":0,""v"":17,""w"":5},{""u"":15,""v"":16,""w"":4},{""u"":5,""v"":13,""w"":5},{""u"":12,""v"":7,""w"":4},{""u"":2,""v"":10,""w"":5},{""u"":0,""v"":19,""w"":6},{""u"":5,""v"":4,""w"":7},{""u"":19,""v"":0,""w"":8},{""u"":16,""v"":15,""w"":7},{""u"":4,""v"":5,""w"":9},{""u"":1,""v"":14,""w"":8},{""u"":13,""v"":12,""w"":8},{""u"":17,""v"":15,""w"":9},{""u"":7,""v"":5,""w"":7},{""u"":6,""v"":12,""w"":8},{""u"":10,""v"":2,""w"":6},{""u"":8,""v"":5,""w"":9}],""num_vertices"":20,""instance_type"":""adversarial"",""greedy_answer"":""Path: 11 \u2192 17 \u2192 10 \u2192 2 \u2192 3 \u2192 9, Cost: 22"",""greedy_succeeds"":false,""difficulty_numeric"":20,""critical_step_index"":1}","20 nodes, unidirectional"
SP_003,W2,"| From | To | Time (mins) |
|------|----|-------------|
| Safe House 11 | Relay 18 | 3 |
| Relay 18 | Outpost 14 | 4 |
| Outpost 14 | Junction 0 | 3 |
| Junction 0 | Crossing 15 | 4 |
| Crossing 15 | Depot 5 | 3 |
| Depot 5 | Warehouse 12 | 4 |
| Warehouse 12 | Checkpoint 2 | 3 |
| Checkpoint 2 | Overpass 3 | 4 |
| Overpass 3 | Drop Point 9 | 3 |
| Safe House 11 | Outpost 14 | 9 |
| Safe House 11 | Junction 0 | 12 |
| Safe House 11 | Crossing 15 | 16 |
| Relay 18 | Junction 0 | 9 |
| Relay 18 | Crossing 15 | 13 |
| Relay 18 | Depot 5 | 16 |
| Outpost 14 | Crossing 15 | 9 |
| Outpost 14 | Depot 5 | 12 |
| Outpost 14 | Warehouse 12 | 16 |
| Junction 0 | Depot 5 | 9 |
| Junction 0 | Warehouse 12 | 13 |
| Junction 0 | Checkpoint 2 | 16 |
| Crossing 15 | Warehouse 12 | 9 |
| Crossing 15 | Checkpoint 2 | 12 |
| Crossing 15 | Overpass 3 | 16 |
| Depot 5 | Checkpoint 2 | 9 |
| Depot 5 | Overpass 3 | 13 |
| Depot 5 | Drop Point 9 | 16 |
| Warehouse 12 | Overpass 3 | 9 |
| Warehouse 12 | Drop Point 9 | 12 |
| Checkpoint 2 | Drop Point 9 | 9 |
| Safe House 11 | Alley 19 | 6 |
| Alley 19 | Backstreet 16 | 7 |
| Backstreet 16 | Underpass 4 | 6 |
| Underpass 4 | Overpass 3 | 10 |
| Safe House 11 | Sidestreet 1 | 9 |
| Sidestreet 1 | Laneway 13 | 12 |
| Laneway 13 | Overpass 3 | 8 |
| Safe House 11 | Shortcut 17 | 5 |
| Shortcut 17 | Flyover 7 | 8 |
| Flyover 7 | Interchange 6 | 7 |
| Interchange 6 | Overpass 3 | 9 |
| Safe House 11 | Bypass 10 | 11 |
| Bypass 10 | Tunnel 8 | 10 |
| Tunnel 8 | Overpass 3 | 9 |
| Alley 19 | Sidestreet 1 | 4 |
| Sidestreet 1 | Backstreet 16 | 5 |
| Backstreet 16 | Shortcut 17 | 6 |
| Underpass 4 | Flyover 7 | 4 |
| Laneway 13 | Interchange 6 | 5 |
| Flyover 7 | Tunnel 8 | 6 |
| Shortcut 17 | Bypass 10 | 4 |
| Interchange 6 | Alley 19 | 7 |
| Tunnel 8 | Underpass 4 | 5 |
| Bypass 10 | Backstreet 16 | 6 |
| Alley 19 | Flyover 7 | 5 |
| Sidestreet 1 | Interchange 6 | 6 |
| Underpass 4 | Tunnel 8 | 7 |
| Laneway 13 | Alley 19 | 5 |
| Backstreet 16 | Bypass 10 | 8 |
| Flyover 7 | Sidestreet 1 | 4 |
| Interchange 6 | Shortcut 17 | 6 |
| Tunnel 8 | Interchange 6 | 4 |
| Relay 18 | Alley 19 | 3 |
| Outpost 14 | Sidestreet 1 | 4 |
| Junction 0 | Shortcut 17 | 5 |
| Crossing 15 | Backstreet 16 | 4 |
| Depot 5 | Laneway 13 | 5 |
| Warehouse 12 | Flyover 7 | 4 |
| Checkpoint 2 | Bypass 10 | 5 |
| Junction 0 | Alley 19 | 6 |
| Depot 5 | Underpass 4 | 7 |
| Alley 19 | Junction 0 | 8 |
| Backstreet 16 | Crossing 15 | 7 |
| Underpass 4 | Depot 5 | 9 |
| Sidestreet 1 | Outpost 14 | 8 |
| Laneway 13 | Warehouse 12 | 8 |
| Shortcut 17 | Crossing 15 | 9 |
| Flyover 7 | Depot 5 | 7 |
| Interchange 6 | Warehouse 12 | 8 |
| Bypass 10 | Checkpoint 2 | 6 |
| Tunnel 8 | Depot 5 | 9 |

**Note:** All roads are one-way.

**Question:** What is the fastest route from Safe House 11 to Drop Point 9 across the 20-location (0–19) one-way road network? Reply as: `Path: X → X → X, Cost: X`","Path: 11 → 17 → 10 → 2 → 3 → 9, Cost: 22",algorithmic,shortest_path,standard,Hard,medium,,Dijkstra,"{""subtype"":""SP"",""directed"":true,""source"":11,""target"":9,""graph"":[{""u"":11,""v"":18,""w"":3},{""u"":18,""v"":14,""w"":4},{""u"":14,""v"":0,""w"":3},{""u"":0,""v"":15,""w"":4},{""u"":15,""v"":5,""w"":3},{""u"":5,""v"":12,""w"":4},{""u"":12,""v"":2,""w"":3},{""u"":2,""v"":3,""w"":4},{""u"":3,""v"":9,""w"":3},{""u"":11,""v"":14,""w"":9},{""u"":11,""v"":0,""w"":12},{""u"":11,""v"":15,""w"":16},{""u"":18,""v"":0,""w"":9},{""u"":18,""v"":15,""w"":13},{""u"":18,""v"":5,""w"":16},{""u"":14,""v"":15,""w"":9},{""u"":14,""v"":5,""w"":12},{""u"":14,""v"":12,""w"":16},{""u"":0,""v"":5,""w"":9},{""u"":0,""v"":12,""w"":13},{""u"":0,""v"":2,""w"":16},{""u"":15,""v"":12,""w"":9},{""u"":15,""v"":2,""w"":12},{""u"":15,""v"":3,""w"":16},{""u"":5,""v"":2,""w"":9},{""u"":5,""v"":3,""w"":13},{""u"":5,""v"":9,""w"":16},{""u"":12,""v"":3,""w"":9},{""u"":12,""v"":9,""w"":12},{""u"":2,""v"":9,""w"":9},{""u"":11,""v"":19,""w"":6},{""u"":19,""v"":16,""w"":7},{""u"":16,""v"":4,""w"":6},{""u"":4,""v"":3,""w"":10},{""u"":11,""v"":1,""w"":9},{""u"":1,""v"":13,""w"":12},{""u"":13,""v"":3,""w"":8},{""u"":11,""v"":17,""w"":5},{""u"":17,""v"":7,""w"":8},{""u"":7,""v"":6,""w"":7},{""u"":6,""v"":3,""w"":9},{""u"":11,""v"":10,""w"":11},{""u"":10,""v"":8,""w"":10},{""u"":8,""v"":3,""w"":9},{""u"":19,""v"":1,""w"":4},{""u"":1,""v"":16,""w"":5},{""u"":16,""v"":17,""w"":6},{""u"":4,""v"":7,""w"":4},{""u"":13,""v"":6,""w"":5},{""u"":7,""v"":8,""w"":6},{""u"":17,""v"":10,""w"":4},{""u"":6,""v"":19,""w"":7},{""u"":8,""v"":4,""w"":5},{""u"":10,""v"":16,""w"":6},{""u"":19,""v"":7,""w"":5},{""u"":1,""v"":6,""w"":6},{""u"":4,""v"":8,""w"":7},{""u"":13,""v"":19,""w"":5},{""u"":16,""v"":10,""w"":8},{""u"":7,""v"":1,""w"":4},{""u"":6,""v"":17,""w"":6},{""u"":8,""v"":6,""w"":4},{""u"":18,""v"":19,""w"":3},{""u"":14,""v"":1,""w"":4},{""u"":0,""v"":17,""w"":5},{""u"":15,""v"":16,""w"":4},{""u"":5,""v"":13,""w"":5},{""u"":12,""v"":7,""w"":4},{""u"":2,""v"":10,""w"":5},{""u"":0,""v"":19,""w"":6},{""u"":5,""v"":4,""w"":7},{""u"":19,""v"":0,""w"":8},{""u"":16,""v"":15,""w"":7},{""u"":4,""v"":5,""w"":9},{""u"":1,""v"":14,""w"":8},{""u"":13,""v"":12,""w"":8},{""u"":17,""v"":15,""w"":9},{""u"":7,""v"":5,""w"":7},{""u"":6,""v"":12,""w"":8},{""u"":10,""v"":2,""w"":6},{""u"":8,""v"":5,""w"":9}],""num_vertices"":20,""instance_type"":""adversarial"",""greedy_answer"":""Path: 11 \u2192 17 \u2192 10 \u2192 2 \u2192 3 \u2192 9, Cost: 22"",""greedy_succeeds"":false,""difficulty_numeric"":20,""critical_step_index"":1}","20 nodes, unidirectional"
SP_003,W3,"""In an electrical circuit consisting of 20 nodes (0–19), current must flow from node 11 to node 9 through a network of one-way conducting pathways, each with a specific resistance value in ohms. The goal is to find the path of least cumulative resistance through which current can travel. The directed connections and their resistance values are: (11→18,3), (18→14,4), (14→0,3), (0→15,4), (15→5,3), (5→12,4), (12→2,3), (2→3,4), (3→9,3), (11→14,9), (11→0,12), (11→15,16), (18→0,9), (18→15,13), (18→5,16), (14→15,9), (14→5,12), (14→12,16), (0→5,9), (0→12,13), (0→2,16), (15→12,9), (15→2,12), (15→3,16), (5→2,9), (5→3,13), (5→9,16), (12→3,9), (12→9,12), (2→9,9), (11→19,6), (19→16,7), (16→4,6), (4→3,10), (11→1,9), (1→13,12), (13→3,8), (11→17,5), (17→7,8), (7→6,7), (6→3,9), (11→10,11), (10→8,10), (8→3,9), (19→1,4), (1→16,5), (16→17,6), (4→7,4), (13→6,5), (7→8,6), (17→10,4), (6→19,7), (8→4,5), (10→16,6), (19→7,5), (1→6,6), (4→8,7), (13→19,5), (16→10,8), (7→1,4), (6→17,6), (8→6,4), (18→19,3), (14→1,4), (0→17,5), (15→16,4), (5→13,5), (12→7,4), (2→10,5), (0→19,6), (5→4,7), (19→0,8), (16→15,7), (4→5,9), (1→14,8), (13→12,8), (17→15,9), (7→5,7), (6→12,8), (10→2,6), (8→5,9). Determine the path of minimum total resistance from node 11 to node 9 and report the sequence of nodes along with the cumulative resistance.
Reply with only the path as a sequence of nodes and the total cost.
Format: Path: X -> X -> X, Cost: X""","Path: Hub L → Hub R → Hub K → Hub C → Hub D → Hub J, Cost: 22",algorithmic,shortest_path,standard,Hard,medium,,Dijkstra,"{""subtype"":""SP"",""directed"":true,""source"":11,""target"":9,""graph"":[{""u"":11,""v"":18,""w"":3},{""u"":18,""v"":14,""w"":4},{""u"":14,""v"":0,""w"":3},{""u"":0,""v"":15,""w"":4},{""u"":15,""v"":5,""w"":3},{""u"":5,""v"":12,""w"":4},{""u"":12,""v"":2,""w"":3},{""u"":2,""v"":3,""w"":4},{""u"":3,""v"":9,""w"":3},{""u"":11,""v"":14,""w"":9},{""u"":11,""v"":0,""w"":12},{""u"":11,""v"":15,""w"":16},{""u"":18,""v"":0,""w"":9},{""u"":18,""v"":15,""w"":13},{""u"":18,""v"":5,""w"":16},{""u"":14,""v"":15,""w"":9},{""u"":14,""v"":5,""w"":12},{""u"":14,""v"":12,""w"":16},{""u"":0,""v"":5,""w"":9},{""u"":0,""v"":12,""w"":13},{""u"":0,""v"":2,""w"":16},{""u"":15,""v"":12,""w"":9},{""u"":15,""v"":2,""w"":12},{""u"":15,""v"":3,""w"":16},{""u"":5,""v"":2,""w"":9},{""u"":5,""v"":3,""w"":13},{""u"":5,""v"":9,""w"":16},{""u"":12,""v"":3,""w"":9},{""u"":12,""v"":9,""w"":12},{""u"":2,""v"":9,""w"":9},{""u"":11,""v"":19,""w"":6},{""u"":19,""v"":16,""w"":7},{""u"":16,""v"":4,""w"":6},{""u"":4,""v"":3,""w"":10},{""u"":11,""v"":1,""w"":9},{""u"":1,""v"":13,""w"":12},{""u"":13,""v"":3,""w"":8},{""u"":11,""v"":17,""w"":5},{""u"":17,""v"":7,""w"":8},{""u"":7,""v"":6,""w"":7},{""u"":6,""v"":3,""w"":9},{""u"":11,""v"":10,""w"":11},{""u"":10,""v"":8,""w"":10},{""u"":8,""v"":3,""w"":9},{""u"":19,""v"":1,""w"":4},{""u"":1,""v"":16,""w"":5},{""u"":16,""v"":17,""w"":6},{""u"":4,""v"":7,""w"":4},{""u"":13,""v"":6,""w"":5},{""u"":7,""v"":8,""w"":6},{""u"":17,""v"":10,""w"":4},{""u"":6,""v"":19,""w"":7},{""u"":8,""v"":4,""w"":5},{""u"":10,""v"":16,""w"":6},{""u"":19,""v"":7,""w"":5},{""u"":1,""v"":6,""w"":6},{""u"":4,""v"":8,""w"":7},{""u"":13,""v"":19,""w"":5},{""u"":16,""v"":10,""w"":8},{""u"":7,""v"":1,""w"":4},{""u"":6,""v"":17,""w"":6},{""u"":8,""v"":6,""w"":4},{""u"":18,""v"":19,""w"":3},{""u"":14,""v"":1,""w"":4},{""u"":0,""v"":17,""w"":5},{""u"":15,""v"":16,""w"":4},{""u"":5,""v"":13,""w"":5},{""u"":12,""v"":7,""w"":4},{""u"":2,""v"":10,""w"":5},{""u"":0,""v"":19,""w"":6},{""u"":5,""v"":4,""w"":7},{""u"":19,""v"":0,""w"":8},{""u"":16,""v"":15,""w"":7},{""u"":4,""v"":5,""w"":9},{""u"":1,""v"":14,""w"":8},{""u"":13,""v"":12,""w"":8},{""u"":17,""v"":15,""w"":9},{""u"":7,""v"":5,""w"":7},{""u"":6,""v"":12,""w"":8},{""u"":10,""v"":2,""w"":6},{""u"":8,""v"":5,""w"":9}],""num_vertices"":20,""instance_type"":""adversarial"",""greedy_answer"":""Path: 11 \u2192 17 \u2192 10 \u2192 2 \u2192 3 \u2192 9, Cost: 22"",""greedy_succeeds"":false,""difficulty_numeric"":20,""critical_step_index"":1,""node_mapping"":{""0"":""Hub A"",""1"":""Hub B"",""2"":""Hub C"",""3"":""Hub D"",""4"":""Hub E"",""5"":""Hub F"",""6"":""Hub G"",""7"":""Hub H"",""8"":""Hub I"",""9"":""Hub J"",""10"":""Hub K"",""11"":""Hub L"",""12"":""Hub M"",""13"":""Hub N"",""14"":""Hub O"",""15"":""Hub P"",""16"":""Hub Q"",""17"":""Hub R"",""18"":""Hub S"",""19"":""Hub T""}}","20 nodes, unidirectional"
SP_003,W4,"Let G = (V, E, w) be a weighted directed graph where:

- V = {0, 1, 2, ..., 19} is the set of nodes
- E is the set of directed edges (one-way roads)
- w(u, v) is the travel time in minutes for edge (u, v)

Edge list in the form (u, v, w(u,v)):

(11,18,3), (18,14,4), (14,0,3), (0,15,4), (15,5,3), (5,12,4), (12,2,3), (2,3,4), (3,9,3), (11,14,9), (11,0,12), (11,15,16), (18,0,9), (18,15,13), (18,5,16), (14,15,9), (14,5,12), (14,12,16), (0,5,9), (0,12,13), (0,2,16), (15,12,9), (15,2,12), (15,3,16), (5,2,9), (5,3,13), (5,9,16), (12,3,9), (12,9,12), (2,9,9), (11,19,6), (19,16,7), (16,4,6), (4,3,10), (11,1,9), (1,13,12), (13,3,8), (11,17,5), (17,7,8), (7,6,7), (11,10,11), (10,8,10), (8,3,9), (19,1,4), (1,16,5), (16,17,6), (4,7,4), (13,6,5), (7,8,6), (17,10,4), (6,3,9), (8,4,5), (10,16,6), (19,7,5), (1,6,6), (4,8,7), (13,19,5), (16,10,8), (7,1,4), (6,17,6), (8,6,4), (18,19,3), (14,1,4), (0,17,5), (15,16,4), (5,13,5), (12,7,4), (2,10,5), (0,19,6), (5,4,7), (19,0,8), (16,15,7), (4,5,9), (1,14,8), (13,12,8), (17,15,9), (7,5,7), (6,12,8), (10,2,6), (8,5,9)

Objective:

Find a directed path P* = (v_0, v_1, ..., v_k) where v_0 = 11, v_k = 9, and each (v_i, v_{i+1}) is in E, such that the total cost:

cost(P) = sum of w(v_i, v_{i+1}) for all consecutive pairs in P

is minimized over all valid directed paths from node 11 to node 9.

Format: Path: X -> X -> X, Cost: X","Path: 11 → 17 → 10 → 2 → 3 → 9, Cost: 22",algorithmic,shortest_path,standard,Hard,medium,,Dijkstra,"{""subtype"":""SP"",""directed"":true,""source"":11,""target"":9,""graph"":[{""u"":11,""v"":18,""w"":3},{""u"":18,""v"":14,""w"":4},{""u"":14,""v"":0,""w"":3},{""u"":0,""v"":15,""w"":4},{""u"":15,""v"":5,""w"":3},{""u"":5,""v"":12,""w"":4},{""u"":12,""v"":2,""w"":3},{""u"":2,""v"":3,""w"":4},{""u"":3,""v"":9,""w"":3},{""u"":11,""v"":14,""w"":9},{""u"":11,""v"":0,""w"":12},{""u"":11,""v"":15,""w"":16},{""u"":18,""v"":0,""w"":9},{""u"":18,""v"":15,""w"":13},{""u"":18,""v"":5,""w"":16},{""u"":14,""v"":15,""w"":9},{""u"":14,""v"":5,""w"":12},{""u"":14,""v"":12,""w"":16},{""u"":0,""v"":5,""w"":9},{""u"":0,""v"":12,""w"":13},{""u"":0,""v"":2,""w"":16},{""u"":15,""v"":12,""w"":9},{""u"":15,""v"":2,""w"":12},{""u"":15,""v"":3,""w"":16},{""u"":5,""v"":2,""w"":9},{""u"":5,""v"":3,""w"":13},{""u"":5,""v"":9,""w"":16},{""u"":12,""v"":3,""w"":9},{""u"":12,""v"":9,""w"":12},{""u"":2,""v"":9,""w"":9},{""u"":11,""v"":19,""w"":6},{""u"":19,""v"":16,""w"":7},{""u"":16,""v"":4,""w"":6},{""u"":4,""v"":3,""w"":10},{""u"":11,""v"":1,""w"":9},{""u"":1,""v"":13,""w"":12},{""u"":13,""v"":3,""w"":8},{""u"":11,""v"":17,""w"":5},{""u"":17,""v"":7,""w"":8},{""u"":7,""v"":6,""w"":7},{""u"":6,""v"":3,""w"":9},{""u"":11,""v"":10,""w"":11},{""u"":10,""v"":8,""w"":10},{""u"":8,""v"":3,""w"":9},{""u"":19,""v"":1,""w"":4},{""u"":1,""v"":16,""w"":5},{""u"":16,""v"":17,""w"":6},{""u"":4,""v"":7,""w"":4},{""u"":13,""v"":6,""w"":5},{""u"":7,""v"":8,""w"":6},{""u"":17,""v"":10,""w"":4},{""u"":6,""v"":19,""w"":7},{""u"":8,""v"":4,""w"":5},{""u"":10,""v"":16,""w"":6},{""u"":19,""v"":7,""w"":5},{""u"":1,""v"":6,""w"":6},{""u"":4,""v"":8,""w"":7},{""u"":13,""v"":19,""w"":5},{""u"":16,""v"":10,""w"":8},{""u"":7,""v"":1,""w"":4},{""u"":6,""v"":17,""w"":6},{""u"":8,""v"":6,""w"":4},{""u"":18,""v"":19,""w"":3},{""u"":14,""v"":1,""w"":4},{""u"":0,""v"":17,""w"":5},{""u"":15,""v"":16,""w"":4},{""u"":5,""v"":13,""w"":5},{""u"":12,""v"":7,""w"":4},{""u"":2,""v"":10,""w"":5},{""u"":0,""v"":19,""w"":6},{""u"":5,""v"":4,""w"":7},{""u"":19,""v"":0,""w"":8},{""u"":16,""v"":15,""w"":7},{""u"":4,""v"":5,""w"":9},{""u"":1,""v"":14,""w"":8},{""u"":13,""v"":12,""w"":8},{""u"":17,""v"":15,""w"":9},{""u"":7,""v"":5,""w"":7},{""u"":6,""v"":12,""w"":8},{""u"":10,""v"":2,""w"":6},{""u"":8,""v"":5,""w"":9}],""num_vertices"":20,""instance_type"":""adversarial"",""greedy_answer"":""Path: 11 \u2192 17 \u2192 10 \u2192 2 \u2192 3 \u2192 9, Cost: 22"",""greedy_succeeds"":false,""difficulty_numeric"":20,""critical_step_index"":1}","20 nodes, unidirectional"
SP_004,canonical,"Climber Mara starts at Base Lodge (node 0) at time zero and needs to reach 
Summit Hut (node 9) as fast as possible across a network of 10 one-way 
mountain routes. Travel times are in hours. Critically, two routes are 
time-dependent — their cost changes depending on what time you arrive at 
the departure point:

Fixed routes (cost never changes):
- Base Lodge 0 to Waypoint 3: 4 hrs
- Waypoint 3 to Waypoint 6: 3 hrs
- Waypoint 4 to Waypoint 5: 3 hrs
- Waypoint 5 to Summit Hut 9: 3 hrs
- Base Lodge 0 to Waypoint 2: 5 hrs
- Waypoint 2 to Waypoint 5: 4 hrs
- Base Lodge 0 to Waypoint 7: 9 hrs
- Waypoint 7 to Waypoint 5: 4 hrs
- Waypoint 4 to Summit Hut 9: 7 hrs
- Waypoint 6 to Summit Hut 9: 8 hrs

Time-dependent routes:
- Base Lodge 0 to Waypoint 1: always 2 hrs
- Waypoint 1 to Waypoint 5: costs 3 hrs if you arrive at Waypoint 1 
  before or at hour 1, but costs 12 hrs if you arrive after hour 1
  (the morning fast-track closes after the first hour)
- Waypoint 6 to Waypoint 4: costs -5 hrs (saves 5 hrs — a cable car that 
  skips a long switchback) if you board before or at hour 10, but costs 
  4 hrs if you board after hour 10

Note: a negative cost means that route saves time — your cumulative 
travel time decreases by that amount.

What is the fastest route from Base Lodge 0 to Summit Hut 9, and what is 
the total travel time?

Reply with only the path as a sequence of nodes and the total cost.
Format: Path: X -> X -> X, Cost: X","Path: 0 → 3 → 6 → 4 → 5 → 9, Cost: 8",algorithmic,shortest_path,standard,Hard,low,,Bellman-Ford,"{""subtype"":""SP"",""directed"":true,""source"":0,""target"":9,""graph"":[{""u"":0,""v"":3,""w"":4},{""u"":3,""v"":6,""w"":3},{""u"":4,""v"":5,""w"":3},{""u"":5,""v"":9,""w"":3},{""u"":0,""v"":2,""w"":5},{""u"":2,""v"":5,""w"":4},{""u"":0,""v"":7,""w"":9},{""u"":7,""v"":5,""w"":4},{""u"":4,""v"":9,""w"":7},{""u"":6,""v"":9,""w"":8},{""u"":0,""v"":1,""w"":2},{""u"":1,""v"":5,""w"":3},{""u"":6,""v"":4,""w"":-5}],""num_vertices"":10,""instance_type"":""adversarial"",""greedy_answer"":""Path: 0 \u2192 3 \u2192 6 \u2192 4 \u2192 5 \u2192 9, Cost: 8"",""greedy_succeeds"":false,""difficulty_numeric"":10,""critical_step_index"":0}","10 nodes, unidirectional and time dependent"
SP_004,W1,"Mountaineer Mara departs from Starting Cabin (node 0) at time zero and must arrive at Peak Shelter (node 9) as quickly as possible through a network of 10 single-direction alpine trails. Journey durations are measured in hours. Notably, two trails are time-sensitive — their duration shifts depending on what hour you reach the departure point: Constant trails (duration never varies): - Starting Cabin 0 to Stopover 3: 4 hrs - Stopover 3 to Stopover 6: 3 hrs - Stopover 4 to Stopover 5: 3 hrs - Stopover 5 to Peak Shelter 9: 3 hrs - Starting Cabin 0 to Stopover 2: 5 hrs - Stopover 2 to Stopover 5: 4 hrs - Starting Cabin 0 to Stopover 7: 9 hrs - Stopover 7 to Stopover 5: 4 hrs - Stopover 4 to Peak Shelter 9: 7 hrs - Stopover 6 to Peak Shelter 9: 8 hrs Time-sensitive trails: - Starting Cabin 0 to Stopover 1: always 2 hrs - Stopover 1 to Stopover 5: takes 3 hrs if you reach Stopover 1 by or at hour 1, but takes 12 hrs if you arrive after hour 1 (the early morning express trail shuts down after the opening hour) - Stopover 6 to Stopover 4: saves 5 hrs (a gondola that bypasses a lengthy zigzag path) if you board by or at hour 10, but takes 4 hrs if you board after hour 10 Note: a negative duration means that trail reduces your total elapsed time. What is the quickest path from Starting Cabin 0 to Peak Shelter 9, and what is the total journey time? Reply with only the path as a sequence of nodes and the total cost. Format: Path: X -> X -> X, Cost: X","Path: 0 → 3 → 6 → 4 → 5 → 9, Cost: 8",algorithmic,shortest_path,standard,Hard,low,,Bellman-Ford,"{""subtype"":""SP"",""directed"":true,""source"":0,""target"":9,""graph"":[{""u"":0,""v"":3,""w"":4},{""u"":3,""v"":6,""w"":3},{""u"":4,""v"":5,""w"":3},{""u"":5,""v"":9,""w"":3},{""u"":0,""v"":2,""w"":5},{""u"":2,""v"":5,""w"":4},{""u"":0,""v"":7,""w"":9},{""u"":7,""v"":5,""w"":4},{""u"":4,""v"":9,""w"":7},{""u"":6,""v"":9,""w"":8},{""u"":0,""v"":1,""w"":2},{""u"":1,""v"":5,""w"":3},{""u"":6,""v"":4,""w"":-5}],""num_vertices"":10,""instance_type"":""adversarial"",""greedy_answer"":""Path: 0 \u2192 3 \u2192 6 \u2192 4 \u2192 5 \u2192 9, Cost: 8"",""greedy_succeeds"":false,""difficulty_numeric"":10,""critical_step_index"":0}","10 nodes, unidirectional and time dependent"
SP_004,W2,"| Category | From | To | Cost/Condition |
|----------|------|----|----------------|
| **Fixed Routes** | Base Lodge 0 | Waypoint 3 | 4 hrs |
| | Waypoint 3 | Waypoint 6 | 3 hrs |
| | Waypoint 4 | Waypoint 5 | 3 hrs |
| | Waypoint 5 | Summit Hut 9 | 3 hrs |
| | Base Lodge 0 | Waypoint 2 | 5 hrs |
| | Waypoint 2 | Waypoint 5 | 4 hrs |
| | Base Lodge 0 | Waypoint 7 | 9 hrs |
| | Waypoint 7 | Waypoint 5 | 4 hrs |
| | Waypoint 4 | Summit Hut 9 | 7 hrs |
| | Waypoint 6 | Summit Hut 9 | 8 hrs |
| **Time-Dependent Routes** | Base Lodge 0 | Waypoint 1 | Always 2 hrs |
| | Waypoint 1 | Waypoint 5 | 3 hrs if arrive at Waypoint 1 ≤ hour 1; else 12 hrs |
| | Waypoint 6 | Waypoint 4 | −5 hrs (cable car) if board ≤ hour 10; else 4 hrs |

**Note:** All routes are one-way. A negative cost means cumulative travel time decreases by that amount.

**Question:** What is the fastest route from Base Lodge 0 to Summit Hut 9 across the 10-node (0–9) one-way mountain network, considering time-dependent route costs? Reply as: `Path: X → X → X, Cost: X`","Path: 0 → 3 → 6 → 4 → 5 → 9, Cost: 8",algorithmic,shortest_path,standard,Hard,low,,Bellman-Ford,"{""subtype"":""SP"",""directed"":true,""source"":0,""target"":9,""graph"":[{""u"":0,""v"":3,""w"":4},{""u"":3,""v"":6,""w"":3},{""u"":4,""v"":5,""w"":3},{""u"":5,""v"":9,""w"":3},{""u"":0,""v"":2,""w"":5},{""u"":2,""v"":5,""w"":4},{""u"":0,""v"":7,""w"":9},{""u"":7,""v"":5,""w"":4},{""u"":4,""v"":9,""w"":7},{""u"":6,""v"":9,""w"":8},{""u"":0,""v"":1,""w"":2},{""u"":1,""v"":5,""w"":3},{""u"":6,""v"":4,""w"":-5}],""num_vertices"":10,""instance_type"":""adversarial"",""greedy_answer"":""Path: 0 \u2192 3 \u2192 6 \u2192 4 \u2192 5 \u2192 9, Cost: 8"",""greedy_succeeds"":false,""difficulty_numeric"":10,""critical_step_index"":0}","10 nodes, unidirectional and time dependent"
SP_004,W3,"""A data packet is injected into a communication network at Router 0 at timestamp zero and must reach Server 9 across 10 nodes with one-way transmission links. Transmission delays are measured in milliseconds. Two links in the network are time-sensitive — their transmission delay varies depending on the timestamp at which the packet arrives at the source router of that link. Fixed delay links (delay remains constant regardless of arrival time): (0→3: 4ms), (3→6: 3ms), (4→5: 3ms), (5→9: 3ms), (0→2: 5ms), (2→5: 4ms), (0→7: 9ms), (7→5: 4ms), (4→9: 7ms), (6→9: 8ms). Time-sensitive links: (0→1: always 2ms), (1→5: costs 3ms if packet arrives at node 1 at or before timestamp 1, but costs 12ms if it arrives after timestamp 1 — the high-speed channel closes after the first millisecond window), (6→4: saves 5ms, i.e. cost of -5ms, if packet arrives at node 6 at or before timestamp 10 — a hardware accelerator that reduces cumulative delay — but costs 4ms if it arrives after timestamp 10). Note that a negative cost on a link implies the route actively reduces the packet's cumulative travel time. Determine the sequence of routers through which the packet should be transmitted to minimize total end-to-end delay from Router 0 to Server 9, and report that minimum delay.
Reply with only the path as a sequence of nodes and the total cost.
Format: Path: X -> X -> X, Cost: X""","Path: Hub A → Hub D → Hub G → Hub E → Hub F → Hub J, Cost: 8",algorithmic,shortest_path,standard,Hard,low,,Bellman-Ford,"{""subtype"":""SP"",""directed"":true,""source"":0,""target"":9,""graph"":[{""u"":0,""v"":3,""w"":4},{""u"":3,""v"":6,""w"":3},{""u"":4,""v"":5,""w"":3},{""u"":5,""v"":9,""w"":3},{""u"":0,""v"":2,""w"":5},{""u"":2,""v"":5,""w"":4},{""u"":0,""v"":7,""w"":9},{""u"":7,""v"":5,""w"":4},{""u"":4,""v"":9,""w"":7},{""u"":6,""v"":9,""w"":8},{""u"":0,""v"":1,""w"":2},{""u"":1,""v"":5,""w"":3},{""u"":6,""v"":4,""w"":-5}],""num_vertices"":10,""instance_type"":""adversarial"",""greedy_answer"":""Path: 0 \u2192 3 \u2192 6 \u2192 4 \u2192 5 \u2192 9, Cost: 8"",""greedy_succeeds"":false,""difficulty_numeric"":10,""critical_step_index"":0,""node_mapping"":{""0"":""Hub A"",""1"":""Hub B"",""2"":""Hub C"",""3"":""Hub D"",""4"":""Hub E"",""5"":""Hub F"",""6"":""Hub G"",""7"":""Hub H"",""8"":""Hub I"",""9"":""Hub J""}}","10 nodes, unidirectional and time dependent"
SP_004,W4,"Let G = (V, E, w) be a weighted directed graph where:

- V = {0, 1, 2, ..., 9} is the set of nodes
- E is the set of directed edges (one-way routes)
- w(u, v, t) is the travel time in hours for edge (u, v) when departing at time t

Fixed edges where w(u, v, t) = w(u, v) for all t:

(0,3,4), (3,6,3), (4,5,3), (5,9,3), (0,2,5), (2,5,4), (0,7,9), (7,5,4), (4,9,7), (6,9,8)

Time-dependent edges:

w(0,1,t) = 2 for all t

w(1,5,t) = 3 if t <= 1, else 12

w(6,4,t) = -5 if t <= 10, else 4

Objective:

Find a directed path P* = (v_0, v_1, ..., v_k) where v_0 = 0, v_k = 9, and each (v_i, v_{i+1}) is in E, such that the total cost:

Let t_0 = 0 and t_{i+1} = t_i + w(v_i, v_{i+1}, t_i) for all i.

cost(P) = t_k

is minimized over all valid directed paths from node 0 to node 9, where t_k >= 0 must hold at every step.

Format: Path: X -> X -> X, Cost: X","Path: 0 → 3 → 6 → 4 → 5 → 9, Cost: 8",algorithmic,shortest_path,standard,Hard,low,,Bellman-Ford,"{""subtype"":""SP"",""directed"":true,""source"":0,""target"":9,""graph"":[{""u"":0,""v"":3,""w"":4},{""u"":3,""v"":6,""w"":3},{""u"":4,""v"":5,""w"":3},{""u"":5,""v"":9,""w"":3},{""u"":0,""v"":2,""w"":5},{""u"":2,""v"":5,""w"":4},{""u"":0,""v"":7,""w"":9},{""u"":7,""v"":5,""w"":4},{""u"":4,""v"":9,""w"":7},{""u"":6,""v"":9,""w"":8},{""u"":0,""v"":1,""w"":2},{""u"":1,""v"":5,""w"":3},{""u"":6,""v"":4,""w"":-5}],""num_vertices"":10,""instance_type"":""adversarial"",""greedy_answer"":""Path: 0 \u2192 3 \u2192 6 \u2192 4 \u2192 5 \u2192 9, Cost: 8"",""greedy_succeeds"":false,""difficulty_numeric"":10,""critical_step_index"":0}","10 nodes, unidirectional and time dependent"
SP_005,canonical,"A smuggler needs to transport contraband from Safe House A (node 0) to 
Destination X (node 15) through an underground network of 16 safe locations 
(0-15). Every tunnel is one-way. The tunnel network and transit times in 
minutes are:
 
- Safe House A (0) to Junction B (1): 5 mins
- Safe House A (0) to Checkpoint C (3): 8 mins
- Safe House A (0) to Hideout D (4): 7 mins
- Junction B (1) to Tunnel E (2): 4 mins
- Junction B (1) to Lookout F (5): 6 mins
- Junction B (1) to Chamber G (7): 9 mins
- Tunnel E (2) to Passage H (6): 5 mins
- Tunnel E (2) to Vault I (8): 7 mins
- Checkpoint C (3) to Chamber G (7): 6 mins
- Checkpoint C (3) to Crossing J (9): 8 mins
- Hideout D (4) to Lookout F (5): 4 mins
- Hideout D (4) to Crossing J (9): 7 mins
- Lookout F (5) to Passage H (6): 3 mins
- Lookout F (5) to Relay K (10): 8 mins
- Passage H (6) to Vault I (8): 4 mins
- Passage H (6) to Relay K (10): 6 mins
- Chamber G (7) to Vault I (8): 5 mins
- Chamber G (7) to Crossing J (9): 7 mins
- Vault I (8) to Relay K (10): 5 mins
- Vault I (8) to Waypoint L (11): 8 mins
- Crossing J (9) to Waypoint L (11): 6 mins
- Crossing J (9) to Outpost M (12): 9 mins
- Relay K (10) to Outpost M (12): 4 mins
- Relay K (10) to Staging N (13): 7 mins
- Waypoint L (11) to Staging N (13): 5 mins
- Waypoint L (11) to Terminal O (14): 8 mins
- Outpost M (12) to Terminal O (14): 6 mins
- Outpost M (12) to Destination X (15): 10 mins
- Staging N (13) to Terminal O (14): 3 mins
- Staging N (13) to Destination X (15): 11 mins
- Terminal O (14) to Destination X (15): 4 mins
 
What is the fastest route from Safe House A (0) to Destination X (15), and 
how long will it take?
 
Reply with only the path as a sequence of nodes and the total cost.
Format: Path: X -> X -> X, Cost: X","Path: 0 → 4 → 9 → 11 → 14 → 15, Cost: 32",algorithmic,shortest_path,standard,medium,medium,,Dijkstra,"{""subtype"":""SP"",""directed"":true,""source"":0,""target"":15,""graph"":[{""u"":0,""v"":1,""w"":5},{""u"":0,""v"":3,""w"":8},{""u"":0,""v"":4,""w"":7},{""u"":1,""v"":2,""w"":4},{""u"":1,""v"":5,""w"":6},{""u"":1,""v"":7,""w"":9},{""u"":2,""v"":6,""w"":5},{""u"":2,""v"":8,""w"":7},{""u"":3,""v"":7,""w"":6},{""u"":3,""v"":9,""w"":8},{""u"":4,""v"":5,""w"":4},{""u"":4,""v"":9,""w"":7},{""u"":5,""v"":6,""w"":3},{""u"":5,""v"":10,""w"":8},{""u"":6,""v"":8,""w"":4},{""u"":6,""v"":10,""w"":6},{""u"":7,""v"":8,""w"":5},{""u"":7,""v"":9,""w"":7},{""u"":8,""v"":10,""w"":5},{""u"":8,""v"":11,""w"":8},{""u"":9,""v"":11,""w"":6},{""u"":9,""v"":12,""w"":9},{""u"":10,""v"":12,""w"":4},{""u"":10,""v"":13,""w"":7},{""u"":11,""v"":13,""w"":5},{""u"":11,""v"":14,""w"":8},{""u"":12,""v"":14,""w"":6},{""u"":12,""v"":15,""w"":10},{""u"":13,""v"":14,""w"":3},{""u"":13,""v"":15,""w"":11},{""u"":14,""v"":15,""w"":4}],""num_vertices"":16,""instance_type"":""adversarial"",""greedy_answer"":""Path: 0 \u2192 4 \u2192 9 \u2192 11 \u2192 14 \u2192 15, Cost: 32"",""greedy_succeeds"":false,""difficulty_numeric"":16,""critical_step_index"":1}",
SP_005,W1,"A logistics coordinator dispatches a messenger from Central Station 0 and 
requires delivery to Terminal Endpoint 15 across a sprawling network of 16 
distribution points (0-15). Every passageway operates as a one-directional 
route. The directional passage network and travel durations in minutes are:

- Central Station 0 to Primary Node 1: 5 mins
- Central Station 0 to Waypoint C 3: 8 mins
- Central Station 0 to Outreach Point 4: 7 mins
- Primary Node 1 to Access Corridor 2: 4 mins
- Primary Node 1 to Observation Post 5: 6 mins
- Primary Node 1 to Distribution Hall 7: 9 mins
- Access Corridor 2 to Transit Passage 6: 5 mins
- Access Corridor 2 to Storage Vault 8: 7 mins
- Waypoint C 3 to Distribution Hall 7: 6 mins
- Waypoint C 3 to Transfer Junction 9: 8 mins
- Outreach Point 4 to Observation Post 5: 4 mins
- Outreach Point 4 to Transfer Junction 9: 7 mins
- Observation Post 5 to Transit Passage 6: 3 mins
- Observation Post 5 to Relay Station 10: 8 mins
- Transit Passage 6 to Storage Vault 8: 4 mins
- Transit Passage 6 to Relay Station 10: 6 mins
- Distribution Hall 7 to Storage Vault 8: 5 mins
- Distribution Hall 7 to Transfer Junction 9: 7 mins
- Storage Vault 8 to Relay Station 10: 5 mins
- Storage Vault 8 to Checkpoint 11: 8 mins
- Transfer Junction 9 to Checkpoint 11: 6 mins
- Transfer Junction 9 to Assembly Point 12: 9 mins
- Relay Station 10 to Assembly Point 12: 4 mins
- Relay Station 10 to Staging Area 13: 7 mins
- Checkpoint 11 to Staging Area 13: 5 mins
- Checkpoint 11 to Processing Hub 14: 8 mins
- Assembly Point 12 to Processing Hub 14: 6 mins
- Assembly Point 12 to Terminal Endpoint 15: 10 mins
- Staging Area 13 to Processing Hub 14: 3 mins
- Staging Area 13 to Terminal Endpoint 15: 11 mins
- Processing Hub 14 to Terminal Endpoint 15: 4 mins

What is the fastest route from Central Station 0 to Terminal Endpoint 15, 
and how long will the journey take?

Reply with only the path as a sequence of nodes and the total cost.
Format: Path: X -> X -> X, Cost: X","Path: 0 → 4 → 9 → 11 → 14 → 15, Cost: 32",algorithmic,shortest_path,standard,medium,medium,,Dijkstra,"{""subtype"":""SP"",""directed"":true,""source"":0,""target"":15,""graph"":[{""u"":0,""v"":1,""w"":5},{""u"":0,""v"":3,""w"":8},{""u"":0,""v"":4,""w"":7},{""u"":1,""v"":2,""w"":4},{""u"":1,""v"":5,""w"":6},{""u"":1,""v"":7,""w"":9},{""u"":2,""v"":6,""w"":5},{""u"":2,""v"":8,""w"":7},{""u"":3,""v"":7,""w"":6},{""u"":3,""v"":9,""w"":8},{""u"":4,""v"":5,""w"":4},{""u"":4,""v"":9,""w"":7},{""u"":5,""v"":6,""w"":3},{""u"":5,""v"":10,""w"":8},{""u"":6,""v"":8,""w"":4},{""u"":6,""v"":10,""w"":6},{""u"":7,""v"":8,""w"":5},{""u"":7,""v"":9,""w"":7},{""u"":8,""v"":10,""w"":5},{""u"":8,""v"":11,""w"":8},{""u"":9,""v"":11,""w"":6},{""u"":9,""v"":12,""w"":9},{""u"":10,""v"":12,""w"":4},{""u"":10,""v"":13,""w"":7},{""u"":11,""v"":13,""w"":5},{""u"":11,""v"":14,""w"":8},{""u"":12,""v"":14,""w"":6},{""u"":12,""v"":15,""w"":10},{""u"":13,""v"":14,""w"":3},{""u"":13,""v"":15,""w"":11},{""u"":14,""v"":15,""w"":4}],""num_vertices"":16,""instance_type"":""adversarial"",""greedy_answer"":""Path: 0 \u2192 4 \u2192 9 \u2192 11 \u2192 14 \u2192 15, Cost: 32"",""greedy_succeeds"":false,""difficulty_numeric"":16,""critical_step_index"":1}",
SP_005,W2,"| From | To | Pressure Loss (kPa) |
|------|----|--------------------|
| Central Reservoir 0 | Primary Node 1 | 5 |
| Primary Node 1 | Access Corridor 2 | 4 |
| Access Corridor 2 | Transit Passage 6 | 5 |
| Transit Passage 6 | Storage Vault 8 | 4 |
| Storage Vault 8 | Relay Station 10 | 5 |
| Relay Station 10 | Assembly Point 12 | 4 |
| Assembly Point 12 | Processing Hub 14 | 6 |
| Processing Hub 14 | Final Treatment Plant 15 | 4 |
| Central Reservoir 0 | Waypoint 3 | 8 |
| Waypoint 3 | Distribution Hall 7 | 6 |
| Distribution Hall 7 | Transfer Junction 9 | 7 |
| Transfer Junction 9 | Checkpoint 11 | 6 |
| Checkpoint 11 | Staging Area 13 | 8 |
| Staging Area 13 | Final Treatment Plant 15 | 11 |
| Central Reservoir 0 | Outreach Point 4 | 7 |
| Outreach Point 4 | Observation Post 5 | 4 |
| Observation Post 5 | Transit Passage 6 | 3 |
| Transit Passage 6 | Storage Vault 8 | 4 |
| Storage Vault 8 | Relay Station 10 | 5 |
| Relay Station 10 | Assembly Point 12 | 4 |
| Assembly Point 12 | Processing Hub 14 | 6 |
| Processing Hub 14 | Final Treatment Plant 15 | 4 |
| Primary Node 1 | Observation Post 5 | 6 |
| Primary Node 1 | Distribution Hall 7 | 9 |
| Access Corridor 2 | Storage Vault 8 | 7 |
| Waypoint 3 | Transfer Junction 9 | 8 |
| Outreach Point 4 | Transfer Junction 9 | 7 |
| Observation Post 5 | Relay Station 10 | 8 |
| Distribution Hall 7 | Storage Vault 8 | 5 |
| Distribution Hall 7 | Transfer Junction 9 | 7 |
| Transfer Junction 9 | Assembly Point 12 | 9 |

**Question:** What is the path of minimum total pressure loss from Central Reservoir 0 to Final Treatment Plant 15 in this 16-node one-way pipeline network?

Reply as: `Path: X → X → X, Cost: X`","Path: 0 → 4 → 9 → 11 → 14 → 15, Cost: 32",algorithmic,shortest_path,standard,medium,medium,,Dijkstra,"{""subtype"":""SP"",""directed"":true,""source"":0,""target"":15,""graph"":[{""u"":0,""v"":1,""w"":5},{""u"":0,""v"":3,""w"":8},{""u"":0,""v"":4,""w"":7},{""u"":1,""v"":2,""w"":4},{""u"":1,""v"":5,""w"":6},{""u"":1,""v"":7,""w"":9},{""u"":2,""v"":6,""w"":5},{""u"":2,""v"":8,""w"":7},{""u"":3,""v"":7,""w"":6},{""u"":3,""v"":9,""w"":8},{""u"":4,""v"":5,""w"":4},{""u"":4,""v"":9,""w"":7},{""u"":5,""v"":6,""w"":3},{""u"":5,""v"":10,""w"":8},{""u"":6,""v"":8,""w"":4},{""u"":6,""v"":10,""w"":6},{""u"":7,""v"":8,""w"":5},{""u"":7,""v"":9,""w"":7},{""u"":8,""v"":10,""w"":5},{""u"":8,""v"":11,""w"":8},{""u"":9,""v"":11,""w"":6},{""u"":9,""v"":12,""w"":9},{""u"":10,""v"":12,""w"":4},{""u"":10,""v"":13,""w"":7},{""u"":11,""v"":13,""w"":5},{""u"":11,""v"":14,""w"":8},{""u"":12,""v"":14,""w"":6},{""u"":12,""v"":15,""w"":10},{""u"":13,""v"":14,""w"":3},{""u"":13,""v"":15,""w"":11},{""u"":14,""v"":15,""w"":4}],""num_vertices"":16,""instance_type"":""adversarial"",""greedy_answer"":""Path: 0 \u2192 4 \u2192 9 \u2192 11 \u2192 14 \u2192 15, Cost: 32"",""greedy_succeeds"":false,""difficulty_numeric"":16,""critical_step_index"":1}",
SP_005,W3,"A municipal water authority operates a distribution system consisting of 16 
pumping stations (0–15) where water must flow from Central Reservoir 0 to 
Final Treatment Plant 15 through a network of one-way pipelines, each with 
a specific pressure loss value in kilopascals (kPa). The goal is to find 
the path of least cumulative pressure loss through which water can travel 
most efficiently. The directed connections and their pressure loss values are:

(0→1,5), (1→2,4), (2→6,5), (6→8,4), (8→10,5), (10→12,4), (12→14,6), 
(14→15,4),

(0→3,8), (3→7,6), (7→9,8), (9→11,6), (11→13,8), (13→15,11),

(0→4,7), (4→5,4), (5→6,3), (6→8,4), (8→10,5), (10→12,4), (12→14,6), 
(14→15,4),

(1→5,6), (1→7,9), (2→8,7), (3→9,8), (4→10,7), (5→11,8), (6→12,9), 
(7→13,7), (8→14,8), (9→15,6),

(0→8,25), (0→10,35), (0→12,45), (0→14,58), (1→14,55), (2→15,50), 
(3→15,48), (4→15,47), (5→15,42), (6→15,38), (7→15,34), (8→15,28), 
(9→15,22), (10→15,18), (11→15,15), (12→15,13), (13→15,12),

(1→3,9), (2→4,8), (3→5,7), (4→6,6), (5→7,5), (6→9,7), (7→11,6), 
(8→12,5), (9→13,8), (10→14,7), (11→3,5), (12→5,7), (13→6,4), 
(14→7,5), (15→8,3)

Determine the path of minimum total pressure loss from Central Reservoir 0 
to Final Treatment Plant 15 and report the sequence of pumping stations 
along with the cumulative pressure loss.

Reply with only the path as a sequence of nodes and the total cost.
Format: Path: X -> X -> X, Cost: X","Path: Hub A → Hub E → Hub J → Hub L → Hub O → Hub P, Cost: 32",algorithmic,shortest_path,standard,medium,medium,,Dijkstra,"{""subtype"":""SP"",""directed"":true,""source"":0,""target"":15,""graph"":[{""u"":0,""v"":1,""w"":5},{""u"":0,""v"":3,""w"":8},{""u"":0,""v"":4,""w"":7},{""u"":1,""v"":2,""w"":4},{""u"":1,""v"":5,""w"":6},{""u"":1,""v"":7,""w"":9},{""u"":2,""v"":6,""w"":5},{""u"":2,""v"":8,""w"":7},{""u"":3,""v"":7,""w"":6},{""u"":3,""v"":9,""w"":8},{""u"":4,""v"":5,""w"":4},{""u"":4,""v"":9,""w"":7},{""u"":5,""v"":6,""w"":3},{""u"":5,""v"":10,""w"":8},{""u"":6,""v"":8,""w"":4},{""u"":6,""v"":10,""w"":6},{""u"":7,""v"":8,""w"":5},{""u"":7,""v"":9,""w"":7},{""u"":8,""v"":10,""w"":5},{""u"":8,""v"":11,""w"":8},{""u"":9,""v"":11,""w"":6},{""u"":9,""v"":12,""w"":9},{""u"":10,""v"":12,""w"":4},{""u"":10,""v"":13,""w"":7},{""u"":11,""v"":13,""w"":5},{""u"":11,""v"":14,""w"":8},{""u"":12,""v"":14,""w"":6},{""u"":12,""v"":15,""w"":10},{""u"":13,""v"":14,""w"":3},{""u"":13,""v"":15,""w"":11},{""u"":14,""v"":15,""w"":4}],""num_vertices"":16,""instance_type"":""adversarial"",""greedy_answer"":""Path: 0 \u2192 4 \u2192 9 \u2192 11 \u2192 14 \u2192 15, Cost: 32"",""greedy_succeeds"":false,""difficulty_numeric"":16,""critical_step_index"":1,""node_mapping"":{""0"":""Hub A"",""1"":""Hub B"",""2"":""Hub C"",""3"":""Hub D"",""4"":""Hub E"",""5"":""Hub F"",""6"":""Hub G"",""7"":""Hub H"",""8"":""Hub I"",""9"":""Hub J"",""10"":""Hub K"",""11"":""Hub L"",""12"":""Hub M"",""13"":""Hub N"",""14"":""Hub O"",""15"":""Hub P""}}",
SP_005,W4,"Let G = (V, E, w) be a weighted directed graph where:
- V = {0, 1, 2, ..., 15} is the set of pumping stations
- E is the set of directed edges (one-way pipelines)
- w(u, v) is the pressure loss in kilopascals (kPa) for edge (u, v)

Edge list in the form (u, v, w(u,v)):
(0,1,5), (1,2,4), (2,6,5), (6,8,4), (8,10,5), (10,12,4), (12,14,6), (14,15,4),
(0,3,8), (3,7,6), (7,9,8), (9,11,6), (11,13,8), (13,15,11),
(0,4,7), (4,5,4), (5,6,3), (6,8,4), (8,10,5), (10,12,4), (12,14,6), (14,15,4),
(1,5,6), (1,7,9), (2,8,7), (3,9,8), (4,10,7), (5,11,8), (6,12,9), (7,13,7), (8,14,8), (9,15,6)

Objective: Find a path P* = (v_0, v_1, ..., v_k) where v_0 = 0, v_k = 15, and each (v_i, v_{i+1}) is in E, such that the total cost:

cost(P) = sum of w(v_i, v_{i+1}) for i = 0 to k-1

is minimized over all valid paths from node 0 to node 15.

Format: Path: X -> X -> X, Cost: X","Path: 0 → 4 → 9 → 11 → 14 → 15, Cost: 32",algorithmic,shortest_path,standard,medium,medium,,Dijkstra,"{""subtype"":""SP"",""directed"":true,""source"":0,""target"":15,""graph"":[{""u"":0,""v"":1,""w"":5},{""u"":0,""v"":3,""w"":8},{""u"":0,""v"":4,""w"":7},{""u"":1,""v"":2,""w"":4},{""u"":1,""v"":5,""w"":6},{""u"":1,""v"":7,""w"":9},{""u"":2,""v"":6,""w"":5},{""u"":2,""v"":8,""w"":7},{""u"":3,""v"":7,""w"":6},{""u"":3,""v"":9,""w"":8},{""u"":4,""v"":5,""w"":4},{""u"":4,""v"":9,""w"":7},{""u"":5,""v"":6,""w"":3},{""u"":5,""v"":10,""w"":8},{""u"":6,""v"":8,""w"":4},{""u"":6,""v"":10,""w"":6},{""u"":7,""v"":8,""w"":5},{""u"":7,""v"":9,""w"":7},{""u"":8,""v"":10,""w"":5},{""u"":8,""v"":11,""w"":8},{""u"":9,""v"":11,""w"":6},{""u"":9,""v"":12,""w"":9},{""u"":10,""v"":12,""w"":4},{""u"":10,""v"":13,""w"":7},{""u"":11,""v"":13,""w"":5},{""u"":11,""v"":14,""w"":8},{""u"":12,""v"":14,""w"":6},{""u"":12,""v"":15,""w"":10},{""u"":13,""v"":14,""w"":3},{""u"":13,""v"":15,""w"":11},{""u"":14,""v"":15,""w"":4}],""num_vertices"":16,""instance_type"":""adversarial"",""greedy_answer"":""Path: 0 \u2192 4 \u2192 9 \u2192 11 \u2192 14 \u2192 15, Cost: 32"",""greedy_succeeds"":false,""difficulty_numeric"":16,""critical_step_index"":1}",
WIS_001,canonical,"A farmer owns plots of land along a straight road. The plots are numbered 
0 through 9 from west to east. Due to access restrictions, no two adjacent 
plots can be harvested in the same season. Each plot has an expected crop 
yield in tonnes:

Plot 0: 8 tonnes
Plot 1: 3 tonnes
Plot 2: 6 tonnes
Plot 3: 2 tonnes
Plot 4: 9 tonnes
Plot 5: 4 tonnes
Plot 6: 7 tonnes
Plot 7: 1 tonne
Plot 8: 5 tonnes
Plot 9: 10 tonnes

Adjacent plots (cannot both be harvested):
0-1, 1-2, 2-3, 3-4, 4-5, 5-6, 6-7, 7-8, 8-9

Which plots should the farmer harvest to maximise total yield, and what 
is that maximum yield?

Reply with only the selected plots and the total weight.
Format: Selected: {X, X, X, ...}, Total: X","Selected: {0, 2, 4, 6, 9}, Total: 40",algorithmic,wis,adversarial,Easy,medium,,veryify_WIS,"{""subtype"":""WIS"",""intervals"":[{""id"":0,""start"":0,""end"":1,""weight"":8},{""id"":1,""start"":2,""end"":3,""weight"":3},{""id"":2,""start"":4,""end"":5,""weight"":6},{""id"":3,""start"":6,""end"":7,""weight"":2},{""id"":4,""start"":8,""end"":9,""weight"":9},{""id"":5,""start"":10,""end"":11,""weight"":4},{""id"":6,""start"":12,""end"":13,""weight"":7},{""id"":7,""start"":14,""end"":15,""weight"":1},{""id"":8,""start"":16,""end"":17,""weight"":5},{""id"":9,""start"":18,""end"":19,""weight"":10}],""greedy_succeeds"":true,""instance_type"":""standard"",""greedy_answer"":""Selected: {0, 2, 4, 6, 9}, Total: 40"",""difficulty_numeric"":10,""critical_step_index"":-1}",
WIS_001,W1,"A landowner possesses parcels of farmland along a linear country lane. The parcels are labeled 0 through 9 from the western end to the eastern end. Due to land access regulations, no two neighboring parcels can be reaped during the same growing period. Each parcel has an anticipated harvest output in tonnes: Parcel 0: 8 tonnes Parcel 1: 3 tonnes Parcel 2: 6 tonnes Parcel 3: 2 tonnes Parcel 4: 9 tonnes Parcel 5: 4 tonnes Parcel 6: 7 tonnes Parcel 7: 1 tonne Parcel 8: 5 tonnes Parcel 9: 10 tonnes Neighboring parcels (cannot both be reaped): 0-1, 1-2, 2-3, 3-4, 4-5, 5-6, 6-7, 7-8, 8-9 Which parcels should the landowner reap to maximize total harvest output, and what is that peak yield? Reply with only the chosen parcels and the total weight. Format: Selected: {X, X, X, ...}, Total: X","Selected: {0, 2, 4, 6, 9}, Total: 40",algorithmic,wis,adversarial,Easy,medium,,veryify_WIS,"{""subtype"":""WIS"",""intervals"":[{""id"":0,""start"":0,""end"":1,""weight"":8},{""id"":1,""start"":2,""end"":3,""weight"":3},{""id"":2,""start"":4,""end"":5,""weight"":6},{""id"":3,""start"":6,""end"":7,""weight"":2},{""id"":4,""start"":8,""end"":9,""weight"":9},{""id"":5,""start"":10,""end"":11,""weight"":4},{""id"":6,""start"":12,""end"":13,""weight"":7},{""id"":7,""start"":14,""end"":15,""weight"":1},{""id"":8,""start"":16,""end"":17,""weight"":5},{""id"":9,""start"":18,""end"":19,""weight"":10}],""greedy_succeeds"":true,""instance_type"":""standard"",""greedy_answer"":""Selected: {0, 2, 4, 6, 9}, Total: 40"",""difficulty_numeric"":10,""critical_step_index"":-1}",
WIS_001,W2,"| Field | Details |
|-------|---------|
| Problem | Select plots to maximise total yield; no two adjacent plots can be harvested in the same season |
| Layout | Plots numbered 0–9 from west to east (straight road) |

| Plot | Yield (tonnes) |
|------|---------------|
| 0 | 8 |
| 1 | 3 |
| 2 | 6 |
| 3 | 2 |
| 4 | 9 |
| 5 | 4 |
| 6 | 7 |
| 7 | 1 |
| 8 | 5 |
| 9 | 10 |

| Adjacency Table | |
|--------|--------|
| Plot A | Plot B |
| 0 | 1 |
| 1 | 2 |
| 2 | 3 |
| 3 | 4 |
| 4 | 5 |
| 5 | 6 |
| 6 | 7 |
| 7 | 8 |
| 8 | 9 |

Question: Which plots should the farmer harvest to maximise total yield, given no two adjacent plots can be selected? Reply as: Selected: {X, X, X, ...}, Total: X","Selected: {0, 2, 4, 6, 9}, Total: 40",algorithmic,wis,adversarial,Easy,medium,,veryify_WIS,"{""subtype"":""WIS"",""intervals"":[{""id"":0,""start"":0,""end"":1,""weight"":8},{""id"":1,""start"":2,""end"":3,""weight"":3},{""id"":2,""start"":4,""end"":5,""weight"":6},{""id"":3,""start"":6,""end"":7,""weight"":2},{""id"":4,""start"":8,""end"":9,""weight"":9},{""id"":5,""start"":10,""end"":11,""weight"":4},{""id"":6,""start"":12,""end"":13,""weight"":7},{""id"":7,""start"":14,""end"":15,""weight"":1},{""id"":8,""start"":16,""end"":17,""weight"":5},{""id"":9,""start"":18,""end"":19,""weight"":10}],""greedy_succeeds"":true,""instance_type"":""standard"",""greedy_answer"":""Selected: {0, 2, 4, 6, 9}, Total: 40"",""difficulty_numeric"":10,""critical_step_index"":-1}",
WIS_001,W3,"""A thief breaks into a street of 10 houses numbered 0 to 9. Security systems link every pair of neighboring houses, meaning robbing two directly adjacent houses will trigger an alarm. Each house contains valuables worth: House 0: $8K, House 1: $3K, House 2: $6K, House 3: $2K, House 4: $9K, House 5: $4K, House 6: $7K, House 7: $1K, House 8: $5K, House 9: $10K. Which combination of houses should the thief rob to maximize the total stolen value without triggering any alarm, and what is that maximum value?
Reply with only the selected houses and the total value.
Format: Selected: {X, X, X, ...}, Total: X""","Selected: {Item A, Item C, Item E, Item G, Item J}, Total: 40",algorithmic,wis,adversarial,Easy,high,,veryify_WIS,"{""subtype"":""WIS"",""intervals"":[{""id"":0,""start"":0,""end"":1,""weight"":8},{""id"":1,""start"":2,""end"":3,""weight"":3},{""id"":2,""start"":4,""end"":5,""weight"":6},{""id"":3,""start"":6,""end"":7,""weight"":2},{""id"":4,""start"":8,""end"":9,""weight"":9},{""id"":5,""start"":10,""end"":11,""weight"":4},{""id"":6,""start"":12,""end"":13,""weight"":7},{""id"":7,""start"":14,""end"":15,""weight"":1},{""id"":8,""start"":16,""end"":17,""weight"":5},{""id"":9,""start"":18,""end"":19,""weight"":10}],""greedy_succeeds"":true,""instance_type"":""standard"",""greedy_answer"":""Selected: {0, 2, 4, 6, 9}, Total: 40"",""difficulty_numeric"":10,""critical_step_index"":-1,""item_mapping"":{""0"":""Item A"",""1"":""Item B"",""2"":""Item C"",""3"":""Item D"",""4"":""Item E"",""5"":""Item F"",""6"":""Item G"",""7"":""Item H"",""8"":""Item I"",""9"":""Item J""}}",
WIS_001,W4,"Let G = (V, E) be an undirected graph where:

V = {0, 1, 2, 3, 4, 5, 6, 7, 8, 9}

E = {{0,1}, {1,2}, {2,3}, {3,4}, {4,5}, {5,6}, {6,7}, {7,8}, {8,9}}

Let the weight function w: V -> R+ be defined as:

w = {0->8, 1->3, 2->6, 3->2, 4->9, 5->4, 6->7, 7->1, 8->5, 9->10}

Find an independent set S ⊆ V such that:

maximise W(S) = sum of w(v) for all v in S

subject to: for all u, v in S: {u, v} not in E

Report only S and W(S).

Format: Selected: {x1, x2, ...}, Total: W(S)","Selected: {0, 2, 4, 6, 9}, Total: 40",algorithmic,wis,adversarial,Easy,medium,,veryify_WIS,"{""subtype"":""WIS"",""intervals"":[{""id"":0,""start"":0,""end"":1,""weight"":8},{""id"":1,""start"":2,""end"":3,""weight"":3},{""id"":2,""start"":4,""end"":5,""weight"":6},{""id"":3,""start"":6,""end"":7,""weight"":2},{""id"":4,""start"":8,""end"":9,""weight"":9},{""id"":5,""start"":10,""end"":11,""weight"":4},{""id"":6,""start"":12,""end"":13,""weight"":7},{""id"":7,""start"":14,""end"":15,""weight"":1},{""id"":8,""start"":16,""end"":17,""weight"":5},{""id"":9,""start"":18,""end"":19,""weight"":10}],""greedy_succeeds"":true,""instance_type"":""standard"",""greedy_answer"":""Selected: {0, 2, 4, 6, 9}, Total: 40"",""difficulty_numeric"":10,""critical_step_index"":-1}",
WIS_002,canonical,"A city has a hierarchical road network with 12 districts (0-11). 
Roadworks mean that if two directly connected districts are both chosen 
for a festival event, there will be traffic chaos. The city wants to 
select as many districts as possible — weighted by expected attendance 
— while avoiding any two directly connected districts.

Expected attendance (thousands) per district:
District 0: 6    District 1: 14   District 2: 3    District 3: 11
District 4: 2    District 5: 3    District 6: 4    District 7: 9
District 8: 4    District 9: 5    District 10: 8   District 11: 10

Direct connections (cannot both host an event):
0-1, 0-2, 0-3, 0-4
1-5, 1-6
2-7
3-8, 3-9
4-10, 4-11

Which districts should host the festival to maximise total attendance, 
and what is that maximum?

Reply with only the selected districts and the total weight.
Format: Selected: {X, X, X, ...}, Total: X","Selected: {1, 3, 7, 10, 11}, Total: 52",algorithmic,wis,adversarial,medium,medium,,veryify_WIS,"{""subtype"":""WIS"",""intervals"":[{""id"":0,""start"":0,""end"":1,""weight"":6},{""id"":1,""start"":2,""end"":3,""weight"":14},{""id"":2,""start"":4,""end"":5,""weight"":3},{""id"":3,""start"":6,""end"":7,""weight"":11},{""id"":4,""start"":8,""end"":9,""weight"":2},{""id"":5,""start"":10,""end"":11,""weight"":3},{""id"":6,""start"":12,""end"":13,""weight"":4},{""id"":7,""start"":14,""end"":15,""weight"":9},{""id"":8,""start"":16,""end"":17,""weight"":4},{""id"":9,""start"":18,""end"":19,""weight"":5},{""id"":10,""start"":20,""end"":21,""weight"":8},{""id"":11,""start"":22,""end"":23,""weight"":10}],""greedy_succeeds"":true,""instance_type"":""standard"",""greedy_answer"":""Selected: {1, 3, 7, 10, 11}, Total: 52"",""difficulty_numeric"":12,""critical_step_index"":-1}",
WIS_002,W1,"A metropolis contains a tiered street network with 12 zones (0-11). Construction work means that if two directly linked zones are both selected for a carnival gathering, there will be gridlock. The city aims to pick as many zones as possible — weighted by projected turnout — while ensuring no two directly linked zones are both chosen. Projected turnout (thousands) per zone: Zone 0: 6 Zone 1: 14 Zone 2: 3 Zone 3: 11 Zone 4: 2 Zone 5: 3 Zone 6: 4 Zone 7: 9 Zone 8: 4 Zone 9: 5 Zone 10: 8 Zone 11: 10 Direct links (cannot both stage a gathering): 0-1, 0-2, 0-3, 0-4 1-5, 1-6 2-7 3-8, 3-9 4-10, 4-11 Which zones should stage the carnival to maximize total turnout, and what is that peak figure? Reply with only the chosen zones and the total weight. Format: Selected: {X, X, X, ...}, Total: X","Selected: {1, 3, 7, 10, 11}, Total: 52",algorithmic,wis,adversarial,medium,medium,,veryify_WIS,"{""subtype"":""WIS"",""intervals"":[{""id"":0,""start"":0,""end"":1,""weight"":6},{""id"":1,""start"":2,""end"":3,""weight"":14},{""id"":2,""start"":4,""end"":5,""weight"":3},{""id"":3,""start"":6,""end"":7,""weight"":11},{""id"":4,""start"":8,""end"":9,""weight"":2},{""id"":5,""start"":10,""end"":11,""weight"":3},{""id"":6,""start"":12,""end"":13,""weight"":4},{""id"":7,""start"":14,""end"":15,""weight"":9},{""id"":8,""start"":16,""end"":17,""weight"":4},{""id"":9,""start"":18,""end"":19,""weight"":5},{""id"":10,""start"":20,""end"":21,""weight"":8},{""id"":11,""start"":22,""end"":23,""weight"":10}],""greedy_succeeds"":true,""instance_type"":""standard"",""greedy_answer"":""Selected: {1, 3, 7, 10, 11}, Total: 52"",""difficulty_numeric"":12,""critical_step_index"":-1}",
WIS_002,W2,"| Field | Details |
|-------|---------|
| Problem | Select districts to maximise total attendance; no two directly connected districts can both host an event |
| Layout | 12 districts (0–11) in a hierarchical road network |

| District | Attendance (thousands) |
|----------|----------------------|
| 0 | 6 |
| 1 | 14 |
| 2 | 3 |
| 3 | 11 |
| 4 | 2 |
| 5 | 3 |
| 6 | 4 |
| 7 | 9 |
| 8 | 4 |
| 9 | 5 |
| 10 | 8 |
| 11 | 10 |

| Adjacency Table | |
|------------|------------|
| District A | District B |
| 0 | 1 |
| 0 | 2 |
| 0 | 3 |
| 0 | 4 |
| 1 | 5 |
| 1 | 6 |
| 2 | 7 |
| 3 | 8 |
| 3 | 9 |
| 4 | 10 |
| 4 | 11 |

Question: Which districts should host the festival to maximise total attendance, given no two directly connected districts can both be selected? Reply as: Selected: {X, X, X, ...}, Total: X","Selected: {1, 3, 7, 10, 11}, Total: 52",algorithmic,wis,adversarial,medium,medium,,veryify_WIS,"{""subtype"":""WIS"",""intervals"":[{""id"":0,""start"":0,""end"":1,""weight"":6},{""id"":1,""start"":2,""end"":3,""weight"":14},{""id"":2,""start"":4,""end"":5,""weight"":3},{""id"":3,""start"":6,""end"":7,""weight"":11},{""id"":4,""start"":8,""end"":9,""weight"":2},{""id"":5,""start"":10,""end"":11,""weight"":3},{""id"":6,""start"":12,""end"":13,""weight"":4},{""id"":7,""start"":14,""end"":15,""weight"":9},{""id"":8,""start"":16,""end"":17,""weight"":4},{""id"":9,""start"":18,""end"":19,""weight"":5},{""id"":10,""start"":20,""end"":21,""weight"":8},{""id"":11,""start"":22,""end"":23,""weight"":10}],""greedy_succeeds"":true,""instance_type"":""standard"",""greedy_answer"":""Selected: {1, 3, 7, 10, 11}, Total: 52"",""difficulty_numeric"":12,""critical_step_index"":-1}",
WIS_002,W3,"""A corporate network has 12 servers (0–11) arranged in a hierarchy. Due to bandwidth constraints, activating two directly linked servers simultaneously causes a system overload. The network administrator wants to activate the maximum number of servers weighted by their processing capacity in gigaflops: Server 0: 6, Server 1: 14, Server 2: 3, Server 3: 11, Server 4: 2, Server 5: 3, Server 6: 4, Server 7: 9, Server 8: 4, Server 9: 5, Server 10: 8, Server 11: 10. Direct links between servers that cannot both be active simultaneously: (0,1), (0,2), (0,3), (0,4), (1,5), (1,6), (2,7), (3,8), (3,9), (4,10), (4,11). Which combination of servers should be activated to maximize total processing capacity without causing any overload, and what is that maximum capacity?
Reply with only the selected servers and the total capacity.
Format: Selected: {X, X, X, ...}, Total: X""","Selected: {Item B, Item D, Item H, Item K, Item L}, Total: 52",algorithmic,wis,adversarial,medium,medium,,veryify_WIS,"{""subtype"":""WIS"",""intervals"":[{""id"":0,""start"":0,""end"":1,""weight"":6},{""id"":1,""start"":2,""end"":3,""weight"":14},{""id"":2,""start"":4,""end"":5,""weight"":3},{""id"":3,""start"":6,""end"":7,""weight"":11},{""id"":4,""start"":8,""end"":9,""weight"":2},{""id"":5,""start"":10,""end"":11,""weight"":3},{""id"":6,""start"":12,""end"":13,""weight"":4},{""id"":7,""start"":14,""end"":15,""weight"":9},{""id"":8,""start"":16,""end"":17,""weight"":4},{""id"":9,""start"":18,""end"":19,""weight"":5},{""id"":10,""start"":20,""end"":21,""weight"":8},{""id"":11,""start"":22,""end"":23,""weight"":10}],""greedy_succeeds"":true,""instance_type"":""standard"",""greedy_answer"":""Selected: {1, 3, 7, 10, 11}, Total: 52"",""difficulty_numeric"":12,""critical_step_index"":-1,""item_mapping"":{""0"":""Item A"",""1"":""Item B"",""2"":""Item C"",""3"":""Item D"",""4"":""Item E"",""5"":""Item F"",""6"":""Item G"",""7"":""Item H"",""8"":""Item I"",""9"":""Item J"",""10"":""Item K"",""11"":""Item L""}}",
WIS_002,W4,"Let G = (V, E) be an undirected graph where:
V = {0, 1, 2, 3, 4, 5, 6, 7, 8, 9, 10, 11}
E = {{0,1}, {0,2}, {0,3}, {0,4}, {1,5}, {1,6}, {2,7}, {3,8}, {3,9}, {4,10}, {4,11}}
Let the weight function w: V -> R+ be defined as:
w = {0->6, 1->14, 2->3, 3->11, 4->2, 5->3, 6->4, 7->9, 8->4, 9->5, 10->8, 11->10}
Find an independent set S ⊆ V such that:
maximise W(S) = sum of w(v) for all v in S
subject to: for all u, v in S: {u, v} not in E
Report only S and W(S).
Format: Selected: {x1, x2, ...}, Total: W(S)","Selected: {1, 3, 7, 10, 11}, Total: 52",algorithmic,wis,adversarial,medium,medium,,veryify_WIS,"{""subtype"":""WIS"",""intervals"":[{""id"":0,""start"":0,""end"":1,""weight"":6},{""id"":1,""start"":2,""end"":3,""weight"":14},{""id"":2,""start"":4,""end"":5,""weight"":3},{""id"":3,""start"":6,""end"":7,""weight"":11},{""id"":4,""start"":8,""end"":9,""weight"":2},{""id"":5,""start"":10,""end"":11,""weight"":3},{""id"":6,""start"":12,""end"":13,""weight"":4},{""id"":7,""start"":14,""end"":15,""weight"":9},{""id"":8,""start"":16,""end"":17,""weight"":4},{""id"":9,""start"":18,""end"":19,""weight"":5},{""id"":10,""start"":20,""end"":21,""weight"":8},{""id"":11,""start"":22,""end"":23,""weight"":10}],""greedy_succeeds"":true,""instance_type"":""standard"",""greedy_answer"":""Selected: {1, 3, 7, 10, 11}, Total: 52"",""difficulty_numeric"":12,""critical_step_index"":-1}",
WIS_003,canonical,"A cybersecurity firm is deploying monitoring sensors across 14 server 
nodes in a network. Two servers that are directly connected share traffic 
logs, meaning deploying sensors on both would be redundant. Each server 
has an importance score. The firm wants to maximise total importance 
of monitored servers while avoiding any two directly connected servers.

Importance scores:
Server 0: 15    Server 1: 6     Server 2: 7     Server 3: 8
Server 4: 13    Server 5: 9     Server 6: 8     Server 7: 7
Server 8: 11    Server 9: 5     Server 10: 6    Server 11: 7
Server 12: 9    Server 13: 8

Direct connections (cannot both be monitored):
0-1, 0-2, 0-3
4-5, 4-6, 4-7
8-9, 8-10, 8-11
1-5, 3-6, 2-9, 7-10, 6-11
4-12, 12-13, 8-13
0-4, 5-8

Which servers should be monitored to maximise total importance, and 
what is that maximum?

Reply with only the selected servers and the total weight.
Format: Selected: {X, X, X, ...}, Total: X","Selected: {1, 2, 3, 4, 10, 11, 13}, Total: 55",algorithmic,wis,adversarial,medium,low,,veryify_WIS,"{""subtype"":""WIS"",""intervals"":[{""id"":0,""start"":0,""end"":1,""weight"":15},{""id"":1,""start"":2,""end"":3,""weight"":6},{""id"":2,""start"":4,""end"":5,""weight"":7},{""id"":3,""start"":6,""end"":7,""weight"":8},{""id"":4,""start"":8,""end"":9,""weight"":13},{""id"":5,""start"":10,""end"":11,""weight"":9},{""id"":6,""start"":12,""end"":13,""weight"":8},{""id"":7,""start"":14,""end"":15,""weight"":7},{""id"":8,""start"":16,""end"":17,""weight"":11},{""id"":9,""start"":18,""end"":19,""weight"":5},{""id"":10,""start"":20,""end"":21,""weight"":6},{""id"":11,""start"":22,""end"":23,""weight"":7},{""id"":12,""start"":24,""end"":25,""weight"":9},{""id"":13,""start"":26,""end"":27,""weight"":8}],""greedy_succeeds"":false,""instance_type"":""adversarial"",""greedy_answer"":""Selected: {1, 2, 3, 4, 10, 11, 13}, Total: 55"",""difficulty_numeric"":14,""critical_step_index"":0}",
WIS_003,W1,"A network security company is installing surveillance sensors across 14 computing nodes in a digital infrastructure. Two computing nodes that are directly linked exchange traffic data, meaning placing sensors on both would be duplicative. Each computing node carries a criticality rating. The company aims to maximize the total criticality of surveilled nodes while ensuring no two directly linked nodes are both selected. Criticality ratings: Node 0: 15 Node 1: 6 Node 2: 7 Node 3: 8 Node 4: 13 Node 5: 9 Node 6: 8 Node 7: 7 Node 8: 11 Node 9: 5 Node 10: 6 Node 11: 7 Node 12: 9 Node 13: 8 Direct links (cannot both be surveilled): 0-1, 0-2, 0-3 4-5, 4-6, 4-7 8-9, 8-10, 8-11 1-5, 3-6, 2-9, 7-10, 6-11 4-12, 12-13, 8-13 0-4, 5-8 Which computing nodes should be surveilled to maximize total criticality, and what is that peak value? Reply with only the chosen nodes and the total weight. Format: Selected: {X, X, X, ...}, Total: X","Selected: {1, 2, 3, 4, 10, 11, 13}, Total: 55",algorithmic,wis,adversarial,medium,low,,veryify_WIS,"{""subtype"":""WIS"",""intervals"":[{""id"":0,""start"":0,""end"":1,""weight"":15},{""id"":1,""start"":2,""end"":3,""weight"":6},{""id"":2,""start"":4,""end"":5,""weight"":7},{""id"":3,""start"":6,""end"":7,""weight"":8},{""id"":4,""start"":8,""end"":9,""weight"":13},{""id"":5,""start"":10,""end"":11,""weight"":9},{""id"":6,""start"":12,""end"":13,""weight"":8},{""id"":7,""start"":14,""end"":15,""weight"":7},{""id"":8,""start"":16,""end"":17,""weight"":11},{""id"":9,""start"":18,""end"":19,""weight"":5},{""id"":10,""start"":20,""end"":21,""weight"":6},{""id"":11,""start"":22,""end"":23,""weight"":7},{""id"":12,""start"":24,""end"":25,""weight"":9},{""id"":13,""start"":26,""end"":27,""weight"":8}],""greedy_succeeds"":false,""instance_type"":""adversarial"",""greedy_answer"":""Selected: {1, 2, 3, 4, 10, 11, 13}, Total: 55"",""difficulty_numeric"":14,""critical_step_index"":0}",
WIS_003,W2,"| Field | Details |
|-------|---------|
| Problem | Select servers to maximise total importance; no two directly connected servers can both be monitored |
| Layout | 14 server nodes (0–13) in a network |

| Server | Importance Score |
|--------|-----------------|
| 0 | 15 |
| 1 | 6 |
| 2 | 7 |
| 3 | 8 |
| 4 | 13 |
| 5 | 9 |
| 6 | 8 |
| 7 | 7 |
| 8 | 11 |
| 9 | 5 |
| 10 | 6 |
| 11 | 7 |
| 12 | 9 |
| 13 | 8 |

| Adjacency Table | |
|----------|----------|
| Server A | Server B |
| 0 | 1 |
| 0 | 2 |
| 0 | 3 |
| 4 | 5 |
| 4 | 6 |
| 4 | 7 |
| 8 | 9 |
| 8 | 10 |
| 8 | 11 |
| 1 | 5 |
| 3 | 6 |
| 2 | 9 |
| 7 | 10 |
| 6 | 11 |
| 4 | 12 |
| 12 | 13 |
| 8 | 13 |
| 0 | 4 |
| 5 | 8 |

Question: Which servers should be monitored to maximise total importance, given no two directly connected servers can both be selected? Reply as: Selected: {X, X, X, ...}, Total: X","Selected: {1, 2, 3, 4, 10, 11, 13}, Total: 55",algorithmic,wis,adversarial,medium,low,,veryify_WIS,"{""subtype"":""WIS"",""intervals"":[{""id"":0,""start"":0,""end"":1,""weight"":15},{""id"":1,""start"":2,""end"":3,""weight"":6},{""id"":2,""start"":4,""end"":5,""weight"":7},{""id"":3,""start"":6,""end"":7,""weight"":8},{""id"":4,""start"":8,""end"":9,""weight"":13},{""id"":5,""start"":10,""end"":11,""weight"":9},{""id"":6,""start"":12,""end"":13,""weight"":8},{""id"":7,""start"":14,""end"":15,""weight"":7},{""id"":8,""start"":16,""end"":17,""weight"":11},{""id"":9,""start"":18,""end"":19,""weight"":5},{""id"":10,""start"":20,""end"":21,""weight"":6},{""id"":11,""start"":22,""end"":23,""weight"":7},{""id"":12,""start"":24,""end"":25,""weight"":9},{""id"":13,""start"":26,""end"":27,""weight"":8}],""greedy_succeeds"":false,""instance_type"":""adversarial"",""greedy_answer"":""Selected: {1, 2, 3, 4, 10, 11, 13}, Total: 55"",""difficulty_numeric"":14,""critical_step_index"":0}",
WIS_003,W3,"""A university is scheduling final exams across 14 classrooms (0–13). Two classrooms that share a wall have overlapping noise interference, meaning exams cannot be held in both simultaneously. Each classroom has a student capacity score representing how many students can be examined at once. The university wants to maximize the total number of students examined in a single time slot while avoiding any two noise-interfering classrooms. Capacity scores: Room 0: 15, Room 1: 6, Room 2: 7, Room 3: 8, Room 4: 13, Room 5: 9, Room 6: 8, Room 7: 7, Room 8: 11, Room 9: 5, Room 10: 6, Room 11: 7, Room 12: 9, Room 13: 8. Pairs of classrooms with noise interference that cannot both host exams simultaneously: (0,1), (0,2), (0,3), (4,5), (4,6), (4,7), (8,9), (8,10), (8,11), (1,5), (3,6), (2,9), (7,10), (6,11), (4,12), (12,13), (8,13), (0,4), (5,8). Which combination of classrooms should be scheduled to maximize the total number of students examined, and what is that maximum count?
Reply with only the selected classrooms and the total capacity.
Format: Selected: {X, X, X, ...}, Total: X""","Selected: {Item B, Item C, Item D, Item E, Item K, Item L, Item N}, Total: 55",algorithmic,wis,adversarial,medium,low,,veryify_WIS,"{""subtype"":""WIS"",""intervals"":[{""id"":0,""start"":0,""end"":1,""weight"":15},{""id"":1,""start"":2,""end"":3,""weight"":6},{""id"":2,""start"":4,""end"":5,""weight"":7},{""id"":3,""start"":6,""end"":7,""weight"":8},{""id"":4,""start"":8,""end"":9,""weight"":13},{""id"":5,""start"":10,""end"":11,""weight"":9},{""id"":6,""start"":12,""end"":13,""weight"":8},{""id"":7,""start"":14,""end"":15,""weight"":7},{""id"":8,""start"":16,""end"":17,""weight"":11},{""id"":9,""start"":18,""end"":19,""weight"":5},{""id"":10,""start"":20,""end"":21,""weight"":6},{""id"":11,""start"":22,""end"":23,""weight"":7},{""id"":12,""start"":24,""end"":25,""weight"":9},{""id"":13,""start"":26,""end"":27,""weight"":8}],""greedy_succeeds"":false,""instance_type"":""adversarial"",""greedy_answer"":""Selected: {1, 2, 3, 4, 10, 11, 13}, Total: 55"",""difficulty_numeric"":14,""critical_step_index"":0,""item_mapping"":{""0"":""Item A"",""1"":""Item B"",""2"":""Item C"",""3"":""Item D"",""4"":""Item E"",""5"":""Item F"",""6"":""Item G"",""7"":""Item H"",""8"":""Item I"",""9"":""Item J"",""10"":""Item K"",""11"":""Item L"",""12"":""Item M"",""13"":""Item N""}}",
WIS_003,W4,"Let G = (V, E) be an undirected graph where:

V = {0, 1, 2, 3, 4, 5, 6, 7, 8, 9, 10, 11, 12, 13}

E = {{0,1}, {0,2}, {0,3}, {4,5}, {4,6}, {4,7}, {8,9}, {8,10}, {8,11}, {1,5}, {3,6}, {2,9}, {7,10}, {6,11}, {4,12}, {12,13}, {8,13}, {0,4}, {5,8}}

Let the weight function w: V -> R+ be defined as:

w = {0->15, 1->6, 2->7, 3->8, 4->13, 5->9, 6->8, 7->7, 8->11, 9->5, 10->6, 11->7, 12->9, 13->8}

Find an independent set S ⊆ V such that:

maximise W(S) = sum of w(v) for all v in S

subject to: for all u, v in S: {u, v} not in E

Report only S and W(S).

Format: Selected: {x1, x2, ...}, Total: W(S)","Selected: {1, 2, 3, 4, 10, 11, 13}, Total: 55",algorithmic,wis,adversarial,medium,low,,veryify_WIS,"{""subtype"":""WIS"",""intervals"":[{""id"":0,""start"":0,""end"":1,""weight"":15},{""id"":1,""start"":2,""end"":3,""weight"":6},{""id"":2,""start"":4,""end"":5,""weight"":7},{""id"":3,""start"":6,""end"":7,""weight"":8},{""id"":4,""start"":8,""end"":9,""weight"":13},{""id"":5,""start"":10,""end"":11,""weight"":9},{""id"":6,""start"":12,""end"":13,""weight"":8},{""id"":7,""start"":14,""end"":15,""weight"":7},{""id"":8,""start"":16,""end"":17,""weight"":11},{""id"":9,""start"":18,""end"":19,""weight"":5},{""id"":10,""start"":20,""end"":21,""weight"":6},{""id"":11,""start"":22,""end"":23,""weight"":7},{""id"":12,""start"":24,""end"":25,""weight"":9},{""id"":13,""start"":26,""end"":27,""weight"":8}],""greedy_succeeds"":false,""instance_type"":""adversarial"",""greedy_answer"":""Selected: {1, 2, 3, 4, 10, 11, 13}, Total: 55"",""difficulty_numeric"":14,""critical_step_index"":0}",
WIS_004,canonical,"A radio network has 16 transmission towers (0-15). Towers that are 
directly linked interfere with each other and cannot broadcast on the 
same frequency band simultaneously. Each tower has a coverage score. 
Find the set of towers that can all broadcast simultaneously with the 
maximum total coverage.

Coverage scores:
Tower 0: 5    Tower 1: 5    Tower 2: 4    Tower 3: 8
Tower 4: 7    Tower 5: 4    Tower 6: 5    Tower 7: 4
Tower 8: 4    Tower 9: 5    Tower 10: 4   Tower 11: 4
Tower 12: 5   Tower 13: 6   Tower 14: 4   Tower 15: 3

Direct links (cannot broadcast simultaneously):
7-9, 9-5, 5-6, 6-14, 14-7
10-12, 12-8, 8-1, 1-2, 2-10
5-8, 14-10
13-7, 13-6, 13-12, 13-2
15-9, 15-12
4-6, 4-1
11-10, 11-5
0-8, 0-14
3-2, 3-7, 3-13

Which towers should broadcast to maximise total coverage, and what is 
that maximum?

Reply with only the selected towers and the total weight.
Format: Selected: {X, X, X, ...}, Total: X","Selected: {0, 1, 3, 6, 9, 11, 12}, Total: 37",algorithmic,wis,adversarial,hard,low,,veryify_WIS,"{""subtype"":""WIS"",""intervals"":[{""id"":0,""start"":0,""end"":1,""weight"":5},{""id"":1,""start"":2,""end"":3,""weight"":5},{""id"":2,""start"":4,""end"":5,""weight"":4},{""id"":3,""start"":6,""end"":7,""weight"":8},{""id"":4,""start"":8,""end"":9,""weight"":7},{""id"":5,""start"":10,""end"":11,""weight"":4},{""id"":6,""start"":12,""end"":13,""weight"":5},{""id"":7,""start"":14,""end"":15,""weight"":4},{""id"":8,""start"":16,""end"":17,""weight"":4},{""id"":9,""start"":18,""end"":19,""weight"":5},{""id"":10,""start"":20,""end"":21,""weight"":4},{""id"":11,""start"":22,""end"":23,""weight"":4},{""id"":12,""start"":24,""end"":25,""weight"":5},{""id"":13,""start"":26,""end"":27,""weight"":6},{""id"":14,""start"":28,""end"":29,""weight"":4},{""id"":15,""start"":30,""end"":31,""weight"":3}],""greedy_succeeds"":false,""instance_type"":""adversarial"",""greedy_answer"":""Selected: {0, 1, 3, 6, 9, 11, 12}, Total: 37"",""difficulty_numeric"":16,""critical_step_index"":1}",
WIS_004,W1,"A wireless network contains 16 broadcasting masts (0-15). Masts that are directly linked cause signal interference and cannot transmit on the same frequency channel at the same time. Each mast has a reception score. Identify the collection of masts that can all transmit simultaneously with the greatest total reception. Reception scores: Mast 0: 5 Mast 1: 5 Mast 2: 4 Mast 3: 8 Mast 4: 7 Mast 5: 4 Mast 6: 5 Mast 7: 4 Mast 8: 4 Mast 9: 5 Mast 10: 4 Mast 11: 4 Mast 12: 5 Mast 13: 6 Mast 14: 4 Mast 15: 3 Direct links (cannot transmit simultaneously): 7-9, 9-5, 5-6, 6-14, 14-7 10-12, 12-8, 8-1, 1-2, 2-10 5-8, 14-10 13-7, 13-6, 13-12, 13-2 15-9, 15-12 4-6, 4-1 11-10, 11-5 0-8, 0-14 3-2, 3-7, 3-13 Which masts should transmit to maximize total reception, and what is that peak value? Reply with only the chosen masts and the total weight. Format: Selected: {X, X, X, ...}, Total: X","Selected: {0, 1, 3, 6, 9, 11, 12}, Total: 37",algorithmic,wis,adversarial,hard,low,,veryify_WIS,"{""subtype"":""WIS"",""intervals"":[{""id"":0,""start"":0,""end"":1,""weight"":5},{""id"":1,""start"":2,""end"":3,""weight"":5},{""id"":2,""start"":4,""end"":5,""weight"":4},{""id"":3,""start"":6,""end"":7,""weight"":8},{""id"":4,""start"":8,""end"":9,""weight"":7},{""id"":5,""start"":10,""end"":11,""weight"":4},{""id"":6,""start"":12,""end"":13,""weight"":5},{""id"":7,""start"":14,""end"":15,""weight"":4},{""id"":8,""start"":16,""end"":17,""weight"":4},{""id"":9,""start"":18,""end"":19,""weight"":5},{""id"":10,""start"":20,""end"":21,""weight"":4},{""id"":11,""start"":22,""end"":23,""weight"":4},{""id"":12,""start"":24,""end"":25,""weight"":5},{""id"":13,""start"":26,""end"":27,""weight"":6},{""id"":14,""start"":28,""end"":29,""weight"":4},{""id"":15,""start"":30,""end"":31,""weight"":3}],""greedy_succeeds"":false,""instance_type"":""adversarial"",""greedy_answer"":""Selected: {0, 1, 3, 6, 9, 11, 12}, Total: 37"",""difficulty_numeric"":16,""critical_step_index"":1}",
WIS_004,W2,"| Field | Details |
|-------|---------|
| Problem | Select towers to maximise total coverage; no two directly linked towers can broadcast simultaneously |
| Layout | 16 transmission towers (0–15) in a radio network |

| Tower | Coverage Score |
|-------|---------------|
| 0 | 5 |
| 1 | 5 |
| 2 | 4 |
| 3 | 8 |
| 4 | 7 |
| 5 | 4 |
| 6 | 5 |
| 7 | 4 |
| 8 | 4 |
| 9 | 5 |
| 10 | 4 |
| 11 | 4 |
| 12 | 5 |
| 13 | 6 |
| 14 | 4 |
| 15 | 3 |

| Adjacency Table | |
|---------|---------|
| Tower A | Tower B |
| 7 | 9 |
| 9 | 5 |
| 5 | 6 |
| 6 | 14 |
| 14 | 7 |
| 10 | 12 |
| 12 | 8 |
| 8 | 1 |
| 1 | 2 |
| 2 | 10 |
| 5 | 8 |
| 14 | 10 |
| 13 | 7 |
| 13 | 6 |
| 13 | 12 |
| 13 | 2 |
| 15 | 9 |
| 15 | 12 |
| 4 | 6 |
| 4 | 1 |
| 11 | 10 |
| 11 | 5 |
| 0 | 8 |
| 0 | 14 |
| 3 | 2 |
| 3 | 7 |
| 3 | 13 |

Question: Which towers should broadcast simultaneously to maximise total coverage, given no two directly linked towers can broadcast at the same time? Reply as: Selected: {X, X, X, ...}, Total: X","Selected: {0, 1, 3, 6, 9, 11, 12}, Total: 37",algorithmic,wis,adversarial,hard,low,,veryify_WIS,"{""subtype"":""WIS"",""intervals"":[{""id"":0,""start"":0,""end"":1,""weight"":5},{""id"":1,""start"":2,""end"":3,""weight"":5},{""id"":2,""start"":4,""end"":5,""weight"":4},{""id"":3,""start"":6,""end"":7,""weight"":8},{""id"":4,""start"":8,""end"":9,""weight"":7},{""id"":5,""start"":10,""end"":11,""weight"":4},{""id"":6,""start"":12,""end"":13,""weight"":5},{""id"":7,""start"":14,""end"":15,""weight"":4},{""id"":8,""start"":16,""end"":17,""weight"":4},{""id"":9,""start"":18,""end"":19,""weight"":5},{""id"":10,""start"":20,""end"":21,""weight"":4},{""id"":11,""start"":22,""end"":23,""weight"":4},{""id"":12,""start"":24,""end"":25,""weight"":5},{""id"":13,""start"":26,""end"":27,""weight"":6},{""id"":14,""start"":28,""end"":29,""weight"":4},{""id"":15,""start"":30,""end"":31,""weight"":3}],""greedy_succeeds"":false,""instance_type"":""adversarial"",""greedy_answer"":""Selected: {0, 1, 3, 6, 9, 11, 12}, Total: 37"",""difficulty_numeric"":16,""critical_step_index"":1}",
WIS_004,W3,"""A pharmaceutical company is selecting drug compounds (0–15) to advance into clinical trials. Any two compounds that share a biochemical interaction pathway cannot be tested simultaneously due to cross-reactivity risks. Each compound has a therapeutic potential score. The company wants to identify the largest set of non-interacting compounds that maximizes total therapeutic potential. Potential scores: Compound 0: 5, Compound 1: 5, Compound 2: 4, Compound 3: 8, Compound 4: 7, Compound 5: 4, Compound 6: 5, Compound 7: 4, Compound 8: 4, Compound 9: 5, Compound 10: 4, Compound 11: 4, Compound 12: 5, Compound 13: 6, Compound 14: 4, Compound 15: 3. Pairs of compounds with cross-reactive interactions that cannot be tested together: (7,9), (9,5), (5,6), (6,14), (14,7), (10,12), (12,8), (8,1), (1,2), (2,10), (5,8), (14,10), (13,7), (13,6), (13,12), (13,2), (15,9), (15,12), (4,6), (4,1), (11,10), (11,5), (0,8), (0,14), (3,2), (3,7), (3,13). Which combination of compounds should be selected to maximize total therapeutic potential without any cross-reactivity, and what is that maximum score?
Reply with only the selected compounds and the total potential.
Format: Selected: {X, X, X, ...}, Total: X","Selected: {Item A, Item B, Item D, Item G, Item J, Item L, Item M}, Total: 37",algorithmic,wis,adversarial,hard,low,,veryify_WIS,"{""subtype"":""WIS"",""intervals"":[{""id"":0,""start"":0,""end"":1,""weight"":5},{""id"":1,""start"":2,""end"":3,""weight"":5},{""id"":2,""start"":4,""end"":5,""weight"":4},{""id"":3,""start"":6,""end"":7,""weight"":8},{""id"":4,""start"":8,""end"":9,""weight"":7},{""id"":5,""start"":10,""end"":11,""weight"":4},{""id"":6,""start"":12,""end"":13,""weight"":5},{""id"":7,""start"":14,""end"":15,""weight"":4},{""id"":8,""start"":16,""end"":17,""weight"":4},{""id"":9,""start"":18,""end"":19,""weight"":5},{""id"":10,""start"":20,""end"":21,""weight"":4},{""id"":11,""start"":22,""end"":23,""weight"":4},{""id"":12,""start"":24,""end"":25,""weight"":5},{""id"":13,""start"":26,""end"":27,""weight"":6},{""id"":14,""start"":28,""end"":29,""weight"":4},{""id"":15,""start"":30,""end"":31,""weight"":3}],""greedy_succeeds"":false,""instance_type"":""adversarial"",""greedy_answer"":""Selected: {0, 1, 3, 6, 9, 11, 12}, Total: 37"",""difficulty_numeric"":16,""critical_step_index"":1,""item_mapping"":{""0"":""Item A"",""1"":""Item B"",""2"":""Item C"",""3"":""Item D"",""4"":""Item E"",""5"":""Item F"",""6"":""Item G"",""7"":""Item H"",""8"":""Item I"",""9"":""Item J"",""10"":""Item K"",""11"":""Item L"",""12"":""Item M"",""13"":""Item N"",""14"":""Item O"",""15"":""Item P""}}",
WIS_004,W4,"Let G = (V, E) be an undirected graph where:

V = {0, 1, 2, 3, 4, 5, 6, 7, 8, 9, 10, 11, 12, 13, 14, 15}

E = {{7,9}, {9,5}, {5,6}, {6,14}, {14,7}, {10,12}, {12,8}, {8,1}, {1,2}, {2,10}, {5,8}, {14,10}, {13,7}, {13,6}, {13,12}, {13,2}, {15,9}, {15,12}, {4,6}, {4,1}, {8,1}, {11,5}, {0,8}, {0,14}, {3,2}, {3,7}, {3,13}}

Let the weight function w: V -> R+ be defined as:

w = {0->5, 1->5, 2->4, 3->8, 4->7, 5->4, 6->5, 7->4, 8->4, 9->5, 10->4, 11->4, 12->5, 13->6, 14->4, 15->3}

Find an independent set S ⊆ V such that:

maximise W(S) = sum of w(v) for all v in S

subject to: for all u, v in S: {u, v} not in E

Report only S and W(S).

Format: Selected: {x1, x2, ...}, Total: W(S)","Selected: {0, 1, 3, 6, 9, 11, 12}, Total: 37",algorithmic,wis,adversarial,hard,low,,veryify_WIS,"{""subtype"":""WIS"",""intervals"":[{""id"":0,""start"":0,""end"":1,""weight"":5},{""id"":1,""start"":2,""end"":3,""weight"":5},{""id"":2,""start"":4,""end"":5,""weight"":4},{""id"":3,""start"":6,""end"":7,""weight"":8},{""id"":4,""start"":8,""end"":9,""weight"":7},{""id"":5,""start"":10,""end"":11,""weight"":4},{""id"":6,""start"":12,""end"":13,""weight"":5},{""id"":7,""start"":14,""end"":15,""weight"":4},{""id"":8,""start"":16,""end"":17,""weight"":4},{""id"":9,""start"":18,""end"":19,""weight"":5},{""id"":10,""start"":20,""end"":21,""weight"":4},{""id"":11,""start"":22,""end"":23,""weight"":4},{""id"":12,""start"":24,""end"":25,""weight"":5},{""id"":13,""start"":26,""end"":27,""weight"":6},{""id"":14,""start"":28,""end"":29,""weight"":4},{""id"":15,""start"":30,""end"":31,""weight"":3}],""greedy_succeeds"":false,""instance_type"":""adversarial"",""greedy_answer"":""Selected: {0, 1, 3, 6, 9, 11, 12}, Total: 37"",""difficulty_numeric"":16,""critical_step_index"":1}",
WIS_005,canonical,"A logistics company manages 18 distribution centers across a region. Due to 
inventory management constraints, if two directly connected centers both 
process the same product line, it creates supply chain inefficiencies. Each 
center has a profitability score based on its operational capacity and market 
demand. The company wants to select centers for a new product deployment to 
maximize total profitability while ensuring no two directly connected centers 
are selected.

Profitability scores (in millions):
Center 0: 12    Center 1: 9     Center 2: 14    Center 3: 11
Center 4: 8     Center 5: 13    Center 6: 10    Center 7: 6
Center 8: 15    Center 9: 7     Center 10: 11   Center 11: 9
Center 12: 8    Center 13: 12   Center 14: 10   Center 15: 7
Center 16: 13   Center 17: 6

Direct connections (cannot both be selected):
0-1, 0-4, 0-8
1-2, 1-5, 1-9
2-3, 2-6, 2-10
3-7, 3-11
4-5, 4-12
5-6, 5-13
6-7, 6-14
7-15
8-9, 8-12, 8-16
9-10, 9-13
10-11, 10-14
11-15, 11-17
12-13, 12-16
13-14, 13-17
14-15
16-17
0-5, 1-8, 2-12, 3-13, 4-10, 6-16, 7-12, 9-14, 11-16

Which distribution centers should be selected for the new product 
deployment to maximize total profitability, and what is that maximum?

Reply with only the selected centers and the total profitability.
Format: Selected: {X, X, X, ...}, Total: X","Selected: {2, 5, 7, 8, 11, 14}, Total: 67",algorithmic,wis,adversarial,hard,low,,veryify_WIS,"{""subtype"":""WIS"",""intervals"":[{""id"":0,""start"":0,""end"":1,""weight"":12},{""id"":1,""start"":2,""end"":3,""weight"":9},{""id"":2,""start"":4,""end"":5,""weight"":14},{""id"":3,""start"":6,""end"":7,""weight"":11},{""id"":4,""start"":8,""end"":9,""weight"":8},{""id"":5,""start"":10,""end"":11,""weight"":13},{""id"":6,""start"":12,""end"":13,""weight"":10},{""id"":7,""start"":14,""end"":15,""weight"":6},{""id"":8,""start"":16,""end"":17,""weight"":15},{""id"":9,""start"":18,""end"":19,""weight"":7},{""id"":10,""start"":20,""end"":21,""weight"":11},{""id"":11,""start"":22,""end"":23,""weight"":9},{""id"":12,""start"":24,""end"":25,""weight"":8},{""id"":13,""start"":26,""end"":27,""weight"":12},{""id"":14,""start"":28,""end"":29,""weight"":10},{""id"":15,""start"":30,""end"":31,""weight"":7},{""id"":16,""start"":32,""end"":33,""weight"":13},{""id"":17,""start"":34,""end"":35,""weight"":6}],""greedy_succeeds"":true,""instance_type"":""standard"",""greedy_answer"":""Selected: {2, 5, 7, 8, 11, 14}, Total: 67"",""difficulty_numeric"":18,""critical_step_index"":-1}",
WIS_005,W1,"A university department is assembling 18 research teams across various 
laboratories. Due to resource-sharing constraints, if two directly 
connected laboratories both contribute researchers to the same project, 
it creates operational conflicts and reduces efficiency. Each laboratory 
has a research productivity score based on its equipment capacity and 
faculty expertise. The department wants to select laboratories for a 
major interdisciplinary initiative to maximize total research output 
while ensuring no two directly connected laboratories are selected.

Research productivity scores (in units):
Laboratory 0: 12    Laboratory 1: 9     Laboratory 2: 14    Laboratory 3: 11
Laboratory 4: 8     Laboratory 5: 13    Laboratory 6: 10    Laboratory 7: 6
Laboratory 8: 15    Laboratory 9: 7     Laboratory 10: 11   Laboratory 11: 9
Laboratory 12: 8    Laboratory 13: 12   Laboratory 14: 10   Laboratory 15: 7
Laboratory 16: 13   Laboratory 17: 6

Direct connections (cannot both be selected):
0-1, 0-4, 0-8
1-2, 1-5, 1-9
2-3, 2-6, 2-10
3-7, 3-11
4-5, 4-12
5-6, 5-13
6-7, 6-14
7-15
8-9, 8-12, 8-16
9-10, 9-13
10-11, 10-14
11-15, 11-17
12-13, 12-16
13-14, 13-17
14-15
16-17
0-5, 1-8, 2-12, 3-13, 4-10, 6-16, 7-12, 9-14, 11-16

Which laboratories should be selected for the interdisciplinary 
initiative to maximize total research productivity, and what is that 
maximum?

Reply with only the selected laboratories and the total productivity.
Format: Selected: {X, X, X, ...}, Total: X","Selected: {2, 5, 7, 8, 11, 14}, Total: 67",algorithmic,wis,adversarial,hard,low,,veryify_WIS,"{""subtype"":""WIS"",""intervals"":[{""id"":0,""start"":0,""end"":1,""weight"":12},{""id"":1,""start"":2,""end"":3,""weight"":9},{""id"":2,""start"":4,""end"":5,""weight"":14},{""id"":3,""start"":6,""end"":7,""weight"":11},{""id"":4,""start"":8,""end"":9,""weight"":8},{""id"":5,""start"":10,""end"":11,""weight"":13},{""id"":6,""start"":12,""end"":13,""weight"":10},{""id"":7,""start"":14,""end"":15,""weight"":6},{""id"":8,""start"":16,""end"":17,""weight"":15},{""id"":9,""start"":18,""end"":19,""weight"":7},{""id"":10,""start"":20,""end"":21,""weight"":11},{""id"":11,""start"":22,""end"":23,""weight"":9},{""id"":12,""start"":24,""end"":25,""weight"":8},{""id"":13,""start"":26,""end"":27,""weight"":12},{""id"":14,""start"":28,""end"":29,""weight"":10},{""id"":15,""start"":30,""end"":31,""weight"":7},{""id"":16,""start"":32,""end"":33,""weight"":13},{""id"":17,""start"":34,""end"":35,""weight"":6}],""greedy_succeeds"":true,""instance_type"":""standard"",""greedy_answer"":""Selected: {2, 5, 7, 8, 11, 14}, Total: 67"",""difficulty_numeric"":18,""critical_step_index"":-1}",
WIS_005,W2,"| Field | Details |
|-------|---------|
| Problem | Select distribution centers to maximise total profitability; no two directly connected centers can both be selected |
| Layout | 18 distribution centers (0–17) across a region |

| Center | Profitability (millions) |
|--------|------------------------|
| 0 | 12 |
| 1 | 9 |
| 2 | 14 |
| 3 | 11 |
| 4 | 8 |
| 5 | 13 |
| 6 | 10 |
| 7 | 6 |
| 8 | 15 |
| 9 | 7 |
| 10 | 11 |
| 11 | 9 |
| 12 | 8 |
| 13 | 12 |
| 14 | 10 |
| 15 | 7 |
| 16 | 13 |
| 17 | 6 |

| Adjacency Table | |
|----------|----------|
| Center A | Center B |
| 0 | 1 |
| 0 | 4 |
| 0 | 8 |
| 1 | 2 |
| 1 | 5 |
| 1 | 9 |
| 2 | 3 |
| 2 | 6 |
| 2 | 10 |
| 3 | 7 |
| 3 | 11 |
| 4 | 5 |
| 4 | 12 |
| 5 | 6 |
| 5 | 13 |
| 6 | 7 |
| 6 | 14 |
| 7 | 15 |
| 8 | 9 |
| 8 | 12 |
| 8 | 16 |
| 9 | 10 |
| 9 | 13 |
| 10 | 11 |
| 10 | 14 |
| 11 | 15 |
| 11 | 17 |
| 12 | 13 |
| 12 | 16 |
| 13 | 14 |
| 13 | 17 |
| 14 | 15 |
| 16 | 17 |
| 0 | 5 |
| 1 | 8 |
| 2 | 12 |
| 3 | 13 |
| 4 | 10 |
| 6 | 16 |
| 7 | 12 |
| 9 | 14 |
| 11 | 16 |

Question: Which distribution centers should be selected for the new product deployment to maximise total profitability, given no two directly connected centers can both be selected? Reply as: Selected: {X, X, X, ...}, Total: X","Selected: {2, 5, 7, 8, 11, 14}, Total: 67",algorithmic,wis,adversarial,hard,low,,veryify_WIS,"{""subtype"":""WIS"",""intervals"":[{""id"":0,""start"":0,""end"":1,""weight"":12},{""id"":1,""start"":2,""end"":3,""weight"":9},{""id"":2,""start"":4,""end"":5,""weight"":14},{""id"":3,""start"":6,""end"":7,""weight"":11},{""id"":4,""start"":8,""end"":9,""weight"":8},{""id"":5,""start"":10,""end"":11,""weight"":13},{""id"":6,""start"":12,""end"":13,""weight"":10},{""id"":7,""start"":14,""end"":15,""weight"":6},{""id"":8,""start"":16,""end"":17,""weight"":15},{""id"":9,""start"":18,""end"":19,""weight"":7},{""id"":10,""start"":20,""end"":21,""weight"":11},{""id"":11,""start"":22,""end"":23,""weight"":9},{""id"":12,""start"":24,""end"":25,""weight"":8},{""id"":13,""start"":26,""end"":27,""weight"":12},{""id"":14,""start"":28,""end"":29,""weight"":10},{""id"":15,""start"":30,""end"":31,""weight"":7},{""id"":16,""start"":32,""end"":33,""weight"":13},{""id"":17,""start"":34,""end"":35,""weight"":6}],""greedy_succeeds"":true,""instance_type"":""standard"",""greedy_answer"":""Selected: {2, 5, 7, 8, 11, 14}, Total: 67"",""difficulty_numeric"":18,""critical_step_index"":-1}",
WIS_005,W3,"A multinational corporation is planning a major office reorganization across 
18 floor spaces in their headquarters building (0-17). Two floor spaces 
that are vertically or horizontally adjacent share electrical infrastructure, 
meaning if both are allocated to the same department, it creates power 
distribution bottlenecks and reduces operational efficiency. Each floor 
space has a worker capacity score representing how many employees can be 
accommodated in that area. The corporation wants to maximize the total 
number of employees that can be allocated in a single operational phase 
while avoiding any two adjacent floor spaces.

Capacity scores:
Space 0: 12, Space 1: 9, Space 2: 14, Space 3: 11, Space 4: 8, Space 5: 13, 
Space 6: 10, Space 7: 6, Space 8: 15, Space 9: 7, Space 10: 11, Space 11: 9, 
Space 12: 8, Space 13: 12, Space 14: 10, Space 15: 7, Space 16: 13, Space 17: 6

Pairs of floor spaces with shared electrical infrastructure that cannot 
both be allocated simultaneously:
(0,1), (0,4), (0,8), (1,2), (1,5), (1,9), (2,3), (2,6), (2,10), (3,7), (3,11), 
(4,5), (4,12), (5,6), (5,13), (6,7), (6,14), (7,15), (8,9), (8,12), (8,16), 
(9,10), (9,13), (10,11), (10,14), (11,15), (11,17), (12,13), (12,16), 
(13,14), (13,17), (14,15), (16,17), (0,5), (1,8), (2,12), (3,13), (4,10), 
(6,16), (7,12), (9,14), (11,16)

Which combination of floor spaces should be allocated to maximize the total 
number of employees that can be accommodated, and what is that maximum count?

Reply with only the selected floor spaces and the total capacity.
Format: Selected: {X, X, X, ...}, Total: X","Selected: {Item C, Item F, Item H, Item I, Item L, Item O}, Total: 67",algorithmic,wis,adversarial,hard,low,,veryify_WIS,"{""subtype"":""WIS"",""intervals"":[{""id"":0,""start"":0,""end"":1,""weight"":12},{""id"":1,""start"":2,""end"":3,""weight"":9},{""id"":2,""start"":4,""end"":5,""weight"":14},{""id"":3,""start"":6,""end"":7,""weight"":11},{""id"":4,""start"":8,""end"":9,""weight"":8},{""id"":5,""start"":10,""end"":11,""weight"":13},{""id"":6,""start"":12,""end"":13,""weight"":10},{""id"":7,""start"":14,""end"":15,""weight"":6},{""id"":8,""start"":16,""end"":17,""weight"":15},{""id"":9,""start"":18,""end"":19,""weight"":7},{""id"":10,""start"":20,""end"":21,""weight"":11},{""id"":11,""start"":22,""end"":23,""weight"":9},{""id"":12,""start"":24,""end"":25,""weight"":8},{""id"":13,""start"":26,""end"":27,""weight"":12},{""id"":14,""start"":28,""end"":29,""weight"":10},{""id"":15,""start"":30,""end"":31,""weight"":7},{""id"":16,""start"":32,""end"":33,""weight"":13},{""id"":17,""start"":34,""end"":35,""weight"":6}],""greedy_succeeds"":true,""instance_type"":""standard"",""greedy_answer"":""Selected: {2, 5, 7, 8, 11, 14}, Total: 67"",""difficulty_numeric"":18,""critical_step_index"":-1,""item_mapping"":{""0"":""Item A"",""1"":""Item B"",""2"":""Item C"",""3"":""Item D"",""4"":""Item E"",""5"":""Item F"",""6"":""Item G"",""7"":""Item H"",""8"":""Item I"",""9"":""Item J"",""10"":""Item K"",""11"":""Item L"",""12"":""Item M"",""13"":""Item N"",""14"":""Item O"",""15"":""Item P"",""16"":""Item Q"",""17"":""Item R""}}",
WIS_005,W4,"Let G = (V, E) be an undirected graph where:

V = {0, 1, 2, 3, 4, 5, 6, 7, 8, 9, 10, 11, 12, 13, 14, 15, 16, 17}

E = {{0,1}, {0,4}, {0,8}, {1,2}, {1,5}, {1,9}, {2,3}, {2,6}, {2,10}, {3,7}, {3,11}, {4,5}, {4,12}, {5,6}, {5,13}, {6,7}, {6,14}, {7,15}, {8,9}, {8,12}, {8,16}, {9,10}, {9,13}, {10,11}, {10,14}, {11,15}, {11,17}, {12,13}, {12,16}, {13,14}, {13,17}, {14,15}, {16,17}, {0,5}, {1,8}, {2,12}, {3,13}, {4,10}, {6,16}, {7,12}, {9,14}, {11,16}}

Let the weight function w: V -> R+ be defined as:

w = {0->12, 1->9, 2->14, 3->11, 4->8, 5->13, 6->10, 7->6, 8->15, 9->7, 10->11, 11->9, 12->8, 13->12, 14->10, 15->7, 16->13, 17->6}

Find an independent set S ⊆ V such that:

maximise W(S) = sum of w(v) for all v in S

subject to: for all u, v in S: {u, v} not in E

Report only S and W(S).

Format: Selected: {x1, x2, ...}, Total: W(S)","Selected: {2, 5, 7, 8, 11, 14}, Total: 67",algorithmic,wis,adversarial,hard,low,,veryify_WIS,"{""subtype"":""WIS"",""intervals"":[{""id"":0,""start"":0,""end"":1,""weight"":12},{""id"":1,""start"":2,""end"":3,""weight"":9},{""id"":2,""start"":4,""end"":5,""weight"":14},{""id"":3,""start"":6,""end"":7,""weight"":11},{""id"":4,""start"":8,""end"":9,""weight"":8},{""id"":5,""start"":10,""end"":11,""weight"":13},{""id"":6,""start"":12,""end"":13,""weight"":10},{""id"":7,""start"":14,""end"":15,""weight"":6},{""id"":8,""start"":16,""end"":17,""weight"":15},{""id"":9,""start"":18,""end"":19,""weight"":7},{""id"":10,""start"":20,""end"":21,""weight"":11},{""id"":11,""start"":22,""end"":23,""weight"":9},{""id"":12,""start"":24,""end"":25,""weight"":8},{""id"":13,""start"":26,""end"":27,""weight"":12},{""id"":14,""start"":28,""end"":29,""weight"":10},{""id"":15,""start"":30,""end"":31,""weight"":7},{""id"":16,""start"":32,""end"":33,""weight"":13},{""id"":17,""start"":34,""end"":35,""weight"":6}],""greedy_succeeds"":true,""instance_type"":""standard"",""greedy_answer"":""Selected: {2, 5, 7, 8, 11, 14}, Total: 67"",""difficulty_numeric"":18,""critical_step_index"":-1}",
CC_031,W1,"Given coins of denominations [1, 2, 5, 10], your task is to create exact change for 42 while minimizing the total coin count. Each denomination can be used multiple times.
Find the smallest number of coins required and specify which coins to use.
Respond in this exact format:
Count: [integer]
Coins: [denomination1, denomination2, ...]
No explanation. No other text.","Count: 5
Coins: [10, 10, 10, 10, 2]",algorithmic,coin_change,standard,medium,high,procedural_seed_12738997517939946728,verify_coinchange,"{""subtype"":""CC"",""denominations"":[1,2,5,10],""target"":42,""greedy_succeeds"":true,""instance_type"":""standard"",""denomination_type"":""textbook"",""greedy_answer"":""Count: 5\nCoins: [10, 10, 10, 10, 2]"",""difficulty_numeric"":8,""critical_step_index"":-1}",stage1_procedural_generation
CC_031,W2,"Given D = {1, 2, 5, 10} and target t = 42, find minimum coin count.","Count: 5
Coins: [10, 10, 10, 10, 2]",algorithmic,coin_change,standard,medium,high,procedural_seed_12738997517939946728,verify_coinchange,"{""subtype"":""CC"",""denominations"":[1,2,5,10],""target"":42,""greedy_succeeds"":true,""instance_type"":""standard"",""denomination_type"":""textbook"",""greedy_answer"":""Count: 5\nCoins: [10, 10, 10, 10, 2]"",""difficulty_numeric"":8,""critical_step_index"":-1}",stage1_procedural_generation
CC_031,W3,"You have stamps with the following stamp sizes: [1, 2, 5, 10]. You need to make exact change for the required total postage needed for a package using the minimum number of stamps. You may use each stamp sizes any number of times.
What is the minimum number of stamps needed and which stamps do you use?
Respond in this exact format:
Count: [integer]
stamps: [denomination1, denomination2, ...]
No explanation. No other text.","Count: 5
Coins: [10, 10, 10, 10, 2]",algorithmic,coin_change,standard,medium,high,procedural_seed_12738997517939946728,verify_coinchange,"{""subtype"":""CC"",""denominations"":[1,2,5,10],""target"":42,""greedy_succeeds"":true,""instance_type"":""standard"",""denomination_type"":""textbook"",""greedy_answer"":""Count: 5\nCoins: [10, 10, 10, 10, 2]"",""difficulty_numeric"":8,""critical_step_index"":-1}","stage1_procedural_generation | {""chosen_context"": ""postage stamps"", ""unit_name"": ""stamp"", ""target_description"": ""total postage needed for a package""}"
CC_031,W4,"FORMAL DEFINITION: π = ⟨D, S₀, S*, A⟩
DENOMINATIONS: D = {1, 2, 5, 10}
INITIAL STATE S₀: CurrentSum = 0
GOAL STATE S*: CurrentSum = 42
ACTIONS:
SelectCoin(c):
  Pre: c ∈ D, (CurrentSum + c) ≤ 42
  Effect: CurrentSum ← CurrentSum + c
TASK: Find shortest sequence of actions to reach CurrentSum = 42.
OUTPUT FORMAT:
Count: [integer]
Coins: [denomination1, denomination2, ...]","Count: 5
Coins: [10, 10, 10, 10, 2]",algorithmic,coin_change,standard,medium,high,procedural_seed_12738997517939946728,verify_coinchange,"{""subtype"":""CC"",""denominations"":[1,2,5,10],""target"":42,""greedy_succeeds"":true,""instance_type"":""standard"",""denomination_type"":""textbook"",""greedy_answer"":""Count: 5\nCoins: [10, 10, 10, 10, 2]"",""difficulty_numeric"":8,""critical_step_index"":-1}",stage1_procedural_generation
CC_031,W6,"You have coins with the following denominations: [1, 18, 21, 30]. You need to make exact change for 67 using the minimum number of coins. You may use each denomination any number of times.
What is the minimum number of coins needed and which coins do you use?
Respond in this exact format:
Count: [integer]
Coins: [denomination1, denomination2, ...]
No explanation. No other text.","Count: 4
Coins: [30, 18, 18, 1]",algorithmic,coin_change,standard,medium,high,procedural_seed_12738997517939946728,verify_coinchange,"{""subtype"": ""CC"", ""denominations"": [1, 18, 21, 30], ""target"": 67, ""greedy_succeeds"": true, ""instance_type"": ""standard"", ""denomination_type"": ""textbook"", ""greedy_answer"": ""Count: 5\nCoins: [10, 10, 10, 10, 2]"", ""difficulty_numeric"": 8, ""critical_step_index"": -1}",stage1_procedural_generation | w6_seed=3670847027
CC_032,W1,"A cashier needs to give change for 77 units using the fewest coins possible. The available coin denominations are [1, 2, 5, 10, 25]. Each denomination can be used multiple times. What is the minimum number of coins required, and which coins make up that change?
Respond in this exact format:
Count: [integer]
Coins: [denomination1, denomination2, ...]","Count: 4
Coins: [25, 25, 25, 2]",algorithmic,coin_change,standard,medium,high,procedural_seed_1903365339463790219,verify_coinchange,"{""subtype"":""CC"",""denominations"":[1,2,5,10,25],""target"":77,""greedy_succeeds"":true,""instance_type"":""standard"",""denomination_type"":""textbook"",""greedy_answer"":""Count: 4\nCoins: [25, 25, 25, 2]"",""difficulty_numeric"":10,""critical_step_index"":-1}",stage1_procedural_generation | manual_w1
CC_032,W2,"Given D = {1, 2, 5, 10, 25} and target t = 77, find minimum coin count.","Count: 4
Coins: [25, 25, 25, 2]",algorithmic,coin_change,standard,medium,high,procedural_seed_1903365339463790219,verify_coinchange,"{""subtype"":""CC"",""denominations"":[1,2,5,10,25],""target"":77,""greedy_succeeds"":true,""instance_type"":""standard"",""denomination_type"":""textbook"",""greedy_answer"":""Count: 4\nCoins: [25, 25, 25, 2]"",""difficulty_numeric"":10,""critical_step_index"":-1}",stage1_procedural_generation
CC_032,W3,"You have stamps with the following stamp sizes: [1, 2, 5, 10, 25]. You need to make exact change for the required the exact postage needed for a package requiring 77 cents using the minimum number of stamps. You may use each stamp sizes any number of times.
What is the minimum number of stamps needed and which stamps do you use?
Respond in this exact format:
Count: [integer]
stamps: [denomination1, denomination2, ...]
No explanation. No other text.","Count: 4
Coins: [25, 25, 25, 2]",algorithmic,coin_change,standard,medium,high,procedural_seed_1903365339463790219,verify_coinchange,"{""subtype"":""CC"",""denominations"":[1,2,5,10,25],""target"":77,""greedy_succeeds"":true,""instance_type"":""standard"",""denomination_type"":""textbook"",""greedy_answer"":""Count: 4\nCoins: [25, 25, 25, 2]"",""difficulty_numeric"":10,""critical_step_index"":-1}","stage1_procedural_generation | {""chosen_context"": ""postage stamps"", ""unit_name"": ""stamp"", ""target_description"": ""the exact postage needed for a package requiring 77 cents""}"
CC_032,W4,"FORMAL DEFINITION: π = ⟨D, S₀, S*, A⟩
DENOMINATIONS: D = {1, 2, 5, 10, 25}
INITIAL STATE S₀: CurrentSum = 0
GOAL STATE S*: CurrentSum = 77
ACTIONS:
SelectCoin(c):
  Pre: c ∈ D, (CurrentSum + c) ≤ 77
  Effect: CurrentSum ← CurrentSum + c
TASK: Find shortest sequence of actions to reach CurrentSum = 77.
OUTPUT FORMAT:
Count: [integer]
Coins: [denomination1, denomination2, ...]","Count: 4
Coins: [25, 25, 25, 2]",algorithmic,coin_change,standard,medium,high,procedural_seed_1903365339463790219,verify_coinchange,"{""subtype"":""CC"",""denominations"":[1,2,5,10,25],""target"":77,""greedy_succeeds"":true,""instance_type"":""standard"",""denomination_type"":""textbook"",""greedy_answer"":""Count: 4\nCoins: [25, 25, 25, 2]"",""difficulty_numeric"":10,""critical_step_index"":-1}",stage1_procedural_generation
CC_032,W6,"You have coins with the following denominations: [1, 5, 9, 34, 37]. You need to make exact change for 128 using the minimum number of coins. You may use each denomination any number of times.
What is the minimum number of coins needed and which coins do you use?
Respond in this exact format:
Count: [integer]
Coins: [denomination1, denomination2, ...]
No explanation. No other text.","Count: 6
Coins: [37, 34, 34, 9, 9, 5]",algorithmic,coin_change,standard,medium,high,procedural_seed_1903365339463790219,verify_coinchange,"{""subtype"": ""CC"", ""denominations"": [1, 5, 9, 34, 37], ""target"": 128, ""greedy_succeeds"": true, ""instance_type"": ""standard"", ""denomination_type"": ""textbook"", ""greedy_answer"": ""Count: 4\nCoins: [25, 25, 25, 2]"", ""difficulty_numeric"": 10, ""critical_step_index"": -1}",stage1_procedural_generation | w6_seed=16127365
CC_033,W1,"Given coins of denominations [1, 2, 5, 10], your task is to create exact change for 113 while minimizing the total coin count. Each denomination can be used repeatedly as needed.
Find the smallest number of coins required and specify which coins to use.
Respond in this exact format:
Count: [integer]
Coins: [denomination1, denomination2, ...]
No explanation. No other text.","Count: 13
Coins: [10, 10, 10, 10, 10, 10, 10, 10, 10, 10, 10, 2, 1]",algorithmic,coin_change,standard,medium,high,procedural_seed_910632834905015015,verify_coinchange,"{""subtype"":""CC"",""denominations"":[1,2,5,10],""target"":113,""greedy_succeeds"":true,""instance_type"":""standard"",""denomination_type"":""textbook"",""greedy_answer"":""Count: 13\nCoins: [10, 10, 10, 10, 10, 10, 10, 10, 10, 10, 10, 2, 1]"",""difficulty_numeric"":10,""critical_step_index"":-1}",stage1_procedural_generation
CC_033,W2,"Given D = {1, 2, 5, 10} and target t = 113, find minimum coin count.","Count: 13
Coins: [10, 10, 10, 10, 10, 10, 10, 10, 10, 10, 10, 2, 1]",algorithmic,coin_change,standard,medium,high,procedural_seed_910632834905015015,verify_coinchange,"{""subtype"":""CC"",""denominations"":[1,2,5,10],""target"":113,""greedy_succeeds"":true,""instance_type"":""standard"",""denomination_type"":""textbook"",""greedy_answer"":""Count: 13\nCoins: [10, 10, 10, 10, 10, 10, 10, 10, 10, 10, 10, 2, 1]"",""difficulty_numeric"":10,""critical_step_index"":-1}",stage1_procedural_generation
CC_033,W3,"You have stamps with the following stamp sizes: [1, 2, 5, 10]. You need to make exact change for the required the exact postage needed for a package requiring 113 cents using the minimum number of stamps. You may use each stamp sizes any number of times.
What is the minimum number of stamps needed and which stamps do you use?
Respond in this exact format:
Count: [integer]
stamps: [denomination1, denomination2, ...]
No explanation. No other text.","Count: 13
Coins: [10, 10, 10, 10, 10, 10, 10, 10, 10, 10, 10, 2, 1]",algorithmic,coin_change,standard,medium,high,procedural_seed_910632834905015015,verify_coinchange,"{""subtype"":""CC"",""denominations"":[1,2,5,10],""target"":113,""greedy_succeeds"":true,""instance_type"":""standard"",""denomination_type"":""textbook"",""greedy_answer"":""Count: 13\nCoins: [10, 10, 10, 10, 10, 10, 10, 10, 10, 10, 10, 2, 1]"",""difficulty_numeric"":10,""critical_step_index"":-1}","stage1_procedural_generation | {""chosen_context"": ""postage stamps"", ""unit_name"": ""stamp"", ""target_description"": ""the exact postage needed for a package requiring 113 cents""}"
CC_033,W4,"FORMAL DEFINITION: π = ⟨D, S₀, S*, A⟩
DENOMINATIONS: D = {1, 2, 5, 10}
INITIAL STATE S₀: CurrentSum = 0
GOAL STATE S*: CurrentSum = 113
ACTIONS:
SelectCoin(c):
  Pre: c ∈ D, (CurrentSum + c) ≤ 113
  Effect: CurrentSum ← CurrentSum + c
TASK: Find shortest sequence of actions to reach CurrentSum = 113.
OUTPUT FORMAT:
Count: [integer]
Coins: [denomination1, denomination2, ...]","Count: 13
Coins: [10, 10, 10, 10, 10, 10, 10, 10, 10, 10, 10, 2, 1]",algorithmic,coin_change,standard,medium,high,procedural_seed_910632834905015015,verify_coinchange,"{""subtype"":""CC"",""denominations"":[1,2,5,10],""target"":113,""greedy_succeeds"":true,""instance_type"":""standard"",""denomination_type"":""textbook"",""greedy_answer"":""Count: 13\nCoins: [10, 10, 10, 10, 10, 10, 10, 10, 10, 10, 10, 2, 1]"",""difficulty_numeric"":10,""critical_step_index"":-1}",stage1_procedural_generation
CC_033,W6,"You have coins with the following denominations: [1, 4, 21, 39]. You need to make exact change for 39 using the minimum number of coins. You may use each denomination any number of times.
What is the minimum number of coins needed and which coins do you use?
Respond in this exact format:
Count: [integer]
Coins: [denomination1, denomination2, ...]
No explanation. No other text.","Count: 1
Coins: [39]",algorithmic,coin_change,standard,medium,high,procedural_seed_910632834905015015,verify_coinchange,"{""subtype"": ""CC"", ""denominations"": [1, 4, 21, 39], ""target"": 39, ""greedy_succeeds"": true, ""instance_type"": ""standard"", ""denomination_type"": ""textbook"", ""greedy_answer"": ""Count: 13\nCoins: [10, 10, 10, 10, 10, 10, 10, 10, 10, 10, 10, 2, 1]"", ""difficulty_numeric"": 10, ""critical_step_index"": -1}",stage1_procedural_generation | w6_seed=3626630588
CC_034,W1,"Given coins of denominations [1, 10, 50, 100], your task is to create exact change for 102 with the fewest coins possible. Each denomination can be used multiple times.
Find the minimum coin count and specify which coins to use.
Respond in this exact format:
Count: [integer]
Coins: [denomination1, denomination2, ...]
No explanation. No other text.","Count: 3
Coins: [100, 1, 1]",algorithmic,coin_change,standard,medium,high,procedural_seed_9692531037646309500,verify_coinchange,"{""subtype"":""CC"",""denominations"":[1,10,50,100],""target"":102,""greedy_succeeds"":true,""instance_type"":""standard"",""denomination_type"":""textbook"",""greedy_answer"":""Count: 3\nCoins: [100, 1, 1]"",""difficulty_numeric"":10,""critical_step_index"":-1}",stage1_procedural_generation
CC_034,W2,"Given D = {1, 10, 50, 100} and target t = 102, find minimum coin count.","Count: 3
Coins: [100, 1, 1]",algorithmic,coin_change,standard,medium,high,procedural_seed_9692531037646309500,verify_coinchange,"{""subtype"":""CC"",""denominations"":[1,10,50,100],""target"":102,""greedy_succeeds"":true,""instance_type"":""standard"",""denomination_type"":""textbook"",""greedy_answer"":""Count: 3\nCoins: [100, 1, 1]"",""difficulty_numeric"":10,""critical_step_index"":-1}",stage1_procedural_generation
CC_034,W3,"You have stamps with the following stamp sizes: [1, 10, 50, 100]. You need to make exact change for the required postage required for a package using the minimum number of stamps. You may use each stamp sizes any number of times.
What is the minimum number of stamps needed and which stamps do you use?
Respond in this exact format:
Count: [integer]
stamps: [denomination1, denomination2, ...]
No explanation. No other text.","Count: 3
Coins: [100, 1, 1]",algorithmic,coin_change,standard,medium,high,procedural_seed_9692531037646309500,verify_coinchange,"{""subtype"":""CC"",""denominations"":[1,10,50,100],""target"":102,""greedy_succeeds"":true,""instance_type"":""standard"",""denomination_type"":""textbook"",""greedy_answer"":""Count: 3\nCoins: [100, 1, 1]"",""difficulty_numeric"":10,""critical_step_index"":-1}","stage1_procedural_generation | {""chosen_context"": ""postage stamps"", ""unit_name"": ""stamp"", ""target_description"": ""postage required for a package""}"
CC_034,W4,"FORMAL DEFINITION: π = ⟨D, S₀, S*, A⟩
DENOMINATIONS: D = {1, 10, 50, 100}
INITIAL STATE S₀: CurrentSum = 0
GOAL STATE S*: CurrentSum = 102
ACTIONS:
SelectCoin(c):
  Pre: c ∈ D, (CurrentSum + c) ≤ 102
  Effect: CurrentSum ← CurrentSum + c
TASK: Find shortest sequence of actions to reach CurrentSum = 102.
OUTPUT FORMAT:
Count: [integer]
Coins: [denomination1, denomination2, ...]","Count: 3
Coins: [100, 1, 1]",algorithmic,coin_change,standard,medium,high,procedural_seed_9692531037646309500,verify_coinchange,"{""subtype"":""CC"",""denominations"":[1,10,50,100],""target"":102,""greedy_succeeds"":true,""instance_type"":""standard"",""denomination_type"":""textbook"",""greedy_answer"":""Count: 3\nCoins: [100, 1, 1]"",""difficulty_numeric"":10,""critical_step_index"":-1}",stage1_procedural_generation
CC_034,W6,"You have coins with the following denominations: [1, 12, 20, 121]. You need to make exact change for 25 using the minimum number of coins. You may use each denomination any number of times.
What is the minimum number of coins needed and which coins do you use?
Respond in this exact format:
Count: [integer]
Coins: [denomination1, denomination2, ...]
No explanation. No other text.","Count: 3
Coins: [12, 12, 1]",algorithmic,coin_change,standard,medium,high,procedural_seed_9692531037646309500,verify_coinchange,"{""subtype"": ""CC"", ""denominations"": [1, 12, 20, 121], ""target"": 25, ""greedy_succeeds"": true, ""instance_type"": ""standard"", ""denomination_type"": ""textbook"", ""greedy_answer"": ""Count: 3\nCoins: [100, 1, 1]"", ""difficulty_numeric"": 10, ""critical_step_index"": -1}",stage1_procedural_generation | w6_seed=32530376
CC_035,W1,"The denominations of coins available to you are: [1, 2, 5, 10]. Your task is to create exact change for 71 while using the fewest possible coins. Each denomination can be used multiple times.
How many coins minimum are required and what coins should be used?
Respond in this exact format:
Count: [integer]
Coins: [denomination1, denomination2, ...]
No explanation. No other text.","Count: 8
Coins: [10, 10, 10, 10, 10, 10, 10, 1]",algorithmic,coin_change,standard,medium,high,procedural_seed_5521898579341841205,verify_coinchange,"{""subtype"":""CC"",""denominations"":[1,2,5,10],""target"":71,""greedy_succeeds"":true,""instance_type"":""standard"",""denomination_type"":""textbook"",""greedy_answer"":""Count: 8\nCoins: [10, 10, 10, 10, 10, 10, 10, 1]"",""difficulty_numeric"":9,""critical_step_index"":-1}",stage1_procedural_generation
CC_035,W2,"Given D = {1, 2, 5, 10} and target t = 71, find minimum coin count.","Count: 8
Coins: [10, 10, 10, 10, 10, 10, 10, 1]",algorithmic,coin_change,standard,medium,high,procedural_seed_5521898579341841205,verify_coinchange,"{""subtype"":""CC"",""denominations"":[1,2,5,10],""target"":71,""greedy_succeeds"":true,""instance_type"":""standard"",""denomination_type"":""textbook"",""greedy_answer"":""Count: 8\nCoins: [10, 10, 10, 10, 10, 10, 10, 1]"",""difficulty_numeric"":9,""critical_step_index"":-1}",stage1_procedural_generation
CC_035,W3,"You have stamps with the following stamp sizes: [1, 2, 5, 10]. You need to make exact change for the required exact postage of 71 cents using the minimum number of stamps. You may use each stamp sizes any number of times.
What is the minimum number of stamps needed and which stamps do you use?
Respond in this exact format:
Count: [integer]
stamps: [denomination1, denomination2, ...]
No explanation. No other text.","Count: 8
Coins: [10, 10, 10, 10, 10, 10, 10, 1]",algorithmic,coin_change,standard,medium,high,procedural_seed_5521898579341841205,verify_coinchange,"{""subtype"":""CC"",""denominations"":[1,2,5,10],""target"":71,""greedy_succeeds"":true,""instance_type"":""standard"",""denomination_type"":""textbook"",""greedy_answer"":""Count: 8\nCoins: [10, 10, 10, 10, 10, 10, 10, 1]"",""difficulty_numeric"":9,""critical_step_index"":-1}","stage1_procedural_generation | {""chosen_context"": ""postage stamps"", ""unit_name"": ""stamp"", ""target_description"": ""exact postage of 71 cents""}"
CC_035,W4,"FORMAL DEFINITION: π = ⟨D, S₀, S*, A⟩
DENOMINATIONS: D = {1, 2, 5, 10}
INITIAL STATE S₀: CurrentSum = 0
GOAL STATE S*: CurrentSum = 71
ACTIONS:
SelectCoin(c):
  Pre: c ∈ D, (CurrentSum + c) ≤ 71
  Effect: CurrentSum ← CurrentSum + c
TASK: Find shortest sequence of actions to reach CurrentSum = 71.
OUTPUT FORMAT:
Count: [integer]
Coins: [denomination1, denomination2, ...]","Count: 8
Coins: [10, 10, 10, 10, 10, 10, 10, 1]",algorithmic,coin_change,standard,medium,high,procedural_seed_5521898579341841205,verify_coinchange,"{""subtype"":""CC"",""denominations"":[1,2,5,10],""target"":71,""greedy_succeeds"":true,""instance_type"":""standard"",""denomination_type"":""textbook"",""greedy_answer"":""Count: 8\nCoins: [10, 10, 10, 10, 10, 10, 10, 1]"",""difficulty_numeric"":9,""critical_step_index"":-1}",stage1_procedural_generation
CC_035,W6,"You have coins with the following denominations: [1, 8, 32, 39]. You need to make exact change for 146 using the minimum number of coins. You may use each denomination any number of times.
What is the minimum number of coins needed and which coins do you use?
Respond in this exact format:
Count: [integer]
Coins: [denomination1, denomination2, ...]
No explanation. No other text.","Count: 8
Coins: [39, 39, 32, 32, 1, 1, 1, 1]",algorithmic,coin_change,standard,medium,high,procedural_seed_5521898579341841205,verify_coinchange,"{""subtype"": ""CC"", ""denominations"": [1, 8, 32, 39], ""target"": 146, ""greedy_succeeds"": true, ""instance_type"": ""standard"", ""denomination_type"": ""textbook"", ""greedy_answer"": ""Count: 8\nCoins: [10, 10, 10, 10, 10, 10, 10, 1]"", ""difficulty_numeric"": 9, ""critical_step_index"": -1}",stage1_procedural_generation | w6_seed=2590011613
CC_036,W1,"Given coins of denominations [1, 2, 5, 10], your task is to create exact change for 106 while minimizing the total coin count. Each denomination can be used repeatedly.
What are the fewest coins required and which specific coins should be selected?
Respond in this exact format:
Count: [integer]
Coins: [denomination1, denomination2, ...]
No explanation. No other text.","Count: 12
Coins: [10, 10, 10, 10, 10, 10, 10, 10, 10, 10, 5, 1]",algorithmic,coin_change,standard,medium,high,procedural_seed_272788954686671966,verify_coinchange,"{""subtype"":""CC"",""denominations"":[1,2,5,10],""target"":106,""greedy_succeeds"":true,""instance_type"":""standard"",""denomination_type"":""textbook"",""greedy_answer"":""Count: 12\nCoins: [10, 10, 10, 10, 10, 10, 10, 10, 10, 10, 5, 1]"",""difficulty_numeric"":10,""critical_step_index"":-1}",stage1_procedural_generation
CC_036,W2,"Given D = {1, 2, 5, 10} and target t = 106, find minimum coin count.","Count: 12
Coins: [10, 10, 10, 10, 10, 10, 10, 10, 10, 10, 5, 1]",algorithmic,coin_change,standard,medium,high,procedural_seed_272788954686671966,verify_coinchange,"{""subtype"":""CC"",""denominations"":[1,2,5,10],""target"":106,""greedy_succeeds"":true,""instance_type"":""standard"",""denomination_type"":""textbook"",""greedy_answer"":""Count: 12\nCoins: [10, 10, 10, 10, 10, 10, 10, 10, 10, 10, 5, 1]"",""difficulty_numeric"":10,""critical_step_index"":-1}",stage1_procedural_generation
CC_036,W3,"You have stamps with the following stamp sizes: [1, 2, 5, 10]. You need to make exact change for the required total postage needed for a package using the minimum number of stamps. You may use each stamp sizes any number of times.
What is the minimum number of stamps needed and which stamps do you use?
Respond in this exact format:
Count: [integer]
stamps: [denomination1, denomination2, ...]
No explanation. No other text.","Count: 12
Coins: [10, 10, 10, 10, 10, 10, 10, 10, 10, 10, 5, 1]",algorithmic,coin_change,standard,medium,high,procedural_seed_272788954686671966,verify_coinchange,"{""subtype"":""CC"",""denominations"":[1,2,5,10],""target"":106,""greedy_succeeds"":true,""instance_type"":""standard"",""denomination_type"":""textbook"",""greedy_answer"":""Count: 12\nCoins: [10, 10, 10, 10, 10, 10, 10, 10, 10, 10, 5, 1]"",""difficulty_numeric"":10,""critical_step_index"":-1}","stage1_procedural_generation | {""chosen_context"": ""postage stamps"", ""unit_name"": ""stamp"", ""target_description"": ""total postage needed for a package""}"
CC_036,W4,"FORMAL DEFINITION: π = ⟨D, S₀, S*, A⟩
DENOMINATIONS: D = {1, 2, 5, 10}
INITIAL STATE S₀: CurrentSum = 0
GOAL STATE S*: CurrentSum = 106
ACTIONS:
SelectCoin(c):
  Pre: c ∈ D, (CurrentSum + c) ≤ 106
  Effect: CurrentSum ← CurrentSum + c
TASK: Find shortest sequence of actions to reach CurrentSum = 106.
OUTPUT FORMAT:
Count: [integer]
Coins: [denomination1, denomination2, ...]","Count: 12
Coins: [10, 10, 10, 10, 10, 10, 10, 10, 10, 10, 5, 1]",algorithmic,coin_change,standard,medium,high,procedural_seed_272788954686671966,verify_coinchange,"{""subtype"":""CC"",""denominations"":[1,2,5,10],""target"":106,""greedy_succeeds"":true,""instance_type"":""standard"",""denomination_type"":""textbook"",""greedy_answer"":""Count: 12\nCoins: [10, 10, 10, 10, 10, 10, 10, 10, 10, 10, 5, 1]"",""difficulty_numeric"":10,""critical_step_index"":-1}",stage1_procedural_generation
CC_036,W6,"You have coins with the following denominations: [1, 4, 12, 30]. You need to make exact change for 123 using the minimum number of coins. You may use each denomination any number of times.
What is the minimum number of coins needed and which coins do you use?
Respond in this exact format:
Count: [integer]
Coins: [denomination1, denomination2, ...]
No explanation. No other text.","Count: 7
Coins: [30, 30, 30, 30, 1, 1, 1]",algorithmic,coin_change,standard,medium,high,procedural_seed_272788954686671966,verify_coinchange,"{""subtype"": ""CC"", ""denominations"": [1, 4, 12, 30], ""target"": 123, ""greedy_succeeds"": true, ""instance_type"": ""standard"", ""denomination_type"": ""textbook"", ""greedy_answer"": ""Count: 12\nCoins: [10, 10, 10, 10, 10, 10, 10, 10, 10, 10, 5, 1]"", ""difficulty_numeric"": 10, ""critical_step_index"": -1}",stage1_procedural_generation | w6_seed=1999648832
CC_037,W1,"Given coins of denominations [1, 10, 50, 100], make exact change for 87 with the fewest coins possible. Each denomination can be used multiple times.
Find the minimum coin count and specify which coins to use.
Respond in this exact format:
Count: [integer]
Coins: [denomination1, denomination2, ...]
No explanation. No other text.","Count: 11
Coins: [50, 10, 10, 10, 1, 1, 1, 1, 1, 1, 1]",algorithmic,coin_change,standard,medium,high,procedural_seed_144159830436149841,verify_coinchange,"{""subtype"":""CC"",""denominations"":[1,10,50,100],""target"":87,""greedy_succeeds"":true,""instance_type"":""standard"",""denomination_type"":""textbook"",""greedy_answer"":""Count: 11\nCoins: [50, 10, 10, 10, 1, 1, 1, 1, 1, 1, 1]"",""difficulty_numeric"":9,""critical_step_index"":-1}",stage1_procedural_generation
CC_037,W2,"Given D = {1, 10, 50, 100} and target t = 87, find minimum coin count.","Count: 11
Coins: [50, 10, 10, 10, 1, 1, 1, 1, 1, 1, 1]",algorithmic,coin_change,standard,medium,high,procedural_seed_144159830436149841,verify_coinchange,"{""subtype"":""CC"",""denominations"":[1,10,50,100],""target"":87,""greedy_succeeds"":true,""instance_type"":""standard"",""denomination_type"":""textbook"",""greedy_answer"":""Count: 11\nCoins: [50, 10, 10, 10, 1, 1, 1, 1, 1, 1, 1]"",""difficulty_numeric"":9,""critical_step_index"":-1}",stage1_procedural_generation
CC_037,W3,"You have stamps with the following stamp sizes: [1, 10, 50, 100]. You need to make exact change for the required total postage needed for a package using the minimum number of stamps. You may use each stamp sizes any number of times.
What is the minimum number of stamps needed and which stamps do you use?
Respond in this exact format:
Count: [integer]
stamps: [denomination1, denomination2, ...]
No explanation. No other text.","Count: 11
Coins: [50, 10, 10, 10, 1, 1, 1, 1, 1, 1, 1]",algorithmic,coin_change,standard,medium,high,procedural_seed_144159830436149841,verify_coinchange,"{""subtype"":""CC"",""denominations"":[1,10,50,100],""target"":87,""greedy_succeeds"":true,""instance_type"":""standard"",""denomination_type"":""textbook"",""greedy_answer"":""Count: 11\nCoins: [50, 10, 10, 10, 1, 1, 1, 1, 1, 1, 1]"",""difficulty_numeric"":9,""critical_step_index"":-1}","stage1_procedural_generation | {""chosen_context"": ""postage stamps"", ""unit_name"": ""stamp"", ""target_description"": ""total postage needed for a package""}"
CC_037,W4,"FORMAL DEFINITION: π = ⟨D, S₀, S*, A⟩
DENOMINATIONS: D = {1, 10, 50, 100}
INITIAL STATE S₀: CurrentSum = 0
GOAL STATE S*: CurrentSum = 87
ACTIONS:
SelectCoin(c):
  Pre: c ∈ D, (CurrentSum + c) ≤ 87
  Effect: CurrentSum ← CurrentSum + c
TASK: Find shortest sequence of actions to reach CurrentSum = 87.
OUTPUT FORMAT:
Count: [integer]
Coins: [denomination1, denomination2, ...]","Count: 11
Coins: [50, 10, 10, 10, 1, 1, 1, 1, 1, 1, 1]",algorithmic,coin_change,standard,medium,high,procedural_seed_144159830436149841,verify_coinchange,"{""subtype"":""CC"",""denominations"":[1,10,50,100],""target"":87,""greedy_succeeds"":true,""instance_type"":""standard"",""denomination_type"":""textbook"",""greedy_answer"":""Count: 11\nCoins: [50, 10, 10, 10, 1, 1, 1, 1, 1, 1, 1]"",""difficulty_numeric"":9,""critical_step_index"":-1}",stage1_procedural_generation
CC_037,W6,"You have coins with the following denominations: [1, 110, 122, 123]. You need to make exact change for 119 using the minimum number of coins. You may use each denomination any number of times.
What is the minimum number of coins needed and which coins do you use?
Respond in this exact format:
Count: [integer]
Coins: [denomination1, denomination2, ...]
No explanation. No other text.","Count: 10
Coins: [110, 1, 1, 1, 1, 1, 1, 1, 1, 1]",algorithmic,coin_change,standard,medium,high,procedural_seed_144159830436149841,verify_coinchange,"{""subtype"": ""CC"", ""denominations"": [1, 110, 122, 123], ""target"": 119, ""greedy_succeeds"": true, ""instance_type"": ""standard"", ""denomination_type"": ""textbook"", ""greedy_answer"": ""Count: 11\nCoins: [50, 10, 10, 10, 1, 1, 1, 1, 1, 1, 1]"", ""difficulty_numeric"": 9, ""critical_step_index"": -1}",stage1_procedural_generation | w6_seed=2305700574
CC_038,W1,"A cashier needs to give change for 24 units using the fewest coins possible. The available coin denominations are [1, 10, 50, 100]. Each denomination can be used multiple times. What is the minimum number of coins required, and which coins make up that change?
Respond in this exact format:
Count: [integer]
Coins: [denomination1, denomination2, ...]","Count: 6
Coins: [10, 10, 1, 1, 1, 1]",algorithmic,coin_change,standard,medium,high,procedural_seed_12269054952601075582,verify_coinchange,"{""subtype"":""CC"",""denominations"":[1,10,50,100],""target"":24,""greedy_succeeds"":true,""instance_type"":""standard"",""denomination_type"":""textbook"",""greedy_answer"":""Count: 6\nCoins: [10, 10, 1, 1, 1, 1]"",""difficulty_numeric"":7,""critical_step_index"":-1}",stage1_procedural_generation | manual_w1
CC_038,W2,"Given D = {1, 10, 50, 100} and target t = 24, find minimum coin count.","Count: 6
Coins: [10, 10, 1, 1, 1, 1]",algorithmic,coin_change,standard,medium,high,procedural_seed_12269054952601075582,verify_coinchange,"{""subtype"":""CC"",""denominations"":[1,10,50,100],""target"":24,""greedy_succeeds"":true,""instance_type"":""standard"",""denomination_type"":""textbook"",""greedy_answer"":""Count: 6\nCoins: [10, 10, 1, 1, 1, 1]"",""difficulty_numeric"":7,""critical_step_index"":-1}",stage1_procedural_generation
CC_038,W3,"You have stamps with the following stamp sizes: [1, 10, 50, 100]. You need to make exact change for the required the exact postage needed for a package using the minimum number of stamps. You may use each stamp sizes any number of times.
What is the minimum number of stamps needed and which stamps do you use?
Respond in this exact format:
Count: [integer]
stamps: [denomination1, denomination2, ...]
No explanation. No other text.","Count: 6
Coins: [10, 10, 1, 1, 1, 1]",algorithmic,coin_change,standard,medium,high,procedural_seed_12269054952601075582,verify_coinchange,"{""subtype"":""CC"",""denominations"":[1,10,50,100],""target"":24,""greedy_succeeds"":true,""instance_type"":""standard"",""denomination_type"":""textbook"",""greedy_answer"":""Count: 6\nCoins: [10, 10, 1, 1, 1, 1]"",""difficulty_numeric"":7,""critical_step_index"":-1}","stage1_procedural_generation | {""chosen_context"": ""postage stamps"", ""unit_name"": ""stamp"", ""target_description"": ""the exact postage needed for a package""}"
CC_038,W4,"FORMAL DEFINITION: π = ⟨D, S₀, S*, A⟩
DENOMINATIONS: D = {1, 10, 50, 100}
INITIAL STATE S₀: CurrentSum = 0
GOAL STATE S*: CurrentSum = 24
ACTIONS:
SelectCoin(c):
  Pre: c ∈ D, (CurrentSum + c) ≤ 24
  Effect: CurrentSum ← CurrentSum + c
TASK: Find shortest sequence of actions to reach CurrentSum = 24.
OUTPUT FORMAT:
Count: [integer]
Coins: [denomination1, denomination2, ...]","Count: 6
Coins: [10, 10, 1, 1, 1, 1]",algorithmic,coin_change,standard,medium,high,procedural_seed_12269054952601075582,verify_coinchange,"{""subtype"":""CC"",""denominations"":[1,10,50,100],""target"":24,""greedy_succeeds"":true,""instance_type"":""standard"",""denomination_type"":""textbook"",""greedy_answer"":""Count: 6\nCoins: [10, 10, 1, 1, 1, 1]"",""difficulty_numeric"":7,""critical_step_index"":-1}",stage1_procedural_generation
CC_038,W6,"You have coins with the following denominations: [1, 10, 39, 43]. You need to make exact change for 66 using the minimum number of coins. You may use each denomination any number of times.
What is the minimum number of coins needed and which coins do you use?
Respond in this exact format:
Count: [integer]
Coins: [denomination1, denomination2, ...]
No explanation. No other text.","Count: 6
Coins: [43, 10, 10, 1, 1, 1]",algorithmic,coin_change,standard,medium,high,procedural_seed_12269054952601075582,verify_coinchange,"{""subtype"": ""CC"", ""denominations"": [1, 10, 39, 43], ""target"": 66, ""greedy_succeeds"": true, ""instance_type"": ""standard"", ""denomination_type"": ""textbook"", ""greedy_answer"": ""Count: 6\nCoins: [10, 10, 1, 1, 1, 1]"", ""difficulty_numeric"": 7, ""critical_step_index"": -1}",stage1_procedural_generation | w6_seed=3530951695
CC_039,W1,"Given coins of denominations [1, 31, 41, 53], your task is to create exact change for 108 with the fewest coins possible. Each denomination can be used multiple times.
Find the minimum coin count required and specify which coins to use.
Respond in this exact format:
Count: [integer]
Coins: [denomination1, denomination2, ...]
No explanation. No other text.","Count: 4
Coins: [53, 53, 1, 1]",algorithmic,coin_change,standard,medium,low,procedural_seed_11382271867693084185,verify_coinchange,"{""subtype"":""CC"",""denominations"":[1,31,41,53],""target"":108,""greedy_succeeds"":true,""instance_type"":""standard"",""denomination_type"":""novel"",""greedy_answer"":""Count: 4\nCoins: [53, 53, 1, 1]"",""difficulty_numeric"":10,""critical_step_index"":-1}",stage1_procedural_generation
CC_039,W2,"Given D = {1, 31, 41, 53} and target t = 108, find minimum coin count.","Count: 4
Coins: [53, 53, 1, 1]",algorithmic,coin_change,standard,medium,low,procedural_seed_11382271867693084185,verify_coinchange,"{""subtype"":""CC"",""denominations"":[1,31,41,53],""target"":108,""greedy_succeeds"":true,""instance_type"":""standard"",""denomination_type"":""novel"",""greedy_answer"":""Count: 4\nCoins: [53, 53, 1, 1]"",""difficulty_numeric"":10,""critical_step_index"":-1}",stage1_procedural_generation
CC_039,W3,"You have stamps with the following stamp sizes: [1, 31, 41, 53]. You need to make exact change for the required exact postage for a package requiring 108 cents using the minimum number of stamps. You may use each stamp sizes any number of times.
What is the minimum number of stamps needed and which stamps do you use?
Respond in this exact format:
Count: [integer]
stamps: [denomination1, denomination2, ...]
No explanation. No other text.","Count: 4
Coins: [53, 53, 1, 1]",algorithmic,coin_change,standard,medium,low,procedural_seed_11382271867693084185,verify_coinchange,"{""subtype"":""CC"",""denominations"":[1,31,41,53],""target"":108,""greedy_succeeds"":true,""instance_type"":""standard"",""denomination_type"":""novel"",""greedy_answer"":""Count: 4\nCoins: [53, 53, 1, 1]"",""difficulty_numeric"":10,""critical_step_index"":-1}","stage1_procedural_generation | {""chosen_context"": ""postage stamps"", ""unit_name"": ""stamp"", ""target_description"": ""exact postage for a package requiring 108 cents""}"
CC_039,W4,"FORMAL DEFINITION: π = ⟨D, S₀, S*, A⟩
DENOMINATIONS: D = {1, 31, 41, 53}
INITIAL STATE S₀: CurrentSum = 0
GOAL STATE S*: CurrentSum = 108
ACTIONS:
SelectCoin(c):
  Pre: c ∈ D, (CurrentSum + c) ≤ 108
  Effect: CurrentSum ← CurrentSum + c
TASK: Find shortest sequence of actions to reach CurrentSum = 108.
OUTPUT FORMAT:
Count: [integer]
Coins: [denomination1, denomination2, ...]","Count: 4
Coins: [53, 53, 1, 1]",algorithmic,coin_change,standard,medium,low,procedural_seed_11382271867693084185,verify_coinchange,"{""subtype"":""CC"",""denominations"":[1,31,41,53],""target"":108,""greedy_succeeds"":true,""instance_type"":""standard"",""denomination_type"":""novel"",""greedy_answer"":""Count: 4\nCoins: [53, 53, 1, 1]"",""difficulty_numeric"":10,""critical_step_index"":-1}",stage1_procedural_generation
CC_039,W6,"You have coins with the following denominations: [1, 41, 45, 65]. You need to make exact change for 119 using the minimum number of coins. You may use each denomination any number of times.
What is the minimum number of coins needed and which coins do you use?
Respond in this exact format:
Count: [integer]
Coins: [denomination1, denomination2, ...]
No explanation. No other text.","Count: 11
Coins: [65, 45, 1, 1, 1, 1, 1, 1, 1, 1, 1]",algorithmic,coin_change,standard,medium,low,procedural_seed_11382271867693084185,verify_coinchange,"{""subtype"": ""CC"", ""denominations"": [1, 41, 45, 65], ""target"": 119, ""greedy_succeeds"": true, ""instance_type"": ""standard"", ""denomination_type"": ""novel"", ""greedy_answer"": ""Count: 4\nCoins: [53, 53, 1, 1]"", ""difficulty_numeric"": 10, ""critical_step_index"": -1}",stage1_procedural_generation | w6_seed=560079809
CC_040,W1,"Given coins of denominations [1, 11, 19, 41], your task is to create exact change for 30 with the fewest coins possible. Each denomination can be used multiple times.
Find the minimum coin count and specify which coins to use.
Respond in this exact format:
Count: [integer]
Coins: [denomination1, denomination2, ...]
No explanation. No other text.","Count: 2
Coins: [19, 11]",algorithmic,coin_change,standard,medium,low,procedural_seed_7824674277218509647,verify_coinchange,"{""subtype"":""CC"",""denominations"":[1,11,19,41],""target"":30,""greedy_succeeds"":true,""instance_type"":""standard"",""denomination_type"":""novel"",""greedy_answer"":""Count: 2\nCoins: [19, 11]"",""difficulty_numeric"":8,""critical_step_index"":-1}",stage1_procedural_generation
CC_040,W2,"Given D = {1, 11, 19, 41} and target t = 30, find minimum coin count.","Count: 2
Coins: [19, 11]",algorithmic,coin_change,standard,medium,low,procedural_seed_7824674277218509647,verify_coinchange,"{""subtype"":""CC"",""denominations"":[1,11,19,41],""target"":30,""greedy_succeeds"":true,""instance_type"":""standard"",""denomination_type"":""novel"",""greedy_answer"":""Count: 2\nCoins: [19, 11]"",""difficulty_numeric"":8,""critical_step_index"":-1}",stage1_procedural_generation
CC_040,W3,"You have stamps with the following stamp sizes: [1, 11, 19, 41]. You need to make exact change for the required exact postage of 30 cents using the minimum number of stamps. You may use each stamp sizes any number of times.
What is the minimum number of stamps needed and which stamps do you use?
Respond in this exact format:
Count: [integer]
stamps: [denomination1, denomination2, ...]
No explanation. No other text.","Count: 2
Coins: [19, 11]",algorithmic,coin_change,standard,medium,low,procedural_seed_7824674277218509647,verify_coinchange,"{""subtype"":""CC"",""denominations"":[1,11,19,41],""target"":30,""greedy_succeeds"":true,""instance_type"":""standard"",""denomination_type"":""novel"",""greedy_answer"":""Count: 2\nCoins: [19, 11]"",""difficulty_numeric"":8,""critical_step_index"":-1}","stage1_procedural_generation | {""chosen_context"": ""postage stamps"", ""unit_name"": ""stamp"", ""target_description"": ""exact postage of 30 cents""}"
CC_040,W4,"FORMAL DEFINITION: π = ⟨D, S₀, S*, A⟩
DENOMINATIONS: D = {1, 11, 19, 41}
INITIAL STATE S₀: CurrentSum = 0
GOAL STATE S*: CurrentSum = 30
ACTIONS:
SelectCoin(c):
  Pre: c ∈ D, (CurrentSum + c) ≤ 30
  Effect: CurrentSum ← CurrentSum + c
TASK: Find shortest sequence of actions to reach CurrentSum = 30.
OUTPUT FORMAT:
Count: [integer]
Coins: [denomination1, denomination2, ...]","Count: 2
Coins: [19, 11]",algorithmic,coin_change,standard,medium,low,procedural_seed_7824674277218509647,verify_coinchange,"{""subtype"":""CC"",""denominations"":[1,11,19,41],""target"":30,""greedy_succeeds"":true,""instance_type"":""standard"",""denomination_type"":""novel"",""greedy_answer"":""Count: 2\nCoins: [19, 11]"",""difficulty_numeric"":8,""critical_step_index"":-1}",stage1_procedural_generation
CC_040,W6,"You have coins with the following denominations: [1, 43, 58, 64]. You need to make exact change for 49 using the minimum number of coins. You may use each denomination any number of times.
What is the minimum number of coins needed and which coins do you use?
Respond in this exact format:
Count: [integer]
Coins: [denomination1, denomination2, ...]
No explanation. No other text.","Count: 7
Coins: [43, 1, 1, 1, 1, 1, 1]",algorithmic,coin_change,standard,medium,low,procedural_seed_7824674277218509647,verify_coinchange,"{""subtype"": ""CC"", ""denominations"": [1, 43, 58, 64], ""target"": 49, ""greedy_succeeds"": true, ""instance_type"": ""standard"", ""denomination_type"": ""novel"", ""greedy_answer"": ""Count: 2\nCoins: [19, 11]"", ""difficulty_numeric"": 8, ""critical_step_index"": -1}",stage1_procedural_generation | w6_seed=937315660
CC_041,W1,"Available coin denominations are: [1, 11, 23, 43]. Your task is to create exact change totaling 141 while minimizing the coin count. Each denomination can be used repeatedly.
Find the smallest coin count required and specify which coins are used.
Respond in this exact format:
Count: [integer]
Coins: [denomination1, denomination2, ...]
No explanation. No other text.","Count: 5
Coins: [43, 43, 43, 11, 1]",algorithmic,coin_change,standard,medium,low,procedural_seed_18186292428688479561,verify_coinchange,"{""subtype"":""CC"",""denominations"":[1,11,23,43],""target"":141,""greedy_succeeds"":true,""instance_type"":""standard"",""denomination_type"":""novel"",""greedy_answer"":""Count: 5\nCoins: [43, 43, 43, 11, 1]"",""difficulty_numeric"":11,""critical_step_index"":-1}",stage1_procedural_generation
CC_041,W2,"Given D = {1, 11, 23, 43} and target t = 141, find minimum coin count.","Count: 5
Coins: [43, 43, 43, 11, 1]",algorithmic,coin_change,standard,medium,low,procedural_seed_18186292428688479561,verify_coinchange,"{""subtype"":""CC"",""denominations"":[1,11,23,43],""target"":141,""greedy_succeeds"":true,""instance_type"":""standard"",""denomination_type"":""novel"",""greedy_answer"":""Count: 5\nCoins: [43, 43, 43, 11, 1]"",""difficulty_numeric"":11,""critical_step_index"":-1}",stage1_procedural_generation
CC_041,W3,"You have stamps with the following stamp sizes: [1, 11, 23, 43]. You need to make exact change for the required exact postage for a package requiring 141 cents using the minimum number of stamps. You may use each stamp sizes any number of times.
What is the minimum number of stamps needed and which stamps do you use?
Respond in this exact format:
Count: [integer]
stamps: [denomination1, denomination2, ...]
No explanation. No other text.","Count: 5
Coins: [43, 43, 43, 11, 1]",algorithmic,coin_change,standard,medium,low,procedural_seed_18186292428688479561,verify_coinchange,"{""subtype"":""CC"",""denominations"":[1,11,23,43],""target"":141,""greedy_succeeds"":true,""instance_type"":""standard"",""denomination_type"":""novel"",""greedy_answer"":""Count: 5\nCoins: [43, 43, 43, 11, 1]"",""difficulty_numeric"":11,""critical_step_index"":-1}","stage1_procedural_generation | {""chosen_context"": ""postage stamps"", ""unit_name"": ""stamp"", ""target_description"": ""exact postage for a package requiring 141 cents""}"
CC_041,W4,"FORMAL DEFINITION: π = ⟨D, S₀, S*, A⟩
DENOMINATIONS: D = {1, 11, 23, 43}
INITIAL STATE S₀: CurrentSum = 0
GOAL STATE S*: CurrentSum = 141
ACTIONS:
SelectCoin(c):
  Pre: c ∈ D, (CurrentSum + c) ≤ 141
  Effect: CurrentSum ← CurrentSum + c
TASK: Find shortest sequence of actions to reach CurrentSum = 141.
OUTPUT FORMAT:
Count: [integer]
Coins: [denomination1, denomination2, ...]","Count: 5
Coins: [43, 43, 43, 11, 1]",algorithmic,coin_change,standard,medium,low,procedural_seed_18186292428688479561,verify_coinchange,"{""subtype"":""CC"",""denominations"":[1,11,23,43],""target"":141,""greedy_succeeds"":true,""instance_type"":""standard"",""denomination_type"":""novel"",""greedy_answer"":""Count: 5\nCoins: [43, 43, 43, 11, 1]"",""difficulty_numeric"":11,""critical_step_index"":-1}",stage1_procedural_generation
CC_041,W6,"You have coins with the following denominations: [1, 20, 54, 67]. You need to make exact change for 52 using the minimum number of coins. You may use each denomination any number of times.
What is the minimum number of coins needed and which coins do you use?
Respond in this exact format:
Count: [integer]
Coins: [denomination1, denomination2, ...]
No explanation. No other text.","Count: 14
Coins: [20, 20, 1, 1, 1, 1, 1, 1, 1, 1, 1, 1, 1, 1]",algorithmic,coin_change,standard,medium,low,procedural_seed_18186292428688479561,verify_coinchange,"{""subtype"": ""CC"", ""denominations"": [1, 20, 54, 67], ""target"": 52, ""greedy_succeeds"": true, ""instance_type"": ""standard"", ""denomination_type"": ""novel"", ""greedy_answer"": ""Count: 5\nCoins: [43, 43, 43, 11, 1]"", ""difficulty_numeric"": 11, ""critical_step_index"": -1}",stage1_procedural_generation | w6_seed=3346099898
CC_042,W1,"The available coin denominations are: [1, 13, 53]. Your task is to create exact change totaling 34 while using the fewest coins possible. Each denomination can be used multiple times.
Determine the minimum coin count required and specify which coins to use.
Respond in this exact format:
Count: [integer]
Coins: [denomination1, denomination2, ...]
No explanation. No other text.","Count: 10
Coins: [13, 13, 1, 1, 1, 1, 1, 1, 1, 1]",algorithmic,coin_change,standard,medium,low,procedural_seed_15328931404120803615,verify_coinchange,"{""subtype"":""CC"",""denominations"":[1,13,53],""target"":34,""greedy_succeeds"":true,""instance_type"":""standard"",""denomination_type"":""novel"",""greedy_answer"":""Count: 10\nCoins: [13, 13, 1, 1, 1, 1, 1, 1, 1, 1]"",""difficulty_numeric"":7,""critical_step_index"":-1}",stage1_procedural_generation
CC_042,W2,"Given D = {1, 13, 53} and target t = 34, find minimum coin count.","Count: 10
Coins: [13, 13, 1, 1, 1, 1, 1, 1, 1, 1]",algorithmic,coin_change,standard,medium,low,procedural_seed_15328931404120803615,verify_coinchange,"{""subtype"":""CC"",""denominations"":[1,13,53],""target"":34,""greedy_succeeds"":true,""instance_type"":""standard"",""denomination_type"":""novel"",""greedy_answer"":""Count: 10\nCoins: [13, 13, 1, 1, 1, 1, 1, 1, 1, 1]"",""difficulty_numeric"":7,""critical_step_index"":-1}",stage1_procedural_generation
CC_042,W3,"You have stamps with the following stamp sizes: [1, 13, 53]. You need to make exact change for the required exact postage of 34 cents using the minimum number of stamps. You may use each stamp sizes any number of times.
What is the minimum number of stamps needed and which stamps do you use?
Respond in this exact format:
Count: [integer]
stamps: [denomination1, denomination2, ...]
No explanation. No other text.","Count: 10
Coins: [13, 13, 1, 1, 1, 1, 1, 1, 1, 1]",algorithmic,coin_change,standard,medium,low,procedural_seed_15328931404120803615,verify_coinchange,"{""subtype"":""CC"",""denominations"":[1,13,53],""target"":34,""greedy_succeeds"":true,""instance_type"":""standard"",""denomination_type"":""novel"",""greedy_answer"":""Count: 10\nCoins: [13, 13, 1, 1, 1, 1, 1, 1, 1, 1]"",""difficulty_numeric"":7,""critical_step_index"":-1}","stage1_procedural_generation | {""chosen_context"": ""postage stamps"", ""unit_name"": ""stamp"", ""target_description"": ""exact postage of 34 cents""}"
CC_042,W4,"FORMAL DEFINITION: π = ⟨D, S₀, S*, A⟩
DENOMINATIONS: D = {1, 13, 53}
INITIAL STATE S₀: CurrentSum = 0
GOAL STATE S*: CurrentSum = 34
ACTIONS:
SelectCoin(c):
  Pre: c ∈ D, (CurrentSum + c) ≤ 34
  Effect: CurrentSum ← CurrentSum + c
TASK: Find shortest sequence of actions to reach CurrentSum = 34.
OUTPUT FORMAT:
Count: [integer]
Coins: [denomination1, denomination2, ...]","Count: 10
Coins: [13, 13, 1, 1, 1, 1, 1, 1, 1, 1]",algorithmic,coin_change,standard,medium,low,procedural_seed_15328931404120803615,verify_coinchange,"{""subtype"":""CC"",""denominations"":[1,13,53],""target"":34,""greedy_succeeds"":true,""instance_type"":""standard"",""denomination_type"":""novel"",""greedy_answer"":""Count: 10\nCoins: [13, 13, 1, 1, 1, 1, 1, 1, 1, 1]"",""difficulty_numeric"":7,""critical_step_index"":-1}",stage1_procedural_generation
CC_042,W6,"You have coins with the following denominations: [1, 39, 42]. You need to make exact change for 111 using the minimum number of coins. You may use each denomination any number of times.
What is the minimum number of coins needed and which coins do you use?
Respond in this exact format:
Count: [integer]
Coins: [denomination1, denomination2, ...]
No explanation. No other text.","Count: 29
Coins: [42, 42, 1, 1, 1, 1, 1, 1, 1, 1, 1, 1, 1, 1, 1, 1, 1, 1, 1, 1, 1, 1, 1, 1, 1, 1, 1, 1, 1]",algorithmic,coin_change,standard,medium,low,procedural_seed_15328931404120803615,verify_coinchange,"{""subtype"": ""CC"", ""denominations"": [1, 39, 42], ""target"": 111, ""greedy_succeeds"": true, ""instance_type"": ""standard"", ""denomination_type"": ""novel"", ""greedy_answer"": ""Count: 10\nCoins: [13, 13, 1, 1, 1, 1, 1, 1, 1, 1]"", ""difficulty_numeric"": 7, ""critical_step_index"": -1}",stage1_procedural_generation | w6_seed=100570350
CC_043,W1,"With coins of denominations [1, 7, 13, 47], your task is to create exact change for 104 while minimizing the total coin count. Each denomination can be used repeatedly as needed.
Find the smallest number of coins required and specify which coins to use.
Respond in this exact format:
Count: [integer]
Coins: [denomination1, denomination2, ...]
No explanation. No other text.","Count: 6
Coins: [47, 47, 7, 1, 1, 1]",algorithmic,coin_change,standard,medium,low,procedural_seed_13920058440444344349,verify_coinchange,"{""subtype"":""CC"",""denominations"":[1,7,13,47],""target"":104,""greedy_succeeds"":true,""instance_type"":""standard"",""denomination_type"":""novel"",""greedy_answer"":""Count: 6\nCoins: [47, 47, 7, 1, 1, 1]"",""difficulty_numeric"":10,""critical_step_index"":-1}",stage1_procedural_generation
CC_043,W2,"Given D = {1, 7, 13, 47} and target t = 104, find minimum coin count.","Count: 6
Coins: [47, 47, 7, 1, 1, 1]",algorithmic,coin_change,standard,medium,low,procedural_seed_13920058440444344349,verify_coinchange,"{""subtype"":""CC"",""denominations"":[1,7,13,47],""target"":104,""greedy_succeeds"":true,""instance_type"":""standard"",""denomination_type"":""novel"",""greedy_answer"":""Count: 6\nCoins: [47, 47, 7, 1, 1, 1]"",""difficulty_numeric"":10,""critical_step_index"":-1}",stage1_procedural_generation
CC_043,W3,"You have stamps with the following stamp sizes: [1, 7, 13, 47]. You need to make exact change for the required total postage needed for a package using the minimum number of stamps. You may use each stamp sizes any number of times.
What is the minimum number of stamps needed and which stamps do you use?
Respond in this exact format:
Count: [integer]
stamps: [denomination1, denomination2, ...]
No explanation. No other text.","Count: 6
Coins: [47, 47, 7, 1, 1, 1]",algorithmic,coin_change,standard,medium,low,procedural_seed_13920058440444344349,verify_coinchange,"{""subtype"":""CC"",""denominations"":[1,7,13,47],""target"":104,""greedy_succeeds"":true,""instance_type"":""standard"",""denomination_type"":""novel"",""greedy_answer"":""Count: 6\nCoins: [47, 47, 7, 1, 1, 1]"",""difficulty_numeric"":10,""critical_step_index"":-1}","stage1_procedural_generation | {""chosen_context"": ""postage stamps"", ""unit_name"": ""stamp"", ""target_description"": ""total postage needed for a package""}"
CC_043,W4,"FORMAL DEFINITION: π = ⟨D, S₀, S*, A⟩
DENOMINATIONS: D = {1, 7, 13, 47}
INITIAL STATE S₀: CurrentSum = 0
GOAL STATE S*: CurrentSum = 104
ACTIONS:
SelectCoin(c):
  Pre: c ∈ D, (CurrentSum + c) ≤ 104
  Effect: CurrentSum ← CurrentSum + c
TASK: Find shortest sequence of actions to reach CurrentSum = 104.
OUTPUT FORMAT:
Count: [integer]
Coins: [denomination1, denomination2, ...]","Count: 6
Coins: [47, 47, 7, 1, 1, 1]",algorithmic,coin_change,standard,medium,low,procedural_seed_13920058440444344349,verify_coinchange,"{""subtype"":""CC"",""denominations"":[1,7,13,47],""target"":104,""greedy_succeeds"":true,""instance_type"":""standard"",""denomination_type"":""novel"",""greedy_answer"":""Count: 6\nCoins: [47, 47, 7, 1, 1, 1]"",""difficulty_numeric"":10,""critical_step_index"":-1}",stage1_procedural_generation
CC_043,W6,"You have coins with the following denominations: [1, 6, 21, 54]. You need to make exact change for 82 using the minimum number of coins. You may use each denomination any number of times.
What is the minimum number of coins needed and which coins do you use?
Respond in this exact format:
Count: [integer]
Coins: [denomination1, denomination2, ...]
No explanation. No other text.","Count: 4
Coins: [54, 21, 6, 1]",algorithmic,coin_change,standard,medium,low,procedural_seed_13920058440444344349,verify_coinchange,"{""subtype"": ""CC"", ""denominations"": [1, 6, 21, 54], ""target"": 82, ""greedy_succeeds"": true, ""instance_type"": ""standard"", ""denomination_type"": ""novel"", ""greedy_answer"": ""Count: 6\nCoins: [47, 47, 7, 1, 1, 1]"", ""difficulty_numeric"": 10, ""critical_step_index"": -1}",stage1_procedural_generation | w6_seed=1536134431
CC_044,W1,"A cashier needs to give change for 83 units using the fewest coins possible. The available coin denominations are [1, 19, 29]. Each denomination can be used multiple times. What is the minimum number of coins required, and which coins make up that change?
Respond in this exact format:
Count: [integer]
Coins: [denomination1, denomination2, ...]","Count: 9
Coins: [29, 29, 19, 1, 1, 1, 1, 1, 1]",algorithmic,coin_change,standard,medium,low,procedural_seed_4253971123134067501,verify_coinchange,"{""subtype"":""CC"",""denominations"":[1,19,29],""target"":83,""greedy_succeeds"":true,""instance_type"":""standard"",""denomination_type"":""novel"",""greedy_answer"":""Count: 9\nCoins: [29, 29, 19, 1, 1, 1, 1, 1, 1]"",""difficulty_numeric"":8,""critical_step_index"":-1}",stage1_procedural_generation | manual_w1
CC_044,W2,"Given D = {1, 19, 29} and target t = 83, find minimum coin count.","Count: 9
Coins: [29, 29, 19, 1, 1, 1, 1, 1, 1]",algorithmic,coin_change,standard,medium,low,procedural_seed_4253971123134067501,verify_coinchange,"{""subtype"":""CC"",""denominations"":[1,19,29],""target"":83,""greedy_succeeds"":true,""instance_type"":""standard"",""denomination_type"":""novel"",""greedy_answer"":""Count: 9\nCoins: [29, 29, 19, 1, 1, 1, 1, 1, 1]"",""difficulty_numeric"":8,""critical_step_index"":-1}",stage1_procedural_generation
CC_044,W3,"You have stamps with the following stamp sizes: [1, 19, 29]. You need to make exact change for the required the exact postage needed for a package requiring 83 cents using the minimum number of stamps. You may use each stamp sizes any number of times.
What is the minimum number of stamps needed and which stamps do you use?
Respond in this exact format:
Count: [integer]
stamps: [denomination1, denomination2, ...]
No explanation. No other text.","Count: 9
Coins: [29, 29, 19, 1, 1, 1, 1, 1, 1]",algorithmic,coin_change,standard,medium,low,procedural_seed_4253971123134067501,verify_coinchange,"{""subtype"":""CC"",""denominations"":[1,19,29],""target"":83,""greedy_succeeds"":true,""instance_type"":""standard"",""denomination_type"":""novel"",""greedy_answer"":""Count: 9\nCoins: [29, 29, 19, 1, 1, 1, 1, 1, 1]"",""difficulty_numeric"":8,""critical_step_index"":-1}","stage1_procedural_generation | {""chosen_context"": ""postage stamps"", ""unit_name"": ""stamp"", ""target_description"": ""the exact postage needed for a package requiring 83 cents""}"
CC_044,W4,"FORMAL DEFINITION: π = ⟨D, S₀, S*, A⟩
DENOMINATIONS: D = {1, 19, 29}
INITIAL STATE S₀: CurrentSum = 0
GOAL STATE S*: CurrentSum = 83
ACTIONS:
SelectCoin(c):
  Pre: c ∈ D, (CurrentSum + c) ≤ 83
  Effect: CurrentSum ← CurrentSum + c
TASK: Find shortest sequence of actions to reach CurrentSum = 83.
OUTPUT FORMAT:
Count: [integer]
Coins: [denomination1, denomination2, ...]","Count: 9
Coins: [29, 29, 19, 1, 1, 1, 1, 1, 1]",algorithmic,coin_change,standard,medium,low,procedural_seed_4253971123134067501,verify_coinchange,"{""subtype"":""CC"",""denominations"":[1,19,29],""target"":83,""greedy_succeeds"":true,""instance_type"":""standard"",""denomination_type"":""novel"",""greedy_answer"":""Count: 9\nCoins: [29, 29, 19, 1, 1, 1, 1, 1, 1]"",""difficulty_numeric"":8,""critical_step_index"":-1}",stage1_procedural_generation
CC_044,W6,"You have coins with the following denominations: [1, 28, 52]. You need to make exact change for 62 using the minimum number of coins. You may use each denomination any number of times.
What is the minimum number of coins needed and which coins do you use?
Respond in this exact format:
Count: [integer]
Coins: [denomination1, denomination2, ...]
No explanation. No other text.","Count: 8
Coins: [28, 28, 1, 1, 1, 1, 1, 1]",algorithmic,coin_change,standard,medium,low,procedural_seed_4253971123134067501,verify_coinchange,"{""subtype"": ""CC"", ""denominations"": [1, 28, 52], ""target"": 62, ""greedy_succeeds"": true, ""instance_type"": ""standard"", ""denomination_type"": ""novel"", ""greedy_answer"": ""Count: 9\nCoins: [29, 29, 19, 1, 1, 1, 1, 1, 1]"", ""difficulty_numeric"": 8, ""critical_step_index"": -1}",stage1_procedural_generation | w6_seed=907928356
CC_045,W1,"Given coins of denominations [1, 13, 29], your task is to create exact change for 64 while minimizing the total coin count. Each denomination can be used repeatedly as needed.
Determine the smallest number of coins required and specify which coins to use.
Respond in this exact format:
Count: [integer]
Coins: [denomination1, denomination2, ...]
No explanation. No other text.","Count: 8
Coins: [29, 29, 1, 1, 1, 1, 1, 1]",algorithmic,coin_change,standard,medium,low,procedural_seed_4761862867097173094,verify_coinchange,"{""subtype"":""CC"",""denominations"":[1,13,29],""target"":64,""greedy_succeeds"":true,""instance_type"":""standard"",""denomination_type"":""novel"",""greedy_answer"":""Count: 8\nCoins: [29, 29, 1, 1, 1, 1, 1, 1]"",""difficulty_numeric"":8,""critical_step_index"":-1}",stage1_procedural_generation
CC_045,W2,"Given D = {1, 13, 29} and target t = 64, find minimum coin count.","Count: 8
Coins: [29, 29, 1, 1, 1, 1, 1, 1]",algorithmic,coin_change,standard,medium,low,procedural_seed_4761862867097173094,verify_coinchange,"{""subtype"":""CC"",""denominations"":[1,13,29],""target"":64,""greedy_succeeds"":true,""instance_type"":""standard"",""denomination_type"":""novel"",""greedy_answer"":""Count: 8\nCoins: [29, 29, 1, 1, 1, 1, 1, 1]"",""difficulty_numeric"":8,""critical_step_index"":-1}",stage1_procedural_generation
CC_045,W3,"You have stamps with the following stamp sizes: [1, 13, 29]. You need to make exact change for the required the exact postage needed for a package requiring 64 cents using the minimum number of stamps. You may use each stamp sizes any number of times.
What is the minimum number of stamps needed and which stamps do you use?
Respond in this exact format:
Count: [integer]
stamps: [denomination1, denomination2, ...]
No explanation. No other text.","Count: 8
Coins: [29, 29, 1, 1, 1, 1, 1, 1]",algorithmic,coin_change,standard,medium,low,procedural_seed_4761862867097173094,verify_coinchange,"{""subtype"":""CC"",""denominations"":[1,13,29],""target"":64,""greedy_succeeds"":true,""instance_type"":""standard"",""denomination_type"":""novel"",""greedy_answer"":""Count: 8\nCoins: [29, 29, 1, 1, 1, 1, 1, 1]"",""difficulty_numeric"":8,""critical_step_index"":-1}","stage1_procedural_generation | {""chosen_context"": ""postage stamps"", ""unit_name"": ""stamp"", ""target_description"": ""the exact postage needed for a package requiring 64 cents""}"
CC_045,W4,"FORMAL DEFINITION: π = ⟨D, S₀, S*, A⟩
DENOMINATIONS: D = {1, 13, 29}
INITIAL STATE S₀: CurrentSum = 0
GOAL STATE S*: CurrentSum = 64
ACTIONS:
SelectCoin(c):
  Pre: c ∈ D, (CurrentSum + c) ≤ 64
  Effect: CurrentSum ← CurrentSum + c
TASK: Find shortest sequence of actions to reach CurrentSum = 64.
OUTPUT FORMAT:
Count: [integer]
Coins: [denomination1, denomination2, ...]","Count: 8
Coins: [29, 29, 1, 1, 1, 1, 1, 1]",algorithmic,coin_change,standard,medium,low,procedural_seed_4761862867097173094,verify_coinchange,"{""subtype"":""CC"",""denominations"":[1,13,29],""target"":64,""greedy_succeeds"":true,""instance_type"":""standard"",""denomination_type"":""novel"",""greedy_answer"":""Count: 8\nCoins: [29, 29, 1, 1, 1, 1, 1, 1]"",""difficulty_numeric"":8,""critical_step_index"":-1}",stage1_procedural_generation
CC_045,W6,"You have coins with the following denominations: [1, 39, 47]. You need to make exact change for 43 using the minimum number of coins. You may use each denomination any number of times.
What is the minimum number of coins needed and which coins do you use?
Respond in this exact format:
Count: [integer]
Coins: [denomination1, denomination2, ...]
No explanation. No other text.","Count: 5
Coins: [39, 1, 1, 1, 1]",algorithmic,coin_change,standard,medium,low,procedural_seed_4761862867097173094,verify_coinchange,"{""subtype"": ""CC"", ""denominations"": [1, 39, 47], ""target"": 43, ""greedy_succeeds"": true, ""instance_type"": ""standard"", ""denomination_type"": ""novel"", ""greedy_answer"": ""Count: 8\nCoins: [29, 29, 1, 1, 1, 1, 1, 1]"", ""difficulty_numeric"": 8, ""critical_step_index"": -1}",stage1_procedural_generation | w6_seed=463509278
SP_019,W1,"A route planning system contains 7 locations numbered 0 through 6. Each road is one-directional and has an associated travel time weight.

The connections between locations are as follows:
- Node 0 connects to Node 1: 1
- Node 0 connects to Node 3: 4
- Node 0 connects to Node 5: 10
- Node 1 connects to Node 2: 1
- Node 1 connects to Node 4: 14
- Node 2 connects to Node 4: 12
- Node 2 connects to Node 6: 24
- Node 3 connects to Node 2: 11
- Node 3 connects to Node 4: 4
- Node 4 connects to Node 6: 4
- Node 5 connects to Node 6: 12

Determine the path with minimum total travel time from node 0 to node 6 along with the total cost.

Reply with only the path and cost.
Format: Path: X -> X -> X, Cost: X","Path: 0 -> 3 -> 4 -> 6, Cost: 12",algorithmic,shortest_path,standard,hard,high,procedural_seed_15554887049340218234,verify_sp,"{""subtype"":""SP"",""directed"":true,""source"":0,""target"":6,""graph"":[{""u"":0,""v"":1,""w"":1},{""u"":0,""v"":3,""w"":4},{""u"":0,""v"":5,""w"":10},{""u"":1,""v"":2,""w"":1},{""u"":1,""v"":4,""w"":14},{""u"":2,""v"":4,""w"":12},{""u"":2,""v"":6,""w"":24},{""u"":3,""v"":2,""w"":11},{""u"":3,""v"":4,""w"":4},{""u"":4,""v"":6,""w"":4},{""u"":5,""v"":6,""w"":12}],""num_vertices"":7,""instance_type"":""adversarial"",""greedy_answer"":""Path: 0 -> 1 -> 2 -> 4 -> 6, Cost: 18"",""greedy_succeeds"":false,""adversarial_pattern"":""trap"",""difficulty_numeric"":15,""critical_step_index"":0}",stage1_procedural_generation
SP_019,W2,"Graph edges:
(0 → 1, weight=1)
(0 → 3, weight=4)
(0 → 5, weight=10)
(1 → 2, weight=1)
(1 → 4, weight=14)
(2 → 4, weight=12)
(2 → 6, weight=24)
(3 → 2, weight=11)
(3 → 4, weight=4)
(4 → 6, weight=4)
(5 → 6, weight=12)
Source: 0
Target: 6","Path: 0 -> 3 -> 4 -> 6, Cost: 12",algorithmic,shortest_path,standard,hard,high,procedural_seed_15554887049340218234,verify_sp,"{""subtype"":""SP"",""directed"":true,""source"":0,""target"":6,""graph"":[{""u"":0,""v"":1,""w"":1},{""u"":0,""v"":3,""w"":4},{""u"":0,""v"":5,""w"":10},{""u"":1,""v"":2,""w"":1},{""u"":1,""v"":4,""w"":14},{""u"":2,""v"":4,""w"":12},{""u"":2,""v"":6,""w"":24},{""u"":3,""v"":2,""w"":11},{""u"":3,""v"":4,""w"":4},{""u"":4,""v"":6,""w"":4},{""u"":5,""v"":6,""w"":12}],""num_vertices"":7,""instance_type"":""adversarial"",""greedy_answer"":""Path: 0 -> 1 -> 2 -> 4 -> 6, Cost: 18"",""greedy_succeeds"":false,""adversarial_pattern"":""trap"",""difficulty_numeric"":15,""critical_step_index"":0}",stage1_procedural_generation
SP_019,W3,"A route planner has 7 locations labeled 0 to 6. Roads are one-way and weighted by travel time.

The road network is:
- Node Berlin to Node Hamburg: 1
- Node Berlin to Node Frankfurt: 4
- Node Berlin to Node Dresden: 10
- Node Hamburg to Node Munich: 1
- Node Hamburg to Node Stuttgart: 14
- Node Munich to Node Stuttgart: 12
- Node Munich to Node Cologne: 24
- Node Frankfurt to Node Munich: 11
- Node Frankfurt to Node Stuttgart: 4
- Node Stuttgart to Node Cologne: 4
- Node Dresden to Node Cologne: 12

What is the shortest path from node Berlin to node Cologne and its total cost?

Reply with only the path and cost.
Format: Path: X -> X -> X, Cost: X","Path: Berlin -> Frankfurt -> Stuttgart -> Cologne, Cost: 12",algorithmic,shortest_path,standard,hard,high,procedural_seed_15554887049340218234,verify_sp,"{""subtype"":""SP"",""directed"":true,""source"":0,""target"":6,""graph"":[{""u"":0,""v"":1,""w"":1},{""u"":0,""v"":3,""w"":4},{""u"":0,""v"":5,""w"":10},{""u"":1,""v"":2,""w"":1},{""u"":1,""v"":4,""w"":14},{""u"":2,""v"":4,""w"":12},{""u"":2,""v"":6,""w"":24},{""u"":3,""v"":2,""w"":11},{""u"":3,""v"":4,""w"":4},{""u"":4,""v"":6,""w"":4},{""u"":5,""v"":6,""w"":12}],""num_vertices"":7,""instance_type"":""adversarial"",""greedy_answer"":""Path: 0 -> 1 -> 2 -> 4 -> 6, Cost: 18"",""greedy_succeeds"":false,""adversarial_pattern"":""trap"",""difficulty_numeric"":15,""critical_step_index"":0}","stage1_procedural_generation | {""entity_mapping"": {""0"": ""Berlin"", ""1"": ""Hamburg"", ""2"": ""Munich"", ""3"": ""Frankfurt"", ""4"": ""Stuttgart"", ""5"": ""Dresden"", ""6"": ""Cologne""}}"
SP_019,W4,"G = (V, E) where V = {0, 1, ..., 6}
E = {(0,1,1), (0,3,4), (0,5,10), (1,2,1), (1,4,14), (2,4,12), (2,6,24), (3,2,11), (3,4,4), (4,6,4), (5,6,12)}
Find: δ(0, 6) = minimum weight path from 0 to 6
OUTPUT FORMAT:
Path: X -> X -> X, Cost: X","Path: 0 -> 3 -> 4 -> 6, Cost: 12",algorithmic,shortest_path,standard,hard,high,procedural_seed_15554887049340218234,verify_sp,"{""subtype"":""SP"",""directed"":true,""source"":0,""target"":6,""graph"":[{""u"":0,""v"":1,""w"":1},{""u"":0,""v"":3,""w"":4},{""u"":0,""v"":5,""w"":10},{""u"":1,""v"":2,""w"":1},{""u"":1,""v"":4,""w"":14},{""u"":2,""v"":4,""w"":12},{""u"":2,""v"":6,""w"":24},{""u"":3,""v"":2,""w"":11},{""u"":3,""v"":4,""w"":4},{""u"":4,""v"":6,""w"":4},{""u"":5,""v"":6,""w"":12}],""num_vertices"":7,""instance_type"":""adversarial"",""greedy_answer"":""Path: 0 -> 1 -> 2 -> 4 -> 6, Cost: 18"",""greedy_succeeds"":false,""adversarial_pattern"":""trap"",""difficulty_numeric"":15,""critical_step_index"":0}",stage1_procedural_generation
SP_019,W5,"A route planner has 7 locations labeled 0 to 6. Roads are one-way and weighted by travel time.

The road network is:
- Node 0 to Node 1: 1
- Node 0 to Node 3: 4
- Node 0 to Node 5: 10
- Node 1 to Node 2: 1
- Node 1 to Node 4: 14
- Node 2 to Node 4: 12
- Node 2 to Node 6: 24
- Node 3 to Node 2: 11
- Node 3 to Node 4: 4
- Node 4 to Node 6: 4
- Node 5 to Node 6: 12

What is the shortest path from node 6 to node 0 and its total cost?

Reply with only the path and cost.
Format: Path: X -> X -> X, Cost: X","Path: 6 -> 4 -> 3 -> 0, Cost: 12",algorithmic,shortest_path,standard,hard,high,procedural_seed_15554887049340218234,verify_sp,"{""subtype"": ""SP"", ""directed"": true, ""source"": 6, ""target"": 0, ""graph"": [{""u"": 1, ""v"": 0, ""w"": 1}, {""u"": 3, ""v"": 0, ""w"": 4}, {""u"": 5, ""v"": 0, ""w"": 10}, {""u"": 2, ""v"": 1, ""w"": 1}, {""u"": 4, ""v"": 1, ""w"": 14}, {""u"": 4, ""v"": 2, ""w"": 12}, {""u"": 6, ""v"": 2, ""w"": 24}, {""u"": 2, ""v"": 3, ""w"": 11}, {""u"": 4, ""v"": 3, ""w"": 4}, {""u"": 6, ""v"": 4, ""w"": 4}, {""u"": 6, ""v"": 5, ""w"": 12}], ""num_vertices"": 7, ""instance_type"": ""adversarial"", ""greedy_answer"": ""Path: 0 -> 1 -> 2 -> 4 -> 6, Cost: 18"", ""greedy_succeeds"": false, ""adversarial_pattern"": ""trap"", ""difficulty_numeric"": 15, ""critical_step_index"": 0}",stage1_procedural_generation
SP_019,W6,"A route-planning task over weighted one-way roads. Edge list and travel times are:

- 0 -> 2: 2
- 0 -> 5: 10
- 1 -> 2: 16
- 1 -> 5: 10
- 1 -> 3: 15
- 2 -> 6: 3
- 3 -> 4: 10
- 4 -> 6: 11
- 4 -> 5: 13
- 5 -> 4: 6
- 5 -> 6: 11

Reply with only the path as a sequence of nodes and the total cost.
Format: Path: X -> X -> X, Cost: X","Path: 0 -> 2 -> 6, Cost: 5",algorithmic,shortest_path,standard,hard,high,procedural_seed_15554887049340218234,verify_sp,"{""subtype"": ""SP"", ""directed"": true, ""source"": 0, ""target"": 6, ""graph"": [{""u"": 0, ""v"": 2, ""w"": 2}, {""u"": 0, ""v"": 5, ""w"": 10}, {""u"": 1, ""v"": 2, ""w"": 16}, {""u"": 1, ""v"": 5, ""w"": 10}, {""u"": 1, ""v"": 3, ""w"": 15}, {""u"": 2, ""v"": 6, ""w"": 3}, {""u"": 3, ""v"": 4, ""w"": 10}, {""u"": 4, ""v"": 6, ""w"": 11}, {""u"": 4, ""v"": 5, ""w"": 13}, {""u"": 5, ""v"": 4, ""w"": 6}, {""u"": 5, ""v"": 6, ""w"": 11}], ""num_vertices"": 7, ""instance_type"": ""adversarial"", ""greedy_answer"": ""Path: 0 -> 1 -> 2 -> 4 -> 6, Cost: 18"", ""greedy_succeeds"": false, ""adversarial_pattern"": ""trap"", ""difficulty_numeric"": 15, ""critical_step_index"": 0}",stage1_procedural_generation | w6_seed=580066554
SP_020,W1,"There's a route planning system with 6 locations numbered from 0 through 5. The roads between locations are single-direction and have associated travel times.

Here's the available road connections:
- From Node 0 to Node 1: 1
- From Node 0 to Node 3: 4
- From Node 1 to Node 2: 1
- From Node 1 to Node 4: 14
- From Node 2 to Node 4: 12
- From Node 2 to Node 5: 24
- From Node 3 to Node 2: 11
- From Node 3 to Node 4: 4
- From Node 4 to Node 5: 4

Find the path with minimum travel time from node 0 to node 5 and provide the total travel time.

Respond with just the path and its cost.
Format: Path: X -> X -> X, Cost: X","Path: 0 -> 3 -> 4 -> 5, Cost: 12",algorithmic,shortest_path,standard,hard,high,procedural_seed_654506934343000521,verify_sp,"{""subtype"":""SP"",""directed"":true,""source"":0,""target"":5,""graph"":[{""u"":0,""v"":1,""w"":1},{""u"":0,""v"":3,""w"":4},{""u"":1,""v"":2,""w"":1},{""u"":1,""v"":4,""w"":14},{""u"":2,""v"":4,""w"":12},{""u"":2,""v"":5,""w"":24},{""u"":3,""v"":2,""w"":11},{""u"":3,""v"":4,""w"":4},{""u"":4,""v"":5,""w"":4}],""num_vertices"":6,""instance_type"":""adversarial"",""greedy_answer"":""Path: 0 -> 1 -> 2 -> 4 -> 5, Cost: 18"",""greedy_succeeds"":false,""adversarial_pattern"":""trap"",""difficulty_numeric"":14,""critical_step_index"":0}",stage1_procedural_generation
SP_020,W2,"Graph edges:
(0 → 1, weight=1)
(0 → 3, weight=4)
(1 → 2, weight=1)
(1 → 4, weight=14)
(2 → 4, weight=12)
(2 → 5, weight=24)
(3 → 2, weight=11)
(3 → 4, weight=4)
(4 → 5, weight=4)
Source: 0
Target: 5","Path: 0 -> 3 -> 4 -> 5, Cost: 12",algorithmic,shortest_path,standard,hard,high,procedural_seed_654506934343000521,verify_sp,"{""subtype"":""SP"",""directed"":true,""source"":0,""target"":5,""graph"":[{""u"":0,""v"":1,""w"":1},{""u"":0,""v"":3,""w"":4},{""u"":1,""v"":2,""w"":1},{""u"":1,""v"":4,""w"":14},{""u"":2,""v"":4,""w"":12},{""u"":2,""v"":5,""w"":24},{""u"":3,""v"":2,""w"":11},{""u"":3,""v"":4,""w"":4},{""u"":4,""v"":5,""w"":4}],""num_vertices"":6,""instance_type"":""adversarial"",""greedy_answer"":""Path: 0 -> 1 -> 2 -> 4 -> 5, Cost: 18"",""greedy_succeeds"":false,""adversarial_pattern"":""trap"",""difficulty_numeric"":14,""critical_step_index"":0}",stage1_procedural_generation
SP_020,W3,"A route planner has 6 locations labeled 0 to 5. Roads are one-way and weighted by travel time.

The road network is:
- Node Rome to Node Milan: 1
- Node Rome to Node Florence: 4
- Node Milan to Node Venice: 1
- Node Milan to Node Bologna: 14
- Node Venice to Node Bologna: 12
- Node Venice to Node Naples: 24
- Node Florence to Node Venice: 11
- Node Florence to Node Bologna: 4
- Node Bologna to Node Naples: 4

What is the shortest path from node Rome to node Naples and its total cost?

Reply with only the path and cost.
Format: Path: X -> X -> X, Cost: X","Path: Rome -> Florence -> Bologna -> Naples, Cost: 12",algorithmic,shortest_path,standard,hard,high,procedural_seed_654506934343000521,verify_sp,"{""subtype"":""SP"",""directed"":true,""source"":0,""target"":5,""graph"":[{""u"":0,""v"":1,""w"":1},{""u"":0,""v"":3,""w"":4},{""u"":1,""v"":2,""w"":1},{""u"":1,""v"":4,""w"":14},{""u"":2,""v"":4,""w"":12},{""u"":2,""v"":5,""w"":24},{""u"":3,""v"":2,""w"":11},{""u"":3,""v"":4,""w"":4},{""u"":4,""v"":5,""w"":4}],""num_vertices"":6,""instance_type"":""adversarial"",""greedy_answer"":""Path: 0 -> 1 -> 2 -> 4 -> 5, Cost: 18"",""greedy_succeeds"":false,""adversarial_pattern"":""trap"",""difficulty_numeric"":14,""critical_step_index"":0}","stage1_procedural_generation | {""entity_mapping"": {""0"": ""Rome"", ""1"": ""Milan"", ""2"": ""Venice"", ""3"": ""Florence"", ""4"": ""Bologna"", ""5"": ""Naples""}}"
SP_020,W4,"G = (V, E) where V = {0, 1, ..., 5}
E = {(0,1,1), (0,3,4), (1,2,1), (1,4,14), (2,4,12), (2,5,24), (3,2,11), (3,4,4), (4,5,4)}
Find: δ(0, 5) = minimum weight path from 0 to 5
OUTPUT FORMAT:
Path: X -> X -> X, Cost: X","Path: 0 -> 3 -> 4 -> 5, Cost: 12",algorithmic,shortest_path,standard,hard,high,procedural_seed_654506934343000521,verify_sp,"{""subtype"":""SP"",""directed"":true,""source"":0,""target"":5,""graph"":[{""u"":0,""v"":1,""w"":1},{""u"":0,""v"":3,""w"":4},{""u"":1,""v"":2,""w"":1},{""u"":1,""v"":4,""w"":14},{""u"":2,""v"":4,""w"":12},{""u"":2,""v"":5,""w"":24},{""u"":3,""v"":2,""w"":11},{""u"":3,""v"":4,""w"":4},{""u"":4,""v"":5,""w"":4}],""num_vertices"":6,""instance_type"":""adversarial"",""greedy_answer"":""Path: 0 -> 1 -> 2 -> 4 -> 5, Cost: 18"",""greedy_succeeds"":false,""adversarial_pattern"":""trap"",""difficulty_numeric"":14,""critical_step_index"":0}",stage1_procedural_generation
SP_020,W5,"A route planner has 6 locations labeled 0 to 5. Roads are one-way and weighted by travel time.

The road network is:
- Node 0 to Node 1: 1
- Node 0 to Node 3: 4
- Node 1 to Node 2: 1
- Node 1 to Node 4: 14
- Node 2 to Node 4: 12
- Node 2 to Node 5: 24
- Node 3 to Node 2: 11
- Node 3 to Node 4: 4
- Node 4 to Node 5: 4

What is the shortest path from node 5 to node 0 and its total cost?

Reply with only the path and cost.
Format: Path: X -> X -> X, Cost: X","Path: 5 -> 4 -> 3 -> 0, Cost: 12",algorithmic,shortest_path,standard,hard,high,procedural_seed_654506934343000521,verify_sp,"{""subtype"": ""SP"", ""directed"": true, ""source"": 5, ""target"": 0, ""graph"": [{""u"": 1, ""v"": 0, ""w"": 1}, {""u"": 3, ""v"": 0, ""w"": 4}, {""u"": 2, ""v"": 1, ""w"": 1}, {""u"": 4, ""v"": 1, ""w"": 14}, {""u"": 4, ""v"": 2, ""w"": 12}, {""u"": 5, ""v"": 2, ""w"": 24}, {""u"": 2, ""v"": 3, ""w"": 11}, {""u"": 4, ""v"": 3, ""w"": 4}, {""u"": 5, ""v"": 4, ""w"": 4}], ""num_vertices"": 6, ""instance_type"": ""adversarial"", ""greedy_answer"": ""Path: 0 -> 1 -> 2 -> 4 -> 5, Cost: 18"", ""greedy_succeeds"": false, ""adversarial_pattern"": ""trap"", ""difficulty_numeric"": 14, ""critical_step_index"": 0}",stage1_procedural_generation
SP_020,W6,"A route-planning task over weighted one-way roads. Edge list and travel times are:

- 0 -> 1: 2
- 0 -> 4: 14
- 1 -> 3: 2
- 2 -> 4: 3
- 2 -> 3: 12
- 3 -> 2: 4
- 4 -> 2: 9
- 4 -> 5: 4
- 5 -> 0: 7

Reply with only the path as a sequence of nodes and the total cost.
Format: Path: X -> X -> X, Cost: X","Path: 0 -> 1 -> 3 -> 2 -> 4 -> 5, Cost: 15",algorithmic,shortest_path,standard,hard,high,procedural_seed_654506934343000521,verify_sp,"{""subtype"": ""SP"", ""directed"": true, ""source"": 0, ""target"": 5, ""graph"": [{""u"": 0, ""v"": 1, ""w"": 2}, {""u"": 0, ""v"": 4, ""w"": 14}, {""u"": 1, ""v"": 3, ""w"": 2}, {""u"": 2, ""v"": 4, ""w"": 3}, {""u"": 2, ""v"": 3, ""w"": 12}, {""u"": 3, ""v"": 2, ""w"": 4}, {""u"": 4, ""v"": 2, ""w"": 9}, {""u"": 4, ""v"": 5, ""w"": 4}, {""u"": 5, ""v"": 0, ""w"": 7}], ""num_vertices"": 6, ""instance_type"": ""adversarial"", ""greedy_answer"": ""Path: 0 -> 1 -> 2 -> 4 -> 5, Cost: 18"", ""greedy_succeeds"": false, ""adversarial_pattern"": ""trap"", ""difficulty_numeric"": 14, ""critical_step_index"": 0}",stage1_procedural_generation | w6_seed=97365940
SP_021,W1,"A route planning system contains 9 locations numbered from 0 through 8. All roads allow travel in only one direction and have associated travel times.

The available road connections are as follows:
- From Node 0 to Node 1: 1
- From Node 0 to Node 3: 4
- From Node 0 to Node 5: 11
- From Node 0 to Node 6: 11
- From Node 0 to Node 7: 9
- From Node 1 to Node 2: 1
- From Node 1 to Node 4: 14
- From Node 2 to Node 4: 12
- From Node 2 to Node 8: 24
- From Node 3 to Node 2: 11
- From Node 3 to Node 4: 4
- From Node 4 to Node 8: 4
- From Node 5 to Node 8: 12
- From Node 6 to Node 8: 8
- From Node 7 to Node 8: 12

Find the path with minimum total travel time from node 0 to node 8 and indicate the cumulative cost.

Provide only the route and total cost in response.
Format: Path: X -> X -> X, Cost: X","Path: 0 -> 3 -> 4 -> 8, Cost: 12",algorithmic,shortest_path,adversarial,hard,high,procedural_seed_17477518096493433721,verify_sp,"{""subtype"":""SP"",""directed"":true,""source"":0,""target"":8,""graph"":[{""u"":0,""v"":1,""w"":1},{""u"":0,""v"":3,""w"":4},{""u"":0,""v"":5,""w"":11},{""u"":0,""v"":6,""w"":11},{""u"":0,""v"":7,""w"":9},{""u"":1,""v"":2,""w"":1},{""u"":1,""v"":4,""w"":14},{""u"":2,""v"":4,""w"":12},{""u"":2,""v"":8,""w"":24},{""u"":3,""v"":2,""w"":11},{""u"":3,""v"":4,""w"":4},{""u"":4,""v"":8,""w"":4},{""u"":5,""v"":8,""w"":12},{""u"":6,""v"":8,""w"":8},{""u"":7,""v"":8,""w"":12}],""num_vertices"":9,""instance_type"":""adversarial"",""greedy_answer"":""Path: 0 -> 1 -> 2 -> 4 -> 8, Cost: 18"",""greedy_succeeds"":false,""adversarial_pattern"":""trap"",""difficulty_numeric"":15,""critical_step_index"":0}",stage1_procedural_generation
SP_021,W2,"Graph edges:
(0 → 1, weight=1)
(0 → 3, weight=4)
(0 → 5, weight=11)
(0 → 6, weight=11)
(0 → 7, weight=9)
(1 → 2, weight=1)
(1 → 4, weight=14)
(2 → 4, weight=12)
(2 → 8, weight=24)
(3 → 2, weight=11)
(3 → 4, weight=4)
(4 → 8, weight=4)
(5 → 8, weight=12)
(6 → 8, weight=8)
(7 → 8, weight=12)
Source: 0
Target: 8","Path: 0 -> 3 -> 4 -> 8, Cost: 12",algorithmic,shortest_path,adversarial,hard,high,procedural_seed_17477518096493433721,verify_sp,"{""subtype"":""SP"",""directed"":true,""source"":0,""target"":8,""graph"":[{""u"":0,""v"":1,""w"":1},{""u"":0,""v"":3,""w"":4},{""u"":0,""v"":5,""w"":11},{""u"":0,""v"":6,""w"":11},{""u"":0,""v"":7,""w"":9},{""u"":1,""v"":2,""w"":1},{""u"":1,""v"":4,""w"":14},{""u"":2,""v"":4,""w"":12},{""u"":2,""v"":8,""w"":24},{""u"":3,""v"":2,""w"":11},{""u"":3,""v"":4,""w"":4},{""u"":4,""v"":8,""w"":4},{""u"":5,""v"":8,""w"":12},{""u"":6,""v"":8,""w"":8},{""u"":7,""v"":8,""w"":12}],""num_vertices"":9,""instance_type"":""adversarial"",""greedy_answer"":""Path: 0 -> 1 -> 2 -> 4 -> 8, Cost: 18"",""greedy_succeeds"":false,""adversarial_pattern"":""trap"",""difficulty_numeric"":15,""critical_step_index"":0}",stage1_procedural_generation
SP_021,W3,"A route planner has 9 locations labeled 0 to 8. Roads are one-way and weighted by travel time.

The road network is:
- Node London to Node Oxford: 1
- Node London to Node Bristol: 4
- Node London to Node Leeds: 11
- Node London to Node Liverpool: 11
- Node London to Node Manchester: 9
- Node Oxford to Node Cambridge: 1
- Node Oxford to Node Birmingham: 14
- Node Cambridge to Node Birmingham: 12
- Node Cambridge to Node Edinburgh: 24
- Node Bristol to Node Cambridge: 11
- Node Bristol to Node Birmingham: 4
- Node Birmingham to Node Edinburgh: 4
- Node Leeds to Node Edinburgh: 12
- Node Liverpool to Node Edinburgh: 8
- Node Manchester to Node Edinburgh: 12

What is the shortest path from node London to node Edinburgh and its total cost?

Reply with only the path and cost.
Format: Path: X -> X -> X, Cost: X","Path: London -> Bristol -> Birmingham -> Edinburgh, Cost: 12",algorithmic,shortest_path,adversarial,hard,high,procedural_seed_17477518096493433721,verify_sp,"{""subtype"":""SP"",""directed"":true,""source"":0,""target"":8,""graph"":[{""u"":0,""v"":1,""w"":1},{""u"":0,""v"":3,""w"":4},{""u"":0,""v"":5,""w"":11},{""u"":0,""v"":6,""w"":11},{""u"":0,""v"":7,""w"":9},{""u"":1,""v"":2,""w"":1},{""u"":1,""v"":4,""w"":14},{""u"":2,""v"":4,""w"":12},{""u"":2,""v"":8,""w"":24},{""u"":3,""v"":2,""w"":11},{""u"":3,""v"":4,""w"":4},{""u"":4,""v"":8,""w"":4},{""u"":5,""v"":8,""w"":12},{""u"":6,""v"":8,""w"":8},{""u"":7,""v"":8,""w"":12}],""num_vertices"":9,""instance_type"":""adversarial"",""greedy_answer"":""Path: 0 -> 1 -> 2 -> 4 -> 8, Cost: 18"",""greedy_succeeds"":false,""adversarial_pattern"":""trap"",""difficulty_numeric"":15,""critical_step_index"":0}","stage1_procedural_generation | {""entity_mapping"": {""0"": ""London"", ""1"": ""Oxford"", ""2"": ""Cambridge"", ""3"": ""Bristol"", ""4"": ""Birmingham"", ""5"": ""Leeds"", ""6"": ""Liverpool"", ""7"": ""Manchester"", ""8"": ""Edinburgh""}}"
SP_021,W4,"G = (V, E) where V = {0, 1, ..., 8}
E = {(0,1,1), (0,3,4), (0,5,11), (0,6,11), (0,7,9), (1,2,1), (1,4,14), (2,4,12), (2,8,24), (3,2,11), (3,4,4), (4,8,4), (5,8,12), (6,8,8), (7,8,12)}
Find: δ(0, 8) = minimum weight path from 0 to 8
OUTPUT FORMAT:
Path: X -> X -> X, Cost: X","Path: 0 -> 3 -> 4 -> 8, Cost: 12",algorithmic,shortest_path,adversarial,hard,high,procedural_seed_17477518096493433721,verify_sp,"{""subtype"":""SP"",""directed"":true,""source"":0,""target"":8,""graph"":[{""u"":0,""v"":1,""w"":1},{""u"":0,""v"":3,""w"":4},{""u"":0,""v"":5,""w"":11},{""u"":0,""v"":6,""w"":11},{""u"":0,""v"":7,""w"":9},{""u"":1,""v"":2,""w"":1},{""u"":1,""v"":4,""w"":14},{""u"":2,""v"":4,""w"":12},{""u"":2,""v"":8,""w"":24},{""u"":3,""v"":2,""w"":11},{""u"":3,""v"":4,""w"":4},{""u"":4,""v"":8,""w"":4},{""u"":5,""v"":8,""w"":12},{""u"":6,""v"":8,""w"":8},{""u"":7,""v"":8,""w"":12}],""num_vertices"":9,""instance_type"":""adversarial"",""greedy_answer"":""Path: 0 -> 1 -> 2 -> 4 -> 8, Cost: 18"",""greedy_succeeds"":false,""adversarial_pattern"":""trap"",""difficulty_numeric"":15,""critical_step_index"":0}",stage1_procedural_generation
SP_021,W5,"A route planner has 9 locations labeled 0 to 8. Roads are one-way and weighted by travel time.

The road network is:
- Node 0 to Node 1: 1
- Node 0 to Node 3: 4
- Node 0 to Node 5: 11
- Node 0 to Node 6: 11
- Node 0 to Node 7: 9
- Node 1 to Node 2: 1
- Node 1 to Node 4: 14
- Node 2 to Node 4: 12
- Node 2 to Node 8: 24
- Node 3 to Node 2: 11
- Node 3 to Node 4: 4
- Node 4 to Node 8: 4
- Node 5 to Node 8: 12
- Node 6 to Node 8: 8
- Node 7 to Node 8: 12

What is the shortest path from node 8 to node 0 and its total cost?

Reply with only the path and cost.
Format: Path: X -> X -> X, Cost: X","Path: 8 -> 4 -> 3 -> 0, Cost: 12",algorithmic,shortest_path,adversarial,hard,high,procedural_seed_17477518096493433721,verify_sp,"{""subtype"": ""SP"", ""directed"": true, ""source"": 8, ""target"": 0, ""graph"": [{""u"": 1, ""v"": 0, ""w"": 1}, {""u"": 3, ""v"": 0, ""w"": 4}, {""u"": 5, ""v"": 0, ""w"": 11}, {""u"": 6, ""v"": 0, ""w"": 11}, {""u"": 7, ""v"": 0, ""w"": 9}, {""u"": 2, ""v"": 1, ""w"": 1}, {""u"": 4, ""v"": 1, ""w"": 14}, {""u"": 4, ""v"": 2, ""w"": 12}, {""u"": 8, ""v"": 2, ""w"": 24}, {""u"": 2, ""v"": 3, ""w"": 11}, {""u"": 4, ""v"": 3, ""w"": 4}, {""u"": 8, ""v"": 4, ""w"": 4}, {""u"": 8, ""v"": 5, ""w"": 12}, {""u"": 8, ""v"": 6, ""w"": 8}, {""u"": 8, ""v"": 7, ""w"": 12}], ""num_vertices"": 9, ""instance_type"": ""adversarial"", ""greedy_answer"": ""Path: 0 -> 1 -> 2 -> 4 -> 8, Cost: 18"", ""greedy_succeeds"": false, ""adversarial_pattern"": ""trap"", ""difficulty_numeric"": 15, ""critical_step_index"": 0}",stage1_procedural_generation
SP_021,W6,"A route-planning task over weighted one-way roads. Edge list and travel times are:

- 0 -> 6: 2
- 1 -> 8: 15
- 1 -> 7: 11
- 1 -> 6: 7
- 1 -> 3: 14
- 2 -> 8: 3
- 3 -> 4: 15
- 5 -> 2: 1
- 6 -> 2: 16
- 6 -> 5: 4
- 6 -> 1: 9
- 7 -> 1: 13
- 7 -> 0: 18
- 8 -> 4: 16
- 8 -> 2: 11

Reply with only the path as a sequence of nodes and the total cost.
Format: Path: X -> X -> X, Cost: X","Path: 0 -> 6 -> 5 -> 2 -> 8, Cost: 10",algorithmic,shortest_path,adversarial,hard,high,procedural_seed_17477518096493433721,verify_sp,"{""subtype"": ""SP"", ""directed"": true, ""source"": 0, ""target"": 8, ""graph"": [{""u"": 0, ""v"": 6, ""w"": 2}, {""u"": 1, ""v"": 8, ""w"": 15}, {""u"": 1, ""v"": 7, ""w"": 11}, {""u"": 1, ""v"": 6, ""w"": 7}, {""u"": 1, ""v"": 3, ""w"": 14}, {""u"": 2, ""v"": 8, ""w"": 3}, {""u"": 3, ""v"": 4, ""w"": 15}, {""u"": 5, ""v"": 2, ""w"": 1}, {""u"": 6, ""v"": 2, ""w"": 16}, {""u"": 6, ""v"": 5, ""w"": 4}, {""u"": 6, ""v"": 1, ""w"": 9}, {""u"": 7, ""v"": 1, ""w"": 13}, {""u"": 7, ""v"": 0, ""w"": 18}, {""u"": 8, ""v"": 4, ""w"": 16}, {""u"": 8, ""v"": 2, ""w"": 11}], ""num_vertices"": 9, ""instance_type"": ""adversarial"", ""greedy_answer"": ""Path: 0 -> 1 -> 2 -> 4 -> 8, Cost: 18"", ""greedy_succeeds"": false, ""adversarial_pattern"": ""trap"", ""difficulty_numeric"": 15, ""critical_step_index"": 0}",stage1_procedural_generation | w6_seed=1374752669
SP_023,W1,"There's a route planning system with 6 locations numbered from 0 through 5. The roads between locations are directional and have associated travel times.

Here's the network of roads:
- Node 0 to Node 1: 3
- Node 0 to Node 2: 3
- Node 0 to Node 3: 9
- Node 0 to Node 4: 11
- Node 1 to Node 3: 6
- Node 1 to Node 5: 3
- Node 2 to Node 3: 1
- Node 2 to Node 5: 8
- Node 3 to Node 5: 1
- Node 4 to Node 5: 11

Find the path with minimum total travel time from node 0 to node 5, and what that total time is.

Reply with only the path and cost.
Format: Path: X -> X -> X, Cost: X","Path: 0 -> 2 -> 3 -> 5, Cost: 5",algorithmic,shortest_path,adversarial,hard,high,procedural_seed_15581373583461236366,verify_sp,"{""subtype"":""SP"",""directed"":true,""source"":0,""target"":5,""graph"":[{""u"":0,""v"":1,""w"":3},{""u"":0,""v"":2,""w"":3},{""u"":0,""v"":3,""w"":9},{""u"":0,""v"":4,""w"":11},{""u"":1,""v"":3,""w"":6},{""u"":1,""v"":5,""w"":3},{""u"":2,""v"":3,""w"":1},{""u"":2,""v"":5,""w"":8},{""u"":3,""v"":5,""w"":1},{""u"":4,""v"":5,""w"":11}],""num_vertices"":6,""instance_type"":""adversarial"",""greedy_answer"":""Path: 0 -> 1 -> 5, Cost: 6"",""greedy_succeeds"":false,""adversarial_pattern"":""long_cheap"",""difficulty_numeric"":14,""critical_step_index"":0}",stage1_procedural_generation
SP_023,W2,"Graph edges:
(0 → 1, weight=3)
(0 → 2, weight=3)
(0 → 3, weight=9)
(0 → 4, weight=11)
(1 → 3, weight=6)
(1 → 5, weight=3)
(2 → 3, weight=1)
(2 → 5, weight=8)
(3 → 5, weight=1)
(4 → 5, weight=11)
Source: 0
Target: 5","Path: 0 -> 2 -> 3 -> 5, Cost: 5",algorithmic,shortest_path,adversarial,hard,high,procedural_seed_15581373583461236366,verify_sp,"{""subtype"":""SP"",""directed"":true,""source"":0,""target"":5,""graph"":[{""u"":0,""v"":1,""w"":3},{""u"":0,""v"":2,""w"":3},{""u"":0,""v"":3,""w"":9},{""u"":0,""v"":4,""w"":11},{""u"":1,""v"":3,""w"":6},{""u"":1,""v"":5,""w"":3},{""u"":2,""v"":3,""w"":1},{""u"":2,""v"":5,""w"":8},{""u"":3,""v"":5,""w"":1},{""u"":4,""v"":5,""w"":11}],""num_vertices"":6,""instance_type"":""adversarial"",""greedy_answer"":""Path: 0 -> 1 -> 5, Cost: 6"",""greedy_succeeds"":false,""adversarial_pattern"":""long_cheap"",""difficulty_numeric"":14,""critical_step_index"":0}",stage1_procedural_generation
SP_023,W3,"A route planner has 6 locations labeled 0 to 5. Roads are one-way and weighted by travel time.

The road network is:
- Node Tokyo to Node Osaka: 3
- Node Tokyo to Node Kyoto: 3
- Node Tokyo to Node Nagoya: 9
- Node Tokyo to Node Sendai: 11
- Node Osaka to Node Nagoya: 6
- Node Osaka to Node Kobe: 3
- Node Kyoto to Node Nagoya: 1
- Node Kyoto to Node Kobe: 8
- Node Nagoya to Node Kobe: 1
- Node Sendai to Node Kobe: 11

What is the shortest path from node Tokyo to node Kobe and its total cost?

Reply with only the path and cost.
Format: Path: X -> X -> X, Cost: X","Path: Tokyo -> Kyoto -> Nagoya -> Kobe, Cost: 5",algorithmic,shortest_path,adversarial,hard,high,procedural_seed_15581373583461236366,verify_sp,"{""subtype"":""SP"",""directed"":true,""source"":0,""target"":5,""graph"":[{""u"":0,""v"":1,""w"":3},{""u"":0,""v"":2,""w"":3},{""u"":0,""v"":3,""w"":9},{""u"":0,""v"":4,""w"":11},{""u"":1,""v"":3,""w"":6},{""u"":1,""v"":5,""w"":3},{""u"":2,""v"":3,""w"":1},{""u"":2,""v"":5,""w"":8},{""u"":3,""v"":5,""w"":1},{""u"":4,""v"":5,""w"":11}],""num_vertices"":6,""instance_type"":""adversarial"",""greedy_answer"":""Path: 0 -> 1 -> 5, Cost: 6"",""greedy_succeeds"":false,""adversarial_pattern"":""long_cheap"",""difficulty_numeric"":14,""critical_step_index"":0}","stage1_procedural_generation | {""entity_mapping"": {""0"": ""Tokyo"", ""1"": ""Osaka"", ""2"": ""Kyoto"", ""3"": ""Nagoya"", ""4"": ""Sendai"", ""5"": ""Kobe""}}"
SP_023,W4,"G = (V, E) where V = {0, 1, ..., 5}
E = {(0,1,3), (0,2,3), (0,3,9), (0,4,11), (1,3,6), (1,5,3), (2,3,1), (2,5,8), (3,5,1), (4,5,11)}
Find: δ(0, 5) = minimum weight path from 0 to 5
OUTPUT FORMAT:
Path: X -> X -> X, Cost: X","Path: 0 -> 2 -> 3 -> 5, Cost: 5",algorithmic,shortest_path,adversarial,hard,high,procedural_seed_15581373583461236366,verify_sp,"{""subtype"":""SP"",""directed"":true,""source"":0,""target"":5,""graph"":[{""u"":0,""v"":1,""w"":3},{""u"":0,""v"":2,""w"":3},{""u"":0,""v"":3,""w"":9},{""u"":0,""v"":4,""w"":11},{""u"":1,""v"":3,""w"":6},{""u"":1,""v"":5,""w"":3},{""u"":2,""v"":3,""w"":1},{""u"":2,""v"":5,""w"":8},{""u"":3,""v"":5,""w"":1},{""u"":4,""v"":5,""w"":11}],""num_vertices"":6,""instance_type"":""adversarial"",""greedy_answer"":""Path: 0 -> 1 -> 5, Cost: 6"",""greedy_succeeds"":false,""adversarial_pattern"":""long_cheap"",""difficulty_numeric"":14,""critical_step_index"":0}",stage1_procedural_generation
SP_023,W5,"A route planner has 6 locations labeled 0 to 5. Roads are one-way and weighted by travel time.

The road network is:
- Node 0 to Node 1: 3
- Node 0 to Node 2: 3
- Node 0 to Node 3: 9
- Node 0 to Node 4: 11
- Node 1 to Node 3: 6
- Node 1 to Node 5: 3
- Node 2 to Node 3: 1
- Node 2 to Node 5: 8
- Node 3 to Node 5: 1
- Node 4 to Node 5: 11

What is the shortest path from node 5 to node 0 and its total cost?

Reply with only the path and cost.
Format: Path: X -> X -> X, Cost: X","Path: 5 -> 3 -> 2 -> 0, Cost: 5",algorithmic,shortest_path,adversarial,hard,high,procedural_seed_15581373583461236366,verify_sp,"{""subtype"": ""SP"", ""directed"": true, ""source"": 5, ""target"": 0, ""graph"": [{""u"": 1, ""v"": 0, ""w"": 3}, {""u"": 2, ""v"": 0, ""w"": 3}, {""u"": 3, ""v"": 0, ""w"": 9}, {""u"": 4, ""v"": 0, ""w"": 11}, {""u"": 3, ""v"": 1, ""w"": 6}, {""u"": 5, ""v"": 1, ""w"": 3}, {""u"": 3, ""v"": 2, ""w"": 1}, {""u"": 5, ""v"": 2, ""w"": 8}, {""u"": 5, ""v"": 3, ""w"": 1}, {""u"": 5, ""v"": 4, ""w"": 11}], ""num_vertices"": 6, ""instance_type"": ""adversarial"", ""greedy_answer"": ""Path: 0 -> 1 -> 5, Cost: 6"", ""greedy_succeeds"": false, ""adversarial_pattern"": ""long_cheap"", ""difficulty_numeric"": 14, ""critical_step_index"": 0}",stage1_procedural_generation
SP_023,W6,"A route-planning task over weighted one-way roads. Edge list and travel times are:

- 0 -> 1: 4
- 1 -> 5: 3
- 1 -> 0: 11
- 2 -> 3: 10
- 2 -> 5: 9
- 3 -> 1: 15
- 3 -> 0: 16
- 3 -> 2: 7
- 3 -> 5: 6
- 5 -> 0: 12

Reply with only the path as a sequence of nodes and the total cost.
Format: Path: X -> X -> X, Cost: X","Path: 0 -> 1 -> 5, Cost: 7",algorithmic,shortest_path,adversarial,hard,high,procedural_seed_15581373583461236366,verify_sp,"{""subtype"": ""SP"", ""directed"": true, ""source"": 0, ""target"": 5, ""graph"": [{""u"": 0, ""v"": 1, ""w"": 4}, {""u"": 1, ""v"": 5, ""w"": 3}, {""u"": 1, ""v"": 0, ""w"": 11}, {""u"": 2, ""v"": 3, ""w"": 10}, {""u"": 2, ""v"": 5, ""w"": 9}, {""u"": 3, ""v"": 1, ""w"": 15}, {""u"": 3, ""v"": 0, ""w"": 16}, {""u"": 3, ""v"": 2, ""w"": 7}, {""u"": 3, ""v"": 5, ""w"": 6}, {""u"": 5, ""v"": 0, ""w"": 12}], ""num_vertices"": 6, ""instance_type"": ""adversarial"", ""greedy_answer"": ""Path: 0 -> 1 -> 5, Cost: 6"", ""greedy_succeeds"": false, ""adversarial_pattern"": ""long_cheap"", ""difficulty_numeric"": 14, ""critical_step_index"": 0}",stage1_procedural_generation | w6_seed=1541229073
SP_024,W1,"A routing system contains 8 points numbered 0 through 7. All roads are unidirectional and have associated travel durations.

The connections between points are as follows:
- Node 0 connects to Node 1: 3
- Node 0 connects to Node 2: 3
- Node 0 connects to Node 3: 9
- Node 0 connects to Node 4: 7
- Node 0 connects to Node 5: 10
- Node 0 connects to Node 6: 10
- Node 1 connects to Node 3: 6
- Node 1 connects to Node 7: 3
- Node 2 connects to Node 3: 1
- Node 2 connects to Node 7: 8
- Node 3 connects to Node 7: 1
- Node 4 connects to Node 7: 11
- Node 5 connects to Node 7: 11
- Node 6 connects to Node 7: 10

Find the path with minimum total time from node 0 to node 7 and calculate the sum of travel times.

Provide only the route and total time.
Format: Path: X -> X -> X, Cost: X","Path: 0 -> 2 -> 3 -> 7, Cost: 5",algorithmic,shortest_path,standard,hard,high,procedural_seed_13849691825962119709,verify_sp,"{""subtype"":""SP"",""directed"":true,""source"":0,""target"":7,""graph"":[{""u"":0,""v"":1,""w"":3},{""u"":0,""v"":2,""w"":3},{""u"":0,""v"":3,""w"":9},{""u"":0,""v"":4,""w"":7},{""u"":0,""v"":5,""w"":10},{""u"":0,""v"":6,""w"":10},{""u"":1,""v"":3,""w"":6},{""u"":1,""v"":7,""w"":3},{""u"":2,""v"":3,""w"":1},{""u"":2,""v"":7,""w"":8},{""u"":3,""v"":7,""w"":1},{""u"":4,""v"":7,""w"":11},{""u"":5,""v"":7,""w"":11},{""u"":6,""v"":7,""w"":10}],""num_vertices"":8,""instance_type"":""adversarial"",""greedy_answer"":""Path: 0 -> 1 -> 7, Cost: 6"",""greedy_succeeds"":false,""adversarial_pattern"":""long_cheap"",""difficulty_numeric"":15,""critical_step_index"":0}",stage1_procedural_generation
SP_024,W2,"Graph edges:
(0 → 1, weight=3)
(0 → 2, weight=3)
(0 → 3, weight=9)
(0 → 4, weight=7)
(0 → 5, weight=10)
(0 → 6, weight=10)
(1 → 3, weight=6)
(1 → 7, weight=3)
(2 → 3, weight=1)
(2 → 7, weight=8)
(3 → 7, weight=1)
(4 → 7, weight=11)
(5 → 7, weight=11)
(6 → 7, weight=10)
Source: 0
Target: 7","Path: 0 -> 2 -> 3 -> 7, Cost: 5",algorithmic,shortest_path,standard,hard,high,procedural_seed_13849691825962119709,verify_sp,"{""subtype"":""SP"",""directed"":true,""source"":0,""target"":7,""graph"":[{""u"":0,""v"":1,""w"":3},{""u"":0,""v"":2,""w"":3},{""u"":0,""v"":3,""w"":9},{""u"":0,""v"":4,""w"":7},{""u"":0,""v"":5,""w"":10},{""u"":0,""v"":6,""w"":10},{""u"":1,""v"":3,""w"":6},{""u"":1,""v"":7,""w"":3},{""u"":2,""v"":3,""w"":1},{""u"":2,""v"":7,""w"":8},{""u"":3,""v"":7,""w"":1},{""u"":4,""v"":7,""w"":11},{""u"":5,""v"":7,""w"":11},{""u"":6,""v"":7,""w"":10}],""num_vertices"":8,""instance_type"":""adversarial"",""greedy_answer"":""Path: 0 -> 1 -> 7, Cost: 6"",""greedy_succeeds"":false,""adversarial_pattern"":""long_cheap"",""difficulty_numeric"":15,""critical_step_index"":0}",stage1_procedural_generation
SP_024,W3,"A route planner has 8 locations labeled 0 to 7. Roads are one-way and weighted by travel time.

The road network is:
- Node London to Node Oxford: 3
- Node London to Node Reading: 3
- Node London to Node Bristol: 9
- Node London to Node Birmingham: 7
- Node London to Node Manchester: 10
- Node London to Node Liverpool: 10
- Node Oxford to Node Bristol: 6
- Node Oxford to Node Cardiff: 3
- Node Reading to Node Bristol: 1
- Node Reading to Node Cardiff: 8
- Node Bristol to Node Cardiff: 1
- Node Birmingham to Node Cardiff: 11
- Node Manchester to Node Cardiff: 11
- Node Liverpool to Node Cardiff: 10

What is the shortest path from node London to node Cardiff and its total cost?

Reply with only the path and cost.
Format: Path: X -> X -> X, Cost: X","Path: London -> Reading -> Bristol -> Cardiff, Cost: 5",algorithmic,shortest_path,standard,hard,high,procedural_seed_13849691825962119709,verify_sp,"{""subtype"":""SP"",""directed"":true,""source"":0,""target"":7,""graph"":[{""u"":0,""v"":1,""w"":3},{""u"":0,""v"":2,""w"":3},{""u"":0,""v"":3,""w"":9},{""u"":0,""v"":4,""w"":7},{""u"":0,""v"":5,""w"":10},{""u"":0,""v"":6,""w"":10},{""u"":1,""v"":3,""w"":6},{""u"":1,""v"":7,""w"":3},{""u"":2,""v"":3,""w"":1},{""u"":2,""v"":7,""w"":8},{""u"":3,""v"":7,""w"":1},{""u"":4,""v"":7,""w"":11},{""u"":5,""v"":7,""w"":11},{""u"":6,""v"":7,""w"":10}],""num_vertices"":8,""instance_type"":""adversarial"",""greedy_answer"":""Path: 0 -> 1 -> 7, Cost: 6"",""greedy_succeeds"":false,""adversarial_pattern"":""long_cheap"",""difficulty_numeric"":15,""critical_step_index"":0}","stage1_procedural_generation | {""entity_mapping"": {""0"": ""London"", ""1"": ""Oxford"", ""2"": ""Reading"", ""3"": ""Bristol"", ""4"": ""Birmingham"", ""5"": ""Manchester"", ""6"": ""Liverpool"", ""7"": ""Cardiff""}}"
SP_024,W4,"G = (V, E) where V = {0, 1, ..., 7}
E = {(0,1,3), (0,2,3), (0,3,9), (0,4,7), (0,5,10), (0,6,10), (1,3,6), (1,7,3), (2,3,1), (2,7,8), (3,7,1), (4,7,11), (5,7,11), (6,7,10)}
Find: δ(0, 7) = minimum weight path from 0 to 7
OUTPUT FORMAT:
Path: X -> X -> X, Cost: X","Path: 0 -> 2 -> 3 -> 7, Cost: 5",algorithmic,shortest_path,standard,hard,high,procedural_seed_13849691825962119709,verify_sp,"{""subtype"":""SP"",""directed"":true,""source"":0,""target"":7,""graph"":[{""u"":0,""v"":1,""w"":3},{""u"":0,""v"":2,""w"":3},{""u"":0,""v"":3,""w"":9},{""u"":0,""v"":4,""w"":7},{""u"":0,""v"":5,""w"":10},{""u"":0,""v"":6,""w"":10},{""u"":1,""v"":3,""w"":6},{""u"":1,""v"":7,""w"":3},{""u"":2,""v"":3,""w"":1},{""u"":2,""v"":7,""w"":8},{""u"":3,""v"":7,""w"":1},{""u"":4,""v"":7,""w"":11},{""u"":5,""v"":7,""w"":11},{""u"":6,""v"":7,""w"":10}],""num_vertices"":8,""instance_type"":""adversarial"",""greedy_answer"":""Path: 0 -> 1 -> 7, Cost: 6"",""greedy_succeeds"":false,""adversarial_pattern"":""long_cheap"",""difficulty_numeric"":15,""critical_step_index"":0}",stage1_procedural_generation
SP_024,W5,"A route planner has 8 locations labeled 0 to 7. Roads are one-way and weighted by travel time.

The road network is:
- Node 0 to Node 1: 3
- Node 0 to Node 2: 3
- Node 0 to Node 3: 9
- Node 0 to Node 4: 7
- Node 0 to Node 5: 10
- Node 0 to Node 6: 10
- Node 1 to Node 3: 6
- Node 1 to Node 7: 3
- Node 2 to Node 3: 1
- Node 2 to Node 7: 8
- Node 3 to Node 7: 1
- Node 4 to Node 7: 11
- Node 5 to Node 7: 11
- Node 6 to Node 7: 10

What is the shortest path from node 7 to node 0 and its total cost?

Reply with only the path and cost.
Format: Path: X -> X -> X, Cost: X","Path: 7 -> 3 -> 2 -> 0, Cost: 5",algorithmic,shortest_path,standard,hard,high,procedural_seed_13849691825962119709,verify_sp,"{""subtype"": ""SP"", ""directed"": true, ""source"": 7, ""target"": 0, ""graph"": [{""u"": 1, ""v"": 0, ""w"": 3}, {""u"": 2, ""v"": 0, ""w"": 3}, {""u"": 3, ""v"": 0, ""w"": 9}, {""u"": 4, ""v"": 0, ""w"": 7}, {""u"": 5, ""v"": 0, ""w"": 10}, {""u"": 6, ""v"": 0, ""w"": 10}, {""u"": 3, ""v"": 1, ""w"": 6}, {""u"": 7, ""v"": 1, ""w"": 3}, {""u"": 3, ""v"": 2, ""w"": 1}, {""u"": 7, ""v"": 2, ""w"": 8}, {""u"": 7, ""v"": 3, ""w"": 1}, {""u"": 7, ""v"": 4, ""w"": 11}, {""u"": 7, ""v"": 5, ""w"": 11}, {""u"": 7, ""v"": 6, ""w"": 10}], ""num_vertices"": 8, ""instance_type"": ""adversarial"", ""greedy_answer"": ""Path: 0 -> 1 -> 7, Cost: 6"", ""greedy_succeeds"": false, ""adversarial_pattern"": ""long_cheap"", ""difficulty_numeric"": 15, ""critical_step_index"": 0}",stage1_procedural_generation
SP_024,W6,"A route-planning task over weighted one-way roads. Edge list and travel times are:

- 0 -> 7: 9
- 0 -> 4: 10
- 0 -> 3: 1
- 1 -> 5: 7
- 1 -> 0: 5
- 1 -> 3: 11
- 2 -> 4: 3
- 3 -> 2: 4
- 4 -> 1: 6
- 4 -> 7: 4
- 5 -> 7: 9
- 5 -> 2: 6
- 7 -> 4: 6
- 7 -> 0: 9

Reply with only the path as a sequence of nodes and the total cost.
Format: Path: X -> X -> X, Cost: X","Path: 0 -> 7, Cost: 9",algorithmic,shortest_path,standard,hard,high,procedural_seed_13849691825962119709,verify_sp,"{""subtype"": ""SP"", ""directed"": true, ""source"": 0, ""target"": 7, ""graph"": [{""u"": 0, ""v"": 7, ""w"": 9}, {""u"": 0, ""v"": 4, ""w"": 10}, {""u"": 0, ""v"": 3, ""w"": 1}, {""u"": 1, ""v"": 5, ""w"": 7}, {""u"": 1, ""v"": 0, ""w"": 5}, {""u"": 1, ""v"": 3, ""w"": 11}, {""u"": 2, ""v"": 4, ""w"": 3}, {""u"": 3, ""v"": 2, ""w"": 4}, {""u"": 4, ""v"": 1, ""w"": 6}, {""u"": 4, ""v"": 7, ""w"": 4}, {""u"": 5, ""v"": 7, ""w"": 9}, {""u"": 5, ""v"": 2, ""w"": 6}, {""u"": 7, ""v"": 4, ""w"": 6}, {""u"": 7, ""v"": 0, ""w"": 9}], ""num_vertices"": 8, ""instance_type"": ""adversarial"", ""greedy_answer"": ""Path: 0 -> 1 -> 7, Cost: 6"", ""greedy_succeeds"": false, ""adversarial_pattern"": ""long_cheap"", ""difficulty_numeric"": 15, ""critical_step_index"": 0}",stage1_procedural_generation | w6_seed=3856728363
SP_026,W1,"A route planner contains 9 locations numbered 0 through 8. All roads are unidirectional and have associated travel times.

The available connections are:
- From Node 0 to Node 1: 3
- From Node 0 to Node 2: 3
- From Node 0 to Node 3: 9
- From Node 0 to Node 4: 8
- From Node 0 to Node 5: 10
- From Node 0 to Node 6: 11
- From Node 0 to Node 7: 7
- From Node 1 to Node 3: 6
- From Node 1 to Node 8: 3
- From Node 2 to Node 3: 1
- From Node 2 to Node 8: 8
- From Node 3 to Node 8: 1
- From Node 4 to Node 8: 7
- From Node 5 to Node 8: 9
- From Node 6 to Node 8: 11
- From Node 7 to Node 8: 10

Find the path with minimum total cost from node 0 to node 8, and determine that cost.

Provide only the path and its cost.
Format: Path: X -> X -> X, Cost: X","Path: 0 -> 2 -> 3 -> 8, Cost: 5",algorithmic,shortest_path,standard,hard,high,procedural_seed_818223934435632809,verify_sp,"{""subtype"":""SP"",""directed"":true,""source"":0,""target"":8,""graph"":[{""u"":0,""v"":1,""w"":3},{""u"":0,""v"":2,""w"":3},{""u"":0,""v"":3,""w"":9},{""u"":0,""v"":4,""w"":8},{""u"":0,""v"":5,""w"":10},{""u"":0,""v"":6,""w"":11},{""u"":0,""v"":7,""w"":7},{""u"":1,""v"":3,""w"":6},{""u"":1,""v"":8,""w"":3},{""u"":2,""v"":3,""w"":1},{""u"":2,""v"":8,""w"":8},{""u"":3,""v"":8,""w"":1},{""u"":4,""v"":8,""w"":7},{""u"":5,""v"":8,""w"":9},{""u"":6,""v"":8,""w"":11},{""u"":7,""v"":8,""w"":10}],""num_vertices"":9,""instance_type"":""adversarial"",""greedy_answer"":""Path: 0 -> 1 -> 8, Cost: 6"",""greedy_succeeds"":false,""adversarial_pattern"":""long_cheap"",""difficulty_numeric"":15,""critical_step_index"":0}",stage1_procedural_generation
SP_026,W2,"Graph edges:
(0 → 1, weight=3)
(0 → 2, weight=3)
(0 → 3, weight=9)
(0 → 4, weight=8)
(0 → 5, weight=10)
(0 → 6, weight=11)
(0 → 7, weight=7)
(1 → 3, weight=6)
(1 → 8, weight=3)
(2 → 3, weight=1)
(2 → 8, weight=8)
(3 → 8, weight=1)
(4 → 8, weight=7)
(5 → 8, weight=9)
(6 → 8, weight=11)
(7 → 8, weight=10)
Source: 0
Target: 8","Path: 0 -> 2 -> 3 -> 8, Cost: 5",algorithmic,shortest_path,standard,hard,high,procedural_seed_818223934435632809,verify_sp,"{""subtype"":""SP"",""directed"":true,""source"":0,""target"":8,""graph"":[{""u"":0,""v"":1,""w"":3},{""u"":0,""v"":2,""w"":3},{""u"":0,""v"":3,""w"":9},{""u"":0,""v"":4,""w"":8},{""u"":0,""v"":5,""w"":10},{""u"":0,""v"":6,""w"":11},{""u"":0,""v"":7,""w"":7},{""u"":1,""v"":3,""w"":6},{""u"":1,""v"":8,""w"":3},{""u"":2,""v"":3,""w"":1},{""u"":2,""v"":8,""w"":8},{""u"":3,""v"":8,""w"":1},{""u"":4,""v"":8,""w"":7},{""u"":5,""v"":8,""w"":9},{""u"":6,""v"":8,""w"":11},{""u"":7,""v"":8,""w"":10}],""num_vertices"":9,""instance_type"":""adversarial"",""greedy_answer"":""Path: 0 -> 1 -> 8, Cost: 6"",""greedy_succeeds"":false,""adversarial_pattern"":""long_cheap"",""difficulty_numeric"":15,""critical_step_index"":0}",stage1_procedural_generation
SP_026,W3,"A route planner has 9 locations labeled 0 to 8. Roads are one-way and weighted by travel time.

The road network is:
- Node Paris to Node Lyon: 3
- Node Paris to Node Nice: 3
- Node Paris to Node Marseille: 9
- Node Paris to Node Bordeaux: 8
- Node Paris to Node Toulouse: 10
- Node Paris to Node Nantes: 11
- Node Paris to Node Lille: 7
- Node Lyon to Node Marseille: 6
- Node Lyon to Node Monaco: 3
- Node Nice to Node Marseille: 1
- Node Nice to Node Monaco: 8
- Node Marseille to Node Monaco: 1
- Node Bordeaux to Node Monaco: 7
- Node Toulouse to Node Monaco: 9
- Node Nantes to Node Monaco: 11
- Node Lille to Node Monaco: 10

What is the shortest path from node Paris to node Monaco and its total cost?

Reply with only the path and cost.
Format: Path: X -> X -> X, Cost: X","Path: Paris -> Nice -> Marseille -> Monaco, Cost: 5",algorithmic,shortest_path,standard,hard,high,procedural_seed_818223934435632809,verify_sp,"{""subtype"":""SP"",""directed"":true,""source"":0,""target"":8,""graph"":[{""u"":0,""v"":1,""w"":3},{""u"":0,""v"":2,""w"":3},{""u"":0,""v"":3,""w"":9},{""u"":0,""v"":4,""w"":8},{""u"":0,""v"":5,""w"":10},{""u"":0,""v"":6,""w"":11},{""u"":0,""v"":7,""w"":7},{""u"":1,""v"":3,""w"":6},{""u"":1,""v"":8,""w"":3},{""u"":2,""v"":3,""w"":1},{""u"":2,""v"":8,""w"":8},{""u"":3,""v"":8,""w"":1},{""u"":4,""v"":8,""w"":7},{""u"":5,""v"":8,""w"":9},{""u"":6,""v"":8,""w"":11},{""u"":7,""v"":8,""w"":10}],""num_vertices"":9,""instance_type"":""adversarial"",""greedy_answer"":""Path: 0 -> 1 -> 8, Cost: 6"",""greedy_succeeds"":false,""adversarial_pattern"":""long_cheap"",""difficulty_numeric"":15,""critical_step_index"":0}","stage1_procedural_generation | {""entity_mapping"": {""0"": ""Paris"", ""1"": ""Lyon"", ""2"": ""Nice"", ""3"": ""Marseille"", ""4"": ""Bordeaux"", ""5"": ""Toulouse"", ""6"": ""Nantes"", ""7"": ""Lille"", ""8"": ""Monaco""}}"
SP_026,W4,"G = (V, E) where V = {0, 1, ..., 8}
E = {(0,1,3), (0,2,3), (0,3,9), (0,4,8), (0,5,10), (0,6,11), (0,7,7), (1,3,6), (1,8,3), (2,3,1), (2,8,8), (3,8,1), (4,8,7), (5,8,9), (6,8,11), (7,8,10)}
Find: δ(0, 8) = minimum weight path from 0 to 8
OUTPUT FORMAT:
Path: X -> X -> X, Cost: X","Path: 0 -> 2 -> 3 -> 8, Cost: 5",algorithmic,shortest_path,standard,hard,high,procedural_seed_818223934435632809,verify_sp,"{""subtype"":""SP"",""directed"":true,""source"":0,""target"":8,""graph"":[{""u"":0,""v"":1,""w"":3},{""u"":0,""v"":2,""w"":3},{""u"":0,""v"":3,""w"":9},{""u"":0,""v"":4,""w"":8},{""u"":0,""v"":5,""w"":10},{""u"":0,""v"":6,""w"":11},{""u"":0,""v"":7,""w"":7},{""u"":1,""v"":3,""w"":6},{""u"":1,""v"":8,""w"":3},{""u"":2,""v"":3,""w"":1},{""u"":2,""v"":8,""w"":8},{""u"":3,""v"":8,""w"":1},{""u"":4,""v"":8,""w"":7},{""u"":5,""v"":8,""w"":9},{""u"":6,""v"":8,""w"":11},{""u"":7,""v"":8,""w"":10}],""num_vertices"":9,""instance_type"":""adversarial"",""greedy_answer"":""Path: 0 -> 1 -> 8, Cost: 6"",""greedy_succeeds"":false,""adversarial_pattern"":""long_cheap"",""difficulty_numeric"":15,""critical_step_index"":0}",stage1_procedural_generation
SP_026,W5,"A route planner has 9 locations labeled 0 to 8. Roads are one-way and weighted by travel time.

The road network is:
- Node 0 to Node 1: 3
- Node 0 to Node 2: 3
- Node 0 to Node 3: 9
- Node 0 to Node 4: 8
- Node 0 to Node 5: 10
- Node 0 to Node 6: 11
- Node 0 to Node 7: 7
- Node 1 to Node 3: 6
- Node 1 to Node 8: 3
- Node 2 to Node 3: 1
- Node 2 to Node 8: 8
- Node 3 to Node 8: 1
- Node 4 to Node 8: 7
- Node 5 to Node 8: 9
- Node 6 to Node 8: 11
- Node 7 to Node 8: 10

What is the shortest path from node 8 to node 0 and its total cost?

Reply with only the path and cost.
Format: Path: X -> X -> X, Cost: X","Path: 8 -> 3 -> 2 -> 0, Cost: 5",algorithmic,shortest_path,standard,hard,high,procedural_seed_818223934435632809,verify_sp,"{""subtype"": ""SP"", ""directed"": true, ""source"": 8, ""target"": 0, ""graph"": [{""u"": 1, ""v"": 0, ""w"": 3}, {""u"": 2, ""v"": 0, ""w"": 3}, {""u"": 3, ""v"": 0, ""w"": 9}, {""u"": 4, ""v"": 0, ""w"": 8}, {""u"": 5, ""v"": 0, ""w"": 10}, {""u"": 6, ""v"": 0, ""w"": 11}, {""u"": 7, ""v"": 0, ""w"": 7}, {""u"": 3, ""v"": 1, ""w"": 6}, {""u"": 8, ""v"": 1, ""w"": 3}, {""u"": 3, ""v"": 2, ""w"": 1}, {""u"": 8, ""v"": 2, ""w"": 8}, {""u"": 8, ""v"": 3, ""w"": 1}, {""u"": 8, ""v"": 4, ""w"": 7}, {""u"": 8, ""v"": 5, ""w"": 9}, {""u"": 8, ""v"": 6, ""w"": 11}, {""u"": 8, ""v"": 7, ""w"": 10}], ""num_vertices"": 9, ""instance_type"": ""adversarial"", ""greedy_answer"": ""Path: 0 -> 1 -> 8, Cost: 6"", ""greedy_succeeds"": false, ""adversarial_pattern"": ""long_cheap"", ""difficulty_numeric"": 15, ""critical_step_index"": 0}",stage1_procedural_generation
SP_026,W6,"A route-planning task over weighted one-way roads. Edge list and travel times are:

- 0 -> 1: 9
- 0 -> 4: 10
- 0 -> 5: 2
- 1 -> 3: 6
- 2 -> 7: 16
- 2 -> 0: 14
- 3 -> 8: 11
- 3 -> 7: 17
- 3 -> 6: 3
- 3 -> 2: 15
- 5 -> 3: 1
- 6 -> 8: 2
- 6 -> 7: 18
- 6 -> 0: 16
- 8 -> 7: 15
- 8 -> 6: 8

Reply with only the path as a sequence of nodes and the total cost.
Format: Path: X -> X -> X, Cost: X","Path: 0 -> 5 -> 3 -> 6 -> 8, Cost: 8",algorithmic,shortest_path,standard,hard,high,procedural_seed_818223934435632809,verify_sp,"{""subtype"": ""SP"", ""directed"": true, ""source"": 0, ""target"": 8, ""graph"": [{""u"": 0, ""v"": 1, ""w"": 9}, {""u"": 0, ""v"": 4, ""w"": 10}, {""u"": 0, ""v"": 5, ""w"": 2}, {""u"": 1, ""v"": 3, ""w"": 6}, {""u"": 2, ""v"": 7, ""w"": 16}, {""u"": 2, ""v"": 0, ""w"": 14}, {""u"": 3, ""v"": 8, ""w"": 11}, {""u"": 3, ""v"": 7, ""w"": 17}, {""u"": 3, ""v"": 6, ""w"": 3}, {""u"": 3, ""v"": 2, ""w"": 15}, {""u"": 5, ""v"": 3, ""w"": 1}, {""u"": 6, ""v"": 8, ""w"": 2}, {""u"": 6, ""v"": 7, ""w"": 18}, {""u"": 6, ""v"": 0, ""w"": 16}, {""u"": 8, ""v"": 7, ""w"": 15}, {""u"": 8, ""v"": 6, ""w"": 8}], ""num_vertices"": 9, ""instance_type"": ""adversarial"", ""greedy_answer"": ""Path: 0 -> 1 -> 8, Cost: 6"", ""greedy_succeeds"": false, ""adversarial_pattern"": ""long_cheap"", ""difficulty_numeric"": 15, ""critical_step_index"": 0}",stage1_procedural_generation | w6_seed=3249460350
SP_027,W1,"There's a route planning system with 7 locations numbered from 0 through 6. The roads connecting them are directional and have associated travel times.

Here's the road network configuration:
- Node 0 to Node 1: 3
- Node 0 to Node 2: 5
- Node 0 to Node 3: 9
- Node 0 to Node 4: 9
- Node 0 to Node 5: 6
- Node 1 to Node 6: 1
- Node 2 to Node 1: -3
- Node 2 to Node 6: 8
- Node 3 to Node 6: 9
- Node 4 to Node 6: 9
- Node 5 to Node 6: 9

Find the path with minimum total travel time from node 0 to node 6 and determine its cost.

Reply with only the path and cost.
Format: Path: X -> X -> X, Cost: X","Path: 0 -> 2 -> 1 -> 6, Cost: 3",algorithmic,shortest_path,standard,hard,high,procedural_seed_17908783940855319004,verify_sp,"{""subtype"":""SP"",""directed"":true,""source"":0,""target"":6,""graph"":[{""u"":0,""v"":1,""w"":3},{""u"":0,""v"":2,""w"":5},{""u"":0,""v"":3,""w"":9},{""u"":0,""v"":4,""w"":9},{""u"":0,""v"":5,""w"":6},{""u"":1,""v"":6,""w"":1},{""u"":2,""v"":1,""w"":-3},{""u"":2,""v"":6,""w"":8},{""u"":3,""v"":6,""w"":9},{""u"":4,""v"":6,""w"":9},{""u"":5,""v"":6,""w"":9}],""num_vertices"":7,""instance_type"":""adversarial"",""greedy_answer"":""Path: 0 -> 1 -> 6, Cost: 4"",""greedy_succeeds"":false,""adversarial_pattern"":""negative_weight"",""requires_bellman_ford"":true,""difficulty_numeric"":15,""critical_step_index"":0}",stage1_procedural_generation
SP_027,W2,"Graph edges:
(0 → 1, weight=3)
(0 → 2, weight=5)
(0 → 3, weight=9)
(0 → 4, weight=9)
(0 → 5, weight=6)
(1 → 6, weight=1)
(2 → 1, weight=-3)
(2 → 6, weight=8)
(3 → 6, weight=9)
(4 → 6, weight=9)
(5 → 6, weight=9)
Source: 0
Target: 6","Path: 0 -> 2 -> 1 -> 6, Cost: 3",algorithmic,shortest_path,standard,hard,high,procedural_seed_17908783940855319004,verify_sp,"{""subtype"":""SP"",""directed"":true,""source"":0,""target"":6,""graph"":[{""u"":0,""v"":1,""w"":3},{""u"":0,""v"":2,""w"":5},{""u"":0,""v"":3,""w"":9},{""u"":0,""v"":4,""w"":9},{""u"":0,""v"":5,""w"":6},{""u"":1,""v"":6,""w"":1},{""u"":2,""v"":1,""w"":-3},{""u"":2,""v"":6,""w"":8},{""u"":3,""v"":6,""w"":9},{""u"":4,""v"":6,""w"":9},{""u"":5,""v"":6,""w"":9}],""num_vertices"":7,""instance_type"":""adversarial"",""greedy_answer"":""Path: 0 -> 1 -> 6, Cost: 4"",""greedy_succeeds"":false,""adversarial_pattern"":""negative_weight"",""requires_bellman_ford"":true,""difficulty_numeric"":15,""critical_step_index"":0}",stage1_procedural_generation
SP_027,W3,"A route planner has 7 locations labeled 0 to 6. Roads are one-way and weighted by travel time.

The road network is:
- Node Tokyo to Node Osaka: 3
- Node Tokyo to Node Kyoto: 5
- Node Tokyo to Node Nagoya: 9
- Node Tokyo to Node Kobe: 9
- Node Tokyo to Node Yokohama: 6
- Node Osaka to Node Fukuoka: 1
- Node Kyoto to Node Osaka: -3
- Node Kyoto to Node Fukuoka: 8
- Node Nagoya to Node Fukuoka: 9
- Node Kobe to Node Fukuoka: 9
- Node Yokohama to Node Fukuoka: 9

What is the shortest path from node Tokyo to node Fukuoka and its total cost?

Reply with only the path and cost.
Format: Path: X -> X -> X, Cost: X","Path: Tokyo -> Kyoto -> Osaka -> Fukuoka, Cost: 3",algorithmic,shortest_path,standard,hard,high,procedural_seed_17908783940855319004,verify_sp,"{""subtype"":""SP"",""directed"":true,""source"":0,""target"":6,""graph"":[{""u"":0,""v"":1,""w"":3},{""u"":0,""v"":2,""w"":5},{""u"":0,""v"":3,""w"":9},{""u"":0,""v"":4,""w"":9},{""u"":0,""v"":5,""w"":6},{""u"":1,""v"":6,""w"":1},{""u"":2,""v"":1,""w"":-3},{""u"":2,""v"":6,""w"":8},{""u"":3,""v"":6,""w"":9},{""u"":4,""v"":6,""w"":9},{""u"":5,""v"":6,""w"":9}],""num_vertices"":7,""instance_type"":""adversarial"",""greedy_answer"":""Path: 0 -> 1 -> 6, Cost: 4"",""greedy_succeeds"":false,""adversarial_pattern"":""negative_weight"",""requires_bellman_ford"":true,""difficulty_numeric"":15,""critical_step_index"":0}","stage1_procedural_generation | {""entity_mapping"": {""0"": ""Tokyo"", ""1"": ""Osaka"", ""2"": ""Kyoto"", ""3"": ""Nagoya"", ""4"": ""Kobe"", ""5"": ""Yokohama"", ""6"": ""Fukuoka""}}"
SP_027,W4,"G = (V, E) where V = {0, 1, ..., 6}
E = {(0,1,3), (0,2,5), (0,3,9), (0,4,9), (0,5,6), (1,6,1), (2,1,-3), (2,6,8), (3,6,9), (4,6,9), (5,6,9)}
Find: δ(0, 6) = minimum weight path from 0 to 6
OUTPUT FORMAT:
Path: X -> X -> X, Cost: X","Path: 0 -> 2 -> 1 -> 6, Cost: 3",algorithmic,shortest_path,standard,hard,high,procedural_seed_17908783940855319004,verify_sp,"{""subtype"":""SP"",""directed"":true,""source"":0,""target"":6,""graph"":[{""u"":0,""v"":1,""w"":3},{""u"":0,""v"":2,""w"":5},{""u"":0,""v"":3,""w"":9},{""u"":0,""v"":4,""w"":9},{""u"":0,""v"":5,""w"":6},{""u"":1,""v"":6,""w"":1},{""u"":2,""v"":1,""w"":-3},{""u"":2,""v"":6,""w"":8},{""u"":3,""v"":6,""w"":9},{""u"":4,""v"":6,""w"":9},{""u"":5,""v"":6,""w"":9}],""num_vertices"":7,""instance_type"":""adversarial"",""greedy_answer"":""Path: 0 -> 1 -> 6, Cost: 4"",""greedy_succeeds"":false,""adversarial_pattern"":""negative_weight"",""requires_bellman_ford"":true,""difficulty_numeric"":15,""critical_step_index"":0}",stage1_procedural_generation
SP_027,W5,"A route planner has 7 locations labeled 0 to 6. Roads are one-way and weighted by travel time.

The road network is:
- Node 0 to Node 1: 3
- Node 0 to Node 2: 5
- Node 0 to Node 3: 9
- Node 0 to Node 4: 9
- Node 0 to Node 5: 6
- Node 1 to Node 6: 1
- Node 2 to Node 1: -3
- Node 2 to Node 6: 8
- Node 3 to Node 6: 9
- Node 4 to Node 6: 9
- Node 5 to Node 6: 9

What is the shortest path from node 6 to node 0 and its total cost?

Reply with only the path and cost.
Format: Path: X -> X -> X, Cost: X","Path: 6 -> 1 -> 2 -> 0, Cost: 3",algorithmic,shortest_path,standard,hard,high,procedural_seed_17908783940855319004,verify_sp,"{""subtype"": ""SP"", ""directed"": true, ""source"": 6, ""target"": 0, ""graph"": [{""u"": 1, ""v"": 0, ""w"": 3}, {""u"": 2, ""v"": 0, ""w"": 5}, {""u"": 3, ""v"": 0, ""w"": 9}, {""u"": 4, ""v"": 0, ""w"": 9}, {""u"": 5, ""v"": 0, ""w"": 6}, {""u"": 6, ""v"": 1, ""w"": 1}, {""u"": 1, ""v"": 2, ""w"": -3}, {""u"": 6, ""v"": 2, ""w"": 8}, {""u"": 6, ""v"": 3, ""w"": 9}, {""u"": 6, ""v"": 4, ""w"": 9}, {""u"": 6, ""v"": 5, ""w"": 9}], ""num_vertices"": 7, ""instance_type"": ""adversarial"", ""greedy_answer"": ""Path: 0 -> 1 -> 6, Cost: 4"", ""greedy_succeeds"": false, ""adversarial_pattern"": ""negative_weight"", ""requires_bellman_ford"": true, ""difficulty_numeric"": 15, ""critical_step_index"": 0}",stage1_procedural_generation
SP_027,W6,"A route-planning task over weighted one-way roads. Edge list and travel times are:

- 0 -> 4: 9
- 0 -> 2: 6
- 0 -> 5: 2
- 1 -> 5: 15
- 1 -> 0: 5
- 1 -> 6: 13
- 3 -> 1: 5
- 3 -> 0: 16
- 4 -> 2: 13
- 5 -> 6: 1
- 6 -> 5: 6

Reply with only the path as a sequence of nodes and the total cost.
Format: Path: X -> X -> X, Cost: X","Path: 0 -> 5 -> 6, Cost: 3",algorithmic,shortest_path,standard,hard,high,procedural_seed_17908783940855319004,verify_sp,"{""subtype"": ""SP"", ""directed"": true, ""source"": 0, ""target"": 6, ""graph"": [{""u"": 0, ""v"": 4, ""w"": 9}, {""u"": 0, ""v"": 2, ""w"": 6}, {""u"": 0, ""v"": 5, ""w"": 2}, {""u"": 1, ""v"": 5, ""w"": 15}, {""u"": 1, ""v"": 0, ""w"": 5}, {""u"": 1, ""v"": 6, ""w"": 13}, {""u"": 3, ""v"": 1, ""w"": 5}, {""u"": 3, ""v"": 0, ""w"": 16}, {""u"": 4, ""v"": 2, ""w"": 13}, {""u"": 5, ""v"": 6, ""w"": 1}, {""u"": 6, ""v"": 5, ""w"": 6}], ""num_vertices"": 7, ""instance_type"": ""adversarial"", ""greedy_answer"": ""Path: 0 -> 1 -> 6, Cost: 4"", ""greedy_succeeds"": false, ""adversarial_pattern"": ""negative_weight"", ""requires_bellman_ford"": true, ""difficulty_numeric"": 15, ""critical_step_index"": 0}",stage1_procedural_generation | w6_seed=3599945909
SP_028,W1,"A route planner contains 8 locations numbered from 0 through 7. The roads between locations are unidirectional and have associated travel times.

The connections in the road network are as follows:
- From Node 0 to Node 1: 3
- From Node 0 to Node 2: 5
- From Node 0 to Node 3: 10
- From Node 0 to Node 4: 8
- From Node 0 to Node 5: 8
- From Node 0 to Node 6: 9
- From Node 1 to Node 7: 1
- From Node 2 to Node 1: -3
- From Node 2 to Node 7: 8
- From Node 3 to Node 7: 7
- From Node 4 to Node 7: 7
- From Node 5 to Node 7: 10
- From Node 6 to Node 7: 9

Determine the path with minimum total cost from node 0 to node 7, and calculate that total cost.

Provide your answer containing just the path and its cost.
Format: Path: X -> X -> X, Cost: X","Path: 0 -> 2 -> 1 -> 7, Cost: 3",algorithmic,shortest_path,adversarial,hard,high,procedural_seed_17692268127388706213,verify_sp,"{""subtype"":""SP"",""directed"":true,""source"":0,""target"":7,""graph"":[{""u"":0,""v"":1,""w"":3},{""u"":0,""v"":2,""w"":5},{""u"":0,""v"":3,""w"":10},{""u"":0,""v"":4,""w"":8},{""u"":0,""v"":5,""w"":8},{""u"":0,""v"":6,""w"":9},{""u"":1,""v"":7,""w"":1},{""u"":2,""v"":1,""w"":-3},{""u"":2,""v"":7,""w"":8},{""u"":3,""v"":7,""w"":7},{""u"":4,""v"":7,""w"":7},{""u"":5,""v"":7,""w"":10},{""u"":6,""v"":7,""w"":9}],""num_vertices"":8,""instance_type"":""adversarial"",""greedy_answer"":""Path: 0 -> 1 -> 7, Cost: 4"",""greedy_succeeds"":false,""adversarial_pattern"":""negative_weight"",""requires_bellman_ford"":true,""difficulty_numeric"":15,""critical_step_index"":0}",stage1_procedural_generation
SP_028,W2,"Graph edges:
(0 → 1, weight=3)
(0 → 2, weight=5)
(0 → 3, weight=10)
(0 → 4, weight=8)
(0 → 5, weight=8)
(0 → 6, weight=9)
(1 → 7, weight=1)
(2 → 1, weight=-3)
(2 → 7, weight=8)
(3 → 7, weight=7)
(4 → 7, weight=7)
(5 → 7, weight=10)
(6 → 7, weight=9)
Source: 0
Target: 7","Path: 0 -> 2 -> 1 -> 7, Cost: 3",algorithmic,shortest_path,adversarial,hard,high,procedural_seed_17692268127388706213,verify_sp,"{""subtype"":""SP"",""directed"":true,""source"":0,""target"":7,""graph"":[{""u"":0,""v"":1,""w"":3},{""u"":0,""v"":2,""w"":5},{""u"":0,""v"":3,""w"":10},{""u"":0,""v"":4,""w"":8},{""u"":0,""v"":5,""w"":8},{""u"":0,""v"":6,""w"":9},{""u"":1,""v"":7,""w"":1},{""u"":2,""v"":1,""w"":-3},{""u"":2,""v"":7,""w"":8},{""u"":3,""v"":7,""w"":7},{""u"":4,""v"":7,""w"":7},{""u"":5,""v"":7,""w"":10},{""u"":6,""v"":7,""w"":9}],""num_vertices"":8,""instance_type"":""adversarial"",""greedy_answer"":""Path: 0 -> 1 -> 7, Cost: 4"",""greedy_succeeds"":false,""adversarial_pattern"":""negative_weight"",""requires_bellman_ford"":true,""difficulty_numeric"":15,""critical_step_index"":0}",stage1_procedural_generation
SP_028,W3,"A route planner has 8 locations labeled 0 to 7. Roads are one-way and weighted by travel time.

The road network is:
- Node Tokyo to Node Osaka: 3
- Node Tokyo to Node Kyoto: 5
- Node Tokyo to Node Kobe: 10
- Node Tokyo to Node Nagoya: 8
- Node Tokyo to Node Sapporo: 8
- Node Tokyo to Node Fukuoka: 9
- Node Osaka to Node Sendai: 1
- Node Kyoto to Node Osaka: -3
- Node Kyoto to Node Sendai: 8
- Node Kobe to Node Sendai: 7
- Node Nagoya to Node Sendai: 7
- Node Sapporo to Node Sendai: 10
- Node Fukuoka to Node Sendai: 9

What is the shortest path from node Tokyo to node Sendai and its total cost?

Reply with only the path and cost.
Format: Path: X -> X -> X, Cost: X","Path: Tokyo -> Kyoto -> Osaka -> Sendai, Cost: 3",algorithmic,shortest_path,adversarial,hard,high,procedural_seed_17692268127388706213,verify_sp,"{""subtype"":""SP"",""directed"":true,""source"":0,""target"":7,""graph"":[{""u"":0,""v"":1,""w"":3},{""u"":0,""v"":2,""w"":5},{""u"":0,""v"":3,""w"":10},{""u"":0,""v"":4,""w"":8},{""u"":0,""v"":5,""w"":8},{""u"":0,""v"":6,""w"":9},{""u"":1,""v"":7,""w"":1},{""u"":2,""v"":1,""w"":-3},{""u"":2,""v"":7,""w"":8},{""u"":3,""v"":7,""w"":7},{""u"":4,""v"":7,""w"":7},{""u"":5,""v"":7,""w"":10},{""u"":6,""v"":7,""w"":9}],""num_vertices"":8,""instance_type"":""adversarial"",""greedy_answer"":""Path: 0 -> 1 -> 7, Cost: 4"",""greedy_succeeds"":false,""adversarial_pattern"":""negative_weight"",""requires_bellman_ford"":true,""difficulty_numeric"":15,""critical_step_index"":0}","stage1_procedural_generation | {""entity_mapping"": {""0"": ""Tokyo"", ""1"": ""Osaka"", ""2"": ""Kyoto"", ""3"": ""Kobe"", ""4"": ""Nagoya"", ""5"": ""Sapporo"", ""6"": ""Fukuoka"", ""7"": ""Sendai""}}"
SP_028,W4,"G = (V, E) where V = {0, 1, ..., 7}
E = {(0,1,3), (0,2,5), (0,3,10), (0,4,8), (0,5,8), (0,6,9), (1,7,1), (2,1,-3), (2,7,8), (3,7,7), (4,7,7), (5,7,10), (6,7,9)}
Find: δ(0, 7) = minimum weight path from 0 to 7
OUTPUT FORMAT:
Path: X -> X -> X, Cost: X","Path: 0 -> 2 -> 1 -> 7, Cost: 3",algorithmic,shortest_path,adversarial,hard,high,procedural_seed_17692268127388706213,verify_sp,"{""subtype"":""SP"",""directed"":true,""source"":0,""target"":7,""graph"":[{""u"":0,""v"":1,""w"":3},{""u"":0,""v"":2,""w"":5},{""u"":0,""v"":3,""w"":10},{""u"":0,""v"":4,""w"":8},{""u"":0,""v"":5,""w"":8},{""u"":0,""v"":6,""w"":9},{""u"":1,""v"":7,""w"":1},{""u"":2,""v"":1,""w"":-3},{""u"":2,""v"":7,""w"":8},{""u"":3,""v"":7,""w"":7},{""u"":4,""v"":7,""w"":7},{""u"":5,""v"":7,""w"":10},{""u"":6,""v"":7,""w"":9}],""num_vertices"":8,""instance_type"":""adversarial"",""greedy_answer"":""Path: 0 -> 1 -> 7, Cost: 4"",""greedy_succeeds"":false,""adversarial_pattern"":""negative_weight"",""requires_bellman_ford"":true,""difficulty_numeric"":15,""critical_step_index"":0}",stage1_procedural_generation
SP_028,W5,"A route planner has 8 locations labeled 0 to 7. Roads are one-way and weighted by travel time.

The road network is:
- Node 0 to Node 1: 3
- Node 0 to Node 2: 5
- Node 0 to Node 3: 10
- Node 0 to Node 4: 8
- Node 0 to Node 5: 8
- Node 0 to Node 6: 9
- Node 1 to Node 7: 1
- Node 2 to Node 1: -3
- Node 2 to Node 7: 8
- Node 3 to Node 7: 7
- Node 4 to Node 7: 7
- Node 5 to Node 7: 10
- Node 6 to Node 7: 9

What is the shortest path from node 7 to node 0 and its total cost?

Reply with only the path and cost.
Format: Path: X -> X -> X, Cost: X","Path: 7 -> 1 -> 2 -> 0, Cost: 3",algorithmic,shortest_path,adversarial,hard,high,procedural_seed_17692268127388706213,verify_sp,"{""subtype"": ""SP"", ""directed"": true, ""source"": 7, ""target"": 0, ""graph"": [{""u"": 1, ""v"": 0, ""w"": 3}, {""u"": 2, ""v"": 0, ""w"": 5}, {""u"": 3, ""v"": 0, ""w"": 10}, {""u"": 4, ""v"": 0, ""w"": 8}, {""u"": 5, ""v"": 0, ""w"": 8}, {""u"": 6, ""v"": 0, ""w"": 9}, {""u"": 7, ""v"": 1, ""w"": 1}, {""u"": 1, ""v"": 2, ""w"": -3}, {""u"": 7, ""v"": 2, ""w"": 8}, {""u"": 7, ""v"": 3, ""w"": 7}, {""u"": 7, ""v"": 4, ""w"": 7}, {""u"": 7, ""v"": 5, ""w"": 10}, {""u"": 7, ""v"": 6, ""w"": 9}], ""num_vertices"": 8, ""instance_type"": ""adversarial"", ""greedy_answer"": ""Path: 0 -> 1 -> 7, Cost: 4"", ""greedy_succeeds"": false, ""adversarial_pattern"": ""negative_weight"", ""requires_bellman_ford"": true, ""difficulty_numeric"": 15, ""critical_step_index"": 0}",stage1_procedural_generation
SP_028,W6,"A route-planning task over weighted one-way roads. Edge list and travel times are:

- 0 -> 1: 18
- 0 -> 4: 14
- 0 -> 3: 2
- 1 -> 5: 8
- 2 -> 0: 9
- 3 -> 7: 18
- 3 -> 0: 14
- 3 -> 5: 4
- 5 -> 6: 1
- 6 -> 1: 9
- 6 -> 7: 2
- 6 -> 0: 15
- 7 -> 6: 15

Reply with only the path as a sequence of nodes and the total cost.
Format: Path: X -> X -> X, Cost: X","Path: 0 -> 3 -> 5 -> 6 -> 7, Cost: 9",algorithmic,shortest_path,adversarial,hard,high,procedural_seed_17692268127388706213,verify_sp,"{""subtype"": ""SP"", ""directed"": true, ""source"": 0, ""target"": 7, ""graph"": [{""u"": 0, ""v"": 1, ""w"": 18}, {""u"": 0, ""v"": 4, ""w"": 14}, {""u"": 0, ""v"": 3, ""w"": 2}, {""u"": 1, ""v"": 5, ""w"": 8}, {""u"": 2, ""v"": 0, ""w"": 9}, {""u"": 3, ""v"": 7, ""w"": 18}, {""u"": 3, ""v"": 0, ""w"": 14}, {""u"": 3, ""v"": 5, ""w"": 4}, {""u"": 5, ""v"": 6, ""w"": 1}, {""u"": 6, ""v"": 1, ""w"": 9}, {""u"": 6, ""v"": 7, ""w"": 2}, {""u"": 6, ""v"": 0, ""w"": 15}, {""u"": 7, ""v"": 6, ""w"": 15}], ""num_vertices"": 8, ""instance_type"": ""adversarial"", ""greedy_answer"": ""Path: 0 -> 1 -> 7, Cost: 4"", ""greedy_succeeds"": false, ""adversarial_pattern"": ""negative_weight"", ""requires_bellman_ford"": true, ""difficulty_numeric"": 15, ""critical_step_index"": 0}",stage1_procedural_generation | w6_seed=4143071950
SP_029,W1,"There are 8 locations in a route planning system, numbered from 0 to 7. All roads are one-directional and have associated travel times.

Here is the road network configuration:
- From Node 0 to Node 1: 3
- From Node 0 to Node 2: 5
- From Node 0 to Node 3: 6
- From Node 0 to Node 4: 10
- From Node 0 to Node 5: 10
- From Node 0 to Node 6: 9
- From Node 1 to Node 7: 1
- From Node 2 to Node 1: -3
- From Node 2 to Node 7: 8
- From Node 3 to Node 7: 8
- From Node 4 to Node 7: 6
- From Node 5 to Node 7: 6
- From Node 6 to Node 7: 8

Find the shortest route from node 0 to node 7 and calculate its total cost.

Reply with only the path and cost.
Format: Path: X -> X -> X, Cost: X","Path: 0 -> 2 -> 1 -> 7, Cost: 3",algorithmic,shortest_path,standard,hard,high,procedural_seed_2907751669394611625,verify_sp,"{""subtype"":""SP"",""directed"":true,""source"":0,""target"":7,""graph"":[{""u"":0,""v"":1,""w"":3},{""u"":0,""v"":2,""w"":5},{""u"":0,""v"":3,""w"":6},{""u"":0,""v"":4,""w"":10},{""u"":0,""v"":5,""w"":10},{""u"":0,""v"":6,""w"":9},{""u"":1,""v"":7,""w"":1},{""u"":2,""v"":1,""w"":-3},{""u"":2,""v"":7,""w"":8},{""u"":3,""v"":7,""w"":8},{""u"":4,""v"":7,""w"":6},{""u"":5,""v"":7,""w"":6},{""u"":6,""v"":7,""w"":8}],""num_vertices"":8,""instance_type"":""adversarial"",""greedy_answer"":""Path: 0 -> 1 -> 7, Cost: 4"",""greedy_succeeds"":false,""adversarial_pattern"":""negative_weight"",""requires_bellman_ford"":true,""difficulty_numeric"":15,""critical_step_index"":0}",stage1_procedural_generation
SP_029,W2,"Graph edges:
(0 → 1, weight=3)
(0 → 2, weight=5)
(0 → 3, weight=6)
(0 → 4, weight=10)
(0 → 5, weight=10)
(0 → 6, weight=9)
(1 → 7, weight=1)
(2 → 1, weight=-3)
(2 → 7, weight=8)
(3 → 7, weight=8)
(4 → 7, weight=6)
(5 → 7, weight=6)
(6 → 7, weight=8)
Source: 0
Target: 7","Path: 0 -> 2 -> 1 -> 7, Cost: 3",algorithmic,shortest_path,standard,hard,high,procedural_seed_2907751669394611625,verify_sp,"{""subtype"":""SP"",""directed"":true,""source"":0,""target"":7,""graph"":[{""u"":0,""v"":1,""w"":3},{""u"":0,""v"":2,""w"":5},{""u"":0,""v"":3,""w"":6},{""u"":0,""v"":4,""w"":10},{""u"":0,""v"":5,""w"":10},{""u"":0,""v"":6,""w"":9},{""u"":1,""v"":7,""w"":1},{""u"":2,""v"":1,""w"":-3},{""u"":2,""v"":7,""w"":8},{""u"":3,""v"":7,""w"":8},{""u"":4,""v"":7,""w"":6},{""u"":5,""v"":7,""w"":6},{""u"":6,""v"":7,""w"":8}],""num_vertices"":8,""instance_type"":""adversarial"",""greedy_answer"":""Path: 0 -> 1 -> 7, Cost: 4"",""greedy_succeeds"":false,""adversarial_pattern"":""negative_weight"",""requires_bellman_ford"":true,""difficulty_numeric"":15,""critical_step_index"":0}",stage1_procedural_generation
SP_029,W3,"A route planner has 8 locations labeled 0 to 7. Roads are one-way and weighted by travel time.

The road network is:
- Node London to Node Paris: 3
- Node London to Node Berlin: 5
- Node London to Node Rome: 6
- Node London to Node Madrid: 10
- Node London to Node Vienna: 10
- Node London to Node Prague: 9
- Node Paris to Node Warsaw: 1
- Node Berlin to Node Paris: -3
- Node Berlin to Node Warsaw: 8
- Node Rome to Node Warsaw: 8
- Node Madrid to Node Warsaw: 6
- Node Vienna to Node Warsaw: 6
- Node Prague to Node Warsaw: 8

What is the shortest path from node London to node Warsaw and its total cost?

Reply with only the path and cost.
Format: Path: X -> X -> X, Cost: X","Path: London -> Berlin -> Paris -> Warsaw, Cost: 3",algorithmic,shortest_path,standard,hard,high,procedural_seed_2907751669394611625,verify_sp,"{""subtype"":""SP"",""directed"":true,""source"":0,""target"":7,""graph"":[{""u"":0,""v"":1,""w"":3},{""u"":0,""v"":2,""w"":5},{""u"":0,""v"":3,""w"":6},{""u"":0,""v"":4,""w"":10},{""u"":0,""v"":5,""w"":10},{""u"":0,""v"":6,""w"":9},{""u"":1,""v"":7,""w"":1},{""u"":2,""v"":1,""w"":-3},{""u"":2,""v"":7,""w"":8},{""u"":3,""v"":7,""w"":8},{""u"":4,""v"":7,""w"":6},{""u"":5,""v"":7,""w"":6},{""u"":6,""v"":7,""w"":8}],""num_vertices"":8,""instance_type"":""adversarial"",""greedy_answer"":""Path: 0 -> 1 -> 7, Cost: 4"",""greedy_succeeds"":false,""adversarial_pattern"":""negative_weight"",""requires_bellman_ford"":true,""difficulty_numeric"":15,""critical_step_index"":0}","stage1_procedural_generation | {""entity_mapping"": {""0"": ""London"", ""1"": ""Paris"", ""2"": ""Berlin"", ""3"": ""Rome"", ""4"": ""Madrid"", ""5"": ""Vienna"", ""6"": ""Prague"", ""7"": ""Warsaw""}}"
SP_029,W4,"G = (V, E) where V = {0, 1, ..., 7}
E = {(0,1,3), (0,2,5), (0,3,6), (0,4,10), (0,5,10), (0,6,9), (1,7,1), (2,1,-3), (2,7,8), (3,7,8), (4,7,6), (5,7,6), (6,7,8)}
Find: δ(0, 7) = minimum weight path from 0 to 7
OUTPUT FORMAT:
Path: X -> X -> X, Cost: X","Path: 0 -> 2 -> 1 -> 7, Cost: 3",algorithmic,shortest_path,standard,hard,high,procedural_seed_2907751669394611625,verify_sp,"{""subtype"":""SP"",""directed"":true,""source"":0,""target"":7,""graph"":[{""u"":0,""v"":1,""w"":3},{""u"":0,""v"":2,""w"":5},{""u"":0,""v"":3,""w"":6},{""u"":0,""v"":4,""w"":10},{""u"":0,""v"":5,""w"":10},{""u"":0,""v"":6,""w"":9},{""u"":1,""v"":7,""w"":1},{""u"":2,""v"":1,""w"":-3},{""u"":2,""v"":7,""w"":8},{""u"":3,""v"":7,""w"":8},{""u"":4,""v"":7,""w"":6},{""u"":5,""v"":7,""w"":6},{""u"":6,""v"":7,""w"":8}],""num_vertices"":8,""instance_type"":""adversarial"",""greedy_answer"":""Path: 0 -> 1 -> 7, Cost: 4"",""greedy_succeeds"":false,""adversarial_pattern"":""negative_weight"",""requires_bellman_ford"":true,""difficulty_numeric"":15,""critical_step_index"":0}",stage1_procedural_generation
SP_029,W5,"A route planner has 8 locations labeled 0 to 7. Roads are one-way and weighted by travel time.

The road network is:
- Node 0 to Node 1: 3
- Node 0 to Node 2: 5
- Node 0 to Node 3: 6
- Node 0 to Node 4: 10
- Node 0 to Node 5: 10
- Node 0 to Node 6: 9
- Node 1 to Node 7: 1
- Node 2 to Node 1: -3
- Node 2 to Node 7: 8
- Node 3 to Node 7: 8
- Node 4 to Node 7: 6
- Node 5 to Node 7: 6
- Node 6 to Node 7: 8

What is the shortest path from node 7 to node 0 and its total cost?

Reply with only the path and cost.
Format: Path: X -> X -> X, Cost: X","Path: 7 -> 1 -> 2 -> 0, Cost: 3",algorithmic,shortest_path,standard,hard,high,procedural_seed_2907751669394611625,verify_sp,"{""subtype"": ""SP"", ""directed"": true, ""source"": 7, ""target"": 0, ""graph"": [{""u"": 1, ""v"": 0, ""w"": 3}, {""u"": 2, ""v"": 0, ""w"": 5}, {""u"": 3, ""v"": 0, ""w"": 6}, {""u"": 4, ""v"": 0, ""w"": 10}, {""u"": 5, ""v"": 0, ""w"": 10}, {""u"": 6, ""v"": 0, ""w"": 9}, {""u"": 7, ""v"": 1, ""w"": 1}, {""u"": 1, ""v"": 2, ""w"": -3}, {""u"": 7, ""v"": 2, ""w"": 8}, {""u"": 7, ""v"": 3, ""w"": 8}, {""u"": 7, ""v"": 4, ""w"": 6}, {""u"": 7, ""v"": 5, ""w"": 6}, {""u"": 7, ""v"": 6, ""w"": 8}], ""num_vertices"": 8, ""instance_type"": ""adversarial"", ""greedy_answer"": ""Path: 0 -> 1 -> 7, Cost: 4"", ""greedy_succeeds"": false, ""adversarial_pattern"": ""negative_weight"", ""requires_bellman_ford"": true, ""difficulty_numeric"": 15, ""critical_step_index"": 0}",stage1_procedural_generation
SP_029,W6,"A route-planning task over weighted one-way roads. Edge list and travel times are:

- 0 -> 3: 12
- 0 -> 5: 2
- 1 -> 5: 7
- 1 -> 7: 12
- 2 -> 4: 11
- 2 -> 1: 18
- 2 -> 7: 18
- 3 -> 1: 10
- 3 -> 0: 10
- 4 -> 6: 6
- 5 -> 7: 1
- 5 -> 6: 12
- 7 -> 4: 5

Reply with only the path as a sequence of nodes and the total cost.
Format: Path: X -> X -> X, Cost: X","Path: 0 -> 5 -> 7, Cost: 3",algorithmic,shortest_path,standard,hard,high,procedural_seed_2907751669394611625,verify_sp,"{""subtype"": ""SP"", ""directed"": true, ""source"": 0, ""target"": 7, ""graph"": [{""u"": 0, ""v"": 3, ""w"": 12}, {""u"": 0, ""v"": 5, ""w"": 2}, {""u"": 1, ""v"": 5, ""w"": 7}, {""u"": 1, ""v"": 7, ""w"": 12}, {""u"": 2, ""v"": 4, ""w"": 11}, {""u"": 2, ""v"": 1, ""w"": 18}, {""u"": 2, ""v"": 7, ""w"": 18}, {""u"": 3, ""v"": 1, ""w"": 10}, {""u"": 3, ""v"": 0, ""w"": 10}, {""u"": 4, ""v"": 6, ""w"": 6}, {""u"": 5, ""v"": 7, ""w"": 1}, {""u"": 5, ""v"": 6, ""w"": 12}, {""u"": 7, ""v"": 4, ""w"": 5}], ""num_vertices"": 8, ""instance_type"": ""adversarial"", ""greedy_answer"": ""Path: 0 -> 1 -> 7, Cost: 4"", ""greedy_succeeds"": false, ""adversarial_pattern"": ""negative_weight"", ""requires_bellman_ford"": true, ""difficulty_numeric"": 15, ""critical_step_index"": 0}",stage1_procedural_generation | w6_seed=2970200807
SP_030,W1,"A logistics system manages 8 delivery points numbered 0 through 7. All routes are one-directional and carry a travel time cost. Available routes: point 0 to point 1 costs 3, point 0 to point 2 costs 5, point 0 to point 3 costs 8, point 0 to point 4 costs 10, point 0 to point 5 costs 10, point 0 to point 6 costs 7, point 1 to point 7 costs 1, point 2 to point 1 costs -3, point 2 to point 7 costs 8, point 3 to point 7 costs 9, point 4 to point 7 costs 8, point 5 to point 7 costs 6, point 6 to point 7 costs 9. What is the fastest route from point 0 to point 7 and what is the total travel time?","Path: 0 -> 2 -> 1 -> 7, Cost: 3",algorithmic,shortest_path,adversarial,hard,high,procedural_seed_3716749750810381874,verify_sp,"{""subtype"":""SP"",""directed"":true,""source"":0,""target"":7,""graph"":[{""u"":0,""v"":1,""w"":3},{""u"":0,""v"":2,""w"":5},{""u"":0,""v"":3,""w"":8},{""u"":0,""v"":4,""w"":10},{""u"":0,""v"":5,""w"":10},{""u"":0,""v"":6,""w"":7},{""u"":1,""v"":7,""w"":1},{""u"":2,""v"":1,""w"":-3},{""u"":2,""v"":7,""w"":8},{""u"":3,""v"":7,""w"":9},{""u"":4,""v"":7,""w"":8},{""u"":5,""v"":7,""w"":6},{""u"":6,""v"":7,""w"":9}],""num_vertices"":8,""instance_type"":""adversarial"",""greedy_answer"":""Path: 0 -> 1 -> 7, Cost: 4"",""greedy_succeeds"":false,""adversarial_pattern"":""negative_weight"",""requires_bellman_ford"":true,""difficulty_numeric"":15,""critical_step_index"":0}",stage1_procedural_generation | manual_w1
SP_030,W2,"Graph edges:
(0 → 1, weight=3)
(0 → 2, weight=5)
(0 → 3, weight=8)
(0 → 4, weight=10)
(0 → 5, weight=10)
(0 → 6, weight=7)
(1 → 7, weight=1)
(2 → 1, weight=-3)
(2 → 7, weight=8)
(3 → 7, weight=9)
(4 → 7, weight=8)
(5 → 7, weight=6)
(6 → 7, weight=9)
Source: 0
Target: 7","Path: 0 -> 2 -> 1 -> 7, Cost: 3",algorithmic,shortest_path,adversarial,hard,high,procedural_seed_3716749750810381874,verify_sp,"{""subtype"":""SP"",""directed"":true,""source"":0,""target"":7,""graph"":[{""u"":0,""v"":1,""w"":3},{""u"":0,""v"":2,""w"":5},{""u"":0,""v"":3,""w"":8},{""u"":0,""v"":4,""w"":10},{""u"":0,""v"":5,""w"":10},{""u"":0,""v"":6,""w"":7},{""u"":1,""v"":7,""w"":1},{""u"":2,""v"":1,""w"":-3},{""u"":2,""v"":7,""w"":8},{""u"":3,""v"":7,""w"":9},{""u"":4,""v"":7,""w"":8},{""u"":5,""v"":7,""w"":6},{""u"":6,""v"":7,""w"":9}],""num_vertices"":8,""instance_type"":""adversarial"",""greedy_answer"":""Path: 0 -> 1 -> 7, Cost: 4"",""greedy_succeeds"":false,""adversarial_pattern"":""negative_weight"",""requires_bellman_ford"":true,""difficulty_numeric"":15,""critical_step_index"":0}",stage1_procedural_generation
SP_030,W3,"A route planner has 8 locations labeled 0 to 7. Roads are one-way and weighted by travel time.

The road network is:
- Node Berlin to Node Hamburg: 3
- Node Berlin to Node Munich: 5
- Node Berlin to Node Cologne: 8
- Node Berlin to Node Frankfurt: 10
- Node Berlin to Node Stuttgart: 10
- Node Berlin to Node Dresden: 7
- Node Hamburg to Node Bremen: 1
- Node Munich to Node Hamburg: -3
- Node Munich to Node Bremen: 8
- Node Cologne to Node Bremen: 9
- Node Frankfurt to Node Bremen: 8
- Node Stuttgart to Node Bremen: 6
- Node Dresden to Node Bremen: 9

What is the shortest path from node Berlin to node Bremen and its total cost?

Reply with only the path and cost.
Format: Path: X -> X -> X, Cost: X","Path: Berlin -> Munich -> Hamburg -> Bremen, Cost: 3",algorithmic,shortest_path,adversarial,hard,high,procedural_seed_3716749750810381874,verify_sp,"{""subtype"":""SP"",""directed"":true,""source"":0,""target"":7,""graph"":[{""u"":0,""v"":1,""w"":3},{""u"":0,""v"":2,""w"":5},{""u"":0,""v"":3,""w"":8},{""u"":0,""v"":4,""w"":10},{""u"":0,""v"":5,""w"":10},{""u"":0,""v"":6,""w"":7},{""u"":1,""v"":7,""w"":1},{""u"":2,""v"":1,""w"":-3},{""u"":2,""v"":7,""w"":8},{""u"":3,""v"":7,""w"":9},{""u"":4,""v"":7,""w"":8},{""u"":5,""v"":7,""w"":6},{""u"":6,""v"":7,""w"":9}],""num_vertices"":8,""instance_type"":""adversarial"",""greedy_answer"":""Path: 0 -> 1 -> 7, Cost: 4"",""greedy_succeeds"":false,""adversarial_pattern"":""negative_weight"",""requires_bellman_ford"":true,""difficulty_numeric"":15,""critical_step_index"":0}","stage1_procedural_generation | {""entity_mapping"": {""0"": ""Berlin"", ""1"": ""Hamburg"", ""2"": ""Munich"", ""3"": ""Cologne"", ""4"": ""Frankfurt"", ""5"": ""Stuttgart"", ""6"": ""Dresden"", ""7"": ""Bremen""}}"
SP_030,W4,"G = (V, E) where V = {0, 1, ..., 7}
E = {(0,1,3), (0,2,5), (0,3,8), (0,4,10), (0,5,10), (0,6,7), (1,7,1), (2,1,-3), (2,7,8), (3,7,9), (4,7,8), (5,7,6), (6,7,9)}
Find: δ(0, 7) = minimum weight path from 0 to 7
OUTPUT FORMAT:
Path: X -> X -> X, Cost: X","Path: 0 -> 2 -> 1 -> 7, Cost: 3",algorithmic,shortest_path,adversarial,hard,high,procedural_seed_3716749750810381874,verify_sp,"{""subtype"":""SP"",""directed"":true,""source"":0,""target"":7,""graph"":[{""u"":0,""v"":1,""w"":3},{""u"":0,""v"":2,""w"":5},{""u"":0,""v"":3,""w"":8},{""u"":0,""v"":4,""w"":10},{""u"":0,""v"":5,""w"":10},{""u"":0,""v"":6,""w"":7},{""u"":1,""v"":7,""w"":1},{""u"":2,""v"":1,""w"":-3},{""u"":2,""v"":7,""w"":8},{""u"":3,""v"":7,""w"":9},{""u"":4,""v"":7,""w"":8},{""u"":5,""v"":7,""w"":6},{""u"":6,""v"":7,""w"":9}],""num_vertices"":8,""instance_type"":""adversarial"",""greedy_answer"":""Path: 0 -> 1 -> 7, Cost: 4"",""greedy_succeeds"":false,""adversarial_pattern"":""negative_weight"",""requires_bellman_ford"":true,""difficulty_numeric"":15,""critical_step_index"":0}",stage1_procedural_generation
SP_030,W5,"A route planner has 8 locations labeled 0 to 7. Roads are one-way and weighted by travel time.

The road network is:
- Node 0 to Node 1: 3
- Node 0 to Node 2: 5
- Node 0 to Node 3: 8
- Node 0 to Node 4: 10
- Node 0 to Node 5: 10
- Node 0 to Node 6: 7
- Node 1 to Node 7: 1
- Node 2 to Node 1: -3
- Node 2 to Node 7: 8
- Node 3 to Node 7: 9
- Node 4 to Node 7: 8
- Node 5 to Node 7: 6
- Node 6 to Node 7: 9

What is the shortest path from node 7 to node 0 and its total cost?

Reply with only the path and cost.
Format: Path: X -> X -> X, Cost: X","Path: 7 -> 1 -> 2 -> 0, Cost: 3",algorithmic,shortest_path,adversarial,hard,high,procedural_seed_3716749750810381874,verify_sp,"{""subtype"": ""SP"", ""directed"": true, ""source"": 7, ""target"": 0, ""graph"": [{""u"": 1, ""v"": 0, ""w"": 3}, {""u"": 2, ""v"": 0, ""w"": 5}, {""u"": 3, ""v"": 0, ""w"": 8}, {""u"": 4, ""v"": 0, ""w"": 10}, {""u"": 5, ""v"": 0, ""w"": 10}, {""u"": 6, ""v"": 0, ""w"": 7}, {""u"": 7, ""v"": 1, ""w"": 1}, {""u"": 1, ""v"": 2, ""w"": -3}, {""u"": 7, ""v"": 2, ""w"": 8}, {""u"": 7, ""v"": 3, ""w"": 9}, {""u"": 7, ""v"": 4, ""w"": 8}, {""u"": 7, ""v"": 5, ""w"": 6}, {""u"": 7, ""v"": 6, ""w"": 9}], ""num_vertices"": 8, ""instance_type"": ""adversarial"", ""greedy_answer"": ""Path: 0 -> 1 -> 7, Cost: 4"", ""greedy_succeeds"": false, ""adversarial_pattern"": ""negative_weight"", ""requires_bellman_ford"": true, ""difficulty_numeric"": 15, ""critical_step_index"": 0}",stage1_procedural_generation
SP_030,W6,"A route-planning task over weighted one-way roads. Edge list and travel times are:

- 0 -> 3: 1
- 0 -> 5: 10
- 1 -> 5: 6
- 2 -> 4: 1
- 2 -> 1: 17
- 3 -> 4: 12
- 3 -> 2: 1
- 4 -> 2: 14
- 4 -> 5: 12
- 4 -> 7: 4
- 6 -> 7: 10
- 6 -> 0: 15
- 7 -> 0: 10

Reply with only the path as a sequence of nodes and the total cost.
Format: Path: X -> X -> X, Cost: X","Path: 0 -> 3 -> 2 -> 4 -> 7, Cost: 7",algorithmic,shortest_path,adversarial,hard,high,procedural_seed_3716749750810381874,verify_sp,"{""subtype"": ""SP"", ""directed"": true, ""source"": 0, ""target"": 7, ""graph"": [{""u"": 0, ""v"": 3, ""w"": 1}, {""u"": 0, ""v"": 5, ""w"": 10}, {""u"": 1, ""v"": 5, ""w"": 6}, {""u"": 2, ""v"": 4, ""w"": 1}, {""u"": 2, ""v"": 1, ""w"": 17}, {""u"": 3, ""v"": 4, ""w"": 12}, {""u"": 3, ""v"": 2, ""w"": 1}, {""u"": 4, ""v"": 2, ""w"": 14}, {""u"": 4, ""v"": 5, ""w"": 12}, {""u"": 4, ""v"": 7, ""w"": 4}, {""u"": 6, ""v"": 7, ""w"": 10}, {""u"": 6, ""v"": 0, ""w"": 15}, {""u"": 7, ""v"": 0, ""w"": 10}], ""num_vertices"": 8, ""instance_type"": ""adversarial"", ""greedy_answer"": ""Path: 0 -> 1 -> 7, Cost: 4"", ""greedy_succeeds"": false, ""adversarial_pattern"": ""negative_weight"", ""requires_bellman_ford"": true, ""difficulty_numeric"": 15, ""critical_step_index"": 0}",stage1_procedural_generation | w6_seed=3297379114
SP_031,W1,"The route planning system contains 9 locations numbered from 0 through 8. All roads allow travel in only one direction and are assigned weights based on travel duration.

Here is the structure of the road connections:
- From Node 0 to Node 1: 9
- From Node 0 to Node 2: 5
- From Node 1 to Node 3: 6
- From Node 2 to Node 4: 20
- From Node 3 to Node 5: 25
- From Node 3 to Node 6: 29
- From Node 3 to Node 7: 25
- From Node 3 to Node 8: 7
- From Node 4 to Node 8: 37

Find the path with minimum total weight connecting node 0 to node 8, along with the sum of weights for that path.

Provide only the path sequence and total weight.
Format: Path: X -> X -> X, Cost: X","Path: 0 -> 1 -> 3 -> 8, Cost: 22",algorithmic,shortest_path,adversarial,hard,high,procedural_seed_554261129206367012,verify_sp,"{""subtype"":""SP"",""directed"":true,""source"":0,""target"":8,""graph"":[{""u"":0,""v"":1,""w"":9},{""u"":0,""v"":2,""w"":5},{""u"":1,""v"":3,""w"":6},{""u"":2,""v"":4,""w"":20},{""u"":3,""v"":5,""w"":25},{""u"":3,""v"":6,""w"":29},{""u"":3,""v"":7,""w"":25},{""u"":3,""v"":8,""w"":7},{""u"":4,""v"":8,""w"":37}],""num_vertices"":9,""instance_type"":""standard"",""greedy_answer"":""Path: 0 -> 2 -> 4 -> 8, Cost: 62"",""greedy_succeeds"":false,""tempting_wrong_first_move"":2,""difficulty_numeric"":14,""critical_step_index"":-1}",stage1_procedural_generation
SP_031,W2,"Graph edges:
(0 → 1, weight=9)
(0 → 2, weight=5)
(1 → 3, weight=6)
(2 → 4, weight=20)
(3 → 5, weight=25)
(3 → 6, weight=29)
(3 → 7, weight=25)
(3 → 8, weight=7)
(4 → 8, weight=37)
Source: 0
Target: 8","Path: 0 -> 1 -> 3 -> 8, Cost: 22",algorithmic,shortest_path,adversarial,hard,high,procedural_seed_554261129206367012,verify_sp,"{""subtype"":""SP"",""directed"":true,""source"":0,""target"":8,""graph"":[{""u"":0,""v"":1,""w"":9},{""u"":0,""v"":2,""w"":5},{""u"":1,""v"":3,""w"":6},{""u"":2,""v"":4,""w"":20},{""u"":3,""v"":5,""w"":25},{""u"":3,""v"":6,""w"":29},{""u"":3,""v"":7,""w"":25},{""u"":3,""v"":8,""w"":7},{""u"":4,""v"":8,""w"":37}],""num_vertices"":9,""instance_type"":""standard"",""greedy_answer"":""Path: 0 -> 2 -> 4 -> 8, Cost: 62"",""greedy_succeeds"":false,""tempting_wrong_first_move"":2,""difficulty_numeric"":14,""critical_step_index"":-1}",stage1_procedural_generation
SP_031,W3,"A route planner has 9 locations labeled 0 to 8. Roads are one-way and weighted by travel time.

The road network is:
- Node Paris to Node Lyon: 9
- Node Paris to Node Marseille: 5
- Node Lyon to Node Nice: 6
- Node Marseille to Node Toulouse: 20
- Node Nice to Node Bordeaux: 25
- Node Nice to Node Nantes: 29
- Node Nice to Node Lille: 25
- Node Nice to Node Strasbourg: 7
- Node Toulouse to Node Strasbourg: 37

What is the shortest path from node Paris to node Strasbourg and its total cost?

Reply with only the path and cost.
Format: Path: X -> X -> X, Cost: X","Path: Paris -> Lyon -> Nice -> Strasbourg, Cost: 22",algorithmic,shortest_path,adversarial,hard,high,procedural_seed_554261129206367012,verify_sp,"{""subtype"":""SP"",""directed"":true,""source"":0,""target"":8,""graph"":[{""u"":0,""v"":1,""w"":9},{""u"":0,""v"":2,""w"":5},{""u"":1,""v"":3,""w"":6},{""u"":2,""v"":4,""w"":20},{""u"":3,""v"":5,""w"":25},{""u"":3,""v"":6,""w"":29},{""u"":3,""v"":7,""w"":25},{""u"":3,""v"":8,""w"":7},{""u"":4,""v"":8,""w"":37}],""num_vertices"":9,""instance_type"":""standard"",""greedy_answer"":""Path: 0 -> 2 -> 4 -> 8, Cost: 62"",""greedy_succeeds"":false,""tempting_wrong_first_move"":2,""difficulty_numeric"":14,""critical_step_index"":-1}","stage1_procedural_generation | {""entity_mapping"": {""0"": ""Paris"", ""1"": ""Lyon"", ""2"": ""Marseille"", ""3"": ""Nice"", ""4"": ""Toulouse"", ""5"": ""Bordeaux"", ""6"": ""Nantes"", ""7"": ""Lille"", ""8"": ""Strasbourg""}}"
SP_031,W4,"G = (V, E) where V = {0, 1, ..., 8}
E = {(0,1,9), (0,2,5), (1,3,6), (2,4,20), (3,5,25), (3,6,29), (3,7,25), (3,8,7), (4,8,37)}
Find: δ(0, 8) = minimum weight path from 0 to 8
OUTPUT FORMAT:
Path: X -> X -> X, Cost: X","Path: 0 -> 1 -> 3 -> 8, Cost: 22",algorithmic,shortest_path,adversarial,hard,high,procedural_seed_554261129206367012,verify_sp,"{""subtype"":""SP"",""directed"":true,""source"":0,""target"":8,""graph"":[{""u"":0,""v"":1,""w"":9},{""u"":0,""v"":2,""w"":5},{""u"":1,""v"":3,""w"":6},{""u"":2,""v"":4,""w"":20},{""u"":3,""v"":5,""w"":25},{""u"":3,""v"":6,""w"":29},{""u"":3,""v"":7,""w"":25},{""u"":3,""v"":8,""w"":7},{""u"":4,""v"":8,""w"":37}],""num_vertices"":9,""instance_type"":""standard"",""greedy_answer"":""Path: 0 -> 2 -> 4 -> 8, Cost: 62"",""greedy_succeeds"":false,""tempting_wrong_first_move"":2,""difficulty_numeric"":14,""critical_step_index"":-1}",stage1_procedural_generation
SP_031,W5,"A route planner has 9 locations labeled 0 to 8. Roads are one-way and weighted by travel time.

The road network is:
- Node 0 to Node 1: 9
- Node 0 to Node 2: 5
- Node 1 to Node 3: 6
- Node 2 to Node 4: 20
- Node 3 to Node 5: 25
- Node 3 to Node 6: 29
- Node 3 to Node 7: 25
- Node 3 to Node 8: 7
- Node 4 to Node 8: 37

What is the shortest path from node 8 to node 0 and its total cost?

Reply with only the path and cost.
Format: Path: X -> X -> X, Cost: X","Path: 8 -> 3 -> 1 -> 0, Cost: 22",algorithmic,shortest_path,adversarial,hard,high,procedural_seed_554261129206367012,verify_sp,"{""subtype"": ""SP"", ""directed"": true, ""source"": 8, ""target"": 0, ""graph"": [{""u"": 1, ""v"": 0, ""w"": 9}, {""u"": 2, ""v"": 0, ""w"": 5}, {""u"": 3, ""v"": 1, ""w"": 6}, {""u"": 4, ""v"": 2, ""w"": 20}, {""u"": 5, ""v"": 3, ""w"": 25}, {""u"": 6, ""v"": 3, ""w"": 29}, {""u"": 7, ""v"": 3, ""w"": 25}, {""u"": 8, ""v"": 3, ""w"": 7}, {""u"": 8, ""v"": 4, ""w"": 37}], ""num_vertices"": 9, ""instance_type"": ""standard"", ""greedy_answer"": ""Path: 0 -> 2 -> 4 -> 8, Cost: 62"", ""greedy_succeeds"": false, ""tempting_wrong_first_move"": 2, ""difficulty_numeric"": 14, ""critical_step_index"": -1}",stage1_procedural_generation
SP_031,W6,"A route-planning task over weighted one-way roads. Edge list and travel times are:

- 0 -> 7: 1
- 1 -> 8: 10
- 2 -> 7: 6
- 3 -> 8: 3
- 4 -> 0: 18
- 4 -> 1: 10
- 7 -> 3: 4
- 8 -> 4: 8
- 8 -> 2: 11

Reply with only the path as a sequence of nodes and the total cost.
Format: Path: X -> X -> X, Cost: X","Path: 0 -> 7 -> 3 -> 8, Cost: 8",algorithmic,shortest_path,adversarial,hard,high,procedural_seed_554261129206367012,verify_sp,"{""subtype"": ""SP"", ""directed"": true, ""source"": 0, ""target"": 8, ""graph"": [{""u"": 0, ""v"": 7, ""w"": 1}, {""u"": 1, ""v"": 8, ""w"": 10}, {""u"": 2, ""v"": 7, ""w"": 6}, {""u"": 3, ""v"": 8, ""w"": 3}, {""u"": 4, ""v"": 0, ""w"": 18}, {""u"": 4, ""v"": 1, ""w"": 10}, {""u"": 7, ""v"": 3, ""w"": 4}, {""u"": 8, ""v"": 4, ""w"": 8}, {""u"": 8, ""v"": 2, ""w"": 11}], ""num_vertices"": 9, ""instance_type"": ""standard"", ""greedy_answer"": ""Path: 0 -> 2 -> 4 -> 8, Cost: 62"", ""greedy_succeeds"": false, ""tempting_wrong_first_move"": 2, ""difficulty_numeric"": 14, ""critical_step_index"": -1}",stage1_procedural_generation | w6_seed=3117573188
SP_032,W1,"A route planner contains 8 locations marked as 0 through 7. The roads allow travel in only one direction and have associated travel times.

The available connections are:
- Node 0 connects to Node 1: 2
- Node 0 connects to Node 4: 5
- Node 1 connects to Node 2: 20
- Node 2 connects to Node 7: 35
- Node 4 connects to Node 3: 25
- Node 4 connects to Node 5: 4
- Node 5 connects to Node 6: 3
- Node 6 connects to Node 7: 8

Determine the path with minimum total time from node 0 to node 7 and what that total time is.

Provide only the path and its cost.
Format: Path: X -> X -> X, Cost: X","Path: 0 -> 4 -> 5 -> 6 -> 7, Cost: 20",algorithmic,shortest_path,adversarial,hard,high,procedural_seed_1574193618881062520,verify_sp,"{""subtype"":""SP"",""directed"":true,""source"":0,""target"":7,""graph"":[{""u"":0,""v"":1,""w"":2},{""u"":0,""v"":4,""w"":5},{""u"":1,""v"":2,""w"":20},{""u"":2,""v"":7,""w"":35},{""u"":4,""v"":3,""w"":25},{""u"":4,""v"":5,""w"":4},{""u"":5,""v"":6,""w"":3},{""u"":6,""v"":7,""w"":8}],""num_vertices"":8,""instance_type"":""standard"",""greedy_answer"":""Path: 0 -> 1 -> 2 -> 7, Cost: 57"",""greedy_succeeds"":false,""tempting_wrong_first_move"":1,""difficulty_numeric"":13,""critical_step_index"":-1}",stage1_procedural_generation
SP_032,W2,"Graph edges:
(0 → 1, weight=2)
(0 → 4, weight=5)
(1 → 2, weight=20)
(2 → 7, weight=35)
(4 → 3, weight=25)
(4 → 5, weight=4)
(5 → 6, weight=3)
(6 → 7, weight=8)
Source: 0
Target: 7","Path: 0 -> 4 -> 5 -> 6 -> 7, Cost: 20",algorithmic,shortest_path,adversarial,hard,high,procedural_seed_1574193618881062520,verify_sp,"{""subtype"":""SP"",""directed"":true,""source"":0,""target"":7,""graph"":[{""u"":0,""v"":1,""w"":2},{""u"":0,""v"":4,""w"":5},{""u"":1,""v"":2,""w"":20},{""u"":2,""v"":7,""w"":35},{""u"":4,""v"":3,""w"":25},{""u"":4,""v"":5,""w"":4},{""u"":5,""v"":6,""w"":3},{""u"":6,""v"":7,""w"":8}],""num_vertices"":8,""instance_type"":""standard"",""greedy_answer"":""Path: 0 -> 1 -> 2 -> 7, Cost: 57"",""greedy_succeeds"":false,""tempting_wrong_first_move"":1,""difficulty_numeric"":13,""critical_step_index"":-1}",stage1_procedural_generation
SP_032,W3,"A route planner has 8 locations labeled 0 to 7. Roads are one-way and weighted by travel time.

The road network is:
- Node London to Node Paris: 2
- Node London to Node Brussels: 5
- Node Paris to Node Lyon: 20
- Node Lyon to Node Berlin: 35
- Node Brussels to Node Manchester: 25
- Node Brussels to Node Amsterdam: 4
- Node Amsterdam to Node Hamburg: 3
- Node Hamburg to Node Berlin: 8

What is the shortest path from node London to node Berlin and its total cost?

Reply with only the path and cost.
Format: Path: X -> X -> X, Cost: X","Path: London -> Brussels -> Amsterdam -> Hamburg -> Berlin, Cost: 20",algorithmic,shortest_path,adversarial,hard,high,procedural_seed_1574193618881062520,verify_sp,"{""subtype"":""SP"",""directed"":true,""source"":0,""target"":7,""graph"":[{""u"":0,""v"":1,""w"":2},{""u"":0,""v"":4,""w"":5},{""u"":1,""v"":2,""w"":20},{""u"":2,""v"":7,""w"":35},{""u"":4,""v"":3,""w"":25},{""u"":4,""v"":5,""w"":4},{""u"":5,""v"":6,""w"":3},{""u"":6,""v"":7,""w"":8}],""num_vertices"":8,""instance_type"":""standard"",""greedy_answer"":""Path: 0 -> 1 -> 2 -> 7, Cost: 57"",""greedy_succeeds"":false,""tempting_wrong_first_move"":1,""difficulty_numeric"":13,""critical_step_index"":-1}","stage1_procedural_generation | {""entity_mapping"": {""0"": ""London"", ""1"": ""Paris"", ""2"": ""Lyon"", ""3"": ""Manchester"", ""4"": ""Brussels"", ""5"": ""Amsterdam"", ""6"": ""Hamburg"", ""7"": ""Berlin""}}"
SP_032,W4,"G = (V, E) where V = {0, 1, ..., 7}
E = {(0,1,2), (0,4,5), (1,2,20), (2,7,35), (4,3,25), (4,5,4), (5,6,3), (6,7,8)}
Find: δ(0, 7) = minimum weight path from 0 to 7
OUTPUT FORMAT:
Path: X -> X -> X, Cost: X","Path: 0 -> 4 -> 5 -> 6 -> 7, Cost: 20",algorithmic,shortest_path,adversarial,hard,high,procedural_seed_1574193618881062520,verify_sp,"{""subtype"":""SP"",""directed"":true,""source"":0,""target"":7,""graph"":[{""u"":0,""v"":1,""w"":2},{""u"":0,""v"":4,""w"":5},{""u"":1,""v"":2,""w"":20},{""u"":2,""v"":7,""w"":35},{""u"":4,""v"":3,""w"":25},{""u"":4,""v"":5,""w"":4},{""u"":5,""v"":6,""w"":3},{""u"":6,""v"":7,""w"":8}],""num_vertices"":8,""instance_type"":""standard"",""greedy_answer"":""Path: 0 -> 1 -> 2 -> 7, Cost: 57"",""greedy_succeeds"":false,""tempting_wrong_first_move"":1,""difficulty_numeric"":13,""critical_step_index"":-1}",stage1_procedural_generation
SP_032,W5,"A route planner has 8 locations labeled 0 to 7. Roads are one-way and weighted by travel time.

The road network is:
- Node 0 to Node 1: 2
- Node 0 to Node 4: 5
- Node 1 to Node 2: 20
- Node 2 to Node 7: 35
- Node 4 to Node 3: 25
- Node 4 to Node 5: 4
- Node 5 to Node 6: 3
- Node 6 to Node 7: 8

What is the shortest path from node 7 to node 0 and its total cost?

Reply with only the path and cost.
Format: Path: X -> X -> X, Cost: X","Path: 7 -> 6 -> 5 -> 4 -> 0, Cost: 20",algorithmic,shortest_path,adversarial,hard,high,procedural_seed_1574193618881062520,verify_sp,"{""subtype"": ""SP"", ""directed"": true, ""source"": 7, ""target"": 0, ""graph"": [{""u"": 1, ""v"": 0, ""w"": 2}, {""u"": 4, ""v"": 0, ""w"": 5}, {""u"": 2, ""v"": 1, ""w"": 20}, {""u"": 7, ""v"": 2, ""w"": 35}, {""u"": 3, ""v"": 4, ""w"": 25}, {""u"": 5, ""v"": 4, ""w"": 4}, {""u"": 6, ""v"": 5, ""w"": 3}, {""u"": 7, ""v"": 6, ""w"": 8}], ""num_vertices"": 8, ""instance_type"": ""standard"", ""greedy_answer"": ""Path: 0 -> 1 -> 2 -> 7, Cost: 57"", ""greedy_succeeds"": false, ""tempting_wrong_first_move"": 1, ""difficulty_numeric"": 13, ""critical_step_index"": -1}",stage1_procedural_generation
SP_032,W6,"A route-planning task over weighted one-way roads. Edge list and travel times are:

- 0 -> 5: 3
- 1 -> 7: 1
- 2 -> 1: 2
- 2 -> 6: 13
- 4 -> 2: 1
- 5 -> 4: 2
- 6 -> 0: 9
- 6 -> 3: 13

Reply with only the path as a sequence of nodes and the total cost.
Format: Path: X -> X -> X, Cost: X","Path: 0 -> 5 -> 4 -> 2 -> 1 -> 7, Cost: 9",algorithmic,shortest_path,adversarial,hard,high,procedural_seed_1574193618881062520,verify_sp,"{""subtype"": ""SP"", ""directed"": true, ""source"": 0, ""target"": 7, ""graph"": [{""u"": 0, ""v"": 5, ""w"": 3}, {""u"": 1, ""v"": 7, ""w"": 1}, {""u"": 2, ""v"": 1, ""w"": 2}, {""u"": 2, ""v"": 6, ""w"": 13}, {""u"": 4, ""v"": 2, ""w"": 1}, {""u"": 5, ""v"": 4, ""w"": 2}, {""u"": 6, ""v"": 0, ""w"": 9}, {""u"": 6, ""v"": 3, ""w"": 13}], ""num_vertices"": 8, ""instance_type"": ""standard"", ""greedy_answer"": ""Path: 0 -> 1 -> 2 -> 7, Cost: 57"", ""greedy_succeeds"": false, ""tempting_wrong_first_move"": 1, ""difficulty_numeric"": 13, ""critical_step_index"": -1}",stage1_procedural_generation | w6_seed=1904712466
SP_033,W1,"A route planner works with 8 locations numbered from 0 to 7. All roads are unidirectional and have travel times as weights.

The available connections are:
- From Node 0 to Node 1: 1
- From Node 0 to Node 5: 0
- From Node 1 to Node 2: 5
- From Node 2 to Node 3: 9
- From Node 3 to Node 4: 4
- From Node 4 to Node 7: 4
- From Node 5 to Node 6: 20
- From Node 6 to Node 7: 38

Find the path with minimum total travel time from node 0 to node 7 and calculate its cost.

Provide only the path and total cost.
Format: Path: X -> X -> X, Cost: X","Path: 0 -> 1 -> 2 -> 3 -> 4 -> 7, Cost: 23",algorithmic,shortest_path,adversarial,hard,high,procedural_seed_5139030176024967466,verify_sp,"{""subtype"":""SP"",""directed"":true,""source"":0,""target"":7,""graph"":[{""u"":0,""v"":1,""w"":1},{""u"":0,""v"":5,""w"":0},{""u"":1,""v"":2,""w"":5},{""u"":2,""v"":3,""w"":9},{""u"":3,""v"":4,""w"":4},{""u"":4,""v"":7,""w"":4},{""u"":5,""v"":6,""w"":20},{""u"":6,""v"":7,""w"":38}],""num_vertices"":8,""instance_type"":""standard"",""greedy_answer"":""Path: 0 -> 5 -> 6 -> 7, Cost: 58"",""greedy_succeeds"":false,""tempting_wrong_first_move"":5,""difficulty_numeric"":13,""critical_step_index"":-1}",stage1_procedural_generation
SP_033,W2,"Graph edges:
(0 → 1, weight=1)
(0 → 5, weight=0)
(1 → 2, weight=5)
(2 → 3, weight=9)
(3 → 4, weight=4)
(4 → 7, weight=4)
(5 → 6, weight=20)
(6 → 7, weight=38)
Source: 0
Target: 7","Path: 0 -> 1 -> 2 -> 3 -> 4 -> 7, Cost: 23",algorithmic,shortest_path,adversarial,hard,high,procedural_seed_5139030176024967466,verify_sp,"{""subtype"":""SP"",""directed"":true,""source"":0,""target"":7,""graph"":[{""u"":0,""v"":1,""w"":1},{""u"":0,""v"":5,""w"":0},{""u"":1,""v"":2,""w"":5},{""u"":2,""v"":3,""w"":9},{""u"":3,""v"":4,""w"":4},{""u"":4,""v"":7,""w"":4},{""u"":5,""v"":6,""w"":20},{""u"":6,""v"":7,""w"":38}],""num_vertices"":8,""instance_type"":""standard"",""greedy_answer"":""Path: 0 -> 5 -> 6 -> 7, Cost: 58"",""greedy_succeeds"":false,""tempting_wrong_first_move"":5,""difficulty_numeric"":13,""critical_step_index"":-1}",stage1_procedural_generation
SP_033,W3,"A route planner has 8 locations labeled 0 to 7. Roads are one-way and weighted by travel time.

The road network is:
- Node Paris to Node Lyon: 1
- Node Paris to Node Bordeaux: 0
- Node Lyon to Node Marseille: 5
- Node Marseille to Node Nice: 9
- Node Nice to Node Monaco: 4
- Node Monaco to Node Montpellier: 4
- Node Bordeaux to Node Toulouse: 20
- Node Toulouse to Node Montpellier: 38

What is the shortest path from node Paris to node Montpellier and its total cost?

Reply with only the path and cost.
Format: Path: X -> X -> X, Cost: X","Path: Paris -> Lyon -> Marseille -> Nice -> Monaco -> Montpellier, Cost: 23",algorithmic,shortest_path,adversarial,hard,high,procedural_seed_5139030176024967466,verify_sp,"{""subtype"":""SP"",""directed"":true,""source"":0,""target"":7,""graph"":[{""u"":0,""v"":1,""w"":1},{""u"":0,""v"":5,""w"":0},{""u"":1,""v"":2,""w"":5},{""u"":2,""v"":3,""w"":9},{""u"":3,""v"":4,""w"":4},{""u"":4,""v"":7,""w"":4},{""u"":5,""v"":6,""w"":20},{""u"":6,""v"":7,""w"":38}],""num_vertices"":8,""instance_type"":""standard"",""greedy_answer"":""Path: 0 -> 5 -> 6 -> 7, Cost: 58"",""greedy_succeeds"":false,""tempting_wrong_first_move"":5,""difficulty_numeric"":13,""critical_step_index"":-1}","stage1_procedural_generation | {""entity_mapping"": {""0"": ""Paris"", ""1"": ""Lyon"", ""2"": ""Marseille"", ""3"": ""Nice"", ""4"": ""Monaco"", ""5"": ""Bordeaux"", ""6"": ""Toulouse"", ""7"": ""Montpellier""}}"
SP_033,W4,"G = (V, E) where V = {0, 1, ..., 7}
E = {(0,1,1), (0,5,0), (1,2,5), (2,3,9), (3,4,4), (4,7,4), (5,6,20), (6,7,38)}
Find: δ(0, 7) = minimum weight path from 0 to 7
OUTPUT FORMAT:
Path: X -> X -> X, Cost: X","Path: 0 -> 1 -> 2 -> 3 -> 4 -> 7, Cost: 23",algorithmic,shortest_path,adversarial,hard,high,procedural_seed_5139030176024967466,verify_sp,"{""subtype"":""SP"",""directed"":true,""source"":0,""target"":7,""graph"":[{""u"":0,""v"":1,""w"":1},{""u"":0,""v"":5,""w"":0},{""u"":1,""v"":2,""w"":5},{""u"":2,""v"":3,""w"":9},{""u"":3,""v"":4,""w"":4},{""u"":4,""v"":7,""w"":4},{""u"":5,""v"":6,""w"":20},{""u"":6,""v"":7,""w"":38}],""num_vertices"":8,""instance_type"":""standard"",""greedy_answer"":""Path: 0 -> 5 -> 6 -> 7, Cost: 58"",""greedy_succeeds"":false,""tempting_wrong_first_move"":5,""difficulty_numeric"":13,""critical_step_index"":-1}",stage1_procedural_generation
SP_033,W5,"A route planner has 8 locations labeled 0 to 7. Roads are one-way and weighted by travel time.

The road network is:
- Node 0 to Node 1: 1
- Node 0 to Node 5: 0
- Node 1 to Node 2: 5
- Node 2 to Node 3: 9
- Node 3 to Node 4: 4
- Node 4 to Node 7: 4
- Node 5 to Node 6: 20
- Node 6 to Node 7: 38

What is the shortest path from node 7 to node 0 and its total cost?

Reply with only the path and cost.
Format: Path: X -> X -> X, Cost: X","Path: 7 -> 4 -> 3 -> 2 -> 1 -> 0, Cost: 23",algorithmic,shortest_path,adversarial,hard,high,procedural_seed_5139030176024967466,verify_sp,"{""subtype"": ""SP"", ""directed"": true, ""source"": 7, ""target"": 0, ""graph"": [{""u"": 1, ""v"": 0, ""w"": 1}, {""u"": 5, ""v"": 0, ""w"": 0}, {""u"": 2, ""v"": 1, ""w"": 5}, {""u"": 3, ""v"": 2, ""w"": 9}, {""u"": 4, ""v"": 3, ""w"": 4}, {""u"": 7, ""v"": 4, ""w"": 4}, {""u"": 6, ""v"": 5, ""w"": 20}, {""u"": 7, ""v"": 6, ""w"": 38}], ""num_vertices"": 8, ""instance_type"": ""standard"", ""greedy_answer"": ""Path: 0 -> 5 -> 6 -> 7, Cost: 58"", ""greedy_succeeds"": false, ""tempting_wrong_first_move"": 5, ""difficulty_numeric"": 13, ""critical_step_index"": -1}",stage1_procedural_generation
SP_033,W6,"A route-planning task over weighted one-way roads. Edge list and travel times are:

- 0 -> 5: 1
- 1 -> 4: 2
- 1 -> 0: 9
- 2 -> 4: 9
- 4 -> 3: 13
- 4 -> 7: 1
- 5 -> 6: 2
- 6 -> 1: 4

Reply with only the path as a sequence of nodes and the total cost.
Format: Path: X -> X -> X, Cost: X","Path: 0 -> 5 -> 6 -> 1 -> 4 -> 7, Cost: 10",algorithmic,shortest_path,adversarial,hard,high,procedural_seed_5139030176024967466,verify_sp,"{""subtype"": ""SP"", ""directed"": true, ""source"": 0, ""target"": 7, ""graph"": [{""u"": 0, ""v"": 5, ""w"": 1}, {""u"": 1, ""v"": 4, ""w"": 2}, {""u"": 1, ""v"": 0, ""w"": 9}, {""u"": 2, ""v"": 4, ""w"": 9}, {""u"": 4, ""v"": 3, ""w"": 13}, {""u"": 4, ""v"": 7, ""w"": 1}, {""u"": 5, ""v"": 6, ""w"": 2}, {""u"": 6, ""v"": 1, ""w"": 4}], ""num_vertices"": 8, ""instance_type"": ""standard"", ""greedy_answer"": ""Path: 0 -> 5 -> 6 -> 7, Cost: 58"", ""greedy_succeeds"": false, ""tempting_wrong_first_move"": 5, ""difficulty_numeric"": 13, ""critical_step_index"": -1}",stage1_procedural_generation | w6_seed=3285007943
SP_034,W1,"A route planning system contains 8 locations numbered from 0 through 7. All roads allow travel in one direction only and have associated travel times.

The available connections are as follows:
- From Node 0 to Node 1: 5
- From Node 0 to Node 3: 6
- From Node 1 to Node 2: 20
- From Node 2 to Node 7: 36
- From Node 3 to Node 4: 8
- From Node 3 to Node 6: 24
- From Node 4 to Node 5: 26
- From Node 4 to Node 7: 7

Find the path with minimum total travel time from node 0 to node 7 and indicate the total time required.

Provide only the route and total time.
Format: Path: X -> X -> X, Cost: X","Path: 0 -> 3 -> 4 -> 7, Cost: 21",algorithmic,shortest_path,adversarial,hard,high,procedural_seed_5745049018188031540,verify_sp,"{""subtype"":""SP"",""directed"":true,""source"":0,""target"":7,""graph"":[{""u"":0,""v"":1,""w"":5},{""u"":0,""v"":3,""w"":6},{""u"":1,""v"":2,""w"":20},{""u"":2,""v"":7,""w"":36},{""u"":3,""v"":4,""w"":8},{""u"":3,""v"":6,""w"":24},{""u"":4,""v"":5,""w"":26},{""u"":4,""v"":7,""w"":7}],""num_vertices"":8,""instance_type"":""standard"",""greedy_answer"":""Path: 0 -> 1 -> 2 -> 7, Cost: 61"",""greedy_succeeds"":false,""tempting_wrong_first_move"":1,""difficulty_numeric"":13,""critical_step_index"":-1}",stage1_procedural_generation
SP_034,W2,"Graph edges:
(0 → 1, weight=5)
(0 → 3, weight=6)
(1 → 2, weight=20)
(2 → 7, weight=36)
(3 → 4, weight=8)
(3 → 6, weight=24)
(4 → 5, weight=26)
(4 → 7, weight=7)
Source: 0
Target: 7","Path: 0 -> 3 -> 4 -> 7, Cost: 21",algorithmic,shortest_path,adversarial,hard,high,procedural_seed_5745049018188031540,verify_sp,"{""subtype"":""SP"",""directed"":true,""source"":0,""target"":7,""graph"":[{""u"":0,""v"":1,""w"":5},{""u"":0,""v"":3,""w"":6},{""u"":1,""v"":2,""w"":20},{""u"":2,""v"":7,""w"":36},{""u"":3,""v"":4,""w"":8},{""u"":3,""v"":6,""w"":24},{""u"":4,""v"":5,""w"":26},{""u"":4,""v"":7,""w"":7}],""num_vertices"":8,""instance_type"":""standard"",""greedy_answer"":""Path: 0 -> 1 -> 2 -> 7, Cost: 61"",""greedy_succeeds"":false,""tempting_wrong_first_move"":1,""difficulty_numeric"":13,""critical_step_index"":-1}",stage1_procedural_generation
SP_034,W3,"A route planner has 8 locations labeled 0 to 7. Roads are one-way and weighted by travel time.

The road network is:
- Node London to Node Oxford: 5
- Node London to Node Bristol: 6
- Node Oxford to Node Cambridge: 20
- Node Cambridge to Node Birmingham: 36
- Node Bristol to Node Bath: 8
- Node Bristol to Node Reading: 24
- Node Bath to Node Cardiff: 26
- Node Bath to Node Birmingham: 7

What is the shortest path from node London to node Birmingham and its total cost?

Reply with only the path and cost.
Format: Path: X -> X -> X, Cost: X","Path: London -> Bristol -> Bath -> Birmingham, Cost: 21",algorithmic,shortest_path,adversarial,hard,high,procedural_seed_5745049018188031540,verify_sp,"{""subtype"":""SP"",""directed"":true,""source"":0,""target"":7,""graph"":[{""u"":0,""v"":1,""w"":5},{""u"":0,""v"":3,""w"":6},{""u"":1,""v"":2,""w"":20},{""u"":2,""v"":7,""w"":36},{""u"":3,""v"":4,""w"":8},{""u"":3,""v"":6,""w"":24},{""u"":4,""v"":5,""w"":26},{""u"":4,""v"":7,""w"":7}],""num_vertices"":8,""instance_type"":""standard"",""greedy_answer"":""Path: 0 -> 1 -> 2 -> 7, Cost: 61"",""greedy_succeeds"":false,""tempting_wrong_first_move"":1,""difficulty_numeric"":13,""critical_step_index"":-1}","stage1_procedural_generation | {""entity_mapping"": {""0"": ""London"", ""1"": ""Oxford"", ""2"": ""Cambridge"", ""3"": ""Bristol"", ""4"": ""Bath"", ""5"": ""Cardiff"", ""6"": ""Reading"", ""7"": ""Birmingham""}}"
SP_034,W4,"G = (V, E) where V = {0, 1, ..., 7}
E = {(0,1,5), (0,3,6), (1,2,20), (2,7,36), (3,4,8), (3,6,24), (4,5,26), (4,7,7)}
Find: δ(0, 7) = minimum weight path from 0 to 7
OUTPUT FORMAT:
Path: X -> X -> X, Cost: X","Path: 0 -> 3 -> 4 -> 7, Cost: 21",algorithmic,shortest_path,adversarial,hard,high,procedural_seed_5745049018188031540,verify_sp,"{""subtype"":""SP"",""directed"":true,""source"":0,""target"":7,""graph"":[{""u"":0,""v"":1,""w"":5},{""u"":0,""v"":3,""w"":6},{""u"":1,""v"":2,""w"":20},{""u"":2,""v"":7,""w"":36},{""u"":3,""v"":4,""w"":8},{""u"":3,""v"":6,""w"":24},{""u"":4,""v"":5,""w"":26},{""u"":4,""v"":7,""w"":7}],""num_vertices"":8,""instance_type"":""standard"",""greedy_answer"":""Path: 0 -> 1 -> 2 -> 7, Cost: 61"",""greedy_succeeds"":false,""tempting_wrong_first_move"":1,""difficulty_numeric"":13,""critical_step_index"":-1}",stage1_procedural_generation
SP_034,W5,"A route planner has 8 locations labeled 0 to 7. Roads are one-way and weighted by travel time.

The road network is:
- Node 0 to Node 1: 5
- Node 0 to Node 3: 6
- Node 1 to Node 2: 20
- Node 2 to Node 7: 36
- Node 3 to Node 4: 8
- Node 3 to Node 6: 24
- Node 4 to Node 5: 26
- Node 4 to Node 7: 7

What is the shortest path from node 7 to node 0 and its total cost?

Reply with only the path and cost.
Format: Path: X -> X -> X, Cost: X","Path: 7 -> 4 -> 3 -> 0, Cost: 21",algorithmic,shortest_path,adversarial,hard,high,procedural_seed_5745049018188031540,verify_sp,"{""subtype"": ""SP"", ""directed"": true, ""source"": 7, ""target"": 0, ""graph"": [{""u"": 1, ""v"": 0, ""w"": 5}, {""u"": 3, ""v"": 0, ""w"": 6}, {""u"": 2, ""v"": 1, ""w"": 20}, {""u"": 7, ""v"": 2, ""w"": 36}, {""u"": 4, ""v"": 3, ""w"": 8}, {""u"": 6, ""v"": 3, ""w"": 24}, {""u"": 5, ""v"": 4, ""w"": 26}, {""u"": 7, ""v"": 4, ""w"": 7}], ""num_vertices"": 8, ""instance_type"": ""standard"", ""greedy_answer"": ""Path: 0 -> 1 -> 2 -> 7, Cost: 61"", ""greedy_succeeds"": false, ""tempting_wrong_first_move"": 1, ""difficulty_numeric"": 13, ""critical_step_index"": -1}",stage1_procedural_generation
SP_034,W6,"A route-planning task over weighted one-way roads. Edge list and travel times are:

- 0 -> 1: 9
- 0 -> 4: 1
- 1 -> 7: 6
- 4 -> 5: 10
- 4 -> 1: 7
- 4 -> 7: 1
- 5 -> 0: 14
- 6 -> 1: 18

Reply with only the path as a sequence of nodes and the total cost.
Format: Path: X -> X -> X, Cost: X","Path: 0 -> 4 -> 7, Cost: 2",algorithmic,shortest_path,adversarial,hard,high,procedural_seed_5745049018188031540,verify_sp,"{""subtype"": ""SP"", ""directed"": true, ""source"": 0, ""target"": 7, ""graph"": [{""u"": 0, ""v"": 1, ""w"": 9}, {""u"": 0, ""v"": 4, ""w"": 1}, {""u"": 1, ""v"": 7, ""w"": 6}, {""u"": 4, ""v"": 5, ""w"": 10}, {""u"": 4, ""v"": 1, ""w"": 7}, {""u"": 4, ""v"": 7, ""w"": 1}, {""u"": 5, ""v"": 0, ""w"": 14}, {""u"": 6, ""v"": 1, ""w"": 18}], ""num_vertices"": 8, ""instance_type"": ""standard"", ""greedy_answer"": ""Path: 0 -> 1 -> 2 -> 7, Cost: 61"", ""greedy_succeeds"": false, ""tempting_wrong_first_move"": 1, ""difficulty_numeric"": 13, ""critical_step_index"": -1}",stage1_procedural_generation | w6_seed=2983064689
SP_035,W1,"A route planner contains 7 locations designated from 0 through 6. Travel is permitted in only one direction on roads, which are assigned travel time weights.

The network of roads consists of:
- Node 0 connects to Node 1: 7
- Node 0 connects to Node 2: 3
- Node 1 connects to Node 4: 8
- Node 1 connects to Node 5: 23
- Node 2 connects to Node 3: 20
- Node 3 connects to Node 6: 34
- Node 4 connects to Node 6: 4

Determine the path with minimum total cost from node 0 to node 6 and what that cost is.

Respond using only the path and its cost.
Format: Path: X -> X -> X, Cost: X","Path: 0 -> 1 -> 4 -> 6, Cost: 19",algorithmic,shortest_path,adversarial,hard,high,procedural_seed_3350335843135701755,verify_sp,"{""subtype"":""SP"",""directed"":true,""source"":0,""target"":6,""graph"":[{""u"":0,""v"":1,""w"":7},{""u"":0,""v"":2,""w"":3},{""u"":1,""v"":4,""w"":8},{""u"":1,""v"":5,""w"":23},{""u"":2,""v"":3,""w"":20},{""u"":3,""v"":6,""w"":34},{""u"":4,""v"":6,""w"":4}],""num_vertices"":7,""instance_type"":""standard"",""greedy_answer"":""Path: 0 -> 2 -> 3 -> 6, Cost: 57"",""greedy_succeeds"":false,""tempting_wrong_first_move"":2,""difficulty_numeric"":12,""critical_step_index"":-1}",stage1_procedural_generation
SP_035,W2,"Graph edges:
(0 → 1, weight=7)
(0 → 2, weight=3)
(1 → 4, weight=8)
(1 → 5, weight=23)
(2 → 3, weight=20)
(3 → 6, weight=34)
(4 → 6, weight=4)
Source: 0
Target: 6","Path: 0 -> 1 -> 4 -> 6, Cost: 19",algorithmic,shortest_path,adversarial,hard,high,procedural_seed_3350335843135701755,verify_sp,"{""subtype"":""SP"",""directed"":true,""source"":0,""target"":6,""graph"":[{""u"":0,""v"":1,""w"":7},{""u"":0,""v"":2,""w"":3},{""u"":1,""v"":4,""w"":8},{""u"":1,""v"":5,""w"":23},{""u"":2,""v"":3,""w"":20},{""u"":3,""v"":6,""w"":34},{""u"":4,""v"":6,""w"":4}],""num_vertices"":7,""instance_type"":""standard"",""greedy_answer"":""Path: 0 -> 2 -> 3 -> 6, Cost: 57"",""greedy_succeeds"":false,""tempting_wrong_first_move"":2,""difficulty_numeric"":12,""critical_step_index"":-1}",stage1_procedural_generation
SP_035,W3,"A route planner has 7 locations labeled 0 to 6. Roads are one-way and weighted by travel time.

The road network is:
- Node London to Node Paris: 7
- Node London to Node Brussels: 3
- Node Paris to Node Lyon: 8
- Node Paris to Node Madrid: 23
- Node Brussels to Node Amsterdam: 20
- Node Amsterdam to Node Milan: 34
- Node Lyon to Node Milan: 4

What is the shortest path from node London to node Milan and its total cost?

Reply with only the path and cost.
Format: Path: X -> X -> X, Cost: X","Path: London -> Paris -> Lyon -> Milan, Cost: 19",algorithmic,shortest_path,adversarial,hard,high,procedural_seed_3350335843135701755,verify_sp,"{""subtype"":""SP"",""directed"":true,""source"":0,""target"":6,""graph"":[{""u"":0,""v"":1,""w"":7},{""u"":0,""v"":2,""w"":3},{""u"":1,""v"":4,""w"":8},{""u"":1,""v"":5,""w"":23},{""u"":2,""v"":3,""w"":20},{""u"":3,""v"":6,""w"":34},{""u"":4,""v"":6,""w"":4}],""num_vertices"":7,""instance_type"":""standard"",""greedy_answer"":""Path: 0 -> 2 -> 3 -> 6, Cost: 57"",""greedy_succeeds"":false,""tempting_wrong_first_move"":2,""difficulty_numeric"":12,""critical_step_index"":-1}","stage1_procedural_generation | {""entity_mapping"": {""0"": ""London"", ""1"": ""Paris"", ""2"": ""Brussels"", ""3"": ""Amsterdam"", ""4"": ""Lyon"", ""5"": ""Madrid"", ""6"": ""Milan""}}"
SP_035,W4,"G = (V, E) where V = {0, 1, ..., 6}
E = {(0,1,7), (0,2,3), (1,4,8), (1,5,23), (2,3,20), (3,6,34), (4,6,4)}
Find: δ(0, 6) = minimum weight path from 0 to 6
OUTPUT FORMAT:
Path: X -> X -> X, Cost: X","Path: 0 -> 1 -> 4 -> 6, Cost: 19",algorithmic,shortest_path,adversarial,hard,high,procedural_seed_3350335843135701755,verify_sp,"{""subtype"":""SP"",""directed"":true,""source"":0,""target"":6,""graph"":[{""u"":0,""v"":1,""w"":7},{""u"":0,""v"":2,""w"":3},{""u"":1,""v"":4,""w"":8},{""u"":1,""v"":5,""w"":23},{""u"":2,""v"":3,""w"":20},{""u"":3,""v"":6,""w"":34},{""u"":4,""v"":6,""w"":4}],""num_vertices"":7,""instance_type"":""standard"",""greedy_answer"":""Path: 0 -> 2 -> 3 -> 6, Cost: 57"",""greedy_succeeds"":false,""tempting_wrong_first_move"":2,""difficulty_numeric"":12,""critical_step_index"":-1}",stage1_procedural_generation
SP_035,W5,"A route planner has 7 locations labeled 0 to 6. Roads are one-way and weighted by travel time.

The road network is:
- Node 0 to Node 1: 7
- Node 0 to Node 2: 3
- Node 1 to Node 4: 8
- Node 1 to Node 5: 23
- Node 2 to Node 3: 20
- Node 3 to Node 6: 34
- Node 4 to Node 6: 4

What is the shortest path from node 6 to node 0 and its total cost?

Reply with only the path and cost.
Format: Path: X -> X -> X, Cost: X","Path: 6 -> 4 -> 1 -> 0, Cost: 19",algorithmic,shortest_path,adversarial,hard,high,procedural_seed_3350335843135701755,verify_sp,"{""subtype"": ""SP"", ""directed"": true, ""source"": 6, ""target"": 0, ""graph"": [{""u"": 1, ""v"": 0, ""w"": 7}, {""u"": 2, ""v"": 0, ""w"": 3}, {""u"": 4, ""v"": 1, ""w"": 8}, {""u"": 5, ""v"": 1, ""w"": 23}, {""u"": 3, ""v"": 2, ""w"": 20}, {""u"": 6, ""v"": 3, ""w"": 34}, {""u"": 6, ""v"": 4, ""w"": 4}], ""num_vertices"": 7, ""instance_type"": ""standard"", ""greedy_answer"": ""Path: 0 -> 2 -> 3 -> 6, Cost: 57"", ""greedy_succeeds"": false, ""tempting_wrong_first_move"": 2, ""difficulty_numeric"": 12, ""critical_step_index"": -1}",stage1_procedural_generation
SP_035,W6,"A route-planning task over weighted one-way roads. Edge list and travel times are:

- 0 -> 1: 4
- 1 -> 2: 3
- 2 -> 4: 16
- 2 -> 6: 4
- 3 -> 1: 11
- 6 -> 5: 11
- 6 -> 1: 14

Reply with only the path as a sequence of nodes and the total cost.
Format: Path: X -> X -> X, Cost: X","Path: 0 -> 1 -> 2 -> 6, Cost: 11",algorithmic,shortest_path,adversarial,hard,high,procedural_seed_3350335843135701755,verify_sp,"{""subtype"": ""SP"", ""directed"": true, ""source"": 0, ""target"": 6, ""graph"": [{""u"": 0, ""v"": 1, ""w"": 4}, {""u"": 1, ""v"": 2, ""w"": 3}, {""u"": 2, ""v"": 4, ""w"": 16}, {""u"": 2, ""v"": 6, ""w"": 4}, {""u"": 3, ""v"": 1, ""w"": 11}, {""u"": 6, ""v"": 5, ""w"": 11}, {""u"": 6, ""v"": 1, ""w"": 14}], ""num_vertices"": 7, ""instance_type"": ""standard"", ""greedy_answer"": ""Path: 0 -> 2 -> 3 -> 6, Cost: 57"", ""greedy_succeeds"": false, ""tempting_wrong_first_move"": 2, ""difficulty_numeric"": 12, ""critical_step_index"": -1}",stage1_procedural_generation | w6_seed=1423278962
SP_036,W1,"There are 8 locations in a route planning system, numbered from 0 to 7. The roads between locations are unidirectional with associated travel times as weights.

The connections in the road network are as follows:
- From Node 0 to Node 1: 5
- From Node 0 to Node 2: 0
- From Node 1 to Node 3: 1
- From Node 2 to Node 5: 20
- From Node 3 to Node 4: 1
- From Node 4 to Node 6: 1
- From Node 5 to Node 7: 27
- From Node 6 to Node 7: 4

Find the path with minimum total cost from node 0 to node 7 and determine its total cost.

Reply with only the path and cost.
Format: Path: X -> X -> X, Cost: X","Path: 0 -> 1 -> 3 -> 4 -> 6 -> 7, Cost: 12",algorithmic,shortest_path,adversarial,hard,high,procedural_seed_1701026370465834313,verify_sp,"{""subtype"":""SP"",""directed"":true,""source"":0,""target"":7,""graph"":[{""u"":0,""v"":1,""w"":5},{""u"":0,""v"":2,""w"":0},{""u"":1,""v"":3,""w"":1},{""u"":2,""v"":5,""w"":20},{""u"":3,""v"":4,""w"":1},{""u"":4,""v"":6,""w"":1},{""u"":5,""v"":7,""w"":27},{""u"":6,""v"":7,""w"":4}],""num_vertices"":8,""instance_type"":""standard"",""greedy_answer"":""Path: 0 -> 2 -> 5 -> 7, Cost: 47"",""greedy_succeeds"":false,""tempting_wrong_first_move"":2,""difficulty_numeric"":13,""critical_step_index"":-1}",stage1_procedural_generation
SP_036,W2,"Graph edges:
(0 → 1, weight=5)
(0 → 2, weight=0)
(1 → 3, weight=1)
(2 → 5, weight=20)
(3 → 4, weight=1)
(4 → 6, weight=1)
(5 → 7, weight=27)
(6 → 7, weight=4)
Source: 0
Target: 7","Path: 0 -> 1 -> 3 -> 4 -> 6 -> 7, Cost: 12",algorithmic,shortest_path,adversarial,hard,high,procedural_seed_1701026370465834313,verify_sp,"{""subtype"":""SP"",""directed"":true,""source"":0,""target"":7,""graph"":[{""u"":0,""v"":1,""w"":5},{""u"":0,""v"":2,""w"":0},{""u"":1,""v"":3,""w"":1},{""u"":2,""v"":5,""w"":20},{""u"":3,""v"":4,""w"":1},{""u"":4,""v"":6,""w"":1},{""u"":5,""v"":7,""w"":27},{""u"":6,""v"":7,""w"":4}],""num_vertices"":8,""instance_type"":""standard"",""greedy_answer"":""Path: 0 -> 2 -> 5 -> 7, Cost: 47"",""greedy_succeeds"":false,""tempting_wrong_first_move"":2,""difficulty_numeric"":13,""critical_step_index"":-1}",stage1_procedural_generation
SP_036,W3,"A route planner has 8 locations labeled 0 to 7. Roads are one-way and weighted by travel time.

The road network is:
- Node London to Node Paris: 5
- Node London to Node Berlin: 0
- Node Paris to Node Rome: 1
- Node Berlin to Node Prague: 20
- Node Rome to Node Vienna: 1
- Node Vienna to Node Zurich: 1
- Node Prague to Node Madrid: 27
- Node Zurich to Node Madrid: 4

What is the shortest path from node London to node Madrid and its total cost?

Reply with only the path and cost.
Format: Path: X -> X -> X, Cost: X","Path: London -> Paris -> Rome -> Vienna -> Zurich -> Madrid, Cost: 12",algorithmic,shortest_path,adversarial,hard,high,procedural_seed_1701026370465834313,verify_sp,"{""subtype"":""SP"",""directed"":true,""source"":0,""target"":7,""graph"":[{""u"":0,""v"":1,""w"":5},{""u"":0,""v"":2,""w"":0},{""u"":1,""v"":3,""w"":1},{""u"":2,""v"":5,""w"":20},{""u"":3,""v"":4,""w"":1},{""u"":4,""v"":6,""w"":1},{""u"":5,""v"":7,""w"":27},{""u"":6,""v"":7,""w"":4}],""num_vertices"":8,""instance_type"":""standard"",""greedy_answer"":""Path: 0 -> 2 -> 5 -> 7, Cost: 47"",""greedy_succeeds"":false,""tempting_wrong_first_move"":2,""difficulty_numeric"":13,""critical_step_index"":-1}","stage1_procedural_generation | {""entity_mapping"": {""0"": ""London"", ""1"": ""Paris"", ""2"": ""Berlin"", ""3"": ""Rome"", ""4"": ""Vienna"", ""5"": ""Prague"", ""6"": ""Zurich"", ""7"": ""Madrid""}}"
SP_036,W4,"G = (V, E) where V = {0, 1, ..., 7}
E = {(0,1,5), (0,2,0), (1,3,1), (2,5,20), (3,4,1), (4,6,1), (5,7,27), (6,7,4)}
Find: δ(0, 7) = minimum weight path from 0 to 7
OUTPUT FORMAT:
Path: X -> X -> X, Cost: X","Path: 0 -> 1 -> 3 -> 4 -> 6 -> 7, Cost: 12",algorithmic,shortest_path,adversarial,hard,high,procedural_seed_1701026370465834313,verify_sp,"{""subtype"":""SP"",""directed"":true,""source"":0,""target"":7,""graph"":[{""u"":0,""v"":1,""w"":5},{""u"":0,""v"":2,""w"":0},{""u"":1,""v"":3,""w"":1},{""u"":2,""v"":5,""w"":20},{""u"":3,""v"":4,""w"":1},{""u"":4,""v"":6,""w"":1},{""u"":5,""v"":7,""w"":27},{""u"":6,""v"":7,""w"":4}],""num_vertices"":8,""instance_type"":""standard"",""greedy_answer"":""Path: 0 -> 2 -> 5 -> 7, Cost: 47"",""greedy_succeeds"":false,""tempting_wrong_first_move"":2,""difficulty_numeric"":13,""critical_step_index"":-1}",stage1_procedural_generation
SP_036,W5,"A route planner has 8 locations labeled 0 to 7. Roads are one-way and weighted by travel time.

The road network is:
- Node 0 to Node 1: 5
- Node 0 to Node 2: 0
- Node 1 to Node 3: 1
- Node 2 to Node 5: 20
- Node 3 to Node 4: 1
- Node 4 to Node 6: 1
- Node 5 to Node 7: 27
- Node 6 to Node 7: 4

What is the shortest path from node 7 to node 0 and its total cost?

Reply with only the path and cost.
Format: Path: X -> X -> X, Cost: X","Path: 7 -> 6 -> 4 -> 3 -> 1 -> 0, Cost: 12",algorithmic,shortest_path,adversarial,hard,high,procedural_seed_1701026370465834313,verify_sp,"{""subtype"": ""SP"", ""directed"": true, ""source"": 7, ""target"": 0, ""graph"": [{""u"": 1, ""v"": 0, ""w"": 5}, {""u"": 2, ""v"": 0, ""w"": 0}, {""u"": 3, ""v"": 1, ""w"": 1}, {""u"": 5, ""v"": 2, ""w"": 20}, {""u"": 4, ""v"": 3, ""w"": 1}, {""u"": 6, ""v"": 4, ""w"": 1}, {""u"": 7, ""v"": 5, ""w"": 27}, {""u"": 7, ""v"": 6, ""w"": 4}], ""num_vertices"": 8, ""instance_type"": ""standard"", ""greedy_answer"": ""Path: 0 -> 2 -> 5 -> 7, Cost: 47"", ""greedy_succeeds"": false, ""tempting_wrong_first_move"": 2, ""difficulty_numeric"": 13, ""critical_step_index"": -1}",stage1_procedural_generation
SP_036,W6,"A route-planning task over weighted one-way roads. Edge list and travel times are:

- 0 -> 3: 2
- 2 -> 5: 5
- 3 -> 4: 18
- 3 -> 7: 4
- 3 -> 0: 17
- 6 -> 2: 14
- 6 -> 5: 6
- 7 -> 6: 7

Reply with only the path as a sequence of nodes and the total cost.
Format: Path: X -> X -> X, Cost: X","Path: 0 -> 3 -> 7, Cost: 6",algorithmic,shortest_path,adversarial,hard,high,procedural_seed_1701026370465834313,verify_sp,"{""subtype"": ""SP"", ""directed"": true, ""source"": 0, ""target"": 7, ""graph"": [{""u"": 0, ""v"": 3, ""w"": 2}, {""u"": 2, ""v"": 5, ""w"": 5}, {""u"": 3, ""v"": 4, ""w"": 18}, {""u"": 3, ""v"": 7, ""w"": 4}, {""u"": 3, ""v"": 0, ""w"": 17}, {""u"": 6, ""v"": 2, ""w"": 14}, {""u"": 6, ""v"": 5, ""w"": 6}, {""u"": 7, ""v"": 6, ""w"": 7}], ""num_vertices"": 8, ""instance_type"": ""standard"", ""greedy_answer"": ""Path: 0 -> 2 -> 5 -> 7, Cost: 47"", ""greedy_succeeds"": false, ""tempting_wrong_first_move"": 2, ""difficulty_numeric"": 13, ""critical_step_index"": -1}",stage1_procedural_generation | w6_seed=1777654317
SP_037,W1,"There is a route planner with 7 locations numbered from 0 through 6. The roads connect in one direction only and have weights representing travel time.

The connections between nodes are as follows:
- From Node 0 to Node 1: 1
- From Node 0 to Node 3: 4
- From Node 0 to Node 5: 12
- From Node 1 to Node 2: 1
- From Node 1 to Node 4: 14
- From Node 2 to Node 4: 12
- From Node 2 to Node 6: 24
- From Node 3 to Node 2: 11
- From Node 3 to Node 4: 4
- From Node 4 to Node 6: 4
- From Node 5 to Node 6: 9

Find the path with minimum total cost from node 0 to node 6 and provide its total cost.

Only provide the path and cost in response.
Format: Path: X -> X -> X, Cost: X","Path: 0 -> 3 -> 4 -> 6, Cost: 12",algorithmic,shortest_path,standard,hard,high,procedural_seed_11324365107914742565,verify_sp,"{""subtype"":""SP"",""directed"":true,""source"":0,""target"":6,""graph"":[{""u"":0,""v"":1,""w"":1},{""u"":0,""v"":3,""w"":4},{""u"":0,""v"":5,""w"":12},{""u"":1,""v"":2,""w"":1},{""u"":1,""v"":4,""w"":14},{""u"":2,""v"":4,""w"":12},{""u"":2,""v"":6,""w"":24},{""u"":3,""v"":2,""w"":11},{""u"":3,""v"":4,""w"":4},{""u"":4,""v"":6,""w"":4},{""u"":5,""v"":6,""w"":9}],""num_vertices"":7,""instance_type"":""adversarial"",""greedy_answer"":""Path: 0 -> 1 -> 2 -> 4 -> 6, Cost: 18"",""greedy_succeeds"":false,""adversarial_pattern"":""trap"",""difficulty_numeric"":15,""critical_step_index"":0}",stage1_procedural_generation
SP_037,W2,"Graph edges:
(0 → 1, weight=1)
(0 → 3, weight=4)
(0 → 5, weight=12)
(1 → 2, weight=1)
(1 → 4, weight=14)
(2 → 4, weight=12)
(2 → 6, weight=24)
(3 → 2, weight=11)
(3 → 4, weight=4)
(4 → 6, weight=4)
(5 → 6, weight=9)
Source: 0
Target: 6","Path: 0 -> 3 -> 4 -> 6, Cost: 12",algorithmic,shortest_path,standard,hard,high,procedural_seed_11324365107914742565,verify_sp,"{""subtype"":""SP"",""directed"":true,""source"":0,""target"":6,""graph"":[{""u"":0,""v"":1,""w"":1},{""u"":0,""v"":3,""w"":4},{""u"":0,""v"":5,""w"":12},{""u"":1,""v"":2,""w"":1},{""u"":1,""v"":4,""w"":14},{""u"":2,""v"":4,""w"":12},{""u"":2,""v"":6,""w"":24},{""u"":3,""v"":2,""w"":11},{""u"":3,""v"":4,""w"":4},{""u"":4,""v"":6,""w"":4},{""u"":5,""v"":6,""w"":9}],""num_vertices"":7,""instance_type"":""adversarial"",""greedy_answer"":""Path: 0 -> 1 -> 2 -> 4 -> 6, Cost: 18"",""greedy_succeeds"":false,""adversarial_pattern"":""trap"",""difficulty_numeric"":15,""critical_step_index"":0}",stage1_procedural_generation
SP_037,W3,"A route planner has 7 locations labeled 0 to 6. Roads are one-way and weighted by travel time.

The road network is:
- Node Madrid to Node Toledo: 1
- Node Madrid to Node Avila: 4
- Node Madrid to Node Zamora: 12
- Node Toledo to Node Segovia: 1
- Node Toledo to Node Salamanca: 14
- Node Segovia to Node Salamanca: 12
- Node Segovia to Node Leon: 24
- Node Avila to Node Segovia: 11
- Node Avila to Node Salamanca: 4
- Node Salamanca to Node Leon: 4
- Node Zamora to Node Leon: 9

What is the shortest path from node Madrid to node Leon and its total cost?

Reply with only the path and cost.
Format: Path: X -> X -> X, Cost: X","Path: Madrid -> Avila -> Salamanca -> Leon, Cost: 12",algorithmic,shortest_path,standard,hard,high,procedural_seed_11324365107914742565,verify_sp,"{""subtype"":""SP"",""directed"":true,""source"":0,""target"":6,""graph"":[{""u"":0,""v"":1,""w"":1},{""u"":0,""v"":3,""w"":4},{""u"":0,""v"":5,""w"":12},{""u"":1,""v"":2,""w"":1},{""u"":1,""v"":4,""w"":14},{""u"":2,""v"":4,""w"":12},{""u"":2,""v"":6,""w"":24},{""u"":3,""v"":2,""w"":11},{""u"":3,""v"":4,""w"":4},{""u"":4,""v"":6,""w"":4},{""u"":5,""v"":6,""w"":9}],""num_vertices"":7,""instance_type"":""adversarial"",""greedy_answer"":""Path: 0 -> 1 -> 2 -> 4 -> 6, Cost: 18"",""greedy_succeeds"":false,""adversarial_pattern"":""trap"",""difficulty_numeric"":15,""critical_step_index"":0}","stage1_procedural_generation | {""entity_mapping"": {""0"": ""Madrid"", ""1"": ""Toledo"", ""2"": ""Segovia"", ""3"": ""Avila"", ""4"": ""Salamanca"", ""5"": ""Zamora"", ""6"": ""Leon""}}"
SP_037,W4,"G = (V, E) where V = {0, 1, ..., 6}
E = {(0,1,1), (0,3,4), (0,5,12), (1,2,1), (1,4,14), (2,4,12), (2,6,24), (3,2,11), (3,4,4), (4,6,4), (5,6,9)}
Find: δ(0, 6) = minimum weight path from 0 to 6
OUTPUT FORMAT:
Path: X -> X -> X, Cost: X","Path: 0 -> 3 -> 4 -> 6, Cost: 12",algorithmic,shortest_path,standard,hard,high,procedural_seed_11324365107914742565,verify_sp,"{""subtype"":""SP"",""directed"":true,""source"":0,""target"":6,""graph"":[{""u"":0,""v"":1,""w"":1},{""u"":0,""v"":3,""w"":4},{""u"":0,""v"":5,""w"":12},{""u"":1,""v"":2,""w"":1},{""u"":1,""v"":4,""w"":14},{""u"":2,""v"":4,""w"":12},{""u"":2,""v"":6,""w"":24},{""u"":3,""v"":2,""w"":11},{""u"":3,""v"":4,""w"":4},{""u"":4,""v"":6,""w"":4},{""u"":5,""v"":6,""w"":9}],""num_vertices"":7,""instance_type"":""adversarial"",""greedy_answer"":""Path: 0 -> 1 -> 2 -> 4 -> 6, Cost: 18"",""greedy_succeeds"":false,""adversarial_pattern"":""trap"",""difficulty_numeric"":15,""critical_step_index"":0}",stage1_procedural_generation
SP_037,W5,"A route planner has 7 locations labeled 0 to 6. Roads are one-way and weighted by travel time.

The road network is:
- Node 0 to Node 1: 1
- Node 0 to Node 3: 4
- Node 0 to Node 5: 12
- Node 1 to Node 2: 1
- Node 1 to Node 4: 14
- Node 2 to Node 4: 12
- Node 2 to Node 6: 24
- Node 3 to Node 2: 11
- Node 3 to Node 4: 4
- Node 4 to Node 6: 4
- Node 5 to Node 6: 9

What is the shortest path from node 6 to node 0 and its total cost?

Reply with only the path and cost.
Format: Path: X -> X -> X, Cost: X","Path: 6 -> 4 -> 3 -> 0, Cost: 12",algorithmic,shortest_path,standard,hard,high,procedural_seed_11324365107914742565,verify_sp,"{""subtype"": ""SP"", ""directed"": true, ""source"": 6, ""target"": 0, ""graph"": [{""u"": 1, ""v"": 0, ""w"": 1}, {""u"": 3, ""v"": 0, ""w"": 4}, {""u"": 5, ""v"": 0, ""w"": 12}, {""u"": 2, ""v"": 1, ""w"": 1}, {""u"": 4, ""v"": 1, ""w"": 14}, {""u"": 4, ""v"": 2, ""w"": 12}, {""u"": 6, ""v"": 2, ""w"": 24}, {""u"": 2, ""v"": 3, ""w"": 11}, {""u"": 4, ""v"": 3, ""w"": 4}, {""u"": 6, ""v"": 4, ""w"": 4}, {""u"": 6, ""v"": 5, ""w"": 9}], ""num_vertices"": 7, ""instance_type"": ""adversarial"", ""greedy_answer"": ""Path: 0 -> 1 -> 2 -> 4 -> 6, Cost: 18"", ""greedy_succeeds"": false, ""adversarial_pattern"": ""trap"", ""difficulty_numeric"": 15, ""critical_step_index"": 0}",stage1_procedural_generation
SP_037,W6,"A route-planning task over weighted one-way roads. Edge list and travel times are:

- 0 -> 4: 3
- 0 -> 2: 11
- 1 -> 6: 14
- 1 -> 3: 1
- 2 -> 3: 5
- 2 -> 6: 3
- 3 -> 2: 2
- 4 -> 1: 1
- 5 -> 1: 13
- 5 -> 2: 12
- 6 -> 3: 18

Reply with only the path as a sequence of nodes and the total cost.
Format: Path: X -> X -> X, Cost: X","Path: 0 -> 4 -> 1 -> 3 -> 2 -> 6, Cost: 10",algorithmic,shortest_path,standard,hard,high,procedural_seed_11324365107914742565,verify_sp,"{""subtype"": ""SP"", ""directed"": true, ""source"": 0, ""target"": 6, ""graph"": [{""u"": 0, ""v"": 4, ""w"": 3}, {""u"": 0, ""v"": 2, ""w"": 11}, {""u"": 1, ""v"": 6, ""w"": 14}, {""u"": 1, ""v"": 3, ""w"": 1}, {""u"": 2, ""v"": 3, ""w"": 5}, {""u"": 2, ""v"": 6, ""w"": 3}, {""u"": 3, ""v"": 2, ""w"": 2}, {""u"": 4, ""v"": 1, ""w"": 1}, {""u"": 5, ""v"": 1, ""w"": 13}, {""u"": 5, ""v"": 2, ""w"": 12}, {""u"": 6, ""v"": 3, ""w"": 18}], ""num_vertices"": 7, ""instance_type"": ""adversarial"", ""greedy_answer"": ""Path: 0 -> 1 -> 2 -> 4 -> 6, Cost: 18"", ""greedy_succeeds"": false, ""adversarial_pattern"": ""trap"", ""difficulty_numeric"": 15, ""critical_step_index"": 0}",stage1_procedural_generation | w6_seed=1713121515
SP_038,W1,"A route planner contains 9 locations designated 0 through 8. All roads are unidirectional and have associated travel times.

The available connections are:
- Node 0 connects to Node 1: 1
- Node 0 connects to Node 3: 4
- Node 0 connects to Node 5: 10
- Node 0 connects to Node 6: 12
- Node 0 connects to Node 7: 8
- Node 1 connects to Node 2: 1
- Node 1 connects to Node 4: 14
- Node 2 connects to Node 4: 12
- Node 2 connects to Node 8: 24
- Node 3 connects to Node 2: 11
- Node 3 connects to Node 4: 4
- Node 4 connects to Node 8: 4
- Node 5 connects to Node 8: 11
- Node 6 connects to Node 8: 8
- Node 7 connects to Node 8: 12

Find the path with minimum total cost from node 0 to node 8.

Provide only the path and its cost.
Format: Path: X -> X -> X, Cost: X","Path: 0 -> 3 -> 4 -> 8, Cost: 12",algorithmic,shortest_path,adversarial,hard,high,procedural_seed_12756934032902703175,verify_sp,"{""subtype"":""SP"",""directed"":true,""source"":0,""target"":8,""graph"":[{""u"":0,""v"":1,""w"":1},{""u"":0,""v"":3,""w"":4},{""u"":0,""v"":5,""w"":10},{""u"":0,""v"":6,""w"":12},{""u"":0,""v"":7,""w"":8},{""u"":1,""v"":2,""w"":1},{""u"":1,""v"":4,""w"":14},{""u"":2,""v"":4,""w"":12},{""u"":2,""v"":8,""w"":24},{""u"":3,""v"":2,""w"":11},{""u"":3,""v"":4,""w"":4},{""u"":4,""v"":8,""w"":4},{""u"":5,""v"":8,""w"":11},{""u"":6,""v"":8,""w"":8},{""u"":7,""v"":8,""w"":12}],""num_vertices"":9,""instance_type"":""adversarial"",""greedy_answer"":""Path: 0 -> 1 -> 2 -> 4 -> 8, Cost: 18"",""greedy_succeeds"":false,""adversarial_pattern"":""trap"",""difficulty_numeric"":15,""critical_step_index"":0}",stage1_procedural_generation
SP_038,W2,"Graph edges:
(0 → 1, weight=1)
(0 → 3, weight=4)
(0 → 5, weight=10)
(0 → 6, weight=12)
(0 → 7, weight=8)
(1 → 2, weight=1)
(1 → 4, weight=14)
(2 → 4, weight=12)
(2 → 8, weight=24)
(3 → 2, weight=11)
(3 → 4, weight=4)
(4 → 8, weight=4)
(5 → 8, weight=11)
(6 → 8, weight=8)
(7 → 8, weight=12)
Source: 0
Target: 8","Path: 0 -> 3 -> 4 -> 8, Cost: 12",algorithmic,shortest_path,adversarial,hard,high,procedural_seed_12756934032902703175,verify_sp,"{""subtype"":""SP"",""directed"":true,""source"":0,""target"":8,""graph"":[{""u"":0,""v"":1,""w"":1},{""u"":0,""v"":3,""w"":4},{""u"":0,""v"":5,""w"":10},{""u"":0,""v"":6,""w"":12},{""u"":0,""v"":7,""w"":8},{""u"":1,""v"":2,""w"":1},{""u"":1,""v"":4,""w"":14},{""u"":2,""v"":4,""w"":12},{""u"":2,""v"":8,""w"":24},{""u"":3,""v"":2,""w"":11},{""u"":3,""v"":4,""w"":4},{""u"":4,""v"":8,""w"":4},{""u"":5,""v"":8,""w"":11},{""u"":6,""v"":8,""w"":8},{""u"":7,""v"":8,""w"":12}],""num_vertices"":9,""instance_type"":""adversarial"",""greedy_answer"":""Path: 0 -> 1 -> 2 -> 4 -> 8, Cost: 18"",""greedy_succeeds"":false,""adversarial_pattern"":""trap"",""difficulty_numeric"":15,""critical_step_index"":0}",stage1_procedural_generation
SP_038,W3,"A route planner has 9 locations labeled 0 to 8. Roads are one-way and weighted by travel time.

The road network is:
- Node Berlin to Node Dresden: 1
- Node Berlin to Node Munich: 4
- Node Berlin to Node Hamburg: 10
- Node Berlin to Node Frankfurt: 12
- Node Berlin to Node Cologne: 8
- Node Dresden to Node Prague: 1
- Node Dresden to Node Vienna: 14
- Node Prague to Node Vienna: 12
- Node Prague to Node Budapest: 24
- Node Munich to Node Prague: 11
- Node Munich to Node Vienna: 4
- Node Vienna to Node Budapest: 4
- Node Hamburg to Node Budapest: 11
- Node Frankfurt to Node Budapest: 8
- Node Cologne to Node Budapest: 12

What is the shortest path from node Berlin to node Budapest and its total cost?

Reply with only the path and cost.
Format: Path: X -> X -> X, Cost: X","Path: Berlin -> Munich -> Vienna -> Budapest, Cost: 12",algorithmic,shortest_path,adversarial,hard,high,procedural_seed_12756934032902703175,verify_sp,"{""subtype"":""SP"",""directed"":true,""source"":0,""target"":8,""graph"":[{""u"":0,""v"":1,""w"":1},{""u"":0,""v"":3,""w"":4},{""u"":0,""v"":5,""w"":10},{""u"":0,""v"":6,""w"":12},{""u"":0,""v"":7,""w"":8},{""u"":1,""v"":2,""w"":1},{""u"":1,""v"":4,""w"":14},{""u"":2,""v"":4,""w"":12},{""u"":2,""v"":8,""w"":24},{""u"":3,""v"":2,""w"":11},{""u"":3,""v"":4,""w"":4},{""u"":4,""v"":8,""w"":4},{""u"":5,""v"":8,""w"":11},{""u"":6,""v"":8,""w"":8},{""u"":7,""v"":8,""w"":12}],""num_vertices"":9,""instance_type"":""adversarial"",""greedy_answer"":""Path: 0 -> 1 -> 2 -> 4 -> 8, Cost: 18"",""greedy_succeeds"":false,""adversarial_pattern"":""trap"",""difficulty_numeric"":15,""critical_step_index"":0}","stage1_procedural_generation | {""entity_mapping"": {""0"": ""Berlin"", ""1"": ""Dresden"", ""2"": ""Prague"", ""3"": ""Munich"", ""4"": ""Vienna"", ""5"": ""Hamburg"", ""6"": ""Frankfurt"", ""7"": ""Cologne"", ""8"": ""Budapest""}}"
SP_038,W4,"G = (V, E) where V = {0, 1, ..., 8}
E = {(0,1,1), (0,3,4), (0,5,10), (0,6,12), (0,7,8), (1,2,1), (1,4,14), (2,4,12), (2,8,24), (3,2,11), (3,4,4), (4,8,4), (5,8,11), (6,8,8), (7,8,12)}
Find: δ(0, 8) = minimum weight path from 0 to 8
OUTPUT FORMAT:
Path: X -> X -> X, Cost: X","Path: 0 -> 3 -> 4 -> 8, Cost: 12",algorithmic,shortest_path,adversarial,hard,high,procedural_seed_12756934032902703175,verify_sp,"{""subtype"":""SP"",""directed"":true,""source"":0,""target"":8,""graph"":[{""u"":0,""v"":1,""w"":1},{""u"":0,""v"":3,""w"":4},{""u"":0,""v"":5,""w"":10},{""u"":0,""v"":6,""w"":12},{""u"":0,""v"":7,""w"":8},{""u"":1,""v"":2,""w"":1},{""u"":1,""v"":4,""w"":14},{""u"":2,""v"":4,""w"":12},{""u"":2,""v"":8,""w"":24},{""u"":3,""v"":2,""w"":11},{""u"":3,""v"":4,""w"":4},{""u"":4,""v"":8,""w"":4},{""u"":5,""v"":8,""w"":11},{""u"":6,""v"":8,""w"":8},{""u"":7,""v"":8,""w"":12}],""num_vertices"":9,""instance_type"":""adversarial"",""greedy_answer"":""Path: 0 -> 1 -> 2 -> 4 -> 8, Cost: 18"",""greedy_succeeds"":false,""adversarial_pattern"":""trap"",""difficulty_numeric"":15,""critical_step_index"":0}",stage1_procedural_generation
SP_038,W5,"A route planner has 9 locations labeled 0 to 8. Roads are one-way and weighted by travel time.

The road network is:
- Node 0 to Node 1: 1
- Node 0 to Node 3: 4
- Node 0 to Node 5: 10
- Node 0 to Node 6: 12
- Node 0 to Node 7: 8
- Node 1 to Node 2: 1
- Node 1 to Node 4: 14
- Node 2 to Node 4: 12
- Node 2 to Node 8: 24
- Node 3 to Node 2: 11
- Node 3 to Node 4: 4
- Node 4 to Node 8: 4
- Node 5 to Node 8: 11
- Node 6 to Node 8: 8
- Node 7 to Node 8: 12

What is the shortest path from node 8 to node 0 and its total cost?

Reply with only the path and cost.
Format: Path: X -> X -> X, Cost: X","Path: 8 -> 4 -> 3 -> 0, Cost: 12",algorithmic,shortest_path,adversarial,hard,high,procedural_seed_12756934032902703175,verify_sp,"{""subtype"": ""SP"", ""directed"": true, ""source"": 8, ""target"": 0, ""graph"": [{""u"": 1, ""v"": 0, ""w"": 1}, {""u"": 3, ""v"": 0, ""w"": 4}, {""u"": 5, ""v"": 0, ""w"": 10}, {""u"": 6, ""v"": 0, ""w"": 12}, {""u"": 7, ""v"": 0, ""w"": 8}, {""u"": 2, ""v"": 1, ""w"": 1}, {""u"": 4, ""v"": 1, ""w"": 14}, {""u"": 4, ""v"": 2, ""w"": 12}, {""u"": 8, ""v"": 2, ""w"": 24}, {""u"": 2, ""v"": 3, ""w"": 11}, {""u"": 4, ""v"": 3, ""w"": 4}, {""u"": 8, ""v"": 4, ""w"": 4}, {""u"": 8, ""v"": 5, ""w"": 11}, {""u"": 8, ""v"": 6, ""w"": 8}, {""u"": 8, ""v"": 7, ""w"": 12}], ""num_vertices"": 9, ""instance_type"": ""adversarial"", ""greedy_answer"": ""Path: 0 -> 1 -> 2 -> 4 -> 8, Cost: 18"", ""greedy_succeeds"": false, ""adversarial_pattern"": ""trap"", ""difficulty_numeric"": 15, ""critical_step_index"": 0}",stage1_procedural_generation
SP_038,W6,"A route-planning task over weighted one-way roads. Edge list and travel times are:

- 0 -> 5: 2
- 1 -> 8: 2
- 1 -> 0: 13
- 3 -> 8: 10
- 3 -> 1: 2
- 5 -> 4: 15
- 5 -> 1: 15
- 5 -> 6: 14
- 5 -> 3: 3
- 6 -> 0: 5
- 6 -> 8: 5
- 6 -> 4: 17
- 7 -> 6: 6
- 8 -> 0: 10
- 8 -> 6: 14

Reply with only the path as a sequence of nodes and the total cost.
Format: Path: X -> X -> X, Cost: X","Path: 0 -> 5 -> 3 -> 1 -> 8, Cost: 9",algorithmic,shortest_path,adversarial,hard,high,procedural_seed_12756934032902703175,verify_sp,"{""subtype"": ""SP"", ""directed"": true, ""source"": 0, ""target"": 8, ""graph"": [{""u"": 0, ""v"": 5, ""w"": 2}, {""u"": 1, ""v"": 8, ""w"": 2}, {""u"": 1, ""v"": 0, ""w"": 13}, {""u"": 3, ""v"": 8, ""w"": 10}, {""u"": 3, ""v"": 1, ""w"": 2}, {""u"": 5, ""v"": 4, ""w"": 15}, {""u"": 5, ""v"": 1, ""w"": 15}, {""u"": 5, ""v"": 6, ""w"": 14}, {""u"": 5, ""v"": 3, ""w"": 3}, {""u"": 6, ""v"": 0, ""w"": 5}, {""u"": 6, ""v"": 8, ""w"": 5}, {""u"": 6, ""v"": 4, ""w"": 17}, {""u"": 7, ""v"": 6, ""w"": 6}, {""u"": 8, ""v"": 0, ""w"": 10}, {""u"": 8, ""v"": 6, ""w"": 14}], ""num_vertices"": 9, ""instance_type"": ""adversarial"", ""greedy_answer"": ""Path: 0 -> 1 -> 2 -> 4 -> 8, Cost: 18"", ""greedy_succeeds"": false, ""adversarial_pattern"": ""trap"", ""difficulty_numeric"": 15, ""critical_step_index"": 0}",stage1_procedural_generation | w6_seed=122868572
SP_039,W1,"There are 9 locations in a route planning system, numbered from 0 through 8. The roads between locations are one-directional and have associated travel times.

The connections and their travel times are as follows:
- From Node 0 to Node 1: 1
- From Node 0 to Node 3: 4
- From Node 0 to Node 5: 8
- From Node 0 to Node 6: 11
- From Node 0 to Node 7: 9
- From Node 1 to Node 2: 1
- From Node 1 to Node 4: 14
- From Node 2 to Node 4: 12
- From Node 2 to Node 8: 24
- From Node 3 to Node 2: 11
- From Node 3 to Node 4: 4
- From Node 4 to Node 8: 4
- From Node 5 to Node 8: 11
- From Node 6 to Node 8: 8
- From Node 7 to Node 8: 12

Find the path with minimum total travel time from node 0 to node 8 and provide the total cost.

Reply with only the path and cost.
Format: Path: X -> X -> X, Cost: X","Path: 0 -> 3 -> 4 -> 8, Cost: 12",algorithmic,shortest_path,adversarial,hard,high,procedural_seed_2618131715809124932,verify_sp,"{""subtype"":""SP"",""directed"":true,""source"":0,""target"":8,""graph"":[{""u"":0,""v"":1,""w"":1},{""u"":0,""v"":3,""w"":4},{""u"":0,""v"":5,""w"":8},{""u"":0,""v"":6,""w"":11},{""u"":0,""v"":7,""w"":9},{""u"":1,""v"":2,""w"":1},{""u"":1,""v"":4,""w"":14},{""u"":2,""v"":4,""w"":12},{""u"":2,""v"":8,""w"":24},{""u"":3,""v"":2,""w"":11},{""u"":3,""v"":4,""w"":4},{""u"":4,""v"":8,""w"":4},{""u"":5,""v"":8,""w"":11},{""u"":6,""v"":8,""w"":8},{""u"":7,""v"":8,""w"":12}],""num_vertices"":9,""instance_type"":""adversarial"",""greedy_answer"":""Path: 0 -> 1 -> 2 -> 4 -> 8, Cost: 18"",""greedy_succeeds"":false,""adversarial_pattern"":""trap"",""difficulty_numeric"":15,""critical_step_index"":0}",stage1_procedural_generation
SP_039,W2,"Graph edges:
(0 → 1, weight=1)
(0 → 3, weight=4)
(0 → 5, weight=8)
(0 → 6, weight=11)
(0 → 7, weight=9)
(1 → 2, weight=1)
(1 → 4, weight=14)
(2 → 4, weight=12)
(2 → 8, weight=24)
(3 → 2, weight=11)
(3 → 4, weight=4)
(4 → 8, weight=4)
(5 → 8, weight=11)
(6 → 8, weight=8)
(7 → 8, weight=12)
Source: 0
Target: 8","Path: 0 -> 3 -> 4 -> 8, Cost: 12",algorithmic,shortest_path,adversarial,hard,high,procedural_seed_2618131715809124932,verify_sp,"{""subtype"":""SP"",""directed"":true,""source"":0,""target"":8,""graph"":[{""u"":0,""v"":1,""w"":1},{""u"":0,""v"":3,""w"":4},{""u"":0,""v"":5,""w"":8},{""u"":0,""v"":6,""w"":11},{""u"":0,""v"":7,""w"":9},{""u"":1,""v"":2,""w"":1},{""u"":1,""v"":4,""w"":14},{""u"":2,""v"":4,""w"":12},{""u"":2,""v"":8,""w"":24},{""u"":3,""v"":2,""w"":11},{""u"":3,""v"":4,""w"":4},{""u"":4,""v"":8,""w"":4},{""u"":5,""v"":8,""w"":11},{""u"":6,""v"":8,""w"":8},{""u"":7,""v"":8,""w"":12}],""num_vertices"":9,""instance_type"":""adversarial"",""greedy_answer"":""Path: 0 -> 1 -> 2 -> 4 -> 8, Cost: 18"",""greedy_succeeds"":false,""adversarial_pattern"":""trap"",""difficulty_numeric"":15,""critical_step_index"":0}",stage1_procedural_generation
SP_039,W3,"A route planner has 9 locations labeled 0 to 8. Roads are one-way and weighted by travel time.

The road network is:
- Node London to Node Paris: 1
- Node London to Node Brussels: 4
- Node London to Node Madrid: 8
- Node London to Node Milan: 11
- Node London to Node Berlin: 9
- Node Paris to Node Lyon: 1
- Node Paris to Node Geneva: 14
- Node Lyon to Node Geneva: 12
- Node Lyon to Node Rome: 24
- Node Brussels to Node Lyon: 11
- Node Brussels to Node Geneva: 4
- Node Geneva to Node Rome: 4
- Node Madrid to Node Rome: 11
- Node Milan to Node Rome: 8
- Node Berlin to Node Rome: 12

What is the shortest path from node London to node Rome and its total cost?

Reply with only the path and cost.
Format: Path: X -> X -> X, Cost: X","Path: London -> Brussels -> Geneva -> Rome, Cost: 12",algorithmic,shortest_path,adversarial,hard,high,procedural_seed_2618131715809124932,verify_sp,"{""subtype"":""SP"",""directed"":true,""source"":0,""target"":8,""graph"":[{""u"":0,""v"":1,""w"":1},{""u"":0,""v"":3,""w"":4},{""u"":0,""v"":5,""w"":8},{""u"":0,""v"":6,""w"":11},{""u"":0,""v"":7,""w"":9},{""u"":1,""v"":2,""w"":1},{""u"":1,""v"":4,""w"":14},{""u"":2,""v"":4,""w"":12},{""u"":2,""v"":8,""w"":24},{""u"":3,""v"":2,""w"":11},{""u"":3,""v"":4,""w"":4},{""u"":4,""v"":8,""w"":4},{""u"":5,""v"":8,""w"":11},{""u"":6,""v"":8,""w"":8},{""u"":7,""v"":8,""w"":12}],""num_vertices"":9,""instance_type"":""adversarial"",""greedy_answer"":""Path: 0 -> 1 -> 2 -> 4 -> 8, Cost: 18"",""greedy_succeeds"":false,""adversarial_pattern"":""trap"",""difficulty_numeric"":15,""critical_step_index"":0}","stage1_procedural_generation | {""entity_mapping"": {""0"": ""London"", ""1"": ""Paris"", ""2"": ""Lyon"", ""3"": ""Brussels"", ""4"": ""Geneva"", ""5"": ""Madrid"", ""6"": ""Milan"", ""7"": ""Berlin"", ""8"": ""Rome""}}"
SP_039,W4,"G = (V, E) where V = {0, 1, ..., 8}
E = {(0,1,1), (0,3,4), (0,5,8), (0,6,11), (0,7,9), (1,2,1), (1,4,14), (2,4,12), (2,8,24), (3,2,11), (3,4,4), (4,8,4), (5,8,11), (6,8,8), (7,8,12)}
Find: δ(0, 8) = minimum weight path from 0 to 8
OUTPUT FORMAT:
Path: X -> X -> X, Cost: X","Path: 0 -> 3 -> 4 -> 8, Cost: 12",algorithmic,shortest_path,adversarial,hard,high,procedural_seed_2618131715809124932,verify_sp,"{""subtype"":""SP"",""directed"":true,""source"":0,""target"":8,""graph"":[{""u"":0,""v"":1,""w"":1},{""u"":0,""v"":3,""w"":4},{""u"":0,""v"":5,""w"":8},{""u"":0,""v"":6,""w"":11},{""u"":0,""v"":7,""w"":9},{""u"":1,""v"":2,""w"":1},{""u"":1,""v"":4,""w"":14},{""u"":2,""v"":4,""w"":12},{""u"":2,""v"":8,""w"":24},{""u"":3,""v"":2,""w"":11},{""u"":3,""v"":4,""w"":4},{""u"":4,""v"":8,""w"":4},{""u"":5,""v"":8,""w"":11},{""u"":6,""v"":8,""w"":8},{""u"":7,""v"":8,""w"":12}],""num_vertices"":9,""instance_type"":""adversarial"",""greedy_answer"":""Path: 0 -> 1 -> 2 -> 4 -> 8, Cost: 18"",""greedy_succeeds"":false,""adversarial_pattern"":""trap"",""difficulty_numeric"":15,""critical_step_index"":0}",stage1_procedural_generation
SP_039,W5,"A route planner has 9 locations labeled 0 to 8. Roads are one-way and weighted by travel time.

The road network is:
- Node 0 to Node 1: 1
- Node 0 to Node 3: 4
- Node 0 to Node 5: 8
- Node 0 to Node 6: 11
- Node 0 to Node 7: 9
- Node 1 to Node 2: 1
- Node 1 to Node 4: 14
- Node 2 to Node 4: 12
- Node 2 to Node 8: 24
- Node 3 to Node 2: 11
- Node 3 to Node 4: 4
- Node 4 to Node 8: 4
- Node 5 to Node 8: 11
- Node 6 to Node 8: 8
- Node 7 to Node 8: 12

What is the shortest path from node 8 to node 0 and its total cost?

Reply with only the path and cost.
Format: Path: X -> X -> X, Cost: X","Path: 8 -> 4 -> 3 -> 0, Cost: 12",algorithmic,shortest_path,adversarial,hard,high,procedural_seed_2618131715809124932,verify_sp,"{""subtype"": ""SP"", ""directed"": true, ""source"": 8, ""target"": 0, ""graph"": [{""u"": 1, ""v"": 0, ""w"": 1}, {""u"": 3, ""v"": 0, ""w"": 4}, {""u"": 5, ""v"": 0, ""w"": 8}, {""u"": 6, ""v"": 0, ""w"": 11}, {""u"": 7, ""v"": 0, ""w"": 9}, {""u"": 2, ""v"": 1, ""w"": 1}, {""u"": 4, ""v"": 1, ""w"": 14}, {""u"": 4, ""v"": 2, ""w"": 12}, {""u"": 8, ""v"": 2, ""w"": 24}, {""u"": 2, ""v"": 3, ""w"": 11}, {""u"": 4, ""v"": 3, ""w"": 4}, {""u"": 8, ""v"": 4, ""w"": 4}, {""u"": 8, ""v"": 5, ""w"": 11}, {""u"": 8, ""v"": 6, ""w"": 8}, {""u"": 8, ""v"": 7, ""w"": 12}], ""num_vertices"": 9, ""instance_type"": ""adversarial"", ""greedy_answer"": ""Path: 0 -> 1 -> 2 -> 4 -> 8, Cost: 18"", ""greedy_succeeds"": false, ""adversarial_pattern"": ""trap"", ""difficulty_numeric"": 15, ""critical_step_index"": 0}",stage1_procedural_generation
SP_039,W6,"A route-planning task over weighted one-way roads. Edge list and travel times are:

- 0 -> 3: 2
- 0 -> 2: 5
- 1 -> 7: 6
- 2 -> 1: 7
- 2 -> 7: 10
- 3 -> 7: 18
- 3 -> 5: 2
- 4 -> 3: 5
- 4 -> 2: 16
- 5 -> 7: 2
- 5 -> 0: 6
- 7 -> 0: 15
- 7 -> 8: 2
- 8 -> 0: 5
- 8 -> 3: 14

Reply with only the path as a sequence of nodes and the total cost.
Format: Path: X -> X -> X, Cost: X","Path: 0 -> 3 -> 5 -> 7 -> 8, Cost: 8",algorithmic,shortest_path,adversarial,hard,high,procedural_seed_2618131715809124932,verify_sp,"{""subtype"": ""SP"", ""directed"": true, ""source"": 0, ""target"": 8, ""graph"": [{""u"": 0, ""v"": 3, ""w"": 2}, {""u"": 0, ""v"": 2, ""w"": 5}, {""u"": 1, ""v"": 7, ""w"": 6}, {""u"": 2, ""v"": 1, ""w"": 7}, {""u"": 2, ""v"": 7, ""w"": 10}, {""u"": 3, ""v"": 7, ""w"": 18}, {""u"": 3, ""v"": 5, ""w"": 2}, {""u"": 4, ""v"": 3, ""w"": 5}, {""u"": 4, ""v"": 2, ""w"": 16}, {""u"": 5, ""v"": 7, ""w"": 2}, {""u"": 5, ""v"": 0, ""w"": 6}, {""u"": 7, ""v"": 0, ""w"": 15}, {""u"": 7, ""v"": 8, ""w"": 2}, {""u"": 8, ""v"": 0, ""w"": 5}, {""u"": 8, ""v"": 3, ""w"": 14}], ""num_vertices"": 9, ""instance_type"": ""adversarial"", ""greedy_answer"": ""Path: 0 -> 1 -> 2 -> 4 -> 8, Cost: 18"", ""greedy_succeeds"": false, ""adversarial_pattern"": ""trap"", ""difficulty_numeric"": 15, ""critical_step_index"": 0}",stage1_procedural_generation | w6_seed=1763505764
SP_040,W1,"There exists a route planning system with 8 locations designated as 0 through 7. The roads connecting these locations are unidirectional and have associated travel times.

The connections between nodes are as follows:
- From Node 0 to Node 1: 1
- From Node 0 to Node 3: 4
- From Node 0 to Node 5: 9
- From Node 0 to Node 6: 10
- From Node 1 to Node 2: 1
- From Node 1 to Node 4: 14
- From Node 2 to Node 4: 12
- From Node 2 to Node 7: 24
- From Node 3 to Node 2: 11
- From Node 3 to Node 4: 4
- From Node 4 to Node 7: 4
- From Node 5 to Node 7: 8
- From Node 6 to Node 7: 9

Determine the path with minimum total cost from node 0 to node 7 and calculate its total cost.

Provide your answer showing only the path and its cost.
Format: Path: X -> X -> X, Cost: X","Path: 0 -> 3 -> 4 -> 7, Cost: 12",algorithmic,shortest_path,standard,hard,high,procedural_seed_10461897880051590676,verify_sp,"{""subtype"":""SP"",""directed"":true,""source"":0,""target"":7,""graph"":[{""u"":0,""v"":1,""w"":1},{""u"":0,""v"":3,""w"":4},{""u"":0,""v"":5,""w"":9},{""u"":0,""v"":6,""w"":10},{""u"":1,""v"":2,""w"":1},{""u"":1,""v"":4,""w"":14},{""u"":2,""v"":4,""w"":12},{""u"":2,""v"":7,""w"":24},{""u"":3,""v"":2,""w"":11},{""u"":3,""v"":4,""w"":4},{""u"":4,""v"":7,""w"":4},{""u"":5,""v"":7,""w"":8},{""u"":6,""v"":7,""w"":9}],""num_vertices"":8,""instance_type"":""adversarial"",""greedy_answer"":""Path: 0 -> 1 -> 2 -> 4 -> 7, Cost: 18"",""greedy_succeeds"":false,""adversarial_pattern"":""trap"",""difficulty_numeric"":15,""critical_step_index"":0}",stage1_procedural_generation
SP_040,W2,"Graph edges:
(0 → 1, weight=1)
(0 → 3, weight=4)
(0 → 5, weight=9)
(0 → 6, weight=10)
(1 → 2, weight=1)
(1 → 4, weight=14)
(2 → 4, weight=12)
(2 → 7, weight=24)
(3 → 2, weight=11)
(3 → 4, weight=4)
(4 → 7, weight=4)
(5 → 7, weight=8)
(6 → 7, weight=9)
Source: 0
Target: 7","Path: 0 -> 3 -> 4 -> 7, Cost: 12",algorithmic,shortest_path,standard,hard,high,procedural_seed_10461897880051590676,verify_sp,"{""subtype"":""SP"",""directed"":true,""source"":0,""target"":7,""graph"":[{""u"":0,""v"":1,""w"":1},{""u"":0,""v"":3,""w"":4},{""u"":0,""v"":5,""w"":9},{""u"":0,""v"":6,""w"":10},{""u"":1,""v"":2,""w"":1},{""u"":1,""v"":4,""w"":14},{""u"":2,""v"":4,""w"":12},{""u"":2,""v"":7,""w"":24},{""u"":3,""v"":2,""w"":11},{""u"":3,""v"":4,""w"":4},{""u"":4,""v"":7,""w"":4},{""u"":5,""v"":7,""w"":8},{""u"":6,""v"":7,""w"":9}],""num_vertices"":8,""instance_type"":""adversarial"",""greedy_answer"":""Path: 0 -> 1 -> 2 -> 4 -> 7, Cost: 18"",""greedy_succeeds"":false,""adversarial_pattern"":""trap"",""difficulty_numeric"":15,""critical_step_index"":0}",stage1_procedural_generation
SP_040,W3,"A route planner has 8 locations labeled 0 to 7. Roads are one-way and weighted by travel time.

The road network is:
- Node London to Node Paris: 1
- Node London to Node Amsterdam: 4
- Node London to Node Dublin: 9
- Node London to Node Edinburgh: 10
- Node Paris to Node Brussels: 1
- Node Paris to Node Berlin: 14
- Node Brussels to Node Berlin: 12
- Node Brussels to Node Prague: 24
- Node Amsterdam to Node Brussels: 11
- Node Amsterdam to Node Berlin: 4
- Node Berlin to Node Prague: 4
- Node Dublin to Node Prague: 8
- Node Edinburgh to Node Prague: 9

What is the shortest path from node London to node Prague and its total cost?

Reply with only the path and cost.
Format: Path: X -> X -> X, Cost: X","Path: London -> Amsterdam -> Berlin -> Prague, Cost: 12",algorithmic,shortest_path,standard,hard,high,procedural_seed_10461897880051590676,verify_sp,"{""subtype"":""SP"",""directed"":true,""source"":0,""target"":7,""graph"":[{""u"":0,""v"":1,""w"":1},{""u"":0,""v"":3,""w"":4},{""u"":0,""v"":5,""w"":9},{""u"":0,""v"":6,""w"":10},{""u"":1,""v"":2,""w"":1},{""u"":1,""v"":4,""w"":14},{""u"":2,""v"":4,""w"":12},{""u"":2,""v"":7,""w"":24},{""u"":3,""v"":2,""w"":11},{""u"":3,""v"":4,""w"":4},{""u"":4,""v"":7,""w"":4},{""u"":5,""v"":7,""w"":8},{""u"":6,""v"":7,""w"":9}],""num_vertices"":8,""instance_type"":""adversarial"",""greedy_answer"":""Path: 0 -> 1 -> 2 -> 4 -> 7, Cost: 18"",""greedy_succeeds"":false,""adversarial_pattern"":""trap"",""difficulty_numeric"":15,""critical_step_index"":0}","stage1_procedural_generation | {""entity_mapping"": {""0"": ""London"", ""1"": ""Paris"", ""2"": ""Brussels"", ""3"": ""Amsterdam"", ""4"": ""Berlin"", ""5"": ""Dublin"", ""6"": ""Edinburgh"", ""7"": ""Prague""}}"
SP_040,W4,"G = (V, E) where V = {0, 1, ..., 7}
E = {(0,1,1), (0,3,4), (0,5,9), (0,6,10), (1,2,1), (1,4,14), (2,4,12), (2,7,24), (3,2,11), (3,4,4), (4,7,4), (5,7,8), (6,7,9)}
Find: δ(0, 7) = minimum weight path from 0 to 7
OUTPUT FORMAT:
Path: X -> X -> X, Cost: X","Path: 0 -> 3 -> 4 -> 7, Cost: 12",algorithmic,shortest_path,standard,hard,high,procedural_seed_10461897880051590676,verify_sp,"{""subtype"":""SP"",""directed"":true,""source"":0,""target"":7,""graph"":[{""u"":0,""v"":1,""w"":1},{""u"":0,""v"":3,""w"":4},{""u"":0,""v"":5,""w"":9},{""u"":0,""v"":6,""w"":10},{""u"":1,""v"":2,""w"":1},{""u"":1,""v"":4,""w"":14},{""u"":2,""v"":4,""w"":12},{""u"":2,""v"":7,""w"":24},{""u"":3,""v"":2,""w"":11},{""u"":3,""v"":4,""w"":4},{""u"":4,""v"":7,""w"":4},{""u"":5,""v"":7,""w"":8},{""u"":6,""v"":7,""w"":9}],""num_vertices"":8,""instance_type"":""adversarial"",""greedy_answer"":""Path: 0 -> 1 -> 2 -> 4 -> 7, Cost: 18"",""greedy_succeeds"":false,""adversarial_pattern"":""trap"",""difficulty_numeric"":15,""critical_step_index"":0}",stage1_procedural_generation
SP_040,W5,"A route planner has 8 locations labeled 0 to 7. Roads are one-way and weighted by travel time.

The road network is:
- Node 0 to Node 1: 1
- Node 0 to Node 3: 4
- Node 0 to Node 5: 9
- Node 0 to Node 6: 10
- Node 1 to Node 2: 1
- Node 1 to Node 4: 14
- Node 2 to Node 4: 12
- Node 2 to Node 7: 24
- Node 3 to Node 2: 11
- Node 3 to Node 4: 4
- Node 4 to Node 7: 4
- Node 5 to Node 7: 8
- Node 6 to Node 7: 9

What is the shortest path from node 7 to node 0 and its total cost?

Reply with only the path and cost.
Format: Path: X -> X -> X, Cost: X","Path: 7 -> 4 -> 3 -> 0, Cost: 12",algorithmic,shortest_path,standard,hard,high,procedural_seed_10461897880051590676,verify_sp,"{""subtype"": ""SP"", ""directed"": true, ""source"": 7, ""target"": 0, ""graph"": [{""u"": 1, ""v"": 0, ""w"": 1}, {""u"": 3, ""v"": 0, ""w"": 4}, {""u"": 5, ""v"": 0, ""w"": 9}, {""u"": 6, ""v"": 0, ""w"": 10}, {""u"": 2, ""v"": 1, ""w"": 1}, {""u"": 4, ""v"": 1, ""w"": 14}, {""u"": 4, ""v"": 2, ""w"": 12}, {""u"": 7, ""v"": 2, ""w"": 24}, {""u"": 2, ""v"": 3, ""w"": 11}, {""u"": 4, ""v"": 3, ""w"": 4}, {""u"": 7, ""v"": 4, ""w"": 4}, {""u"": 7, ""v"": 5, ""w"": 8}, {""u"": 7, ""v"": 6, ""w"": 9}], ""num_vertices"": 8, ""instance_type"": ""adversarial"", ""greedy_answer"": ""Path: 0 -> 1 -> 2 -> 4 -> 7, Cost: 18"", ""greedy_succeeds"": false, ""adversarial_pattern"": ""trap"", ""difficulty_numeric"": 15, ""critical_step_index"": 0}",stage1_procedural_generation
SP_040,W6,"A route-planning task over weighted one-way roads. Edge list and travel times are:

- 0 -> 4: 4
- 1 -> 2: 17
- 1 -> 5: 15
- 1 -> 6: 4
- 2 -> 0: 8
- 3 -> 0: 7
- 4 -> 3: 17
- 4 -> 5: 4
- 5 -> 1: 2
- 5 -> 7: 5
- 5 -> 3: 9
- 6 -> 7: 2
- 7 -> 1: 11

Reply with only the path as a sequence of nodes and the total cost.
Format: Path: X -> X -> X, Cost: X","Path: 0 -> 4 -> 5 -> 7, Cost: 13",algorithmic,shortest_path,standard,hard,high,procedural_seed_10461897880051590676,verify_sp,"{""subtype"": ""SP"", ""directed"": true, ""source"": 0, ""target"": 7, ""graph"": [{""u"": 0, ""v"": 4, ""w"": 4}, {""u"": 1, ""v"": 2, ""w"": 17}, {""u"": 1, ""v"": 5, ""w"": 15}, {""u"": 1, ""v"": 6, ""w"": 4}, {""u"": 2, ""v"": 0, ""w"": 8}, {""u"": 3, ""v"": 0, ""w"": 7}, {""u"": 4, ""v"": 3, ""w"": 17}, {""u"": 4, ""v"": 5, ""w"": 4}, {""u"": 5, ""v"": 1, ""w"": 2}, {""u"": 5, ""v"": 7, ""w"": 5}, {""u"": 5, ""v"": 3, ""w"": 9}, {""u"": 6, ""v"": 7, ""w"": 2}, {""u"": 7, ""v"": 1, ""w"": 11}], ""num_vertices"": 8, ""instance_type"": ""adversarial"", ""greedy_answer"": ""Path: 0 -> 1 -> 2 -> 4 -> 7, Cost: 18"", ""greedy_succeeds"": false, ""adversarial_pattern"": ""trap"", ""difficulty_numeric"": 15, ""critical_step_index"": 0}",stage1_procedural_generation | w6_seed=1272468111
SP_042,W1,"A route planner contains 9 locations numbered from 0 through 8. All roads are unidirectional and have associated travel times.

The available connections are:
- From Node 0 to Node 1: 3
- From Node 0 to Node 2: 3
- From Node 0 to Node 3: 9
- From Node 0 to Node 4: 7
- From Node 0 to Node 5: 7
- From Node 0 to Node 6: 8
- From Node 0 to Node 7: 9
- From Node 1 to Node 3: 6
- From Node 1 to Node 8: 3
- From Node 2 to Node 3: 1
- From Node 2 to Node 8: 8
- From Node 3 to Node 8: 1
- From Node 4 to Node 8: 9
- From Node 5 to Node 8: 10
- From Node 6 to Node 8: 8
- From Node 7 to Node 8: 11

Find the path with minimum total cost from node 0 to node 8.

Provide only the path and its cost.
Format: Path: X -> X -> X, Cost: X","Path: 0 -> 2 -> 3 -> 8, Cost: 5",algorithmic,shortest_path,adversarial,hard,high,procedural_seed_1028493268171175968,verify_sp,"{""subtype"":""SP"",""directed"":true,""source"":0,""target"":8,""graph"":[{""u"":0,""v"":1,""w"":3},{""u"":0,""v"":2,""w"":3},{""u"":0,""v"":3,""w"":9},{""u"":0,""v"":4,""w"":7},{""u"":0,""v"":5,""w"":7},{""u"":0,""v"":6,""w"":8},{""u"":0,""v"":7,""w"":9},{""u"":1,""v"":3,""w"":6},{""u"":1,""v"":8,""w"":3},{""u"":2,""v"":3,""w"":1},{""u"":2,""v"":8,""w"":8},{""u"":3,""v"":8,""w"":1},{""u"":4,""v"":8,""w"":9},{""u"":5,""v"":8,""w"":10},{""u"":6,""v"":8,""w"":8},{""u"":7,""v"":8,""w"":11}],""num_vertices"":9,""instance_type"":""adversarial"",""greedy_answer"":""Path: 0 -> 1 -> 8, Cost: 6"",""greedy_succeeds"":false,""adversarial_pattern"":""long_cheap"",""difficulty_numeric"":15,""critical_step_index"":0}",stage1_procedural_generation
SP_042,W2,"Graph edges:
(0 → 1, weight=3)
(0 → 2, weight=3)
(0 → 3, weight=9)
(0 → 4, weight=7)
(0 → 5, weight=7)
(0 → 6, weight=8)
(0 → 7, weight=9)
(1 → 3, weight=6)
(1 → 8, weight=3)
(2 → 3, weight=1)
(2 → 8, weight=8)
(3 → 8, weight=1)
(4 → 8, weight=9)
(5 → 8, weight=10)
(6 → 8, weight=8)
(7 → 8, weight=11)
Source: 0
Target: 8","Path: 0 -> 2 -> 3 -> 8, Cost: 5",algorithmic,shortest_path,adversarial,hard,high,procedural_seed_1028493268171175968,verify_sp,"{""subtype"":""SP"",""directed"":true,""source"":0,""target"":8,""graph"":[{""u"":0,""v"":1,""w"":3},{""u"":0,""v"":2,""w"":3},{""u"":0,""v"":3,""w"":9},{""u"":0,""v"":4,""w"":7},{""u"":0,""v"":5,""w"":7},{""u"":0,""v"":6,""w"":8},{""u"":0,""v"":7,""w"":9},{""u"":1,""v"":3,""w"":6},{""u"":1,""v"":8,""w"":3},{""u"":2,""v"":3,""w"":1},{""u"":2,""v"":8,""w"":8},{""u"":3,""v"":8,""w"":1},{""u"":4,""v"":8,""w"":9},{""u"":5,""v"":8,""w"":10},{""u"":6,""v"":8,""w"":8},{""u"":7,""v"":8,""w"":11}],""num_vertices"":9,""instance_type"":""adversarial"",""greedy_answer"":""Path: 0 -> 1 -> 8, Cost: 6"",""greedy_succeeds"":false,""adversarial_pattern"":""long_cheap"",""difficulty_numeric"":15,""critical_step_index"":0}",stage1_procedural_generation
SP_042,W3,"A route planner has 9 locations labeled 0 to 8. Roads are one-way and weighted by travel time.

The road network is:
- Node Paris to Node Lyon: 3
- Node Paris to Node Marseille: 3
- Node Paris to Node Nice: 9
- Node Paris to Node Bordeaux: 7
- Node Paris to Node Toulouse: 7
- Node Paris to Node Nantes: 8
- Node Paris to Node Lille: 9
- Node Lyon to Node Nice: 6
- Node Lyon to Node Monaco: 3
- Node Marseille to Node Nice: 1
- Node Marseille to Node Monaco: 8
- Node Nice to Node Monaco: 1
- Node Bordeaux to Node Monaco: 9
- Node Toulouse to Node Monaco: 10
- Node Nantes to Node Monaco: 8
- Node Lille to Node Monaco: 11

What is the shortest path from node Paris to node Monaco and its total cost?

Reply with only the path and cost.
Format: Path: X -> X -> X, Cost: X","Path: Paris -> Marseille -> Nice -> Monaco, Cost: 5",algorithmic,shortest_path,adversarial,hard,high,procedural_seed_1028493268171175968,verify_sp,"{""subtype"":""SP"",""directed"":true,""source"":0,""target"":8,""graph"":[{""u"":0,""v"":1,""w"":3},{""u"":0,""v"":2,""w"":3},{""u"":0,""v"":3,""w"":9},{""u"":0,""v"":4,""w"":7},{""u"":0,""v"":5,""w"":7},{""u"":0,""v"":6,""w"":8},{""u"":0,""v"":7,""w"":9},{""u"":1,""v"":3,""w"":6},{""u"":1,""v"":8,""w"":3},{""u"":2,""v"":3,""w"":1},{""u"":2,""v"":8,""w"":8},{""u"":3,""v"":8,""w"":1},{""u"":4,""v"":8,""w"":9},{""u"":5,""v"":8,""w"":10},{""u"":6,""v"":8,""w"":8},{""u"":7,""v"":8,""w"":11}],""num_vertices"":9,""instance_type"":""adversarial"",""greedy_answer"":""Path: 0 -> 1 -> 8, Cost: 6"",""greedy_succeeds"":false,""adversarial_pattern"":""long_cheap"",""difficulty_numeric"":15,""critical_step_index"":0}","stage1_procedural_generation | {""entity_mapping"": {""0"": ""Paris"", ""1"": ""Lyon"", ""2"": ""Marseille"", ""3"": ""Nice"", ""4"": ""Bordeaux"", ""5"": ""Toulouse"", ""6"": ""Nantes"", ""7"": ""Lille"", ""8"": ""Monaco""}}"
SP_042,W4,"G = (V, E) where V = {0, 1, ..., 8}
E = {(0,1,3), (0,2,3), (0,3,9), (0,4,7), (0,5,7), (0,6,8), (0,7,9), (1,3,6), (1,8,3), (2,3,1), (2,8,8), (3,8,1), (4,8,9), (5,8,10), (6,8,8), (7,8,11)}
Find: δ(0, 8) = minimum weight path from 0 to 8
OUTPUT FORMAT:
Path: X -> X -> X, Cost: X","Path: 0 -> 2 -> 3 -> 8, Cost: 5",algorithmic,shortest_path,adversarial,hard,high,procedural_seed_1028493268171175968,verify_sp,"{""subtype"":""SP"",""directed"":true,""source"":0,""target"":8,""graph"":[{""u"":0,""v"":1,""w"":3},{""u"":0,""v"":2,""w"":3},{""u"":0,""v"":3,""w"":9},{""u"":0,""v"":4,""w"":7},{""u"":0,""v"":5,""w"":7},{""u"":0,""v"":6,""w"":8},{""u"":0,""v"":7,""w"":9},{""u"":1,""v"":3,""w"":6},{""u"":1,""v"":8,""w"":3},{""u"":2,""v"":3,""w"":1},{""u"":2,""v"":8,""w"":8},{""u"":3,""v"":8,""w"":1},{""u"":4,""v"":8,""w"":9},{""u"":5,""v"":8,""w"":10},{""u"":6,""v"":8,""w"":8},{""u"":7,""v"":8,""w"":11}],""num_vertices"":9,""instance_type"":""adversarial"",""greedy_answer"":""Path: 0 -> 1 -> 8, Cost: 6"",""greedy_succeeds"":false,""adversarial_pattern"":""long_cheap"",""difficulty_numeric"":15,""critical_step_index"":0}",stage1_procedural_generation
SP_042,W5,"A route planner has 9 locations labeled 0 to 8. Roads are one-way and weighted by travel time.

The road network is:
- Node 0 to Node 1: 3
- Node 0 to Node 2: 3
- Node 0 to Node 3: 9
- Node 0 to Node 4: 7
- Node 0 to Node 5: 7
- Node 0 to Node 6: 8
- Node 0 to Node 7: 9
- Node 1 to Node 3: 6
- Node 1 to Node 8: 3
- Node 2 to Node 3: 1
- Node 2 to Node 8: 8
- Node 3 to Node 8: 1
- Node 4 to Node 8: 9
- Node 5 to Node 8: 10
- Node 6 to Node 8: 8
- Node 7 to Node 8: 11

What is the shortest path from node 8 to node 0 and its total cost?

Reply with only the path and cost.
Format: Path: X -> X -> X, Cost: X","Path: 8 -> 3 -> 2 -> 0, Cost: 5",algorithmic,shortest_path,adversarial,hard,high,procedural_seed_1028493268171175968,verify_sp,"{""subtype"": ""SP"", ""directed"": true, ""source"": 8, ""target"": 0, ""graph"": [{""u"": 1, ""v"": 0, ""w"": 3}, {""u"": 2, ""v"": 0, ""w"": 3}, {""u"": 3, ""v"": 0, ""w"": 9}, {""u"": 4, ""v"": 0, ""w"": 7}, {""u"": 5, ""v"": 0, ""w"": 7}, {""u"": 6, ""v"": 0, ""w"": 8}, {""u"": 7, ""v"": 0, ""w"": 9}, {""u"": 3, ""v"": 1, ""w"": 6}, {""u"": 8, ""v"": 1, ""w"": 3}, {""u"": 3, ""v"": 2, ""w"": 1}, {""u"": 8, ""v"": 2, ""w"": 8}, {""u"": 8, ""v"": 3, ""w"": 1}, {""u"": 8, ""v"": 4, ""w"": 9}, {""u"": 8, ""v"": 5, ""w"": 10}, {""u"": 8, ""v"": 6, ""w"": 8}, {""u"": 8, ""v"": 7, ""w"": 11}], ""num_vertices"": 9, ""instance_type"": ""adversarial"", ""greedy_answer"": ""Path: 0 -> 1 -> 8, Cost: 6"", ""greedy_succeeds"": false, ""adversarial_pattern"": ""long_cheap"", ""difficulty_numeric"": 15, ""critical_step_index"": 0}",stage1_procedural_generation
SP_042,W6,"A route-planning task over weighted one-way roads. Edge list and travel times are:

- 0 -> 7: 3
- 0 -> 2: 11
- 1 -> 8: 5
- 2 -> 1: 13
- 2 -> 8: 11
- 3 -> 0: 16
- 4 -> 5: 16
- 6 -> 5: 18
- 6 -> 1: 10
- 6 -> 8: 11
- 6 -> 7: 5
- 7 -> 4: 13
- 7 -> 0: 16
- 7 -> 8: 2
- 8 -> 7: 11
- 8 -> 5: 15

Reply with only the path as a sequence of nodes and the total cost.
Format: Path: X -> X -> X, Cost: X","Path: 0 -> 7 -> 8, Cost: 5",algorithmic,shortest_path,adversarial,hard,high,procedural_seed_1028493268171175968,verify_sp,"{""subtype"": ""SP"", ""directed"": true, ""source"": 0, ""target"": 8, ""graph"": [{""u"": 0, ""v"": 7, ""w"": 3}, {""u"": 0, ""v"": 2, ""w"": 11}, {""u"": 1, ""v"": 8, ""w"": 5}, {""u"": 2, ""v"": 1, ""w"": 13}, {""u"": 2, ""v"": 8, ""w"": 11}, {""u"": 3, ""v"": 0, ""w"": 16}, {""u"": 4, ""v"": 5, ""w"": 16}, {""u"": 6, ""v"": 5, ""w"": 18}, {""u"": 6, ""v"": 1, ""w"": 10}, {""u"": 6, ""v"": 8, ""w"": 11}, {""u"": 6, ""v"": 7, ""w"": 5}, {""u"": 7, ""v"": 4, ""w"": 13}, {""u"": 7, ""v"": 0, ""w"": 16}, {""u"": 7, ""v"": 8, ""w"": 2}, {""u"": 8, ""v"": 7, ""w"": 11}, {""u"": 8, ""v"": 5, ""w"": 15}], ""num_vertices"": 9, ""instance_type"": ""adversarial"", ""greedy_answer"": ""Path: 0 -> 1 -> 8, Cost: 6"", ""greedy_succeeds"": false, ""adversarial_pattern"": ""long_cheap"", ""difficulty_numeric"": 15, ""critical_step_index"": 0}",stage1_procedural_generation | w6_seed=1514464498
SP_044,W1,"A route planner contains 7 locations designated from 0 through 6. The roads allow one-way travel only and are measured by their travel duration.

The available connections are as follows:
- From Node 0 to Node 1: 3
- From Node 0 to Node 2: 3
- From Node 0 to Node 3: 9
- From Node 0 to Node 4: 7
- From Node 0 to Node 5: 9
- From Node 1 to Node 3: 6
- From Node 1 to Node 6: 3
- From Node 2 to Node 3: 1
- From Node 2 to Node 6: 8
- From Node 3 to Node 6: 1
- From Node 4 to Node 6: 10
- From Node 5 to Node 6: 11

Determine the path with minimum total travel time from node 0 to node 6 and calculate its cost.

Reply with only the path and cost.
Format: Path: X -> X -> X, Cost: X","Path: 0 -> 2 -> 3 -> 6, Cost: 5",algorithmic,shortest_path,standard,hard,high,procedural_seed_14863681550582426078,verify_sp,"{""subtype"":""SP"",""directed"":true,""source"":0,""target"":6,""graph"":[{""u"":0,""v"":1,""w"":3},{""u"":0,""v"":2,""w"":3},{""u"":0,""v"":3,""w"":9},{""u"":0,""v"":4,""w"":7},{""u"":0,""v"":5,""w"":9},{""u"":1,""v"":3,""w"":6},{""u"":1,""v"":6,""w"":3},{""u"":2,""v"":3,""w"":1},{""u"":2,""v"":6,""w"":8},{""u"":3,""v"":6,""w"":1},{""u"":4,""v"":6,""w"":10},{""u"":5,""v"":6,""w"":11}],""num_vertices"":7,""instance_type"":""adversarial"",""greedy_answer"":""Path: 0 -> 1 -> 6, Cost: 6"",""greedy_succeeds"":false,""adversarial_pattern"":""long_cheap"",""difficulty_numeric"":15,""critical_step_index"":0}",stage1_procedural_generation
SP_044,W2,"Graph edges:
(0 → 1, weight=3)
(0 → 2, weight=3)
(0 → 3, weight=9)
(0 → 4, weight=7)
(0 → 5, weight=9)
(1 → 3, weight=6)
(1 → 6, weight=3)
(2 → 3, weight=1)
(2 → 6, weight=8)
(3 → 6, weight=1)
(4 → 6, weight=10)
(5 → 6, weight=11)
Source: 0
Target: 6","Path: 0 -> 2 -> 3 -> 6, Cost: 5",algorithmic,shortest_path,standard,hard,high,procedural_seed_14863681550582426078,verify_sp,"{""subtype"":""SP"",""directed"":true,""source"":0,""target"":6,""graph"":[{""u"":0,""v"":1,""w"":3},{""u"":0,""v"":2,""w"":3},{""u"":0,""v"":3,""w"":9},{""u"":0,""v"":4,""w"":7},{""u"":0,""v"":5,""w"":9},{""u"":1,""v"":3,""w"":6},{""u"":1,""v"":6,""w"":3},{""u"":2,""v"":3,""w"":1},{""u"":2,""v"":6,""w"":8},{""u"":3,""v"":6,""w"":1},{""u"":4,""v"":6,""w"":10},{""u"":5,""v"":6,""w"":11}],""num_vertices"":7,""instance_type"":""adversarial"",""greedy_answer"":""Path: 0 -> 1 -> 6, Cost: 6"",""greedy_succeeds"":false,""adversarial_pattern"":""long_cheap"",""difficulty_numeric"":15,""critical_step_index"":0}",stage1_procedural_generation
SP_044,W3,"A route planner has 7 locations labeled 0 to 6. Roads are one-way and weighted by travel time.

The road network is:
- Node London to Node Oxford: 3
- Node London to Node Cambridge: 3
- Node London to Node Birmingham: 9
- Node London to Node Manchester: 7
- Node London to Node Liverpool: 9
- Node Oxford to Node Birmingham: 6
- Node Oxford to Node Edinburgh: 3
- Node Cambridge to Node Birmingham: 1
- Node Cambridge to Node Edinburgh: 8
- Node Birmingham to Node Edinburgh: 1
- Node Manchester to Node Edinburgh: 10
- Node Liverpool to Node Edinburgh: 11

What is the shortest path from node London to node Edinburgh and its total cost?

Reply with only the path and cost.
Format: Path: X -> X -> X, Cost: X","Path: London -> Cambridge -> Birmingham -> Edinburgh, Cost: 5",algorithmic,shortest_path,standard,hard,high,procedural_seed_14863681550582426078,verify_sp,"{""subtype"":""SP"",""directed"":true,""source"":0,""target"":6,""graph"":[{""u"":0,""v"":1,""w"":3},{""u"":0,""v"":2,""w"":3},{""u"":0,""v"":3,""w"":9},{""u"":0,""v"":4,""w"":7},{""u"":0,""v"":5,""w"":9},{""u"":1,""v"":3,""w"":6},{""u"":1,""v"":6,""w"":3},{""u"":2,""v"":3,""w"":1},{""u"":2,""v"":6,""w"":8},{""u"":3,""v"":6,""w"":1},{""u"":4,""v"":6,""w"":10},{""u"":5,""v"":6,""w"":11}],""num_vertices"":7,""instance_type"":""adversarial"",""greedy_answer"":""Path: 0 -> 1 -> 6, Cost: 6"",""greedy_succeeds"":false,""adversarial_pattern"":""long_cheap"",""difficulty_numeric"":15,""critical_step_index"":0}","stage1_procedural_generation | {""entity_mapping"": {""0"": ""London"", ""1"": ""Oxford"", ""2"": ""Cambridge"", ""3"": ""Birmingham"", ""4"": ""Manchester"", ""5"": ""Liverpool"", ""6"": ""Edinburgh""}}"
SP_044,W4,"G = (V, E) where V = {0, 1, ..., 6}
E = {(0,1,3), (0,2,3), (0,3,9), (0,4,7), (0,5,9), (1,3,6), (1,6,3), (2,3,1), (2,6,8), (3,6,1), (4,6,10), (5,6,11)}
Find: δ(0, 6) = minimum weight path from 0 to 6
OUTPUT FORMAT:
Path: X -> X -> X, Cost: X","Path: 0 -> 2 -> 3 -> 6, Cost: 5",algorithmic,shortest_path,standard,hard,high,procedural_seed_14863681550582426078,verify_sp,"{""subtype"":""SP"",""directed"":true,""source"":0,""target"":6,""graph"":[{""u"":0,""v"":1,""w"":3},{""u"":0,""v"":2,""w"":3},{""u"":0,""v"":3,""w"":9},{""u"":0,""v"":4,""w"":7},{""u"":0,""v"":5,""w"":9},{""u"":1,""v"":3,""w"":6},{""u"":1,""v"":6,""w"":3},{""u"":2,""v"":3,""w"":1},{""u"":2,""v"":6,""w"":8},{""u"":3,""v"":6,""w"":1},{""u"":4,""v"":6,""w"":10},{""u"":5,""v"":6,""w"":11}],""num_vertices"":7,""instance_type"":""adversarial"",""greedy_answer"":""Path: 0 -> 1 -> 6, Cost: 6"",""greedy_succeeds"":false,""adversarial_pattern"":""long_cheap"",""difficulty_numeric"":15,""critical_step_index"":0}",stage1_procedural_generation
SP_044,W5,"A route planner has 7 locations labeled 0 to 6. Roads are one-way and weighted by travel time.

The road network is:
- Node 0 to Node 1: 3
- Node 0 to Node 2: 3
- Node 0 to Node 3: 9
- Node 0 to Node 4: 7
- Node 0 to Node 5: 9
- Node 1 to Node 3: 6
- Node 1 to Node 6: 3
- Node 2 to Node 3: 1
- Node 2 to Node 6: 8
- Node 3 to Node 6: 1
- Node 4 to Node 6: 10
- Node 5 to Node 6: 11

What is the shortest path from node 6 to node 0 and its total cost?

Reply with only the path and cost.
Format: Path: X -> X -> X, Cost: X","Path: 6 -> 3 -> 2 -> 0, Cost: 5",algorithmic,shortest_path,standard,hard,high,procedural_seed_14863681550582426078,verify_sp,"{""subtype"": ""SP"", ""directed"": true, ""source"": 6, ""target"": 0, ""graph"": [{""u"": 1, ""v"": 0, ""w"": 3}, {""u"": 2, ""v"": 0, ""w"": 3}, {""u"": 3, ""v"": 0, ""w"": 9}, {""u"": 4, ""v"": 0, ""w"": 7}, {""u"": 5, ""v"": 0, ""w"": 9}, {""u"": 3, ""v"": 1, ""w"": 6}, {""u"": 6, ""v"": 1, ""w"": 3}, {""u"": 3, ""v"": 2, ""w"": 1}, {""u"": 6, ""v"": 2, ""w"": 8}, {""u"": 6, ""v"": 3, ""w"": 1}, {""u"": 6, ""v"": 4, ""w"": 10}, {""u"": 6, ""v"": 5, ""w"": 11}], ""num_vertices"": 7, ""instance_type"": ""adversarial"", ""greedy_answer"": ""Path: 0 -> 1 -> 6, Cost: 6"", ""greedy_succeeds"": false, ""adversarial_pattern"": ""long_cheap"", ""difficulty_numeric"": 15, ""critical_step_index"": 0}",stage1_procedural_generation
SP_044,W6,"A route-planning task over weighted one-way roads. Edge list and travel times are:

- 0 -> 1: 3
- 0 -> 2: 7
- 1 -> 5: 6
- 1 -> 3: 2
- 3 -> 4: 2
- 3 -> 0: 15
- 4 -> 0: 9
- 4 -> 3: 14
- 4 -> 6: 1
- 6 -> 2: 14
- 6 -> 5: 8
- 6 -> 0: 9

Reply with only the path as a sequence of nodes and the total cost.
Format: Path: X -> X -> X, Cost: X","Path: 0 -> 1 -> 3 -> 4 -> 6, Cost: 8",algorithmic,shortest_path,standard,hard,high,procedural_seed_14863681550582426078,verify_sp,"{""subtype"": ""SP"", ""directed"": true, ""source"": 0, ""target"": 6, ""graph"": [{""u"": 0, ""v"": 1, ""w"": 3}, {""u"": 0, ""v"": 2, ""w"": 7}, {""u"": 1, ""v"": 5, ""w"": 6}, {""u"": 1, ""v"": 3, ""w"": 2}, {""u"": 3, ""v"": 4, ""w"": 2}, {""u"": 3, ""v"": 0, ""w"": 15}, {""u"": 4, ""v"": 0, ""w"": 9}, {""u"": 4, ""v"": 3, ""w"": 14}, {""u"": 4, ""v"": 6, ""w"": 1}, {""u"": 6, ""v"": 2, ""w"": 14}, {""u"": 6, ""v"": 5, ""w"": 8}, {""u"": 6, ""v"": 0, ""w"": 9}], ""num_vertices"": 7, ""instance_type"": ""adversarial"", ""greedy_answer"": ""Path: 0 -> 1 -> 6, Cost: 6"", ""greedy_succeeds"": false, ""adversarial_pattern"": ""long_cheap"", ""difficulty_numeric"": 15, ""critical_step_index"": 0}",stage1_procedural_generation | w6_seed=90275605
SP_045,W1,"A route planning system contains 7 locations numbered from 0 through 6. All roads are unidirectional and have associated travel times.

The available connections are:
- Node 0 to Node 1: 3
- Node 0 to Node 2: 5
- Node 0 to Node 3: 8
- Node 0 to Node 4: 9
- Node 0 to Node 5: 10
- Node 1 to Node 6: 1
- Node 2 to Node 1: -3
- Node 2 to Node 6: 8
- Node 3 to Node 6: 8
- Node 4 to Node 6: 8
- Node 5 to Node 6: 8

Find the path with minimum total travel time from node 0 to node 6 and calculate its cost.

Reply with only the path and cost.
Format: Path: X -> X -> X, Cost: X","Path: 0 -> 2 -> 1 -> 6, Cost: 3",algorithmic,shortest_path,standard,hard,high,procedural_seed_13073513630427051207,verify_sp,"{""subtype"":""SP"",""directed"":true,""source"":0,""target"":6,""graph"":[{""u"":0,""v"":1,""w"":3},{""u"":0,""v"":2,""w"":5},{""u"":0,""v"":3,""w"":8},{""u"":0,""v"":4,""w"":9},{""u"":0,""v"":5,""w"":10},{""u"":1,""v"":6,""w"":1},{""u"":2,""v"":1,""w"":-3},{""u"":2,""v"":6,""w"":8},{""u"":3,""v"":6,""w"":8},{""u"":4,""v"":6,""w"":8},{""u"":5,""v"":6,""w"":8}],""num_vertices"":7,""instance_type"":""adversarial"",""greedy_answer"":""Path: 0 -> 1 -> 6, Cost: 4"",""greedy_succeeds"":false,""adversarial_pattern"":""negative_weight"",""requires_bellman_ford"":true,""difficulty_numeric"":15,""critical_step_index"":0}",stage1_procedural_generation
SP_045,W2,"Graph edges:
(0 → 1, weight=3)
(0 → 2, weight=5)
(0 → 3, weight=8)
(0 → 4, weight=9)
(0 → 5, weight=10)
(1 → 6, weight=1)
(2 → 1, weight=-3)
(2 → 6, weight=8)
(3 → 6, weight=8)
(4 → 6, weight=8)
(5 → 6, weight=8)
Source: 0
Target: 6","Path: 0 -> 2 -> 1 -> 6, Cost: 3",algorithmic,shortest_path,standard,hard,high,procedural_seed_13073513630427051207,verify_sp,"{""subtype"":""SP"",""directed"":true,""source"":0,""target"":6,""graph"":[{""u"":0,""v"":1,""w"":3},{""u"":0,""v"":2,""w"":5},{""u"":0,""v"":3,""w"":8},{""u"":0,""v"":4,""w"":9},{""u"":0,""v"":5,""w"":10},{""u"":1,""v"":6,""w"":1},{""u"":2,""v"":1,""w"":-3},{""u"":2,""v"":6,""w"":8},{""u"":3,""v"":6,""w"":8},{""u"":4,""v"":6,""w"":8},{""u"":5,""v"":6,""w"":8}],""num_vertices"":7,""instance_type"":""adversarial"",""greedy_answer"":""Path: 0 -> 1 -> 6, Cost: 4"",""greedy_succeeds"":false,""adversarial_pattern"":""negative_weight"",""requires_bellman_ford"":true,""difficulty_numeric"":15,""critical_step_index"":0}",stage1_procedural_generation
SP_045,W3,"A route planner has 7 locations labeled 0 to 6. Roads are one-way and weighted by travel time.

The road network is:
- Node Berlin to Node Prague: 3
- Node Berlin to Node Vienna: 5
- Node Berlin to Node Munich: 8
- Node Berlin to Node Zurich: 9
- Node Berlin to Node Milan: 10
- Node Prague to Node Paris: 1
- Node Vienna to Node Prague: -3
- Node Vienna to Node Paris: 8
- Node Munich to Node Paris: 8
- Node Zurich to Node Paris: 8
- Node Milan to Node Paris: 8

What is the shortest path from node Berlin to node Paris and its total cost?

Reply with only the path and cost.
Format: Path: X -> X -> X, Cost: X","Path: Berlin -> Vienna -> Prague -> Paris, Cost: 3",algorithmic,shortest_path,standard,hard,high,procedural_seed_13073513630427051207,verify_sp,"{""subtype"":""SP"",""directed"":true,""source"":0,""target"":6,""graph"":[{""u"":0,""v"":1,""w"":3},{""u"":0,""v"":2,""w"":5},{""u"":0,""v"":3,""w"":8},{""u"":0,""v"":4,""w"":9},{""u"":0,""v"":5,""w"":10},{""u"":1,""v"":6,""w"":1},{""u"":2,""v"":1,""w"":-3},{""u"":2,""v"":6,""w"":8},{""u"":3,""v"":6,""w"":8},{""u"":4,""v"":6,""w"":8},{""u"":5,""v"":6,""w"":8}],""num_vertices"":7,""instance_type"":""adversarial"",""greedy_answer"":""Path: 0 -> 1 -> 6, Cost: 4"",""greedy_succeeds"":false,""adversarial_pattern"":""negative_weight"",""requires_bellman_ford"":true,""difficulty_numeric"":15,""critical_step_index"":0}","stage1_procedural_generation | {""entity_mapping"": {""0"": ""Berlin"", ""1"": ""Prague"", ""2"": ""Vienna"", ""3"": ""Munich"", ""4"": ""Zurich"", ""5"": ""Milan"", ""6"": ""Paris""}}"
SP_045,W4,"G = (V, E) where V = {0, 1, ..., 6}
E = {(0,1,3), (0,2,5), (0,3,8), (0,4,9), (0,5,10), (1,6,1), (2,1,-3), (2,6,8), (3,6,8), (4,6,8), (5,6,8)}
Find: δ(0, 6) = minimum weight path from 0 to 6
OUTPUT FORMAT:
Path: X -> X -> X, Cost: X","Path: 0 -> 2 -> 1 -> 6, Cost: 3",algorithmic,shortest_path,standard,hard,high,procedural_seed_13073513630427051207,verify_sp,"{""subtype"":""SP"",""directed"":true,""source"":0,""target"":6,""graph"":[{""u"":0,""v"":1,""w"":3},{""u"":0,""v"":2,""w"":5},{""u"":0,""v"":3,""w"":8},{""u"":0,""v"":4,""w"":9},{""u"":0,""v"":5,""w"":10},{""u"":1,""v"":6,""w"":1},{""u"":2,""v"":1,""w"":-3},{""u"":2,""v"":6,""w"":8},{""u"":3,""v"":6,""w"":8},{""u"":4,""v"":6,""w"":8},{""u"":5,""v"":6,""w"":8}],""num_vertices"":7,""instance_type"":""adversarial"",""greedy_answer"":""Path: 0 -> 1 -> 6, Cost: 4"",""greedy_succeeds"":false,""adversarial_pattern"":""negative_weight"",""requires_bellman_ford"":true,""difficulty_numeric"":15,""critical_step_index"":0}",stage1_procedural_generation
SP_045,W5,"A route planner has 7 locations labeled 0 to 6. Roads are one-way and weighted by travel time.

The road network is:
- Node 0 to Node 1: 3
- Node 0 to Node 2: 5
- Node 0 to Node 3: 8
- Node 0 to Node 4: 9
- Node 0 to Node 5: 10
- Node 1 to Node 6: 1
- Node 2 to Node 1: -3
- Node 2 to Node 6: 8
- Node 3 to Node 6: 8
- Node 4 to Node 6: 8
- Node 5 to Node 6: 8

What is the shortest path from node 6 to node 0 and its total cost?

Reply with only the path and cost.
Format: Path: X -> X -> X, Cost: X","Path: 6 -> 1 -> 2 -> 0, Cost: 3",algorithmic,shortest_path,standard,hard,high,procedural_seed_13073513630427051207,verify_sp,"{""subtype"": ""SP"", ""directed"": true, ""source"": 6, ""target"": 0, ""graph"": [{""u"": 1, ""v"": 0, ""w"": 3}, {""u"": 2, ""v"": 0, ""w"": 5}, {""u"": 3, ""v"": 0, ""w"": 8}, {""u"": 4, ""v"": 0, ""w"": 9}, {""u"": 5, ""v"": 0, ""w"": 10}, {""u"": 6, ""v"": 1, ""w"": 1}, {""u"": 1, ""v"": 2, ""w"": -3}, {""u"": 6, ""v"": 2, ""w"": 8}, {""u"": 6, ""v"": 3, ""w"": 8}, {""u"": 6, ""v"": 4, ""w"": 8}, {""u"": 6, ""v"": 5, ""w"": 8}], ""num_vertices"": 7, ""instance_type"": ""adversarial"", ""greedy_answer"": ""Path: 0 -> 1 -> 6, Cost: 4"", ""greedy_succeeds"": false, ""adversarial_pattern"": ""negative_weight"", ""requires_bellman_ford"": true, ""difficulty_numeric"": 15, ""critical_step_index"": 0}",stage1_procedural_generation
SP_045,W6,"A route-planning task over weighted one-way roads. Edge list and travel times are:

- 0 -> 4: 2
- 0 -> 2: 17
- 0 -> 5: 7
- 1 -> 5: 3
- 2 -> 0: 7
- 2 -> 6: 1
- 3 -> 5: 17
- 4 -> 2: 7
- 4 -> 1: 4
- 5 -> 2: 3
- 6 -> 0: 5

Reply with only the path as a sequence of nodes and the total cost.
Format: Path: X -> X -> X, Cost: X","Path: 0 -> 4 -> 2 -> 6, Cost: 10",algorithmic,shortest_path,standard,hard,high,procedural_seed_13073513630427051207,verify_sp,"{""subtype"": ""SP"", ""directed"": true, ""source"": 0, ""target"": 6, ""graph"": [{""u"": 0, ""v"": 4, ""w"": 2}, {""u"": 0, ""v"": 2, ""w"": 17}, {""u"": 0, ""v"": 5, ""w"": 7}, {""u"": 1, ""v"": 5, ""w"": 3}, {""u"": 2, ""v"": 0, ""w"": 7}, {""u"": 2, ""v"": 6, ""w"": 1}, {""u"": 3, ""v"": 5, ""w"": 17}, {""u"": 4, ""v"": 2, ""w"": 7}, {""u"": 4, ""v"": 1, ""w"": 4}, {""u"": 5, ""v"": 2, ""w"": 3}, {""u"": 6, ""v"": 0, ""w"": 5}], ""num_vertices"": 7, ""instance_type"": ""adversarial"", ""greedy_answer"": ""Path: 0 -> 1 -> 6, Cost: 4"", ""greedy_succeeds"": false, ""adversarial_pattern"": ""negative_weight"", ""requires_bellman_ford"": true, ""difficulty_numeric"": 15, ""critical_step_index"": 0}",stage1_procedural_generation | w6_seed=3681458691
SP_046,W1,"A route planner contains 8 locations numbered from 0 through 7. The roads between locations are unidirectional and have associated travel times.

Here is the road network with travel times:
- From Node 0 to Node 1: 3
- From Node 0 to Node 2: 5
- From Node 0 to Node 3: 6
- From Node 0 to Node 4: 7
- From Node 0 to Node 5: 9
- From Node 0 to Node 6: 7
- From Node 1 to Node 7: 1
- From Node 2 to Node 1: -3
- From Node 2 to Node 7: 8
- From Node 3 to Node 7: 10
- From Node 4 to Node 7: 9
- From Node 5 to Node 7: 6
- From Node 6 to Node 7: 6

Find the path with minimum total cost from node 0 to node 7 and determine that cost.

Provide only the path and its cost.
Format: Path: X -> X -> X, Cost: X","Path: 0 -> 2 -> 1 -> 7, Cost: 3",algorithmic,shortest_path,standard,hard,high,procedural_seed_5084761663812501762,verify_sp,"{""subtype"":""SP"",""directed"":true,""source"":0,""target"":7,""graph"":[{""u"":0,""v"":1,""w"":3},{""u"":0,""v"":2,""w"":5},{""u"":0,""v"":3,""w"":6},{""u"":0,""v"":4,""w"":7},{""u"":0,""v"":5,""w"":9},{""u"":0,""v"":6,""w"":7},{""u"":1,""v"":7,""w"":1},{""u"":2,""v"":1,""w"":-3},{""u"":2,""v"":7,""w"":8},{""u"":3,""v"":7,""w"":10},{""u"":4,""v"":7,""w"":9},{""u"":5,""v"":7,""w"":6},{""u"":6,""v"":7,""w"":6}],""num_vertices"":8,""instance_type"":""adversarial"",""greedy_answer"":""Path: 0 -> 1 -> 7, Cost: 4"",""greedy_succeeds"":false,""adversarial_pattern"":""negative_weight"",""requires_bellman_ford"":true,""difficulty_numeric"":15,""critical_step_index"":0}",stage1_procedural_generation
SP_046,W2,"Graph edges:
(0 → 1, weight=3)
(0 → 2, weight=5)
(0 → 3, weight=6)
(0 → 4, weight=7)
(0 → 5, weight=9)
(0 → 6, weight=7)
(1 → 7, weight=1)
(2 → 1, weight=-3)
(2 → 7, weight=8)
(3 → 7, weight=10)
(4 → 7, weight=9)
(5 → 7, weight=6)
(6 → 7, weight=6)
Source: 0
Target: 7","Path: 0 -> 2 -> 1 -> 7, Cost: 3",algorithmic,shortest_path,standard,hard,high,procedural_seed_5084761663812501762,verify_sp,"{""subtype"":""SP"",""directed"":true,""source"":0,""target"":7,""graph"":[{""u"":0,""v"":1,""w"":3},{""u"":0,""v"":2,""w"":5},{""u"":0,""v"":3,""w"":6},{""u"":0,""v"":4,""w"":7},{""u"":0,""v"":5,""w"":9},{""u"":0,""v"":6,""w"":7},{""u"":1,""v"":7,""w"":1},{""u"":2,""v"":1,""w"":-3},{""u"":2,""v"":7,""w"":8},{""u"":3,""v"":7,""w"":10},{""u"":4,""v"":7,""w"":9},{""u"":5,""v"":7,""w"":6},{""u"":6,""v"":7,""w"":6}],""num_vertices"":8,""instance_type"":""adversarial"",""greedy_answer"":""Path: 0 -> 1 -> 7, Cost: 4"",""greedy_succeeds"":false,""adversarial_pattern"":""negative_weight"",""requires_bellman_ford"":true,""difficulty_numeric"":15,""critical_step_index"":0}",stage1_procedural_generation
SP_046,W3,"A route planner has 8 locations labeled 0 to 7. Roads are one-way and weighted by travel time.

The road network is:
- Node Paris to Node Lyon: 3
- Node Paris to Node Marseille: 5
- Node Paris to Node Toulouse: 6
- Node Paris to Node Nice: 7
- Node Paris to Node Nantes: 9
- Node Paris to Node Bordeaux: 7
- Node Lyon to Node Lille: 1
- Node Marseille to Node Lyon: -3
- Node Marseille to Node Lille: 8
- Node Toulouse to Node Lille: 10
- Node Nice to Node Lille: 9
- Node Nantes to Node Lille: 6
- Node Bordeaux to Node Lille: 6

What is the shortest path from node Paris to node Lille and its total cost?

Reply with only the path and cost.
Format: Path: X -> X -> X, Cost: X","Path: Paris -> Marseille -> Lyon -> Lille, Cost: 3",algorithmic,shortest_path,standard,hard,high,procedural_seed_5084761663812501762,verify_sp,"{""subtype"":""SP"",""directed"":true,""source"":0,""target"":7,""graph"":[{""u"":0,""v"":1,""w"":3},{""u"":0,""v"":2,""w"":5},{""u"":0,""v"":3,""w"":6},{""u"":0,""v"":4,""w"":7},{""u"":0,""v"":5,""w"":9},{""u"":0,""v"":6,""w"":7},{""u"":1,""v"":7,""w"":1},{""u"":2,""v"":1,""w"":-3},{""u"":2,""v"":7,""w"":8},{""u"":3,""v"":7,""w"":10},{""u"":4,""v"":7,""w"":9},{""u"":5,""v"":7,""w"":6},{""u"":6,""v"":7,""w"":6}],""num_vertices"":8,""instance_type"":""adversarial"",""greedy_answer"":""Path: 0 -> 1 -> 7, Cost: 4"",""greedy_succeeds"":false,""adversarial_pattern"":""negative_weight"",""requires_bellman_ford"":true,""difficulty_numeric"":15,""critical_step_index"":0}","stage1_procedural_generation | {""entity_mapping"": {""0"": ""Paris"", ""1"": ""Lyon"", ""2"": ""Marseille"", ""3"": ""Toulouse"", ""4"": ""Nice"", ""5"": ""Nantes"", ""6"": ""Bordeaux"", ""7"": ""Lille""}}"
SP_046,W4,"G = (V, E) where V = {0, 1, ..., 7}
E = {(0,1,3), (0,2,5), (0,3,6), (0,4,7), (0,5,9), (0,6,7), (1,7,1), (2,1,-3), (2,7,8), (3,7,10), (4,7,9), (5,7,6), (6,7,6)}
Find: δ(0, 7) = minimum weight path from 0 to 7
OUTPUT FORMAT:
Path: X -> X -> X, Cost: X","Path: 0 -> 2 -> 1 -> 7, Cost: 3",algorithmic,shortest_path,standard,hard,high,procedural_seed_5084761663812501762,verify_sp,"{""subtype"":""SP"",""directed"":true,""source"":0,""target"":7,""graph"":[{""u"":0,""v"":1,""w"":3},{""u"":0,""v"":2,""w"":5},{""u"":0,""v"":3,""w"":6},{""u"":0,""v"":4,""w"":7},{""u"":0,""v"":5,""w"":9},{""u"":0,""v"":6,""w"":7},{""u"":1,""v"":7,""w"":1},{""u"":2,""v"":1,""w"":-3},{""u"":2,""v"":7,""w"":8},{""u"":3,""v"":7,""w"":10},{""u"":4,""v"":7,""w"":9},{""u"":5,""v"":7,""w"":6},{""u"":6,""v"":7,""w"":6}],""num_vertices"":8,""instance_type"":""adversarial"",""greedy_answer"":""Path: 0 -> 1 -> 7, Cost: 4"",""greedy_succeeds"":false,""adversarial_pattern"":""negative_weight"",""requires_bellman_ford"":true,""difficulty_numeric"":15,""critical_step_index"":0}",stage1_procedural_generation
SP_046,W5,"A route planner has 8 locations labeled 0 to 7. Roads are one-way and weighted by travel time.

The road network is:
- Node 0 to Node 1: 3
- Node 0 to Node 2: 5
- Node 0 to Node 3: 6
- Node 0 to Node 4: 7
- Node 0 to Node 5: 9
- Node 0 to Node 6: 7
- Node 1 to Node 7: 1
- Node 2 to Node 1: -3
- Node 2 to Node 7: 8
- Node 3 to Node 7: 10
- Node 4 to Node 7: 9
- Node 5 to Node 7: 6
- Node 6 to Node 7: 6

What is the shortest path from node 7 to node 0 and its total cost?

Reply with only the path and cost.
Format: Path: X -> X -> X, Cost: X","Path: 7 -> 1 -> 2 -> 0, Cost: 3",algorithmic,shortest_path,standard,hard,high,procedural_seed_5084761663812501762,verify_sp,"{""subtype"": ""SP"", ""directed"": true, ""source"": 7, ""target"": 0, ""graph"": [{""u"": 1, ""v"": 0, ""w"": 3}, {""u"": 2, ""v"": 0, ""w"": 5}, {""u"": 3, ""v"": 0, ""w"": 6}, {""u"": 4, ""v"": 0, ""w"": 7}, {""u"": 5, ""v"": 0, ""w"": 9}, {""u"": 6, ""v"": 0, ""w"": 7}, {""u"": 7, ""v"": 1, ""w"": 1}, {""u"": 1, ""v"": 2, ""w"": -3}, {""u"": 7, ""v"": 2, ""w"": 8}, {""u"": 7, ""v"": 3, ""w"": 10}, {""u"": 7, ""v"": 4, ""w"": 9}, {""u"": 7, ""v"": 5, ""w"": 6}, {""u"": 7, ""v"": 6, ""w"": 6}], ""num_vertices"": 8, ""instance_type"": ""adversarial"", ""greedy_answer"": ""Path: 0 -> 1 -> 7, Cost: 4"", ""greedy_succeeds"": false, ""adversarial_pattern"": ""negative_weight"", ""requires_bellman_ford"": true, ""difficulty_numeric"": 15, ""critical_step_index"": 0}",stage1_procedural_generation
SP_046,W6,"A route-planning task over weighted one-way roads. Edge list and travel times are:

- 0 -> 7: 15
- 0 -> 4: 14
- 0 -> 6: 1
- 1 -> 2: 6
- 2 -> 7: 4
- 2 -> 1: 5
- 3 -> 4: 15
- 3 -> 7: 18
- 3 -> 2: 7
- 4 -> 1: 8
- 5 -> 1: 6
- 6 -> 2: 1
- 7 -> 0: 8

Reply with only the path as a sequence of nodes and the total cost.
Format: Path: X -> X -> X, Cost: X","Path: 0 -> 6 -> 2 -> 7, Cost: 6",algorithmic,shortest_path,standard,hard,high,procedural_seed_5084761663812501762,verify_sp,"{""subtype"": ""SP"", ""directed"": true, ""source"": 0, ""target"": 7, ""graph"": [{""u"": 0, ""v"": 7, ""w"": 15}, {""u"": 0, ""v"": 4, ""w"": 14}, {""u"": 0, ""v"": 6, ""w"": 1}, {""u"": 1, ""v"": 2, ""w"": 6}, {""u"": 2, ""v"": 7, ""w"": 4}, {""u"": 2, ""v"": 1, ""w"": 5}, {""u"": 3, ""v"": 4, ""w"": 15}, {""u"": 3, ""v"": 7, ""w"": 18}, {""u"": 3, ""v"": 2, ""w"": 7}, {""u"": 4, ""v"": 1, ""w"": 8}, {""u"": 5, ""v"": 1, ""w"": 6}, {""u"": 6, ""v"": 2, ""w"": 1}, {""u"": 7, ""v"": 0, ""w"": 8}], ""num_vertices"": 8, ""instance_type"": ""adversarial"", ""greedy_answer"": ""Path: 0 -> 1 -> 7, Cost: 4"", ""greedy_succeeds"": false, ""adversarial_pattern"": ""negative_weight"", ""requires_bellman_ford"": true, ""difficulty_numeric"": 15, ""critical_step_index"": 0}",stage1_procedural_generation | w6_seed=166431570
SP_047,W1,"A route planning system contains 7 locations numbered from 0 through 6. The roads between locations are unidirectional and have associated travel times.

The connections between nodes are as follows:
- From Node 0 to Node 1: 3
- From Node 0 to Node 2: 5
- From Node 0 to Node 3: 9
- From Node 0 to Node 4: 7
- From Node 0 to Node 5: 9
- From Node 1 to Node 6: 1
- From Node 2 to Node 1: -3
- From Node 2 to Node 6: 8
- From Node 3 to Node 6: 6
- From Node 4 to Node 6: 7
- From Node 5 to Node 6: 9

Find the path with minimum total travel time from node 0 to node 6 and calculate its cost.

Provide only the path and total cost in response.
Format: Path: X -> X -> X, Cost: X","Path: 0 -> 2 -> 1 -> 6, Cost: 3",algorithmic,shortest_path,standard,hard,high,procedural_seed_2430765928889498135,verify_sp,"{""subtype"":""SP"",""directed"":true,""source"":0,""target"":6,""graph"":[{""u"":0,""v"":1,""w"":3},{""u"":0,""v"":2,""w"":5},{""u"":0,""v"":3,""w"":9},{""u"":0,""v"":4,""w"":7},{""u"":0,""v"":5,""w"":9},{""u"":1,""v"":6,""w"":1},{""u"":2,""v"":1,""w"":-3},{""u"":2,""v"":6,""w"":8},{""u"":3,""v"":6,""w"":6},{""u"":4,""v"":6,""w"":7},{""u"":5,""v"":6,""w"":9}],""num_vertices"":7,""instance_type"":""adversarial"",""greedy_answer"":""Path: 0 -> 1 -> 6, Cost: 4"",""greedy_succeeds"":false,""adversarial_pattern"":""negative_weight"",""requires_bellman_ford"":true,""difficulty_numeric"":15,""critical_step_index"":0}",stage1_procedural_generation
SP_047,W2,"Graph edges:
(0 → 1, weight=3)
(0 → 2, weight=5)
(0 → 3, weight=9)
(0 → 4, weight=7)
(0 → 5, weight=9)
(1 → 6, weight=1)
(2 → 1, weight=-3)
(2 → 6, weight=8)
(3 → 6, weight=6)
(4 → 6, weight=7)
(5 → 6, weight=9)
Source: 0
Target: 6","Path: 0 -> 2 -> 1 -> 6, Cost: 3",algorithmic,shortest_path,standard,hard,high,procedural_seed_2430765928889498135,verify_sp,"{""subtype"":""SP"",""directed"":true,""source"":0,""target"":6,""graph"":[{""u"":0,""v"":1,""w"":3},{""u"":0,""v"":2,""w"":5},{""u"":0,""v"":3,""w"":9},{""u"":0,""v"":4,""w"":7},{""u"":0,""v"":5,""w"":9},{""u"":1,""v"":6,""w"":1},{""u"":2,""v"":1,""w"":-3},{""u"":2,""v"":6,""w"":8},{""u"":3,""v"":6,""w"":6},{""u"":4,""v"":6,""w"":7},{""u"":5,""v"":6,""w"":9}],""num_vertices"":7,""instance_type"":""adversarial"",""greedy_answer"":""Path: 0 -> 1 -> 6, Cost: 4"",""greedy_succeeds"":false,""adversarial_pattern"":""negative_weight"",""requires_bellman_ford"":true,""difficulty_numeric"":15,""critical_step_index"":0}",stage1_procedural_generation
SP_047,W3,"A route planner has 7 locations labeled 0 to 6. Roads are one-way and weighted by travel time.

The road network is:
- Node Paris to Node Lyon: 3
- Node Paris to Node Marseille: 5
- Node Paris to Node Toulouse: 9
- Node Paris to Node Nice: 7
- Node Paris to Node Nantes: 9
- Node Lyon to Node Lille: 1
- Node Marseille to Node Lyon: -3
- Node Marseille to Node Lille: 8
- Node Toulouse to Node Lille: 6
- Node Nice to Node Lille: 7
- Node Nantes to Node Lille: 9

What is the shortest path from node Paris to node Lille and its total cost?

Reply with only the path and cost.
Format: Path: X -> X -> X, Cost: X","Path: Paris -> Marseille -> Lyon -> Lille, Cost: 3",algorithmic,shortest_path,standard,hard,high,procedural_seed_2430765928889498135,verify_sp,"{""subtype"":""SP"",""directed"":true,""source"":0,""target"":6,""graph"":[{""u"":0,""v"":1,""w"":3},{""u"":0,""v"":2,""w"":5},{""u"":0,""v"":3,""w"":9},{""u"":0,""v"":4,""w"":7},{""u"":0,""v"":5,""w"":9},{""u"":1,""v"":6,""w"":1},{""u"":2,""v"":1,""w"":-3},{""u"":2,""v"":6,""w"":8},{""u"":3,""v"":6,""w"":6},{""u"":4,""v"":6,""w"":7},{""u"":5,""v"":6,""w"":9}],""num_vertices"":7,""instance_type"":""adversarial"",""greedy_answer"":""Path: 0 -> 1 -> 6, Cost: 4"",""greedy_succeeds"":false,""adversarial_pattern"":""negative_weight"",""requires_bellman_ford"":true,""difficulty_numeric"":15,""critical_step_index"":0}","stage1_procedural_generation | {""entity_mapping"": {""0"": ""Paris"", ""1"": ""Lyon"", ""2"": ""Marseille"", ""3"": ""Toulouse"", ""4"": ""Nice"", ""5"": ""Nantes"", ""6"": ""Lille""}}"
SP_047,W4,"G = (V, E) where V = {0, 1, ..., 6}
E = {(0,1,3), (0,2,5), (0,3,9), (0,4,7), (0,5,9), (1,6,1), (2,1,-3), (2,6,8), (3,6,6), (4,6,7), (5,6,9)}
Find: δ(0, 6) = minimum weight path from 0 to 6
OUTPUT FORMAT:
Path: X -> X -> X, Cost: X","Path: 0 -> 2 -> 1 -> 6, Cost: 3",algorithmic,shortest_path,standard,hard,high,procedural_seed_2430765928889498135,verify_sp,"{""subtype"":""SP"",""directed"":true,""source"":0,""target"":6,""graph"":[{""u"":0,""v"":1,""w"":3},{""u"":0,""v"":2,""w"":5},{""u"":0,""v"":3,""w"":9},{""u"":0,""v"":4,""w"":7},{""u"":0,""v"":5,""w"":9},{""u"":1,""v"":6,""w"":1},{""u"":2,""v"":1,""w"":-3},{""u"":2,""v"":6,""w"":8},{""u"":3,""v"":6,""w"":6},{""u"":4,""v"":6,""w"":7},{""u"":5,""v"":6,""w"":9}],""num_vertices"":7,""instance_type"":""adversarial"",""greedy_answer"":""Path: 0 -> 1 -> 6, Cost: 4"",""greedy_succeeds"":false,""adversarial_pattern"":""negative_weight"",""requires_bellman_ford"":true,""difficulty_numeric"":15,""critical_step_index"":0}",stage1_procedural_generation
SP_047,W5,"A route planner has 7 locations labeled 0 to 6. Roads are one-way and weighted by travel time.

The road network is:
- Node 0 to Node 1: 3
- Node 0 to Node 2: 5
- Node 0 to Node 3: 9
- Node 0 to Node 4: 7
- Node 0 to Node 5: 9
- Node 1 to Node 6: 1
- Node 2 to Node 1: -3
- Node 2 to Node 6: 8
- Node 3 to Node 6: 6
- Node 4 to Node 6: 7
- Node 5 to Node 6: 9

What is the shortest path from node 6 to node 0 and its total cost?

Reply with only the path and cost.
Format: Path: X -> X -> X, Cost: X","Path: 6 -> 1 -> 2 -> 0, Cost: 3",algorithmic,shortest_path,standard,hard,high,procedural_seed_2430765928889498135,verify_sp,"{""subtype"": ""SP"", ""directed"": true, ""source"": 6, ""target"": 0, ""graph"": [{""u"": 1, ""v"": 0, ""w"": 3}, {""u"": 2, ""v"": 0, ""w"": 5}, {""u"": 3, ""v"": 0, ""w"": 9}, {""u"": 4, ""v"": 0, ""w"": 7}, {""u"": 5, ""v"": 0, ""w"": 9}, {""u"": 6, ""v"": 1, ""w"": 1}, {""u"": 1, ""v"": 2, ""w"": -3}, {""u"": 6, ""v"": 2, ""w"": 8}, {""u"": 6, ""v"": 3, ""w"": 6}, {""u"": 6, ""v"": 4, ""w"": 7}, {""u"": 6, ""v"": 5, ""w"": 9}], ""num_vertices"": 7, ""instance_type"": ""adversarial"", ""greedy_answer"": ""Path: 0 -> 1 -> 6, Cost: 4"", ""greedy_succeeds"": false, ""adversarial_pattern"": ""negative_weight"", ""requires_bellman_ford"": true, ""difficulty_numeric"": 15, ""critical_step_index"": 0}",stage1_procedural_generation
SP_047,W6,"A route-planning task over weighted one-way roads. Edge list and travel times are:

- 0 -> 3: 1
- 0 -> 6: 7
- 1 -> 2: 5
- 1 -> 6: 4
- 1 -> 3: 11
- 2 -> 1: 1
- 2 -> 6: 12
- 3 -> 5: 3
- 4 -> 0: 13
- 4 -> 5: 9
- 5 -> 2: 1

Reply with only the path as a sequence of nodes and the total cost.
Format: Path: X -> X -> X, Cost: X","Path: 0 -> 6, Cost: 7",algorithmic,shortest_path,standard,hard,high,procedural_seed_2430765928889498135,verify_sp,"{""subtype"": ""SP"", ""directed"": true, ""source"": 0, ""target"": 6, ""graph"": [{""u"": 0, ""v"": 3, ""w"": 1}, {""u"": 0, ""v"": 6, ""w"": 7}, {""u"": 1, ""v"": 2, ""w"": 5}, {""u"": 1, ""v"": 6, ""w"": 4}, {""u"": 1, ""v"": 3, ""w"": 11}, {""u"": 2, ""v"": 1, ""w"": 1}, {""u"": 2, ""v"": 6, ""w"": 12}, {""u"": 3, ""v"": 5, ""w"": 3}, {""u"": 4, ""v"": 0, ""w"": 13}, {""u"": 4, ""v"": 5, ""w"": 9}, {""u"": 5, ""v"": 2, ""w"": 1}], ""num_vertices"": 7, ""instance_type"": ""adversarial"", ""greedy_answer"": ""Path: 0 -> 1 -> 6, Cost: 4"", ""greedy_succeeds"": false, ""adversarial_pattern"": ""negative_weight"", ""requires_bellman_ford"": true, ""difficulty_numeric"": 15, ""critical_step_index"": 0}",stage1_procedural_generation | w6_seed=805721185
SP_048,W1,"A route planner contains 8 locations designated 0 to 7. Each road is one-way with travel time weights.

The existing road connections are:
- Node 0 to Node 1: 3
- Node 0 to Node 2: 5
- Node 0 to Node 3: 9
- Node 0 to Node 4: 8
- Node 0 to Node 5: 8
- Node 0 to Node 6: 7
- Node 1 to Node 7: 1
- Node 2 to Node 1: -3
- Node 2 to Node 7: 8
- Node 3 to Node 7: 9
- Node 4 to Node 7: 8
- Node 5 to Node 7: 10
- Node 6 to Node 7: 7

Find the shortest path from node 0 to node 7 and calculate its total cost.

Reply with only the path and cost.
Format: Path: X -> X -> X, Cost: X","Path: 0 -> 2 -> 1 -> 7, Cost: 3",algorithmic,shortest_path,standard,hard,high,procedural_seed_10614725417452168738,verify_sp,"{""subtype"":""SP"",""directed"":true,""source"":0,""target"":7,""graph"":[{""u"":0,""v"":1,""w"":3},{""u"":0,""v"":2,""w"":5},{""u"":0,""v"":3,""w"":9},{""u"":0,""v"":4,""w"":8},{""u"":0,""v"":5,""w"":8},{""u"":0,""v"":6,""w"":7},{""u"":1,""v"":7,""w"":1},{""u"":2,""v"":1,""w"":-3},{""u"":2,""v"":7,""w"":8},{""u"":3,""v"":7,""w"":9},{""u"":4,""v"":7,""w"":8},{""u"":5,""v"":7,""w"":10},{""u"":6,""v"":7,""w"":7}],""num_vertices"":8,""instance_type"":""adversarial"",""greedy_answer"":""Path: 0 -> 1 -> 7, Cost: 4"",""greedy_succeeds"":false,""adversarial_pattern"":""negative_weight"",""requires_bellman_ford"":true,""difficulty_numeric"":15,""critical_step_index"":0}",stage1_procedural_generation
SP_048,W2,"Graph edges:
(0 → 1, weight=3)
(0 → 2, weight=5)
(0 → 3, weight=9)
(0 → 4, weight=8)
(0 → 5, weight=8)
(0 → 6, weight=7)
(1 → 7, weight=1)
(2 → 1, weight=-3)
(2 → 7, weight=8)
(3 → 7, weight=9)
(4 → 7, weight=8)
(5 → 7, weight=10)
(6 → 7, weight=7)
Source: 0
Target: 7","Path: 0 -> 2 -> 1 -> 7, Cost: 3",algorithmic,shortest_path,standard,hard,high,procedural_seed_10614725417452168738,verify_sp,"{""subtype"":""SP"",""directed"":true,""source"":0,""target"":7,""graph"":[{""u"":0,""v"":1,""w"":3},{""u"":0,""v"":2,""w"":5},{""u"":0,""v"":3,""w"":9},{""u"":0,""v"":4,""w"":8},{""u"":0,""v"":5,""w"":8},{""u"":0,""v"":6,""w"":7},{""u"":1,""v"":7,""w"":1},{""u"":2,""v"":1,""w"":-3},{""u"":2,""v"":7,""w"":8},{""u"":3,""v"":7,""w"":9},{""u"":4,""v"":7,""w"":8},{""u"":5,""v"":7,""w"":10},{""u"":6,""v"":7,""w"":7}],""num_vertices"":8,""instance_type"":""adversarial"",""greedy_answer"":""Path: 0 -> 1 -> 7, Cost: 4"",""greedy_succeeds"":false,""adversarial_pattern"":""negative_weight"",""requires_bellman_ford"":true,""difficulty_numeric"":15,""critical_step_index"":0}",stage1_procedural_generation
SP_048,W3,"A route planner has 8 locations labeled 0 to 7. Roads are one-way and weighted by travel time.

The road network is:
- Node London to Node Paris: 3
- Node London to Node Berlin: 5
- Node London to Node Rome: 9
- Node London to Node Madrid: 8
- Node London to Node Vienna: 8
- Node London to Node Prague: 7
- Node Paris to Node Warsaw: 1
- Node Berlin to Node Paris: -3
- Node Berlin to Node Warsaw: 8
- Node Rome to Node Warsaw: 9
- Node Madrid to Node Warsaw: 8
- Node Vienna to Node Warsaw: 10
- Node Prague to Node Warsaw: 7

What is the shortest path from node London to node Warsaw and its total cost?

Reply with only the path and cost.
Format: Path: X -> X -> X, Cost: X","Path: London -> Berlin -> Paris -> Warsaw, Cost: 3",algorithmic,shortest_path,standard,hard,high,procedural_seed_10614725417452168738,verify_sp,"{""subtype"":""SP"",""directed"":true,""source"":0,""target"":7,""graph"":[{""u"":0,""v"":1,""w"":3},{""u"":0,""v"":2,""w"":5},{""u"":0,""v"":3,""w"":9},{""u"":0,""v"":4,""w"":8},{""u"":0,""v"":5,""w"":8},{""u"":0,""v"":6,""w"":7},{""u"":1,""v"":7,""w"":1},{""u"":2,""v"":1,""w"":-3},{""u"":2,""v"":7,""w"":8},{""u"":3,""v"":7,""w"":9},{""u"":4,""v"":7,""w"":8},{""u"":5,""v"":7,""w"":10},{""u"":6,""v"":7,""w"":7}],""num_vertices"":8,""instance_type"":""adversarial"",""greedy_answer"":""Path: 0 -> 1 -> 7, Cost: 4"",""greedy_succeeds"":false,""adversarial_pattern"":""negative_weight"",""requires_bellman_ford"":true,""difficulty_numeric"":15,""critical_step_index"":0}","stage1_procedural_generation | {""entity_mapping"": {""0"": ""London"", ""1"": ""Paris"", ""2"": ""Berlin"", ""3"": ""Rome"", ""4"": ""Madrid"", ""5"": ""Vienna"", ""6"": ""Prague"", ""7"": ""Warsaw""}}"
SP_048,W4,"G = (V, E) where V = {0, 1, ..., 7}
E = {(0,1,3), (0,2,5), (0,3,9), (0,4,8), (0,5,8), (0,6,7), (1,7,1), (2,1,-3), (2,7,8), (3,7,9), (4,7,8), (5,7,10), (6,7,7)}
Find: δ(0, 7) = minimum weight path from 0 to 7
OUTPUT FORMAT:
Path: X -> X -> X, Cost: X","Path: 0 -> 2 -> 1 -> 7, Cost: 3",algorithmic,shortest_path,standard,hard,high,procedural_seed_10614725417452168738,verify_sp,"{""subtype"":""SP"",""directed"":true,""source"":0,""target"":7,""graph"":[{""u"":0,""v"":1,""w"":3},{""u"":0,""v"":2,""w"":5},{""u"":0,""v"":3,""w"":9},{""u"":0,""v"":4,""w"":8},{""u"":0,""v"":5,""w"":8},{""u"":0,""v"":6,""w"":7},{""u"":1,""v"":7,""w"":1},{""u"":2,""v"":1,""w"":-3},{""u"":2,""v"":7,""w"":8},{""u"":3,""v"":7,""w"":9},{""u"":4,""v"":7,""w"":8},{""u"":5,""v"":7,""w"":10},{""u"":6,""v"":7,""w"":7}],""num_vertices"":8,""instance_type"":""adversarial"",""greedy_answer"":""Path: 0 -> 1 -> 7, Cost: 4"",""greedy_succeeds"":false,""adversarial_pattern"":""negative_weight"",""requires_bellman_ford"":true,""difficulty_numeric"":15,""critical_step_index"":0}",stage1_procedural_generation
SP_048,W5,"A route planner has 8 locations labeled 0 to 7. Roads are one-way and weighted by travel time.

The road network is:
- Node 0 to Node 1: 3
- Node 0 to Node 2: 5
- Node 0 to Node 3: 9
- Node 0 to Node 4: 8
- Node 0 to Node 5: 8
- Node 0 to Node 6: 7
- Node 1 to Node 7: 1
- Node 2 to Node 1: -3
- Node 2 to Node 7: 8
- Node 3 to Node 7: 9
- Node 4 to Node 7: 8
- Node 5 to Node 7: 10
- Node 6 to Node 7: 7

What is the shortest path from node 7 to node 0 and its total cost?

Reply with only the path and cost.
Format: Path: X -> X -> X, Cost: X","Path: 7 -> 1 -> 2 -> 0, Cost: 3",algorithmic,shortest_path,standard,hard,high,procedural_seed_10614725417452168738,verify_sp,"{""subtype"": ""SP"", ""directed"": true, ""source"": 7, ""target"": 0, ""graph"": [{""u"": 1, ""v"": 0, ""w"": 3}, {""u"": 2, ""v"": 0, ""w"": 5}, {""u"": 3, ""v"": 0, ""w"": 9}, {""u"": 4, ""v"": 0, ""w"": 8}, {""u"": 5, ""v"": 0, ""w"": 8}, {""u"": 6, ""v"": 0, ""w"": 7}, {""u"": 7, ""v"": 1, ""w"": 1}, {""u"": 1, ""v"": 2, ""w"": -3}, {""u"": 7, ""v"": 2, ""w"": 8}, {""u"": 7, ""v"": 3, ""w"": 9}, {""u"": 7, ""v"": 4, ""w"": 8}, {""u"": 7, ""v"": 5, ""w"": 10}, {""u"": 7, ""v"": 6, ""w"": 7}], ""num_vertices"": 8, ""instance_type"": ""adversarial"", ""greedy_answer"": ""Path: 0 -> 1 -> 7, Cost: 4"", ""greedy_succeeds"": false, ""adversarial_pattern"": ""negative_weight"", ""requires_bellman_ford"": true, ""difficulty_numeric"": 15, ""critical_step_index"": 0}",stage1_procedural_generation
SP_048,W6,"A route-planning task over weighted one-way roads. Edge list and travel times are:

- 0 -> 7: 9
- 0 -> 4: 10
- 0 -> 3: 4
- 2 -> 4: 14
- 2 -> 3: 10
- 2 -> 6: 12
- 3 -> 6: 1
- 4 -> 2: 18
- 5 -> 0: 18
- 5 -> 2: 14
- 6 -> 7: 3
- 7 -> 1: 9
- 7 -> 3: 8

Reply with only the path as a sequence of nodes and the total cost.
Format: Path: X -> X -> X, Cost: X","Path: 0 -> 3 -> 6 -> 7, Cost: 8",algorithmic,shortest_path,standard,hard,high,procedural_seed_10614725417452168738,verify_sp,"{""subtype"": ""SP"", ""directed"": true, ""source"": 0, ""target"": 7, ""graph"": [{""u"": 0, ""v"": 7, ""w"": 9}, {""u"": 0, ""v"": 4, ""w"": 10}, {""u"": 0, ""v"": 3, ""w"": 4}, {""u"": 2, ""v"": 4, ""w"": 14}, {""u"": 2, ""v"": 3, ""w"": 10}, {""u"": 2, ""v"": 6, ""w"": 12}, {""u"": 3, ""v"": 6, ""w"": 1}, {""u"": 4, ""v"": 2, ""w"": 18}, {""u"": 5, ""v"": 0, ""w"": 18}, {""u"": 5, ""v"": 2, ""w"": 14}, {""u"": 6, ""v"": 7, ""w"": 3}, {""u"": 7, ""v"": 1, ""w"": 9}, {""u"": 7, ""v"": 3, ""w"": 8}], ""num_vertices"": 8, ""instance_type"": ""adversarial"", ""greedy_answer"": ""Path: 0 -> 1 -> 7, Cost: 4"", ""greedy_succeeds"": false, ""adversarial_pattern"": ""negative_weight"", ""requires_bellman_ford"": true, ""difficulty_numeric"": 15, ""critical_step_index"": 0}",stage1_procedural_generation | w6_seed=2939128720
SP_049,W1,"A path-finding system contains 9 positions identified as 0 through 8. Connections are unidirectional and measured by duration of travel.

The connection structure consists of:
- Node 0 connects to Node 1: 1
- Node 0 connects to Node 4: 3
- Node 1 connects to Node 2: 20
- Node 2 connects to Node 8: 25
- Node 4 connects to Node 3: 12
- Node 4 connects to Node 6: 2
- Node 6 connects to Node 5: 15
- Node 6 connects to Node 7: 16
- Node 6 connects to Node 8: 5

Determine the path with minimum total weight from node 0 to node 8 along with the sum of weights.

Respond using just the route and total weight.
Format: Path: X -> X -> X, Cost: X","Path: 0 -> 4 -> 6 -> 8, Cost: 10",algorithmic,shortest_path,adversarial,hard,high,procedural_seed_1248961250435593600,verify_sp,"{""subtype"":""SP"",""directed"":true,""source"":0,""target"":8,""graph"":[{""u"":0,""v"":1,""w"":1},{""u"":0,""v"":4,""w"":3},{""u"":1,""v"":2,""w"":20},{""u"":2,""v"":8,""w"":25},{""u"":4,""v"":3,""w"":12},{""u"":4,""v"":6,""w"":2},{""u"":6,""v"":5,""w"":15},{""u"":6,""v"":7,""w"":16},{""u"":6,""v"":8,""w"":5}],""num_vertices"":9,""instance_type"":""standard"",""greedy_answer"":""Path: 0 -> 1 -> 2 -> 8, Cost: 46"",""greedy_succeeds"":false,""tempting_wrong_first_move"":1,""difficulty_numeric"":14,""critical_step_index"":-1}",stage1_procedural_generation
SP_049,W2,"Graph edges:
(0 → 1, weight=1)
(0 → 4, weight=3)
(1 → 2, weight=20)
(2 → 8, weight=25)
(4 → 3, weight=12)
(4 → 6, weight=2)
(6 → 5, weight=15)
(6 → 7, weight=16)
(6 → 8, weight=5)
Source: 0
Target: 8","Path: 0 -> 4 -> 6 -> 8, Cost: 10",algorithmic,shortest_path,adversarial,hard,high,procedural_seed_1248961250435593600,verify_sp,"{""subtype"":""SP"",""directed"":true,""source"":0,""target"":8,""graph"":[{""u"":0,""v"":1,""w"":1},{""u"":0,""v"":4,""w"":3},{""u"":1,""v"":2,""w"":20},{""u"":2,""v"":8,""w"":25},{""u"":4,""v"":3,""w"":12},{""u"":4,""v"":6,""w"":2},{""u"":6,""v"":5,""w"":15},{""u"":6,""v"":7,""w"":16},{""u"":6,""v"":8,""w"":5}],""num_vertices"":9,""instance_type"":""standard"",""greedy_answer"":""Path: 0 -> 1 -> 2 -> 8, Cost: 46"",""greedy_succeeds"":false,""tempting_wrong_first_move"":1,""difficulty_numeric"":14,""critical_step_index"":-1}",stage1_procedural_generation
SP_049,W3,"A route planner has 9 locations labeled 0 to 8. Roads are one-way and weighted by travel time.

The road network is:
- Node Paris to Node Brussels: 1
- Node Paris to Node Geneva: 3
- Node Brussels to Node Amsterdam: 20
- Node Amsterdam to Node Rome: 25
- Node Geneva to Node Lyon: 12
- Node Geneva to Node Milan: 2
- Node Milan to Node Zurich: 15
- Node Milan to Node Venice: 16
- Node Milan to Node Rome: 5

What is the shortest path from node Paris to node Rome and its total cost?

Reply with only the path and cost.
Format: Path: X -> X -> X, Cost: X","Path: Paris -> Geneva -> Milan -> Rome, Cost: 10",algorithmic,shortest_path,adversarial,hard,high,procedural_seed_1248961250435593600,verify_sp,"{""subtype"":""SP"",""directed"":true,""source"":0,""target"":8,""graph"":[{""u"":0,""v"":1,""w"":1},{""u"":0,""v"":4,""w"":3},{""u"":1,""v"":2,""w"":20},{""u"":2,""v"":8,""w"":25},{""u"":4,""v"":3,""w"":12},{""u"":4,""v"":6,""w"":2},{""u"":6,""v"":5,""w"":15},{""u"":6,""v"":7,""w"":16},{""u"":6,""v"":8,""w"":5}],""num_vertices"":9,""instance_type"":""standard"",""greedy_answer"":""Path: 0 -> 1 -> 2 -> 8, Cost: 46"",""greedy_succeeds"":false,""tempting_wrong_first_move"":1,""difficulty_numeric"":14,""critical_step_index"":-1}","stage1_procedural_generation | {""entity_mapping"": {""0"": ""Paris"", ""1"": ""Brussels"", ""2"": ""Amsterdam"", ""3"": ""Lyon"", ""4"": ""Geneva"", ""5"": ""Zurich"", ""6"": ""Milan"", ""7"": ""Venice"", ""8"": ""Rome""}}"
SP_049,W4,"G = (V, E) where V = {0, 1, ..., 8}
E = {(0,1,1), (0,4,3), (1,2,20), (2,8,25), (4,3,12), (4,6,2), (6,5,15), (6,7,16), (6,8,5)}
Find: δ(0, 8) = minimum weight path from 0 to 8
OUTPUT FORMAT:
Path: X -> X -> X, Cost: X","Path: 0 -> 4 -> 6 -> 8, Cost: 10",algorithmic,shortest_path,adversarial,hard,high,procedural_seed_1248961250435593600,verify_sp,"{""subtype"":""SP"",""directed"":true,""source"":0,""target"":8,""graph"":[{""u"":0,""v"":1,""w"":1},{""u"":0,""v"":4,""w"":3},{""u"":1,""v"":2,""w"":20},{""u"":2,""v"":8,""w"":25},{""u"":4,""v"":3,""w"":12},{""u"":4,""v"":6,""w"":2},{""u"":6,""v"":5,""w"":15},{""u"":6,""v"":7,""w"":16},{""u"":6,""v"":8,""w"":5}],""num_vertices"":9,""instance_type"":""standard"",""greedy_answer"":""Path: 0 -> 1 -> 2 -> 8, Cost: 46"",""greedy_succeeds"":false,""tempting_wrong_first_move"":1,""difficulty_numeric"":14,""critical_step_index"":-1}",stage1_procedural_generation
SP_049,W5,"A route planner has 9 locations labeled 0 to 8. Roads are one-way and weighted by travel time.

The road network is:
- Node 0 to Node 1: 1
- Node 0 to Node 4: 3
- Node 1 to Node 2: 20
- Node 2 to Node 8: 25
- Node 4 to Node 3: 12
- Node 4 to Node 6: 2
- Node 6 to Node 5: 15
- Node 6 to Node 7: 16
- Node 6 to Node 8: 5

What is the shortest path from node 8 to node 0 and its total cost?

Reply with only the path and cost.
Format: Path: X -> X -> X, Cost: X","Path: 8 -> 6 -> 4 -> 0, Cost: 10",algorithmic,shortest_path,adversarial,hard,high,procedural_seed_1248961250435593600,verify_sp,"{""subtype"": ""SP"", ""directed"": true, ""source"": 8, ""target"": 0, ""graph"": [{""u"": 1, ""v"": 0, ""w"": 1}, {""u"": 4, ""v"": 0, ""w"": 3}, {""u"": 2, ""v"": 1, ""w"": 20}, {""u"": 8, ""v"": 2, ""w"": 25}, {""u"": 3, ""v"": 4, ""w"": 12}, {""u"": 6, ""v"": 4, ""w"": 2}, {""u"": 5, ""v"": 6, ""w"": 15}, {""u"": 7, ""v"": 6, ""w"": 16}, {""u"": 8, ""v"": 6, ""w"": 5}], ""num_vertices"": 9, ""instance_type"": ""standard"", ""greedy_answer"": ""Path: 0 -> 1 -> 2 -> 8, Cost: 46"", ""greedy_succeeds"": false, ""tempting_wrong_first_move"": 1, ""difficulty_numeric"": 14, ""critical_step_index"": -1}",stage1_procedural_generation
SP_049,W6,"A route-planning task over weighted one-way roads. Edge list and travel times are:

- 0 -> 4: 3
- 1 -> 8: 11
- 2 -> 7: 4
- 4 -> 3: 12
- 4 -> 6: 4
- 5 -> 8: 10
- 6 -> 2: 4
- 7 -> 8: 2
- 8 -> 0: 13

Reply with only the path as a sequence of nodes and the total cost.
Format: Path: X -> X -> X, Cost: X","Path: 0 -> 4 -> 6 -> 2 -> 7 -> 8, Cost: 17",algorithmic,shortest_path,adversarial,hard,high,procedural_seed_1248961250435593600,verify_sp,"{""subtype"": ""SP"", ""directed"": true, ""source"": 0, ""target"": 8, ""graph"": [{""u"": 0, ""v"": 4, ""w"": 3}, {""u"": 1, ""v"": 8, ""w"": 11}, {""u"": 2, ""v"": 7, ""w"": 4}, {""u"": 4, ""v"": 3, ""w"": 12}, {""u"": 4, ""v"": 6, ""w"": 4}, {""u"": 5, ""v"": 8, ""w"": 10}, {""u"": 6, ""v"": 2, ""w"": 4}, {""u"": 7, ""v"": 8, ""w"": 2}, {""u"": 8, ""v"": 0, ""w"": 13}], ""num_vertices"": 9, ""instance_type"": ""standard"", ""greedy_answer"": ""Path: 0 -> 1 -> 2 -> 8, Cost: 46"", ""greedy_succeeds"": false, ""tempting_wrong_first_move"": 1, ""difficulty_numeric"": 14, ""critical_step_index"": -1}",stage1_procedural_generation | w6_seed=3850727553
SP_050,W1,"A route planning system contains 8 locations numbered from 0 through 7. The roads connecting them are unidirectional and have associated travel times.

The available connections are as follows:
- From Node 0 to Node 1: 1
- From Node 0 to Node 3: 4
- From Node 1 to Node 2: 20
- From Node 2 to Node 7: 26
- From Node 3 to Node 4: 2
- From Node 4 to Node 5: 3
- From Node 4 to Node 6: 17
- From Node 5 to Node 7: 2

Determine the path with minimum total travel time from node 0 to node 7 and provide its cost.

Respond with just the path and total cost.
Format: Path: X -> X -> X, Cost: X","Path: 0 -> 3 -> 4 -> 5 -> 7, Cost: 11",algorithmic,shortest_path,adversarial,hard,high,procedural_seed_15424468400963105516,verify_sp,"{""subtype"":""SP"",""directed"":true,""source"":0,""target"":7,""graph"":[{""u"":0,""v"":1,""w"":1},{""u"":0,""v"":3,""w"":4},{""u"":1,""v"":2,""w"":20},{""u"":2,""v"":7,""w"":26},{""u"":3,""v"":4,""w"":2},{""u"":4,""v"":5,""w"":3},{""u"":4,""v"":6,""w"":17},{""u"":5,""v"":7,""w"":2}],""num_vertices"":8,""instance_type"":""standard"",""greedy_answer"":""Path: 0 -> 1 -> 2 -> 7, Cost: 47"",""greedy_succeeds"":false,""tempting_wrong_first_move"":1,""difficulty_numeric"":13,""critical_step_index"":-1}",stage1_procedural_generation
SP_050,W2,"Graph edges:
(0 → 1, weight=1)
(0 → 3, weight=4)
(1 → 2, weight=20)
(2 → 7, weight=26)
(3 → 4, weight=2)
(4 → 5, weight=3)
(4 → 6, weight=17)
(5 → 7, weight=2)
Source: 0
Target: 7","Path: 0 -> 3 -> 4 -> 5 -> 7, Cost: 11",algorithmic,shortest_path,adversarial,hard,high,procedural_seed_15424468400963105516,verify_sp,"{""subtype"":""SP"",""directed"":true,""source"":0,""target"":7,""graph"":[{""u"":0,""v"":1,""w"":1},{""u"":0,""v"":3,""w"":4},{""u"":1,""v"":2,""w"":20},{""u"":2,""v"":7,""w"":26},{""u"":3,""v"":4,""w"":2},{""u"":4,""v"":5,""w"":3},{""u"":4,""v"":6,""w"":17},{""u"":5,""v"":7,""w"":2}],""num_vertices"":8,""instance_type"":""standard"",""greedy_answer"":""Path: 0 -> 1 -> 2 -> 7, Cost: 47"",""greedy_succeeds"":false,""tempting_wrong_first_move"":1,""difficulty_numeric"":13,""critical_step_index"":-1}",stage1_procedural_generation
SP_050,W3,"A route planner has 8 locations labeled 0 to 7. Roads are one-way and weighted by travel time.

The road network is:
- Node Tokyo to Node Osaka: 1
- Node Tokyo to Node Nagoya: 4
- Node Osaka to Node Kyoto: 20
- Node Kyoto to Node Sendai: 26
- Node Nagoya to Node Kobe: 2
- Node Kobe to Node Nara: 3
- Node Kobe to Node Yokohama: 17
- Node Nara to Node Sendai: 2

What is the shortest path from node Tokyo to node Sendai and its total cost?

Reply with only the path and cost.
Format: Path: X -> X -> X, Cost: X","Path: Tokyo -> Nagoya -> Kobe -> Nara -> Sendai, Cost: 11",algorithmic,shortest_path,adversarial,hard,high,procedural_seed_15424468400963105516,verify_sp,"{""subtype"":""SP"",""directed"":true,""source"":0,""target"":7,""graph"":[{""u"":0,""v"":1,""w"":1},{""u"":0,""v"":3,""w"":4},{""u"":1,""v"":2,""w"":20},{""u"":2,""v"":7,""w"":26},{""u"":3,""v"":4,""w"":2},{""u"":4,""v"":5,""w"":3},{""u"":4,""v"":6,""w"":17},{""u"":5,""v"":7,""w"":2}],""num_vertices"":8,""instance_type"":""standard"",""greedy_answer"":""Path: 0 -> 1 -> 2 -> 7, Cost: 47"",""greedy_succeeds"":false,""tempting_wrong_first_move"":1,""difficulty_numeric"":13,""critical_step_index"":-1}","stage1_procedural_generation | {""entity_mapping"": {""0"": ""Tokyo"", ""1"": ""Osaka"", ""2"": ""Kyoto"", ""3"": ""Nagoya"", ""4"": ""Kobe"", ""5"": ""Nara"", ""6"": ""Yokohama"", ""7"": ""Sendai""}}"
SP_050,W4,"G = (V, E) where V = {0, 1, ..., 7}
E = {(0,1,1), (0,3,4), (1,2,20), (2,7,26), (3,4,2), (4,5,3), (4,6,17), (5,7,2)}
Find: δ(0, 7) = minimum weight path from 0 to 7
OUTPUT FORMAT:
Path: X -> X -> X, Cost: X","Path: 0 -> 3 -> 4 -> 5 -> 7, Cost: 11",algorithmic,shortest_path,adversarial,hard,high,procedural_seed_15424468400963105516,verify_sp,"{""subtype"":""SP"",""directed"":true,""source"":0,""target"":7,""graph"":[{""u"":0,""v"":1,""w"":1},{""u"":0,""v"":3,""w"":4},{""u"":1,""v"":2,""w"":20},{""u"":2,""v"":7,""w"":26},{""u"":3,""v"":4,""w"":2},{""u"":4,""v"":5,""w"":3},{""u"":4,""v"":6,""w"":17},{""u"":5,""v"":7,""w"":2}],""num_vertices"":8,""instance_type"":""standard"",""greedy_answer"":""Path: 0 -> 1 -> 2 -> 7, Cost: 47"",""greedy_succeeds"":false,""tempting_wrong_first_move"":1,""difficulty_numeric"":13,""critical_step_index"":-1}",stage1_procedural_generation
SP_050,W5,"A route planner has 8 locations labeled 0 to 7. Roads are one-way and weighted by travel time.

The road network is:
- Node 0 to Node 1: 1
- Node 0 to Node 3: 4
- Node 1 to Node 2: 20
- Node 2 to Node 7: 26
- Node 3 to Node 4: 2
- Node 4 to Node 5: 3
- Node 4 to Node 6: 17
- Node 5 to Node 7: 2

What is the shortest path from node 7 to node 0 and its total cost?

Reply with only the path and cost.
Format: Path: X -> X -> X, Cost: X","Path: 7 -> 5 -> 4 -> 3 -> 0, Cost: 11",algorithmic,shortest_path,adversarial,hard,high,procedural_seed_15424468400963105516,verify_sp,"{""subtype"": ""SP"", ""directed"": true, ""source"": 7, ""target"": 0, ""graph"": [{""u"": 1, ""v"": 0, ""w"": 1}, {""u"": 3, ""v"": 0, ""w"": 4}, {""u"": 2, ""v"": 1, ""w"": 20}, {""u"": 7, ""v"": 2, ""w"": 26}, {""u"": 4, ""v"": 3, ""w"": 2}, {""u"": 5, ""v"": 4, ""w"": 3}, {""u"": 6, ""v"": 4, ""w"": 17}, {""u"": 7, ""v"": 5, ""w"": 2}], ""num_vertices"": 8, ""instance_type"": ""standard"", ""greedy_answer"": ""Path: 0 -> 1 -> 2 -> 7, Cost: 47"", ""greedy_succeeds"": false, ""tempting_wrong_first_move"": 1, ""difficulty_numeric"": 13, ""critical_step_index"": -1}",stage1_procedural_generation
SP_050,W6,"A route-planning task over weighted one-way roads. Edge list and travel times are:

- 0 -> 3: 18
- 0 -> 6: 3
- 1 -> 0: 8
- 3 -> 2: 8
- 4 -> 1: 13
- 5 -> 7: 3
- 6 -> 5: 1
- 7 -> 2: 12

Reply with only the path as a sequence of nodes and the total cost.
Format: Path: X -> X -> X, Cost: X","Path: 0 -> 6 -> 5 -> 7, Cost: 7",algorithmic,shortest_path,adversarial,hard,high,procedural_seed_15424468400963105516,verify_sp,"{""subtype"": ""SP"", ""directed"": true, ""source"": 0, ""target"": 7, ""graph"": [{""u"": 0, ""v"": 3, ""w"": 18}, {""u"": 0, ""v"": 6, ""w"": 3}, {""u"": 1, ""v"": 0, ""w"": 8}, {""u"": 3, ""v"": 2, ""w"": 8}, {""u"": 4, ""v"": 1, ""w"": 13}, {""u"": 5, ""v"": 7, ""w"": 3}, {""u"": 6, ""v"": 5, ""w"": 1}, {""u"": 7, ""v"": 2, ""w"": 12}], ""num_vertices"": 8, ""instance_type"": ""standard"", ""greedy_answer"": ""Path: 0 -> 1 -> 2 -> 7, Cost: 47"", ""greedy_succeeds"": false, ""tempting_wrong_first_move"": 1, ""difficulty_numeric"": 13, ""critical_step_index"": -1}",stage1_procedural_generation | w6_seed=1763204361
SP_051,W1,"There is a route planning system with 8 locations numbered from 0 through 7. The roads connecting these locations are unidirectional and have associated travel times.

The connections between nodes are as follows:
- From Node 0 to Node 1: 4
- From Node 0 to Node 2: 0
- From Node 1 to Node 3: 6
- From Node 2 to Node 6: 20
- From Node 3 to Node 4: 3
- From Node 4 to Node 5: 1
- From Node 5 to Node 7: 4
- From Node 6 to Node 7: 33

Find the path with minimum total travel time from node 0 to node 7 and provide the sum of all travel times along this path.

Respond with just the path and total travel time.
Format: Path: X -> X -> X, Cost: X","Path: 0 -> 1 -> 3 -> 4 -> 5 -> 7, Cost: 18",algorithmic,shortest_path,adversarial,hard,high,procedural_seed_10370706639136821332,verify_sp,"{""subtype"":""SP"",""directed"":true,""source"":0,""target"":7,""graph"":[{""u"":0,""v"":1,""w"":4},{""u"":0,""v"":2,""w"":0},{""u"":1,""v"":3,""w"":6},{""u"":2,""v"":6,""w"":20},{""u"":3,""v"":4,""w"":3},{""u"":4,""v"":5,""w"":1},{""u"":5,""v"":7,""w"":4},{""u"":6,""v"":7,""w"":33}],""num_vertices"":8,""instance_type"":""standard"",""greedy_answer"":""Path: 0 -> 2 -> 6 -> 7, Cost: 53"",""greedy_succeeds"":false,""tempting_wrong_first_move"":2,""difficulty_numeric"":13,""critical_step_index"":-1}",stage1_procedural_generation
SP_051,W2,"Graph edges:
(0 → 1, weight=4)
(0 → 2, weight=0)
(1 → 3, weight=6)
(2 → 6, weight=20)
(3 → 4, weight=3)
(4 → 5, weight=1)
(5 → 7, weight=4)
(6 → 7, weight=33)
Source: 0
Target: 7","Path: 0 -> 1 -> 3 -> 4 -> 5 -> 7, Cost: 18",algorithmic,shortest_path,adversarial,hard,high,procedural_seed_10370706639136821332,verify_sp,"{""subtype"":""SP"",""directed"":true,""source"":0,""target"":7,""graph"":[{""u"":0,""v"":1,""w"":4},{""u"":0,""v"":2,""w"":0},{""u"":1,""v"":3,""w"":6},{""u"":2,""v"":6,""w"":20},{""u"":3,""v"":4,""w"":3},{""u"":4,""v"":5,""w"":1},{""u"":5,""v"":7,""w"":4},{""u"":6,""v"":7,""w"":33}],""num_vertices"":8,""instance_type"":""standard"",""greedy_answer"":""Path: 0 -> 2 -> 6 -> 7, Cost: 53"",""greedy_succeeds"":false,""tempting_wrong_first_move"":2,""difficulty_numeric"":13,""critical_step_index"":-1}",stage1_procedural_generation
SP_051,W3,"A route planner has 8 locations labeled 0 to 7. Roads are one-way and weighted by travel time.

The road network is:
- Node London to Node Paris: 4
- Node London to Node Brussels: 0
- Node Paris to Node Lyon: 6
- Node Brussels to Node Amsterdam: 20
- Node Lyon to Node Geneva: 3
- Node Geneva to Node Milan: 1
- Node Milan to Node Rome: 4
- Node Amsterdam to Node Rome: 33

What is the shortest path from node London to node Rome and its total cost?

Reply with only the path and cost.
Format: Path: X -> X -> X, Cost: X","Path: London -> Paris -> Lyon -> Geneva -> Milan -> Rome, Cost: 18",algorithmic,shortest_path,adversarial,hard,high,procedural_seed_10370706639136821332,verify_sp,"{""subtype"":""SP"",""directed"":true,""source"":0,""target"":7,""graph"":[{""u"":0,""v"":1,""w"":4},{""u"":0,""v"":2,""w"":0},{""u"":1,""v"":3,""w"":6},{""u"":2,""v"":6,""w"":20},{""u"":3,""v"":4,""w"":3},{""u"":4,""v"":5,""w"":1},{""u"":5,""v"":7,""w"":4},{""u"":6,""v"":7,""w"":33}],""num_vertices"":8,""instance_type"":""standard"",""greedy_answer"":""Path: 0 -> 2 -> 6 -> 7, Cost: 53"",""greedy_succeeds"":false,""tempting_wrong_first_move"":2,""difficulty_numeric"":13,""critical_step_index"":-1}","stage1_procedural_generation | {""entity_mapping"": {""0"": ""London"", ""1"": ""Paris"", ""2"": ""Brussels"", ""3"": ""Lyon"", ""4"": ""Geneva"", ""5"": ""Milan"", ""6"": ""Amsterdam"", ""7"": ""Rome""}}"
SP_051,W4,"G = (V, E) where V = {0, 1, ..., 7}
E = {(0,1,4), (0,2,0), (1,3,6), (2,6,20), (3,4,3), (4,5,1), (5,7,4), (6,7,33)}
Find: δ(0, 7) = minimum weight path from 0 to 7
OUTPUT FORMAT:
Path: X -> X -> X, Cost: X","Path: 0 -> 1 -> 3 -> 4 -> 5 -> 7, Cost: 18",algorithmic,shortest_path,adversarial,hard,high,procedural_seed_10370706639136821332,verify_sp,"{""subtype"":""SP"",""directed"":true,""source"":0,""target"":7,""graph"":[{""u"":0,""v"":1,""w"":4},{""u"":0,""v"":2,""w"":0},{""u"":1,""v"":3,""w"":6},{""u"":2,""v"":6,""w"":20},{""u"":3,""v"":4,""w"":3},{""u"":4,""v"":5,""w"":1},{""u"":5,""v"":7,""w"":4},{""u"":6,""v"":7,""w"":33}],""num_vertices"":8,""instance_type"":""standard"",""greedy_answer"":""Path: 0 -> 2 -> 6 -> 7, Cost: 53"",""greedy_succeeds"":false,""tempting_wrong_first_move"":2,""difficulty_numeric"":13,""critical_step_index"":-1}",stage1_procedural_generation
SP_051,W5,"A route planner has 8 locations labeled 0 to 7. Roads are one-way and weighted by travel time.

The road network is:
- Node 0 to Node 1: 4
- Node 0 to Node 2: 0
- Node 1 to Node 3: 6
- Node 2 to Node 6: 20
- Node 3 to Node 4: 3
- Node 4 to Node 5: 1
- Node 5 to Node 7: 4
- Node 6 to Node 7: 33

What is the shortest path from node 7 to node 0 and its total cost?

Reply with only the path and cost.
Format: Path: X -> X -> X, Cost: X","Path: 7 -> 5 -> 4 -> 3 -> 1 -> 0, Cost: 18",algorithmic,shortest_path,adversarial,hard,high,procedural_seed_10370706639136821332,verify_sp,"{""subtype"": ""SP"", ""directed"": true, ""source"": 7, ""target"": 0, ""graph"": [{""u"": 1, ""v"": 0, ""w"": 4}, {""u"": 2, ""v"": 0, ""w"": 0}, {""u"": 3, ""v"": 1, ""w"": 6}, {""u"": 6, ""v"": 2, ""w"": 20}, {""u"": 4, ""v"": 3, ""w"": 3}, {""u"": 5, ""v"": 4, ""w"": 1}, {""u"": 7, ""v"": 5, ""w"": 4}, {""u"": 7, ""v"": 6, ""w"": 33}], ""num_vertices"": 8, ""instance_type"": ""standard"", ""greedy_answer"": ""Path: 0 -> 2 -> 6 -> 7, Cost: 53"", ""greedy_succeeds"": false, ""tempting_wrong_first_move"": 2, ""difficulty_numeric"": 13, ""critical_step_index"": -1}",stage1_procedural_generation
SP_051,W6,"A route-planning task over weighted one-way roads. Edge list and travel times are:

- 0 -> 2: 1
- 1 -> 6: 6
- 2 -> 7: 17
- 2 -> 3: 2
- 3 -> 7: 3
- 5 -> 1: 7
- 5 -> 2: 16
- 7 -> 3: 8

Reply with only the path as a sequence of nodes and the total cost.
Format: Path: X -> X -> X, Cost: X","Path: 0 -> 2 -> 3 -> 7, Cost: 6",algorithmic,shortest_path,adversarial,hard,high,procedural_seed_10370706639136821332,verify_sp,"{""subtype"": ""SP"", ""directed"": true, ""source"": 0, ""target"": 7, ""graph"": [{""u"": 0, ""v"": 2, ""w"": 1}, {""u"": 1, ""v"": 6, ""w"": 6}, {""u"": 2, ""v"": 7, ""w"": 17}, {""u"": 2, ""v"": 3, ""w"": 2}, {""u"": 3, ""v"": 7, ""w"": 3}, {""u"": 5, ""v"": 1, ""w"": 7}, {""u"": 5, ""v"": 2, ""w"": 16}, {""u"": 7, ""v"": 3, ""w"": 8}], ""num_vertices"": 8, ""instance_type"": ""standard"", ""greedy_answer"": ""Path: 0 -> 2 -> 6 -> 7, Cost: 53"", ""greedy_succeeds"": false, ""tempting_wrong_first_move"": 2, ""difficulty_numeric"": 13, ""critical_step_index"": -1}",stage1_procedural_generation | w6_seed=1332582349
SP_052,W1,"A route planning system contains 9 locations numbered from 0 through 8. All roads allow travel in one direction only and have associated travel times.

The available connections are:
- Node 0 connects to Node 1: 3
- Node 0 connects to Node 3: 0
- Node 1 connects to Node 2: 1
- Node 2 connects to Node 5: 4
- Node 2 connects to Node 7: 17
- Node 3 connects to Node 4: 20
- Node 4 connects to Node 8: 26
- Node 5 connects to Node 6: 1
- Node 6 connects to Node 8: 2

Find the path with minimum total travel time from node 0 to node 8 and state the total cost.

Provide only the path and its cost.
Format: Path: X -> X -> X, Cost: X","Path: 0 -> 1 -> 2 -> 5 -> 6 -> 8, Cost: 11",algorithmic,shortest_path,adversarial,hard,high,procedural_seed_8026859392771849637,verify_sp,"{""subtype"":""SP"",""directed"":true,""source"":0,""target"":8,""graph"":[{""u"":0,""v"":1,""w"":3},{""u"":0,""v"":3,""w"":0},{""u"":1,""v"":2,""w"":1},{""u"":2,""v"":5,""w"":4},{""u"":2,""v"":7,""w"":17},{""u"":3,""v"":4,""w"":20},{""u"":4,""v"":8,""w"":26},{""u"":5,""v"":6,""w"":1},{""u"":6,""v"":8,""w"":2}],""num_vertices"":9,""instance_type"":""standard"",""greedy_answer"":""Path: 0 -> 3 -> 4 -> 8, Cost: 46"",""greedy_succeeds"":false,""tempting_wrong_first_move"":3,""difficulty_numeric"":14,""critical_step_index"":-1}",stage1_procedural_generation
SP_052,W2,"Graph edges:
(0 → 1, weight=3)
(0 → 3, weight=0)
(1 → 2, weight=1)
(2 → 5, weight=4)
(2 → 7, weight=17)
(3 → 4, weight=20)
(4 → 8, weight=26)
(5 → 6, weight=1)
(6 → 8, weight=2)
Source: 0
Target: 8","Path: 0 -> 1 -> 2 -> 5 -> 6 -> 8, Cost: 11",algorithmic,shortest_path,adversarial,hard,high,procedural_seed_8026859392771849637,verify_sp,"{""subtype"":""SP"",""directed"":true,""source"":0,""target"":8,""graph"":[{""u"":0,""v"":1,""w"":3},{""u"":0,""v"":3,""w"":0},{""u"":1,""v"":2,""w"":1},{""u"":2,""v"":5,""w"":4},{""u"":2,""v"":7,""w"":17},{""u"":3,""v"":4,""w"":20},{""u"":4,""v"":8,""w"":26},{""u"":5,""v"":6,""w"":1},{""u"":6,""v"":8,""w"":2}],""num_vertices"":9,""instance_type"":""standard"",""greedy_answer"":""Path: 0 -> 3 -> 4 -> 8, Cost: 46"",""greedy_succeeds"":false,""tempting_wrong_first_move"":3,""difficulty_numeric"":14,""critical_step_index"":-1}",stage1_procedural_generation
SP_052,W3,"A route planner has 9 locations labeled 0 to 8. Roads are one-way and weighted by travel time.

The road network is:
- Node London to Node Paris: 3
- Node London to Node Brussels: 0
- Node Paris to Node Lyon: 1
- Node Lyon to Node Geneva: 4
- Node Lyon to Node Barcelona: 17
- Node Brussels to Node Amsterdam: 20
- Node Amsterdam to Node Rome: 26
- Node Geneva to Node Milan: 1
- Node Milan to Node Rome: 2

What is the shortest path from node London to node Rome and its total cost?

Reply with only the path and cost.
Format: Path: X -> X -> X, Cost: X","Path: London -> Paris -> Lyon -> Geneva -> Milan -> Rome, Cost: 11",algorithmic,shortest_path,adversarial,hard,high,procedural_seed_8026859392771849637,verify_sp,"{""subtype"":""SP"",""directed"":true,""source"":0,""target"":8,""graph"":[{""u"":0,""v"":1,""w"":3},{""u"":0,""v"":3,""w"":0},{""u"":1,""v"":2,""w"":1},{""u"":2,""v"":5,""w"":4},{""u"":2,""v"":7,""w"":17},{""u"":3,""v"":4,""w"":20},{""u"":4,""v"":8,""w"":26},{""u"":5,""v"":6,""w"":1},{""u"":6,""v"":8,""w"":2}],""num_vertices"":9,""instance_type"":""standard"",""greedy_answer"":""Path: 0 -> 3 -> 4 -> 8, Cost: 46"",""greedy_succeeds"":false,""tempting_wrong_first_move"":3,""difficulty_numeric"":14,""critical_step_index"":-1}","stage1_procedural_generation | {""entity_mapping"": {""0"": ""London"", ""1"": ""Paris"", ""2"": ""Lyon"", ""3"": ""Brussels"", ""4"": ""Amsterdam"", ""5"": ""Geneva"", ""6"": ""Milan"", ""7"": ""Barcelona"", ""8"": ""Rome""}}"
SP_052,W4,"G = (V, E) where V = {0, 1, ..., 8}
E = {(0,1,3), (0,3,0), (1,2,1), (2,5,4), (2,7,17), (3,4,20), (4,8,26), (5,6,1), (6,8,2)}
Find: δ(0, 8) = minimum weight path from 0 to 8
OUTPUT FORMAT:
Path: X -> X -> X, Cost: X","Path: 0 -> 1 -> 2 -> 5 -> 6 -> 8, Cost: 11",algorithmic,shortest_path,adversarial,hard,high,procedural_seed_8026859392771849637,verify_sp,"{""subtype"":""SP"",""directed"":true,""source"":0,""target"":8,""graph"":[{""u"":0,""v"":1,""w"":3},{""u"":0,""v"":3,""w"":0},{""u"":1,""v"":2,""w"":1},{""u"":2,""v"":5,""w"":4},{""u"":2,""v"":7,""w"":17},{""u"":3,""v"":4,""w"":20},{""u"":4,""v"":8,""w"":26},{""u"":5,""v"":6,""w"":1},{""u"":6,""v"":8,""w"":2}],""num_vertices"":9,""instance_type"":""standard"",""greedy_answer"":""Path: 0 -> 3 -> 4 -> 8, Cost: 46"",""greedy_succeeds"":false,""tempting_wrong_first_move"":3,""difficulty_numeric"":14,""critical_step_index"":-1}",stage1_procedural_generation
SP_052,W5,"A route planner has 9 locations labeled 0 to 8. Roads are one-way and weighted by travel time.

The road network is:
- Node 0 to Node 1: 3
- Node 0 to Node 3: 0
- Node 1 to Node 2: 1
- Node 2 to Node 5: 4
- Node 2 to Node 7: 17
- Node 3 to Node 4: 20
- Node 4 to Node 8: 26
- Node 5 to Node 6: 1
- Node 6 to Node 8: 2

What is the shortest path from node 8 to node 0 and its total cost?

Reply with only the path and cost.
Format: Path: X -> X -> X, Cost: X","Path: 8 -> 6 -> 5 -> 2 -> 1 -> 0, Cost: 11",algorithmic,shortest_path,adversarial,hard,high,procedural_seed_8026859392771849637,verify_sp,"{""subtype"": ""SP"", ""directed"": true, ""source"": 8, ""target"": 0, ""graph"": [{""u"": 1, ""v"": 0, ""w"": 3}, {""u"": 3, ""v"": 0, ""w"": 0}, {""u"": 2, ""v"": 1, ""w"": 1}, {""u"": 5, ""v"": 2, ""w"": 4}, {""u"": 7, ""v"": 2, ""w"": 17}, {""u"": 4, ""v"": 3, ""w"": 20}, {""u"": 8, ""v"": 4, ""w"": 26}, {""u"": 6, ""v"": 5, ""w"": 1}, {""u"": 8, ""v"": 6, ""w"": 2}], ""num_vertices"": 9, ""instance_type"": ""standard"", ""greedy_answer"": ""Path: 0 -> 3 -> 4 -> 8, Cost: 46"", ""greedy_succeeds"": false, ""tempting_wrong_first_move"": 3, ""difficulty_numeric"": 14, ""critical_step_index"": -1}",stage1_procedural_generation
SP_052,W6,"A route-planning task over weighted one-way roads. Edge list and travel times are:

- 0 -> 3: 2
- 0 -> 6: 10
- 2 -> 8: 3
- 3 -> 5: 2
- 4 -> 8: 7
- 5 -> 2: 2
- 5 -> 6: 15
- 8 -> 4: 12
- 8 -> 7: 10

Reply with only the path as a sequence of nodes and the total cost.
Format: Path: X -> X -> X, Cost: X","Path: 0 -> 3 -> 5 -> 2 -> 8, Cost: 9",algorithmic,shortest_path,adversarial,hard,high,procedural_seed_8026859392771849637,verify_sp,"{""subtype"": ""SP"", ""directed"": true, ""source"": 0, ""target"": 8, ""graph"": [{""u"": 0, ""v"": 3, ""w"": 2}, {""u"": 0, ""v"": 6, ""w"": 10}, {""u"": 2, ""v"": 8, ""w"": 3}, {""u"": 3, ""v"": 5, ""w"": 2}, {""u"": 4, ""v"": 8, ""w"": 7}, {""u"": 5, ""v"": 2, ""w"": 2}, {""u"": 5, ""v"": 6, ""w"": 15}, {""u"": 8, ""v"": 4, ""w"": 12}, {""u"": 8, ""v"": 7, ""w"": 10}], ""num_vertices"": 9, ""instance_type"": ""standard"", ""greedy_answer"": ""Path: 0 -> 3 -> 4 -> 8, Cost: 46"", ""greedy_succeeds"": false, ""tempting_wrong_first_move"": 3, ""difficulty_numeric"": 14, ""critical_step_index"": -1}",stage1_procedural_generation | w6_seed=1292137430
SP_053,W1,"A travel planning system contains 6 locations designated 0 through 5. All roads allow travel in only one direction and have associated travel times.

The available connections are:
- Node 0 connects to Node 1: 14
- Node 0 connects to Node 3: 3  
- Node 1 connects to Node 2: 4
- Node 2 connects to Node 5: 7
- Node 3 connects to Node 4: 20
- Node 4 connects to Node 5: 40

Determine the path with minimum total time from node 0 to node 5 and calculate the total time required.

Reply with only the path and cost.
Format: Path: X -> X -> X, Cost: X","Path: 0 -> 1 -> 2 -> 5, Cost: 25",algorithmic,shortest_path,adversarial,medium,high,procedural_seed_9901976614907977718,verify_sp,"{""subtype"":""SP"",""directed"":true,""source"":0,""target"":5,""graph"":[{""u"":0,""v"":1,""w"":14},{""u"":0,""v"":3,""w"":3},{""u"":1,""v"":2,""w"":4},{""u"":2,""v"":5,""w"":7},{""u"":3,""v"":4,""w"":20},{""u"":4,""v"":5,""w"":40}],""num_vertices"":6,""instance_type"":""standard"",""greedy_answer"":""Path: 0 -> 3 -> 4 -> 5, Cost: 63"",""greedy_succeeds"":false,""tempting_wrong_first_move"":3,""difficulty_numeric"":11,""critical_step_index"":-1}",stage1_procedural_generation
SP_053,W2,"Graph edges:
(0 → 1, weight=14)
(0 → 3, weight=3)
(1 → 2, weight=4)
(2 → 5, weight=7)
(3 → 4, weight=20)
(4 → 5, weight=40)
Source: 0
Target: 5","Path: 0 -> 1 -> 2 -> 5, Cost: 25",algorithmic,shortest_path,adversarial,medium,high,procedural_seed_9901976614907977718,verify_sp,"{""subtype"":""SP"",""directed"":true,""source"":0,""target"":5,""graph"":[{""u"":0,""v"":1,""w"":14},{""u"":0,""v"":3,""w"":3},{""u"":1,""v"":2,""w"":4},{""u"":2,""v"":5,""w"":7},{""u"":3,""v"":4,""w"":20},{""u"":4,""v"":5,""w"":40}],""num_vertices"":6,""instance_type"":""standard"",""greedy_answer"":""Path: 0 -> 3 -> 4 -> 5, Cost: 63"",""greedy_succeeds"":false,""tempting_wrong_first_move"":3,""difficulty_numeric"":11,""critical_step_index"":-1}",stage1_procedural_generation
SP_053,W3,"A route planner has 6 locations labeled 0 to 5. Roads are one-way and weighted by travel time.

The road network is:
- Node Berlin to Node Munich: 14
- Node Berlin to Node Prague: 3
- Node Munich to Node Vienna: 4
- Node Vienna to Node Warsaw: 7
- Node Prague to Node Budapest: 20
- Node Budapest to Node Warsaw: 40

What is the shortest path from node Berlin to node Warsaw and its total cost?

Reply with only the path and cost.
Format: Path: X -> X -> X, Cost: X","Path: Berlin -> Munich -> Vienna -> Warsaw, Cost: 25",algorithmic,shortest_path,adversarial,medium,high,procedural_seed_9901976614907977718,verify_sp,"{""subtype"":""SP"",""directed"":true,""source"":0,""target"":5,""graph"":[{""u"":0,""v"":1,""w"":14},{""u"":0,""v"":3,""w"":3},{""u"":1,""v"":2,""w"":4},{""u"":2,""v"":5,""w"":7},{""u"":3,""v"":4,""w"":20},{""u"":4,""v"":5,""w"":40}],""num_vertices"":6,""instance_type"":""standard"",""greedy_answer"":""Path: 0 -> 3 -> 4 -> 5, Cost: 63"",""greedy_succeeds"":false,""tempting_wrong_first_move"":3,""difficulty_numeric"":11,""critical_step_index"":-1}","stage1_procedural_generation | {""entity_mapping"": {""0"": ""Berlin"", ""1"": ""Munich"", ""2"": ""Vienna"", ""3"": ""Prague"", ""4"": ""Budapest"", ""5"": ""Warsaw""}}"
SP_053,W4,"G = (V, E) where V = {0, 1, ..., 5}
E = {(0,1,14), (0,3,3), (1,2,4), (2,5,7), (3,4,20), (4,5,40)}
Find: δ(0, 5) = minimum weight path from 0 to 5
OUTPUT FORMAT:
Path: X -> X -> X, Cost: X","Path: 0 -> 1 -> 2 -> 5, Cost: 25",algorithmic,shortest_path,adversarial,medium,high,procedural_seed_9901976614907977718,verify_sp,"{""subtype"":""SP"",""directed"":true,""source"":0,""target"":5,""graph"":[{""u"":0,""v"":1,""w"":14},{""u"":0,""v"":3,""w"":3},{""u"":1,""v"":2,""w"":4},{""u"":2,""v"":5,""w"":7},{""u"":3,""v"":4,""w"":20},{""u"":4,""v"":5,""w"":40}],""num_vertices"":6,""instance_type"":""standard"",""greedy_answer"":""Path: 0 -> 3 -> 4 -> 5, Cost: 63"",""greedy_succeeds"":false,""tempting_wrong_first_move"":3,""difficulty_numeric"":11,""critical_step_index"":-1}",stage1_procedural_generation
SP_053,W5,"A route planner has 6 locations labeled 0 to 5. Roads are one-way and weighted by travel time.

The road network is:
- Node 0 to Node 1: 14
- Node 0 to Node 3: 3
- Node 1 to Node 2: 4
- Node 2 to Node 5: 7
- Node 3 to Node 4: 20
- Node 4 to Node 5: 40

What is the shortest path from node 5 to node 0 and its total cost?

Reply with only the path and cost.
Format: Path: X -> X -> X, Cost: X","Path: 5 -> 2 -> 1 -> 0, Cost: 25",algorithmic,shortest_path,adversarial,medium,high,procedural_seed_9901976614907977718,verify_sp,"{""subtype"": ""SP"", ""directed"": true, ""source"": 5, ""target"": 0, ""graph"": [{""u"": 1, ""v"": 0, ""w"": 14}, {""u"": 3, ""v"": 0, ""w"": 3}, {""u"": 2, ""v"": 1, ""w"": 4}, {""u"": 5, ""v"": 2, ""w"": 7}, {""u"": 4, ""v"": 3, ""w"": 20}, {""u"": 5, ""v"": 4, ""w"": 40}], ""num_vertices"": 6, ""instance_type"": ""standard"", ""greedy_answer"": ""Path: 0 -> 3 -> 4 -> 5, Cost: 63"", ""greedy_succeeds"": false, ""tempting_wrong_first_move"": 3, ""difficulty_numeric"": 11, ""critical_step_index"": -1}",stage1_procedural_generation
SP_053,W6,"A route-planning task over weighted one-way roads. Edge list and travel times are:

- 0 -> 1: 2
- 1 -> 3: 3
- 2 -> 4: 2
- 3 -> 2: 4
- 4 -> 5: 2
- 5 -> 3: 11

Reply with only the path as a sequence of nodes and the total cost.
Format: Path: X -> X -> X, Cost: X","Path: 0 -> 1 -> 3 -> 2 -> 4 -> 5, Cost: 13",algorithmic,shortest_path,adversarial,medium,high,procedural_seed_9901976614907977718,verify_sp,"{""subtype"": ""SP"", ""directed"": true, ""source"": 0, ""target"": 5, ""graph"": [{""u"": 0, ""v"": 1, ""w"": 2}, {""u"": 1, ""v"": 3, ""w"": 3}, {""u"": 2, ""v"": 4, ""w"": 2}, {""u"": 3, ""v"": 2, ""w"": 4}, {""u"": 4, ""v"": 5, ""w"": 2}, {""u"": 5, ""v"": 3, ""w"": 11}], ""num_vertices"": 6, ""instance_type"": ""standard"", ""greedy_answer"": ""Path: 0 -> 3 -> 4 -> 5, Cost: 63"", ""greedy_succeeds"": false, ""tempting_wrong_first_move"": 3, ""difficulty_numeric"": 11, ""critical_step_index"": -1}",stage1_procedural_generation | w6_seed=2106235228
SP_054,W1,"A route planning system includes 8 locations numbered from 0 through 7. The roads between locations are unidirectional and have associated travel times.

The connections in the network are as follows:
- From Node 0 to Node 1: 2
- From Node 0 to Node 2: 0
- From Node 1 to Node 3: 1
- From Node 2 to Node 5: 20
- From Node 3 to Node 4: 5
- From Node 4 to Node 6: 2
- From Node 5 to Node 7: 27
- From Node 6 to Node 7: 2

Find the shortest route from node 0 to node 7 and calculate its total cost.

Provide only the path and cost in response.
Format: Path: X -> X -> X, Cost: X","Path: 0 -> 1 -> 3 -> 4 -> 6 -> 7, Cost: 12",algorithmic,shortest_path,adversarial,hard,high,procedural_seed_12755707394983017973,verify_sp,"{""subtype"":""SP"",""directed"":true,""source"":0,""target"":7,""graph"":[{""u"":0,""v"":1,""w"":2},{""u"":0,""v"":2,""w"":0},{""u"":1,""v"":3,""w"":1},{""u"":2,""v"":5,""w"":20},{""u"":3,""v"":4,""w"":5},{""u"":4,""v"":6,""w"":2},{""u"":5,""v"":7,""w"":27},{""u"":6,""v"":7,""w"":2}],""num_vertices"":8,""instance_type"":""standard"",""greedy_answer"":""Path: 0 -> 2 -> 5 -> 7, Cost: 47"",""greedy_succeeds"":false,""tempting_wrong_first_move"":2,""difficulty_numeric"":13,""critical_step_index"":-1}",stage1_procedural_generation
SP_054,W2,"Graph edges:
(0 → 1, weight=2)
(0 → 2, weight=0)
(1 → 3, weight=1)
(2 → 5, weight=20)
(3 → 4, weight=5)
(4 → 6, weight=2)
(5 → 7, weight=27)
(6 → 7, weight=2)
Source: 0
Target: 7","Path: 0 -> 1 -> 3 -> 4 -> 6 -> 7, Cost: 12",algorithmic,shortest_path,adversarial,hard,high,procedural_seed_12755707394983017973,verify_sp,"{""subtype"":""SP"",""directed"":true,""source"":0,""target"":7,""graph"":[{""u"":0,""v"":1,""w"":2},{""u"":0,""v"":2,""w"":0},{""u"":1,""v"":3,""w"":1},{""u"":2,""v"":5,""w"":20},{""u"":3,""v"":4,""w"":5},{""u"":4,""v"":6,""w"":2},{""u"":5,""v"":7,""w"":27},{""u"":6,""v"":7,""w"":2}],""num_vertices"":8,""instance_type"":""standard"",""greedy_answer"":""Path: 0 -> 2 -> 5 -> 7, Cost: 47"",""greedy_succeeds"":false,""tempting_wrong_first_move"":2,""difficulty_numeric"":13,""critical_step_index"":-1}",stage1_procedural_generation
SP_054,W3,"A route planner has 8 locations labeled 0 to 7. Roads are one-way and weighted by travel time.

The road network is:
- Node London to Node Paris: 2
- Node London to Node Brussels: 0
- Node Paris to Node Lyon: 1
- Node Brussels to Node Amsterdam: 20
- Node Lyon to Node Geneva: 5
- Node Geneva to Node Zurich: 2
- Node Amsterdam to Node Milan: 27
- Node Zurich to Node Milan: 2

What is the shortest path from node London to node Milan and its total cost?

Reply with only the path and cost.
Format: Path: X -> X -> X, Cost: X","Path: London -> Paris -> Lyon -> Geneva -> Zurich -> Milan, Cost: 12",algorithmic,shortest_path,adversarial,hard,high,procedural_seed_12755707394983017973,verify_sp,"{""subtype"":""SP"",""directed"":true,""source"":0,""target"":7,""graph"":[{""u"":0,""v"":1,""w"":2},{""u"":0,""v"":2,""w"":0},{""u"":1,""v"":3,""w"":1},{""u"":2,""v"":5,""w"":20},{""u"":3,""v"":4,""w"":5},{""u"":4,""v"":6,""w"":2},{""u"":5,""v"":7,""w"":27},{""u"":6,""v"":7,""w"":2}],""num_vertices"":8,""instance_type"":""standard"",""greedy_answer"":""Path: 0 -> 2 -> 5 -> 7, Cost: 47"",""greedy_succeeds"":false,""tempting_wrong_first_move"":2,""difficulty_numeric"":13,""critical_step_index"":-1}","stage1_procedural_generation | {""entity_mapping"": {""0"": ""London"", ""1"": ""Paris"", ""2"": ""Brussels"", ""3"": ""Lyon"", ""4"": ""Geneva"", ""5"": ""Amsterdam"", ""6"": ""Zurich"", ""7"": ""Milan""}}"
SP_054,W4,"G = (V, E) where V = {0, 1, ..., 7}
E = {(0,1,2), (0,2,0), (1,3,1), (2,5,20), (3,4,5), (4,6,2), (5,7,27), (6,7,2)}
Find: δ(0, 7) = minimum weight path from 0 to 7
OUTPUT FORMAT:
Path: X -> X -> X, Cost: X","Path: 0 -> 1 -> 3 -> 4 -> 6 -> 7, Cost: 12",algorithmic,shortest_path,adversarial,hard,high,procedural_seed_12755707394983017973,verify_sp,"{""subtype"":""SP"",""directed"":true,""source"":0,""target"":7,""graph"":[{""u"":0,""v"":1,""w"":2},{""u"":0,""v"":2,""w"":0},{""u"":1,""v"":3,""w"":1},{""u"":2,""v"":5,""w"":20},{""u"":3,""v"":4,""w"":5},{""u"":4,""v"":6,""w"":2},{""u"":5,""v"":7,""w"":27},{""u"":6,""v"":7,""w"":2}],""num_vertices"":8,""instance_type"":""standard"",""greedy_answer"":""Path: 0 -> 2 -> 5 -> 7, Cost: 47"",""greedy_succeeds"":false,""tempting_wrong_first_move"":2,""difficulty_numeric"":13,""critical_step_index"":-1}",stage1_procedural_generation
SP_054,W5,"A route planner has 8 locations labeled 0 to 7. Roads are one-way and weighted by travel time.

The road network is:
- Node 0 to Node 1: 2
- Node 0 to Node 2: 0
- Node 1 to Node 3: 1
- Node 2 to Node 5: 20
- Node 3 to Node 4: 5
- Node 4 to Node 6: 2
- Node 5 to Node 7: 27
- Node 6 to Node 7: 2

What is the shortest path from node 7 to node 0 and its total cost?

Reply with only the path and cost.
Format: Path: X -> X -> X, Cost: X","Path: 7 -> 6 -> 4 -> 3 -> 1 -> 0, Cost: 12",algorithmic,shortest_path,adversarial,hard,high,procedural_seed_12755707394983017973,verify_sp,"{""subtype"": ""SP"", ""directed"": true, ""source"": 7, ""target"": 0, ""graph"": [{""u"": 1, ""v"": 0, ""w"": 2}, {""u"": 2, ""v"": 0, ""w"": 0}, {""u"": 3, ""v"": 1, ""w"": 1}, {""u"": 5, ""v"": 2, ""w"": 20}, {""u"": 4, ""v"": 3, ""w"": 5}, {""u"": 6, ""v"": 4, ""w"": 2}, {""u"": 7, ""v"": 5, ""w"": 27}, {""u"": 7, ""v"": 6, ""w"": 2}], ""num_vertices"": 8, ""instance_type"": ""standard"", ""greedy_answer"": ""Path: 0 -> 2 -> 5 -> 7, Cost: 47"", ""greedy_succeeds"": false, ""tempting_wrong_first_move"": 2, ""difficulty_numeric"": 13, ""critical_step_index"": -1}",stage1_procedural_generation
SP_054,W6,"A route-planning task over weighted one-way roads. Edge list and travel times are:

- 0 -> 6: 1
- 1 -> 5: 17
- 1 -> 3: 17
- 2 -> 5: 2
- 3 -> 7: 2
- 5 -> 7: 7
- 5 -> 3: 1
- 6 -> 2: 2

Reply with only the path as a sequence of nodes and the total cost.
Format: Path: X -> X -> X, Cost: X","Path: 0 -> 6 -> 2 -> 5 -> 3 -> 7, Cost: 8",algorithmic,shortest_path,adversarial,hard,high,procedural_seed_12755707394983017973,verify_sp,"{""subtype"": ""SP"", ""directed"": true, ""source"": 0, ""target"": 7, ""graph"": [{""u"": 0, ""v"": 6, ""w"": 1}, {""u"": 1, ""v"": 5, ""w"": 17}, {""u"": 1, ""v"": 3, ""w"": 17}, {""u"": 2, ""v"": 5, ""w"": 2}, {""u"": 3, ""v"": 7, ""w"": 2}, {""u"": 5, ""v"": 7, ""w"": 7}, {""u"": 5, ""v"": 3, ""w"": 1}, {""u"": 6, ""v"": 2, ""w"": 2}], ""num_vertices"": 8, ""instance_type"": ""standard"", ""greedy_answer"": ""Path: 0 -> 2 -> 5 -> 7, Cost: 47"", ""greedy_succeeds"": false, ""tempting_wrong_first_move"": 2, ""difficulty_numeric"": 13, ""critical_step_index"": -1}",stage1_procedural_generation | w6_seed=560416199
SP_055,W1,"A routing system contains 7 points designated 0 through 6. All roads allow travel in one direction only and have associated travel durations.

The connections between points are as follows:
- From Node 0 to Node 1: 2
- From Node 0 to Node 2: 3
- From Node 1 to Node 4: 20
- From Node 2 to Node 3: 7
- From Node 3 to Node 5: 3
- From Node 4 to Node 6: 32
- From Node 5 to Node 6: 4

Find the path with minimum total travel time from node 0 to node 6 and calculate its cost.

Provide only the route and total cost.
Format: Path: X -> X -> X, Cost: X","Path: 0 -> 2 -> 3 -> 5 -> 6, Cost: 17",algorithmic,shortest_path,adversarial,hard,high,procedural_seed_1975072533763982551,verify_sp,"{""subtype"":""SP"",""directed"":true,""source"":0,""target"":6,""graph"":[{""u"":0,""v"":1,""w"":2},{""u"":0,""v"":2,""w"":3},{""u"":1,""v"":4,""w"":20},{""u"":2,""v"":3,""w"":7},{""u"":3,""v"":5,""w"":3},{""u"":4,""v"":6,""w"":32},{""u"":5,""v"":6,""w"":4}],""num_vertices"":7,""instance_type"":""standard"",""greedy_answer"":""Path: 0 -> 1 -> 4 -> 6, Cost: 54"",""greedy_succeeds"":false,""tempting_wrong_first_move"":1,""difficulty_numeric"":12,""critical_step_index"":-1}",stage1_procedural_generation
SP_055,W2,"Graph edges:
(0 → 1, weight=2)
(0 → 2, weight=3)
(1 → 4, weight=20)
(2 → 3, weight=7)
(3 → 5, weight=3)
(4 → 6, weight=32)
(5 → 6, weight=4)
Source: 0
Target: 6","Path: 0 -> 2 -> 3 -> 5 -> 6, Cost: 17",algorithmic,shortest_path,adversarial,hard,high,procedural_seed_1975072533763982551,verify_sp,"{""subtype"":""SP"",""directed"":true,""source"":0,""target"":6,""graph"":[{""u"":0,""v"":1,""w"":2},{""u"":0,""v"":2,""w"":3},{""u"":1,""v"":4,""w"":20},{""u"":2,""v"":3,""w"":7},{""u"":3,""v"":5,""w"":3},{""u"":4,""v"":6,""w"":32},{""u"":5,""v"":6,""w"":4}],""num_vertices"":7,""instance_type"":""standard"",""greedy_answer"":""Path: 0 -> 1 -> 4 -> 6, Cost: 54"",""greedy_succeeds"":false,""tempting_wrong_first_move"":1,""difficulty_numeric"":12,""critical_step_index"":-1}",stage1_procedural_generation
SP_055,W3,"A route planner has 7 locations labeled 0 to 6. Roads are one-way and weighted by travel time.

The road network is:
- Node London to Node Paris: 2
- Node London to Node Brussels: 3
- Node Paris to Node Berlin: 20
- Node Brussels to Node Amsterdam: 7
- Node Amsterdam to Node Prague: 3
- Node Berlin to Node Vienna: 32
- Node Prague to Node Vienna: 4

What is the shortest path from node London to node Vienna and its total cost?

Reply with only the path and cost.
Format: Path: X -> X -> X, Cost: X","Path: London -> Brussels -> Amsterdam -> Prague -> Vienna, Cost: 17",algorithmic,shortest_path,adversarial,hard,high,procedural_seed_1975072533763982551,verify_sp,"{""subtype"":""SP"",""directed"":true,""source"":0,""target"":6,""graph"":[{""u"":0,""v"":1,""w"":2},{""u"":0,""v"":2,""w"":3},{""u"":1,""v"":4,""w"":20},{""u"":2,""v"":3,""w"":7},{""u"":3,""v"":5,""w"":3},{""u"":4,""v"":6,""w"":32},{""u"":5,""v"":6,""w"":4}],""num_vertices"":7,""instance_type"":""standard"",""greedy_answer"":""Path: 0 -> 1 -> 4 -> 6, Cost: 54"",""greedy_succeeds"":false,""tempting_wrong_first_move"":1,""difficulty_numeric"":12,""critical_step_index"":-1}","stage1_procedural_generation | {""entity_mapping"": {""0"": ""London"", ""1"": ""Paris"", ""2"": ""Brussels"", ""3"": ""Amsterdam"", ""4"": ""Berlin"", ""5"": ""Prague"", ""6"": ""Vienna""}}"
SP_055,W4,"G = (V, E) where V = {0, 1, ..., 6}
E = {(0,1,2), (0,2,3), (1,4,20), (2,3,7), (3,5,3), (4,6,32), (5,6,4)}
Find: δ(0, 6) = minimum weight path from 0 to 6
OUTPUT FORMAT:
Path: X -> X -> X, Cost: X","Path: 0 -> 2 -> 3 -> 5 -> 6, Cost: 17",algorithmic,shortest_path,adversarial,hard,high,procedural_seed_1975072533763982551,verify_sp,"{""subtype"":""SP"",""directed"":true,""source"":0,""target"":6,""graph"":[{""u"":0,""v"":1,""w"":2},{""u"":0,""v"":2,""w"":3},{""u"":1,""v"":4,""w"":20},{""u"":2,""v"":3,""w"":7},{""u"":3,""v"":5,""w"":3},{""u"":4,""v"":6,""w"":32},{""u"":5,""v"":6,""w"":4}],""num_vertices"":7,""instance_type"":""standard"",""greedy_answer"":""Path: 0 -> 1 -> 4 -> 6, Cost: 54"",""greedy_succeeds"":false,""tempting_wrong_first_move"":1,""difficulty_numeric"":12,""critical_step_index"":-1}",stage1_procedural_generation
SP_055,W5,"A route planner has 7 locations labeled 0 to 6. Roads are one-way and weighted by travel time.

The road network is:
- Node 0 to Node 1: 2
- Node 0 to Node 2: 3
- Node 1 to Node 4: 20
- Node 2 to Node 3: 7
- Node 3 to Node 5: 3
- Node 4 to Node 6: 32
- Node 5 to Node 6: 4

What is the shortest path from node 6 to node 0 and its total cost?

Reply with only the path and cost.
Format: Path: X -> X -> X, Cost: X","Path: 6 -> 5 -> 3 -> 2 -> 0, Cost: 17",algorithmic,shortest_path,adversarial,hard,high,procedural_seed_1975072533763982551,verify_sp,"{""subtype"": ""SP"", ""directed"": true, ""source"": 6, ""target"": 0, ""graph"": [{""u"": 1, ""v"": 0, ""w"": 2}, {""u"": 2, ""v"": 0, ""w"": 3}, {""u"": 4, ""v"": 1, ""w"": 20}, {""u"": 3, ""v"": 2, ""w"": 7}, {""u"": 5, ""v"": 3, ""w"": 3}, {""u"": 6, ""v"": 4, ""w"": 32}, {""u"": 6, ""v"": 5, ""w"": 4}], ""num_vertices"": 7, ""instance_type"": ""standard"", ""greedy_answer"": ""Path: 0 -> 1 -> 4 -> 6, Cost: 54"", ""greedy_succeeds"": false, ""tempting_wrong_first_move"": 1, ""difficulty_numeric"": 12, ""critical_step_index"": -1}",stage1_procedural_generation
SP_055,W6,"A route-planning task over weighted one-way roads. Edge list and travel times are:

- 0 -> 2: 3
- 2 -> 3: 1
- 2 -> 5: 11
- 3 -> 1: 17
- 3 -> 6: 1
- 6 -> 0: 14
- 6 -> 5: 6

Reply with only the path as a sequence of nodes and the total cost.
Format: Path: X -> X -> X, Cost: X","Path: 0 -> 2 -> 3 -> 6, Cost: 5",algorithmic,shortest_path,adversarial,hard,high,procedural_seed_1975072533763982551,verify_sp,"{""subtype"": ""SP"", ""directed"": true, ""source"": 0, ""target"": 6, ""graph"": [{""u"": 0, ""v"": 2, ""w"": 3}, {""u"": 2, ""v"": 3, ""w"": 1}, {""u"": 2, ""v"": 5, ""w"": 11}, {""u"": 3, ""v"": 1, ""w"": 17}, {""u"": 3, ""v"": 6, ""w"": 1}, {""u"": 6, ""v"": 0, ""w"": 14}, {""u"": 6, ""v"": 5, ""w"": 6}], ""num_vertices"": 7, ""instance_type"": ""standard"", ""greedy_answer"": ""Path: 0 -> 1 -> 4 -> 6, Cost: 54"", ""greedy_succeeds"": false, ""tempting_wrong_first_move"": 1, ""difficulty_numeric"": 12, ""critical_step_index"": -1}",stage1_procedural_generation | w6_seed=2846927487
SP_056,W1,"A path-finding system contains 8 locations numbered from 0 to 7. All roads allow travel in only one direction and have associated travel times.

The connections between locations are:
- Node 0 to Node 1: 3
- Node 0 to Node 2: 2
- Node 1 to Node 3: 3
- Node 1 to Node 5: 24
- Node 2 to Node 4: 20
- Node 3 to Node 6: 7
- Node 4 to Node 7: 36
- Node 6 to Node 7: 8

Determine the path with minimum total travel time from node 0 to node 7 and calculate its cost.

Reply with only the path and cost.
Format: Path: X -> X -> X, Cost: X","Path: 0 -> 1 -> 3 -> 6 -> 7, Cost: 21",algorithmic,shortest_path,adversarial,hard,high,procedural_seed_10654890897554637323,verify_sp,"{""subtype"":""SP"",""directed"":true,""source"":0,""target"":7,""graph"":[{""u"":0,""v"":1,""w"":3},{""u"":0,""v"":2,""w"":2},{""u"":1,""v"":3,""w"":3},{""u"":1,""v"":5,""w"":24},{""u"":2,""v"":4,""w"":20},{""u"":3,""v"":6,""w"":7},{""u"":4,""v"":7,""w"":36},{""u"":6,""v"":7,""w"":8}],""num_vertices"":8,""instance_type"":""standard"",""greedy_answer"":""Path: 0 -> 2 -> 4 -> 7, Cost: 58"",""greedy_succeeds"":false,""tempting_wrong_first_move"":2,""difficulty_numeric"":13,""critical_step_index"":-1}",stage1_procedural_generation
SP_056,W2,"Graph edges:
(0 → 1, weight=3)
(0 → 2, weight=2)
(1 → 3, weight=3)
(1 → 5, weight=24)
(2 → 4, weight=20)
(3 → 6, weight=7)
(4 → 7, weight=36)
(6 → 7, weight=8)
Source: 0
Target: 7","Path: 0 -> 1 -> 3 -> 6 -> 7, Cost: 21",algorithmic,shortest_path,adversarial,hard,high,procedural_seed_10654890897554637323,verify_sp,"{""subtype"":""SP"",""directed"":true,""source"":0,""target"":7,""graph"":[{""u"":0,""v"":1,""w"":3},{""u"":0,""v"":2,""w"":2},{""u"":1,""v"":3,""w"":3},{""u"":1,""v"":5,""w"":24},{""u"":2,""v"":4,""w"":20},{""u"":3,""v"":6,""w"":7},{""u"":4,""v"":7,""w"":36},{""u"":6,""v"":7,""w"":8}],""num_vertices"":8,""instance_type"":""standard"",""greedy_answer"":""Path: 0 -> 2 -> 4 -> 7, Cost: 58"",""greedy_succeeds"":false,""tempting_wrong_first_move"":2,""difficulty_numeric"":13,""critical_step_index"":-1}",stage1_procedural_generation
SP_056,W3,"A route planner has 8 locations labeled 0 to 7. Roads are one-way and weighted by travel time.

The road network is:
- Node Berlin to Node Prague: 3
- Node Berlin to Node Munich: 2
- Node Prague to Node Vienna: 3
- Node Prague to Node Warsaw: 24
- Node Munich to Node Zurich: 20
- Node Vienna to Node Budapest: 7
- Node Zurich to Node Rome: 36
- Node Budapest to Node Rome: 8

What is the shortest path from node Berlin to node Rome and its total cost?

Reply with only the path and cost.
Format: Path: X -> X -> X, Cost: X","Path: Berlin -> Prague -> Vienna -> Budapest -> Rome, Cost: 21",algorithmic,shortest_path,adversarial,hard,high,procedural_seed_10654890897554637323,verify_sp,"{""subtype"":""SP"",""directed"":true,""source"":0,""target"":7,""graph"":[{""u"":0,""v"":1,""w"":3},{""u"":0,""v"":2,""w"":2},{""u"":1,""v"":3,""w"":3},{""u"":1,""v"":5,""w"":24},{""u"":2,""v"":4,""w"":20},{""u"":3,""v"":6,""w"":7},{""u"":4,""v"":7,""w"":36},{""u"":6,""v"":7,""w"":8}],""num_vertices"":8,""instance_type"":""standard"",""greedy_answer"":""Path: 0 -> 2 -> 4 -> 7, Cost: 58"",""greedy_succeeds"":false,""tempting_wrong_first_move"":2,""difficulty_numeric"":13,""critical_step_index"":-1}","stage1_procedural_generation | {""entity_mapping"": {""0"": ""Berlin"", ""1"": ""Prague"", ""2"": ""Munich"", ""3"": ""Vienna"", ""4"": ""Zurich"", ""5"": ""Warsaw"", ""6"": ""Budapest"", ""7"": ""Rome""}}"
SP_056,W4,"G = (V, E) where V = {0, 1, ..., 7}
E = {(0,1,3), (0,2,2), (1,3,3), (1,5,24), (2,4,20), (3,6,7), (4,7,36), (6,7,8)}
Find: δ(0, 7) = minimum weight path from 0 to 7
OUTPUT FORMAT:
Path: X -> X -> X, Cost: X","Path: 0 -> 1 -> 3 -> 6 -> 7, Cost: 21",algorithmic,shortest_path,adversarial,hard,high,procedural_seed_10654890897554637323,verify_sp,"{""subtype"":""SP"",""directed"":true,""source"":0,""target"":7,""graph"":[{""u"":0,""v"":1,""w"":3},{""u"":0,""v"":2,""w"":2},{""u"":1,""v"":3,""w"":3},{""u"":1,""v"":5,""w"":24},{""u"":2,""v"":4,""w"":20},{""u"":3,""v"":6,""w"":7},{""u"":4,""v"":7,""w"":36},{""u"":6,""v"":7,""w"":8}],""num_vertices"":8,""instance_type"":""standard"",""greedy_answer"":""Path: 0 -> 2 -> 4 -> 7, Cost: 58"",""greedy_succeeds"":false,""tempting_wrong_first_move"":2,""difficulty_numeric"":13,""critical_step_index"":-1}",stage1_procedural_generation
SP_056,W5,"A route planner has 8 locations labeled 0 to 7. Roads are one-way and weighted by travel time.

The road network is:
- Node 0 to Node 1: 3
- Node 0 to Node 2: 2
- Node 1 to Node 3: 3
- Node 1 to Node 5: 24
- Node 2 to Node 4: 20
- Node 3 to Node 6: 7
- Node 4 to Node 7: 36
- Node 6 to Node 7: 8

What is the shortest path from node 7 to node 0 and its total cost?

Reply with only the path and cost.
Format: Path: X -> X -> X, Cost: X","Path: 7 -> 6 -> 3 -> 1 -> 0, Cost: 21",algorithmic,shortest_path,adversarial,hard,high,procedural_seed_10654890897554637323,verify_sp,"{""subtype"": ""SP"", ""directed"": true, ""source"": 7, ""target"": 0, ""graph"": [{""u"": 1, ""v"": 0, ""w"": 3}, {""u"": 2, ""v"": 0, ""w"": 2}, {""u"": 3, ""v"": 1, ""w"": 3}, {""u"": 5, ""v"": 1, ""w"": 24}, {""u"": 4, ""v"": 2, ""w"": 20}, {""u"": 6, ""v"": 3, ""w"": 7}, {""u"": 7, ""v"": 4, ""w"": 36}, {""u"": 7, ""v"": 6, ""w"": 8}], ""num_vertices"": 8, ""instance_type"": ""standard"", ""greedy_answer"": ""Path: 0 -> 2 -> 4 -> 7, Cost: 58"", ""greedy_succeeds"": false, ""tempting_wrong_first_move"": 2, ""difficulty_numeric"": 13, ""critical_step_index"": -1}",stage1_procedural_generation
SP_056,W6,"A route-planning task over weighted one-way roads. Edge list and travel times are:

- 0 -> 4: 2
- 1 -> 4: 6
- 2 -> 4: 18
- 2 -> 5: 2
- 4 -> 2: 4
- 5 -> 6: 4
- 6 -> 7: 1
- 6 -> 0: 7

Reply with only the path as a sequence of nodes and the total cost.
Format: Path: X -> X -> X, Cost: X","Path: 0 -> 4 -> 2 -> 5 -> 6 -> 7, Cost: 13",algorithmic,shortest_path,adversarial,hard,high,procedural_seed_10654890897554637323,verify_sp,"{""subtype"": ""SP"", ""directed"": true, ""source"": 0, ""target"": 7, ""graph"": [{""u"": 0, ""v"": 4, ""w"": 2}, {""u"": 1, ""v"": 4, ""w"": 6}, {""u"": 2, ""v"": 4, ""w"": 18}, {""u"": 2, ""v"": 5, ""w"": 2}, {""u"": 4, ""v"": 2, ""w"": 4}, {""u"": 5, ""v"": 6, ""w"": 4}, {""u"": 6, ""v"": 7, ""w"": 1}, {""u"": 6, ""v"": 0, ""w"": 7}], ""num_vertices"": 8, ""instance_type"": ""standard"", ""greedy_answer"": ""Path: 0 -> 2 -> 4 -> 7, Cost: 58"", ""greedy_succeeds"": false, ""tempting_wrong_first_move"": 2, ""difficulty_numeric"": 13, ""critical_step_index"": -1}",stage1_procedural_generation | w6_seed=2908207828
SP_057,W1,"A route planning system contains 7 locations numbered from 0 through 6. The roads between them are unidirectional and have associated travel times.

The connections between locations are as follows:
- From Node 0 to Node 1: 8
- From Node 0 to Node 4: 2
- From Node 1 to Node 2: 3
- From Node 2 to Node 3: 5
- From Node 3 to Node 6: 8
- From Node 4 to Node 5: 20
- From Node 5 to Node 6: 39

Determine the path with minimum total cost from node 0 to node 6 and calculate that cost.

Provide only the path and its cost in response.
Format: Path: X -> X -> X, Cost: X","Path: 0 -> 1 -> 2 -> 3 -> 6, Cost: 24",algorithmic,shortest_path,adversarial,hard,high,procedural_seed_17178063262119070691,verify_sp,"{""subtype"":""SP"",""directed"":true,""source"":0,""target"":6,""graph"":[{""u"":0,""v"":1,""w"":8},{""u"":0,""v"":4,""w"":2},{""u"":1,""v"":2,""w"":3},{""u"":2,""v"":3,""w"":5},{""u"":3,""v"":6,""w"":8},{""u"":4,""v"":5,""w"":20},{""u"":5,""v"":6,""w"":39}],""num_vertices"":7,""instance_type"":""standard"",""greedy_answer"":""Path: 0 -> 4 -> 5 -> 6, Cost: 61"",""greedy_succeeds"":false,""tempting_wrong_first_move"":4,""difficulty_numeric"":12,""critical_step_index"":-1}",stage1_procedural_generation
SP_057,W2,"Graph edges:
(0 → 1, weight=8)
(0 → 4, weight=2)
(1 → 2, weight=3)
(2 → 3, weight=5)
(3 → 6, weight=8)
(4 → 5, weight=20)
(5 → 6, weight=39)
Source: 0
Target: 6","Path: 0 -> 1 -> 2 -> 3 -> 6, Cost: 24",algorithmic,shortest_path,adversarial,hard,high,procedural_seed_17178063262119070691,verify_sp,"{""subtype"":""SP"",""directed"":true,""source"":0,""target"":6,""graph"":[{""u"":0,""v"":1,""w"":8},{""u"":0,""v"":4,""w"":2},{""u"":1,""v"":2,""w"":3},{""u"":2,""v"":3,""w"":5},{""u"":3,""v"":6,""w"":8},{""u"":4,""v"":5,""w"":20},{""u"":5,""v"":6,""w"":39}],""num_vertices"":7,""instance_type"":""standard"",""greedy_answer"":""Path: 0 -> 4 -> 5 -> 6, Cost: 61"",""greedy_succeeds"":false,""tempting_wrong_first_move"":4,""difficulty_numeric"":12,""critical_step_index"":-1}",stage1_procedural_generation
SP_057,W3,"A route planner has 7 locations labeled 0 to 6. Roads are one-way and weighted by travel time.

The road network is:
- Node London to Node Paris: 8
- Node London to Node Dover: 2
- Node Paris to Node Brussels: 3
- Node Brussels to Node Amsterdam: 5
- Node Amsterdam to Node Berlin: 8
- Node Dover to Node Calais: 20
- Node Calais to Node Berlin: 39

What is the shortest path from node London to node Berlin and its total cost?

Reply with only the path and cost.
Format: Path: X -> X -> X, Cost: X","Path: London -> Paris -> Brussels -> Amsterdam -> Berlin, Cost: 24",algorithmic,shortest_path,adversarial,hard,high,procedural_seed_17178063262119070691,verify_sp,"{""subtype"":""SP"",""directed"":true,""source"":0,""target"":6,""graph"":[{""u"":0,""v"":1,""w"":8},{""u"":0,""v"":4,""w"":2},{""u"":1,""v"":2,""w"":3},{""u"":2,""v"":3,""w"":5},{""u"":3,""v"":6,""w"":8},{""u"":4,""v"":5,""w"":20},{""u"":5,""v"":6,""w"":39}],""num_vertices"":7,""instance_type"":""standard"",""greedy_answer"":""Path: 0 -> 4 -> 5 -> 6, Cost: 61"",""greedy_succeeds"":false,""tempting_wrong_first_move"":4,""difficulty_numeric"":12,""critical_step_index"":-1}","stage1_procedural_generation | {""entity_mapping"": {""0"": ""London"", ""1"": ""Paris"", ""2"": ""Brussels"", ""3"": ""Amsterdam"", ""4"": ""Dover"", ""5"": ""Calais"", ""6"": ""Berlin""}}"
SP_057,W4,"G = (V, E) where V = {0, 1, ..., 6}
E = {(0,1,8), (0,4,2), (1,2,3), (2,3,5), (3,6,8), (4,5,20), (5,6,39)}
Find: δ(0, 6) = minimum weight path from 0 to 6
OUTPUT FORMAT:
Path: X -> X -> X, Cost: X","Path: 0 -> 1 -> 2 -> 3 -> 6, Cost: 24",algorithmic,shortest_path,adversarial,hard,high,procedural_seed_17178063262119070691,verify_sp,"{""subtype"":""SP"",""directed"":true,""source"":0,""target"":6,""graph"":[{""u"":0,""v"":1,""w"":8},{""u"":0,""v"":4,""w"":2},{""u"":1,""v"":2,""w"":3},{""u"":2,""v"":3,""w"":5},{""u"":3,""v"":6,""w"":8},{""u"":4,""v"":5,""w"":20},{""u"":5,""v"":6,""w"":39}],""num_vertices"":7,""instance_type"":""standard"",""greedy_answer"":""Path: 0 -> 4 -> 5 -> 6, Cost: 61"",""greedy_succeeds"":false,""tempting_wrong_first_move"":4,""difficulty_numeric"":12,""critical_step_index"":-1}",stage1_procedural_generation
SP_057,W5,"A route planner has 7 locations labeled 0 to 6. Roads are one-way and weighted by travel time.

The road network is:
- Node 0 to Node 1: 8
- Node 0 to Node 4: 2
- Node 1 to Node 2: 3
- Node 2 to Node 3: 5
- Node 3 to Node 6: 8
- Node 4 to Node 5: 20
- Node 5 to Node 6: 39

What is the shortest path from node 6 to node 0 and its total cost?

Reply with only the path and cost.
Format: Path: X -> X -> X, Cost: X","Path: 6 -> 3 -> 2 -> 1 -> 0, Cost: 24",algorithmic,shortest_path,adversarial,hard,high,procedural_seed_17178063262119070691,verify_sp,"{""subtype"": ""SP"", ""directed"": true, ""source"": 6, ""target"": 0, ""graph"": [{""u"": 1, ""v"": 0, ""w"": 8}, {""u"": 4, ""v"": 0, ""w"": 2}, {""u"": 2, ""v"": 1, ""w"": 3}, {""u"": 3, ""v"": 2, ""w"": 5}, {""u"": 6, ""v"": 3, ""w"": 8}, {""u"": 5, ""v"": 4, ""w"": 20}, {""u"": 6, ""v"": 5, ""w"": 39}], ""num_vertices"": 7, ""instance_type"": ""standard"", ""greedy_answer"": ""Path: 0 -> 4 -> 5 -> 6, Cost: 61"", ""greedy_succeeds"": false, ""tempting_wrong_first_move"": 4, ""difficulty_numeric"": 12, ""critical_step_index"": -1}",stage1_procedural_generation
SP_057,W6,"A route-planning task over weighted one-way roads. Edge list and travel times are:

- 0 -> 1: 3
- 1 -> 5: 1
- 3 -> 1: 11
- 3 -> 0: 12
- 4 -> 6: 1
- 4 -> 1: 6
- 5 -> 4: 3

Reply with only the path as a sequence of nodes and the total cost.
Format: Path: X -> X -> X, Cost: X","Path: 0 -> 1 -> 5 -> 4 -> 6, Cost: 8",algorithmic,shortest_path,adversarial,hard,high,procedural_seed_17178063262119070691,verify_sp,"{""subtype"": ""SP"", ""directed"": true, ""source"": 0, ""target"": 6, ""graph"": [{""u"": 0, ""v"": 1, ""w"": 3}, {""u"": 1, ""v"": 5, ""w"": 1}, {""u"": 3, ""v"": 1, ""w"": 11}, {""u"": 3, ""v"": 0, ""w"": 12}, {""u"": 4, ""v"": 6, ""w"": 1}, {""u"": 4, ""v"": 1, ""w"": 6}, {""u"": 5, ""v"": 4, ""w"": 3}], ""num_vertices"": 7, ""instance_type"": ""standard"", ""greedy_answer"": ""Path: 0 -> 4 -> 5 -> 6, Cost: 61"", ""greedy_succeeds"": false, ""tempting_wrong_first_move"": 4, ""difficulty_numeric"": 12, ""critical_step_index"": -1}",stage1_procedural_generation | w6_seed=3720392869
SP_058,W1,"A route planner contains 8 locations numbered from 0 to 7. The roads are unidirectional and have associated travel times.

The network of roads consists of:
- Node 0 connects to Node 1: 2
- Node 0 connects to Node 3: 7
- Node 1 connects to Node 2: 20
- Node 2 connects to Node 7: 35
- Node 3 connects to Node 4: 27
- Node 3 connects to Node 5: 10
- Node 5 connects to Node 6: 28
- Node 5 connects to Node 7: 3

Find the path with minimum total travel time from node 0 to node 7 and provide its cost.

Reply with only the path and cost.
Format: Path: X -> X -> X, Cost: X","Path: 0 -> 3 -> 5 -> 7, Cost: 20",algorithmic,shortest_path,adversarial,hard,high,procedural_seed_7273783992450798379,verify_sp,"{""subtype"":""SP"",""directed"":true,""source"":0,""target"":7,""graph"":[{""u"":0,""v"":1,""w"":2},{""u"":0,""v"":3,""w"":7},{""u"":1,""v"":2,""w"":20},{""u"":2,""v"":7,""w"":35},{""u"":3,""v"":4,""w"":27},{""u"":3,""v"":5,""w"":10},{""u"":5,""v"":6,""w"":28},{""u"":5,""v"":7,""w"":3}],""num_vertices"":8,""instance_type"":""standard"",""greedy_answer"":""Path: 0 -> 1 -> 2 -> 7, Cost: 57"",""greedy_succeeds"":false,""tempting_wrong_first_move"":1,""difficulty_numeric"":13,""critical_step_index"":-1}",stage1_procedural_generation
SP_058,W2,"Graph edges:
(0 → 1, weight=2)
(0 → 3, weight=7)
(1 → 2, weight=20)
(2 → 7, weight=35)
(3 → 4, weight=27)
(3 → 5, weight=10)
(5 → 6, weight=28)
(5 → 7, weight=3)
Source: 0
Target: 7","Path: 0 -> 3 -> 5 -> 7, Cost: 20",algorithmic,shortest_path,adversarial,hard,high,procedural_seed_7273783992450798379,verify_sp,"{""subtype"":""SP"",""directed"":true,""source"":0,""target"":7,""graph"":[{""u"":0,""v"":1,""w"":2},{""u"":0,""v"":3,""w"":7},{""u"":1,""v"":2,""w"":20},{""u"":2,""v"":7,""w"":35},{""u"":3,""v"":4,""w"":27},{""u"":3,""v"":5,""w"":10},{""u"":5,""v"":6,""w"":28},{""u"":5,""v"":7,""w"":3}],""num_vertices"":8,""instance_type"":""standard"",""greedy_answer"":""Path: 0 -> 1 -> 2 -> 7, Cost: 57"",""greedy_succeeds"":false,""tempting_wrong_first_move"":1,""difficulty_numeric"":13,""critical_step_index"":-1}",stage1_procedural_generation
SP_058,W3,"A route planner has 8 locations labeled 0 to 7. Roads are one-way and weighted by travel time.

The road network is:
- Node London to Node Oxford: 2
- Node London to Node Birmingham: 7
- Node Oxford to Node Cambridge: 20
- Node Cambridge to Node Sheffield: 35
- Node Birmingham to Node Manchester: 27
- Node Birmingham to Node Nottingham: 10
- Node Nottingham to Node Leeds: 28
- Node Nottingham to Node Sheffield: 3

What is the shortest path from node London to node Sheffield and its total cost?

Reply with only the path and cost.
Format: Path: X -> X -> X, Cost: X","Path: London -> Birmingham -> Nottingham -> Sheffield, Cost: 20",algorithmic,shortest_path,adversarial,hard,high,procedural_seed_7273783992450798379,verify_sp,"{""subtype"":""SP"",""directed"":true,""source"":0,""target"":7,""graph"":[{""u"":0,""v"":1,""w"":2},{""u"":0,""v"":3,""w"":7},{""u"":1,""v"":2,""w"":20},{""u"":2,""v"":7,""w"":35},{""u"":3,""v"":4,""w"":27},{""u"":3,""v"":5,""w"":10},{""u"":5,""v"":6,""w"":28},{""u"":5,""v"":7,""w"":3}],""num_vertices"":8,""instance_type"":""standard"",""greedy_answer"":""Path: 0 -> 1 -> 2 -> 7, Cost: 57"",""greedy_succeeds"":false,""tempting_wrong_first_move"":1,""difficulty_numeric"":13,""critical_step_index"":-1}","stage1_procedural_generation | {""entity_mapping"": {""0"": ""London"", ""1"": ""Oxford"", ""2"": ""Cambridge"", ""3"": ""Birmingham"", ""4"": ""Manchester"", ""5"": ""Nottingham"", ""6"": ""Leeds"", ""7"": ""Sheffield""}}"
SP_058,W4,"G = (V, E) where V = {0, 1, ..., 7}
E = {(0,1,2), (0,3,7), (1,2,20), (2,7,35), (3,4,27), (3,5,10), (5,6,28), (5,7,3)}
Find: δ(0, 7) = minimum weight path from 0 to 7
OUTPUT FORMAT:
Path: X -> X -> X, Cost: X","Path: 0 -> 3 -> 5 -> 7, Cost: 20",algorithmic,shortest_path,adversarial,hard,high,procedural_seed_7273783992450798379,verify_sp,"{""subtype"":""SP"",""directed"":true,""source"":0,""target"":7,""graph"":[{""u"":0,""v"":1,""w"":2},{""u"":0,""v"":3,""w"":7},{""u"":1,""v"":2,""w"":20},{""u"":2,""v"":7,""w"":35},{""u"":3,""v"":4,""w"":27},{""u"":3,""v"":5,""w"":10},{""u"":5,""v"":6,""w"":28},{""u"":5,""v"":7,""w"":3}],""num_vertices"":8,""instance_type"":""standard"",""greedy_answer"":""Path: 0 -> 1 -> 2 -> 7, Cost: 57"",""greedy_succeeds"":false,""tempting_wrong_first_move"":1,""difficulty_numeric"":13,""critical_step_index"":-1}",stage1_procedural_generation
SP_058,W5,"A route planner has 8 locations labeled 0 to 7. Roads are one-way and weighted by travel time.

The road network is:
- Node 0 to Node 1: 2
- Node 0 to Node 3: 7
- Node 1 to Node 2: 20
- Node 2 to Node 7: 35
- Node 3 to Node 4: 27
- Node 3 to Node 5: 10
- Node 5 to Node 6: 28
- Node 5 to Node 7: 3

What is the shortest path from node 7 to node 0 and its total cost?

Reply with only the path and cost.
Format: Path: X -> X -> X, Cost: X","Path: 7 -> 5 -> 3 -> 0, Cost: 20",algorithmic,shortest_path,adversarial,hard,high,procedural_seed_7273783992450798379,verify_sp,"{""subtype"": ""SP"", ""directed"": true, ""source"": 7, ""target"": 0, ""graph"": [{""u"": 1, ""v"": 0, ""w"": 2}, {""u"": 3, ""v"": 0, ""w"": 7}, {""u"": 2, ""v"": 1, ""w"": 20}, {""u"": 7, ""v"": 2, ""w"": 35}, {""u"": 4, ""v"": 3, ""w"": 27}, {""u"": 5, ""v"": 3, ""w"": 10}, {""u"": 6, ""v"": 5, ""w"": 28}, {""u"": 7, ""v"": 5, ""w"": 3}], ""num_vertices"": 8, ""instance_type"": ""standard"", ""greedy_answer"": ""Path: 0 -> 1 -> 2 -> 7, Cost: 57"", ""greedy_succeeds"": false, ""tempting_wrong_first_move"": 1, ""difficulty_numeric"": 13, ""critical_step_index"": -1}",stage1_procedural_generation
SP_058,W6,"A route-planning task over weighted one-way roads. Edge list and travel times are:

- 0 -> 5: 3
- 1 -> 7: 4
- 2 -> 1: 1
- 4 -> 1: 18
- 5 -> 7: 11
- 5 -> 2: 3
- 6 -> 5: 9
- 6 -> 1: 15

Reply with only the path as a sequence of nodes and the total cost.
Format: Path: X -> X -> X, Cost: X","Path: 0 -> 5 -> 2 -> 1 -> 7, Cost: 11",algorithmic,shortest_path,adversarial,hard,high,procedural_seed_7273783992450798379,verify_sp,"{""subtype"": ""SP"", ""directed"": true, ""source"": 0, ""target"": 7, ""graph"": [{""u"": 0, ""v"": 5, ""w"": 3}, {""u"": 1, ""v"": 7, ""w"": 4}, {""u"": 2, ""v"": 1, ""w"": 1}, {""u"": 4, ""v"": 1, ""w"": 18}, {""u"": 5, ""v"": 7, ""w"": 11}, {""u"": 5, ""v"": 2, ""w"": 3}, {""u"": 6, ""v"": 5, ""w"": 9}, {""u"": 6, ""v"": 1, ""w"": 15}], ""num_vertices"": 8, ""instance_type"": ""standard"", ""greedy_answer"": ""Path: 0 -> 1 -> 2 -> 7, Cost: 57"", ""greedy_succeeds"": false, ""tempting_wrong_first_move"": 1, ""difficulty_numeric"": 13, ""critical_step_index"": -1}",stage1_procedural_generation | w6_seed=3224660338
SP_059,W1,"A route planner contains 9 locations numbered from 0 through 8. All roads are unidirectional and have associated travel times.

The connections between nodes are as follows:
- From Node 0 to Node 1: 3
- From Node 0 to Node 3: 5
- From Node 1 to Node 2: 20
- From Node 2 to Node 8: 40
- From Node 3 to Node 4: 4
- From Node 3 to Node 5: 28
- From Node 4 to Node 6: 5
- From Node 6 to Node 7: 6
- From Node 7 to Node 8: 5

Find the path with minimum total cost from node 0 to node 8 and state the total cost.

Reply with only the path and cost.
Format: Path: X -> X -> X, Cost: X","Path: 0 -> 3 -> 4 -> 6 -> 7 -> 8, Cost: 25",algorithmic,shortest_path,adversarial,hard,high,procedural_seed_15380126435199170210,verify_sp,"{""subtype"":""SP"",""directed"":true,""source"":0,""target"":8,""graph"":[{""u"":0,""v"":1,""w"":3},{""u"":0,""v"":3,""w"":5},{""u"":1,""v"":2,""w"":20},{""u"":2,""v"":8,""w"":40},{""u"":3,""v"":4,""w"":4},{""u"":3,""v"":5,""w"":28},{""u"":4,""v"":6,""w"":5},{""u"":6,""v"":7,""w"":6},{""u"":7,""v"":8,""w"":5}],""num_vertices"":9,""instance_type"":""standard"",""greedy_answer"":""Path: 0 -> 1 -> 2 -> 8, Cost: 63"",""greedy_succeeds"":false,""tempting_wrong_first_move"":1,""difficulty_numeric"":14,""critical_step_index"":-1}",stage1_procedural_generation
SP_059,W2,"Graph edges:
(0 → 1, weight=3)
(0 → 3, weight=5)
(1 → 2, weight=20)
(2 → 8, weight=40)
(3 → 4, weight=4)
(3 → 5, weight=28)
(4 → 6, weight=5)
(6 → 7, weight=6)
(7 → 8, weight=5)
Source: 0
Target: 8","Path: 0 -> 3 -> 4 -> 6 -> 7 -> 8, Cost: 25",algorithmic,shortest_path,adversarial,hard,high,procedural_seed_15380126435199170210,verify_sp,"{""subtype"":""SP"",""directed"":true,""source"":0,""target"":8,""graph"":[{""u"":0,""v"":1,""w"":3},{""u"":0,""v"":3,""w"":5},{""u"":1,""v"":2,""w"":20},{""u"":2,""v"":8,""w"":40},{""u"":3,""v"":4,""w"":4},{""u"":3,""v"":5,""w"":28},{""u"":4,""v"":6,""w"":5},{""u"":6,""v"":7,""w"":6},{""u"":7,""v"":8,""w"":5}],""num_vertices"":9,""instance_type"":""standard"",""greedy_answer"":""Path: 0 -> 1 -> 2 -> 8, Cost: 63"",""greedy_succeeds"":false,""tempting_wrong_first_move"":1,""difficulty_numeric"":14,""critical_step_index"":-1}",stage1_procedural_generation
SP_059,W3,"A route planner has 9 locations labeled 0 to 8. Roads are one-way and weighted by travel time.

The road network is:
- Node London to Node Cambridge: 3
- Node London to Node Oxford: 5
- Node Cambridge to Node Norwich: 20
- Node Norwich to Node Cardiff: 40
- Node Oxford to Node Reading: 4
- Node Oxford to Node Bristol: 28
- Node Reading to Node Swindon: 5
- Node Swindon to Node Bath: 6
- Node Bath to Node Cardiff: 5

What is the shortest path from node London to node Cardiff and its total cost?

Reply with only the path and cost.
Format: Path: X -> X -> X, Cost: X","Path: London -> Oxford -> Reading -> Swindon -> Bath -> Cardiff, Cost: 25",algorithmic,shortest_path,adversarial,hard,high,procedural_seed_15380126435199170210,verify_sp,"{""subtype"":""SP"",""directed"":true,""source"":0,""target"":8,""graph"":[{""u"":0,""v"":1,""w"":3},{""u"":0,""v"":3,""w"":5},{""u"":1,""v"":2,""w"":20},{""u"":2,""v"":8,""w"":40},{""u"":3,""v"":4,""w"":4},{""u"":3,""v"":5,""w"":28},{""u"":4,""v"":6,""w"":5},{""u"":6,""v"":7,""w"":6},{""u"":7,""v"":8,""w"":5}],""num_vertices"":9,""instance_type"":""standard"",""greedy_answer"":""Path: 0 -> 1 -> 2 -> 8, Cost: 63"",""greedy_succeeds"":false,""tempting_wrong_first_move"":1,""difficulty_numeric"":14,""critical_step_index"":-1}","stage1_procedural_generation | {""entity_mapping"": {""0"": ""London"", ""1"": ""Cambridge"", ""2"": ""Norwich"", ""3"": ""Oxford"", ""4"": ""Reading"", ""5"": ""Bristol"", ""6"": ""Swindon"", ""7"": ""Bath"", ""8"": ""Cardiff""}}"
SP_059,W4,"G = (V, E) where V = {0, 1, ..., 8}
E = {(0,1,3), (0,3,5), (1,2,20), (2,8,40), (3,4,4), (3,5,28), (4,6,5), (6,7,6), (7,8,5)}
Find: δ(0, 8) = minimum weight path from 0 to 8
OUTPUT FORMAT:
Path: X -> X -> X, Cost: X","Path: 0 -> 3 -> 4 -> 6 -> 7 -> 8, Cost: 25",algorithmic,shortest_path,adversarial,hard,high,procedural_seed_15380126435199170210,verify_sp,"{""subtype"":""SP"",""directed"":true,""source"":0,""target"":8,""graph"":[{""u"":0,""v"":1,""w"":3},{""u"":0,""v"":3,""w"":5},{""u"":1,""v"":2,""w"":20},{""u"":2,""v"":8,""w"":40},{""u"":3,""v"":4,""w"":4},{""u"":3,""v"":5,""w"":28},{""u"":4,""v"":6,""w"":5},{""u"":6,""v"":7,""w"":6},{""u"":7,""v"":8,""w"":5}],""num_vertices"":9,""instance_type"":""standard"",""greedy_answer"":""Path: 0 -> 1 -> 2 -> 8, Cost: 63"",""greedy_succeeds"":false,""tempting_wrong_first_move"":1,""difficulty_numeric"":14,""critical_step_index"":-1}",stage1_procedural_generation
SP_059,W5,"A route planner has 9 locations labeled 0 to 8. Roads are one-way and weighted by travel time.

The road network is:
- Node 0 to Node 1: 3
- Node 0 to Node 3: 5
- Node 1 to Node 2: 20
- Node 2 to Node 8: 40
- Node 3 to Node 4: 4
- Node 3 to Node 5: 28
- Node 4 to Node 6: 5
- Node 6 to Node 7: 6
- Node 7 to Node 8: 5

What is the shortest path from node 8 to node 0 and its total cost?

Reply with only the path and cost.
Format: Path: X -> X -> X, Cost: X","Path: 8 -> 7 -> 6 -> 4 -> 3 -> 0, Cost: 25",algorithmic,shortest_path,adversarial,hard,high,procedural_seed_15380126435199170210,verify_sp,"{""subtype"": ""SP"", ""directed"": true, ""source"": 8, ""target"": 0, ""graph"": [{""u"": 1, ""v"": 0, ""w"": 3}, {""u"": 3, ""v"": 0, ""w"": 5}, {""u"": 2, ""v"": 1, ""w"": 20}, {""u"": 8, ""v"": 2, ""w"": 40}, {""u"": 4, ""v"": 3, ""w"": 4}, {""u"": 5, ""v"": 3, ""w"": 28}, {""u"": 6, ""v"": 4, ""w"": 5}, {""u"": 7, ""v"": 6, ""w"": 6}, {""u"": 8, ""v"": 7, ""w"": 5}], ""num_vertices"": 9, ""instance_type"": ""standard"", ""greedy_answer"": ""Path: 0 -> 1 -> 2 -> 8, Cost: 63"", ""greedy_succeeds"": false, ""tempting_wrong_first_move"": 1, ""difficulty_numeric"": 14, ""critical_step_index"": -1}",stage1_procedural_generation
SP_059,W6,"A route-planning task over weighted one-way roads. Edge list and travel times are:

- 0 -> 1: 3
- 0 -> 5: 11
- 1 -> 4: 3
- 2 -> 4: 15
- 4 -> 6: 11
- 4 -> 8: 3
- 6 -> 2: 16
- 7 -> 2: 10
- 8 -> 4: 9

Reply with only the path as a sequence of nodes and the total cost.
Format: Path: X -> X -> X, Cost: X","Path: 0 -> 1 -> 4 -> 8, Cost: 9",algorithmic,shortest_path,adversarial,hard,high,procedural_seed_15380126435199170210,verify_sp,"{""subtype"": ""SP"", ""directed"": true, ""source"": 0, ""target"": 8, ""graph"": [{""u"": 0, ""v"": 1, ""w"": 3}, {""u"": 0, ""v"": 5, ""w"": 11}, {""u"": 1, ""v"": 4, ""w"": 3}, {""u"": 2, ""v"": 4, ""w"": 15}, {""u"": 4, ""v"": 6, ""w"": 11}, {""u"": 4, ""v"": 8, ""w"": 3}, {""u"": 6, ""v"": 2, ""w"": 16}, {""u"": 7, ""v"": 2, ""w"": 10}, {""u"": 8, ""v"": 4, ""w"": 9}], ""num_vertices"": 9, ""instance_type"": ""standard"", ""greedy_answer"": ""Path: 0 -> 1 -> 2 -> 8, Cost: 63"", ""greedy_succeeds"": false, ""tempting_wrong_first_move"": 1, ""difficulty_numeric"": 14, ""critical_step_index"": -1}",stage1_procedural_generation | w6_seed=620078294
SP_060,W1,"A path-finding system contains 9 points numbered from 0 through 8. The connections between points are unidirectional and have associated travel durations.

The connection structure consists of:
- Node 0 to Node 1: 0
- Node 0 to Node 3: 2
- Node 1 to Node 2: 20
- Node 2 to Node 8: 25
- Node 3 to Node 4: 1
- Node 4 to Node 5: 2
- Node 5 to Node 7: 2
- Node 7 to Node 6: 14
- Node 7 to Node 8: 3

Determine the minimum-cost route connecting node 0 with node 8 and calculate the total travel time.

Reply with only the path and cost.
Format: Path: X -> X -> X, Cost: X","Path: 0 -> 3 -> 4 -> 5 -> 7 -> 8, Cost: 10",algorithmic,shortest_path,adversarial,hard,high,procedural_seed_16144989862895469617,verify_sp,"{""subtype"":""SP"",""directed"":true,""source"":0,""target"":8,""graph"":[{""u"":0,""v"":1,""w"":0},{""u"":0,""v"":3,""w"":2},{""u"":1,""v"":2,""w"":20},{""u"":2,""v"":8,""w"":25},{""u"":3,""v"":4,""w"":1},{""u"":4,""v"":5,""w"":2},{""u"":5,""v"":7,""w"":2},{""u"":7,""v"":6,""w"":14},{""u"":7,""v"":8,""w"":3}],""num_vertices"":9,""instance_type"":""standard"",""greedy_answer"":""Path: 0 -> 1 -> 2 -> 8, Cost: 45"",""greedy_succeeds"":false,""tempting_wrong_first_move"":1,""difficulty_numeric"":14,""critical_step_index"":-1}",stage1_procedural_generation
SP_060,W2,"Graph edges:
(0 → 1, weight=0)
(0 → 3, weight=2)
(1 → 2, weight=20)
(2 → 8, weight=25)
(3 → 4, weight=1)
(4 → 5, weight=2)
(5 → 7, weight=2)
(7 → 6, weight=14)
(7 → 8, weight=3)
Source: 0
Target: 8","Path: 0 -> 3 -> 4 -> 5 -> 7 -> 8, Cost: 10",algorithmic,shortest_path,adversarial,hard,high,procedural_seed_16144989862895469617,verify_sp,"{""subtype"":""SP"",""directed"":true,""source"":0,""target"":8,""graph"":[{""u"":0,""v"":1,""w"":0},{""u"":0,""v"":3,""w"":2},{""u"":1,""v"":2,""w"":20},{""u"":2,""v"":8,""w"":25},{""u"":3,""v"":4,""w"":1},{""u"":4,""v"":5,""w"":2},{""u"":5,""v"":7,""w"":2},{""u"":7,""v"":6,""w"":14},{""u"":7,""v"":8,""w"":3}],""num_vertices"":9,""instance_type"":""standard"",""greedy_answer"":""Path: 0 -> 1 -> 2 -> 8, Cost: 45"",""greedy_succeeds"":false,""tempting_wrong_first_move"":1,""difficulty_numeric"":14,""critical_step_index"":-1}",stage1_procedural_generation
SP_060,W3,"A route planner has 9 locations labeled 0 to 8. Roads are one-way and weighted by travel time.

The road network is:
- Node London to Node Oxford: 0
- Node London to Node Birmingham: 2
- Node Oxford to Node Cambridge: 20
- Node Cambridge to Node Manchester: 25
- Node Birmingham to Node Leicester: 1
- Node Leicester to Node Nottingham: 2
- Node Nottingham to Node Sheffield: 2
- Node Sheffield to Node Leeds: 14
- Node Sheffield to Node Manchester: 3

What is the shortest path from node London to node Manchester and its total cost?

Reply with only the path and cost.
Format: Path: X -> X -> X, Cost: X","Path: London -> Birmingham -> Leicester -> Nottingham -> Sheffield -> Manchester, Cost: 10",algorithmic,shortest_path,adversarial,hard,high,procedural_seed_16144989862895469617,verify_sp,"{""subtype"":""SP"",""directed"":true,""source"":0,""target"":8,""graph"":[{""u"":0,""v"":1,""w"":0},{""u"":0,""v"":3,""w"":2},{""u"":1,""v"":2,""w"":20},{""u"":2,""v"":8,""w"":25},{""u"":3,""v"":4,""w"":1},{""u"":4,""v"":5,""w"":2},{""u"":5,""v"":7,""w"":2},{""u"":7,""v"":6,""w"":14},{""u"":7,""v"":8,""w"":3}],""num_vertices"":9,""instance_type"":""standard"",""greedy_answer"":""Path: 0 -> 1 -> 2 -> 8, Cost: 45"",""greedy_succeeds"":false,""tempting_wrong_first_move"":1,""difficulty_numeric"":14,""critical_step_index"":-1}","stage1_procedural_generation | {""entity_mapping"": {""0"": ""London"", ""1"": ""Oxford"", ""2"": ""Cambridge"", ""3"": ""Birmingham"", ""4"": ""Leicester"", ""5"": ""Nottingham"", ""6"": ""Leeds"", ""7"": ""Sheffield"", ""8"": ""Manchester""}}"
SP_060,W4,"G = (V, E) where V = {0, 1, ..., 8}
E = {(0,1,0), (0,3,2), (1,2,20), (2,8,25), (3,4,1), (4,5,2), (5,7,2), (7,6,14), (7,8,3)}
Find: δ(0, 8) = minimum weight path from 0 to 8
OUTPUT FORMAT:
Path: X -> X -> X, Cost: X","Path: 0 -> 3 -> 4 -> 5 -> 7 -> 8, Cost: 10",algorithmic,shortest_path,adversarial,hard,high,procedural_seed_16144989862895469617,verify_sp,"{""subtype"":""SP"",""directed"":true,""source"":0,""target"":8,""graph"":[{""u"":0,""v"":1,""w"":0},{""u"":0,""v"":3,""w"":2},{""u"":1,""v"":2,""w"":20},{""u"":2,""v"":8,""w"":25},{""u"":3,""v"":4,""w"":1},{""u"":4,""v"":5,""w"":2},{""u"":5,""v"":7,""w"":2},{""u"":7,""v"":6,""w"":14},{""u"":7,""v"":8,""w"":3}],""num_vertices"":9,""instance_type"":""standard"",""greedy_answer"":""Path: 0 -> 1 -> 2 -> 8, Cost: 45"",""greedy_succeeds"":false,""tempting_wrong_first_move"":1,""difficulty_numeric"":14,""critical_step_index"":-1}",stage1_procedural_generation
SP_060,W5,"A route planner has 9 locations labeled 0 to 8. Roads are one-way and weighted by travel time.

The road network is:
- Node 0 to Node 1: 0
- Node 0 to Node 3: 2
- Node 1 to Node 2: 20
- Node 2 to Node 8: 25
- Node 3 to Node 4: 1
- Node 4 to Node 5: 2
- Node 5 to Node 7: 2
- Node 7 to Node 6: 14
- Node 7 to Node 8: 3

What is the shortest path from node 8 to node 0 and its total cost?

Reply with only the path and cost.
Format: Path: X -> X -> X, Cost: X","Path: 8 -> 7 -> 5 -> 4 -> 3 -> 0, Cost: 10",algorithmic,shortest_path,adversarial,hard,high,procedural_seed_16144989862895469617,verify_sp,"{""subtype"": ""SP"", ""directed"": true, ""source"": 8, ""target"": 0, ""graph"": [{""u"": 1, ""v"": 0, ""w"": 0}, {""u"": 3, ""v"": 0, ""w"": 2}, {""u"": 2, ""v"": 1, ""w"": 20}, {""u"": 8, ""v"": 2, ""w"": 25}, {""u"": 4, ""v"": 3, ""w"": 1}, {""u"": 5, ""v"": 4, ""w"": 2}, {""u"": 7, ""v"": 5, ""w"": 2}, {""u"": 6, ""v"": 7, ""w"": 14}, {""u"": 8, ""v"": 7, ""w"": 3}], ""num_vertices"": 9, ""instance_type"": ""standard"", ""greedy_answer"": ""Path: 0 -> 1 -> 2 -> 8, Cost: 45"", ""greedy_succeeds"": false, ""tempting_wrong_first_move"": 1, ""difficulty_numeric"": 14, ""critical_step_index"": -1}",stage1_procedural_generation
SP_060,W6,"A route-planning task over weighted one-way roads. Edge list and travel times are:

- 0 -> 7: 16
- 0 -> 2: 1
- 1 -> 0: 12
- 2 -> 1: 16
- 2 -> 7: 2
- 4 -> 5: 1
- 5 -> 8: 4
- 7 -> 4: 4
- 7 -> 6: 18

Reply with only the path as a sequence of nodes and the total cost.
Format: Path: X -> X -> X, Cost: X","Path: 0 -> 2 -> 7 -> 4 -> 5 -> 8, Cost: 12",algorithmic,shortest_path,adversarial,hard,high,procedural_seed_16144989862895469617,verify_sp,"{""subtype"": ""SP"", ""directed"": true, ""source"": 0, ""target"": 8, ""graph"": [{""u"": 0, ""v"": 7, ""w"": 16}, {""u"": 0, ""v"": 2, ""w"": 1}, {""u"": 1, ""v"": 0, ""w"": 12}, {""u"": 2, ""v"": 1, ""w"": 16}, {""u"": 2, ""v"": 7, ""w"": 2}, {""u"": 4, ""v"": 5, ""w"": 1}, {""u"": 5, ""v"": 8, ""w"": 4}, {""u"": 7, ""v"": 4, ""w"": 4}, {""u"": 7, ""v"": 6, ""w"": 18}], ""num_vertices"": 9, ""instance_type"": ""standard"", ""greedy_answer"": ""Path: 0 -> 1 -> 2 -> 8, Cost: 45"", ""greedy_succeeds"": false, ""tempting_wrong_first_move"": 1, ""difficulty_numeric"": 14, ""critical_step_index"": -1}",stage1_procedural_generation | w6_seed=2684554105
SP_061,W1,"A travel planner contains 8 destinations marked 0 through 7. The connections are unidirectional with weights representing journey duration.

The connection system consists of:
- Node 0 connects to Node 1: 2
- Node 0 connects to Node 3: 1
- Node 1 connects to Node 2: 4
- Node 2 connects to Node 5: 4
- Node 2 connects to Node 6: 22
- Node 3 connects to Node 4: 20
- Node 4 connects to Node 7: 31
- Node 5 connects to Node 7: 6

Find the minimum-distance route starting at node 0 and ending at node 7, along with the total distance.

Provide just the route and distance.
Format: Path: X -> X -> X, Cost: X","Path: 0 -> 1 -> 2 -> 5 -> 7, Cost: 16",algorithmic,shortest_path,adversarial,hard,high,procedural_seed_17696067461501298398,verify_sp,"{""subtype"":""SP"",""directed"":true,""source"":0,""target"":7,""graph"":[{""u"":0,""v"":1,""w"":2},{""u"":0,""v"":3,""w"":1},{""u"":1,""v"":2,""w"":4},{""u"":2,""v"":5,""w"":4},{""u"":2,""v"":6,""w"":22},{""u"":3,""v"":4,""w"":20},{""u"":4,""v"":7,""w"":31},{""u"":5,""v"":7,""w"":6}],""num_vertices"":8,""instance_type"":""standard"",""greedy_answer"":""Path: 0 -> 3 -> 4 -> 7, Cost: 52"",""greedy_succeeds"":false,""tempting_wrong_first_move"":3,""difficulty_numeric"":13,""critical_step_index"":-1}",stage1_procedural_generation
SP_061,W2,"Graph edges:
(0 → 1, weight=2)
(0 → 3, weight=1)
(1 → 2, weight=4)
(2 → 5, weight=4)
(2 → 6, weight=22)
(3 → 4, weight=20)
(4 → 7, weight=31)
(5 → 7, weight=6)
Source: 0
Target: 7","Path: 0 -> 1 -> 2 -> 5 -> 7, Cost: 16",algorithmic,shortest_path,adversarial,hard,high,procedural_seed_17696067461501298398,verify_sp,"{""subtype"":""SP"",""directed"":true,""source"":0,""target"":7,""graph"":[{""u"":0,""v"":1,""w"":2},{""u"":0,""v"":3,""w"":1},{""u"":1,""v"":2,""w"":4},{""u"":2,""v"":5,""w"":4},{""u"":2,""v"":6,""w"":22},{""u"":3,""v"":4,""w"":20},{""u"":4,""v"":7,""w"":31},{""u"":5,""v"":7,""w"":6}],""num_vertices"":8,""instance_type"":""standard"",""greedy_answer"":""Path: 0 -> 3 -> 4 -> 7, Cost: 52"",""greedy_succeeds"":false,""tempting_wrong_first_move"":3,""difficulty_numeric"":13,""critical_step_index"":-1}",stage1_procedural_generation
SP_061,W3,"A route planner has 8 locations labeled 0 to 7. Roads are one-way and weighted by travel time.

The road network is:
- Node London to Node Paris: 2
- Node London to Node Brussels: 1
- Node Paris to Node Berlin: 4
- Node Berlin to Node Prague: 4
- Node Berlin to Node Vienna: 22
- Node Brussels to Node Amsterdam: 20
- Node Amsterdam to Node Warsaw: 31
- Node Prague to Node Warsaw: 6

What is the shortest path from node London to node Warsaw and its total cost?

Reply with only the path and cost.
Format: Path: X -> X -> X, Cost: X","Path: London -> Paris -> Berlin -> Prague -> Warsaw, Cost: 16",algorithmic,shortest_path,adversarial,hard,high,procedural_seed_17696067461501298398,verify_sp,"{""subtype"":""SP"",""directed"":true,""source"":0,""target"":7,""graph"":[{""u"":0,""v"":1,""w"":2},{""u"":0,""v"":3,""w"":1},{""u"":1,""v"":2,""w"":4},{""u"":2,""v"":5,""w"":4},{""u"":2,""v"":6,""w"":22},{""u"":3,""v"":4,""w"":20},{""u"":4,""v"":7,""w"":31},{""u"":5,""v"":7,""w"":6}],""num_vertices"":8,""instance_type"":""standard"",""greedy_answer"":""Path: 0 -> 3 -> 4 -> 7, Cost: 52"",""greedy_succeeds"":false,""tempting_wrong_first_move"":3,""difficulty_numeric"":13,""critical_step_index"":-1}","stage1_procedural_generation | {""entity_mapping"": {""0"": ""London"", ""1"": ""Paris"", ""2"": ""Berlin"", ""3"": ""Brussels"", ""4"": ""Amsterdam"", ""5"": ""Prague"", ""6"": ""Vienna"", ""7"": ""Warsaw""}}"
SP_061,W4,"G = (V, E) where V = {0, 1, ..., 7}
E = {(0,1,2), (0,3,1), (1,2,4), (2,5,4), (2,6,22), (3,4,20), (4,7,31), (5,7,6)}
Find: δ(0, 7) = minimum weight path from 0 to 7
OUTPUT FORMAT:
Path: X -> X -> X, Cost: X","Path: 0 -> 1 -> 2 -> 5 -> 7, Cost: 16",algorithmic,shortest_path,adversarial,hard,high,procedural_seed_17696067461501298398,verify_sp,"{""subtype"":""SP"",""directed"":true,""source"":0,""target"":7,""graph"":[{""u"":0,""v"":1,""w"":2},{""u"":0,""v"":3,""w"":1},{""u"":1,""v"":2,""w"":4},{""u"":2,""v"":5,""w"":4},{""u"":2,""v"":6,""w"":22},{""u"":3,""v"":4,""w"":20},{""u"":4,""v"":7,""w"":31},{""u"":5,""v"":7,""w"":6}],""num_vertices"":8,""instance_type"":""standard"",""greedy_answer"":""Path: 0 -> 3 -> 4 -> 7, Cost: 52"",""greedy_succeeds"":false,""tempting_wrong_first_move"":3,""difficulty_numeric"":13,""critical_step_index"":-1}",stage1_procedural_generation
SP_061,W5,"A route planner has 8 locations labeled 0 to 7. Roads are one-way and weighted by travel time.

The road network is:
- Node 0 to Node 1: 2
- Node 0 to Node 3: 1
- Node 1 to Node 2: 4
- Node 2 to Node 5: 4
- Node 2 to Node 6: 22
- Node 3 to Node 4: 20
- Node 4 to Node 7: 31
- Node 5 to Node 7: 6

What is the shortest path from node 7 to node 0 and its total cost?

Reply with only the path and cost.
Format: Path: X -> X -> X, Cost: X","Path: 7 -> 5 -> 2 -> 1 -> 0, Cost: 16",algorithmic,shortest_path,adversarial,hard,high,procedural_seed_17696067461501298398,verify_sp,"{""subtype"": ""SP"", ""directed"": true, ""source"": 7, ""target"": 0, ""graph"": [{""u"": 1, ""v"": 0, ""w"": 2}, {""u"": 3, ""v"": 0, ""w"": 1}, {""u"": 2, ""v"": 1, ""w"": 4}, {""u"": 5, ""v"": 2, ""w"": 4}, {""u"": 6, ""v"": 2, ""w"": 22}, {""u"": 4, ""v"": 3, ""w"": 20}, {""u"": 7, ""v"": 4, ""w"": 31}, {""u"": 7, ""v"": 5, ""w"": 6}], ""num_vertices"": 8, ""instance_type"": ""standard"", ""greedy_answer"": ""Path: 0 -> 3 -> 4 -> 7, Cost: 52"", ""greedy_succeeds"": false, ""tempting_wrong_first_move"": 3, ""difficulty_numeric"": 13, ""critical_step_index"": -1}",stage1_procedural_generation
SP_061,W6,"A route-planning task over weighted one-way roads. Edge list and travel times are:

- 0 -> 3: 2
- 3 -> 5: 4
- 4 -> 3: 11
- 4 -> 6: 2
- 5 -> 4: 3
- 6 -> 5: 16
- 6 -> 7: 4
- 7 -> 2: 16

Reply with only the path as a sequence of nodes and the total cost.
Format: Path: X -> X -> X, Cost: X","Path: 0 -> 3 -> 5 -> 4 -> 6 -> 7, Cost: 15",algorithmic,shortest_path,adversarial,hard,high,procedural_seed_17696067461501298398,verify_sp,"{""subtype"": ""SP"", ""directed"": true, ""source"": 0, ""target"": 7, ""graph"": [{""u"": 0, ""v"": 3, ""w"": 2}, {""u"": 3, ""v"": 5, ""w"": 4}, {""u"": 4, ""v"": 3, ""w"": 11}, {""u"": 4, ""v"": 6, ""w"": 2}, {""u"": 5, ""v"": 4, ""w"": 3}, {""u"": 6, ""v"": 5, ""w"": 16}, {""u"": 6, ""v"": 7, ""w"": 4}, {""u"": 7, ""v"": 2, ""w"": 16}], ""num_vertices"": 8, ""instance_type"": ""standard"", ""greedy_answer"": ""Path: 0 -> 3 -> 4 -> 7, Cost: 52"", ""greedy_succeeds"": false, ""tempting_wrong_first_move"": 3, ""difficulty_numeric"": 13, ""critical_step_index"": -1}",stage1_procedural_generation | w6_seed=2551876440
SP_062,W1,"There is a route planning system with 7 locations numbered from 0 through 6. The roads connecting these locations are unidirectional and have associated travel times.

The connections between locations are as follows:
- Node 0 to Node 1: 1
- Node 0 to Node 3: 4
- Node 0 to Node 5: 12
- Node 1 to Node 2: 1
- Node 1 to Node 4: 14
- Node 2 to Node 4: 12
- Node 2 to Node 6: 24
- Node 3 to Node 2: 11
- Node 3 to Node 4: 4
- Node 4 to Node 6: 4
- Node 5 to Node 6: 8

Find the path with minimum total travel time from node 0 to node 6 and provide the total cost.

Reply with only the path and cost.
Format: Path: X -> X -> X, Cost: X","Path: 0 -> 3 -> 4 -> 6, Cost: 12",algorithmic,shortest_path,standard,hard,high,procedural_seed_16230432848467145091,verify_sp,"{""subtype"":""SP"",""directed"":true,""source"":0,""target"":6,""graph"":[{""u"":0,""v"":1,""w"":1},{""u"":0,""v"":3,""w"":4},{""u"":0,""v"":5,""w"":12},{""u"":1,""v"":2,""w"":1},{""u"":1,""v"":4,""w"":14},{""u"":2,""v"":4,""w"":12},{""u"":2,""v"":6,""w"":24},{""u"":3,""v"":2,""w"":11},{""u"":3,""v"":4,""w"":4},{""u"":4,""v"":6,""w"":4},{""u"":5,""v"":6,""w"":8}],""num_vertices"":7,""instance_type"":""adversarial"",""greedy_answer"":""Path: 0 -> 1 -> 2 -> 4 -> 6, Cost: 18"",""greedy_succeeds"":false,""adversarial_pattern"":""trap"",""difficulty_numeric"":15,""critical_step_index"":0}",stage1_procedural_generation
SP_062,W2,"Graph edges:
(0 → 1, weight=1)
(0 → 3, weight=4)
(0 → 5, weight=12)
(1 → 2, weight=1)
(1 → 4, weight=14)
(2 → 4, weight=12)
(2 → 6, weight=24)
(3 → 2, weight=11)
(3 → 4, weight=4)
(4 → 6, weight=4)
(5 → 6, weight=8)
Source: 0
Target: 6","Path: 0 -> 3 -> 4 -> 6, Cost: 12",algorithmic,shortest_path,standard,hard,high,procedural_seed_16230432848467145091,verify_sp,"{""subtype"":""SP"",""directed"":true,""source"":0,""target"":6,""graph"":[{""u"":0,""v"":1,""w"":1},{""u"":0,""v"":3,""w"":4},{""u"":0,""v"":5,""w"":12},{""u"":1,""v"":2,""w"":1},{""u"":1,""v"":4,""w"":14},{""u"":2,""v"":4,""w"":12},{""u"":2,""v"":6,""w"":24},{""u"":3,""v"":2,""w"":11},{""u"":3,""v"":4,""w"":4},{""u"":4,""v"":6,""w"":4},{""u"":5,""v"":6,""w"":8}],""num_vertices"":7,""instance_type"":""adversarial"",""greedy_answer"":""Path: 0 -> 1 -> 2 -> 4 -> 6, Cost: 18"",""greedy_succeeds"":false,""adversarial_pattern"":""trap"",""difficulty_numeric"":15,""critical_step_index"":0}",stage1_procedural_generation
SP_062,W3,"A route planner has 7 locations labeled 0 to 6. Roads are one-way and weighted by travel time.

The road network is:
- Node London to Node Paris: 1
- Node London to Node Amsterdam: 4
- Node London to Node Madrid: 12
- Node Paris to Node Berlin: 1
- Node Paris to Node Prague: 14
- Node Berlin to Node Prague: 12
- Node Berlin to Node Rome: 24
- Node Amsterdam to Node Berlin: 11
- Node Amsterdam to Node Prague: 4
- Node Prague to Node Rome: 4
- Node Madrid to Node Rome: 8

What is the shortest path from node London to node Rome and its total cost?

Reply with only the path and cost.
Format: Path: X -> X -> X, Cost: X","Path: London -> Amsterdam -> Prague -> Rome, Cost: 12",algorithmic,shortest_path,standard,hard,high,procedural_seed_16230432848467145091,verify_sp,"{""subtype"":""SP"",""directed"":true,""source"":0,""target"":6,""graph"":[{""u"":0,""v"":1,""w"":1},{""u"":0,""v"":3,""w"":4},{""u"":0,""v"":5,""w"":12},{""u"":1,""v"":2,""w"":1},{""u"":1,""v"":4,""w"":14},{""u"":2,""v"":4,""w"":12},{""u"":2,""v"":6,""w"":24},{""u"":3,""v"":2,""w"":11},{""u"":3,""v"":4,""w"":4},{""u"":4,""v"":6,""w"":4},{""u"":5,""v"":6,""w"":8}],""num_vertices"":7,""instance_type"":""adversarial"",""greedy_answer"":""Path: 0 -> 1 -> 2 -> 4 -> 6, Cost: 18"",""greedy_succeeds"":false,""adversarial_pattern"":""trap"",""difficulty_numeric"":15,""critical_step_index"":0}","stage1_procedural_generation | {""entity_mapping"": {""0"": ""London"", ""1"": ""Paris"", ""2"": ""Berlin"", ""3"": ""Amsterdam"", ""4"": ""Prague"", ""5"": ""Madrid"", ""6"": ""Rome""}}"
SP_062,W4,"G = (V, E) where V = {0, 1, ..., 6}
E = {(0,1,1), (0,3,4), (0,5,12), (1,2,1), (1,4,14), (2,4,12), (2,6,24), (3,2,11), (3,4,4), (4,6,4), (5,6,8)}
Find: δ(0, 6) = minimum weight path from 0 to 6
OUTPUT FORMAT:
Path: X -> X -> X, Cost: X","Path: 0 -> 3 -> 4 -> 6, Cost: 12",algorithmic,shortest_path,standard,hard,high,procedural_seed_16230432848467145091,verify_sp,"{""subtype"":""SP"",""directed"":true,""source"":0,""target"":6,""graph"":[{""u"":0,""v"":1,""w"":1},{""u"":0,""v"":3,""w"":4},{""u"":0,""v"":5,""w"":12},{""u"":1,""v"":2,""w"":1},{""u"":1,""v"":4,""w"":14},{""u"":2,""v"":4,""w"":12},{""u"":2,""v"":6,""w"":24},{""u"":3,""v"":2,""w"":11},{""u"":3,""v"":4,""w"":4},{""u"":4,""v"":6,""w"":4},{""u"":5,""v"":6,""w"":8}],""num_vertices"":7,""instance_type"":""adversarial"",""greedy_answer"":""Path: 0 -> 1 -> 2 -> 4 -> 6, Cost: 18"",""greedy_succeeds"":false,""adversarial_pattern"":""trap"",""difficulty_numeric"":15,""critical_step_index"":0}",stage1_procedural_generation
SP_062,W5,"A route planner has 7 locations labeled 0 to 6. Roads are one-way and weighted by travel time.

The road network is:
- Node 0 to Node 1: 1
- Node 0 to Node 3: 4
- Node 0 to Node 5: 12
- Node 1 to Node 2: 1
- Node 1 to Node 4: 14
- Node 2 to Node 4: 12
- Node 2 to Node 6: 24
- Node 3 to Node 2: 11
- Node 3 to Node 4: 4
- Node 4 to Node 6: 4
- Node 5 to Node 6: 8

What is the shortest path from node 6 to node 0 and its total cost?

Reply with only the path and cost.
Format: Path: X -> X -> X, Cost: X","Path: 6 -> 4 -> 3 -> 0, Cost: 12",algorithmic,shortest_path,standard,hard,high,procedural_seed_16230432848467145091,verify_sp,"{""subtype"": ""SP"", ""directed"": true, ""source"": 6, ""target"": 0, ""graph"": [{""u"": 1, ""v"": 0, ""w"": 1}, {""u"": 3, ""v"": 0, ""w"": 4}, {""u"": 5, ""v"": 0, ""w"": 12}, {""u"": 2, ""v"": 1, ""w"": 1}, {""u"": 4, ""v"": 1, ""w"": 14}, {""u"": 4, ""v"": 2, ""w"": 12}, {""u"": 6, ""v"": 2, ""w"": 24}, {""u"": 2, ""v"": 3, ""w"": 11}, {""u"": 4, ""v"": 3, ""w"": 4}, {""u"": 6, ""v"": 4, ""w"": 4}, {""u"": 6, ""v"": 5, ""w"": 8}], ""num_vertices"": 7, ""instance_type"": ""adversarial"", ""greedy_answer"": ""Path: 0 -> 1 -> 2 -> 4 -> 6, Cost: 18"", ""greedy_succeeds"": false, ""adversarial_pattern"": ""trap"", ""difficulty_numeric"": 15, ""critical_step_index"": 0}",stage1_procedural_generation
SP_062,W6,"A route-planning task over weighted one-way roads. Edge list and travel times are:

- 0 -> 2: 3
- 1 -> 5: 1
- 1 -> 3: 7
- 2 -> 4: 11
- 2 -> 1: 3
- 2 -> 0: 16
- 2 -> 3: 5
- 4 -> 0: 15
- 4 -> 2: 6
- 5 -> 6: 2
- 6 -> 4: 10

Reply with only the path as a sequence of nodes and the total cost.
Format: Path: X -> X -> X, Cost: X","Path: 0 -> 2 -> 1 -> 5 -> 6, Cost: 9",algorithmic,shortest_path,standard,hard,high,procedural_seed_16230432848467145091,verify_sp,"{""subtype"": ""SP"", ""directed"": true, ""source"": 0, ""target"": 6, ""graph"": [{""u"": 0, ""v"": 2, ""w"": 3}, {""u"": 1, ""v"": 5, ""w"": 1}, {""u"": 1, ""v"": 3, ""w"": 7}, {""u"": 2, ""v"": 4, ""w"": 11}, {""u"": 2, ""v"": 1, ""w"": 3}, {""u"": 2, ""v"": 0, ""w"": 16}, {""u"": 2, ""v"": 3, ""w"": 5}, {""u"": 4, ""v"": 0, ""w"": 15}, {""u"": 4, ""v"": 2, ""w"": 6}, {""u"": 5, ""v"": 6, ""w"": 2}, {""u"": 6, ""v"": 4, ""w"": 10}], ""num_vertices"": 7, ""instance_type"": ""adversarial"", ""greedy_answer"": ""Path: 0 -> 1 -> 2 -> 4 -> 6, Cost: 18"", ""greedy_succeeds"": false, ""adversarial_pattern"": ""trap"", ""difficulty_numeric"": 15, ""critical_step_index"": 0}",stage1_procedural_generation | w6_seed=195339753
SP_063,W1,"A routing system contains 9 points numbered from 0 through 8. Each road allows travel in only one direction and has an associated travel duration.

The connections between nodes are as follows:
- From Node 0 to Node 1: 1
- From Node 0 to Node 3: 4
- From Node 0 to Node 5: 10
- From Node 0 to Node 6: 8
- From Node 0 to Node 7: 9
- From Node 1 to Node 2: 1
- From Node 1 to Node 4: 14
- From Node 2 to Node 4: 12
- From Node 2 to Node 8: 24
- From Node 3 to Node 2: 11
- From Node 3 to Node 4: 4
- From Node 4 to Node 8: 4
- From Node 5 to Node 8: 12
- From Node 6 to Node 8: 9
- From Node 7 to Node 8: 10

Determine the path with minimum total travel time from node 0 to node 8 and calculate that total time.

Provide only the route and its total time.
Format: Path: X -> X -> X, Cost: X","Path: 0 -> 3 -> 4 -> 8, Cost: 12",algorithmic,shortest_path,adversarial,hard,high,procedural_seed_3328248212732509633,verify_sp,"{""subtype"":""SP"",""directed"":true,""source"":0,""target"":8,""graph"":[{""u"":0,""v"":1,""w"":1},{""u"":0,""v"":3,""w"":4},{""u"":0,""v"":5,""w"":10},{""u"":0,""v"":6,""w"":8},{""u"":0,""v"":7,""w"":9},{""u"":1,""v"":2,""w"":1},{""u"":1,""v"":4,""w"":14},{""u"":2,""v"":4,""w"":12},{""u"":2,""v"":8,""w"":24},{""u"":3,""v"":2,""w"":11},{""u"":3,""v"":4,""w"":4},{""u"":4,""v"":8,""w"":4},{""u"":5,""v"":8,""w"":12},{""u"":6,""v"":8,""w"":9},{""u"":7,""v"":8,""w"":10}],""num_vertices"":9,""instance_type"":""adversarial"",""greedy_answer"":""Path: 0 -> 1 -> 2 -> 4 -> 8, Cost: 18"",""greedy_succeeds"":false,""adversarial_pattern"":""trap"",""difficulty_numeric"":15,""critical_step_index"":0}",stage1_procedural_generation
SP_063,W2,"Graph edges:
(0 → 1, weight=1)
(0 → 3, weight=4)
(0 → 5, weight=10)
(0 → 6, weight=8)
(0 → 7, weight=9)
(1 → 2, weight=1)
(1 → 4, weight=14)
(2 → 4, weight=12)
(2 → 8, weight=24)
(3 → 2, weight=11)
(3 → 4, weight=4)
(4 → 8, weight=4)
(5 → 8, weight=12)
(6 → 8, weight=9)
(7 → 8, weight=10)
Source: 0
Target: 8","Path: 0 -> 3 -> 4 -> 8, Cost: 12",algorithmic,shortest_path,adversarial,hard,high,procedural_seed_3328248212732509633,verify_sp,"{""subtype"":""SP"",""directed"":true,""source"":0,""target"":8,""graph"":[{""u"":0,""v"":1,""w"":1},{""u"":0,""v"":3,""w"":4},{""u"":0,""v"":5,""w"":10},{""u"":0,""v"":6,""w"":8},{""u"":0,""v"":7,""w"":9},{""u"":1,""v"":2,""w"":1},{""u"":1,""v"":4,""w"":14},{""u"":2,""v"":4,""w"":12},{""u"":2,""v"":8,""w"":24},{""u"":3,""v"":2,""w"":11},{""u"":3,""v"":4,""w"":4},{""u"":4,""v"":8,""w"":4},{""u"":5,""v"":8,""w"":12},{""u"":6,""v"":8,""w"":9},{""u"":7,""v"":8,""w"":10}],""num_vertices"":9,""instance_type"":""adversarial"",""greedy_answer"":""Path: 0 -> 1 -> 2 -> 4 -> 8, Cost: 18"",""greedy_succeeds"":false,""adversarial_pattern"":""trap"",""difficulty_numeric"":15,""critical_step_index"":0}",stage1_procedural_generation
SP_063,W3,"A route planner has 9 locations labeled 0 to 8. Roads are one-way and weighted by travel time.

The road network is:
- Node London to Node Cambridge: 1
- Node London to Node Reading: 4
- Node London to Node Birmingham: 10
- Node London to Node Manchester: 8
- Node London to Node Leeds: 9
- Node Cambridge to Node Oxford: 1
- Node Cambridge to Node Bristol: 14
- Node Oxford to Node Bristol: 12
- Node Oxford to Node Edinburgh: 24
- Node Reading to Node Oxford: 11
- Node Reading to Node Bristol: 4
- Node Bristol to Node Edinburgh: 4
- Node Birmingham to Node Edinburgh: 12
- Node Manchester to Node Edinburgh: 9
- Node Leeds to Node Edinburgh: 10

What is the shortest path from node London to node Edinburgh and its total cost?

Reply with only the path and cost.
Format: Path: X -> X -> X, Cost: X","Path: London -> Reading -> Bristol -> Edinburgh, Cost: 12",algorithmic,shortest_path,adversarial,hard,high,procedural_seed_3328248212732509633,verify_sp,"{""subtype"":""SP"",""directed"":true,""source"":0,""target"":8,""graph"":[{""u"":0,""v"":1,""w"":1},{""u"":0,""v"":3,""w"":4},{""u"":0,""v"":5,""w"":10},{""u"":0,""v"":6,""w"":8},{""u"":0,""v"":7,""w"":9},{""u"":1,""v"":2,""w"":1},{""u"":1,""v"":4,""w"":14},{""u"":2,""v"":4,""w"":12},{""u"":2,""v"":8,""w"":24},{""u"":3,""v"":2,""w"":11},{""u"":3,""v"":4,""w"":4},{""u"":4,""v"":8,""w"":4},{""u"":5,""v"":8,""w"":12},{""u"":6,""v"":8,""w"":9},{""u"":7,""v"":8,""w"":10}],""num_vertices"":9,""instance_type"":""adversarial"",""greedy_answer"":""Path: 0 -> 1 -> 2 -> 4 -> 8, Cost: 18"",""greedy_succeeds"":false,""adversarial_pattern"":""trap"",""difficulty_numeric"":15,""critical_step_index"":0}","stage1_procedural_generation | {""entity_mapping"": {""0"": ""London"", ""1"": ""Cambridge"", ""2"": ""Oxford"", ""3"": ""Reading"", ""4"": ""Bristol"", ""5"": ""Birmingham"", ""6"": ""Manchester"", ""7"": ""Leeds"", ""8"": ""Edinburgh""}}"
SP_063,W4,"G = (V, E) where V = {0, 1, ..., 8}
E = {(0,1,1), (0,3,4), (0,5,10), (0,6,8), (0,7,9), (1,2,1), (1,4,14), (2,4,12), (2,8,24), (3,2,11), (3,4,4), (4,8,4), (5,8,12), (6,8,9), (7,8,10)}
Find: δ(0, 8) = minimum weight path from 0 to 8
OUTPUT FORMAT:
Path: X -> X -> X, Cost: X","Path: 0 -> 3 -> 4 -> 8, Cost: 12",algorithmic,shortest_path,adversarial,hard,high,procedural_seed_3328248212732509633,verify_sp,"{""subtype"":""SP"",""directed"":true,""source"":0,""target"":8,""graph"":[{""u"":0,""v"":1,""w"":1},{""u"":0,""v"":3,""w"":4},{""u"":0,""v"":5,""w"":10},{""u"":0,""v"":6,""w"":8},{""u"":0,""v"":7,""w"":9},{""u"":1,""v"":2,""w"":1},{""u"":1,""v"":4,""w"":14},{""u"":2,""v"":4,""w"":12},{""u"":2,""v"":8,""w"":24},{""u"":3,""v"":2,""w"":11},{""u"":3,""v"":4,""w"":4},{""u"":4,""v"":8,""w"":4},{""u"":5,""v"":8,""w"":12},{""u"":6,""v"":8,""w"":9},{""u"":7,""v"":8,""w"":10}],""num_vertices"":9,""instance_type"":""adversarial"",""greedy_answer"":""Path: 0 -> 1 -> 2 -> 4 -> 8, Cost: 18"",""greedy_succeeds"":false,""adversarial_pattern"":""trap"",""difficulty_numeric"":15,""critical_step_index"":0}",stage1_procedural_generation
SP_063,W5,"A route planner has 9 locations labeled 0 to 8. Roads are one-way and weighted by travel time.

The road network is:
- Node 0 to Node 1: 1
- Node 0 to Node 3: 4
- Node 0 to Node 5: 10
- Node 0 to Node 6: 8
- Node 0 to Node 7: 9
- Node 1 to Node 2: 1
- Node 1 to Node 4: 14
- Node 2 to Node 4: 12
- Node 2 to Node 8: 24
- Node 3 to Node 2: 11
- Node 3 to Node 4: 4
- Node 4 to Node 8: 4
- Node 5 to Node 8: 12
- Node 6 to Node 8: 9
- Node 7 to Node 8: 10

What is the shortest path from node 8 to node 0 and its total cost?

Reply with only the path and cost.
Format: Path: X -> X -> X, Cost: X","Path: 8 -> 4 -> 3 -> 0, Cost: 12",algorithmic,shortest_path,adversarial,hard,high,procedural_seed_3328248212732509633,verify_sp,"{""subtype"": ""SP"", ""directed"": true, ""source"": 8, ""target"": 0, ""graph"": [{""u"": 1, ""v"": 0, ""w"": 1}, {""u"": 3, ""v"": 0, ""w"": 4}, {""u"": 5, ""v"": 0, ""w"": 10}, {""u"": 6, ""v"": 0, ""w"": 8}, {""u"": 7, ""v"": 0, ""w"": 9}, {""u"": 2, ""v"": 1, ""w"": 1}, {""u"": 4, ""v"": 1, ""w"": 14}, {""u"": 4, ""v"": 2, ""w"": 12}, {""u"": 8, ""v"": 2, ""w"": 24}, {""u"": 2, ""v"": 3, ""w"": 11}, {""u"": 4, ""v"": 3, ""w"": 4}, {""u"": 8, ""v"": 4, ""w"": 4}, {""u"": 8, ""v"": 5, ""w"": 12}, {""u"": 8, ""v"": 6, ""w"": 9}, {""u"": 8, ""v"": 7, ""w"": 10}], ""num_vertices"": 9, ""instance_type"": ""adversarial"", ""greedy_answer"": ""Path: 0 -> 1 -> 2 -> 4 -> 8, Cost: 18"", ""greedy_succeeds"": false, ""adversarial_pattern"": ""trap"", ""difficulty_numeric"": 15, ""critical_step_index"": 0}",stage1_procedural_generation
SP_063,W6,"A route-planning task over weighted one-way roads. Edge list and travel times are:

- 0 -> 1: 2
- 0 -> 5: 12
- 1 -> 8: 2
- 1 -> 4: 6
- 1 -> 7: 15
- 1 -> 6: 8
- 2 -> 3: 9
- 2 -> 6: 7
- 3 -> 6: 13
- 4 -> 3: 16
- 5 -> 4: 8
- 5 -> 3: 10
- 6 -> 5: 5
- 6 -> 4: 6
- 7 -> 3: 16

Reply with only the path as a sequence of nodes and the total cost.
Format: Path: X -> X -> X, Cost: X","Path: 0 -> 1 -> 8, Cost: 4",algorithmic,shortest_path,adversarial,hard,high,procedural_seed_3328248212732509633,verify_sp,"{""subtype"": ""SP"", ""directed"": true, ""source"": 0, ""target"": 8, ""graph"": [{""u"": 0, ""v"": 1, ""w"": 2}, {""u"": 0, ""v"": 5, ""w"": 12}, {""u"": 1, ""v"": 8, ""w"": 2}, {""u"": 1, ""v"": 4, ""w"": 6}, {""u"": 1, ""v"": 7, ""w"": 15}, {""u"": 1, ""v"": 6, ""w"": 8}, {""u"": 2, ""v"": 3, ""w"": 9}, {""u"": 2, ""v"": 6, ""w"": 7}, {""u"": 3, ""v"": 6, ""w"": 13}, {""u"": 4, ""v"": 3, ""w"": 16}, {""u"": 5, ""v"": 4, ""w"": 8}, {""u"": 5, ""v"": 3, ""w"": 10}, {""u"": 6, ""v"": 5, ""w"": 5}, {""u"": 6, ""v"": 4, ""w"": 6}, {""u"": 7, ""v"": 3, ""w"": 16}], ""num_vertices"": 9, ""instance_type"": ""adversarial"", ""greedy_answer"": ""Path: 0 -> 1 -> 2 -> 4 -> 8, Cost: 18"", ""greedy_succeeds"": false, ""adversarial_pattern"": ""trap"", ""difficulty_numeric"": 15, ""critical_step_index"": 0}",stage1_procedural_generation | w6_seed=344194889
SP_064,W1,"A route planner contains 7 locations numbered from 0 through 6. All roads are unidirectional and have associated travel times.

The connections between nodes are as follows:
- From Node 0 to Node 1: 1
- From Node 0 to Node 3: 4
- From Node 0 to Node 5: 11
- From Node 1 to Node 2: 1
- From Node 1 to Node 4: 14
- From Node 2 to Node 4: 12
- From Node 2 to Node 6: 24
- From Node 3 to Node 2: 11
- From Node 3 to Node 4: 4
- From Node 4 to Node 6: 4
- From Node 5 to Node 6: 10

Determine the path with minimum total travel time from node 0 to node 6 and calculate its cost.

Provide only the path and total cost in response.
Format: Path: X -> X -> X, Cost: X","Path: 0 -> 3 -> 4 -> 6, Cost: 12",algorithmic,shortest_path,standard,hard,high,procedural_seed_260413036275240410,verify_sp,"{""subtype"":""SP"",""directed"":true,""source"":0,""target"":6,""graph"":[{""u"":0,""v"":1,""w"":1},{""u"":0,""v"":3,""w"":4},{""u"":0,""v"":5,""w"":11},{""u"":1,""v"":2,""w"":1},{""u"":1,""v"":4,""w"":14},{""u"":2,""v"":4,""w"":12},{""u"":2,""v"":6,""w"":24},{""u"":3,""v"":2,""w"":11},{""u"":3,""v"":4,""w"":4},{""u"":4,""v"":6,""w"":4},{""u"":5,""v"":6,""w"":10}],""num_vertices"":7,""instance_type"":""adversarial"",""greedy_answer"":""Path: 0 -> 1 -> 2 -> 4 -> 6, Cost: 18"",""greedy_succeeds"":false,""adversarial_pattern"":""trap"",""difficulty_numeric"":15,""critical_step_index"":0}",stage1_procedural_generation
SP_064,W2,"Graph edges:
(0 → 1, weight=1)
(0 → 3, weight=4)
(0 → 5, weight=11)
(1 → 2, weight=1)
(1 → 4, weight=14)
(2 → 4, weight=12)
(2 → 6, weight=24)
(3 → 2, weight=11)
(3 → 4, weight=4)
(4 → 6, weight=4)
(5 → 6, weight=10)
Source: 0
Target: 6","Path: 0 -> 3 -> 4 -> 6, Cost: 12",algorithmic,shortest_path,standard,hard,high,procedural_seed_260413036275240410,verify_sp,"{""subtype"":""SP"",""directed"":true,""source"":0,""target"":6,""graph"":[{""u"":0,""v"":1,""w"":1},{""u"":0,""v"":3,""w"":4},{""u"":0,""v"":5,""w"":11},{""u"":1,""v"":2,""w"":1},{""u"":1,""v"":4,""w"":14},{""u"":2,""v"":4,""w"":12},{""u"":2,""v"":6,""w"":24},{""u"":3,""v"":2,""w"":11},{""u"":3,""v"":4,""w"":4},{""u"":4,""v"":6,""w"":4},{""u"":5,""v"":6,""w"":10}],""num_vertices"":7,""instance_type"":""adversarial"",""greedy_answer"":""Path: 0 -> 1 -> 2 -> 4 -> 6, Cost: 18"",""greedy_succeeds"":false,""adversarial_pattern"":""trap"",""difficulty_numeric"":15,""critical_step_index"":0}",stage1_procedural_generation
SP_064,W3,"A route planner has 7 locations labeled 0 to 6. Roads are one-way and weighted by travel time.

The road network is:
- Node Berlin to Node Prague: 1
- Node Berlin to Node Munich: 4
- Node Berlin to Node Warsaw: 11
- Node Prague to Node Vienna: 1
- Node Prague to Node Budapest: 14
- Node Vienna to Node Budapest: 12
- Node Vienna to Node Zagreb: 24
- Node Munich to Node Vienna: 11
- Node Munich to Node Budapest: 4
- Node Budapest to Node Zagreb: 4
- Node Warsaw to Node Zagreb: 10

What is the shortest path from node Berlin to node Zagreb and its total cost?

Reply with only the path and cost.
Format: Path: X -> X -> X, Cost: X","Path: Berlin -> Munich -> Budapest -> Zagreb, Cost: 12",algorithmic,shortest_path,standard,hard,high,procedural_seed_260413036275240410,verify_sp,"{""subtype"":""SP"",""directed"":true,""source"":0,""target"":6,""graph"":[{""u"":0,""v"":1,""w"":1},{""u"":0,""v"":3,""w"":4},{""u"":0,""v"":5,""w"":11},{""u"":1,""v"":2,""w"":1},{""u"":1,""v"":4,""w"":14},{""u"":2,""v"":4,""w"":12},{""u"":2,""v"":6,""w"":24},{""u"":3,""v"":2,""w"":11},{""u"":3,""v"":4,""w"":4},{""u"":4,""v"":6,""w"":4},{""u"":5,""v"":6,""w"":10}],""num_vertices"":7,""instance_type"":""adversarial"",""greedy_answer"":""Path: 0 -> 1 -> 2 -> 4 -> 6, Cost: 18"",""greedy_succeeds"":false,""adversarial_pattern"":""trap"",""difficulty_numeric"":15,""critical_step_index"":0}","stage1_procedural_generation | {""entity_mapping"": {""0"": ""Berlin"", ""1"": ""Prague"", ""2"": ""Vienna"", ""3"": ""Munich"", ""4"": ""Budapest"", ""5"": ""Warsaw"", ""6"": ""Zagreb""}}"
SP_064,W4,"G = (V, E) where V = {0, 1, ..., 6}
E = {(0,1,1), (0,3,4), (0,5,11), (1,2,1), (1,4,14), (2,4,12), (2,6,24), (3,2,11), (3,4,4), (4,6,4), (5,6,10)}
Find: δ(0, 6) = minimum weight path from 0 to 6
OUTPUT FORMAT:
Path: X -> X -> X, Cost: X","Path: 0 -> 3 -> 4 -> 6, Cost: 12",algorithmic,shortest_path,standard,hard,high,procedural_seed_260413036275240410,verify_sp,"{""subtype"":""SP"",""directed"":true,""source"":0,""target"":6,""graph"":[{""u"":0,""v"":1,""w"":1},{""u"":0,""v"":3,""w"":4},{""u"":0,""v"":5,""w"":11},{""u"":1,""v"":2,""w"":1},{""u"":1,""v"":4,""w"":14},{""u"":2,""v"":4,""w"":12},{""u"":2,""v"":6,""w"":24},{""u"":3,""v"":2,""w"":11},{""u"":3,""v"":4,""w"":4},{""u"":4,""v"":6,""w"":4},{""u"":5,""v"":6,""w"":10}],""num_vertices"":7,""instance_type"":""adversarial"",""greedy_answer"":""Path: 0 -> 1 -> 2 -> 4 -> 6, Cost: 18"",""greedy_succeeds"":false,""adversarial_pattern"":""trap"",""difficulty_numeric"":15,""critical_step_index"":0}",stage1_procedural_generation
SP_064,W5,"A route planner has 7 locations labeled 0 to 6. Roads are one-way and weighted by travel time.

The road network is:
- Node 0 to Node 1: 1
- Node 0 to Node 3: 4
- Node 0 to Node 5: 11
- Node 1 to Node 2: 1
- Node 1 to Node 4: 14
- Node 2 to Node 4: 12
- Node 2 to Node 6: 24
- Node 3 to Node 2: 11
- Node 3 to Node 4: 4
- Node 4 to Node 6: 4
- Node 5 to Node 6: 10

What is the shortest path from node 6 to node 0 and its total cost?

Reply with only the path and cost.
Format: Path: X -> X -> X, Cost: X","Path: 6 -> 4 -> 3 -> 0, Cost: 12",algorithmic,shortest_path,standard,hard,high,procedural_seed_260413036275240410,verify_sp,"{""subtype"": ""SP"", ""directed"": true, ""source"": 6, ""target"": 0, ""graph"": [{""u"": 1, ""v"": 0, ""w"": 1}, {""u"": 3, ""v"": 0, ""w"": 4}, {""u"": 5, ""v"": 0, ""w"": 11}, {""u"": 2, ""v"": 1, ""w"": 1}, {""u"": 4, ""v"": 1, ""w"": 14}, {""u"": 4, ""v"": 2, ""w"": 12}, {""u"": 6, ""v"": 2, ""w"": 24}, {""u"": 2, ""v"": 3, ""w"": 11}, {""u"": 4, ""v"": 3, ""w"": 4}, {""u"": 6, ""v"": 4, ""w"": 4}, {""u"": 6, ""v"": 5, ""w"": 10}], ""num_vertices"": 7, ""instance_type"": ""adversarial"", ""greedy_answer"": ""Path: 0 -> 1 -> 2 -> 4 -> 6, Cost: 18"", ""greedy_succeeds"": false, ""adversarial_pattern"": ""trap"", ""difficulty_numeric"": 15, ""critical_step_index"": 0}",stage1_procedural_generation
SP_064,W6,"A route-planning task over weighted one-way roads. Edge list and travel times are:

- 0 -> 1: 1
- 0 -> 6: 6
- 0 -> 5: 5
- 1 -> 6: 2
- 1 -> 3: 15
- 2 -> 4: 11
- 2 -> 3: 12
- 4 -> 2: 10
- 5 -> 4: 9
- 5 -> 0: 12
- 6 -> 3: 10

Reply with only the path as a sequence of nodes and the total cost.
Format: Path: X -> X -> X, Cost: X","Path: 0 -> 1 -> 6, Cost: 3",algorithmic,shortest_path,standard,hard,high,procedural_seed_260413036275240410,verify_sp,"{""subtype"": ""SP"", ""directed"": true, ""source"": 0, ""target"": 6, ""graph"": [{""u"": 0, ""v"": 1, ""w"": 1}, {""u"": 0, ""v"": 6, ""w"": 6}, {""u"": 0, ""v"": 5, ""w"": 5}, {""u"": 1, ""v"": 6, ""w"": 2}, {""u"": 1, ""v"": 3, ""w"": 15}, {""u"": 2, ""v"": 4, ""w"": 11}, {""u"": 2, ""v"": 3, ""w"": 12}, {""u"": 4, ""v"": 2, ""w"": 10}, {""u"": 5, ""v"": 4, ""w"": 9}, {""u"": 5, ""v"": 0, ""w"": 12}, {""u"": 6, ""v"": 3, ""w"": 10}], ""num_vertices"": 7, ""instance_type"": ""adversarial"", ""greedy_answer"": ""Path: 0 -> 1 -> 2 -> 4 -> 6, Cost: 18"", ""greedy_succeeds"": false, ""adversarial_pattern"": ""trap"", ""difficulty_numeric"": 15, ""critical_step_index"": 0}",stage1_procedural_generation | w6_seed=3413108995
SP_065,W1,"A route planner manages 7 locations numbered 0 through 6. The roads connecting them are unidirectional and have associated travel times.

The connections between nodes are as follows:
- Node 0 connects to Node 1: 1
- Node 0 connects to Node 3: 4
- Node 0 connects to Node 5: 8
- Node 1 connects to Node 2: 1
- Node 1 connects to Node 4: 14
- Node 2 connects to Node 4: 12
- Node 2 connects to Node 6: 24
- Node 3 connects to Node 2: 11
- Node 3 connects to Node 4: 4
- Node 4 connects to Node 6: 4
- Node 5 connects to Node 6: 12

Find the path with minimum total travel time from node 0 to node 6 and provide the sum of costs.

Reply with only the path and cost.
Format: Path: X -> X -> X, Cost: X","Path: 0 -> 3 -> 4 -> 6, Cost: 12",algorithmic,shortest_path,standard,hard,high,procedural_seed_11367089836902949611,verify_sp,"{""subtype"":""SP"",""directed"":true,""source"":0,""target"":6,""graph"":[{""u"":0,""v"":1,""w"":1},{""u"":0,""v"":3,""w"":4},{""u"":0,""v"":5,""w"":8},{""u"":1,""v"":2,""w"":1},{""u"":1,""v"":4,""w"":14},{""u"":2,""v"":4,""w"":12},{""u"":2,""v"":6,""w"":24},{""u"":3,""v"":2,""w"":11},{""u"":3,""v"":4,""w"":4},{""u"":4,""v"":6,""w"":4},{""u"":5,""v"":6,""w"":12}],""num_vertices"":7,""instance_type"":""adversarial"",""greedy_answer"":""Path: 0 -> 1 -> 2 -> 4 -> 6, Cost: 18"",""greedy_succeeds"":false,""adversarial_pattern"":""trap"",""difficulty_numeric"":15,""critical_step_index"":0}",stage1_procedural_generation
SP_065,W2,"Graph edges:
(0 → 1, weight=1)
(0 → 3, weight=4)
(0 → 5, weight=8)
(1 → 2, weight=1)
(1 → 4, weight=14)
(2 → 4, weight=12)
(2 → 6, weight=24)
(3 → 2, weight=11)
(3 → 4, weight=4)
(4 → 6, weight=4)
(5 → 6, weight=12)
Source: 0
Target: 6","Path: 0 -> 3 -> 4 -> 6, Cost: 12",algorithmic,shortest_path,standard,hard,high,procedural_seed_11367089836902949611,verify_sp,"{""subtype"":""SP"",""directed"":true,""source"":0,""target"":6,""graph"":[{""u"":0,""v"":1,""w"":1},{""u"":0,""v"":3,""w"":4},{""u"":0,""v"":5,""w"":8},{""u"":1,""v"":2,""w"":1},{""u"":1,""v"":4,""w"":14},{""u"":2,""v"":4,""w"":12},{""u"":2,""v"":6,""w"":24},{""u"":3,""v"":2,""w"":11},{""u"":3,""v"":4,""w"":4},{""u"":4,""v"":6,""w"":4},{""u"":5,""v"":6,""w"":12}],""num_vertices"":7,""instance_type"":""adversarial"",""greedy_answer"":""Path: 0 -> 1 -> 2 -> 4 -> 6, Cost: 18"",""greedy_succeeds"":false,""adversarial_pattern"":""trap"",""difficulty_numeric"":15,""critical_step_index"":0}",stage1_procedural_generation
SP_065,W3,"A route planner has 7 locations labeled 0 to 6. Roads are one-way and weighted by travel time.

The road network is:
- Node London to Node Oxford: 1
- Node London to Node Bristol: 4
- Node London to Node Manchester: 8
- Node Oxford to Node Cambridge: 1
- Node Oxford to Node Birmingham: 14
- Node Cambridge to Node Birmingham: 12
- Node Cambridge to Node Edinburgh: 24
- Node Bristol to Node Cambridge: 11
- Node Bristol to Node Birmingham: 4
- Node Birmingham to Node Edinburgh: 4
- Node Manchester to Node Edinburgh: 12

What is the shortest path from node London to node Edinburgh and its total cost?

Reply with only the path and cost.
Format: Path: X -> X -> X, Cost: X","Path: London -> Bristol -> Birmingham -> Edinburgh, Cost: 12",algorithmic,shortest_path,standard,hard,high,procedural_seed_11367089836902949611,verify_sp,"{""subtype"":""SP"",""directed"":true,""source"":0,""target"":6,""graph"":[{""u"":0,""v"":1,""w"":1},{""u"":0,""v"":3,""w"":4},{""u"":0,""v"":5,""w"":8},{""u"":1,""v"":2,""w"":1},{""u"":1,""v"":4,""w"":14},{""u"":2,""v"":4,""w"":12},{""u"":2,""v"":6,""w"":24},{""u"":3,""v"":2,""w"":11},{""u"":3,""v"":4,""w"":4},{""u"":4,""v"":6,""w"":4},{""u"":5,""v"":6,""w"":12}],""num_vertices"":7,""instance_type"":""adversarial"",""greedy_answer"":""Path: 0 -> 1 -> 2 -> 4 -> 6, Cost: 18"",""greedy_succeeds"":false,""adversarial_pattern"":""trap"",""difficulty_numeric"":15,""critical_step_index"":0}","stage1_procedural_generation | {""entity_mapping"": {""0"": ""London"", ""1"": ""Oxford"", ""2"": ""Cambridge"", ""3"": ""Bristol"", ""4"": ""Birmingham"", ""5"": ""Manchester"", ""6"": ""Edinburgh""}}"
SP_065,W4,"G = (V, E) where V = {0, 1, ..., 6}
E = {(0,1,1), (0,3,4), (0,5,8), (1,2,1), (1,4,14), (2,4,12), (2,6,24), (3,2,11), (3,4,4), (4,6,4), (5,6,12)}
Find: δ(0, 6) = minimum weight path from 0 to 6
OUTPUT FORMAT:
Path: X -> X -> X, Cost: X","Path: 0 -> 3 -> 4 -> 6, Cost: 12",algorithmic,shortest_path,standard,hard,high,procedural_seed_11367089836902949611,verify_sp,"{""subtype"":""SP"",""directed"":true,""source"":0,""target"":6,""graph"":[{""u"":0,""v"":1,""w"":1},{""u"":0,""v"":3,""w"":4},{""u"":0,""v"":5,""w"":8},{""u"":1,""v"":2,""w"":1},{""u"":1,""v"":4,""w"":14},{""u"":2,""v"":4,""w"":12},{""u"":2,""v"":6,""w"":24},{""u"":3,""v"":2,""w"":11},{""u"":3,""v"":4,""w"":4},{""u"":4,""v"":6,""w"":4},{""u"":5,""v"":6,""w"":12}],""num_vertices"":7,""instance_type"":""adversarial"",""greedy_answer"":""Path: 0 -> 1 -> 2 -> 4 -> 6, Cost: 18"",""greedy_succeeds"":false,""adversarial_pattern"":""trap"",""difficulty_numeric"":15,""critical_step_index"":0}",stage1_procedural_generation
SP_065,W5,"A route planner has 7 locations labeled 0 to 6. Roads are one-way and weighted by travel time.

The road network is:
- Node 0 to Node 1: 1
- Node 0 to Node 3: 4
- Node 0 to Node 5: 8
- Node 1 to Node 2: 1
- Node 1 to Node 4: 14
- Node 2 to Node 4: 12
- Node 2 to Node 6: 24
- Node 3 to Node 2: 11
- Node 3 to Node 4: 4
- Node 4 to Node 6: 4
- Node 5 to Node 6: 12

What is the shortest path from node 6 to node 0 and its total cost?

Reply with only the path and cost.
Format: Path: X -> X -> X, Cost: X","Path: 6 -> 4 -> 3 -> 0, Cost: 12",algorithmic,shortest_path,standard,hard,high,procedural_seed_11367089836902949611,verify_sp,"{""subtype"": ""SP"", ""directed"": true, ""source"": 6, ""target"": 0, ""graph"": [{""u"": 1, ""v"": 0, ""w"": 1}, {""u"": 3, ""v"": 0, ""w"": 4}, {""u"": 5, ""v"": 0, ""w"": 8}, {""u"": 2, ""v"": 1, ""w"": 1}, {""u"": 4, ""v"": 1, ""w"": 14}, {""u"": 4, ""v"": 2, ""w"": 12}, {""u"": 6, ""v"": 2, ""w"": 24}, {""u"": 2, ""v"": 3, ""w"": 11}, {""u"": 4, ""v"": 3, ""w"": 4}, {""u"": 6, ""v"": 4, ""w"": 4}, {""u"": 6, ""v"": 5, ""w"": 12}], ""num_vertices"": 7, ""instance_type"": ""adversarial"", ""greedy_answer"": ""Path: 0 -> 1 -> 2 -> 4 -> 6, Cost: 18"", ""greedy_succeeds"": false, ""adversarial_pattern"": ""trap"", ""difficulty_numeric"": 15, ""critical_step_index"": 0}",stage1_procedural_generation
SP_065,W6,"A route-planning task over weighted one-way roads. Edge list and travel times are:

- 0 -> 3: 13
- 0 -> 2: 2
- 0 -> 5: 11
- 1 -> 4: 12
- 2 -> 4: 7
- 2 -> 1: 5
- 2 -> 6: 3
- 4 -> 6: 7
- 5 -> 2: 11
- 6 -> 1: 5
- 6 -> 4: 10

Reply with only the path as a sequence of nodes and the total cost.
Format: Path: X -> X -> X, Cost: X","Path: 0 -> 2 -> 6, Cost: 5",algorithmic,shortest_path,standard,hard,high,procedural_seed_11367089836902949611,verify_sp,"{""subtype"": ""SP"", ""directed"": true, ""source"": 0, ""target"": 6, ""graph"": [{""u"": 0, ""v"": 3, ""w"": 13}, {""u"": 0, ""v"": 2, ""w"": 2}, {""u"": 0, ""v"": 5, ""w"": 11}, {""u"": 1, ""v"": 4, ""w"": 12}, {""u"": 2, ""v"": 4, ""w"": 7}, {""u"": 2, ""v"": 1, ""w"": 5}, {""u"": 2, ""v"": 6, ""w"": 3}, {""u"": 4, ""v"": 6, ""w"": 7}, {""u"": 5, ""v"": 2, ""w"": 11}, {""u"": 6, ""v"": 1, ""w"": 5}, {""u"": 6, ""v"": 4, ""w"": 10}], ""num_vertices"": 7, ""instance_type"": ""adversarial"", ""greedy_answer"": ""Path: 0 -> 1 -> 2 -> 4 -> 6, Cost: 18"", ""greedy_succeeds"": false, ""adversarial_pattern"": ""trap"", ""difficulty_numeric"": 15, ""critical_step_index"": 0}",stage1_procedural_generation | w6_seed=3790179060
SP_066,W1,"A route planner contains 7 locations numbered from 0 through 6. The roads are unidirectional and have associated travel times as weights.

The available connections in the road network are:
- Node 0 connects to Node 1: 3
- Node 0 connects to Node 2: 3
- Node 0 connects to Node 3: 9
- Node 0 connects to Node 4: 8
- Node 0 connects to Node 5: 8
- Node 1 connects to Node 3: 6
- Node 1 connects to Node 6: 3
- Node 2 connects to Node 3: 1
- Node 2 connects to Node 6: 8
- Node 3 connects to Node 6: 1
- Node 4 connects to Node 6: 7
- Node 5 connects to Node 6: 11

Find the path with minimum total cost from node 0 to node 6 and provide its total cost.

Reply with only the path and cost.
Format: Path: X -> X -> X, Cost: X","Path: 0 -> 2 -> 3 -> 6, Cost: 5",algorithmic,shortest_path,adversarial,hard,high,procedural_seed_10775317526934867926,verify_sp,"{""subtype"":""SP"",""directed"":true,""source"":0,""target"":6,""graph"":[{""u"":0,""v"":1,""w"":3},{""u"":0,""v"":2,""w"":3},{""u"":0,""v"":3,""w"":9},{""u"":0,""v"":4,""w"":8},{""u"":0,""v"":5,""w"":8},{""u"":1,""v"":3,""w"":6},{""u"":1,""v"":6,""w"":3},{""u"":2,""v"":3,""w"":1},{""u"":2,""v"":6,""w"":8},{""u"":3,""v"":6,""w"":1},{""u"":4,""v"":6,""w"":7},{""u"":5,""v"":6,""w"":11}],""num_vertices"":7,""instance_type"":""adversarial"",""greedy_answer"":""Path: 0 -> 1 -> 6, Cost: 6"",""greedy_succeeds"":false,""adversarial_pattern"":""long_cheap"",""difficulty_numeric"":15,""critical_step_index"":0}",stage1_procedural_generation
SP_066,W2,"Graph edges:
(0 → 1, weight=3)
(0 → 2, weight=3)
(0 → 3, weight=9)
(0 → 4, weight=8)
(0 → 5, weight=8)
(1 → 3, weight=6)
(1 → 6, weight=3)
(2 → 3, weight=1)
(2 → 6, weight=8)
(3 → 6, weight=1)
(4 → 6, weight=7)
(5 → 6, weight=11)
Source: 0
Target: 6","Path: 0 -> 2 -> 3 -> 6, Cost: 5",algorithmic,shortest_path,adversarial,hard,high,procedural_seed_10775317526934867926,verify_sp,"{""subtype"":""SP"",""directed"":true,""source"":0,""target"":6,""graph"":[{""u"":0,""v"":1,""w"":3},{""u"":0,""v"":2,""w"":3},{""u"":0,""v"":3,""w"":9},{""u"":0,""v"":4,""w"":8},{""u"":0,""v"":5,""w"":8},{""u"":1,""v"":3,""w"":6},{""u"":1,""v"":6,""w"":3},{""u"":2,""v"":3,""w"":1},{""u"":2,""v"":6,""w"":8},{""u"":3,""v"":6,""w"":1},{""u"":4,""v"":6,""w"":7},{""u"":5,""v"":6,""w"":11}],""num_vertices"":7,""instance_type"":""adversarial"",""greedy_answer"":""Path: 0 -> 1 -> 6, Cost: 6"",""greedy_succeeds"":false,""adversarial_pattern"":""long_cheap"",""difficulty_numeric"":15,""critical_step_index"":0}",stage1_procedural_generation
SP_066,W3,"A route planner has 7 locations labeled 0 to 6. Roads are one-way and weighted by travel time.

The road network is:
- Node Berlin to Node Hamburg: 3
- Node Berlin to Node Munich: 3
- Node Berlin to Node Frankfurt: 9
- Node Berlin to Node Cologne: 8
- Node Berlin to Node Stuttgart: 8
- Node Hamburg to Node Frankfurt: 6
- Node Hamburg to Node Dresden: 3
- Node Munich to Node Frankfurt: 1
- Node Munich to Node Dresden: 8
- Node Frankfurt to Node Dresden: 1
- Node Cologne to Node Dresden: 7
- Node Stuttgart to Node Dresden: 11

What is the shortest path from node Berlin to node Dresden and its total cost?

Reply with only the path and cost.
Format: Path: X -> X -> X, Cost: X","Path: Berlin -> Munich -> Frankfurt -> Dresden, Cost: 5",algorithmic,shortest_path,adversarial,hard,high,procedural_seed_10775317526934867926,verify_sp,"{""subtype"":""SP"",""directed"":true,""source"":0,""target"":6,""graph"":[{""u"":0,""v"":1,""w"":3},{""u"":0,""v"":2,""w"":3},{""u"":0,""v"":3,""w"":9},{""u"":0,""v"":4,""w"":8},{""u"":0,""v"":5,""w"":8},{""u"":1,""v"":3,""w"":6},{""u"":1,""v"":6,""w"":3},{""u"":2,""v"":3,""w"":1},{""u"":2,""v"":6,""w"":8},{""u"":3,""v"":6,""w"":1},{""u"":4,""v"":6,""w"":7},{""u"":5,""v"":6,""w"":11}],""num_vertices"":7,""instance_type"":""adversarial"",""greedy_answer"":""Path: 0 -> 1 -> 6, Cost: 6"",""greedy_succeeds"":false,""adversarial_pattern"":""long_cheap"",""difficulty_numeric"":15,""critical_step_index"":0}","stage1_procedural_generation | {""entity_mapping"": {""0"": ""Berlin"", ""1"": ""Hamburg"", ""2"": ""Munich"", ""3"": ""Frankfurt"", ""4"": ""Cologne"", ""5"": ""Stuttgart"", ""6"": ""Dresden""}}"
SP_066,W4,"G = (V, E) where V = {0, 1, ..., 6}
E = {(0,1,3), (0,2,3), (0,3,9), (0,4,8), (0,5,8), (1,3,6), (1,6,3), (2,3,1), (2,6,8), (3,6,1), (4,6,7), (5,6,11)}
Find: δ(0, 6) = minimum weight path from 0 to 6
OUTPUT FORMAT:
Path: X -> X -> X, Cost: X","Path: 0 -> 2 -> 3 -> 6, Cost: 5",algorithmic,shortest_path,adversarial,hard,high,procedural_seed_10775317526934867926,verify_sp,"{""subtype"":""SP"",""directed"":true,""source"":0,""target"":6,""graph"":[{""u"":0,""v"":1,""w"":3},{""u"":0,""v"":2,""w"":3},{""u"":0,""v"":3,""w"":9},{""u"":0,""v"":4,""w"":8},{""u"":0,""v"":5,""w"":8},{""u"":1,""v"":3,""w"":6},{""u"":1,""v"":6,""w"":3},{""u"":2,""v"":3,""w"":1},{""u"":2,""v"":6,""w"":8},{""u"":3,""v"":6,""w"":1},{""u"":4,""v"":6,""w"":7},{""u"":5,""v"":6,""w"":11}],""num_vertices"":7,""instance_type"":""adversarial"",""greedy_answer"":""Path: 0 -> 1 -> 6, Cost: 6"",""greedy_succeeds"":false,""adversarial_pattern"":""long_cheap"",""difficulty_numeric"":15,""critical_step_index"":0}",stage1_procedural_generation
SP_066,W5,"A route planner has 7 locations labeled 0 to 6. Roads are one-way and weighted by travel time.

The road network is:
- Node 0 to Node 1: 3
- Node 0 to Node 2: 3
- Node 0 to Node 3: 9
- Node 0 to Node 4: 8
- Node 0 to Node 5: 8
- Node 1 to Node 3: 6
- Node 1 to Node 6: 3
- Node 2 to Node 3: 1
- Node 2 to Node 6: 8
- Node 3 to Node 6: 1
- Node 4 to Node 6: 7
- Node 5 to Node 6: 11

What is the shortest path from node 6 to node 0 and its total cost?

Reply with only the path and cost.
Format: Path: X -> X -> X, Cost: X","Path: 6 -> 3 -> 2 -> 0, Cost: 5",algorithmic,shortest_path,adversarial,hard,high,procedural_seed_10775317526934867926,verify_sp,"{""subtype"": ""SP"", ""directed"": true, ""source"": 6, ""target"": 0, ""graph"": [{""u"": 1, ""v"": 0, ""w"": 3}, {""u"": 2, ""v"": 0, ""w"": 3}, {""u"": 3, ""v"": 0, ""w"": 9}, {""u"": 4, ""v"": 0, ""w"": 8}, {""u"": 5, ""v"": 0, ""w"": 8}, {""u"": 3, ""v"": 1, ""w"": 6}, {""u"": 6, ""v"": 1, ""w"": 3}, {""u"": 3, ""v"": 2, ""w"": 1}, {""u"": 6, ""v"": 2, ""w"": 8}, {""u"": 6, ""v"": 3, ""w"": 1}, {""u"": 6, ""v"": 4, ""w"": 7}, {""u"": 6, ""v"": 5, ""w"": 11}], ""num_vertices"": 7, ""instance_type"": ""adversarial"", ""greedy_answer"": ""Path: 0 -> 1 -> 6, Cost: 6"", ""greedy_succeeds"": false, ""adversarial_pattern"": ""long_cheap"", ""difficulty_numeric"": 15, ""critical_step_index"": 0}",stage1_procedural_generation
SP_066,W6,"A route-planning task over weighted one-way roads. Edge list and travel times are:

- 0 -> 1: 8
- 0 -> 3: 3
- 1 -> 6: 2
- 2 -> 5: 10
- 3 -> 4: 18
- 3 -> 1: 3
- 3 -> 5: 13
- 4 -> 0: 17
- 5 -> 1: 7
- 6 -> 5: 5
- 6 -> 1: 6
- 6 -> 4: 8

Reply with only the path as a sequence of nodes and the total cost.
Format: Path: X -> X -> X, Cost: X","Path: 0 -> 3 -> 1 -> 6, Cost: 8",algorithmic,shortest_path,adversarial,hard,high,procedural_seed_10775317526934867926,verify_sp,"{""subtype"": ""SP"", ""directed"": true, ""source"": 0, ""target"": 6, ""graph"": [{""u"": 0, ""v"": 1, ""w"": 8}, {""u"": 0, ""v"": 3, ""w"": 3}, {""u"": 1, ""v"": 6, ""w"": 2}, {""u"": 2, ""v"": 5, ""w"": 10}, {""u"": 3, ""v"": 4, ""w"": 18}, {""u"": 3, ""v"": 1, ""w"": 3}, {""u"": 3, ""v"": 5, ""w"": 13}, {""u"": 4, ""v"": 0, ""w"": 17}, {""u"": 5, ""v"": 1, ""w"": 7}, {""u"": 6, ""v"": 5, ""w"": 5}, {""u"": 6, ""v"": 1, ""w"": 6}, {""u"": 6, ""v"": 4, ""w"": 8}], ""num_vertices"": 7, ""instance_type"": ""adversarial"", ""greedy_answer"": ""Path: 0 -> 1 -> 6, Cost: 6"", ""greedy_succeeds"": false, ""adversarial_pattern"": ""long_cheap"", ""difficulty_numeric"": 15, ""critical_step_index"": 0}",stage1_procedural_generation | w6_seed=736194865
SP_068,W1,"A route planner works with 9 locations designated as 0 through 8. The roads between locations are unidirectional and have associated travel times.

Here is the road network configuration:
- From Node 0 connecting to Node 1: 3
- From Node 0 connecting to Node 2: 3
- From Node 0 connecting to Node 3: 9
- From Node 0 connecting to Node 4: 8
- From Node 0 connecting to Node 5: 9
- From Node 0 connecting to Node 6: 10
- From Node 0 connecting to Node 7: 8
- From Node 1 connecting to Node 3: 6
- From Node 1 connecting to Node 8: 3
- From Node 2 connecting to Node 3: 1
- From Node 2 connecting to Node 8: 8
- From Node 3 connecting to Node 8: 1
- From Node 4 connecting to Node 8: 11
- From Node 5 connecting to Node 8: 7
- From Node 6 connecting to Node 8: 9
- From Node 7 connecting to Node 8: 10

Find the path with minimum total travel time from node 0 to node 8 and specify the total cost.

Provide only the path and cost in response.
Format: Path: X -> X -> X, Cost: X","Path: 0 -> 2 -> 3 -> 8, Cost: 5",algorithmic,shortest_path,standard,hard,high,procedural_seed_15219032020835990927,verify_sp,"{""subtype"":""SP"",""directed"":true,""source"":0,""target"":8,""graph"":[{""u"":0,""v"":1,""w"":3},{""u"":0,""v"":2,""w"":3},{""u"":0,""v"":3,""w"":9},{""u"":0,""v"":4,""w"":8},{""u"":0,""v"":5,""w"":9},{""u"":0,""v"":6,""w"":10},{""u"":0,""v"":7,""w"":8},{""u"":1,""v"":3,""w"":6},{""u"":1,""v"":8,""w"":3},{""u"":2,""v"":3,""w"":1},{""u"":2,""v"":8,""w"":8},{""u"":3,""v"":8,""w"":1},{""u"":4,""v"":8,""w"":11},{""u"":5,""v"":8,""w"":7},{""u"":6,""v"":8,""w"":9},{""u"":7,""v"":8,""w"":10}],""num_vertices"":9,""instance_type"":""adversarial"",""greedy_answer"":""Path: 0 -> 1 -> 8, Cost: 6"",""greedy_succeeds"":false,""adversarial_pattern"":""long_cheap"",""difficulty_numeric"":15,""critical_step_index"":0}",stage1_procedural_generation
SP_068,W2,"Graph edges:
(0 → 1, weight=3)
(0 → 2, weight=3)
(0 → 3, weight=9)
(0 → 4, weight=8)
(0 → 5, weight=9)
(0 → 6, weight=10)
(0 → 7, weight=8)
(1 → 3, weight=6)
(1 → 8, weight=3)
(2 → 3, weight=1)
(2 → 8, weight=8)
(3 → 8, weight=1)
(4 → 8, weight=11)
(5 → 8, weight=7)
(6 → 8, weight=9)
(7 → 8, weight=10)
Source: 0
Target: 8","Path: 0 -> 2 -> 3 -> 8, Cost: 5",algorithmic,shortest_path,standard,hard,high,procedural_seed_15219032020835990927,verify_sp,"{""subtype"":""SP"",""directed"":true,""source"":0,""target"":8,""graph"":[{""u"":0,""v"":1,""w"":3},{""u"":0,""v"":2,""w"":3},{""u"":0,""v"":3,""w"":9},{""u"":0,""v"":4,""w"":8},{""u"":0,""v"":5,""w"":9},{""u"":0,""v"":6,""w"":10},{""u"":0,""v"":7,""w"":8},{""u"":1,""v"":3,""w"":6},{""u"":1,""v"":8,""w"":3},{""u"":2,""v"":3,""w"":1},{""u"":2,""v"":8,""w"":8},{""u"":3,""v"":8,""w"":1},{""u"":4,""v"":8,""w"":11},{""u"":5,""v"":8,""w"":7},{""u"":6,""v"":8,""w"":9},{""u"":7,""v"":8,""w"":10}],""num_vertices"":9,""instance_type"":""adversarial"",""greedy_answer"":""Path: 0 -> 1 -> 8, Cost: 6"",""greedy_succeeds"":false,""adversarial_pattern"":""long_cheap"",""difficulty_numeric"":15,""critical_step_index"":0}",stage1_procedural_generation
SP_068,W3,"A route planner has 9 locations labeled 0 to 8. Roads are one-way and weighted by travel time.

The road network is:
- Node London to Node Oxford: 3
- Node London to Node Cambridge: 3
- Node London to Node Birmingham: 9
- Node London to Node Bristol: 8
- Node London to Node Leeds: 9
- Node London to Node Liverpool: 10
- Node London to Node Manchester: 8
- Node Oxford to Node Birmingham: 6
- Node Oxford to Node Edinburgh: 3
- Node Cambridge to Node Birmingham: 1
- Node Cambridge to Node Edinburgh: 8
- Node Birmingham to Node Edinburgh: 1
- Node Bristol to Node Edinburgh: 11
- Node Leeds to Node Edinburgh: 7
- Node Liverpool to Node Edinburgh: 9
- Node Manchester to Node Edinburgh: 10

What is the shortest path from node London to node Edinburgh and its total cost?

Reply with only the path and cost.
Format: Path: X -> X -> X, Cost: X","Path: London -> Cambridge -> Birmingham -> Edinburgh, Cost: 5",algorithmic,shortest_path,standard,hard,high,procedural_seed_15219032020835990927,verify_sp,"{""subtype"":""SP"",""directed"":true,""source"":0,""target"":8,""graph"":[{""u"":0,""v"":1,""w"":3},{""u"":0,""v"":2,""w"":3},{""u"":0,""v"":3,""w"":9},{""u"":0,""v"":4,""w"":8},{""u"":0,""v"":5,""w"":9},{""u"":0,""v"":6,""w"":10},{""u"":0,""v"":7,""w"":8},{""u"":1,""v"":3,""w"":6},{""u"":1,""v"":8,""w"":3},{""u"":2,""v"":3,""w"":1},{""u"":2,""v"":8,""w"":8},{""u"":3,""v"":8,""w"":1},{""u"":4,""v"":8,""w"":11},{""u"":5,""v"":8,""w"":7},{""u"":6,""v"":8,""w"":9},{""u"":7,""v"":8,""w"":10}],""num_vertices"":9,""instance_type"":""adversarial"",""greedy_answer"":""Path: 0 -> 1 -> 8, Cost: 6"",""greedy_succeeds"":false,""adversarial_pattern"":""long_cheap"",""difficulty_numeric"":15,""critical_step_index"":0}","stage1_procedural_generation | {""entity_mapping"": {""0"": ""London"", ""1"": ""Oxford"", ""2"": ""Cambridge"", ""3"": ""Birmingham"", ""4"": ""Bristol"", ""5"": ""Leeds"", ""6"": ""Liverpool"", ""7"": ""Manchester"", ""8"": ""Edinburgh""}}"
SP_068,W4,"G = (V, E) where V = {0, 1, ..., 8}
E = {(0,1,3), (0,2,3), (0,3,9), (0,4,8), (0,5,9), (0,6,10), (0,7,8), (1,3,6), (1,8,3), (2,3,1), (2,8,8), (3,8,1), (4,8,11), (5,8,7), (6,8,9), (7,8,10)}
Find: δ(0, 8) = minimum weight path from 0 to 8
OUTPUT FORMAT:
Path: X -> X -> X, Cost: X","Path: 0 -> 2 -> 3 -> 8, Cost: 5",algorithmic,shortest_path,standard,hard,high,procedural_seed_15219032020835990927,verify_sp,"{""subtype"":""SP"",""directed"":true,""source"":0,""target"":8,""graph"":[{""u"":0,""v"":1,""w"":3},{""u"":0,""v"":2,""w"":3},{""u"":0,""v"":3,""w"":9},{""u"":0,""v"":4,""w"":8},{""u"":0,""v"":5,""w"":9},{""u"":0,""v"":6,""w"":10},{""u"":0,""v"":7,""w"":8},{""u"":1,""v"":3,""w"":6},{""u"":1,""v"":8,""w"":3},{""u"":2,""v"":3,""w"":1},{""u"":2,""v"":8,""w"":8},{""u"":3,""v"":8,""w"":1},{""u"":4,""v"":8,""w"":11},{""u"":5,""v"":8,""w"":7},{""u"":6,""v"":8,""w"":9},{""u"":7,""v"":8,""w"":10}],""num_vertices"":9,""instance_type"":""adversarial"",""greedy_answer"":""Path: 0 -> 1 -> 8, Cost: 6"",""greedy_succeeds"":false,""adversarial_pattern"":""long_cheap"",""difficulty_numeric"":15,""critical_step_index"":0}",stage1_procedural_generation
SP_068,W5,"A route planner has 9 locations labeled 0 to 8. Roads are one-way and weighted by travel time.

The road network is:
- Node 0 to Node 1: 3
- Node 0 to Node 2: 3
- Node 0 to Node 3: 9
- Node 0 to Node 4: 8
- Node 0 to Node 5: 9
- Node 0 to Node 6: 10
- Node 0 to Node 7: 8
- Node 1 to Node 3: 6
- Node 1 to Node 8: 3
- Node 2 to Node 3: 1
- Node 2 to Node 8: 8
- Node 3 to Node 8: 1
- Node 4 to Node 8: 11
- Node 5 to Node 8: 7
- Node 6 to Node 8: 9
- Node 7 to Node 8: 10

What is the shortest path from node 8 to node 0 and its total cost?

Reply with only the path and cost.
Format: Path: X -> X -> X, Cost: X","Path: 8 -> 3 -> 2 -> 0, Cost: 5",algorithmic,shortest_path,standard,hard,high,procedural_seed_15219032020835990927,verify_sp,"{""subtype"": ""SP"", ""directed"": true, ""source"": 8, ""target"": 0, ""graph"": [{""u"": 1, ""v"": 0, ""w"": 3}, {""u"": 2, ""v"": 0, ""w"": 3}, {""u"": 3, ""v"": 0, ""w"": 9}, {""u"": 4, ""v"": 0, ""w"": 8}, {""u"": 5, ""v"": 0, ""w"": 9}, {""u"": 6, ""v"": 0, ""w"": 10}, {""u"": 7, ""v"": 0, ""w"": 8}, {""u"": 3, ""v"": 1, ""w"": 6}, {""u"": 8, ""v"": 1, ""w"": 3}, {""u"": 3, ""v"": 2, ""w"": 1}, {""u"": 8, ""v"": 2, ""w"": 8}, {""u"": 8, ""v"": 3, ""w"": 1}, {""u"": 8, ""v"": 4, ""w"": 11}, {""u"": 8, ""v"": 5, ""w"": 7}, {""u"": 8, ""v"": 6, ""w"": 9}, {""u"": 8, ""v"": 7, ""w"": 10}], ""num_vertices"": 9, ""instance_type"": ""adversarial"", ""greedy_answer"": ""Path: 0 -> 1 -> 8, Cost: 6"", ""greedy_succeeds"": false, ""adversarial_pattern"": ""long_cheap"", ""difficulty_numeric"": 15, ""critical_step_index"": 0}",stage1_procedural_generation
SP_068,W6,"A route-planning task over weighted one-way roads. Edge list and travel times are:

- 0 -> 3: 1
- 0 -> 8: 13
- 1 -> 3: 11
- 2 -> 8: 4
- 3 -> 4: 1
- 3 -> 6: 14
- 4 -> 0: 6
- 4 -> 2: 2
- 5 -> 8: 15
- 5 -> 7: 16
- 5 -> 0: 11
- 6 -> 3: 7
- 7 -> 4: 5
- 7 -> 8: 9
- 8 -> 3: 9
- 8 -> 5: 5

Reply with only the path as a sequence of nodes and the total cost.
Format: Path: X -> X -> X, Cost: X","Path: 0 -> 3 -> 4 -> 2 -> 8, Cost: 8",algorithmic,shortest_path,standard,hard,high,procedural_seed_15219032020835990927,verify_sp,"{""subtype"": ""SP"", ""directed"": true, ""source"": 0, ""target"": 8, ""graph"": [{""u"": 0, ""v"": 3, ""w"": 1}, {""u"": 0, ""v"": 8, ""w"": 13}, {""u"": 1, ""v"": 3, ""w"": 11}, {""u"": 2, ""v"": 8, ""w"": 4}, {""u"": 3, ""v"": 4, ""w"": 1}, {""u"": 3, ""v"": 6, ""w"": 14}, {""u"": 4, ""v"": 0, ""w"": 6}, {""u"": 4, ""v"": 2, ""w"": 2}, {""u"": 5, ""v"": 8, ""w"": 15}, {""u"": 5, ""v"": 7, ""w"": 16}, {""u"": 5, ""v"": 0, ""w"": 11}, {""u"": 6, ""v"": 3, ""w"": 7}, {""u"": 7, ""v"": 4, ""w"": 5}, {""u"": 7, ""v"": 8, ""w"": 9}, {""u"": 8, ""v"": 3, ""w"": 9}, {""u"": 8, ""v"": 5, ""w"": 5}], ""num_vertices"": 9, ""instance_type"": ""adversarial"", ""greedy_answer"": ""Path: 0 -> 1 -> 8, Cost: 6"", ""greedy_succeeds"": false, ""adversarial_pattern"": ""long_cheap"", ""difficulty_numeric"": 15, ""critical_step_index"": 0}",stage1_procedural_generation | w6_seed=2130185684
SP_069,W1,"There is a route planning system with 8 locations numbered from 0 through 7. The roads connecting these locations are unidirectional and have associated travel times.

The connections between nodes are as follows:
- From Node 0 to Node 1: 3
- From Node 0 to Node 2: 3
- From Node 0 to Node 3: 9
- From Node 0 to Node 4: 7
- From Node 0 to Node 5: 7
- From Node 0 to Node 6: 7
- From Node 1 to Node 3: 6
- From Node 1 to Node 7: 3
- From Node 2 to Node 3: 1
- From Node 2 to Node 7: 8
- From Node 3 to Node 7: 1
- From Node 4 to Node 7: 11
- From Node 5 to Node 7: 9
- From Node 6 to Node 7: 9

Find the path with minimum total travel time from node 0 to node 7 and provide the total cost.

Reply with only the path and cost.
Format: Path: X -> X -> X, Cost: X","Path: 0 -> 2 -> 3 -> 7, Cost: 5",algorithmic,shortest_path,standard,hard,high,procedural_seed_12087081833111022592,verify_sp,"{""subtype"":""SP"",""directed"":true,""source"":0,""target"":7,""graph"":[{""u"":0,""v"":1,""w"":3},{""u"":0,""v"":2,""w"":3},{""u"":0,""v"":3,""w"":9},{""u"":0,""v"":4,""w"":7},{""u"":0,""v"":5,""w"":7},{""u"":0,""v"":6,""w"":7},{""u"":1,""v"":3,""w"":6},{""u"":1,""v"":7,""w"":3},{""u"":2,""v"":3,""w"":1},{""u"":2,""v"":7,""w"":8},{""u"":3,""v"":7,""w"":1},{""u"":4,""v"":7,""w"":11},{""u"":5,""v"":7,""w"":9},{""u"":6,""v"":7,""w"":9}],""num_vertices"":8,""instance_type"":""adversarial"",""greedy_answer"":""Path: 0 -> 1 -> 7, Cost: 6"",""greedy_succeeds"":false,""adversarial_pattern"":""long_cheap"",""difficulty_numeric"":15,""critical_step_index"":0}",stage1_procedural_generation
SP_069,W2,"Graph edges:
(0 → 1, weight=3)
(0 → 2, weight=3)
(0 → 3, weight=9)
(0 → 4, weight=7)
(0 → 5, weight=7)
(0 → 6, weight=7)
(1 → 3, weight=6)
(1 → 7, weight=3)
(2 → 3, weight=1)
(2 → 7, weight=8)
(3 → 7, weight=1)
(4 → 7, weight=11)
(5 → 7, weight=9)
(6 → 7, weight=9)
Source: 0
Target: 7","Path: 0 -> 2 -> 3 -> 7, Cost: 5",algorithmic,shortest_path,standard,hard,high,procedural_seed_12087081833111022592,verify_sp,"{""subtype"":""SP"",""directed"":true,""source"":0,""target"":7,""graph"":[{""u"":0,""v"":1,""w"":3},{""u"":0,""v"":2,""w"":3},{""u"":0,""v"":3,""w"":9},{""u"":0,""v"":4,""w"":7},{""u"":0,""v"":5,""w"":7},{""u"":0,""v"":6,""w"":7},{""u"":1,""v"":3,""w"":6},{""u"":1,""v"":7,""w"":3},{""u"":2,""v"":3,""w"":1},{""u"":2,""v"":7,""w"":8},{""u"":3,""v"":7,""w"":1},{""u"":4,""v"":7,""w"":11},{""u"":5,""v"":7,""w"":9},{""u"":6,""v"":7,""w"":9}],""num_vertices"":8,""instance_type"":""adversarial"",""greedy_answer"":""Path: 0 -> 1 -> 7, Cost: 6"",""greedy_succeeds"":false,""adversarial_pattern"":""long_cheap"",""difficulty_numeric"":15,""critical_step_index"":0}",stage1_procedural_generation
SP_069,W3,"A route planner has 8 locations labeled 0 to 7. Roads are one-way and weighted by travel time.

The road network is:
- Node London to Node Paris: 3
- Node London to Node Brussels: 3
- Node London to Node Amsterdam: 9
- Node London to Node Berlin: 7
- Node London to Node Prague: 7
- Node London to Node Vienna: 7
- Node Paris to Node Amsterdam: 6
- Node Paris to Node Munich: 3
- Node Brussels to Node Amsterdam: 1
- Node Brussels to Node Munich: 8
- Node Amsterdam to Node Munich: 1
- Node Berlin to Node Munich: 11
- Node Prague to Node Munich: 9
- Node Vienna to Node Munich: 9

What is the shortest path from node London to node Munich and its total cost?

Reply with only the path and cost.
Format: Path: X -> X -> X, Cost: X","Path: London -> Brussels -> Amsterdam -> Munich, Cost: 5",algorithmic,shortest_path,standard,hard,high,procedural_seed_12087081833111022592,verify_sp,"{""subtype"":""SP"",""directed"":true,""source"":0,""target"":7,""graph"":[{""u"":0,""v"":1,""w"":3},{""u"":0,""v"":2,""w"":3},{""u"":0,""v"":3,""w"":9},{""u"":0,""v"":4,""w"":7},{""u"":0,""v"":5,""w"":7},{""u"":0,""v"":6,""w"":7},{""u"":1,""v"":3,""w"":6},{""u"":1,""v"":7,""w"":3},{""u"":2,""v"":3,""w"":1},{""u"":2,""v"":7,""w"":8},{""u"":3,""v"":7,""w"":1},{""u"":4,""v"":7,""w"":11},{""u"":5,""v"":7,""w"":9},{""u"":6,""v"":7,""w"":9}],""num_vertices"":8,""instance_type"":""adversarial"",""greedy_answer"":""Path: 0 -> 1 -> 7, Cost: 6"",""greedy_succeeds"":false,""adversarial_pattern"":""long_cheap"",""difficulty_numeric"":15,""critical_step_index"":0}","stage1_procedural_generation | {""entity_mapping"": {""0"": ""London"", ""1"": ""Paris"", ""2"": ""Brussels"", ""3"": ""Amsterdam"", ""4"": ""Berlin"", ""5"": ""Prague"", ""6"": ""Vienna"", ""7"": ""Munich""}}"
SP_069,W4,"G = (V, E) where V = {0, 1, ..., 7}
E = {(0,1,3), (0,2,3), (0,3,9), (0,4,7), (0,5,7), (0,6,7), (1,3,6), (1,7,3), (2,3,1), (2,7,8), (3,7,1), (4,7,11), (5,7,9), (6,7,9)}
Find: δ(0, 7) = minimum weight path from 0 to 7
OUTPUT FORMAT:
Path: X -> X -> X, Cost: X","Path: 0 -> 2 -> 3 -> 7, Cost: 5",algorithmic,shortest_path,standard,hard,high,procedural_seed_12087081833111022592,verify_sp,"{""subtype"":""SP"",""directed"":true,""source"":0,""target"":7,""graph"":[{""u"":0,""v"":1,""w"":3},{""u"":0,""v"":2,""w"":3},{""u"":0,""v"":3,""w"":9},{""u"":0,""v"":4,""w"":7},{""u"":0,""v"":5,""w"":7},{""u"":0,""v"":6,""w"":7},{""u"":1,""v"":3,""w"":6},{""u"":1,""v"":7,""w"":3},{""u"":2,""v"":3,""w"":1},{""u"":2,""v"":7,""w"":8},{""u"":3,""v"":7,""w"":1},{""u"":4,""v"":7,""w"":11},{""u"":5,""v"":7,""w"":9},{""u"":6,""v"":7,""w"":9}],""num_vertices"":8,""instance_type"":""adversarial"",""greedy_answer"":""Path: 0 -> 1 -> 7, Cost: 6"",""greedy_succeeds"":false,""adversarial_pattern"":""long_cheap"",""difficulty_numeric"":15,""critical_step_index"":0}",stage1_procedural_generation
SP_069,W5,"A route planner has 8 locations labeled 0 to 7. Roads are one-way and weighted by travel time.

The road network is:
- Node 0 to Node 1: 3
- Node 0 to Node 2: 3
- Node 0 to Node 3: 9
- Node 0 to Node 4: 7
- Node 0 to Node 5: 7
- Node 0 to Node 6: 7
- Node 1 to Node 3: 6
- Node 1 to Node 7: 3
- Node 2 to Node 3: 1
- Node 2 to Node 7: 8
- Node 3 to Node 7: 1
- Node 4 to Node 7: 11
- Node 5 to Node 7: 9
- Node 6 to Node 7: 9

What is the shortest path from node 7 to node 0 and its total cost?

Reply with only the path and cost.
Format: Path: X -> X -> X, Cost: X","Path: 7 -> 3 -> 2 -> 0, Cost: 5",algorithmic,shortest_path,standard,hard,high,procedural_seed_12087081833111022592,verify_sp,"{""subtype"": ""SP"", ""directed"": true, ""source"": 7, ""target"": 0, ""graph"": [{""u"": 1, ""v"": 0, ""w"": 3}, {""u"": 2, ""v"": 0, ""w"": 3}, {""u"": 3, ""v"": 0, ""w"": 9}, {""u"": 4, ""v"": 0, ""w"": 7}, {""u"": 5, ""v"": 0, ""w"": 7}, {""u"": 6, ""v"": 0, ""w"": 7}, {""u"": 3, ""v"": 1, ""w"": 6}, {""u"": 7, ""v"": 1, ""w"": 3}, {""u"": 3, ""v"": 2, ""w"": 1}, {""u"": 7, ""v"": 2, ""w"": 8}, {""u"": 7, ""v"": 3, ""w"": 1}, {""u"": 7, ""v"": 4, ""w"": 11}, {""u"": 7, ""v"": 5, ""w"": 9}, {""u"": 7, ""v"": 6, ""w"": 9}], ""num_vertices"": 8, ""instance_type"": ""adversarial"", ""greedy_answer"": ""Path: 0 -> 1 -> 7, Cost: 6"", ""greedy_succeeds"": false, ""adversarial_pattern"": ""long_cheap"", ""difficulty_numeric"": 15, ""critical_step_index"": 0}",stage1_procedural_generation
SP_069,W6,"A route-planning task over weighted one-way roads. Edge list and travel times are:

- 0 -> 7: 18
- 0 -> 6: 16
- 0 -> 2: 2
- 1 -> 4: 16
- 1 -> 0: 9
- 2 -> 7: 2
- 2 -> 0: 10
- 2 -> 3: 13
- 4 -> 6: 15
- 4 -> 1: 11
- 5 -> 1: 7
- 6 -> 7: 8
- 6 -> 0: 8
- 7 -> 4: 10

Reply with only the path as a sequence of nodes and the total cost.
Format: Path: X -> X -> X, Cost: X","Path: 0 -> 2 -> 7, Cost: 4",algorithmic,shortest_path,standard,hard,high,procedural_seed_12087081833111022592,verify_sp,"{""subtype"": ""SP"", ""directed"": true, ""source"": 0, ""target"": 7, ""graph"": [{""u"": 0, ""v"": 7, ""w"": 18}, {""u"": 0, ""v"": 6, ""w"": 16}, {""u"": 0, ""v"": 2, ""w"": 2}, {""u"": 1, ""v"": 4, ""w"": 16}, {""u"": 1, ""v"": 0, ""w"": 9}, {""u"": 2, ""v"": 7, ""w"": 2}, {""u"": 2, ""v"": 0, ""w"": 10}, {""u"": 2, ""v"": 3, ""w"": 13}, {""u"": 4, ""v"": 6, ""w"": 15}, {""u"": 4, ""v"": 1, ""w"": 11}, {""u"": 5, ""v"": 1, ""w"": 7}, {""u"": 6, ""v"": 7, ""w"": 8}, {""u"": 6, ""v"": 0, ""w"": 8}, {""u"": 7, ""v"": 4, ""w"": 10}], ""num_vertices"": 8, ""instance_type"": ""adversarial"", ""greedy_answer"": ""Path: 0 -> 1 -> 7, Cost: 6"", ""greedy_succeeds"": false, ""adversarial_pattern"": ""long_cheap"", ""difficulty_numeric"": 15, ""critical_step_index"": 0}",stage1_procedural_generation | w6_seed=1353096843
SP_070,W1,"There's a route planning system with 7 locations numbered 0 through 6. The roads between locations are single-direction with associated travel times.

Here's the available road connections:
- Node 0 connects to Node 1: 3
- Node 0 connects to Node 2: 5
- Node 0 connects to Node 3: 8
- Node 0 connects to Node 4: 6
- Node 0 connects to Node 5: 10
- Node 1 connects to Node 6: 1
- Node 2 connects to Node 1: -3
- Node 2 connects to Node 6: 8
- Node 3 connects to Node 6: 10
- Node 4 connects to Node 6: 10
- Node 5 connects to Node 6: 8

Find the path with minimum travel time from node 0 to node 6 and provide the total time required.

Reply with only the path and cost.
Format: Path: X -> X -> X, Cost: X","Path: 0 -> 2 -> 1 -> 6, Cost: 3",algorithmic,shortest_path,standard,hard,high,procedural_seed_7980699698666411660,verify_sp,"{""subtype"":""SP"",""directed"":true,""source"":0,""target"":6,""graph"":[{""u"":0,""v"":1,""w"":3},{""u"":0,""v"":2,""w"":5},{""u"":0,""v"":3,""w"":8},{""u"":0,""v"":4,""w"":6},{""u"":0,""v"":5,""w"":10},{""u"":1,""v"":6,""w"":1},{""u"":2,""v"":1,""w"":-3},{""u"":2,""v"":6,""w"":8},{""u"":3,""v"":6,""w"":10},{""u"":4,""v"":6,""w"":10},{""u"":5,""v"":6,""w"":8}],""num_vertices"":7,""instance_type"":""adversarial"",""greedy_answer"":""Path: 0 -> 1 -> 6, Cost: 4"",""greedy_succeeds"":false,""adversarial_pattern"":""negative_weight"",""requires_bellman_ford"":true,""difficulty_numeric"":15,""critical_step_index"":0}",stage1_procedural_generation
SP_070,W2,"Graph edges:
(0 → 1, weight=3)
(0 → 2, weight=5)
(0 → 3, weight=8)
(0 → 4, weight=6)
(0 → 5, weight=10)
(1 → 6, weight=1)
(2 → 1, weight=-3)
(2 → 6, weight=8)
(3 → 6, weight=10)
(4 → 6, weight=10)
(5 → 6, weight=8)
Source: 0
Target: 6","Path: 0 -> 2 -> 1 -> 6, Cost: 3",algorithmic,shortest_path,standard,hard,high,procedural_seed_7980699698666411660,verify_sp,"{""subtype"":""SP"",""directed"":true,""source"":0,""target"":6,""graph"":[{""u"":0,""v"":1,""w"":3},{""u"":0,""v"":2,""w"":5},{""u"":0,""v"":3,""w"":8},{""u"":0,""v"":4,""w"":6},{""u"":0,""v"":5,""w"":10},{""u"":1,""v"":6,""w"":1},{""u"":2,""v"":1,""w"":-3},{""u"":2,""v"":6,""w"":8},{""u"":3,""v"":6,""w"":10},{""u"":4,""v"":6,""w"":10},{""u"":5,""v"":6,""w"":8}],""num_vertices"":7,""instance_type"":""adversarial"",""greedy_answer"":""Path: 0 -> 1 -> 6, Cost: 4"",""greedy_succeeds"":false,""adversarial_pattern"":""negative_weight"",""requires_bellman_ford"":true,""difficulty_numeric"":15,""critical_step_index"":0}",stage1_procedural_generation
SP_070,W3,"A route planner has 7 locations labeled 0 to 6. Roads are one-way and weighted by travel time.

The road network is:
- Node London to Node Paris: 3
- Node London to Node Berlin: 5
- Node London to Node Rome: 8
- Node London to Node Madrid: 6
- Node London to Node Vienna: 10
- Node Paris to Node Prague: 1
- Node Berlin to Node Paris: -3
- Node Berlin to Node Prague: 8
- Node Rome to Node Prague: 10
- Node Madrid to Node Prague: 10
- Node Vienna to Node Prague: 8

What is the shortest path from node London to node Prague and its total cost?

Reply with only the path and cost.
Format: Path: X -> X -> X, Cost: X","Path: London -> Berlin -> Paris -> Prague, Cost: 3",algorithmic,shortest_path,standard,hard,high,procedural_seed_7980699698666411660,verify_sp,"{""subtype"":""SP"",""directed"":true,""source"":0,""target"":6,""graph"":[{""u"":0,""v"":1,""w"":3},{""u"":0,""v"":2,""w"":5},{""u"":0,""v"":3,""w"":8},{""u"":0,""v"":4,""w"":6},{""u"":0,""v"":5,""w"":10},{""u"":1,""v"":6,""w"":1},{""u"":2,""v"":1,""w"":-3},{""u"":2,""v"":6,""w"":8},{""u"":3,""v"":6,""w"":10},{""u"":4,""v"":6,""w"":10},{""u"":5,""v"":6,""w"":8}],""num_vertices"":7,""instance_type"":""adversarial"",""greedy_answer"":""Path: 0 -> 1 -> 6, Cost: 4"",""greedy_succeeds"":false,""adversarial_pattern"":""negative_weight"",""requires_bellman_ford"":true,""difficulty_numeric"":15,""critical_step_index"":0}","stage1_procedural_generation | {""entity_mapping"": {""0"": ""London"", ""1"": ""Paris"", ""2"": ""Berlin"", ""3"": ""Rome"", ""4"": ""Madrid"", ""5"": ""Vienna"", ""6"": ""Prague""}}"
SP_070,W4,"G = (V, E) where V = {0, 1, ..., 6}
E = {(0,1,3), (0,2,5), (0,3,8), (0,4,6), (0,5,10), (1,6,1), (2,1,-3), (2,6,8), (3,6,10), (4,6,10), (5,6,8)}
Find: δ(0, 6) = minimum weight path from 0 to 6
OUTPUT FORMAT:
Path: X -> X -> X, Cost: X","Path: 0 -> 2 -> 1 -> 6, Cost: 3",algorithmic,shortest_path,standard,hard,high,procedural_seed_7980699698666411660,verify_sp,"{""subtype"":""SP"",""directed"":true,""source"":0,""target"":6,""graph"":[{""u"":0,""v"":1,""w"":3},{""u"":0,""v"":2,""w"":5},{""u"":0,""v"":3,""w"":8},{""u"":0,""v"":4,""w"":6},{""u"":0,""v"":5,""w"":10},{""u"":1,""v"":6,""w"":1},{""u"":2,""v"":1,""w"":-3},{""u"":2,""v"":6,""w"":8},{""u"":3,""v"":6,""w"":10},{""u"":4,""v"":6,""w"":10},{""u"":5,""v"":6,""w"":8}],""num_vertices"":7,""instance_type"":""adversarial"",""greedy_answer"":""Path: 0 -> 1 -> 6, Cost: 4"",""greedy_succeeds"":false,""adversarial_pattern"":""negative_weight"",""requires_bellman_ford"":true,""difficulty_numeric"":15,""critical_step_index"":0}",stage1_procedural_generation
SP_070,W5,"A route planner has 7 locations labeled 0 to 6. Roads are one-way and weighted by travel time.

The road network is:
- Node 0 to Node 1: 3
- Node 0 to Node 2: 5
- Node 0 to Node 3: 8
- Node 0 to Node 4: 6
- Node 0 to Node 5: 10
- Node 1 to Node 6: 1
- Node 2 to Node 1: -3
- Node 2 to Node 6: 8
- Node 3 to Node 6: 10
- Node 4 to Node 6: 10
- Node 5 to Node 6: 8

What is the shortest path from node 6 to node 0 and its total cost?

Reply with only the path and cost.
Format: Path: X -> X -> X, Cost: X","Path: 6 -> 1 -> 2 -> 0, Cost: 3",algorithmic,shortest_path,standard,hard,high,procedural_seed_7980699698666411660,verify_sp,"{""subtype"": ""SP"", ""directed"": true, ""source"": 6, ""target"": 0, ""graph"": [{""u"": 1, ""v"": 0, ""w"": 3}, {""u"": 2, ""v"": 0, ""w"": 5}, {""u"": 3, ""v"": 0, ""w"": 8}, {""u"": 4, ""v"": 0, ""w"": 6}, {""u"": 5, ""v"": 0, ""w"": 10}, {""u"": 6, ""v"": 1, ""w"": 1}, {""u"": 1, ""v"": 2, ""w"": -3}, {""u"": 6, ""v"": 2, ""w"": 8}, {""u"": 6, ""v"": 3, ""w"": 10}, {""u"": 6, ""v"": 4, ""w"": 10}, {""u"": 6, ""v"": 5, ""w"": 8}], ""num_vertices"": 7, ""instance_type"": ""adversarial"", ""greedy_answer"": ""Path: 0 -> 1 -> 6, Cost: 4"", ""greedy_succeeds"": false, ""adversarial_pattern"": ""negative_weight"", ""requires_bellman_ford"": true, ""difficulty_numeric"": 15, ""critical_step_index"": 0}",stage1_procedural_generation
SP_070,W6,"A route-planning task over weighted one-way roads. Edge list and travel times are:

- 0 -> 1: 1
- 0 -> 3: 15
- 0 -> 2: 7
- 1 -> 2: 2
- 2 -> 1: 12
- 2 -> 6: 1
- 2 -> 5: 18
- 3 -> 1: 15
- 3 -> 0: 14
- 4 -> 2: 13
- 5 -> 6: 5

Reply with only the path as a sequence of nodes and the total cost.
Format: Path: X -> X -> X, Cost: X","Path: 0 -> 1 -> 2 -> 6, Cost: 4",algorithmic,shortest_path,standard,hard,high,procedural_seed_7980699698666411660,verify_sp,"{""subtype"": ""SP"", ""directed"": true, ""source"": 0, ""target"": 6, ""graph"": [{""u"": 0, ""v"": 1, ""w"": 1}, {""u"": 0, ""v"": 3, ""w"": 15}, {""u"": 0, ""v"": 2, ""w"": 7}, {""u"": 1, ""v"": 2, ""w"": 2}, {""u"": 2, ""v"": 1, ""w"": 12}, {""u"": 2, ""v"": 6, ""w"": 1}, {""u"": 2, ""v"": 5, ""w"": 18}, {""u"": 3, ""v"": 1, ""w"": 15}, {""u"": 3, ""v"": 0, ""w"": 14}, {""u"": 4, ""v"": 2, ""w"": 13}, {""u"": 5, ""v"": 6, ""w"": 5}], ""num_vertices"": 7, ""instance_type"": ""adversarial"", ""greedy_answer"": ""Path: 0 -> 1 -> 6, Cost: 4"", ""greedy_succeeds"": false, ""adversarial_pattern"": ""negative_weight"", ""requires_bellman_ford"": true, ""difficulty_numeric"": 15, ""critical_step_index"": 0}",stage1_procedural_generation | w6_seed=2382388095
SP_071,W1,"There are 9 locations in a route planning system, numbered from 0 through 8. The roads connecting these locations are directional and have associated travel times.

Here are the available road connections:
- From Node 0 to Node 1: 3
- From Node 0 to Node 2: 5
- From Node 0 to Node 3: 8
- From Node 0 to Node 4: 10
- From Node 0 to Node 5: 8
- From Node 0 to Node 6: 9
- From Node 0 to Node 7: 10
- From Node 1 to Node 8: 1
- From Node 2 to Node 1: -3
- From Node 2 to Node 8: 8
- From Node 3 to Node 8: 8
- From Node 4 to Node 8: 9
- From Node 5 to Node 8: 9
- From Node 6 to Node 8: 10
- From Node 7 to Node 8: 6

Find the path with minimum total travel time starting at node 0 and ending at node 8, along with the total cost of this path.

Provide your answer showing just the path and its cost.
Format: Path: X -> X -> X, Cost: X","Path: 0 -> 2 -> 1 -> 8, Cost: 3",algorithmic,shortest_path,standard,hard,high,procedural_seed_12961621580758109190,verify_sp,"{""subtype"":""SP"",""directed"":true,""source"":0,""target"":8,""graph"":[{""u"":0,""v"":1,""w"":3},{""u"":0,""v"":2,""w"":5},{""u"":0,""v"":3,""w"":8},{""u"":0,""v"":4,""w"":10},{""u"":0,""v"":5,""w"":8},{""u"":0,""v"":6,""w"":9},{""u"":0,""v"":7,""w"":10},{""u"":1,""v"":8,""w"":1},{""u"":2,""v"":1,""w"":-3},{""u"":2,""v"":8,""w"":8},{""u"":3,""v"":8,""w"":8},{""u"":4,""v"":8,""w"":9},{""u"":5,""v"":8,""w"":9},{""u"":6,""v"":8,""w"":10},{""u"":7,""v"":8,""w"":6}],""num_vertices"":9,""instance_type"":""adversarial"",""greedy_answer"":""Path: 0 -> 1 -> 8, Cost: 4"",""greedy_succeeds"":false,""adversarial_pattern"":""negative_weight"",""requires_bellman_ford"":true,""difficulty_numeric"":15,""critical_step_index"":0}",stage1_procedural_generation
SP_071,W2,"Graph edges:
(0 → 1, weight=3)
(0 → 2, weight=5)
(0 → 3, weight=8)
(0 → 4, weight=10)
(0 → 5, weight=8)
(0 → 6, weight=9)
(0 → 7, weight=10)
(1 → 8, weight=1)
(2 → 1, weight=-3)
(2 → 8, weight=8)
(3 → 8, weight=8)
(4 → 8, weight=9)
(5 → 8, weight=9)
(6 → 8, weight=10)
(7 → 8, weight=6)
Source: 0
Target: 8","Path: 0 -> 2 -> 1 -> 8, Cost: 3",algorithmic,shortest_path,standard,hard,high,procedural_seed_12961621580758109190,verify_sp,"{""subtype"":""SP"",""directed"":true,""source"":0,""target"":8,""graph"":[{""u"":0,""v"":1,""w"":3},{""u"":0,""v"":2,""w"":5},{""u"":0,""v"":3,""w"":8},{""u"":0,""v"":4,""w"":10},{""u"":0,""v"":5,""w"":8},{""u"":0,""v"":6,""w"":9},{""u"":0,""v"":7,""w"":10},{""u"":1,""v"":8,""w"":1},{""u"":2,""v"":1,""w"":-3},{""u"":2,""v"":8,""w"":8},{""u"":3,""v"":8,""w"":8},{""u"":4,""v"":8,""w"":9},{""u"":5,""v"":8,""w"":9},{""u"":6,""v"":8,""w"":10},{""u"":7,""v"":8,""w"":6}],""num_vertices"":9,""instance_type"":""adversarial"",""greedy_answer"":""Path: 0 -> 1 -> 8, Cost: 4"",""greedy_succeeds"":false,""adversarial_pattern"":""negative_weight"",""requires_bellman_ford"":true,""difficulty_numeric"":15,""critical_step_index"":0}",stage1_procedural_generation
SP_071,W3,"A route planner has 9 locations labeled 0 to 8. Roads are one-way and weighted by travel time.

The road network is:
- Node Berlin to Node Prague: 3
- Node Berlin to Node Vienna: 5
- Node Berlin to Node Munich: 8
- Node Berlin to Node Hamburg: 10
- Node Berlin to Node Frankfurt: 8
- Node Berlin to Node Cologne: 9
- Node Berlin to Node Dresden: 10
- Node Prague to Node Warsaw: 1
- Node Vienna to Node Prague: -3
- Node Vienna to Node Warsaw: 8
- Node Munich to Node Warsaw: 8
- Node Hamburg to Node Warsaw: 9
- Node Frankfurt to Node Warsaw: 9
- Node Cologne to Node Warsaw: 10
- Node Dresden to Node Warsaw: 6

What is the shortest path from node Berlin to node Warsaw and its total cost?

Reply with only the path and cost.
Format: Path: X -> X -> X, Cost: X","Path: Berlin -> Vienna -> Prague -> Warsaw, Cost: 3",algorithmic,shortest_path,standard,hard,high,procedural_seed_12961621580758109190,verify_sp,"{""subtype"":""SP"",""directed"":true,""source"":0,""target"":8,""graph"":[{""u"":0,""v"":1,""w"":3},{""u"":0,""v"":2,""w"":5},{""u"":0,""v"":3,""w"":8},{""u"":0,""v"":4,""w"":10},{""u"":0,""v"":5,""w"":8},{""u"":0,""v"":6,""w"":9},{""u"":0,""v"":7,""w"":10},{""u"":1,""v"":8,""w"":1},{""u"":2,""v"":1,""w"":-3},{""u"":2,""v"":8,""w"":8},{""u"":3,""v"":8,""w"":8},{""u"":4,""v"":8,""w"":9},{""u"":5,""v"":8,""w"":9},{""u"":6,""v"":8,""w"":10},{""u"":7,""v"":8,""w"":6}],""num_vertices"":9,""instance_type"":""adversarial"",""greedy_answer"":""Path: 0 -> 1 -> 8, Cost: 4"",""greedy_succeeds"":false,""adversarial_pattern"":""negative_weight"",""requires_bellman_ford"":true,""difficulty_numeric"":15,""critical_step_index"":0}","stage1_procedural_generation | {""entity_mapping"": {""0"": ""Berlin"", ""1"": ""Prague"", ""2"": ""Vienna"", ""3"": ""Munich"", ""4"": ""Hamburg"", ""5"": ""Frankfurt"", ""6"": ""Cologne"", ""7"": ""Dresden"", ""8"": ""Warsaw""}}"
SP_071,W4,"G = (V, E) where V = {0, 1, ..., 8}
E = {(0,1,3), (0,2,5), (0,3,8), (0,4,10), (0,5,8), (0,6,9), (0,7,10), (1,8,1), (2,1,-3), (2,8,8), (3,8,8), (4,8,9), (5,8,9), (6,8,10), (7,8,6)}
Find: δ(0, 8) = minimum weight path from 0 to 8
OUTPUT FORMAT:
Path: X -> X -> X, Cost: X","Path: 0 -> 2 -> 1 -> 8, Cost: 3",algorithmic,shortest_path,standard,hard,high,procedural_seed_12961621580758109190,verify_sp,"{""subtype"":""SP"",""directed"":true,""source"":0,""target"":8,""graph"":[{""u"":0,""v"":1,""w"":3},{""u"":0,""v"":2,""w"":5},{""u"":0,""v"":3,""w"":8},{""u"":0,""v"":4,""w"":10},{""u"":0,""v"":5,""w"":8},{""u"":0,""v"":6,""w"":9},{""u"":0,""v"":7,""w"":10},{""u"":1,""v"":8,""w"":1},{""u"":2,""v"":1,""w"":-3},{""u"":2,""v"":8,""w"":8},{""u"":3,""v"":8,""w"":8},{""u"":4,""v"":8,""w"":9},{""u"":5,""v"":8,""w"":9},{""u"":6,""v"":8,""w"":10},{""u"":7,""v"":8,""w"":6}],""num_vertices"":9,""instance_type"":""adversarial"",""greedy_answer"":""Path: 0 -> 1 -> 8, Cost: 4"",""greedy_succeeds"":false,""adversarial_pattern"":""negative_weight"",""requires_bellman_ford"":true,""difficulty_numeric"":15,""critical_step_index"":0}",stage1_procedural_generation
SP_071,W5,"A route planner has 9 locations labeled 0 to 8. Roads are one-way and weighted by travel time.

The road network is:
- Node 0 to Node 1: 3
- Node 0 to Node 2: 5
- Node 0 to Node 3: 8
- Node 0 to Node 4: 10
- Node 0 to Node 5: 8
- Node 0 to Node 6: 9
- Node 0 to Node 7: 10
- Node 1 to Node 8: 1
- Node 2 to Node 1: -3
- Node 2 to Node 8: 8
- Node 3 to Node 8: 8
- Node 4 to Node 8: 9
- Node 5 to Node 8: 9
- Node 6 to Node 8: 10
- Node 7 to Node 8: 6

What is the shortest path from node 8 to node 0 and its total cost?

Reply with only the path and cost.
Format: Path: X -> X -> X, Cost: X","Path: 8 -> 1 -> 2 -> 0, Cost: 3",algorithmic,shortest_path,standard,hard,high,procedural_seed_12961621580758109190,verify_sp,"{""subtype"": ""SP"", ""directed"": true, ""source"": 8, ""target"": 0, ""graph"": [{""u"": 1, ""v"": 0, ""w"": 3}, {""u"": 2, ""v"": 0, ""w"": 5}, {""u"": 3, ""v"": 0, ""w"": 8}, {""u"": 4, ""v"": 0, ""w"": 10}, {""u"": 5, ""v"": 0, ""w"": 8}, {""u"": 6, ""v"": 0, ""w"": 9}, {""u"": 7, ""v"": 0, ""w"": 10}, {""u"": 8, ""v"": 1, ""w"": 1}, {""u"": 1, ""v"": 2, ""w"": -3}, {""u"": 8, ""v"": 2, ""w"": 8}, {""u"": 8, ""v"": 3, ""w"": 8}, {""u"": 8, ""v"": 4, ""w"": 9}, {""u"": 8, ""v"": 5, ""w"": 9}, {""u"": 8, ""v"": 6, ""w"": 10}, {""u"": 8, ""v"": 7, ""w"": 6}], ""num_vertices"": 9, ""instance_type"": ""adversarial"", ""greedy_answer"": ""Path: 0 -> 1 -> 8, Cost: 4"", ""greedy_succeeds"": false, ""adversarial_pattern"": ""negative_weight"", ""requires_bellman_ford"": true, ""difficulty_numeric"": 15, ""critical_step_index"": 0}",stage1_procedural_generation
SP_071,W6,"A route-planning task over weighted one-way roads. Edge list and travel times are:

- 0 -> 1: 3
- 1 -> 8: 2
- 1 -> 0: 11
- 2 -> 0: 13
- 2 -> 3: 6
- 2 -> 8: 7
- 4 -> 6: 18
- 4 -> 2: 17
- 5 -> 8: 18
- 6 -> 0: 5
- 6 -> 3: 7
- 7 -> 1: 11
- 7 -> 6: 7
- 8 -> 1: 6
- 8 -> 6: 15

Reply with only the path as a sequence of nodes and the total cost.
Format: Path: X -> X -> X, Cost: X","Path: 0 -> 1 -> 8, Cost: 5",algorithmic,shortest_path,standard,hard,high,procedural_seed_12961621580758109190,verify_sp,"{""subtype"": ""SP"", ""directed"": true, ""source"": 0, ""target"": 8, ""graph"": [{""u"": 0, ""v"": 1, ""w"": 3}, {""u"": 1, ""v"": 8, ""w"": 2}, {""u"": 1, ""v"": 0, ""w"": 11}, {""u"": 2, ""v"": 0, ""w"": 13}, {""u"": 2, ""v"": 3, ""w"": 6}, {""u"": 2, ""v"": 8, ""w"": 7}, {""u"": 4, ""v"": 6, ""w"": 18}, {""u"": 4, ""v"": 2, ""w"": 17}, {""u"": 5, ""v"": 8, ""w"": 18}, {""u"": 6, ""v"": 0, ""w"": 5}, {""u"": 6, ""v"": 3, ""w"": 7}, {""u"": 7, ""v"": 1, ""w"": 11}, {""u"": 7, ""v"": 6, ""w"": 7}, {""u"": 8, ""v"": 1, ""w"": 6}, {""u"": 8, ""v"": 6, ""w"": 15}], ""num_vertices"": 9, ""instance_type"": ""adversarial"", ""greedy_answer"": ""Path: 0 -> 1 -> 8, Cost: 4"", ""greedy_succeeds"": false, ""adversarial_pattern"": ""negative_weight"", ""requires_bellman_ford"": true, ""difficulty_numeric"": 15, ""critical_step_index"": 0}",stage1_procedural_generation | w6_seed=3856312328
SP_072,W1,"There's a route planner with 7 locations numbered from 0 through 6. The roads are unidirectional and have weights representing travel time.

Here's the road network:
- From Node 0 to Node 1: 3
- From Node 0 to Node 2: 5
- From Node 0 to Node 3: 10
- From Node 0 to Node 4: 8
- From Node 0 to Node 5: 6
- From Node 1 to Node 6: 1
- From Node 2 to Node 1: -3
- From Node 2 to Node 6: 8
- From Node 3 to Node 6: 7
- From Node 4 to Node 6: 6
- From Node 5 to Node 6: 7

Find the shortest path between node 0 and node 6, along with the total cost.

Provide only the path and cost in response.
Format: Path: X -> X -> X, Cost: X","Path: 0 -> 2 -> 1 -> 6, Cost: 3",algorithmic,shortest_path,standard,hard,high,procedural_seed_17624638411906025490,verify_sp,"{""subtype"":""SP"",""directed"":true,""source"":0,""target"":6,""graph"":[{""u"":0,""v"":1,""w"":3},{""u"":0,""v"":2,""w"":5},{""u"":0,""v"":3,""w"":10},{""u"":0,""v"":4,""w"":8},{""u"":0,""v"":5,""w"":6},{""u"":1,""v"":6,""w"":1},{""u"":2,""v"":1,""w"":-3},{""u"":2,""v"":6,""w"":8},{""u"":3,""v"":6,""w"":7},{""u"":4,""v"":6,""w"":6},{""u"":5,""v"":6,""w"":7}],""num_vertices"":7,""instance_type"":""adversarial"",""greedy_answer"":""Path: 0 -> 1 -> 6, Cost: 4"",""greedy_succeeds"":false,""adversarial_pattern"":""negative_weight"",""requires_bellman_ford"":true,""difficulty_numeric"":15,""critical_step_index"":0}",stage1_procedural_generation
SP_072,W2,"Graph edges:
(0 → 1, weight=3)
(0 → 2, weight=5)
(0 → 3, weight=10)
(0 → 4, weight=8)
(0 → 5, weight=6)
(1 → 6, weight=1)
(2 → 1, weight=-3)
(2 → 6, weight=8)
(3 → 6, weight=7)
(4 → 6, weight=6)
(5 → 6, weight=7)
Source: 0
Target: 6","Path: 0 -> 2 -> 1 -> 6, Cost: 3",algorithmic,shortest_path,standard,hard,high,procedural_seed_17624638411906025490,verify_sp,"{""subtype"":""SP"",""directed"":true,""source"":0,""target"":6,""graph"":[{""u"":0,""v"":1,""w"":3},{""u"":0,""v"":2,""w"":5},{""u"":0,""v"":3,""w"":10},{""u"":0,""v"":4,""w"":8},{""u"":0,""v"":5,""w"":6},{""u"":1,""v"":6,""w"":1},{""u"":2,""v"":1,""w"":-3},{""u"":2,""v"":6,""w"":8},{""u"":3,""v"":6,""w"":7},{""u"":4,""v"":6,""w"":6},{""u"":5,""v"":6,""w"":7}],""num_vertices"":7,""instance_type"":""adversarial"",""greedy_answer"":""Path: 0 -> 1 -> 6, Cost: 4"",""greedy_succeeds"":false,""adversarial_pattern"":""negative_weight"",""requires_bellman_ford"":true,""difficulty_numeric"":15,""critical_step_index"":0}",stage1_procedural_generation
SP_072,W3,"A route planner has 7 locations labeled 0 to 6. Roads are one-way and weighted by travel time.

The road network is:
- Node Paris to Node Lyon: 3
- Node Paris to Node Marseille: 5
- Node Paris to Node Toulouse: 10
- Node Paris to Node Nice: 8
- Node Paris to Node Nantes: 6
- Node Lyon to Node Strasbourg: 1
- Node Marseille to Node Lyon: -3
- Node Marseille to Node Strasbourg: 8
- Node Toulouse to Node Strasbourg: 7
- Node Nice to Node Strasbourg: 6
- Node Nantes to Node Strasbourg: 7

What is the shortest path from node Paris to node Strasbourg and its total cost?

Reply with only the path and cost.
Format: Path: X -> X -> X, Cost: X","Path: Paris -> Marseille -> Lyon -> Strasbourg, Cost: 3",algorithmic,shortest_path,standard,hard,high,procedural_seed_17624638411906025490,verify_sp,"{""subtype"":""SP"",""directed"":true,""source"":0,""target"":6,""graph"":[{""u"":0,""v"":1,""w"":3},{""u"":0,""v"":2,""w"":5},{""u"":0,""v"":3,""w"":10},{""u"":0,""v"":4,""w"":8},{""u"":0,""v"":5,""w"":6},{""u"":1,""v"":6,""w"":1},{""u"":2,""v"":1,""w"":-3},{""u"":2,""v"":6,""w"":8},{""u"":3,""v"":6,""w"":7},{""u"":4,""v"":6,""w"":6},{""u"":5,""v"":6,""w"":7}],""num_vertices"":7,""instance_type"":""adversarial"",""greedy_answer"":""Path: 0 -> 1 -> 6, Cost: 4"",""greedy_succeeds"":false,""adversarial_pattern"":""negative_weight"",""requires_bellman_ford"":true,""difficulty_numeric"":15,""critical_step_index"":0}","stage1_procedural_generation | {""entity_mapping"": {""0"": ""Paris"", ""1"": ""Lyon"", ""2"": ""Marseille"", ""3"": ""Toulouse"", ""4"": ""Nice"", ""5"": ""Nantes"", ""6"": ""Strasbourg""}}"
SP_072,W4,"G = (V, E) where V = {0, 1, ..., 6}
E = {(0,1,3), (0,2,5), (0,3,10), (0,4,8), (0,5,6), (1,6,1), (2,1,-3), (2,6,8), (3,6,7), (4,6,6), (5,6,7)}
Find: δ(0, 6) = minimum weight path from 0 to 6
OUTPUT FORMAT:
Path: X -> X -> X, Cost: X","Path: 0 -> 2 -> 1 -> 6, Cost: 3",algorithmic,shortest_path,standard,hard,high,procedural_seed_17624638411906025490,verify_sp,"{""subtype"":""SP"",""directed"":true,""source"":0,""target"":6,""graph"":[{""u"":0,""v"":1,""w"":3},{""u"":0,""v"":2,""w"":5},{""u"":0,""v"":3,""w"":10},{""u"":0,""v"":4,""w"":8},{""u"":0,""v"":5,""w"":6},{""u"":1,""v"":6,""w"":1},{""u"":2,""v"":1,""w"":-3},{""u"":2,""v"":6,""w"":8},{""u"":3,""v"":6,""w"":7},{""u"":4,""v"":6,""w"":6},{""u"":5,""v"":6,""w"":7}],""num_vertices"":7,""instance_type"":""adversarial"",""greedy_answer"":""Path: 0 -> 1 -> 6, Cost: 4"",""greedy_succeeds"":false,""adversarial_pattern"":""negative_weight"",""requires_bellman_ford"":true,""difficulty_numeric"":15,""critical_step_index"":0}",stage1_procedural_generation
SP_072,W5,"A route planner has 7 locations labeled 0 to 6. Roads are one-way and weighted by travel time.

The road network is:
- Node 0 to Node 1: 3
- Node 0 to Node 2: 5
- Node 0 to Node 3: 10
- Node 0 to Node 4: 8
- Node 0 to Node 5: 6
- Node 1 to Node 6: 1
- Node 2 to Node 1: -3
- Node 2 to Node 6: 8
- Node 3 to Node 6: 7
- Node 4 to Node 6: 6
- Node 5 to Node 6: 7

What is the shortest path from node 6 to node 0 and its total cost?

Reply with only the path and cost.
Format: Path: X -> X -> X, Cost: X","Path: 6 -> 1 -> 2 -> 0, Cost: 3",algorithmic,shortest_path,standard,hard,high,procedural_seed_17624638411906025490,verify_sp,"{""subtype"": ""SP"", ""directed"": true, ""source"": 6, ""target"": 0, ""graph"": [{""u"": 1, ""v"": 0, ""w"": 3}, {""u"": 2, ""v"": 0, ""w"": 5}, {""u"": 3, ""v"": 0, ""w"": 10}, {""u"": 4, ""v"": 0, ""w"": 8}, {""u"": 5, ""v"": 0, ""w"": 6}, {""u"": 6, ""v"": 1, ""w"": 1}, {""u"": 1, ""v"": 2, ""w"": -3}, {""u"": 6, ""v"": 2, ""w"": 8}, {""u"": 6, ""v"": 3, ""w"": 7}, {""u"": 6, ""v"": 4, ""w"": 6}, {""u"": 6, ""v"": 5, ""w"": 7}], ""num_vertices"": 7, ""instance_type"": ""adversarial"", ""greedy_answer"": ""Path: 0 -> 1 -> 6, Cost: 4"", ""greedy_succeeds"": false, ""adversarial_pattern"": ""negative_weight"", ""requires_bellman_ford"": true, ""difficulty_numeric"": 15, ""critical_step_index"": 0}",stage1_procedural_generation
SP_072,W6,"A route-planning task over weighted one-way roads. Edge list and travel times are:

- 0 -> 1: 6
- 0 -> 4: 4
- 1 -> 6: 4
- 2 -> 3: 14
- 2 -> 6: 18
- 3 -> 4: 7
- 3 -> 6: 13
- 4 -> 6: 12
- 4 -> 1: 1
- 5 -> 2: 7
- 6 -> 1: 15

Reply with only the path as a sequence of nodes and the total cost.
Format: Path: X -> X -> X, Cost: X","Path: 0 -> 4 -> 1 -> 6, Cost: 9",algorithmic,shortest_path,standard,hard,high,procedural_seed_17624638411906025490,verify_sp,"{""subtype"": ""SP"", ""directed"": true, ""source"": 0, ""target"": 6, ""graph"": [{""u"": 0, ""v"": 1, ""w"": 6}, {""u"": 0, ""v"": 4, ""w"": 4}, {""u"": 1, ""v"": 6, ""w"": 4}, {""u"": 2, ""v"": 3, ""w"": 14}, {""u"": 2, ""v"": 6, ""w"": 18}, {""u"": 3, ""v"": 4, ""w"": 7}, {""u"": 3, ""v"": 6, ""w"": 13}, {""u"": 4, ""v"": 6, ""w"": 12}, {""u"": 4, ""v"": 1, ""w"": 1}, {""u"": 5, ""v"": 2, ""w"": 7}, {""u"": 6, ""v"": 1, ""w"": 15}], ""num_vertices"": 7, ""instance_type"": ""adversarial"", ""greedy_answer"": ""Path: 0 -> 1 -> 6, Cost: 4"", ""greedy_succeeds"": false, ""adversarial_pattern"": ""negative_weight"", ""requires_bellman_ford"": true, ""difficulty_numeric"": 15, ""critical_step_index"": 0}",stage1_procedural_generation | w6_seed=809663264
SP_073,W1,"A route planning system contains 8 locations designated as 0 through 7. The roads connecting them are unidirectional with associated travel times.

The connections between nodes are as follows:
- From Node 0 to Node 1: 3
- From Node 0 to Node 2: 5
- From Node 0 to Node 3: 7
- From Node 0 to Node 4: 6
- From Node 0 to Node 5: 9
- From Node 0 to Node 6: 7
- From Node 1 to Node 7: 1
- From Node 2 to Node 1: -3
- From Node 2 to Node 7: 8
- From Node 3 to Node 7: 8
- From Node 4 to Node 7: 6
- From Node 5 to Node 7: 7
- From Node 6 to Node 7: 8

Find the path with minimum total travel time from node 0 to node 7 and determine its cost.

Provide only the path and cost in response.
Format: Path: X -> X -> X, Cost: X","Path: 0 -> 2 -> 1 -> 7, Cost: 3",algorithmic,shortest_path,adversarial,hard,high,procedural_seed_2694550364998107812,verify_sp,"{""subtype"":""SP"",""directed"":true,""source"":0,""target"":7,""graph"":[{""u"":0,""v"":1,""w"":3},{""u"":0,""v"":2,""w"":5},{""u"":0,""v"":3,""w"":7},{""u"":0,""v"":4,""w"":6},{""u"":0,""v"":5,""w"":9},{""u"":0,""v"":6,""w"":7},{""u"":1,""v"":7,""w"":1},{""u"":2,""v"":1,""w"":-3},{""u"":2,""v"":7,""w"":8},{""u"":3,""v"":7,""w"":8},{""u"":4,""v"":7,""w"":6},{""u"":5,""v"":7,""w"":7},{""u"":6,""v"":7,""w"":8}],""num_vertices"":8,""instance_type"":""adversarial"",""greedy_answer"":""Path: 0 -> 1 -> 7, Cost: 4"",""greedy_succeeds"":false,""adversarial_pattern"":""negative_weight"",""requires_bellman_ford"":true,""difficulty_numeric"":15,""critical_step_index"":0}",stage1_procedural_generation
SP_073,W2,"Graph edges:
(0 → 1, weight=3)
(0 → 2, weight=5)
(0 → 3, weight=7)
(0 → 4, weight=6)
(0 → 5, weight=9)
(0 → 6, weight=7)
(1 → 7, weight=1)
(2 → 1, weight=-3)
(2 → 7, weight=8)
(3 → 7, weight=8)
(4 → 7, weight=6)
(5 → 7, weight=7)
(6 → 7, weight=8)
Source: 0
Target: 7","Path: 0 -> 2 -> 1 -> 7, Cost: 3",algorithmic,shortest_path,adversarial,hard,high,procedural_seed_2694550364998107812,verify_sp,"{""subtype"":""SP"",""directed"":true,""source"":0,""target"":7,""graph"":[{""u"":0,""v"":1,""w"":3},{""u"":0,""v"":2,""w"":5},{""u"":0,""v"":3,""w"":7},{""u"":0,""v"":4,""w"":6},{""u"":0,""v"":5,""w"":9},{""u"":0,""v"":6,""w"":7},{""u"":1,""v"":7,""w"":1},{""u"":2,""v"":1,""w"":-3},{""u"":2,""v"":7,""w"":8},{""u"":3,""v"":7,""w"":8},{""u"":4,""v"":7,""w"":6},{""u"":5,""v"":7,""w"":7},{""u"":6,""v"":7,""w"":8}],""num_vertices"":8,""instance_type"":""adversarial"",""greedy_answer"":""Path: 0 -> 1 -> 7, Cost: 4"",""greedy_succeeds"":false,""adversarial_pattern"":""negative_weight"",""requires_bellman_ford"":true,""difficulty_numeric"":15,""critical_step_index"":0}",stage1_procedural_generation
SP_073,W3,"A route planner has 8 locations labeled 0 to 7. Roads are one-way and weighted by travel time.

The road network is:
- Node Berlin to Node Prague: 3
- Node Berlin to Node Vienna: 5
- Node Berlin to Node Munich: 7
- Node Berlin to Node Zurich: 6
- Node Berlin to Node Milan: 9
- Node Berlin to Node Lyon: 7
- Node Prague to Node Paris: 1
- Node Vienna to Node Prague: -3
- Node Vienna to Node Paris: 8
- Node Munich to Node Paris: 8
- Node Zurich to Node Paris: 6
- Node Milan to Node Paris: 7
- Node Lyon to Node Paris: 8

What is the shortest path from node Berlin to node Paris and its total cost?

Reply with only the path and cost.
Format: Path: X -> X -> X, Cost: X","Path: Berlin -> Vienna -> Prague -> Paris, Cost: 3",algorithmic,shortest_path,adversarial,hard,high,procedural_seed_2694550364998107812,verify_sp,"{""subtype"":""SP"",""directed"":true,""source"":0,""target"":7,""graph"":[{""u"":0,""v"":1,""w"":3},{""u"":0,""v"":2,""w"":5},{""u"":0,""v"":3,""w"":7},{""u"":0,""v"":4,""w"":6},{""u"":0,""v"":5,""w"":9},{""u"":0,""v"":6,""w"":7},{""u"":1,""v"":7,""w"":1},{""u"":2,""v"":1,""w"":-3},{""u"":2,""v"":7,""w"":8},{""u"":3,""v"":7,""w"":8},{""u"":4,""v"":7,""w"":6},{""u"":5,""v"":7,""w"":7},{""u"":6,""v"":7,""w"":8}],""num_vertices"":8,""instance_type"":""adversarial"",""greedy_answer"":""Path: 0 -> 1 -> 7, Cost: 4"",""greedy_succeeds"":false,""adversarial_pattern"":""negative_weight"",""requires_bellman_ford"":true,""difficulty_numeric"":15,""critical_step_index"":0}","stage1_procedural_generation | {""entity_mapping"": {""0"": ""Berlin"", ""1"": ""Prague"", ""2"": ""Vienna"", ""3"": ""Munich"", ""4"": ""Zurich"", ""5"": ""Milan"", ""6"": ""Lyon"", ""7"": ""Paris""}}"
SP_073,W4,"G = (V, E) where V = {0, 1, ..., 7}
E = {(0,1,3), (0,2,5), (0,3,7), (0,4,6), (0,5,9), (0,6,7), (1,7,1), (2,1,-3), (2,7,8), (3,7,8), (4,7,6), (5,7,7), (6,7,8)}
Find: δ(0, 7) = minimum weight path from 0 to 7
OUTPUT FORMAT:
Path: X -> X -> X, Cost: X","Path: 0 -> 2 -> 1 -> 7, Cost: 3",algorithmic,shortest_path,adversarial,hard,high,procedural_seed_2694550364998107812,verify_sp,"{""subtype"":""SP"",""directed"":true,""source"":0,""target"":7,""graph"":[{""u"":0,""v"":1,""w"":3},{""u"":0,""v"":2,""w"":5},{""u"":0,""v"":3,""w"":7},{""u"":0,""v"":4,""w"":6},{""u"":0,""v"":5,""w"":9},{""u"":0,""v"":6,""w"":7},{""u"":1,""v"":7,""w"":1},{""u"":2,""v"":1,""w"":-3},{""u"":2,""v"":7,""w"":8},{""u"":3,""v"":7,""w"":8},{""u"":4,""v"":7,""w"":6},{""u"":5,""v"":7,""w"":7},{""u"":6,""v"":7,""w"":8}],""num_vertices"":8,""instance_type"":""adversarial"",""greedy_answer"":""Path: 0 -> 1 -> 7, Cost: 4"",""greedy_succeeds"":false,""adversarial_pattern"":""negative_weight"",""requires_bellman_ford"":true,""difficulty_numeric"":15,""critical_step_index"":0}",stage1_procedural_generation
SP_073,W5,"A route planner has 8 locations labeled 0 to 7. Roads are one-way and weighted by travel time.

The road network is:
- Node 0 to Node 1: 3
- Node 0 to Node 2: 5
- Node 0 to Node 3: 7
- Node 0 to Node 4: 6
- Node 0 to Node 5: 9
- Node 0 to Node 6: 7
- Node 1 to Node 7: 1
- Node 2 to Node 1: -3
- Node 2 to Node 7: 8
- Node 3 to Node 7: 8
- Node 4 to Node 7: 6
- Node 5 to Node 7: 7
- Node 6 to Node 7: 8

What is the shortest path from node 7 to node 0 and its total cost?

Reply with only the path and cost.
Format: Path: X -> X -> X, Cost: X","Path: 7 -> 1 -> 2 -> 0, Cost: 3",algorithmic,shortest_path,adversarial,hard,high,procedural_seed_2694550364998107812,verify_sp,"{""subtype"": ""SP"", ""directed"": true, ""source"": 7, ""target"": 0, ""graph"": [{""u"": 1, ""v"": 0, ""w"": 3}, {""u"": 2, ""v"": 0, ""w"": 5}, {""u"": 3, ""v"": 0, ""w"": 7}, {""u"": 4, ""v"": 0, ""w"": 6}, {""u"": 5, ""v"": 0, ""w"": 9}, {""u"": 6, ""v"": 0, ""w"": 7}, {""u"": 7, ""v"": 1, ""w"": 1}, {""u"": 1, ""v"": 2, ""w"": -3}, {""u"": 7, ""v"": 2, ""w"": 8}, {""u"": 7, ""v"": 3, ""w"": 8}, {""u"": 7, ""v"": 4, ""w"": 6}, {""u"": 7, ""v"": 5, ""w"": 7}, {""u"": 7, ""v"": 6, ""w"": 8}], ""num_vertices"": 8, ""instance_type"": ""adversarial"", ""greedy_answer"": ""Path: 0 -> 1 -> 7, Cost: 4"", ""greedy_succeeds"": false, ""adversarial_pattern"": ""negative_weight"", ""requires_bellman_ford"": true, ""difficulty_numeric"": 15, ""critical_step_index"": 0}",stage1_procedural_generation
SP_073,W6,"A route-planning task over weighted one-way roads. Edge list and travel times are:

- 0 -> 5: 3
- 1 -> 5: 10
- 1 -> 0: 16
- 1 -> 6: 6
- 1 -> 3: 18
- 2 -> 7: 17
- 2 -> 0: 5
- 3 -> 6: 4
- 4 -> 3: 1
- 5 -> 4: 3
- 6 -> 7: 1
- 7 -> 4: 8
- 7 -> 2: 11

Reply with only the path as a sequence of nodes and the total cost.
Format: Path: X -> X -> X, Cost: X","Path: 0 -> 5 -> 4 -> 3 -> 6 -> 7, Cost: 12",algorithmic,shortest_path,adversarial,hard,high,procedural_seed_2694550364998107812,verify_sp,"{""subtype"": ""SP"", ""directed"": true, ""source"": 0, ""target"": 7, ""graph"": [{""u"": 0, ""v"": 5, ""w"": 3}, {""u"": 1, ""v"": 5, ""w"": 10}, {""u"": 1, ""v"": 0, ""w"": 16}, {""u"": 1, ""v"": 6, ""w"": 6}, {""u"": 1, ""v"": 3, ""w"": 18}, {""u"": 2, ""v"": 7, ""w"": 17}, {""u"": 2, ""v"": 0, ""w"": 5}, {""u"": 3, ""v"": 6, ""w"": 4}, {""u"": 4, ""v"": 3, ""w"": 1}, {""u"": 5, ""v"": 4, ""w"": 3}, {""u"": 6, ""v"": 7, ""w"": 1}, {""u"": 7, ""v"": 4, ""w"": 8}, {""u"": 7, ""v"": 2, ""w"": 11}], ""num_vertices"": 8, ""instance_type"": ""adversarial"", ""greedy_answer"": ""Path: 0 -> 1 -> 7, Cost: 4"", ""greedy_succeeds"": false, ""adversarial_pattern"": ""negative_weight"", ""requires_bellman_ford"": true, ""difficulty_numeric"": 15, ""critical_step_index"": 0}",stage1_procedural_generation | w6_seed=1297020728
WIS_006,W1,"You have weighted intervals positioned on a timeline. Choose a collection of non-overlapping intervals that maximizes the combined weight.

Intervals:
Interval 0: start=0, end=2, weight=5
Interval 1: start=4, end=7, weight=5
Interval 2: start=5, end=8, weight=9
Interval 3: start=7, end=8, weight=11
Interval 4: start=9, end=12, weight=5
Interval 5: start=12, end=13, weight=3
Interval 6: start=13, end=15, weight=11

Intervals are in conflict when their ranges intersect.
Respond with just the chosen interval ids and the sum of their weights.
Format: Selected: {X, X, X, ...}, Total: X","Selected: {0, 1, 3, 4, 5, 6}, Total: 40",algorithmic,wis,adversarial,hard,high,procedural_seed_8354403257838524191,verify_wis,"{""subtype"":""WIS"",""intervals"":[{""id"":0,""start"":0,""end"":2,""weight"":5},{""id"":1,""start"":4,""end"":7,""weight"":5},{""id"":2,""start"":5,""end"":8,""weight"":9},{""id"":3,""start"":7,""end"":8,""weight"":11},{""id"":4,""start"":9,""end"":12,""weight"":5},{""id"":5,""start"":12,""end"":13,""weight"":3},{""id"":6,""start"":13,""end"":15,""weight"":11}],""greedy_succeeds"":true,""instance_type"":""standard"",""greedy_answer"":""Selected: {0, 1, 3, 4, 5, 6}, Total: 40"",""difficulty_numeric"":12,""critical_step_index"":-1}",stage1_procedural_generation
WIS_006,W2,"Intervals:
(0, start=0, end=2, weight=5)
(1, start=4, end=7, weight=5)
(2, start=5, end=8, weight=9)
(3, start=7, end=8, weight=11)
(4, start=9, end=12, weight=5)
(5, start=12, end=13, weight=3)
(6, start=13, end=15, weight=11)
Objective: maximize total weight of non-overlapping intervals.","Selected: {0, 1, 3, 4, 5, 6}, Total: 40",algorithmic,wis,adversarial,hard,high,procedural_seed_8354403257838524191,verify_wis,"{""subtype"":""WIS"",""intervals"":[{""id"":0,""start"":0,""end"":2,""weight"":5},{""id"":1,""start"":4,""end"":7,""weight"":5},{""id"":2,""start"":5,""end"":8,""weight"":9},{""id"":3,""start"":7,""end"":8,""weight"":11},{""id"":4,""start"":9,""end"":12,""weight"":5},{""id"":5,""start"":12,""end"":13,""weight"":3},{""id"":6,""start"":13,""end"":15,""weight"":11}],""greedy_succeeds"":true,""instance_type"":""standard"",""greedy_answer"":""Selected: {0, 1, 3, 4, 5, 6}, Total: 40"",""difficulty_numeric"":12,""critical_step_index"":-1}",stage1_procedural_generation
WIS_006,W3,"You are given weighted intervals on a timeline. Select a non-overlapping subset with maximum total weight.

Intervals:
Opening Keynote: start=0, end=2, weight=5
Panel Discussion: start=4, end=7, weight=5
Tech Workshop: start=5, end=8, weight=9
Closing Remarks: start=7, end=8, weight=11
Networking Lunch: start=9, end=12, weight=5
Coffee Break: start=12, end=13, weight=3
Awards Ceremony: start=13, end=15, weight=11

Two intervals conflict if their ranges overlap.
Reply with only the selected interval ids and the total weight.
Format: Selected: {X, X, X, ...}, Total: X","Selected: {0, 1, 3, 4, 5, 6}, Total: 40",algorithmic,wis,adversarial,hard,high,procedural_seed_8354403257838524191,verify_wis,"{""subtype"":""WIS"",""intervals"":[{""id"":0,""start"":0,""end"":2,""weight"":5},{""id"":1,""start"":4,""end"":7,""weight"":5},{""id"":2,""start"":5,""end"":8,""weight"":9},{""id"":3,""start"":7,""end"":8,""weight"":11},{""id"":4,""start"":9,""end"":12,""weight"":5},{""id"":5,""start"":12,""end"":13,""weight"":3},{""id"":6,""start"":13,""end"":15,""weight"":11}],""greedy_succeeds"":true,""instance_type"":""standard"",""greedy_answer"":""Selected: {0, 1, 3, 4, 5, 6}, Total: 40"",""difficulty_numeric"":12,""critical_step_index"":-1}","stage1_procedural_generation | {""entity_mapping"": {""Interval 0"": ""Opening Keynote"", ""Interval 1"": ""Panel Discussion"", ""Interval 2"": ""Tech Workshop"", ""Interval 3"": ""Closing Remarks"", ""Interval 4"": ""Networking Lunch"", ""Interval 5"": ""Coffee Break"", ""Interval 6"": ""Awards Ceremony""}, ""context"": ""Scheduling conference talks and events to maximize attendee value.""}"
WIS_006,W4,"J = {(sⱼ, fⱼ, wⱼ)} where:
  (s=0, f=2, w=5)
  (s=4, f=7, w=5)
  (s=5, f=8, w=9)
  (s=7, f=8, w=11)
  (s=9, f=12, w=5)
  (s=12, f=13, w=3)
  (s=13, f=15, w=11)
Non-overlap constraint: ∀i,j ∈ S: [sᵢ,fᵢ] ∩ [sⱼ,fⱼ] = ∅
Find: S ⊆ J maximizing Σⱼ∈S wⱼ
OUTPUT FORMAT:
Selected: {X, X, X, ...}, Total: X","Selected: {0, 1, 3, 4, 5, 6}, Total: 40",algorithmic,wis,adversarial,hard,high,procedural_seed_8354403257838524191,verify_wis,"{""subtype"":""WIS"",""intervals"":[{""id"":0,""start"":0,""end"":2,""weight"":5},{""id"":1,""start"":4,""end"":7,""weight"":5},{""id"":2,""start"":5,""end"":8,""weight"":9},{""id"":3,""start"":7,""end"":8,""weight"":11},{""id"":4,""start"":9,""end"":12,""weight"":5},{""id"":5,""start"":12,""end"":13,""weight"":3},{""id"":6,""start"":13,""end"":15,""weight"":11}],""greedy_succeeds"":true,""instance_type"":""standard"",""greedy_answer"":""Selected: {0, 1, 3, 4, 5, 6}, Total: 40"",""difficulty_numeric"":12,""critical_step_index"":-1}",stage1_procedural_generation
WIS_006,W6,"You are given weighted intervals on a timeline. Select a non-overlapping subset with maximum total weight.

Intervals:
Interval 0: start=0, end=2, weight=5
Interval 1: start=4, end=7, weight=5
Interval 2: start=5, end=8, weight=9
Interval 3: start=7, end=8, weight=11
Interval 4: start=9, end=12, weight=5
Interval 5: start=12, end=13, weight=3
Interval 6: start=13, end=15, weight=11

Two intervals conflict if their ranges overlap.
Reply with only the selected interval ids and the total weight.
Format: Selected: {X, X, X, ...}, Total: X","Selected: {0, 1, 2, 3, 4, 5, 6}, Total: 79",algorithmic,wis,adversarial,hard,high,procedural_seed_8354403257838524191,verify_wis,"{""subtype"": ""WIS"", ""intervals"": [{""id"": 0, ""start"": 0, ""end"": 1, ""weight"": 8}, {""id"": 1, ""start"": 2, ""end"": 3, ""weight"": 11}, {""id"": 2, ""start"": 4, ""end"": 5, ""weight"": 10}, {""id"": 3, ""start"": 6, ""end"": 7, ""weight"": 16}, {""id"": 4, ""start"": 8, ""end"": 9, ""weight"": 4}, {""id"": 5, ""start"": 10, ""end"": 11, ""weight"": 13}, {""id"": 6, ""start"": 12, ""end"": 13, ""weight"": 17}], ""greedy_succeeds"": true, ""instance_type"": ""standard"", ""greedy_answer"": ""Selected: {0, 1, 3, 4, 5, 6}, Total: 40"", ""difficulty_numeric"": 12, ""critical_step_index"": -1, ""weights"": {""0"": 8, ""1"": 11, ""2"": 10, ""3"": 16, ""4"": 4, ""5"": 13, ""6"": 17}}",stage1_procedural_generation | w6_seed=326048778
WIS_007,W1,"You have weighted intervals along a timeline. Choose a subset where no intervals overlap, maximizing the sum of weights.

Intervals:
Interval 0: start=0, end=3, weight=13
Interval 1: start=1, end=3, weight=10
Interval 2: start=5, end=7, weight=14
Interval 3: start=7, end=10, weight=13
Interval 4: start=10, end=11, weight=7
Interval 5: start=12, end=13, weight=13

Intervals conflict when their ranges share any time points.
Respond with just the chosen interval ids and their combined weight.
Format: Selected: {X, X, X, ...}, Total: X","Selected: {0, 2, 3, 4, 5}, Total: 60",algorithmic,wis,adversarial,hard,high,procedural_seed_17872145062800134000,verify_wis,"{""subtype"":""WIS"",""intervals"":[{""id"":0,""start"":0,""end"":3,""weight"":13},{""id"":1,""start"":1,""end"":3,""weight"":10},{""id"":2,""start"":5,""end"":7,""weight"":14},{""id"":3,""start"":7,""end"":10,""weight"":13},{""id"":4,""start"":10,""end"":11,""weight"":7},{""id"":5,""start"":12,""end"":13,""weight"":13}],""greedy_succeeds"":true,""instance_type"":""standard"",""greedy_answer"":""Selected: {0, 2, 3, 4, 5}, Total: 60"",""difficulty_numeric"":12,""critical_step_index"":-1}",stage1_procedural_generation
WIS_007,W2,"Intervals:
(0, start=0, end=3, weight=13)
(1, start=1, end=3, weight=10)
(2, start=5, end=7, weight=14)
(3, start=7, end=10, weight=13)
(4, start=10, end=11, weight=7)
(5, start=12, end=13, weight=13)
Objective: maximize total weight of non-overlapping intervals.","Selected: {0, 2, 3, 4, 5}, Total: 60",algorithmic,wis,adversarial,hard,high,procedural_seed_17872145062800134000,verify_wis,"{""subtype"":""WIS"",""intervals"":[{""id"":0,""start"":0,""end"":3,""weight"":13},{""id"":1,""start"":1,""end"":3,""weight"":10},{""id"":2,""start"":5,""end"":7,""weight"":14},{""id"":3,""start"":7,""end"":10,""weight"":13},{""id"":4,""start"":10,""end"":11,""weight"":7},{""id"":5,""start"":12,""end"":13,""weight"":13}],""greedy_succeeds"":true,""instance_type"":""standard"",""greedy_answer"":""Selected: {0, 2, 3, 4, 5}, Total: 60"",""difficulty_numeric"":12,""critical_step_index"":-1}",stage1_procedural_generation
WIS_007,W3,"You are given weighted intervals on a timeline. Select a non-overlapping subset with maximum total weight.

Intervals:
Opening Keynote: start=0, end=3, weight=13
Tech Demo: start=1, end=3, weight=10
Panel Discussion: start=5, end=7, weight=14
Workshop Session: start=7, end=10, weight=13
Coffee Break: start=10, end=11, weight=7
Closing Remarks: start=12, end=13, weight=13

Two intervals conflict if their ranges overlap.
Reply with only the selected interval ids and the total weight.
Format: Selected: {X, X, X, ...}, Total: X","Selected: {0, 2, 3, 4, 5}, Total: 60",algorithmic,wis,adversarial,hard,high,procedural_seed_17872145062800134000,verify_wis,"{""subtype"":""WIS"",""intervals"":[{""id"":0,""start"":0,""end"":3,""weight"":13},{""id"":1,""start"":1,""end"":3,""weight"":10},{""id"":2,""start"":5,""end"":7,""weight"":14},{""id"":3,""start"":7,""end"":10,""weight"":13},{""id"":4,""start"":10,""end"":11,""weight"":7},{""id"":5,""start"":12,""end"":13,""weight"":13}],""greedy_succeeds"":true,""instance_type"":""standard"",""greedy_answer"":""Selected: {0, 2, 3, 4, 5}, Total: 60"",""difficulty_numeric"":12,""critical_step_index"":-1}","stage1_procedural_generation | {""entity_mapping"": {""Interval 0"": ""Opening Keynote"", ""Interval 1"": ""Tech Demo"", ""Interval 2"": ""Panel Discussion"", ""Interval 3"": ""Workshop Session"", ""Interval 4"": ""Coffee Break"", ""Interval 5"": ""Closing Remarks""}, ""context"": ""Conference organizers must select non-overlapping events to maximize attendee value.""}"
WIS_007,W4,"J = {(sⱼ, fⱼ, wⱼ)} where:
  (s=0, f=3, w=13)
  (s=1, f=3, w=10)
  (s=5, f=7, w=14)
  (s=7, f=10, w=13)
  (s=10, f=11, w=7)
  (s=12, f=13, w=13)
Non-overlap constraint: ∀i,j ∈ S: [sᵢ,fᵢ] ∩ [sⱼ,fⱼ] = ∅
Find: S ⊆ J maximizing Σⱼ∈S wⱼ
OUTPUT FORMAT:
Selected: {X, X, X, ...}, Total: X","Selected: {0, 2, 3, 4, 5}, Total: 60",algorithmic,wis,adversarial,hard,high,procedural_seed_17872145062800134000,verify_wis,"{""subtype"":""WIS"",""intervals"":[{""id"":0,""start"":0,""end"":3,""weight"":13},{""id"":1,""start"":1,""end"":3,""weight"":10},{""id"":2,""start"":5,""end"":7,""weight"":14},{""id"":3,""start"":7,""end"":10,""weight"":13},{""id"":4,""start"":10,""end"":11,""weight"":7},{""id"":5,""start"":12,""end"":13,""weight"":13}],""greedy_succeeds"":true,""instance_type"":""standard"",""greedy_answer"":""Selected: {0, 2, 3, 4, 5}, Total: 60"",""difficulty_numeric"":12,""critical_step_index"":-1}",stage1_procedural_generation
WIS_007,W6,"You are given weighted intervals on a timeline. Select a non-overlapping subset with maximum total weight.

Intervals:
Interval 0: start=0, end=3, weight=13
Interval 1: start=1, end=3, weight=10
Interval 2: start=5, end=7, weight=14
Interval 3: start=7, end=10, weight=13
Interval 4: start=10, end=11, weight=7
Interval 5: start=12, end=13, weight=13

Two intervals conflict if their ranges overlap.
Reply with only the selected interval ids and the total weight.
Format: Selected: {X, X, X, ...}, Total: X","Selected: {0, 1, 2, 3, 4, 5}, Total: 68",algorithmic,wis,adversarial,hard,high,procedural_seed_17872145062800134000,verify_wis,"{""subtype"": ""WIS"", ""intervals"": [{""id"": 0, ""start"": 0, ""end"": 1, ""weight"": 12}, {""id"": 1, ""start"": 2, ""end"": 3, ""weight"": 5}, {""id"": 2, ""start"": 4, ""end"": 5, ""weight"": 14}, {""id"": 3, ""start"": 6, ""end"": 7, ""weight"": 16}, {""id"": 4, ""start"": 8, ""end"": 9, ""weight"": 17}, {""id"": 5, ""start"": 10, ""end"": 11, ""weight"": 4}], ""greedy_succeeds"": true, ""instance_type"": ""standard"", ""greedy_answer"": ""Selected: {0, 2, 3, 4, 5}, Total: 60"", ""difficulty_numeric"": 12, ""critical_step_index"": -1, ""weights"": {""0"": 12, ""1"": 5, ""2"": 14, ""3"": 16, ""4"": 17, ""5"": 4}}",stage1_procedural_generation | w6_seed=1809051827
WIS_009,W1,"You have weighted intervals positioned on a timeline. Choose a subset where no intervals overlap, maximizing the combined weight.

Intervals:
Interval 0: start=0, end=3, weight=9
Interval 1: start=3, end=4, weight=3
Interval 2: start=6, end=9, weight=4
Interval 3: start=9, end=12, weight=7
Interval 4: start=12, end=14, weight=15
Interval 5: start=16, end=19, weight=7
Interval 6: start=19, end=22, weight=12
Interval 7: start=21, end=23, weight=5
Interval 8: start=25, end=28, weight=15

Intervals are in conflict when their ranges have any overlap.
Respond with just the chosen interval ids and their sum of weights.
Format: Selected: {X, X, X, ...}, Total: X","Selected: {0, 1, 2, 3, 4, 5, 6, 8}, Total: 72",algorithmic,wis,adversarial,hard,high,procedural_seed_4421882215693243736,verify_wis,"{""subtype"":""WIS"",""intervals"":[{""id"":0,""start"":0,""end"":3,""weight"":9},{""id"":1,""start"":3,""end"":4,""weight"":3},{""id"":2,""start"":6,""end"":9,""weight"":4},{""id"":3,""start"":9,""end"":12,""weight"":7},{""id"":4,""start"":12,""end"":14,""weight"":15},{""id"":5,""start"":16,""end"":19,""weight"":7},{""id"":6,""start"":19,""end"":22,""weight"":12},{""id"":7,""start"":21,""end"":23,""weight"":5},{""id"":8,""start"":25,""end"":28,""weight"":15}],""greedy_succeeds"":true,""instance_type"":""standard"",""greedy_answer"":""Selected: {0, 1, 2, 3, 4, 5, 6, 8}, Total: 72"",""difficulty_numeric"":15,""critical_step_index"":-1}",stage1_procedural_generation
WIS_009,W2,"Intervals:
(0, start=0, end=3, weight=9)
(1, start=3, end=4, weight=3)
(2, start=6, end=9, weight=4)
(3, start=9, end=12, weight=7)
(4, start=12, end=14, weight=15)
(5, start=16, end=19, weight=7)
(6, start=19, end=22, weight=12)
(7, start=21, end=23, weight=5)
(8, start=25, end=28, weight=15)
Objective: maximize total weight of non-overlapping intervals.","Selected: {0, 1, 2, 3, 4, 5, 6, 8}, Total: 72",algorithmic,wis,adversarial,hard,high,procedural_seed_4421882215693243736,verify_wis,"{""subtype"":""WIS"",""intervals"":[{""id"":0,""start"":0,""end"":3,""weight"":9},{""id"":1,""start"":3,""end"":4,""weight"":3},{""id"":2,""start"":6,""end"":9,""weight"":4},{""id"":3,""start"":9,""end"":12,""weight"":7},{""id"":4,""start"":12,""end"":14,""weight"":15},{""id"":5,""start"":16,""end"":19,""weight"":7},{""id"":6,""start"":19,""end"":22,""weight"":12},{""id"":7,""start"":21,""end"":23,""weight"":5},{""id"":8,""start"":25,""end"":28,""weight"":15}],""greedy_succeeds"":true,""instance_type"":""standard"",""greedy_answer"":""Selected: {0, 1, 2, 3, 4, 5, 6, 8}, Total: 72"",""difficulty_numeric"":15,""critical_step_index"":-1}",stage1_procedural_generation
WIS_009,W3,"You are given weighted intervals on a timeline. Select a non-overlapping subset with maximum total weight.

Intervals:
Opening Keynote: start=0, end=3, weight=9
Coffee Break: start=3, end=4, weight=3
Panel Discussion: start=6, end=9, weight=4
Workshop Session: start=9, end=12, weight=7
Lunch Networking: start=12, end=14, weight=15
Tech Demo: start=16, end=19, weight=7
Closing Remarks: start=19, end=22, weight=12
Awards Ceremony: start=21, end=23, weight=5
Evening Reception: start=25, end=28, weight=15

Two intervals conflict if their ranges overlap.
Reply with only the selected interval ids and the total weight.
Format: Selected: {X, X, X, ...}, Total: X","Selected: {0, 1, 2, 3, 4, 5, 6, 8}, Total: 72",algorithmic,wis,adversarial,hard,high,procedural_seed_4421882215693243736,verify_wis,"{""subtype"":""WIS"",""intervals"":[{""id"":0,""start"":0,""end"":3,""weight"":9},{""id"":1,""start"":3,""end"":4,""weight"":3},{""id"":2,""start"":6,""end"":9,""weight"":4},{""id"":3,""start"":9,""end"":12,""weight"":7},{""id"":4,""start"":12,""end"":14,""weight"":15},{""id"":5,""start"":16,""end"":19,""weight"":7},{""id"":6,""start"":19,""end"":22,""weight"":12},{""id"":7,""start"":21,""end"":23,""weight"":5},{""id"":8,""start"":25,""end"":28,""weight"":15}],""greedy_succeeds"":true,""instance_type"":""standard"",""greedy_answer"":""Selected: {0, 1, 2, 3, 4, 5, 6, 8}, Total: 72"",""difficulty_numeric"":15,""critical_step_index"":-1}","stage1_procedural_generation | {""entity_mapping"": {""Interval 0"": ""Opening Keynote"", ""Interval 1"": ""Coffee Break"", ""Interval 2"": ""Panel Discussion"", ""Interval 3"": ""Workshop Session"", ""Interval 4"": ""Lunch Networking"", ""Interval 5"": ""Tech Demo"", ""Interval 6"": ""Closing Remarks"", ""Interval 7"": ""Awards Ceremony"", ""Interval 8"": ""Evening Reception""}, ""context"": ""Scheduling talks and events for a one-day technology conference to maximize attendee value.""}"
WIS_009,W4,"J = {(sⱼ, fⱼ, wⱼ)} where:
  (s=0, f=3, w=9)
  (s=3, f=4, w=3)
  (s=6, f=9, w=4)
  (s=9, f=12, w=7)
  (s=12, f=14, w=15)
  (s=16, f=19, w=7)
  (s=19, f=22, w=12)
  (s=21, f=23, w=5)
  (s=25, f=28, w=15)
Non-overlap constraint: ∀i,j ∈ S: [sᵢ,fᵢ] ∩ [sⱼ,fⱼ] = ∅
Find: S ⊆ J maximizing Σⱼ∈S wⱼ
OUTPUT FORMAT:
Selected: {X, X, X, ...}, Total: X","Selected: {0, 1, 2, 3, 4, 5, 6, 8}, Total: 72",algorithmic,wis,adversarial,hard,high,procedural_seed_4421882215693243736,verify_wis,"{""subtype"":""WIS"",""intervals"":[{""id"":0,""start"":0,""end"":3,""weight"":9},{""id"":1,""start"":3,""end"":4,""weight"":3},{""id"":2,""start"":6,""end"":9,""weight"":4},{""id"":3,""start"":9,""end"":12,""weight"":7},{""id"":4,""start"":12,""end"":14,""weight"":15},{""id"":5,""start"":16,""end"":19,""weight"":7},{""id"":6,""start"":19,""end"":22,""weight"":12},{""id"":7,""start"":21,""end"":23,""weight"":5},{""id"":8,""start"":25,""end"":28,""weight"":15}],""greedy_succeeds"":true,""instance_type"":""standard"",""greedy_answer"":""Selected: {0, 1, 2, 3, 4, 5, 6, 8}, Total: 72"",""difficulty_numeric"":15,""critical_step_index"":-1}",stage1_procedural_generation
WIS_009,W6,"You are given weighted intervals on a timeline. Select a non-overlapping subset with maximum total weight.

Intervals:
Interval 0: start=0, end=3, weight=9
Interval 1: start=3, end=4, weight=3
Interval 2: start=6, end=9, weight=4
Interval 3: start=9, end=12, weight=7
Interval 4: start=12, end=14, weight=15
Interval 5: start=16, end=19, weight=7
Interval 6: start=19, end=22, weight=12
Interval 7: start=21, end=23, weight=5
Interval 8: start=25, end=28, weight=15

Two intervals conflict if their ranges overlap.
Reply with only the selected interval ids and the total weight.
Format: Selected: {X, X, X, ...}, Total: X","Selected: {0, 1, 2, 3, 4, 5, 6, 7, 8}, Total: 81",algorithmic,wis,adversarial,hard,high,procedural_seed_4421882215693243736,verify_wis,"{""subtype"": ""WIS"", ""intervals"": [{""id"": 0, ""start"": 0, ""end"": 1, ""weight"": 17}, {""id"": 1, ""start"": 2, ""end"": 3, ""weight"": 13}, {""id"": 2, ""start"": 4, ""end"": 5, ""weight"": 5}, {""id"": 3, ""start"": 6, ""end"": 7, ""weight"": 7}, {""id"": 4, ""start"": 8, ""end"": 9, ""weight"": 11}, {""id"": 5, ""start"": 10, ""end"": 11, ""weight"": 12}, {""id"": 6, ""start"": 12, ""end"": 13, ""weight"": 4}, {""id"": 7, ""start"": 14, ""end"": 15, ""weight"": 8}, {""id"": 8, ""start"": 16, ""end"": 17, ""weight"": 4}], ""greedy_succeeds"": true, ""instance_type"": ""standard"", ""greedy_answer"": ""Selected: {0, 1, 2, 3, 4, 5, 6, 8}, Total: 72"", ""difficulty_numeric"": 15, ""critical_step_index"": -1, ""weights"": {""0"": 17, ""1"": 13, ""2"": 5, ""3"": 7, ""4"": 11, ""5"": 12, ""6"": 4, ""7"": 8, ""8"": 4}}",stage1_procedural_generation | w6_seed=2923877135
WIS_010,W1,"Given a timeline with weighted intervals, find a subset of non-overlapping intervals that maximizes the sum of weights.

Intervals:
Interval 0: start=1, end=3, weight=11
Interval 1: start=2, end=4, weight=8
Interval 2: start=3, end=6, weight=14
Interval 3: start=5, end=6, weight=7
Interval 4: start=8, end=11, weight=6
Interval 5: start=11, end=13, weight=9
Interval 6: start=13, end=16, weight=15
Interval 7: start=17, end=19, weight=7

Intervals are considered conflicting when their ranges have any overlap.
Provide only the chosen interval ids and their combined weight.
Format: Selected: {X, X, X, ...}, Total: X","Selected: {0, 2, 4, 5, 6, 7}, Total: 62",algorithmic,wis,adversarial,hard,high,procedural_seed_11263982552794173809,verify_wis,"{""subtype"":""WIS"",""intervals"":[{""id"":0,""start"":1,""end"":3,""weight"":11},{""id"":1,""start"":2,""end"":4,""weight"":8},{""id"":2,""start"":3,""end"":6,""weight"":14},{""id"":3,""start"":5,""end"":6,""weight"":7},{""id"":4,""start"":8,""end"":11,""weight"":6},{""id"":5,""start"":11,""end"":13,""weight"":9},{""id"":6,""start"":13,""end"":16,""weight"":15},{""id"":7,""start"":17,""end"":19,""weight"":7}],""greedy_succeeds"":true,""instance_type"":""standard"",""greedy_answer"":""Selected: {0, 2, 4, 5, 6, 7}, Total: 62"",""difficulty_numeric"":14,""critical_step_index"":-1}",stage1_procedural_generation
WIS_010,W2,"Intervals:
(0, start=1, end=3, weight=11)
(1, start=2, end=4, weight=8)
(2, start=3, end=6, weight=14)
(3, start=5, end=6, weight=7)
(4, start=8, end=11, weight=6)
(5, start=11, end=13, weight=9)
(6, start=13, end=16, weight=15)
(7, start=17, end=19, weight=7)
Objective: maximize total weight of non-overlapping intervals.","Selected: {0, 2, 4, 5, 6, 7}, Total: 62",algorithmic,wis,adversarial,hard,high,procedural_seed_11263982552794173809,verify_wis,"{""subtype"":""WIS"",""intervals"":[{""id"":0,""start"":1,""end"":3,""weight"":11},{""id"":1,""start"":2,""end"":4,""weight"":8},{""id"":2,""start"":3,""end"":6,""weight"":14},{""id"":3,""start"":5,""end"":6,""weight"":7},{""id"":4,""start"":8,""end"":11,""weight"":6},{""id"":5,""start"":11,""end"":13,""weight"":9},{""id"":6,""start"":13,""end"":16,""weight"":15},{""id"":7,""start"":17,""end"":19,""weight"":7}],""greedy_succeeds"":true,""instance_type"":""standard"",""greedy_answer"":""Selected: {0, 2, 4, 5, 6, 7}, Total: 62"",""difficulty_numeric"":14,""critical_step_index"":-1}",stage1_procedural_generation
WIS_010,W3,"You are given weighted intervals on a timeline. Select a non-overlapping subset with maximum total weight.

Intervals:
Morning Keynote: start=1, end=3, weight=11
Tech Panel: start=2, end=4, weight=8
Product Launch: start=3, end=6, weight=14
Coffee Break: start=5, end=6, weight=7
Workshop Session: start=8, end=11, weight=6
Networking Lunch: start=11, end=13, weight=9
Industry Awards: start=13, end=16, weight=15
Closing Remarks: start=17, end=19, weight=7

Two intervals conflict if their ranges overlap.
Reply with only the selected interval ids and the total weight.
Format: Selected: {X, X, X, ...}, Total: X","Selected: {0, 2, 4, 5, 6, 7}, Total: 62",algorithmic,wis,adversarial,hard,high,procedural_seed_11263982552794173809,verify_wis,"{""subtype"":""WIS"",""intervals"":[{""id"":0,""start"":1,""end"":3,""weight"":11},{""id"":1,""start"":2,""end"":4,""weight"":8},{""id"":2,""start"":3,""end"":6,""weight"":14},{""id"":3,""start"":5,""end"":6,""weight"":7},{""id"":4,""start"":8,""end"":11,""weight"":6},{""id"":5,""start"":11,""end"":13,""weight"":9},{""id"":6,""start"":13,""end"":16,""weight"":15},{""id"":7,""start"":17,""end"":19,""weight"":7}],""greedy_succeeds"":true,""instance_type"":""standard"",""greedy_answer"":""Selected: {0, 2, 4, 5, 6, 7}, Total: 62"",""difficulty_numeric"":14,""critical_step_index"":-1}","stage1_procedural_generation | {""entity_mapping"": {""Interval 0"": ""Morning Keynote"", ""Interval 1"": ""Tech Panel"", ""Interval 2"": ""Product Launch"", ""Interval 3"": ""Coffee Break"", ""Interval 4"": ""Workshop Session"", ""Interval 5"": ""Networking Lunch"", ""Interval 6"": ""Industry Awards"", ""Interval 7"": ""Closing Remarks""}, ""context"": ""Scheduling events for a one-day technology conference to maximize attendee value.""}"
WIS_010,W4,"J = {(sⱼ, fⱼ, wⱼ)} where:
  (s=1, f=3, w=11)
  (s=2, f=4, w=8)
  (s=3, f=6, w=14)
  (s=5, f=6, w=7)
  (s=8, f=11, w=6)
  (s=11, f=13, w=9)
  (s=13, f=16, w=15)
  (s=17, f=19, w=7)
Non-overlap constraint: ∀i,j ∈ S: [sᵢ,fᵢ] ∩ [sⱼ,fⱼ] = ∅
Find: S ⊆ J maximizing Σⱼ∈S wⱼ
OUTPUT FORMAT:
Selected: {X, X, X, ...}, Total: X","Selected: {0, 2, 4, 5, 6, 7}, Total: 62",algorithmic,wis,adversarial,hard,high,procedural_seed_11263982552794173809,verify_wis,"{""subtype"":""WIS"",""intervals"":[{""id"":0,""start"":1,""end"":3,""weight"":11},{""id"":1,""start"":2,""end"":4,""weight"":8},{""id"":2,""start"":3,""end"":6,""weight"":14},{""id"":3,""start"":5,""end"":6,""weight"":7},{""id"":4,""start"":8,""end"":11,""weight"":6},{""id"":5,""start"":11,""end"":13,""weight"":9},{""id"":6,""start"":13,""end"":16,""weight"":15},{""id"":7,""start"":17,""end"":19,""weight"":7}],""greedy_succeeds"":true,""instance_type"":""standard"",""greedy_answer"":""Selected: {0, 2, 4, 5, 6, 7}, Total: 62"",""difficulty_numeric"":14,""critical_step_index"":-1}",stage1_procedural_generation
WIS_010,W6,"You are given weighted intervals on a timeline. Select a non-overlapping subset with maximum total weight.

Intervals:
Interval 0: start=1, end=3, weight=11
Interval 1: start=2, end=4, weight=8
Interval 2: start=3, end=6, weight=14
Interval 3: start=5, end=6, weight=7
Interval 4: start=8, end=11, weight=6
Interval 5: start=11, end=13, weight=9
Interval 6: start=13, end=16, weight=15
Interval 7: start=17, end=19, weight=7

Two intervals conflict if their ranges overlap.
Reply with only the selected interval ids and the total weight.
Format: Selected: {X, X, X, ...}, Total: X","Selected: {0, 1, 2, 3, 4, 5, 6, 7}, Total: 95",algorithmic,wis,adversarial,hard,high,procedural_seed_11263982552794173809,verify_wis,"{""subtype"": ""WIS"", ""intervals"": [{""id"": 0, ""start"": 0, ""end"": 1, ""weight"": 13}, {""id"": 1, ""start"": 2, ""end"": 3, ""weight"": 17}, {""id"": 2, ""start"": 4, ""end"": 5, ""weight"": 12}, {""id"": 3, ""start"": 6, ""end"": 7, ""weight"": 15}, {""id"": 4, ""start"": 8, ""end"": 9, ""weight"": 6}, {""id"": 5, ""start"": 10, ""end"": 11, ""weight"": 14}, {""id"": 6, ""start"": 12, ""end"": 13, ""weight"": 8}, {""id"": 7, ""start"": 14, ""end"": 15, ""weight"": 10}], ""greedy_succeeds"": true, ""instance_type"": ""standard"", ""greedy_answer"": ""Selected: {0, 2, 4, 5, 6, 7}, Total: 62"", ""difficulty_numeric"": 14, ""critical_step_index"": -1, ""weights"": {""0"": 13, ""1"": 17, ""2"": 12, ""3"": 15, ""4"": 6, ""5"": 14, ""6"": 8, ""7"": 10}}",stage1_procedural_generation | w6_seed=151446511
WIS_012,W1,"On a timeline, you have weighted intervals. Pick a subset where no intervals overlap, maximizing the sum of weights.

Intervals:
Interval 0: start=1, end=4, weight=11
Interval 1: start=3, end=6, weight=10
Interval 2: start=7, end=10, weight=5
Interval 3: start=10, end=12, weight=13
Interval 4: start=13, end=15, weight=12
Interval 5: start=15, end=16, weight=14
Interval 6: start=17, end=18, weight=7
Interval 7: start=21, end=23, weight=12
Interval 8: start=24, end=26, weight=9

Intervals conflict when their ranges have any overlap.
Respond with just the chosen interval ids and sum of weights.
Format: Selected: {X, X, X, ...}, Total: X","Selected: {0, 2, 3, 4, 5, 6, 7, 8}, Total: 83",algorithmic,wis,adversarial,hard,high,procedural_seed_16846115827646459088,verify_wis,"{""subtype"":""WIS"",""intervals"":[{""id"":0,""start"":1,""end"":4,""weight"":11},{""id"":1,""start"":3,""end"":6,""weight"":10},{""id"":2,""start"":7,""end"":10,""weight"":5},{""id"":3,""start"":10,""end"":12,""weight"":13},{""id"":4,""start"":13,""end"":15,""weight"":12},{""id"":5,""start"":15,""end"":16,""weight"":14},{""id"":6,""start"":17,""end"":18,""weight"":7},{""id"":7,""start"":21,""end"":23,""weight"":12},{""id"":8,""start"":24,""end"":26,""weight"":9}],""greedy_succeeds"":true,""instance_type"":""standard"",""greedy_answer"":""Selected: {0, 2, 3, 4, 5, 6, 7, 8}, Total: 83"",""difficulty_numeric"":15,""critical_step_index"":-1}",stage1_procedural_generation
WIS_012,W2,"Intervals:
(0, start=1, end=4, weight=11)
(1, start=3, end=6, weight=10)
(2, start=7, end=10, weight=5)
(3, start=10, end=12, weight=13)
(4, start=13, end=15, weight=12)
(5, start=15, end=16, weight=14)
(6, start=17, end=18, weight=7)
(7, start=21, end=23, weight=12)
(8, start=24, end=26, weight=9)
Objective: maximize total weight of non-overlapping intervals.","Selected: {0, 2, 3, 4, 5, 6, 7, 8}, Total: 83",algorithmic,wis,adversarial,hard,high,procedural_seed_16846115827646459088,verify_wis,"{""subtype"":""WIS"",""intervals"":[{""id"":0,""start"":1,""end"":4,""weight"":11},{""id"":1,""start"":3,""end"":6,""weight"":10},{""id"":2,""start"":7,""end"":10,""weight"":5},{""id"":3,""start"":10,""end"":12,""weight"":13},{""id"":4,""start"":13,""end"":15,""weight"":12},{""id"":5,""start"":15,""end"":16,""weight"":14},{""id"":6,""start"":17,""end"":18,""weight"":7},{""id"":7,""start"":21,""end"":23,""weight"":12},{""id"":8,""start"":24,""end"":26,""weight"":9}],""greedy_succeeds"":true,""instance_type"":""standard"",""greedy_answer"":""Selected: {0, 2, 3, 4, 5, 6, 7, 8}, Total: 83"",""difficulty_numeric"":15,""critical_step_index"":-1}",stage1_procedural_generation
WIS_012,W3,"You are given weighted intervals on a timeline. Select a non-overlapping subset with maximum total weight.

Intervals:
Opening Keynote: start=1, end=4, weight=11
Panel Discussion: start=3, end=6, weight=10
Workshop Session: start=7, end=10, weight=5
Lunch Presentation: start=10, end=12, weight=13
Technical Demo: start=13, end=15, weight=12
Coffee Break Talk: start=15, end=16, weight=14
Lightning Talks: start=17, end=18, weight=7
Evening Keynote: start=21, end=23, weight=12
Closing Ceremony: start=24, end=26, weight=9

Two intervals conflict if their ranges overlap.
Reply with only the selected interval ids and the total weight.
Format: Selected: {X, X, X, ...}, Total: X","Selected: {0, 2, 3, 4, 5, 6, 7, 8}, Total: 83",algorithmic,wis,adversarial,hard,high,procedural_seed_16846115827646459088,verify_wis,"{""subtype"":""WIS"",""intervals"":[{""id"":0,""start"":1,""end"":4,""weight"":11},{""id"":1,""start"":3,""end"":6,""weight"":10},{""id"":2,""start"":7,""end"":10,""weight"":5},{""id"":3,""start"":10,""end"":12,""weight"":13},{""id"":4,""start"":13,""end"":15,""weight"":12},{""id"":5,""start"":15,""end"":16,""weight"":14},{""id"":6,""start"":17,""end"":18,""weight"":7},{""id"":7,""start"":21,""end"":23,""weight"":12},{""id"":8,""start"":24,""end"":26,""weight"":9}],""greedy_succeeds"":true,""instance_type"":""standard"",""greedy_answer"":""Selected: {0, 2, 3, 4, 5, 6, 7, 8}, Total: 83"",""difficulty_numeric"":15,""critical_step_index"":-1}","stage1_procedural_generation | {""entity_mapping"": {""Interval 0"": ""Opening Keynote"", ""Interval 1"": ""Panel Discussion"", ""Interval 2"": ""Workshop Session"", ""Interval 3"": ""Lunch Presentation"", ""Interval 4"": ""Technical Demo"", ""Interval 5"": ""Coffee Break Talk"", ""Interval 6"": ""Lightning Talks"", ""Interval 7"": ""Evening Keynote"", ""Interval 8"": ""Closing Ceremony""}, ""context"": ""A conference organizer must select non-overlapping talks to maximize total attendee interest scores.""}"
WIS_012,W4,"J = {(sⱼ, fⱼ, wⱼ)} where:
  (s=1, f=4, w=11)
  (s=3, f=6, w=10)
  (s=7, f=10, w=5)
  (s=10, f=12, w=13)
  (s=13, f=15, w=12)
  (s=15, f=16, w=14)
  (s=17, f=18, w=7)
  (s=21, f=23, w=12)
  (s=24, f=26, w=9)
Non-overlap constraint: ∀i,j ∈ S: [sᵢ,fᵢ] ∩ [sⱼ,fⱼ] = ∅
Find: S ⊆ J maximizing Σⱼ∈S wⱼ
OUTPUT FORMAT:
Selected: {X, X, X, ...}, Total: X","Selected: {0, 2, 3, 4, 5, 6, 7, 8}, Total: 83",algorithmic,wis,adversarial,hard,high,procedural_seed_16846115827646459088,verify_wis,"{""subtype"":""WIS"",""intervals"":[{""id"":0,""start"":1,""end"":4,""weight"":11},{""id"":1,""start"":3,""end"":6,""weight"":10},{""id"":2,""start"":7,""end"":10,""weight"":5},{""id"":3,""start"":10,""end"":12,""weight"":13},{""id"":4,""start"":13,""end"":15,""weight"":12},{""id"":5,""start"":15,""end"":16,""weight"":14},{""id"":6,""start"":17,""end"":18,""weight"":7},{""id"":7,""start"":21,""end"":23,""weight"":12},{""id"":8,""start"":24,""end"":26,""weight"":9}],""greedy_succeeds"":true,""instance_type"":""standard"",""greedy_answer"":""Selected: {0, 2, 3, 4, 5, 6, 7, 8}, Total: 83"",""difficulty_numeric"":15,""critical_step_index"":-1}",stage1_procedural_generation
WIS_012,W6,"You are given weighted intervals on a timeline. Select a non-overlapping subset with maximum total weight.

Intervals:
Interval 0: start=1, end=4, weight=11
Interval 1: start=3, end=6, weight=10
Interval 2: start=7, end=10, weight=5
Interval 3: start=10, end=12, weight=13
Interval 4: start=13, end=15, weight=12
Interval 5: start=15, end=16, weight=14
Interval 6: start=17, end=18, weight=7
Interval 7: start=21, end=23, weight=12
Interval 8: start=24, end=26, weight=9

Two intervals conflict if their ranges overlap.
Reply with only the selected interval ids and the total weight.
Format: Selected: {X, X, X, ...}, Total: X","Selected: {0, 1, 2, 3, 4, 5, 6, 7, 8}, Total: 70",algorithmic,wis,adversarial,hard,high,procedural_seed_16846115827646459088,verify_wis,"{""subtype"": ""WIS"", ""intervals"": [{""id"": 0, ""start"": 0, ""end"": 1, ""weight"": 4}, {""id"": 1, ""start"": 2, ""end"": 3, ""weight"": 5}, {""id"": 2, ""start"": 4, ""end"": 5, ""weight"": 9}, {""id"": 3, ""start"": 6, ""end"": 7, ""weight"": 5}, {""id"": 4, ""start"": 8, ""end"": 9, ""weight"": 11}, {""id"": 5, ""start"": 10, ""end"": 11, ""weight"": 7}, {""id"": 6, ""start"": 12, ""end"": 13, ""weight"": 17}, {""id"": 7, ""start"": 14, ""end"": 15, ""weight"": 6}, {""id"": 8, ""start"": 16, ""end"": 17, ""weight"": 6}], ""greedy_succeeds"": true, ""instance_type"": ""standard"", ""greedy_answer"": ""Selected: {0, 2, 3, 4, 5, 6, 7, 8}, Total: 83"", ""difficulty_numeric"": 15, ""critical_step_index"": -1, ""weights"": {""0"": 4, ""1"": 5, ""2"": 9, ""3"": 5, ""4"": 11, ""5"": 7, ""6"": 17, ""7"": 6, ""8"": 6}}",stage1_procedural_generation | w6_seed=559487834
WIS_013,W1,"Given a set of weighted intervals along a timeline, your task is to choose a subset where no intervals overlap, maximizing the sum of weights.

Intervals:
Interval 0: start=0, end=2, weight=8
Interval 1: start=2, end=4, weight=7
Interval 2: start=4, end=6, weight=9
Interval 3: start=6, end=8, weight=7
Interval 4: start=1, end=9, weight=43
Interval 5: start=9, end=11, weight=6

Intervals are considered conflicting when their ranges have any overlap.
Respond with just the chosen interval ids and their combined weight.
Format: Selected: {X, X, X, ...}, Total: X","Selected: {4, 5}, Total: 49",algorithmic,wis,adversarial,hard,high,procedural_seed_11925366546520152079,verify_wis,"{""subtype"":""WIS"",""intervals"":[{""id"":0,""start"":0,""end"":2,""weight"":8},{""id"":1,""start"":2,""end"":4,""weight"":7},{""id"":2,""start"":4,""end"":6,""weight"":9},{""id"":3,""start"":6,""end"":8,""weight"":7},{""id"":4,""start"":1,""end"":9,""weight"":43},{""id"":5,""start"":9,""end"":11,""weight"":6}],""greedy_succeeds"":false,""instance_type"":""adversarial"",""greedy_answer"":""Selected: {0, 1, 2, 3, 5}, Total: 37"",""adversarial_pattern"":""anchor_conflict"",""difficulty_numeric"":15,""critical_step_index"":0}",stage1_procedural_generation
WIS_013,W2,"Intervals:
(0, start=0, end=2, weight=8)
(1, start=2, end=4, weight=7)
(2, start=4, end=6, weight=9)
(3, start=6, end=8, weight=7)
(4, start=1, end=9, weight=43)
(5, start=9, end=11, weight=6)
Objective: maximize total weight of non-overlapping intervals.","Selected: {4, 5}, Total: 49",algorithmic,wis,adversarial,hard,high,procedural_seed_11925366546520152079,verify_wis,"{""subtype"":""WIS"",""intervals"":[{""id"":0,""start"":0,""end"":2,""weight"":8},{""id"":1,""start"":2,""end"":4,""weight"":7},{""id"":2,""start"":4,""end"":6,""weight"":9},{""id"":3,""start"":6,""end"":8,""weight"":7},{""id"":4,""start"":1,""end"":9,""weight"":43},{""id"":5,""start"":9,""end"":11,""weight"":6}],""greedy_succeeds"":false,""instance_type"":""adversarial"",""greedy_answer"":""Selected: {0, 1, 2, 3, 5}, Total: 37"",""adversarial_pattern"":""anchor_conflict"",""difficulty_numeric"":15,""critical_step_index"":0}",stage1_procedural_generation
WIS_013,W3,"You are given weighted intervals on a timeline. Select a non-overlapping subset with maximum total weight.

Intervals:
Opening Keynote: start=0, end=2, weight=8
Panel Discussion: start=2, end=4, weight=7
Tech Workshop: start=4, end=6, weight=9
Networking Break: start=6, end=8, weight=7
Full Day Summit: start=1, end=9, weight=43
Closing Remarks: start=9, end=11, weight=6

Two intervals conflict if their ranges overlap.
Reply with only the selected interval ids and the total weight.
Format: Selected: {X, X, X, ...}, Total: X","Selected: {4, 5}, Total: 49",algorithmic,wis,adversarial,hard,high,procedural_seed_11925366546520152079,verify_wis,"{""subtype"":""WIS"",""intervals"":[{""id"":0,""start"":0,""end"":2,""weight"":8},{""id"":1,""start"":2,""end"":4,""weight"":7},{""id"":2,""start"":4,""end"":6,""weight"":9},{""id"":3,""start"":6,""end"":8,""weight"":7},{""id"":4,""start"":1,""end"":9,""weight"":43},{""id"":5,""start"":9,""end"":11,""weight"":6}],""greedy_succeeds"":false,""instance_type"":""adversarial"",""greedy_answer"":""Selected: {0, 1, 2, 3, 5}, Total: 37"",""adversarial_pattern"":""anchor_conflict"",""difficulty_numeric"":15,""critical_step_index"":0}","stage1_procedural_generation | {""entity_mapping"": {""Interval 0"": ""Opening Keynote"", ""Interval 1"": ""Panel Discussion"", ""Interval 2"": ""Tech Workshop"", ""Interval 3"": ""Networking Break"", ""Interval 4"": ""Full Day Summit"", ""Interval 5"": ""Closing Remarks""}, ""context"": ""Schedule non-overlapping conference events to maximize attendee value.""}"
WIS_013,W4,"J = {(sⱼ, fⱼ, wⱼ)} where:
  (s=0, f=2, w=8)
  (s=2, f=4, w=7)
  (s=4, f=6, w=9)
  (s=6, f=8, w=7)
  (s=1, f=9, w=43)
  (s=9, f=11, w=6)
Non-overlap constraint: ∀i,j ∈ S: [sᵢ,fᵢ] ∩ [sⱼ,fⱼ] = ∅
Find: S ⊆ J maximizing Σⱼ∈S wⱼ
OUTPUT FORMAT:
Selected: {X, X, X, ...}, Total: X","Selected: {4, 5}, Total: 49",algorithmic,wis,adversarial,hard,high,procedural_seed_11925366546520152079,verify_wis,"{""subtype"":""WIS"",""intervals"":[{""id"":0,""start"":0,""end"":2,""weight"":8},{""id"":1,""start"":2,""end"":4,""weight"":7},{""id"":2,""start"":4,""end"":6,""weight"":9},{""id"":3,""start"":6,""end"":8,""weight"":7},{""id"":4,""start"":1,""end"":9,""weight"":43},{""id"":5,""start"":9,""end"":11,""weight"":6}],""greedy_succeeds"":false,""instance_type"":""adversarial"",""greedy_answer"":""Selected: {0, 1, 2, 3, 5}, Total: 37"",""adversarial_pattern"":""anchor_conflict"",""difficulty_numeric"":15,""critical_step_index"":0}",stage1_procedural_generation
WIS_013,W6,"You are given weighted intervals on a timeline. Select a non-overlapping subset with maximum total weight.

Intervals:
Interval 0: start=0, end=2, weight=8
Interval 1: start=2, end=4, weight=7
Interval 2: start=4, end=6, weight=9
Interval 3: start=6, end=8, weight=7
Interval 4: start=1, end=9, weight=43
Interval 5: start=9, end=11, weight=6

Two intervals conflict if their ranges overlap.
Reply with only the selected interval ids and the total weight.
Format: Selected: {X, X, X, ...}, Total: X","Selected: {0, 1, 2, 3, 4, 5}, Total: 74",algorithmic,wis,adversarial,hard,high,procedural_seed_11925366546520152079,verify_wis,"{""subtype"": ""WIS"", ""intervals"": [{""id"": 0, ""start"": 0, ""end"": 1, ""weight"": 8}, {""id"": 1, ""start"": 2, ""end"": 3, ""weight"": 17}, {""id"": 2, ""start"": 4, ""end"": 5, ""weight"": 7}, {""id"": 3, ""start"": 6, ""end"": 7, ""weight"": 9}, {""id"": 4, ""start"": 8, ""end"": 9, ""weight"": 17}, {""id"": 5, ""start"": 10, ""end"": 11, ""weight"": 16}], ""greedy_succeeds"": false, ""instance_type"": ""adversarial"", ""greedy_answer"": ""Selected: {0, 1, 2, 3, 5}, Total: 37"", ""adversarial_pattern"": ""anchor_conflict"", ""difficulty_numeric"": 15, ""critical_step_index"": 0, ""weights"": {""0"": 8, ""1"": 17, ""2"": 7, ""3"": 9, ""4"": 17, ""5"": 16}}",stage1_procedural_generation | w6_seed=2998389770
WIS_014,W1,"Given a timeline with weighted intervals, find a subset of non-overlapping intervals that maximizes the total weight.

Intervals:
Interval 0: start=0, end=2, weight=8
Interval 1: start=2, end=4, weight=7
Interval 2: start=4, end=6, weight=7
Interval 3: start=6, end=8, weight=9
Interval 4: start=1, end=9, weight=45
Interval 5: start=9, end=11, weight=8

Intervals are considered conflicting when their ranges have any overlap.
Provide only the chosen interval ids and their combined weight.
Format: Selected: {X, X, X, ...}, Total: X","Selected: {4, 5}, Total: 53",algorithmic,wis,adversarial,hard,high,procedural_seed_6535211614736917145,verify_wis,"{""subtype"":""WIS"",""intervals"":[{""id"":0,""start"":0,""end"":2,""weight"":8},{""id"":1,""start"":2,""end"":4,""weight"":7},{""id"":2,""start"":4,""end"":6,""weight"":7},{""id"":3,""start"":6,""end"":8,""weight"":9},{""id"":4,""start"":1,""end"":9,""weight"":45},{""id"":5,""start"":9,""end"":11,""weight"":8}],""greedy_succeeds"":false,""instance_type"":""adversarial"",""greedy_answer"":""Selected: {0, 1, 2, 3, 5}, Total: 39"",""adversarial_pattern"":""anchor_conflict"",""difficulty_numeric"":15,""critical_step_index"":0}",stage1_procedural_generation
WIS_014,W2,"Intervals:
(0, start=0, end=2, weight=8)
(1, start=2, end=4, weight=7)
(2, start=4, end=6, weight=7)
(3, start=6, end=8, weight=9)
(4, start=1, end=9, weight=45)
(5, start=9, end=11, weight=8)
Objective: maximize total weight of non-overlapping intervals.","Selected: {4, 5}, Total: 53",algorithmic,wis,adversarial,hard,high,procedural_seed_6535211614736917145,verify_wis,"{""subtype"":""WIS"",""intervals"":[{""id"":0,""start"":0,""end"":2,""weight"":8},{""id"":1,""start"":2,""end"":4,""weight"":7},{""id"":2,""start"":4,""end"":6,""weight"":7},{""id"":3,""start"":6,""end"":8,""weight"":9},{""id"":4,""start"":1,""end"":9,""weight"":45},{""id"":5,""start"":9,""end"":11,""weight"":8}],""greedy_succeeds"":false,""instance_type"":""adversarial"",""greedy_answer"":""Selected: {0, 1, 2, 3, 5}, Total: 39"",""adversarial_pattern"":""anchor_conflict"",""difficulty_numeric"":15,""critical_step_index"":0}",stage1_procedural_generation
WIS_014,W3,"You are given weighted intervals on a timeline. Select a non-overlapping subset with maximum total weight.

Intervals:
Opening Keynote: start=0, end=2, weight=8
AI Panel: start=2, end=4, weight=7
Networking Break: start=4, end=6, weight=7
Security Workshop: start=6, end=8, weight=9
Full Day Bootcamp: start=1, end=9, weight=45
Closing Remarks: start=9, end=11, weight=8

Two intervals conflict if their ranges overlap.
Reply with only the selected interval ids and the total weight.
Format: Selected: {X, X, X, ...}, Total: X","Selected: {4, 5}, Total: 53",algorithmic,wis,adversarial,hard,high,procedural_seed_6535211614736917145,verify_wis,"{""subtype"":""WIS"",""intervals"":[{""id"":0,""start"":0,""end"":2,""weight"":8},{""id"":1,""start"":2,""end"":4,""weight"":7},{""id"":2,""start"":4,""end"":6,""weight"":7},{""id"":3,""start"":6,""end"":8,""weight"":9},{""id"":4,""start"":1,""end"":9,""weight"":45},{""id"":5,""start"":9,""end"":11,""weight"":8}],""greedy_succeeds"":false,""instance_type"":""adversarial"",""greedy_answer"":""Selected: {0, 1, 2, 3, 5}, Total: 39"",""adversarial_pattern"":""anchor_conflict"",""difficulty_numeric"":15,""critical_step_index"":0}","stage1_procedural_generation | {""entity_mapping"": {""Interval 0"": ""Opening Keynote"", ""Interval 1"": ""AI Panel"", ""Interval 2"": ""Networking Break"", ""Interval 3"": ""Security Workshop"", ""Interval 4"": ""Full Day Bootcamp"", ""Interval 5"": ""Closing Remarks""}, ""context"": ""Scheduling talks and sessions for a tech conference to maximize attendee value.""}"
WIS_014,W4,"J = {(sⱼ, fⱼ, wⱼ)} where:
  (s=0, f=2, w=8)
  (s=2, f=4, w=7)
  (s=4, f=6, w=7)
  (s=6, f=8, w=9)
  (s=1, f=9, w=45)
  (s=9, f=11, w=8)
Non-overlap constraint: ∀i,j ∈ S: [sᵢ,fᵢ] ∩ [sⱼ,fⱼ] = ∅
Find: S ⊆ J maximizing Σⱼ∈S wⱼ
OUTPUT FORMAT:
Selected: {X, X, X, ...}, Total: X","Selected: {4, 5}, Total: 53",algorithmic,wis,adversarial,hard,high,procedural_seed_6535211614736917145,verify_wis,"{""subtype"":""WIS"",""intervals"":[{""id"":0,""start"":0,""end"":2,""weight"":8},{""id"":1,""start"":2,""end"":4,""weight"":7},{""id"":2,""start"":4,""end"":6,""weight"":7},{""id"":3,""start"":6,""end"":8,""weight"":9},{""id"":4,""start"":1,""end"":9,""weight"":45},{""id"":5,""start"":9,""end"":11,""weight"":8}],""greedy_succeeds"":false,""instance_type"":""adversarial"",""greedy_answer"":""Selected: {0, 1, 2, 3, 5}, Total: 39"",""adversarial_pattern"":""anchor_conflict"",""difficulty_numeric"":15,""critical_step_index"":0}",stage1_procedural_generation
WIS_014,W6,"You are given weighted intervals on a timeline. Select a non-overlapping subset with maximum total weight.

Intervals:
Interval 0: start=0, end=2, weight=8
Interval 1: start=2, end=4, weight=7
Interval 2: start=4, end=6, weight=7
Interval 3: start=6, end=8, weight=9
Interval 4: start=1, end=9, weight=45
Interval 5: start=9, end=11, weight=8

Two intervals conflict if their ranges overlap.
Reply with only the selected interval ids and the total weight.
Format: Selected: {X, X, X, ...}, Total: X","Selected: {0, 1, 2, 3, 4, 5}, Total: 75",algorithmic,wis,adversarial,hard,high,procedural_seed_6535211614736917145,verify_wis,"{""subtype"": ""WIS"", ""intervals"": [{""id"": 0, ""start"": 0, ""end"": 1, ""weight"": 8}, {""id"": 1, ""start"": 2, ""end"": 3, ""weight"": 10}, {""id"": 2, ""start"": 4, ""end"": 5, ""weight"": 15}, {""id"": 3, ""start"": 6, ""end"": 7, ""weight"": 18}, {""id"": 4, ""start"": 8, ""end"": 9, ""weight"": 15}, {""id"": 5, ""start"": 10, ""end"": 11, ""weight"": 9}], ""greedy_succeeds"": false, ""instance_type"": ""adversarial"", ""greedy_answer"": ""Selected: {0, 1, 2, 3, 5}, Total: 39"", ""adversarial_pattern"": ""anchor_conflict"", ""difficulty_numeric"": 15, ""critical_step_index"": 0, ""weights"": {""0"": 8, ""1"": 10, ""2"": 15, ""3"": 18, ""4"": 15, ""5"": 9}}",stage1_procedural_generation | w6_seed=295515626
WIS_015,W1,"On a timeline, you have intervals with assigned weights. Choose a subset where no intervals overlap, maximizing the sum of weights.

Intervals:
Interval 0: start=0, end=2, weight=8
Interval 1: start=2, end=4, weight=8
Interval 2: start=4, end=6, weight=9
Interval 3: start=6, end=8, weight=8
Interval 4: start=1, end=9, weight=44
Interval 5: start=9, end=11, weight=5

Intervals conflict when their ranges have any overlap.
Respond with just the chosen interval ids and their combined weight.
Format: Selected: {X, X, X, ...}, Total: X","Selected: {4, 5}, Total: 49",algorithmic,wis,adversarial,hard,high,procedural_seed_905498411818161822,verify_wis,"{""subtype"":""WIS"",""intervals"":[{""id"":0,""start"":0,""end"":2,""weight"":8},{""id"":1,""start"":2,""end"":4,""weight"":8},{""id"":2,""start"":4,""end"":6,""weight"":9},{""id"":3,""start"":6,""end"":8,""weight"":8},{""id"":4,""start"":1,""end"":9,""weight"":44},{""id"":5,""start"":9,""end"":11,""weight"":5}],""greedy_succeeds"":false,""instance_type"":""adversarial"",""greedy_answer"":""Selected: {0, 1, 2, 3, 5}, Total: 38"",""adversarial_pattern"":""anchor_conflict"",""difficulty_numeric"":15,""critical_step_index"":0}",stage1_procedural_generation
WIS_015,W2,"Intervals:
(0, start=0, end=2, weight=8)
(1, start=2, end=4, weight=8)
(2, start=4, end=6, weight=9)
(3, start=6, end=8, weight=8)
(4, start=1, end=9, weight=44)
(5, start=9, end=11, weight=5)
Objective: maximize total weight of non-overlapping intervals.","Selected: {4, 5}, Total: 49",algorithmic,wis,adversarial,hard,high,procedural_seed_905498411818161822,verify_wis,"{""subtype"":""WIS"",""intervals"":[{""id"":0,""start"":0,""end"":2,""weight"":8},{""id"":1,""start"":2,""end"":4,""weight"":8},{""id"":2,""start"":4,""end"":6,""weight"":9},{""id"":3,""start"":6,""end"":8,""weight"":8},{""id"":4,""start"":1,""end"":9,""weight"":44},{""id"":5,""start"":9,""end"":11,""weight"":5}],""greedy_succeeds"":false,""instance_type"":""adversarial"",""greedy_answer"":""Selected: {0, 1, 2, 3, 5}, Total: 38"",""adversarial_pattern"":""anchor_conflict"",""difficulty_numeric"":15,""critical_step_index"":0}",stage1_procedural_generation
WIS_015,W3,"You are given weighted intervals on a timeline. Select a non-overlapping subset with maximum total weight.

Intervals:
Opening Keynote: start=0, end=2, weight=8
Panel Discussion: start=2, end=4, weight=8
Tech Workshop: start=4, end=6, weight=9
Networking Break: start=6, end=8, weight=8
Full Day Seminar: start=1, end=9, weight=44
Closing Remarks: start=9, end=11, weight=5

Two intervals conflict if their ranges overlap.
Reply with only the selected interval ids and the total weight.
Format: Selected: {X, X, X, ...}, Total: X","Selected: {4, 5}, Total: 49",algorithmic,wis,adversarial,hard,high,procedural_seed_905498411818161822,verify_wis,"{""subtype"":""WIS"",""intervals"":[{""id"":0,""start"":0,""end"":2,""weight"":8},{""id"":1,""start"":2,""end"":4,""weight"":8},{""id"":2,""start"":4,""end"":6,""weight"":9},{""id"":3,""start"":6,""end"":8,""weight"":8},{""id"":4,""start"":1,""end"":9,""weight"":44},{""id"":5,""start"":9,""end"":11,""weight"":5}],""greedy_succeeds"":false,""instance_type"":""adversarial"",""greedy_answer"":""Selected: {0, 1, 2, 3, 5}, Total: 38"",""adversarial_pattern"":""anchor_conflict"",""difficulty_numeric"":15,""critical_step_index"":0}","stage1_procedural_generation | {""entity_mapping"": {""Interval 0"": ""Opening Keynote"", ""Interval 1"": ""Panel Discussion"", ""Interval 2"": ""Tech Workshop"", ""Interval 3"": ""Networking Break"", ""Interval 4"": ""Full Day Seminar"", ""Interval 5"": ""Closing Remarks""}, ""context"": ""A tech conference is scheduling talks and workshops to maximize attendee value.""}"
WIS_015,W4,"J = {(sⱼ, fⱼ, wⱼ)} where:
  (s=0, f=2, w=8)
  (s=2, f=4, w=8)
  (s=4, f=6, w=9)
  (s=6, f=8, w=8)
  (s=1, f=9, w=44)
  (s=9, f=11, w=5)
Non-overlap constraint: ∀i,j ∈ S: [sᵢ,fᵢ] ∩ [sⱼ,fⱼ] = ∅
Find: S ⊆ J maximizing Σⱼ∈S wⱼ
OUTPUT FORMAT:
Selected: {X, X, X, ...}, Total: X","Selected: {4, 5}, Total: 49",algorithmic,wis,adversarial,hard,high,procedural_seed_905498411818161822,verify_wis,"{""subtype"":""WIS"",""intervals"":[{""id"":0,""start"":0,""end"":2,""weight"":8},{""id"":1,""start"":2,""end"":4,""weight"":8},{""id"":2,""start"":4,""end"":6,""weight"":9},{""id"":3,""start"":6,""end"":8,""weight"":8},{""id"":4,""start"":1,""end"":9,""weight"":44},{""id"":5,""start"":9,""end"":11,""weight"":5}],""greedy_succeeds"":false,""instance_type"":""adversarial"",""greedy_answer"":""Selected: {0, 1, 2, 3, 5}, Total: 38"",""adversarial_pattern"":""anchor_conflict"",""difficulty_numeric"":15,""critical_step_index"":0}",stage1_procedural_generation
WIS_015,W6,"You are given weighted intervals on a timeline. Select a non-overlapping subset with maximum total weight.

Intervals:
Interval 0: start=0, end=2, weight=8
Interval 1: start=2, end=4, weight=8
Interval 2: start=4, end=6, weight=9
Interval 3: start=6, end=8, weight=8
Interval 4: start=1, end=9, weight=44
Interval 5: start=9, end=11, weight=5

Two intervals conflict if their ranges overlap.
Reply with only the selected interval ids and the total weight.
Format: Selected: {X, X, X, ...}, Total: X","Selected: {0, 1, 2, 3, 4, 5}, Total: 77",algorithmic,wis,adversarial,hard,high,procedural_seed_905498411818161822,verify_wis,"{""subtype"": ""WIS"", ""intervals"": [{""id"": 0, ""start"": 0, ""end"": 1, ""weight"": 8}, {""id"": 1, ""start"": 2, ""end"": 3, ""weight"": 12}, {""id"": 2, ""start"": 4, ""end"": 5, ""weight"": 14}, {""id"": 3, ""start"": 6, ""end"": 7, ""weight"": 15}, {""id"": 4, ""start"": 8, ""end"": 9, ""weight"": 16}, {""id"": 5, ""start"": 10, ""end"": 11, ""weight"": 12}], ""greedy_succeeds"": false, ""instance_type"": ""adversarial"", ""greedy_answer"": ""Selected: {0, 1, 2, 3, 5}, Total: 38"", ""adversarial_pattern"": ""anchor_conflict"", ""difficulty_numeric"": 15, ""critical_step_index"": 0, ""weights"": {""0"": 8, ""1"": 12, ""2"": 14, ""3"": 15, ""4"": 16, ""5"": 12}}",stage1_procedural_generation | w6_seed=1058540636
WIS_016,W1,"There are weighted intervals positioned on a timeline. Choose a subset where no intervals overlap, maximizing the combined weight.

Intervals:
Interval 0: start=0, end=2, weight=8
Interval 1: start=2, end=4, weight=9
Interval 2: start=4, end=6, weight=8
Interval 3: start=6, end=8, weight=7
Interval 4: start=1, end=9, weight=44
Interval 5: start=9, end=11, weight=7

Intervals are in conflict when their ranges have any overlap.
Respond with just the chosen interval ids and their sum of weights.
Format: Selected: {X, X, X, ...}, Total: X","Selected: {4, 5}, Total: 51",algorithmic,wis,adversarial,hard,high,procedural_seed_1798711596968828887,verify_wis,"{""subtype"":""WIS"",""intervals"":[{""id"":0,""start"":0,""end"":2,""weight"":8},{""id"":1,""start"":2,""end"":4,""weight"":9},{""id"":2,""start"":4,""end"":6,""weight"":8},{""id"":3,""start"":6,""end"":8,""weight"":7},{""id"":4,""start"":1,""end"":9,""weight"":44},{""id"":5,""start"":9,""end"":11,""weight"":7}],""greedy_succeeds"":false,""instance_type"":""adversarial"",""greedy_answer"":""Selected: {0, 1, 2, 3, 5}, Total: 39"",""adversarial_pattern"":""anchor_conflict"",""difficulty_numeric"":15,""critical_step_index"":0}",stage1_procedural_generation
WIS_016,W2,"Intervals:
(0, start=0, end=2, weight=8)
(1, start=2, end=4, weight=9)
(2, start=4, end=6, weight=8)
(3, start=6, end=8, weight=7)
(4, start=1, end=9, weight=44)
(5, start=9, end=11, weight=7)
Objective: maximize total weight of non-overlapping intervals.","Selected: {4, 5}, Total: 51",algorithmic,wis,adversarial,hard,high,procedural_seed_1798711596968828887,verify_wis,"{""subtype"":""WIS"",""intervals"":[{""id"":0,""start"":0,""end"":2,""weight"":8},{""id"":1,""start"":2,""end"":4,""weight"":9},{""id"":2,""start"":4,""end"":6,""weight"":8},{""id"":3,""start"":6,""end"":8,""weight"":7},{""id"":4,""start"":1,""end"":9,""weight"":44},{""id"":5,""start"":9,""end"":11,""weight"":7}],""greedy_succeeds"":false,""instance_type"":""adversarial"",""greedy_answer"":""Selected: {0, 1, 2, 3, 5}, Total: 39"",""adversarial_pattern"":""anchor_conflict"",""difficulty_numeric"":15,""critical_step_index"":0}",stage1_procedural_generation
WIS_016,W3,"You are given weighted intervals on a timeline. Select a non-overlapping subset with maximum total weight.

Intervals:
Opening Keynote: start=0, end=2, weight=8
Panel Discussion: start=2, end=4, weight=9
Workshop Session: start=4, end=6, weight=8
Networking Break: start=6, end=8, weight=7
Full Day Seminar: start=1, end=9, weight=44
Closing Remarks: start=9, end=11, weight=7

Two intervals conflict if their ranges overlap.
Reply with only the selected interval ids and the total weight.
Format: Selected: {X, X, X, ...}, Total: X","Selected: {4, 5}, Total: 51",algorithmic,wis,adversarial,hard,high,procedural_seed_1798711596968828887,verify_wis,"{""subtype"":""WIS"",""intervals"":[{""id"":0,""start"":0,""end"":2,""weight"":8},{""id"":1,""start"":2,""end"":4,""weight"":9},{""id"":2,""start"":4,""end"":6,""weight"":8},{""id"":3,""start"":6,""end"":8,""weight"":7},{""id"":4,""start"":1,""end"":9,""weight"":44},{""id"":5,""start"":9,""end"":11,""weight"":7}],""greedy_succeeds"":false,""instance_type"":""adversarial"",""greedy_answer"":""Selected: {0, 1, 2, 3, 5}, Total: 39"",""adversarial_pattern"":""anchor_conflict"",""difficulty_numeric"":15,""critical_step_index"":0}","stage1_procedural_generation | {""entity_mapping"": {""Interval 0"": ""Opening Keynote"", ""Interval 1"": ""Panel Discussion"", ""Interval 2"": ""Workshop Session"", ""Interval 3"": ""Networking Break"", ""Interval 4"": ""Full Day Seminar"", ""Interval 5"": ""Closing Remarks""}, ""context"": ""Scheduling sessions for a one-day professional conference to maximize attendee value.""}"
WIS_016,W4,"J = {(sⱼ, fⱼ, wⱼ)} where:
  (s=0, f=2, w=8)
  (s=2, f=4, w=9)
  (s=4, f=6, w=8)
  (s=6, f=8, w=7)
  (s=1, f=9, w=44)
  (s=9, f=11, w=7)
Non-overlap constraint: ∀i,j ∈ S: [sᵢ,fᵢ] ∩ [sⱼ,fⱼ] = ∅
Find: S ⊆ J maximizing Σⱼ∈S wⱼ
OUTPUT FORMAT:
Selected: {X, X, X, ...}, Total: X","Selected: {4, 5}, Total: 51",algorithmic,wis,adversarial,hard,high,procedural_seed_1798711596968828887,verify_wis,"{""subtype"":""WIS"",""intervals"":[{""id"":0,""start"":0,""end"":2,""weight"":8},{""id"":1,""start"":2,""end"":4,""weight"":9},{""id"":2,""start"":4,""end"":6,""weight"":8},{""id"":3,""start"":6,""end"":8,""weight"":7},{""id"":4,""start"":1,""end"":9,""weight"":44},{""id"":5,""start"":9,""end"":11,""weight"":7}],""greedy_succeeds"":false,""instance_type"":""adversarial"",""greedy_answer"":""Selected: {0, 1, 2, 3, 5}, Total: 39"",""adversarial_pattern"":""anchor_conflict"",""difficulty_numeric"":15,""critical_step_index"":0}",stage1_procedural_generation
WIS_016,W6,"You are given weighted intervals on a timeline. Select a non-overlapping subset with maximum total weight.

Intervals:
Interval 0: start=0, end=2, weight=8
Interval 1: start=2, end=4, weight=9
Interval 2: start=4, end=6, weight=8
Interval 3: start=6, end=8, weight=7
Interval 4: start=1, end=9, weight=44
Interval 5: start=9, end=11, weight=7

Two intervals conflict if their ranges overlap.
Reply with only the selected interval ids and the total weight.
Format: Selected: {X, X, X, ...}, Total: X","Selected: {0, 1, 2, 3, 4, 5}, Total: 72",algorithmic,wis,adversarial,hard,high,procedural_seed_1798711596968828887,verify_wis,"{""subtype"": ""WIS"", ""intervals"": [{""id"": 0, ""start"": 0, ""end"": 1, ""weight"": 11}, {""id"": 1, ""start"": 2, ""end"": 3, ""weight"": 17}, {""id"": 2, ""start"": 4, ""end"": 5, ""weight"": 11}, {""id"": 3, ""start"": 6, ""end"": 7, ""weight"": 11}, {""id"": 4, ""start"": 8, ""end"": 9, ""weight"": 12}, {""id"": 5, ""start"": 10, ""end"": 11, ""weight"": 10}], ""greedy_succeeds"": false, ""instance_type"": ""adversarial"", ""greedy_answer"": ""Selected: {0, 1, 2, 3, 5}, Total: 39"", ""adversarial_pattern"": ""anchor_conflict"", ""difficulty_numeric"": 15, ""critical_step_index"": 0, ""weights"": {""0"": 11, ""1"": 17, ""2"": 11, ""3"": 11, ""4"": 12, ""5"": 10}}",stage1_procedural_generation | w6_seed=1378405551
WIS_017,W1,"Given weighted intervals along a timeline, your task is to choose a subset where no intervals overlap, maximizing the combined weight.

Intervals:
Interval 0: start=0, end=2, weight=11
Interval 1: start=2, end=4, weight=11
Interval 2: start=4, end=6, weight=11
Interval 3: start=6, end=8, weight=11
Interval 4: start=1, end=5, weight=30
Interval 5: start=5, end=9, weight=27

Intervals are considered conflicting when their ranges have any overlap.
Respond with just the chosen interval ids and the sum of their weights.
Format: Selected: {X, X, X, ...}, Total: X","Selected: {4, 5}, Total: 57",algorithmic,wis,adversarial,hard,high,procedural_seed_2173718088364753818,verify_wis,"{""subtype"":""WIS"",""intervals"":[{""id"":0,""start"":0,""end"":2,""weight"":11},{""id"":1,""start"":2,""end"":4,""weight"":11},{""id"":2,""start"":4,""end"":6,""weight"":11},{""id"":3,""start"":6,""end"":8,""weight"":11},{""id"":4,""start"":1,""end"":5,""weight"":30},{""id"":5,""start"":5,""end"":9,""weight"":27}],""greedy_succeeds"":false,""instance_type"":""adversarial"",""greedy_answer"":""Selected: {0, 1, 2, 3}, Total: 44"",""adversarial_pattern"":""chain_trap"",""difficulty_numeric"":15,""critical_step_index"":0}",stage1_procedural_generation
WIS_017,W2,"Intervals:
(0, start=0, end=2, weight=11)
(1, start=2, end=4, weight=11)
(2, start=4, end=6, weight=11)
(3, start=6, end=8, weight=11)
(4, start=1, end=5, weight=30)
(5, start=5, end=9, weight=27)
Objective: maximize total weight of non-overlapping intervals.","Selected: {4, 5}, Total: 57",algorithmic,wis,adversarial,hard,high,procedural_seed_2173718088364753818,verify_wis,"{""subtype"":""WIS"",""intervals"":[{""id"":0,""start"":0,""end"":2,""weight"":11},{""id"":1,""start"":2,""end"":4,""weight"":11},{""id"":2,""start"":4,""end"":6,""weight"":11},{""id"":3,""start"":6,""end"":8,""weight"":11},{""id"":4,""start"":1,""end"":5,""weight"":30},{""id"":5,""start"":5,""end"":9,""weight"":27}],""greedy_succeeds"":false,""instance_type"":""adversarial"",""greedy_answer"":""Selected: {0, 1, 2, 3}, Total: 44"",""adversarial_pattern"":""chain_trap"",""difficulty_numeric"":15,""critical_step_index"":0}",stage1_procedural_generation
WIS_017,W3,"You are given weighted intervals on a timeline. Select a non-overlapping subset with maximum total weight.

Intervals:
Opening Keynote: start=0, end=2, weight=11
Data Science Panel: start=2, end=4, weight=11
Machine Learning Workshop: start=4, end=6, weight=11
Closing Ceremony: start=6, end=8, weight=11
AI Ethics Symposium: start=1, end=5, weight=30
Future Tech Showcase: start=5, end=9, weight=27

Two intervals conflict if their ranges overlap.
Reply with only the selected interval ids and the total weight.
Format: Selected: {X, X, X, ...}, Total: X","Selected: {4, 5}, Total: 57",algorithmic,wis,adversarial,hard,high,procedural_seed_2173718088364753818,verify_wis,"{""subtype"":""WIS"",""intervals"":[{""id"":0,""start"":0,""end"":2,""weight"":11},{""id"":1,""start"":2,""end"":4,""weight"":11},{""id"":2,""start"":4,""end"":6,""weight"":11},{""id"":3,""start"":6,""end"":8,""weight"":11},{""id"":4,""start"":1,""end"":5,""weight"":30},{""id"":5,""start"":5,""end"":9,""weight"":27}],""greedy_succeeds"":false,""instance_type"":""adversarial"",""greedy_answer"":""Selected: {0, 1, 2, 3}, Total: 44"",""adversarial_pattern"":""chain_trap"",""difficulty_numeric"":15,""critical_step_index"":0}","stage1_procedural_generation | {""entity_mapping"": {""Interval 0"": ""Opening Keynote"", ""Interval 1"": ""Data Science Panel"", ""Interval 2"": ""Machine Learning Workshop"", ""Interval 3"": ""Closing Ceremony"", ""Interval 4"": ""AI Ethics Symposium"", ""Interval 5"": ""Future Tech Showcase""}, ""context"": ""Scheduling talks and events for a technology conference to maximize attendance value.""}"
WIS_017,W4,"J = {(sⱼ, fⱼ, wⱼ)} where:
  (s=0, f=2, w=11)
  (s=2, f=4, w=11)
  (s=4, f=6, w=11)
  (s=6, f=8, w=11)
  (s=1, f=5, w=30)
  (s=5, f=9, w=27)
Non-overlap constraint: ∀i,j ∈ S: [sᵢ,fᵢ] ∩ [sⱼ,fⱼ] = ∅
Find: S ⊆ J maximizing Σⱼ∈S wⱼ
OUTPUT FORMAT:
Selected: {X, X, X, ...}, Total: X","Selected: {4, 5}, Total: 57",algorithmic,wis,adversarial,hard,high,procedural_seed_2173718088364753818,verify_wis,"{""subtype"":""WIS"",""intervals"":[{""id"":0,""start"":0,""end"":2,""weight"":11},{""id"":1,""start"":2,""end"":4,""weight"":11},{""id"":2,""start"":4,""end"":6,""weight"":11},{""id"":3,""start"":6,""end"":8,""weight"":11},{""id"":4,""start"":1,""end"":5,""weight"":30},{""id"":5,""start"":5,""end"":9,""weight"":27}],""greedy_succeeds"":false,""instance_type"":""adversarial"",""greedy_answer"":""Selected: {0, 1, 2, 3}, Total: 44"",""adversarial_pattern"":""chain_trap"",""difficulty_numeric"":15,""critical_step_index"":0}",stage1_procedural_generation
WIS_017,W6,"You are given weighted intervals on a timeline. Select a non-overlapping subset with maximum total weight.

Intervals:
Interval 0: start=0, end=2, weight=11
Interval 1: start=2, end=4, weight=11
Interval 2: start=4, end=6, weight=11
Interval 3: start=6, end=8, weight=11
Interval 4: start=1, end=5, weight=30
Interval 5: start=5, end=9, weight=27

Two intervals conflict if their ranges overlap.
Reply with only the selected interval ids and the total weight.
Format: Selected: {X, X, X, ...}, Total: X","Selected: {0, 1, 2, 3, 4, 5}, Total: 60",algorithmic,wis,adversarial,hard,high,procedural_seed_2173718088364753818,verify_wis,"{""subtype"": ""WIS"", ""intervals"": [{""id"": 0, ""start"": 0, ""end"": 1, ""weight"": 10}, {""id"": 1, ""start"": 2, ""end"": 3, ""weight"": 6}, {""id"": 2, ""start"": 4, ""end"": 5, ""weight"": 13}, {""id"": 3, ""start"": 6, ""end"": 7, ""weight"": 14}, {""id"": 4, ""start"": 8, ""end"": 9, ""weight"": 12}, {""id"": 5, ""start"": 10, ""end"": 11, ""weight"": 5}], ""greedy_succeeds"": false, ""instance_type"": ""adversarial"", ""greedy_answer"": ""Selected: {0, 1, 2, 3}, Total: 44"", ""adversarial_pattern"": ""chain_trap"", ""difficulty_numeric"": 15, ""critical_step_index"": 0, ""weights"": {""0"": 10, ""1"": 6, ""2"": 13, ""3"": 14, ""4"": 12, ""5"": 5}}",stage1_procedural_generation | w6_seed=1691251548
WIS_018,W1,"Given a timeline with weighted intervals, find a non-overlapping subset that maximizes the total weight.

Intervals:
Interval 0: start=0, end=2, weight=11
Interval 1: start=2, end=4, weight=11
Interval 2: start=4, end=6, weight=11
Interval 3: start=6, end=8, weight=11
Interval 4: start=1, end=5, weight=27
Interval 5: start=5, end=9, weight=28

Intervals conflict when their ranges overlap.
Respond with just the chosen interval ids and their combined weight.
Format: Selected: {X, X, X, ...}, Total: X","Selected: {4, 5}, Total: 55",algorithmic,wis,adversarial,hard,high,procedural_seed_9688152920606483387,verify_wis,"{""subtype"":""WIS"",""intervals"":[{""id"":0,""start"":0,""end"":2,""weight"":11},{""id"":1,""start"":2,""end"":4,""weight"":11},{""id"":2,""start"":4,""end"":6,""weight"":11},{""id"":3,""start"":6,""end"":8,""weight"":11},{""id"":4,""start"":1,""end"":5,""weight"":27},{""id"":5,""start"":5,""end"":9,""weight"":28}],""greedy_succeeds"":false,""instance_type"":""adversarial"",""greedy_answer"":""Selected: {0, 1, 2, 3}, Total: 44"",""adversarial_pattern"":""chain_trap"",""difficulty_numeric"":15,""critical_step_index"":0}",stage1_procedural_generation
WIS_018,W2,"Intervals:
(0, start=0, end=2, weight=11)
(1, start=2, end=4, weight=11)
(2, start=4, end=6, weight=11)
(3, start=6, end=8, weight=11)
(4, start=1, end=5, weight=27)
(5, start=5, end=9, weight=28)
Objective: maximize total weight of non-overlapping intervals.","Selected: {4, 5}, Total: 55",algorithmic,wis,adversarial,hard,high,procedural_seed_9688152920606483387,verify_wis,"{""subtype"":""WIS"",""intervals"":[{""id"":0,""start"":0,""end"":2,""weight"":11},{""id"":1,""start"":2,""end"":4,""weight"":11},{""id"":2,""start"":4,""end"":6,""weight"":11},{""id"":3,""start"":6,""end"":8,""weight"":11},{""id"":4,""start"":1,""end"":5,""weight"":27},{""id"":5,""start"":5,""end"":9,""weight"":28}],""greedy_succeeds"":false,""instance_type"":""adversarial"",""greedy_answer"":""Selected: {0, 1, 2, 3}, Total: 44"",""adversarial_pattern"":""chain_trap"",""difficulty_numeric"":15,""critical_step_index"":0}",stage1_procedural_generation
WIS_018,W3,"You are given weighted intervals on a timeline. Select a non-overlapping subset with maximum total weight.

Intervals:
Opening Keynote: start=0, end=2, weight=11
Panel Discussion: start=2, end=4, weight=11
Tech Workshop: start=4, end=6, weight=11
Closing Remarks: start=6, end=8, weight=11
Product Launch: start=1, end=5, weight=27
Industry Summit: start=5, end=9, weight=28

Two intervals conflict if their ranges overlap.
Reply with only the selected interval ids and the total weight.
Format: Selected: {X, X, X, ...}, Total: X","Selected: {4, 5}, Total: 55",algorithmic,wis,adversarial,hard,high,procedural_seed_9688152920606483387,verify_wis,"{""subtype"":""WIS"",""intervals"":[{""id"":0,""start"":0,""end"":2,""weight"":11},{""id"":1,""start"":2,""end"":4,""weight"":11},{""id"":2,""start"":4,""end"":6,""weight"":11},{""id"":3,""start"":6,""end"":8,""weight"":11},{""id"":4,""start"":1,""end"":5,""weight"":27},{""id"":5,""start"":5,""end"":9,""weight"":28}],""greedy_succeeds"":false,""instance_type"":""adversarial"",""greedy_answer"":""Selected: {0, 1, 2, 3}, Total: 44"",""adversarial_pattern"":""chain_trap"",""difficulty_numeric"":15,""critical_step_index"":0}","stage1_procedural_generation | {""entity_mapping"": {""Interval 0"": ""Opening Keynote"", ""Interval 1"": ""Panel Discussion"", ""Interval 2"": ""Tech Workshop"", ""Interval 3"": ""Closing Remarks"", ""Interval 4"": ""Product Launch"", ""Interval 5"": ""Industry Summit""}, ""context"": ""A technology conference is scheduling various talks and events throughout the day.""}"
WIS_018,W4,"J = {(sⱼ, fⱼ, wⱼ)} where:
  (s=0, f=2, w=11)
  (s=2, f=4, w=11)
  (s=4, f=6, w=11)
  (s=6, f=8, w=11)
  (s=1, f=5, w=27)
  (s=5, f=9, w=28)
Non-overlap constraint: ∀i,j ∈ S: [sᵢ,fᵢ] ∩ [sⱼ,fⱼ] = ∅
Find: S ⊆ J maximizing Σⱼ∈S wⱼ
OUTPUT FORMAT:
Selected: {X, X, X, ...}, Total: X","Selected: {4, 5}, Total: 55",algorithmic,wis,adversarial,hard,high,procedural_seed_9688152920606483387,verify_wis,"{""subtype"":""WIS"",""intervals"":[{""id"":0,""start"":0,""end"":2,""weight"":11},{""id"":1,""start"":2,""end"":4,""weight"":11},{""id"":2,""start"":4,""end"":6,""weight"":11},{""id"":3,""start"":6,""end"":8,""weight"":11},{""id"":4,""start"":1,""end"":5,""weight"":27},{""id"":5,""start"":5,""end"":9,""weight"":28}],""greedy_succeeds"":false,""instance_type"":""adversarial"",""greedy_answer"":""Selected: {0, 1, 2, 3}, Total: 44"",""adversarial_pattern"":""chain_trap"",""difficulty_numeric"":15,""critical_step_index"":0}",stage1_procedural_generation
WIS_018,W6,"You are given weighted intervals on a timeline. Select a non-overlapping subset with maximum total weight.

Intervals:
Interval 0: start=0, end=2, weight=11
Interval 1: start=2, end=4, weight=11
Interval 2: start=4, end=6, weight=11
Interval 3: start=6, end=8, weight=11
Interval 4: start=1, end=5, weight=27
Interval 5: start=5, end=9, weight=28

Two intervals conflict if their ranges overlap.
Reply with only the selected interval ids and the total weight.
Format: Selected: {X, X, X, ...}, Total: X","Selected: {0, 1, 2, 3, 4, 5}, Total: 65",algorithmic,wis,adversarial,hard,high,procedural_seed_9688152920606483387,verify_wis,"{""subtype"": ""WIS"", ""intervals"": [{""id"": 0, ""start"": 0, ""end"": 1, ""weight"": 10}, {""id"": 1, ""start"": 2, ""end"": 3, ""weight"": 4}, {""id"": 2, ""start"": 4, ""end"": 5, ""weight"": 15}, {""id"": 3, ""start"": 6, ""end"": 7, ""weight"": 16}, {""id"": 4, ""start"": 8, ""end"": 9, ""weight"": 15}, {""id"": 5, ""start"": 10, ""end"": 11, ""weight"": 5}], ""greedy_succeeds"": false, ""instance_type"": ""adversarial"", ""greedy_answer"": ""Selected: {0, 1, 2, 3}, Total: 44"", ""adversarial_pattern"": ""chain_trap"", ""difficulty_numeric"": 15, ""critical_step_index"": 0, ""weights"": {""0"": 10, ""1"": 4, ""2"": 15, ""3"": 16, ""4"": 15, ""5"": 5}}",stage1_procedural_generation | w6_seed=981996599
WIS_019,W1,"You have intervals with weights on a timeline. Choose a subset where no intervals overlap, maximizing the sum of weights.

Intervals:
Interval 0: start=0, end=2, weight=11
Interval 1: start=2, end=4, weight=11
Interval 2: start=4, end=6, weight=11
Interval 3: start=6, end=8, weight=11
Interval 4: start=1, end=5, weight=29
Interval 5: start=5, end=9, weight=29

Intervals conflict when their ranges have any overlap.
Respond with just the chosen interval ids and their combined weight.
Format: Selected: {X, X, X, ...}, Total: X","Selected: {4, 5}, Total: 58",algorithmic,wis,adversarial,hard,high,procedural_seed_8915383321707892172,verify_wis,"{""subtype"":""WIS"",""intervals"":[{""id"":0,""start"":0,""end"":2,""weight"":11},{""id"":1,""start"":2,""end"":4,""weight"":11},{""id"":2,""start"":4,""end"":6,""weight"":11},{""id"":3,""start"":6,""end"":8,""weight"":11},{""id"":4,""start"":1,""end"":5,""weight"":29},{""id"":5,""start"":5,""end"":9,""weight"":29}],""greedy_succeeds"":false,""instance_type"":""adversarial"",""greedy_answer"":""Selected: {0, 1, 2, 3}, Total: 44"",""adversarial_pattern"":""chain_trap"",""difficulty_numeric"":15,""critical_step_index"":0}",stage1_procedural_generation
WIS_019,W2,"Intervals:
(0, start=0, end=2, weight=11)
(1, start=2, end=4, weight=11)
(2, start=4, end=6, weight=11)
(3, start=6, end=8, weight=11)
(4, start=1, end=5, weight=29)
(5, start=5, end=9, weight=29)
Objective: maximize total weight of non-overlapping intervals.","Selected: {4, 5}, Total: 58",algorithmic,wis,adversarial,hard,high,procedural_seed_8915383321707892172,verify_wis,"{""subtype"":""WIS"",""intervals"":[{""id"":0,""start"":0,""end"":2,""weight"":11},{""id"":1,""start"":2,""end"":4,""weight"":11},{""id"":2,""start"":4,""end"":6,""weight"":11},{""id"":3,""start"":6,""end"":8,""weight"":11},{""id"":4,""start"":1,""end"":5,""weight"":29},{""id"":5,""start"":5,""end"":9,""weight"":29}],""greedy_succeeds"":false,""instance_type"":""adversarial"",""greedy_answer"":""Selected: {0, 1, 2, 3}, Total: 44"",""adversarial_pattern"":""chain_trap"",""difficulty_numeric"":15,""critical_step_index"":0}",stage1_procedural_generation
WIS_019,W3,"You are given weighted intervals on a timeline. Select a non-overlapping subset with maximum total weight.

Intervals:
Opening Keynote: start=0, end=2, weight=11
Panel Discussion: start=2, end=4, weight=11
Networking Break: start=4, end=6, weight=11
Closing Remarks: start=6, end=8, weight=11
Workshop Session: start=1, end=5, weight=29
Tech Demo: start=5, end=9, weight=29

Two intervals conflict if their ranges overlap.
Reply with only the selected interval ids and the total weight.
Format: Selected: {X, X, X, ...}, Total: X","Selected: {4, 5}, Total: 58",algorithmic,wis,adversarial,hard,high,procedural_seed_8915383321707892172,verify_wis,"{""subtype"":""WIS"",""intervals"":[{""id"":0,""start"":0,""end"":2,""weight"":11},{""id"":1,""start"":2,""end"":4,""weight"":11},{""id"":2,""start"":4,""end"":6,""weight"":11},{""id"":3,""start"":6,""end"":8,""weight"":11},{""id"":4,""start"":1,""end"":5,""weight"":29},{""id"":5,""start"":5,""end"":9,""weight"":29}],""greedy_succeeds"":false,""instance_type"":""adversarial"",""greedy_answer"":""Selected: {0, 1, 2, 3}, Total: 44"",""adversarial_pattern"":""chain_trap"",""difficulty_numeric"":15,""critical_step_index"":0}","stage1_procedural_generation | {""entity_mapping"": {""Interval 0"": ""Opening Keynote"", ""Interval 1"": ""Panel Discussion"", ""Interval 2"": ""Networking Break"", ""Interval 3"": ""Closing Remarks"", ""Interval 4"": ""Workshop Session"", ""Interval 5"": ""Tech Demo""}, ""context"": ""A tech conference needs to schedule non-overlapping sessions to maximize attendee value.""}"
WIS_019,W4,"J = {(sⱼ, fⱼ, wⱼ)} where:
  (s=0, f=2, w=11)
  (s=2, f=4, w=11)
  (s=4, f=6, w=11)
  (s=6, f=8, w=11)
  (s=1, f=5, w=29)
  (s=5, f=9, w=29)
Non-overlap constraint: ∀i,j ∈ S: [sᵢ,fᵢ] ∩ [sⱼ,fⱼ] = ∅
Find: S ⊆ J maximizing Σⱼ∈S wⱼ
OUTPUT FORMAT:
Selected: {X, X, X, ...}, Total: X","Selected: {4, 5}, Total: 58",algorithmic,wis,adversarial,hard,high,procedural_seed_8915383321707892172,verify_wis,"{""subtype"":""WIS"",""intervals"":[{""id"":0,""start"":0,""end"":2,""weight"":11},{""id"":1,""start"":2,""end"":4,""weight"":11},{""id"":2,""start"":4,""end"":6,""weight"":11},{""id"":3,""start"":6,""end"":8,""weight"":11},{""id"":4,""start"":1,""end"":5,""weight"":29},{""id"":5,""start"":5,""end"":9,""weight"":29}],""greedy_succeeds"":false,""instance_type"":""adversarial"",""greedy_answer"":""Selected: {0, 1, 2, 3}, Total: 44"",""adversarial_pattern"":""chain_trap"",""difficulty_numeric"":15,""critical_step_index"":0}",stage1_procedural_generation
WIS_019,W6,"You are given weighted intervals on a timeline. Select a non-overlapping subset with maximum total weight.

Intervals:
Interval 0: start=0, end=2, weight=11
Interval 1: start=2, end=4, weight=11
Interval 2: start=4, end=6, weight=11
Interval 3: start=6, end=8, weight=11
Interval 4: start=1, end=5, weight=29
Interval 5: start=5, end=9, weight=29

Two intervals conflict if their ranges overlap.
Reply with only the selected interval ids and the total weight.
Format: Selected: {X, X, X, ...}, Total: X","Selected: {0, 1, 2, 3, 4, 5}, Total: 71",algorithmic,wis,adversarial,hard,high,procedural_seed_8915383321707892172,verify_wis,"{""subtype"": ""WIS"", ""intervals"": [{""id"": 0, ""start"": 0, ""end"": 1, ""weight"": 11}, {""id"": 1, ""start"": 2, ""end"": 3, ""weight"": 17}, {""id"": 2, ""start"": 4, ""end"": 5, ""weight"": 16}, {""id"": 3, ""start"": 6, ""end"": 7, ""weight"": 8}, {""id"": 4, ""start"": 8, ""end"": 9, ""weight"": 13}, {""id"": 5, ""start"": 10, ""end"": 11, ""weight"": 6}], ""greedy_succeeds"": false, ""instance_type"": ""adversarial"", ""greedy_answer"": ""Selected: {0, 1, 2, 3}, Total: 44"", ""adversarial_pattern"": ""chain_trap"", ""difficulty_numeric"": 15, ""critical_step_index"": 0, ""weights"": {""0"": 11, ""1"": 17, ""2"": 16, ""3"": 8, ""4"": 13, ""5"": 6}}",stage1_procedural_generation | w6_seed=2857123402
WIS_020,W1,"Weighted intervals are provided on a timeline. Choose a subset of non-overlapping intervals that maximizes the combined weight.

Intervals:
Interval 0: start=0, end=2, weight=11
Interval 1: start=2, end=4, weight=11
Interval 2: start=4, end=6, weight=11
Interval 3: start=6, end=8, weight=11
Interval 4: start=1, end=5, weight=30
Interval 5: start=5, end=9, weight=29

Intervals conflict when their ranges have any overlap.
Respond with just the chosen interval ids and the sum of weights.
Format: Selected: {X, X, X, ...}, Total: X","Selected: {4, 5}, Total: 59",algorithmic,wis,adversarial,hard,high,procedural_seed_4675367858280413474,verify_wis,"{""subtype"":""WIS"",""intervals"":[{""id"":0,""start"":0,""end"":2,""weight"":11},{""id"":1,""start"":2,""end"":4,""weight"":11},{""id"":2,""start"":4,""end"":6,""weight"":11},{""id"":3,""start"":6,""end"":8,""weight"":11},{""id"":4,""start"":1,""end"":5,""weight"":30},{""id"":5,""start"":5,""end"":9,""weight"":29}],""greedy_succeeds"":false,""instance_type"":""adversarial"",""greedy_answer"":""Selected: {0, 1, 2, 3}, Total: 44"",""adversarial_pattern"":""chain_trap"",""difficulty_numeric"":15,""critical_step_index"":0}",stage1_procedural_generation
WIS_020,W2,"Intervals:
(0, start=0, end=2, weight=11)
(1, start=2, end=4, weight=11)
(2, start=4, end=6, weight=11)
(3, start=6, end=8, weight=11)
(4, start=1, end=5, weight=30)
(5, start=5, end=9, weight=29)
Objective: maximize total weight of non-overlapping intervals.","Selected: {4, 5}, Total: 59",algorithmic,wis,adversarial,hard,high,procedural_seed_4675367858280413474,verify_wis,"{""subtype"":""WIS"",""intervals"":[{""id"":0,""start"":0,""end"":2,""weight"":11},{""id"":1,""start"":2,""end"":4,""weight"":11},{""id"":2,""start"":4,""end"":6,""weight"":11},{""id"":3,""start"":6,""end"":8,""weight"":11},{""id"":4,""start"":1,""end"":5,""weight"":30},{""id"":5,""start"":5,""end"":9,""weight"":29}],""greedy_succeeds"":false,""instance_type"":""adversarial"",""greedy_answer"":""Selected: {0, 1, 2, 3}, Total: 44"",""adversarial_pattern"":""chain_trap"",""difficulty_numeric"":15,""critical_step_index"":0}",stage1_procedural_generation
WIS_020,W3,"You are given weighted intervals on a timeline. Select a non-overlapping subset with maximum total weight.

Intervals:
Opening Keynote: start=0, end=2, weight=11
Panel Discussion: start=2, end=4, weight=11
Workshop Session: start=4, end=6, weight=11
Closing Remarks: start=6, end=8, weight=11
Industry Showcase: start=1, end=5, weight=30
Networking Event: start=5, end=9, weight=29

Two intervals conflict if their ranges overlap.
Reply with only the selected interval ids and the total weight.
Format: Selected: {X, X, X, ...}, Total: X","Selected: {4, 5}, Total: 59",algorithmic,wis,adversarial,hard,high,procedural_seed_4675367858280413474,verify_wis,"{""subtype"":""WIS"",""intervals"":[{""id"":0,""start"":0,""end"":2,""weight"":11},{""id"":1,""start"":2,""end"":4,""weight"":11},{""id"":2,""start"":4,""end"":6,""weight"":11},{""id"":3,""start"":6,""end"":8,""weight"":11},{""id"":4,""start"":1,""end"":5,""weight"":30},{""id"":5,""start"":5,""end"":9,""weight"":29}],""greedy_succeeds"":false,""instance_type"":""adversarial"",""greedy_answer"":""Selected: {0, 1, 2, 3}, Total: 44"",""adversarial_pattern"":""chain_trap"",""difficulty_numeric"":15,""critical_step_index"":0}","stage1_procedural_generation | {""entity_mapping"": {""Interval 0"": ""Opening Keynote"", ""Interval 1"": ""Panel Discussion"", ""Interval 2"": ""Workshop Session"", ""Interval 3"": ""Closing Remarks"", ""Interval 4"": ""Industry Showcase"", ""Interval 5"": ""Networking Event""}, ""context"": ""Scheduling talks and events for a one-day tech conference.""}"
WIS_020,W4,"J = {(sⱼ, fⱼ, wⱼ)} where:
  (s=0, f=2, w=11)
  (s=2, f=4, w=11)
  (s=4, f=6, w=11)
  (s=6, f=8, w=11)
  (s=1, f=5, w=30)
  (s=5, f=9, w=29)
Non-overlap constraint: ∀i,j ∈ S: [sᵢ,fᵢ] ∩ [sⱼ,fⱼ] = ∅
Find: S ⊆ J maximizing Σⱼ∈S wⱼ
OUTPUT FORMAT:
Selected: {X, X, X, ...}, Total: X","Selected: {4, 5}, Total: 59",algorithmic,wis,adversarial,hard,high,procedural_seed_4675367858280413474,verify_wis,"{""subtype"":""WIS"",""intervals"":[{""id"":0,""start"":0,""end"":2,""weight"":11},{""id"":1,""start"":2,""end"":4,""weight"":11},{""id"":2,""start"":4,""end"":6,""weight"":11},{""id"":3,""start"":6,""end"":8,""weight"":11},{""id"":4,""start"":1,""end"":5,""weight"":30},{""id"":5,""start"":5,""end"":9,""weight"":29}],""greedy_succeeds"":false,""instance_type"":""adversarial"",""greedy_answer"":""Selected: {0, 1, 2, 3}, Total: 44"",""adversarial_pattern"":""chain_trap"",""difficulty_numeric"":15,""critical_step_index"":0}",stage1_procedural_generation
WIS_020,W6,"You are given weighted intervals on a timeline. Select a non-overlapping subset with maximum total weight.

Intervals:
Interval 0: start=0, end=2, weight=11
Interval 1: start=2, end=4, weight=11
Interval 2: start=4, end=6, weight=11
Interval 3: start=6, end=8, weight=11
Interval 4: start=1, end=5, weight=30
Interval 5: start=5, end=9, weight=29

Two intervals conflict if their ranges overlap.
Reply with only the selected interval ids and the total weight.
Format: Selected: {X, X, X, ...}, Total: X","Selected: {0, 1, 2, 3, 4, 5}, Total: 75",algorithmic,wis,adversarial,hard,high,procedural_seed_4675367858280413474,verify_wis,"{""subtype"": ""WIS"", ""intervals"": [{""id"": 0, ""start"": 0, ""end"": 1, ""weight"": 16}, {""id"": 1, ""start"": 2, ""end"": 3, ""weight"": 18}, {""id"": 2, ""start"": 4, ""end"": 5, ""weight"": 15}, {""id"": 3, ""start"": 6, ""end"": 7, ""weight"": 5}, {""id"": 4, ""start"": 8, ""end"": 9, ""weight"": 10}, {""id"": 5, ""start"": 10, ""end"": 11, ""weight"": 11}], ""greedy_succeeds"": false, ""instance_type"": ""adversarial"", ""greedy_answer"": ""Selected: {0, 1, 2, 3}, Total: 44"", ""adversarial_pattern"": ""chain_trap"", ""difficulty_numeric"": 15, ""critical_step_index"": 0, ""weights"": {""0"": 16, ""1"": 18, ""2"": 15, ""3"": 5, ""4"": 10, ""5"": 11}}",stage1_procedural_generation | w6_seed=2863024206
WIS_021,W1,"Given a timeline with weighted intervals, your task is to choose a subset where no intervals overlap, maximizing the sum of weights.

The intervals are:
Interval 0: start=14, end=18, weight=6
Interval 1: start=11, end=13, weight=12
Interval 2: start=13, end=17, weight=14
Interval 3: start=3, end=8, weight=14
Interval 4: start=15, end=17, weight=6
Interval 5: start=8, end=11, weight=17
Interval 6: start=10, end=12, weight=18
Interval 7: start=3, end=8, weight=9
Interval 8: start=7, end=11, weight=18
Interval 9: start=20, end=22, weight=9
Interval 10: start=19, end=22, weight=16

Intervals are considered conflicting when their time ranges have any overlap.
Provide just the chosen interval ids and their combined weight.
Format: Selected: {X, X, X, ...}, Total: X","Selected: {1, 2, 3, 5, 10}, Total: 73",algorithmic,wis,adversarial,hard,high,procedural_seed_6743457767877887013,verify_wis,"{""subtype"":""WIS"",""intervals"":[{""id"":0,""start"":14,""end"":18,""weight"":6},{""id"":1,""start"":11,""end"":13,""weight"":12},{""id"":2,""start"":13,""end"":17,""weight"":14},{""id"":3,""start"":3,""end"":8,""weight"":14},{""id"":4,""start"":15,""end"":17,""weight"":6},{""id"":5,""start"":8,""end"":11,""weight"":17},{""id"":6,""start"":10,""end"":12,""weight"":18},{""id"":7,""start"":3,""end"":8,""weight"":9},{""id"":8,""start"":7,""end"":11,""weight"":18},{""id"":9,""start"":20,""end"":22,""weight"":9},{""id"":10,""start"":19,""end"":22,""weight"":16}],""greedy_succeeds"":true,""instance_type"":""standard"",""greedy_answer"":""Selected: {3, 5, 1, 2, 10}, Total: 73"",""difficulty_numeric"":15,""critical_step_index"":-1}",stage1_procedural_generation
WIS_021,W2,"Intervals:
(0, start=14, end=18, weight=6)
(1, start=11, end=13, weight=12)
(2, start=13, end=17, weight=14)
(3, start=3, end=8, weight=14)
(4, start=15, end=17, weight=6)
(5, start=8, end=11, weight=17)
(6, start=10, end=12, weight=18)
(7, start=3, end=8, weight=9)
(8, start=7, end=11, weight=18)
(9, start=20, end=22, weight=9)
(10, start=19, end=22, weight=16)
Objective: maximize total weight of non-overlapping intervals.","Selected: {1, 2, 3, 5, 10}, Total: 73",algorithmic,wis,adversarial,hard,high,procedural_seed_6743457767877887013,verify_wis,"{""subtype"":""WIS"",""intervals"":[{""id"":0,""start"":14,""end"":18,""weight"":6},{""id"":1,""start"":11,""end"":13,""weight"":12},{""id"":2,""start"":13,""end"":17,""weight"":14},{""id"":3,""start"":3,""end"":8,""weight"":14},{""id"":4,""start"":15,""end"":17,""weight"":6},{""id"":5,""start"":8,""end"":11,""weight"":17},{""id"":6,""start"":10,""end"":12,""weight"":18},{""id"":7,""start"":3,""end"":8,""weight"":9},{""id"":8,""start"":7,""end"":11,""weight"":18},{""id"":9,""start"":20,""end"":22,""weight"":9},{""id"":10,""start"":19,""end"":22,""weight"":16}],""greedy_succeeds"":true,""instance_type"":""standard"",""greedy_answer"":""Selected: {3, 5, 1, 2, 10}, Total: 73"",""difficulty_numeric"":15,""critical_step_index"":-1}",stage1_procedural_generation
WIS_021,W3,"You are given weighted intervals on a timeline. Select a non-overlapping subset with maximum total weight.

Intervals:
Closing Keynote: start=14, end=18, weight=6
Lunch Workshop: start=11, end=13, weight=12
Afternoon Panel: start=13, end=17, weight=14
Morning Tutorial: start=3, end=8, weight=14
Tech Demo: start=15, end=17, weight=6
Midday Session: start=8, end=11, weight=17
Networking Brunch: start=10, end=12, weight=18
Early Workshop: start=3, end=8, weight=9
Product Launch: start=7, end=11, weight=18
Evening Mixer: start=20, end=22, weight=9
Night Reception: start=19, end=22, weight=16

Two intervals conflict if their ranges overlap.
Reply with only the selected interval ids and the total weight.
Format: Selected: {X, X, X, ...}, Total: X","Selected: {1, 2, 3, 5, 10}, Total: 73",algorithmic,wis,adversarial,hard,high,procedural_seed_6743457767877887013,verify_wis,"{""subtype"":""WIS"",""intervals"":[{""id"":0,""start"":14,""end"":18,""weight"":6},{""id"":1,""start"":11,""end"":13,""weight"":12},{""id"":2,""start"":13,""end"":17,""weight"":14},{""id"":3,""start"":3,""end"":8,""weight"":14},{""id"":4,""start"":15,""end"":17,""weight"":6},{""id"":5,""start"":8,""end"":11,""weight"":17},{""id"":6,""start"":10,""end"":12,""weight"":18},{""id"":7,""start"":3,""end"":8,""weight"":9},{""id"":8,""start"":7,""end"":11,""weight"":18},{""id"":9,""start"":20,""end"":22,""weight"":9},{""id"":10,""start"":19,""end"":22,""weight"":16}],""greedy_succeeds"":true,""instance_type"":""standard"",""greedy_answer"":""Selected: {3, 5, 1, 2, 10}, Total: 73"",""difficulty_numeric"":15,""critical_step_index"":-1}","stage1_procedural_generation | {""entity_mapping"": {""Interval 0"": ""Closing Keynote"", ""Interval 1"": ""Lunch Workshop"", ""Interval 2"": ""Afternoon Panel"", ""Interval 3"": ""Morning Tutorial"", ""Interval 4"": ""Tech Demo"", ""Interval 5"": ""Midday Session"", ""Interval 6"": ""Networking Brunch"", ""Interval 7"": ""Early Workshop"", ""Interval 8"": ""Product Launch"", ""Interval 9"": ""Evening Mixer"", ""Interval 10"": ""Night Reception""}, ""context"": ""Scheduling talks and events for a one-day tech conference to maximize attendee value.""}"
WIS_021,W4,"J = {(sⱼ, fⱼ, wⱼ)} where:
  (s=14, f=18, w=6)
  (s=11, f=13, w=12)
  (s=13, f=17, w=14)
  (s=3, f=8, w=14)
  (s=15, f=17, w=6)
  (s=8, f=11, w=17)
  (s=10, f=12, w=18)
  (s=3, f=8, w=9)
  (s=7, f=11, w=18)
  (s=20, f=22, w=9)
  (s=19, f=22, w=16)
Non-overlap constraint: ∀i,j ∈ S: [sᵢ,fᵢ] ∩ [sⱼ,fⱼ] = ∅
Find: S ⊆ J maximizing Σⱼ∈S wⱼ
OUTPUT FORMAT:
Selected: {X, X, X, ...}, Total: X","Selected: {1, 2, 3, 5, 10}, Total: 73",algorithmic,wis,adversarial,hard,high,procedural_seed_6743457767877887013,verify_wis,"{""subtype"":""WIS"",""intervals"":[{""id"":0,""start"":14,""end"":18,""weight"":6},{""id"":1,""start"":11,""end"":13,""weight"":12},{""id"":2,""start"":13,""end"":17,""weight"":14},{""id"":3,""start"":3,""end"":8,""weight"":14},{""id"":4,""start"":15,""end"":17,""weight"":6},{""id"":5,""start"":8,""end"":11,""weight"":17},{""id"":6,""start"":10,""end"":12,""weight"":18},{""id"":7,""start"":3,""end"":8,""weight"":9},{""id"":8,""start"":7,""end"":11,""weight"":18},{""id"":9,""start"":20,""end"":22,""weight"":9},{""id"":10,""start"":19,""end"":22,""weight"":16}],""greedy_succeeds"":true,""instance_type"":""standard"",""greedy_answer"":""Selected: {3, 5, 1, 2, 10}, Total: 73"",""difficulty_numeric"":15,""critical_step_index"":-1}",stage1_procedural_generation
WIS_021,W6,"You are given weighted intervals on a timeline. Select a non-overlapping subset with maximum total weight.

Intervals:
Interval 0: start=14, end=18, weight=6
Interval 1: start=11, end=13, weight=12
Interval 2: start=13, end=17, weight=14
Interval 3: start=3, end=8, weight=14
Interval 4: start=15, end=17, weight=6
Interval 5: start=8, end=11, weight=17
Interval 6: start=10, end=12, weight=18
Interval 7: start=3, end=8, weight=9
Interval 8: start=7, end=11, weight=18
Interval 9: start=20, end=22, weight=9
Interval 10: start=19, end=22, weight=16

Two intervals conflict if their ranges overlap.
Reply with only the selected interval ids and the total weight.
Format: Selected: {X, X, X, ...}, Total: X","Selected: {0, 1, 2, 3, 4, 5, 6, 7, 8, 9, 10}, Total: 111",algorithmic,wis,adversarial,hard,high,procedural_seed_6743457767877887013,verify_wis,"{""subtype"": ""WIS"", ""intervals"": [{""id"": 0, ""start"": 0, ""end"": 1, ""weight"": 4}, {""id"": 1, ""start"": 2, ""end"": 3, ""weight"": 17}, {""id"": 2, ""start"": 4, ""end"": 5, ""weight"": 11}, {""id"": 3, ""start"": 6, ""end"": 7, ""weight"": 9}, {""id"": 4, ""start"": 8, ""end"": 9, ""weight"": 4}, {""id"": 5, ""start"": 10, ""end"": 11, ""weight"": 4}, {""id"": 6, ""start"": 12, ""end"": 13, ""weight"": 6}, {""id"": 7, ""start"": 14, ""end"": 15, ""weight"": 11}, {""id"": 8, ""start"": 16, ""end"": 17, ""weight"": 16}, {""id"": 9, ""start"": 18, ""end"": 19, ""weight"": 13}, {""id"": 10, ""start"": 20, ""end"": 21, ""weight"": 16}], ""greedy_succeeds"": true, ""instance_type"": ""standard"", ""greedy_answer"": ""Selected: {3, 5, 1, 2, 10}, Total: 73"", ""difficulty_numeric"": 15, ""critical_step_index"": -1, ""weights"": {""0"": 4, ""1"": 17, ""2"": 11, ""3"": 9, ""4"": 4, ""5"": 4, ""6"": 6, ""7"": 11, ""8"": 16, ""9"": 13, ""10"": 16}}",stage1_procedural_generation | w6_seed=1548079953
WIS_022,W1,"On a timeline, you have intervals with assigned weights. Choose a subset where no intervals overlap, maximizing the sum of weights.

Intervals:
Interval 0: start=9, end=13, weight=17
Interval 1: start=12, end=14, weight=16
Interval 2: start=3, end=7, weight=12
Interval 3: start=4, end=9, weight=17
Interval 4: start=7, end=9, weight=20
Interval 5: start=12, end=14, weight=5
Interval 6: start=14, end=20, weight=20
Interval 7: start=18, end=24, weight=18
Interval 8: start=18, end=21, weight=9

Intervals are in conflict when their ranges have any overlap.
Respond with just the chosen interval ids and their combined weight.
Format: Selected: {X, X, X, ...}, Total: X","Selected: {0, 2, 4, 6}, Total: 69",algorithmic,wis,adversarial,hard,high,procedural_seed_13736944174657327675,verify_wis,"{""subtype"":""WIS"",""intervals"":[{""id"":0,""start"":9,""end"":13,""weight"":17},{""id"":1,""start"":12,""end"":14,""weight"":16},{""id"":2,""start"":3,""end"":7,""weight"":12},{""id"":3,""start"":4,""end"":9,""weight"":17},{""id"":4,""start"":7,""end"":9,""weight"":20},{""id"":5,""start"":12,""end"":14,""weight"":5},{""id"":6,""start"":14,""end"":20,""weight"":20},{""id"":7,""start"":18,""end"":24,""weight"":18},{""id"":8,""start"":18,""end"":21,""weight"":9}],""greedy_succeeds"":true,""instance_type"":""standard"",""greedy_answer"":""Selected: {2, 4, 0, 6}, Total: 69"",""difficulty_numeric"":15,""critical_step_index"":-1}",stage1_procedural_generation
WIS_022,W2,"Intervals:
(0, start=9, end=13, weight=17)
(1, start=12, end=14, weight=16)
(2, start=3, end=7, weight=12)
(3, start=4, end=9, weight=17)
(4, start=7, end=9, weight=20)
(5, start=12, end=14, weight=5)
(6, start=14, end=20, weight=20)
(7, start=18, end=24, weight=18)
(8, start=18, end=21, weight=9)
Objective: maximize total weight of non-overlapping intervals.","Selected: {0, 2, 4, 6}, Total: 69",algorithmic,wis,adversarial,hard,high,procedural_seed_13736944174657327675,verify_wis,"{""subtype"":""WIS"",""intervals"":[{""id"":0,""start"":9,""end"":13,""weight"":17},{""id"":1,""start"":12,""end"":14,""weight"":16},{""id"":2,""start"":3,""end"":7,""weight"":12},{""id"":3,""start"":4,""end"":9,""weight"":17},{""id"":4,""start"":7,""end"":9,""weight"":20},{""id"":5,""start"":12,""end"":14,""weight"":5},{""id"":6,""start"":14,""end"":20,""weight"":20},{""id"":7,""start"":18,""end"":24,""weight"":18},{""id"":8,""start"":18,""end"":21,""weight"":9}],""greedy_succeeds"":true,""instance_type"":""standard"",""greedy_answer"":""Selected: {2, 4, 0, 6}, Total: 69"",""difficulty_numeric"":15,""critical_step_index"":-1}",stage1_procedural_generation
WIS_022,W3,"You are given weighted intervals on a timeline. Select a non-overlapping subset with maximum total weight.

Intervals:
Morning Keynote: start=9, end=13, weight=17
Lunch Panel: start=12, end=14, weight=16
Opening Ceremony: start=3, end=7, weight=12
Tech Workshop: start=4, end=9, weight=17
Demo Session: start=7, end=9, weight=20
Brief Talk: start=12, end=14, weight=5
Afternoon Workshop: start=14, end=20, weight=20
Evening Keynote: start=18, end=24, weight=18
Closing Remarks: start=18, end=21, weight=9

Two intervals conflict if their ranges overlap.
Reply with only the selected interval ids and the total weight.
Format: Selected: {X, X, X, ...}, Total: X","Selected: {0, 2, 4, 6}, Total: 69",algorithmic,wis,adversarial,hard,high,procedural_seed_13736944174657327675,verify_wis,"{""subtype"":""WIS"",""intervals"":[{""id"":0,""start"":9,""end"":13,""weight"":17},{""id"":1,""start"":12,""end"":14,""weight"":16},{""id"":2,""start"":3,""end"":7,""weight"":12},{""id"":3,""start"":4,""end"":9,""weight"":17},{""id"":4,""start"":7,""end"":9,""weight"":20},{""id"":5,""start"":12,""end"":14,""weight"":5},{""id"":6,""start"":14,""end"":20,""weight"":20},{""id"":7,""start"":18,""end"":24,""weight"":18},{""id"":8,""start"":18,""end"":21,""weight"":9}],""greedy_succeeds"":true,""instance_type"":""standard"",""greedy_answer"":""Selected: {2, 4, 0, 6}, Total: 69"",""difficulty_numeric"":15,""critical_step_index"":-1}","stage1_procedural_generation | {""entity_mapping"": {""Interval 0"": ""Morning Keynote"", ""Interval 1"": ""Lunch Panel"", ""Interval 2"": ""Opening Ceremony"", ""Interval 3"": ""Tech Workshop"", ""Interval 4"": ""Demo Session"", ""Interval 5"": ""Brief Talk"", ""Interval 6"": ""Afternoon Workshop"", ""Interval 7"": ""Evening Keynote"", ""Interval 8"": ""Closing Remarks""}, ""context"": ""Scheduling conference talks at a tech summit to maximize attendee value.""}"
WIS_022,W4,"J = {(sⱼ, fⱼ, wⱼ)} where:
  (s=9, f=13, w=17)
  (s=12, f=14, w=16)
  (s=3, f=7, w=12)
  (s=4, f=9, w=17)
  (s=7, f=9, w=20)
  (s=12, f=14, w=5)
  (s=14, f=20, w=20)
  (s=18, f=24, w=18)
  (s=18, f=21, w=9)
Non-overlap constraint: ∀i,j ∈ S: [sᵢ,fᵢ] ∩ [sⱼ,fⱼ] = ∅
Find: S ⊆ J maximizing Σⱼ∈S wⱼ
OUTPUT FORMAT:
Selected: {X, X, X, ...}, Total: X","Selected: {0, 2, 4, 6}, Total: 69",algorithmic,wis,adversarial,hard,high,procedural_seed_13736944174657327675,verify_wis,"{""subtype"":""WIS"",""intervals"":[{""id"":0,""start"":9,""end"":13,""weight"":17},{""id"":1,""start"":12,""end"":14,""weight"":16},{""id"":2,""start"":3,""end"":7,""weight"":12},{""id"":3,""start"":4,""end"":9,""weight"":17},{""id"":4,""start"":7,""end"":9,""weight"":20},{""id"":5,""start"":12,""end"":14,""weight"":5},{""id"":6,""start"":14,""end"":20,""weight"":20},{""id"":7,""start"":18,""end"":24,""weight"":18},{""id"":8,""start"":18,""end"":21,""weight"":9}],""greedy_succeeds"":true,""instance_type"":""standard"",""greedy_answer"":""Selected: {2, 4, 0, 6}, Total: 69"",""difficulty_numeric"":15,""critical_step_index"":-1}",stage1_procedural_generation
WIS_022,W6,"You are given weighted intervals on a timeline. Select a non-overlapping subset with maximum total weight.

Intervals:
Interval 0: start=9, end=13, weight=17
Interval 1: start=12, end=14, weight=16
Interval 2: start=3, end=7, weight=12
Interval 3: start=4, end=9, weight=17
Interval 4: start=7, end=9, weight=20
Interval 5: start=12, end=14, weight=5
Interval 6: start=14, end=20, weight=20
Interval 7: start=18, end=24, weight=18
Interval 8: start=18, end=21, weight=9

Two intervals conflict if their ranges overlap.
Reply with only the selected interval ids and the total weight.
Format: Selected: {X, X, X, ...}, Total: X","Selected: {0, 1, 2, 3, 4, 5, 6, 7, 8}, Total: 106",algorithmic,wis,adversarial,hard,high,procedural_seed_13736944174657327675,verify_wis,"{""subtype"": ""WIS"", ""intervals"": [{""id"": 0, ""start"": 0, ""end"": 1, ""weight"": 18}, {""id"": 1, ""start"": 2, ""end"": 3, ""weight"": 8}, {""id"": 2, ""start"": 4, ""end"": 5, ""weight"": 6}, {""id"": 3, ""start"": 6, ""end"": 7, ""weight"": 17}, {""id"": 4, ""start"": 8, ""end"": 9, ""weight"": 15}, {""id"": 5, ""start"": 10, ""end"": 11, ""weight"": 16}, {""id"": 6, ""start"": 12, ""end"": 13, ""weight"": 12}, {""id"": 7, ""start"": 14, ""end"": 15, ""weight"": 8}, {""id"": 8, ""start"": 16, ""end"": 17, ""weight"": 6}], ""greedy_succeeds"": true, ""instance_type"": ""standard"", ""greedy_answer"": ""Selected: {2, 4, 0, 6}, Total: 69"", ""difficulty_numeric"": 15, ""critical_step_index"": -1, ""weights"": {""0"": 18, ""1"": 8, ""2"": 6, ""3"": 17, ""4"": 15, ""5"": 16, ""6"": 12, ""7"": 8, ""8"": 6}}",stage1_procedural_generation | w6_seed=2025235606
WIS_023,W1,"You have intervals with weights positioned on a timeline. Choose a collection of non-overlapping intervals that maximizes the sum of weights.

Intervals:
Interval 0: start=0, end=2, weight=9
Interval 1: start=2, end=4, weight=9
Interval 2: start=4, end=6, weight=8
Interval 3: start=1, end=7, weight=39
Interval 4: start=7, end=9, weight=8

Intervals are in conflict when their ranges have any overlap.
Respond with just the chosen interval ids and their combined weight.
Format: Selected: {X, X, X, ...}, Total: X","Selected: {3, 4}, Total: 47",algorithmic,wis,adversarial,hard,high,procedural_seed_5166592786985623758,verify_wis,"{""subtype"":""WIS"",""intervals"":[{""id"":0,""start"":0,""end"":2,""weight"":9},{""id"":1,""start"":2,""end"":4,""weight"":9},{""id"":2,""start"":4,""end"":6,""weight"":8},{""id"":3,""start"":1,""end"":7,""weight"":39},{""id"":4,""start"":7,""end"":9,""weight"":8}],""greedy_succeeds"":false,""instance_type"":""adversarial"",""greedy_answer"":""Selected: {0, 1, 2, 4}, Total: 34"",""adversarial_pattern"":""anchor_conflict"",""difficulty_numeric"":15,""critical_step_index"":0}",stage1_procedural_generation
WIS_023,W2,"Intervals:
(0, start=0, end=2, weight=9)
(1, start=2, end=4, weight=9)
(2, start=4, end=6, weight=8)
(3, start=1, end=7, weight=39)
(4, start=7, end=9, weight=8)
Objective: maximize total weight of non-overlapping intervals.","Selected: {3, 4}, Total: 47",algorithmic,wis,adversarial,hard,high,procedural_seed_5166592786985623758,verify_wis,"{""subtype"":""WIS"",""intervals"":[{""id"":0,""start"":0,""end"":2,""weight"":9},{""id"":1,""start"":2,""end"":4,""weight"":9},{""id"":2,""start"":4,""end"":6,""weight"":8},{""id"":3,""start"":1,""end"":7,""weight"":39},{""id"":4,""start"":7,""end"":9,""weight"":8}],""greedy_succeeds"":false,""instance_type"":""adversarial"",""greedy_answer"":""Selected: {0, 1, 2, 4}, Total: 34"",""adversarial_pattern"":""anchor_conflict"",""difficulty_numeric"":15,""critical_step_index"":0}",stage1_procedural_generation
WIS_023,W3,"You are given weighted intervals on a timeline. Select a non-overlapping subset with maximum total weight.

Intervals:
Opening Keynote: start=0, end=2, weight=9
Panel Discussion: start=2, end=4, weight=9
Networking Break: start=4, end=6, weight=8
Full Day Workshop: start=1, end=7, weight=39
Closing Remarks: start=7, end=9, weight=8

Two intervals conflict if their ranges overlap.
Reply with only the selected interval ids and the total weight.
Format: Selected: {X, X, X, ...}, Total: X","Selected: {3, 4}, Total: 47",algorithmic,wis,adversarial,hard,high,procedural_seed_5166592786985623758,verify_wis,"{""subtype"":""WIS"",""intervals"":[{""id"":0,""start"":0,""end"":2,""weight"":9},{""id"":1,""start"":2,""end"":4,""weight"":9},{""id"":2,""start"":4,""end"":6,""weight"":8},{""id"":3,""start"":1,""end"":7,""weight"":39},{""id"":4,""start"":7,""end"":9,""weight"":8}],""greedy_succeeds"":false,""instance_type"":""adversarial"",""greedy_answer"":""Selected: {0, 1, 2, 4}, Total: 34"",""adversarial_pattern"":""anchor_conflict"",""difficulty_numeric"":15,""critical_step_index"":0}","stage1_procedural_generation | {""entity_mapping"": {""Interval 0"": ""Opening Keynote"", ""Interval 1"": ""Panel Discussion"", ""Interval 2"": ""Networking Break"", ""Interval 3"": ""Full Day Workshop"", ""Interval 4"": ""Closing Remarks""}, ""context"": ""Scheduling sessions for a professional development conference.""}"
WIS_023,W4,"J = {(sⱼ, fⱼ, wⱼ)} where:
  (s=0, f=2, w=9)
  (s=2, f=4, w=9)
  (s=4, f=6, w=8)
  (s=1, f=7, w=39)
  (s=7, f=9, w=8)
Non-overlap constraint: ∀i,j ∈ S: [sᵢ,fᵢ] ∩ [sⱼ,fⱼ] = ∅
Find: S ⊆ J maximizing Σⱼ∈S wⱼ
OUTPUT FORMAT:
Selected: {X, X, X, ...}, Total: X","Selected: {3, 4}, Total: 47",algorithmic,wis,adversarial,hard,high,procedural_seed_5166592786985623758,verify_wis,"{""subtype"":""WIS"",""intervals"":[{""id"":0,""start"":0,""end"":2,""weight"":9},{""id"":1,""start"":2,""end"":4,""weight"":9},{""id"":2,""start"":4,""end"":6,""weight"":8},{""id"":3,""start"":1,""end"":7,""weight"":39},{""id"":4,""start"":7,""end"":9,""weight"":8}],""greedy_succeeds"":false,""instance_type"":""adversarial"",""greedy_answer"":""Selected: {0, 1, 2, 4}, Total: 34"",""adversarial_pattern"":""anchor_conflict"",""difficulty_numeric"":15,""critical_step_index"":0}",stage1_procedural_generation
WIS_023,W6,"You are given weighted intervals on a timeline. Select a non-overlapping subset with maximum total weight.

Intervals:
Interval 0: start=0, end=2, weight=9
Interval 1: start=2, end=4, weight=9
Interval 2: start=4, end=6, weight=8
Interval 3: start=1, end=7, weight=39
Interval 4: start=7, end=9, weight=8

Two intervals conflict if their ranges overlap.
Reply with only the selected interval ids and the total weight.
Format: Selected: {X, X, X, ...}, Total: X","Selected: {0, 1, 2, 3, 4}, Total: 62",algorithmic,wis,adversarial,hard,high,procedural_seed_5166592786985623758,verify_wis,"{""subtype"": ""WIS"", ""intervals"": [{""id"": 0, ""start"": 0, ""end"": 1, ""weight"": 16}, {""id"": 1, ""start"": 2, ""end"": 3, ""weight"": 16}, {""id"": 2, ""start"": 4, ""end"": 5, ""weight"": 12}, {""id"": 3, ""start"": 6, ""end"": 7, ""weight"": 14}, {""id"": 4, ""start"": 8, ""end"": 9, ""weight"": 4}], ""greedy_succeeds"": false, ""instance_type"": ""adversarial"", ""greedy_answer"": ""Selected: {0, 1, 2, 4}, Total: 34"", ""adversarial_pattern"": ""anchor_conflict"", ""difficulty_numeric"": 15, ""critical_step_index"": 0, ""weights"": {""0"": 16, ""1"": 16, ""2"": 12, ""3"": 14, ""4"": 4}}",stage1_procedural_generation | w6_seed=3536510396
WIS_024,W1,"You have intervals with weights on a timeline. Choose a subset where no intervals overlap to maximize the combined weight.

Intervals:
Interval 0: start=0, end=2, weight=7
Interval 1: start=2, end=4, weight=7
Interval 2: start=4, end=6, weight=7
Interval 3: start=6, end=8, weight=8
Interval 4: start=1, end=9, weight=40
Interval 5: start=9, end=11, weight=7

Intervals conflict when their ranges have any overlap.
Respond with just the chosen interval ids and the sum of weights.
Format: Selected: {X, X, X, ...}, Total: X","Selected: {4, 5}, Total: 47",algorithmic,wis,adversarial,hard,high,procedural_seed_2533077643446864004,verify_wis,"{""subtype"":""WIS"",""intervals"":[{""id"":0,""start"":0,""end"":2,""weight"":7},{""id"":1,""start"":2,""end"":4,""weight"":7},{""id"":2,""start"":4,""end"":6,""weight"":7},{""id"":3,""start"":6,""end"":8,""weight"":8},{""id"":4,""start"":1,""end"":9,""weight"":40},{""id"":5,""start"":9,""end"":11,""weight"":7}],""greedy_succeeds"":false,""instance_type"":""adversarial"",""greedy_answer"":""Selected: {0, 1, 2, 3, 5}, Total: 36"",""adversarial_pattern"":""anchor_conflict"",""difficulty_numeric"":15,""critical_step_index"":0}",stage1_procedural_generation
WIS_024,W2,"Intervals:
(0, start=0, end=2, weight=7)
(1, start=2, end=4, weight=7)
(2, start=4, end=6, weight=7)
(3, start=6, end=8, weight=8)
(4, start=1, end=9, weight=40)
(5, start=9, end=11, weight=7)
Objective: maximize total weight of non-overlapping intervals.","Selected: {4, 5}, Total: 47",algorithmic,wis,adversarial,hard,high,procedural_seed_2533077643446864004,verify_wis,"{""subtype"":""WIS"",""intervals"":[{""id"":0,""start"":0,""end"":2,""weight"":7},{""id"":1,""start"":2,""end"":4,""weight"":7},{""id"":2,""start"":4,""end"":6,""weight"":7},{""id"":3,""start"":6,""end"":8,""weight"":8},{""id"":4,""start"":1,""end"":9,""weight"":40},{""id"":5,""start"":9,""end"":11,""weight"":7}],""greedy_succeeds"":false,""instance_type"":""adversarial"",""greedy_answer"":""Selected: {0, 1, 2, 3, 5}, Total: 36"",""adversarial_pattern"":""anchor_conflict"",""difficulty_numeric"":15,""critical_step_index"":0}",stage1_procedural_generation
WIS_024,W3,"You are given weighted intervals on a timeline. Select a non-overlapping subset with maximum total weight.

Intervals:
Opening Keynote: start=0, end=2, weight=7
Tech Panel: start=2, end=4, weight=7
Product Demo: start=4, end=6, weight=7
Networking Break: start=6, end=8, weight=8
Full Day Workshop: start=1, end=9, weight=40
Closing Remarks: start=9, end=11, weight=7

Two intervals conflict if their ranges overlap.
Reply with only the selected interval ids and the total weight.
Format: Selected: {X, X, X, ...}, Total: X","Selected: {4, 5}, Total: 47",algorithmic,wis,adversarial,hard,high,procedural_seed_2533077643446864004,verify_wis,"{""subtype"":""WIS"",""intervals"":[{""id"":0,""start"":0,""end"":2,""weight"":7},{""id"":1,""start"":2,""end"":4,""weight"":7},{""id"":2,""start"":4,""end"":6,""weight"":7},{""id"":3,""start"":6,""end"":8,""weight"":8},{""id"":4,""start"":1,""end"":9,""weight"":40},{""id"":5,""start"":9,""end"":11,""weight"":7}],""greedy_succeeds"":false,""instance_type"":""adversarial"",""greedy_answer"":""Selected: {0, 1, 2, 3, 5}, Total: 36"",""adversarial_pattern"":""anchor_conflict"",""difficulty_numeric"":15,""critical_step_index"":0}","stage1_procedural_generation | {""entity_mapping"": {""Interval 0"": ""Opening Keynote"", ""Interval 1"": ""Tech Panel"", ""Interval 2"": ""Product Demo"", ""Interval 3"": ""Networking Break"", ""Interval 4"": ""Full Day Workshop"", ""Interval 5"": ""Closing Remarks""}, ""context"": ""Schedule conference sessions to maximize attendee value while avoiding time conflicts.""}"
WIS_024,W4,"J = {(sⱼ, fⱼ, wⱼ)} where:
  (s=0, f=2, w=7)
  (s=2, f=4, w=7)
  (s=4, f=6, w=7)
  (s=6, f=8, w=8)
  (s=1, f=9, w=40)
  (s=9, f=11, w=7)
Non-overlap constraint: ∀i,j ∈ S: [sᵢ,fᵢ] ∩ [sⱼ,fⱼ] = ∅
Find: S ⊆ J maximizing Σⱼ∈S wⱼ
OUTPUT FORMAT:
Selected: {X, X, X, ...}, Total: X","Selected: {4, 5}, Total: 47",algorithmic,wis,adversarial,hard,high,procedural_seed_2533077643446864004,verify_wis,"{""subtype"":""WIS"",""intervals"":[{""id"":0,""start"":0,""end"":2,""weight"":7},{""id"":1,""start"":2,""end"":4,""weight"":7},{""id"":2,""start"":4,""end"":6,""weight"":7},{""id"":3,""start"":6,""end"":8,""weight"":8},{""id"":4,""start"":1,""end"":9,""weight"":40},{""id"":5,""start"":9,""end"":11,""weight"":7}],""greedy_succeeds"":false,""instance_type"":""adversarial"",""greedy_answer"":""Selected: {0, 1, 2, 3, 5}, Total: 36"",""adversarial_pattern"":""anchor_conflict"",""difficulty_numeric"":15,""critical_step_index"":0}",stage1_procedural_generation
WIS_024,W6,"You are given weighted intervals on a timeline. Select a non-overlapping subset with maximum total weight.

Intervals:
Interval 0: start=0, end=2, weight=7
Interval 1: start=2, end=4, weight=7
Interval 2: start=4, end=6, weight=7
Interval 3: start=6, end=8, weight=8
Interval 4: start=1, end=9, weight=40
Interval 5: start=9, end=11, weight=7

Two intervals conflict if their ranges overlap.
Reply with only the selected interval ids and the total weight.
Format: Selected: {X, X, X, ...}, Total: X","Selected: {0, 1, 2, 3, 4, 5}, Total: 62",algorithmic,wis,adversarial,hard,high,procedural_seed_2533077643446864004,verify_wis,"{""subtype"": ""WIS"", ""intervals"": [{""id"": 0, ""start"": 0, ""end"": 1, ""weight"": 8}, {""id"": 1, ""start"": 2, ""end"": 3, ""weight"": 17}, {""id"": 2, ""start"": 4, ""end"": 5, ""weight"": 8}, {""id"": 3, ""start"": 6, ""end"": 7, ""weight"": 9}, {""id"": 4, ""start"": 8, ""end"": 9, ""weight"": 11}, {""id"": 5, ""start"": 10, ""end"": 11, ""weight"": 9}], ""greedy_succeeds"": false, ""instance_type"": ""adversarial"", ""greedy_answer"": ""Selected: {0, 1, 2, 3, 5}, Total: 36"", ""adversarial_pattern"": ""anchor_conflict"", ""difficulty_numeric"": 15, ""critical_step_index"": 0, ""weights"": {""0"": 8, ""1"": 17, ""2"": 8, ""3"": 9, ""4"": 11, ""5"": 9}}",stage1_procedural_generation | w6_seed=2894786443
WIS_025,W1,"You have intervals with weights positioned on a timeline. Choose a subset where no intervals overlap that gives the highest combined weight.

Intervals:
Interval 0: start=0, end=2, weight=8
Interval 1: start=2, end=4, weight=9
Interval 2: start=4, end=6, weight=7
Interval 3: start=1, end=7, weight=37
Interval 4: start=7, end=9, weight=7

Intervals are in conflict when their ranges have any overlap.
Respond with just the chosen interval ids and their combined weight.
Format: Selected: {X, X, X, ...}, Total: X","Selected: {3, 4}, Total: 44",algorithmic,wis,adversarial,hard,high,procedural_seed_14585580702560654625,verify_wis,"{""subtype"":""WIS"",""intervals"":[{""id"":0,""start"":0,""end"":2,""weight"":8},{""id"":1,""start"":2,""end"":4,""weight"":9},{""id"":2,""start"":4,""end"":6,""weight"":7},{""id"":3,""start"":1,""end"":7,""weight"":37},{""id"":4,""start"":7,""end"":9,""weight"":7}],""greedy_succeeds"":false,""instance_type"":""adversarial"",""greedy_answer"":""Selected: {0, 1, 2, 4}, Total: 31"",""adversarial_pattern"":""anchor_conflict"",""difficulty_numeric"":15,""critical_step_index"":0}",stage1_procedural_generation
WIS_025,W2,"Intervals:
(0, start=0, end=2, weight=8)
(1, start=2, end=4, weight=9)
(2, start=4, end=6, weight=7)
(3, start=1, end=7, weight=37)
(4, start=7, end=9, weight=7)
Objective: maximize total weight of non-overlapping intervals.","Selected: {3, 4}, Total: 44",algorithmic,wis,adversarial,hard,high,procedural_seed_14585580702560654625,verify_wis,"{""subtype"":""WIS"",""intervals"":[{""id"":0,""start"":0,""end"":2,""weight"":8},{""id"":1,""start"":2,""end"":4,""weight"":9},{""id"":2,""start"":4,""end"":6,""weight"":7},{""id"":3,""start"":1,""end"":7,""weight"":37},{""id"":4,""start"":7,""end"":9,""weight"":7}],""greedy_succeeds"":false,""instance_type"":""adversarial"",""greedy_answer"":""Selected: {0, 1, 2, 4}, Total: 31"",""adversarial_pattern"":""anchor_conflict"",""difficulty_numeric"":15,""critical_step_index"":0}",stage1_procedural_generation
WIS_025,W3,"You are given weighted intervals on a timeline. Select a non-overlapping subset with maximum total weight.

Intervals:
Opening Keynote: start=0, end=2, weight=8
Panel Discussion: start=2, end=4, weight=9
Networking Break: start=4, end=6, weight=7
Full Day Workshop: start=1, end=7, weight=37
Closing Remarks: start=7, end=9, weight=7

Two intervals conflict if their ranges overlap.
Reply with only the selected interval ids and the total weight.
Format: Selected: {X, X, X, ...}, Total: X","Selected: {3, 4}, Total: 44",algorithmic,wis,adversarial,hard,high,procedural_seed_14585580702560654625,verify_wis,"{""subtype"":""WIS"",""intervals"":[{""id"":0,""start"":0,""end"":2,""weight"":8},{""id"":1,""start"":2,""end"":4,""weight"":9},{""id"":2,""start"":4,""end"":6,""weight"":7},{""id"":3,""start"":1,""end"":7,""weight"":37},{""id"":4,""start"":7,""end"":9,""weight"":7}],""greedy_succeeds"":false,""instance_type"":""adversarial"",""greedy_answer"":""Selected: {0, 1, 2, 4}, Total: 31"",""adversarial_pattern"":""anchor_conflict"",""difficulty_numeric"":15,""critical_step_index"":0}","stage1_procedural_generation | {""entity_mapping"": {""Interval 0"": ""Opening Keynote"", ""Interval 1"": ""Panel Discussion"", ""Interval 2"": ""Networking Break"", ""Interval 3"": ""Full Day Workshop"", ""Interval 4"": ""Closing Remarks""}, ""context"": ""A conference organizer must schedule non-overlapping events to maximize attendee value.""}"
WIS_025,W4,"J = {(sⱼ, fⱼ, wⱼ)} where:
  (s=0, f=2, w=8)
  (s=2, f=4, w=9)
  (s=4, f=6, w=7)
  (s=1, f=7, w=37)
  (s=7, f=9, w=7)
Non-overlap constraint: ∀i,j ∈ S: [sᵢ,fᵢ] ∩ [sⱼ,fⱼ] = ∅
Find: S ⊆ J maximizing Σⱼ∈S wⱼ
OUTPUT FORMAT:
Selected: {X, X, X, ...}, Total: X","Selected: {3, 4}, Total: 44",algorithmic,wis,adversarial,hard,high,procedural_seed_14585580702560654625,verify_wis,"{""subtype"":""WIS"",""intervals"":[{""id"":0,""start"":0,""end"":2,""weight"":8},{""id"":1,""start"":2,""end"":4,""weight"":9},{""id"":2,""start"":4,""end"":6,""weight"":7},{""id"":3,""start"":1,""end"":7,""weight"":37},{""id"":4,""start"":7,""end"":9,""weight"":7}],""greedy_succeeds"":false,""instance_type"":""adversarial"",""greedy_answer"":""Selected: {0, 1, 2, 4}, Total: 31"",""adversarial_pattern"":""anchor_conflict"",""difficulty_numeric"":15,""critical_step_index"":0}",stage1_procedural_generation
WIS_025,W6,"You are given weighted intervals on a timeline. Select a non-overlapping subset with maximum total weight.

Intervals:
Interval 0: start=0, end=2, weight=8
Interval 1: start=2, end=4, weight=9
Interval 2: start=4, end=6, weight=7
Interval 3: start=1, end=7, weight=37
Interval 4: start=7, end=9, weight=7

Two intervals conflict if their ranges overlap.
Reply with only the selected interval ids and the total weight.
Format: Selected: {X, X, X, ...}, Total: X","Selected: {0, 1, 2, 3, 4}, Total: 43",algorithmic,wis,adversarial,hard,high,procedural_seed_14585580702560654625,verify_wis,"{""subtype"": ""WIS"", ""intervals"": [{""id"": 0, ""start"": 0, ""end"": 1, ""weight"": 8}, {""id"": 1, ""start"": 2, ""end"": 3, ""weight"": 13}, {""id"": 2, ""start"": 4, ""end"": 5, ""weight"": 13}, {""id"": 3, ""start"": 6, ""end"": 7, ""weight"": 5}, {""id"": 4, ""start"": 8, ""end"": 9, ""weight"": 4}], ""greedy_succeeds"": false, ""instance_type"": ""adversarial"", ""greedy_answer"": ""Selected: {0, 1, 2, 4}, Total: 31"", ""adversarial_pattern"": ""anchor_conflict"", ""difficulty_numeric"": 15, ""critical_step_index"": 0, ""weights"": {""0"": 8, ""1"": 13, ""2"": 13, ""3"": 5, ""4"": 4}}",stage1_procedural_generation | w6_seed=2101202516
WIS_026,W1,"You have intervals with weights on a timeline. Choose a subset without overlaps that maximizes the sum of weights.

Intervals:
Interval 0: start=0, end=2, weight=9
Interval 1: start=2, end=4, weight=7
Interval 2: start=4, end=6, weight=9
Interval 3: start=6, end=8, weight=9
Interval 4: start=1, end=9, weight=46
Interval 5: start=9, end=11, weight=7

Intervals conflict when their ranges intersect.
Respond with just the chosen interval ids and their combined weight.
Format: Selected: {X, X, X, ...}, Total: X","Selected: {4, 5}, Total: 53",algorithmic,wis,adversarial,hard,high,procedural_seed_8374625144547855851,verify_wis,"{""subtype"":""WIS"",""intervals"":[{""id"":0,""start"":0,""end"":2,""weight"":9},{""id"":1,""start"":2,""end"":4,""weight"":7},{""id"":2,""start"":4,""end"":6,""weight"":9},{""id"":3,""start"":6,""end"":8,""weight"":9},{""id"":4,""start"":1,""end"":9,""weight"":46},{""id"":5,""start"":9,""end"":11,""weight"":7}],""greedy_succeeds"":false,""instance_type"":""adversarial"",""greedy_answer"":""Selected: {0, 1, 2, 3, 5}, Total: 41"",""adversarial_pattern"":""anchor_conflict"",""difficulty_numeric"":15,""critical_step_index"":0}",stage1_procedural_generation
WIS_026,W2,"Intervals:
(0, start=0, end=2, weight=9)
(1, start=2, end=4, weight=7)
(2, start=4, end=6, weight=9)
(3, start=6, end=8, weight=9)
(4, start=1, end=9, weight=46)
(5, start=9, end=11, weight=7)
Objective: maximize total weight of non-overlapping intervals.","Selected: {4, 5}, Total: 53",algorithmic,wis,adversarial,hard,high,procedural_seed_8374625144547855851,verify_wis,"{""subtype"":""WIS"",""intervals"":[{""id"":0,""start"":0,""end"":2,""weight"":9},{""id"":1,""start"":2,""end"":4,""weight"":7},{""id"":2,""start"":4,""end"":6,""weight"":9},{""id"":3,""start"":6,""end"":8,""weight"":9},{""id"":4,""start"":1,""end"":9,""weight"":46},{""id"":5,""start"":9,""end"":11,""weight"":7}],""greedy_succeeds"":false,""instance_type"":""adversarial"",""greedy_answer"":""Selected: {0, 1, 2, 3, 5}, Total: 41"",""adversarial_pattern"":""anchor_conflict"",""difficulty_numeric"":15,""critical_step_index"":0}",stage1_procedural_generation
WIS_026,W3,"You are given weighted intervals on a timeline. Select a non-overlapping subset with maximum total weight.

Intervals:
Opening Keynote: start=0, end=2, weight=9
Panel Discussion: start=2, end=4, weight=7
Tech Workshop: start=4, end=6, weight=9
Networking Session: start=6, end=8, weight=9
Full Day Seminar: start=1, end=9, weight=46
Closing Remarks: start=9, end=11, weight=7

Two intervals conflict if their ranges overlap.
Reply with only the selected interval ids and the total weight.
Format: Selected: {X, X, X, ...}, Total: X","Selected: {4, 5}, Total: 53",algorithmic,wis,adversarial,hard,high,procedural_seed_8374625144547855851,verify_wis,"{""subtype"":""WIS"",""intervals"":[{""id"":0,""start"":0,""end"":2,""weight"":9},{""id"":1,""start"":2,""end"":4,""weight"":7},{""id"":2,""start"":4,""end"":6,""weight"":9},{""id"":3,""start"":6,""end"":8,""weight"":9},{""id"":4,""start"":1,""end"":9,""weight"":46},{""id"":5,""start"":9,""end"":11,""weight"":7}],""greedy_succeeds"":false,""instance_type"":""adversarial"",""greedy_answer"":""Selected: {0, 1, 2, 3, 5}, Total: 41"",""adversarial_pattern"":""anchor_conflict"",""difficulty_numeric"":15,""critical_step_index"":0}","stage1_procedural_generation | {""entity_mapping"": {""Interval 0"": ""Opening Keynote"", ""Interval 1"": ""Panel Discussion"", ""Interval 2"": ""Tech Workshop"", ""Interval 3"": ""Networking Session"", ""Interval 4"": ""Full Day Seminar"", ""Interval 5"": ""Closing Remarks""}, ""context"": ""Scheduling conference events to maximize attendance value while avoiding time conflicts.""}"
WIS_026,W4,"J = {(sⱼ, fⱼ, wⱼ)} where:
  (s=0, f=2, w=9)
  (s=2, f=4, w=7)
  (s=4, f=6, w=9)
  (s=6, f=8, w=9)
  (s=1, f=9, w=46)
  (s=9, f=11, w=7)
Non-overlap constraint: ∀i,j ∈ S: [sᵢ,fᵢ] ∩ [sⱼ,fⱼ] = ∅
Find: S ⊆ J maximizing Σⱼ∈S wⱼ
OUTPUT FORMAT:
Selected: {X, X, X, ...}, Total: X","Selected: {4, 5}, Total: 53",algorithmic,wis,adversarial,hard,high,procedural_seed_8374625144547855851,verify_wis,"{""subtype"":""WIS"",""intervals"":[{""id"":0,""start"":0,""end"":2,""weight"":9},{""id"":1,""start"":2,""end"":4,""weight"":7},{""id"":2,""start"":4,""end"":6,""weight"":9},{""id"":3,""start"":6,""end"":8,""weight"":9},{""id"":4,""start"":1,""end"":9,""weight"":46},{""id"":5,""start"":9,""end"":11,""weight"":7}],""greedy_succeeds"":false,""instance_type"":""adversarial"",""greedy_answer"":""Selected: {0, 1, 2, 3, 5}, Total: 41"",""adversarial_pattern"":""anchor_conflict"",""difficulty_numeric"":15,""critical_step_index"":0}",stage1_procedural_generation
WIS_026,W6,"You are given weighted intervals on a timeline. Select a non-overlapping subset with maximum total weight.

Intervals:
Interval 0: start=0, end=2, weight=9
Interval 1: start=2, end=4, weight=7
Interval 2: start=4, end=6, weight=9
Interval 3: start=6, end=8, weight=9
Interval 4: start=1, end=9, weight=46
Interval 5: start=9, end=11, weight=7

Two intervals conflict if their ranges overlap.
Reply with only the selected interval ids and the total weight.
Format: Selected: {X, X, X, ...}, Total: X","Selected: {0, 1, 2, 3, 4, 5}, Total: 69",algorithmic,wis,adversarial,hard,high,procedural_seed_8374625144547855851,verify_wis,"{""subtype"": ""WIS"", ""intervals"": [{""id"": 0, ""start"": 0, ""end"": 1, ""weight"": 9}, {""id"": 1, ""start"": 2, ""end"": 3, ""weight"": 12}, {""id"": 2, ""start"": 4, ""end"": 5, ""weight"": 9}, {""id"": 3, ""start"": 6, ""end"": 7, ""weight"": 14}, {""id"": 4, ""start"": 8, ""end"": 9, ""weight"": 15}, {""id"": 5, ""start"": 10, ""end"": 11, ""weight"": 10}], ""greedy_succeeds"": false, ""instance_type"": ""adversarial"", ""greedy_answer"": ""Selected: {0, 1, 2, 3, 5}, Total: 41"", ""adversarial_pattern"": ""anchor_conflict"", ""difficulty_numeric"": 15, ""critical_step_index"": 0, ""weights"": {""0"": 9, ""1"": 12, ""2"": 9, ""3"": 14, ""4"": 15, ""5"": 10}}",stage1_procedural_generation | w6_seed=299830340
WIS_027,W1,"You have weighted intervals placed on a timeline. Choose a subset where no intervals overlap, maximizing the sum of weights.

Intervals:
Interval 0: start=0, end=2, weight=11
Interval 1: start=2, end=4, weight=11
Interval 2: start=4, end=6, weight=11
Interval 3: start=6, end=8, weight=11
Interval 4: start=1, end=5, weight=27
Interval 5: start=5, end=9, weight=29

Intervals are in conflict when their ranges share any time points.
Respond with just the chosen interval ids and the combined weight.
Format: Selected: {X, X, X, ...}, Total: X","Selected: {4, 5}, Total: 56",algorithmic,wis,adversarial,hard,high,procedural_seed_7696354930666030684,verify_wis,"{""subtype"":""WIS"",""intervals"":[{""id"":0,""start"":0,""end"":2,""weight"":11},{""id"":1,""start"":2,""end"":4,""weight"":11},{""id"":2,""start"":4,""end"":6,""weight"":11},{""id"":3,""start"":6,""end"":8,""weight"":11},{""id"":4,""start"":1,""end"":5,""weight"":27},{""id"":5,""start"":5,""end"":9,""weight"":29}],""greedy_succeeds"":false,""instance_type"":""adversarial"",""greedy_answer"":""Selected: {0, 1, 2, 3}, Total: 44"",""adversarial_pattern"":""chain_trap"",""difficulty_numeric"":15,""critical_step_index"":0}",stage1_procedural_generation
WIS_027,W2,"Intervals:
(0, start=0, end=2, weight=11)
(1, start=2, end=4, weight=11)
(2, start=4, end=6, weight=11)
(3, start=6, end=8, weight=11)
(4, start=1, end=5, weight=27)
(5, start=5, end=9, weight=29)
Objective: maximize total weight of non-overlapping intervals.","Selected: {4, 5}, Total: 56",algorithmic,wis,adversarial,hard,high,procedural_seed_7696354930666030684,verify_wis,"{""subtype"":""WIS"",""intervals"":[{""id"":0,""start"":0,""end"":2,""weight"":11},{""id"":1,""start"":2,""end"":4,""weight"":11},{""id"":2,""start"":4,""end"":6,""weight"":11},{""id"":3,""start"":6,""end"":8,""weight"":11},{""id"":4,""start"":1,""end"":5,""weight"":27},{""id"":5,""start"":5,""end"":9,""weight"":29}],""greedy_succeeds"":false,""instance_type"":""adversarial"",""greedy_answer"":""Selected: {0, 1, 2, 3}, Total: 44"",""adversarial_pattern"":""chain_trap"",""difficulty_numeric"":15,""critical_step_index"":0}",stage1_procedural_generation
WIS_027,W3,"You are given weighted intervals on a timeline. Select a non-overlapping subset with maximum total weight.

Intervals:
Opening Keynote: start=0, end=2, weight=11
Panel Discussion: start=2, end=4, weight=11
Workshop Session: start=4, end=6, weight=11
Closing Remarks: start=6, end=8, weight=11
Tech Demo: start=1, end=5, weight=27
Networking Event: start=5, end=9, weight=29

Two intervals conflict if their ranges overlap.
Reply with only the selected interval ids and the total weight.
Format: Selected: {X, X, X, ...}, Total: X","Selected: {4, 5}, Total: 56",algorithmic,wis,adversarial,hard,high,procedural_seed_7696354930666030684,verify_wis,"{""subtype"":""WIS"",""intervals"":[{""id"":0,""start"":0,""end"":2,""weight"":11},{""id"":1,""start"":2,""end"":4,""weight"":11},{""id"":2,""start"":4,""end"":6,""weight"":11},{""id"":3,""start"":6,""end"":8,""weight"":11},{""id"":4,""start"":1,""end"":5,""weight"":27},{""id"":5,""start"":5,""end"":9,""weight"":29}],""greedy_succeeds"":false,""instance_type"":""adversarial"",""greedy_answer"":""Selected: {0, 1, 2, 3}, Total: 44"",""adversarial_pattern"":""chain_trap"",""difficulty_numeric"":15,""critical_step_index"":0}","stage1_procedural_generation | {""entity_mapping"": {""Interval 0"": ""Opening Keynote"", ""Interval 1"": ""Panel Discussion"", ""Interval 2"": ""Workshop Session"", ""Interval 3"": ""Closing Remarks"", ""Interval 4"": ""Tech Demo"", ""Interval 5"": ""Networking Event""}, ""context"": ""Scheduling non-overlapping sessions for a one-day technology conference to maximize attendee value.""}"
WIS_027,W4,"J = {(sⱼ, fⱼ, wⱼ)} where:
  (s=0, f=2, w=11)
  (s=2, f=4, w=11)
  (s=4, f=6, w=11)
  (s=6, f=8, w=11)
  (s=1, f=5, w=27)
  (s=5, f=9, w=29)
Non-overlap constraint: ∀i,j ∈ S: [sᵢ,fᵢ] ∩ [sⱼ,fⱼ] = ∅
Find: S ⊆ J maximizing Σⱼ∈S wⱼ
OUTPUT FORMAT:
Selected: {X, X, X, ...}, Total: X","Selected: {4, 5}, Total: 56",algorithmic,wis,adversarial,hard,high,procedural_seed_7696354930666030684,verify_wis,"{""subtype"":""WIS"",""intervals"":[{""id"":0,""start"":0,""end"":2,""weight"":11},{""id"":1,""start"":2,""end"":4,""weight"":11},{""id"":2,""start"":4,""end"":6,""weight"":11},{""id"":3,""start"":6,""end"":8,""weight"":11},{""id"":4,""start"":1,""end"":5,""weight"":27},{""id"":5,""start"":5,""end"":9,""weight"":29}],""greedy_succeeds"":false,""instance_type"":""adversarial"",""greedy_answer"":""Selected: {0, 1, 2, 3}, Total: 44"",""adversarial_pattern"":""chain_trap"",""difficulty_numeric"":15,""critical_step_index"":0}",stage1_procedural_generation
WIS_027,W6,"You are given weighted intervals on a timeline. Select a non-overlapping subset with maximum total weight.

Intervals:
Interval 0: start=0, end=2, weight=11
Interval 1: start=2, end=4, weight=11
Interval 2: start=4, end=6, weight=11
Interval 3: start=6, end=8, weight=11
Interval 4: start=1, end=5, weight=27
Interval 5: start=5, end=9, weight=29

Two intervals conflict if their ranges overlap.
Reply with only the selected interval ids and the total weight.
Format: Selected: {X, X, X, ...}, Total: X","Selected: {0, 1, 2, 3, 4, 5}, Total: 54",algorithmic,wis,adversarial,hard,high,procedural_seed_7696354930666030684,verify_wis,"{""subtype"": ""WIS"", ""intervals"": [{""id"": 0, ""start"": 0, ""end"": 1, ""weight"": 7}, {""id"": 1, ""start"": 2, ""end"": 3, ""weight"": 9}, {""id"": 2, ""start"": 4, ""end"": 5, ""weight"": 8}, {""id"": 3, ""start"": 6, ""end"": 7, ""weight"": 7}, {""id"": 4, ""start"": 8, ""end"": 9, ""weight"": 14}, {""id"": 5, ""start"": 10, ""end"": 11, ""weight"": 9}], ""greedy_succeeds"": false, ""instance_type"": ""adversarial"", ""greedy_answer"": ""Selected: {0, 1, 2, 3}, Total: 44"", ""adversarial_pattern"": ""chain_trap"", ""difficulty_numeric"": 15, ""critical_step_index"": 0, ""weights"": {""0"": 7, ""1"": 9, ""2"": 8, ""3"": 7, ""4"": 14, ""5"": 9}}",stage1_procedural_generation | w6_seed=461409774
WIS_028,W1,"Given a timeline with weighted intervals, find a subset of non-overlapping intervals that maximizes the sum of weights.

Intervals:
Interval 0: start=0, end=2, weight=9
Interval 1: start=2, end=4, weight=9
Interval 2: start=4, end=6, weight=8
Interval 3: start=1, end=7, weight=37
Interval 4: start=7, end=9, weight=6

Intervals are considered to conflict when their ranges have any overlap.
Provide only the chosen interval ids and their combined weight.
Format: Selected: {X, X, X, ...}, Total: X","Selected: {3, 4}, Total: 43",algorithmic,wis,adversarial,hard,high,procedural_seed_5069890737830562163,verify_wis,"{""subtype"":""WIS"",""intervals"":[{""id"":0,""start"":0,""end"":2,""weight"":9},{""id"":1,""start"":2,""end"":4,""weight"":9},{""id"":2,""start"":4,""end"":6,""weight"":8},{""id"":3,""start"":1,""end"":7,""weight"":37},{""id"":4,""start"":7,""end"":9,""weight"":6}],""greedy_succeeds"":false,""instance_type"":""adversarial"",""greedy_answer"":""Selected: {0, 1, 2, 4}, Total: 32"",""adversarial_pattern"":""anchor_conflict"",""difficulty_numeric"":15,""critical_step_index"":0}",stage1_procedural_generation
WIS_028,W2,"Intervals:
(0, start=0, end=2, weight=9)
(1, start=2, end=4, weight=9)
(2, start=4, end=6, weight=8)
(3, start=1, end=7, weight=37)
(4, start=7, end=9, weight=6)
Objective: maximize total weight of non-overlapping intervals.","Selected: {3, 4}, Total: 43",algorithmic,wis,adversarial,hard,high,procedural_seed_5069890737830562163,verify_wis,"{""subtype"":""WIS"",""intervals"":[{""id"":0,""start"":0,""end"":2,""weight"":9},{""id"":1,""start"":2,""end"":4,""weight"":9},{""id"":2,""start"":4,""end"":6,""weight"":8},{""id"":3,""start"":1,""end"":7,""weight"":37},{""id"":4,""start"":7,""end"":9,""weight"":6}],""greedy_succeeds"":false,""instance_type"":""adversarial"",""greedy_answer"":""Selected: {0, 1, 2, 4}, Total: 32"",""adversarial_pattern"":""anchor_conflict"",""difficulty_numeric"":15,""critical_step_index"":0}",stage1_procedural_generation
WIS_028,W3,"You are given weighted intervals on a timeline. Select a non-overlapping subset with maximum total weight.

Intervals:
Opening Keynote: start=0, end=2, weight=9
Panel Discussion: start=2, end=4, weight=9
Tech Demo: start=4, end=6, weight=8
Full Day Workshop: start=1, end=7, weight=37
Closing Remarks: start=7, end=9, weight=6

Two intervals conflict if their ranges overlap.
Reply with only the selected interval ids and the total weight.
Format: Selected: {X, X, X, ...}, Total: X","Selected: {3, 4}, Total: 43",algorithmic,wis,adversarial,hard,high,procedural_seed_5069890737830562163,verify_wis,"{""subtype"":""WIS"",""intervals"":[{""id"":0,""start"":0,""end"":2,""weight"":9},{""id"":1,""start"":2,""end"":4,""weight"":9},{""id"":2,""start"":4,""end"":6,""weight"":8},{""id"":3,""start"":1,""end"":7,""weight"":37},{""id"":4,""start"":7,""end"":9,""weight"":6}],""greedy_succeeds"":false,""instance_type"":""adversarial"",""greedy_answer"":""Selected: {0, 1, 2, 4}, Total: 32"",""adversarial_pattern"":""anchor_conflict"",""difficulty_numeric"":15,""critical_step_index"":0}","stage1_procedural_generation | {""entity_mapping"": {""Interval 0"": ""Opening Keynote"", ""Interval 1"": ""Panel Discussion"", ""Interval 2"": ""Tech Demo"", ""Interval 3"": ""Full Day Workshop"", ""Interval 4"": ""Closing Remarks""}, ""context"": ""Scheduling talks and sessions for a technology conference.""}"
WIS_028,W4,"J = {(sⱼ, fⱼ, wⱼ)} where:
  (s=0, f=2, w=9)
  (s=2, f=4, w=9)
  (s=4, f=6, w=8)
  (s=1, f=7, w=37)
  (s=7, f=9, w=6)
Non-overlap constraint: ∀i,j ∈ S: [sᵢ,fᵢ] ∩ [sⱼ,fⱼ] = ∅
Find: S ⊆ J maximizing Σⱼ∈S wⱼ
OUTPUT FORMAT:
Selected: {X, X, X, ...}, Total: X","Selected: {3, 4}, Total: 43",algorithmic,wis,adversarial,hard,high,procedural_seed_5069890737830562163,verify_wis,"{""subtype"":""WIS"",""intervals"":[{""id"":0,""start"":0,""end"":2,""weight"":9},{""id"":1,""start"":2,""end"":4,""weight"":9},{""id"":2,""start"":4,""end"":6,""weight"":8},{""id"":3,""start"":1,""end"":7,""weight"":37},{""id"":4,""start"":7,""end"":9,""weight"":6}],""greedy_succeeds"":false,""instance_type"":""adversarial"",""greedy_answer"":""Selected: {0, 1, 2, 4}, Total: 32"",""adversarial_pattern"":""anchor_conflict"",""difficulty_numeric"":15,""critical_step_index"":0}",stage1_procedural_generation
WIS_028,W6,"You are given weighted intervals on a timeline. Select a non-overlapping subset with maximum total weight.

Intervals:
Interval 0: start=0, end=2, weight=9
Interval 1: start=2, end=4, weight=9
Interval 2: start=4, end=6, weight=8
Interval 3: start=1, end=7, weight=37
Interval 4: start=7, end=9, weight=6

Two intervals conflict if their ranges overlap.
Reply with only the selected interval ids and the total weight.
Format: Selected: {X, X, X, ...}, Total: X","Selected: {0, 1, 2, 3, 4}, Total: 45",algorithmic,wis,adversarial,hard,high,procedural_seed_5069890737830562163,verify_wis,"{""subtype"": ""WIS"", ""intervals"": [{""id"": 0, ""start"": 0, ""end"": 1, ""weight"": 15}, {""id"": 1, ""start"": 2, ""end"": 3, ""weight"": 7}, {""id"": 2, ""start"": 4, ""end"": 5, ""weight"": 4}, {""id"": 3, ""start"": 6, ""end"": 7, ""weight"": 11}, {""id"": 4, ""start"": 8, ""end"": 9, ""weight"": 8}], ""greedy_succeeds"": false, ""instance_type"": ""adversarial"", ""greedy_answer"": ""Selected: {0, 1, 2, 4}, Total: 32"", ""adversarial_pattern"": ""anchor_conflict"", ""difficulty_numeric"": 15, ""critical_step_index"": 0, ""weights"": {""0"": 15, ""1"": 7, ""2"": 4, ""3"": 11, ""4"": 8}}",stage1_procedural_generation | w6_seed=2463483692
WIS_029,W1,"You have a set of weighted time intervals. Choose a collection of non-overlapping intervals that maximizes the sum of weights.

Intervals:
Interval 0: start=0, end=2, weight=7
Interval 1: start=2, end=4, weight=8
Interval 2: start=4, end=6, weight=7
Interval 3: start=6, end=8, weight=7
Interval 4: start=1, end=9, weight=41
Interval 5: start=9, end=11, weight=6

Intervals are in conflict when their time ranges have any overlap.
Respond with just the chosen interval ids and their combined weight.
Format: Selected: {X, X, X, ...}, Total: X","Selected: {4, 5}, Total: 47",algorithmic,wis,adversarial,hard,high,procedural_seed_129551032300386607,verify_wis,"{""subtype"":""WIS"",""intervals"":[{""id"":0,""start"":0,""end"":2,""weight"":7},{""id"":1,""start"":2,""end"":4,""weight"":8},{""id"":2,""start"":4,""end"":6,""weight"":7},{""id"":3,""start"":6,""end"":8,""weight"":7},{""id"":4,""start"":1,""end"":9,""weight"":41},{""id"":5,""start"":9,""end"":11,""weight"":6}],""greedy_succeeds"":false,""instance_type"":""adversarial"",""greedy_answer"":""Selected: {0, 1, 2, 3, 5}, Total: 35"",""adversarial_pattern"":""anchor_conflict"",""difficulty_numeric"":15,""critical_step_index"":0}",stage1_procedural_generation
WIS_029,W2,"Intervals:
(0, start=0, end=2, weight=7)
(1, start=2, end=4, weight=8)
(2, start=4, end=6, weight=7)
(3, start=6, end=8, weight=7)
(4, start=1, end=9, weight=41)
(5, start=9, end=11, weight=6)
Objective: maximize total weight of non-overlapping intervals.","Selected: {4, 5}, Total: 47",algorithmic,wis,adversarial,hard,high,procedural_seed_129551032300386607,verify_wis,"{""subtype"":""WIS"",""intervals"":[{""id"":0,""start"":0,""end"":2,""weight"":7},{""id"":1,""start"":2,""end"":4,""weight"":8},{""id"":2,""start"":4,""end"":6,""weight"":7},{""id"":3,""start"":6,""end"":8,""weight"":7},{""id"":4,""start"":1,""end"":9,""weight"":41},{""id"":5,""start"":9,""end"":11,""weight"":6}],""greedy_succeeds"":false,""instance_type"":""adversarial"",""greedy_answer"":""Selected: {0, 1, 2, 3, 5}, Total: 35"",""adversarial_pattern"":""anchor_conflict"",""difficulty_numeric"":15,""critical_step_index"":0}",stage1_procedural_generation
WIS_029,W3,"You are given weighted intervals on a timeline. Select a non-overlapping subset with maximum total weight.

Intervals:
Opening Keynote: start=0, end=2, weight=7
AI Panel: start=2, end=4, weight=8
Security Workshop: start=4, end=6, weight=7
Networking Break: start=6, end=8, weight=7
Full Day Bootcamp: start=1, end=9, weight=41
Closing Remarks: start=9, end=11, weight=6

Two intervals conflict if their ranges overlap.
Reply with only the selected interval ids and the total weight.
Format: Selected: {X, X, X, ...}, Total: X","Selected: {4, 5}, Total: 47",algorithmic,wis,adversarial,hard,high,procedural_seed_129551032300386607,verify_wis,"{""subtype"":""WIS"",""intervals"":[{""id"":0,""start"":0,""end"":2,""weight"":7},{""id"":1,""start"":2,""end"":4,""weight"":8},{""id"":2,""start"":4,""end"":6,""weight"":7},{""id"":3,""start"":6,""end"":8,""weight"":7},{""id"":4,""start"":1,""end"":9,""weight"":41},{""id"":5,""start"":9,""end"":11,""weight"":6}],""greedy_succeeds"":false,""instance_type"":""adversarial"",""greedy_answer"":""Selected: {0, 1, 2, 3, 5}, Total: 35"",""adversarial_pattern"":""anchor_conflict"",""difficulty_numeric"":15,""critical_step_index"":0}","stage1_procedural_generation | {""entity_mapping"": {""Interval 0"": ""Opening Keynote"", ""Interval 1"": ""AI Panel"", ""Interval 2"": ""Security Workshop"", ""Interval 3"": ""Networking Break"", ""Interval 4"": ""Full Day Bootcamp"", ""Interval 5"": ""Closing Remarks""}, ""context"": ""Scheduling talks and workshops for a technology conference to maximize attendee value.""}"
WIS_029,W4,"J = {(sⱼ, fⱼ, wⱼ)} where:
  (s=0, f=2, w=7)
  (s=2, f=4, w=8)
  (s=4, f=6, w=7)
  (s=6, f=8, w=7)
  (s=1, f=9, w=41)
  (s=9, f=11, w=6)
Non-overlap constraint: ∀i,j ∈ S: [sᵢ,fᵢ] ∩ [sⱼ,fⱼ] = ∅
Find: S ⊆ J maximizing Σⱼ∈S wⱼ
OUTPUT FORMAT:
Selected: {X, X, X, ...}, Total: X","Selected: {4, 5}, Total: 47",algorithmic,wis,adversarial,hard,high,procedural_seed_129551032300386607,verify_wis,"{""subtype"":""WIS"",""intervals"":[{""id"":0,""start"":0,""end"":2,""weight"":7},{""id"":1,""start"":2,""end"":4,""weight"":8},{""id"":2,""start"":4,""end"":6,""weight"":7},{""id"":3,""start"":6,""end"":8,""weight"":7},{""id"":4,""start"":1,""end"":9,""weight"":41},{""id"":5,""start"":9,""end"":11,""weight"":6}],""greedy_succeeds"":false,""instance_type"":""adversarial"",""greedy_answer"":""Selected: {0, 1, 2, 3, 5}, Total: 35"",""adversarial_pattern"":""anchor_conflict"",""difficulty_numeric"":15,""critical_step_index"":0}",stage1_procedural_generation
WIS_029,W6,"You are given weighted intervals on a timeline. Select a non-overlapping subset with maximum total weight.

Intervals:
Interval 0: start=0, end=2, weight=7
Interval 1: start=2, end=4, weight=8
Interval 2: start=4, end=6, weight=7
Interval 3: start=6, end=8, weight=7
Interval 4: start=1, end=9, weight=41
Interval 5: start=9, end=11, weight=6

Two intervals conflict if their ranges overlap.
Reply with only the selected interval ids and the total weight.
Format: Selected: {X, X, X, ...}, Total: X","Selected: {0, 1, 2, 3, 4, 5}, Total: 63",algorithmic,wis,adversarial,hard,high,procedural_seed_129551032300386607,verify_wis,"{""subtype"": ""WIS"", ""intervals"": [{""id"": 0, ""start"": 0, ""end"": 1, ""weight"": 7}, {""id"": 1, ""start"": 2, ""end"": 3, ""weight"": 14}, {""id"": 2, ""start"": 4, ""end"": 5, ""weight"": 7}, {""id"": 3, ""start"": 6, ""end"": 7, ""weight"": 15}, {""id"": 4, ""start"": 8, ""end"": 9, ""weight"": 16}, {""id"": 5, ""start"": 10, ""end"": 11, ""weight"": 4}], ""greedy_succeeds"": false, ""instance_type"": ""adversarial"", ""greedy_answer"": ""Selected: {0, 1, 2, 3, 5}, Total: 35"", ""adversarial_pattern"": ""anchor_conflict"", ""difficulty_numeric"": 15, ""critical_step_index"": 0, ""weights"": {""0"": 7, ""1"": 14, ""2"": 7, ""3"": 15, ""4"": 16, ""5"": 4}}",stage1_procedural_generation | w6_seed=2142132050
WIS_030,W1,"You have weighted intervals positioned along a timeline. Choose a subset where no intervals overlap, maximizing the sum of weights.

Intervals:
Interval 0: start=11, end=17, weight=16
Interval 1: start=11, end=16, weight=6
Interval 2: start=4, end=7, weight=18
Interval 3: start=11, end=14, weight=6
Interval 4: start=16, end=21, weight=13
Interval 5: start=7, end=11, weight=18
Interval 6: start=1, end=4, weight=7
Interval 7: start=10, end=15, weight=17
Interval 8: start=3, end=7, weight=9

Intervals are in conflict when their ranges have any overlap.
Respond with just the chosen interval ids and their combined weight.
Format: Selected: {X, X, X, ...}, Total: X","Selected: {1, 2, 4, 5, 6}, Total: 62",algorithmic,wis,adversarial,hard,high,procedural_seed_15946135467243866391,verify_wis,"{""subtype"":""WIS"",""intervals"":[{""id"":0,""start"":11,""end"":17,""weight"":16},{""id"":1,""start"":11,""end"":16,""weight"":6},{""id"":2,""start"":4,""end"":7,""weight"":18},{""id"":3,""start"":11,""end"":14,""weight"":6},{""id"":4,""start"":16,""end"":21,""weight"":13},{""id"":5,""start"":7,""end"":11,""weight"":18},{""id"":6,""start"":1,""end"":4,""weight"":7},{""id"":7,""start"":10,""end"":15,""weight"":17},{""id"":8,""start"":3,""end"":7,""weight"":9}],""greedy_succeeds"":true,""instance_type"":""standard"",""greedy_answer"":""Selected: {6, 2, 5, 3, 4}, Total: 62"",""difficulty_numeric"":15,""critical_step_index"":-1}",pre_stage2_cleanup_generation
WIS_030,W2,"Intervals:
(0, start=11, end=17, weight=16)
(1, start=11, end=16, weight=6)
(2, start=4, end=7, weight=18)
(3, start=11, end=14, weight=6)
(4, start=16, end=21, weight=13)
(5, start=7, end=11, weight=18)
(6, start=1, end=4, weight=7)
(7, start=10, end=15, weight=17)
(8, start=3, end=7, weight=9)
Objective: maximize total weight of non-overlapping intervals.","Selected: {1, 2, 4, 5, 6}, Total: 62",algorithmic,wis,adversarial,hard,high,procedural_seed_15946135467243866391,verify_wis,"{""subtype"":""WIS"",""intervals"":[{""id"":0,""start"":11,""end"":17,""weight"":16},{""id"":1,""start"":11,""end"":16,""weight"":6},{""id"":2,""start"":4,""end"":7,""weight"":18},{""id"":3,""start"":11,""end"":14,""weight"":6},{""id"":4,""start"":16,""end"":21,""weight"":13},{""id"":5,""start"":7,""end"":11,""weight"":18},{""id"":6,""start"":1,""end"":4,""weight"":7},{""id"":7,""start"":10,""end"":15,""weight"":17},{""id"":8,""start"":3,""end"":7,""weight"":9}],""greedy_succeeds"":true,""instance_type"":""standard"",""greedy_answer"":""Selected: {6, 2, 5, 3, 4}, Total: 62"",""difficulty_numeric"":15,""critical_step_index"":-1}",pre_stage2_cleanup_generation
WIS_030,W3,"You are given weighted intervals on a timeline. Select a non-overlapping subset with maximum total weight.

Intervals:
Panel Discussion: start=11, end=17, weight=16
Keynote Speech: start=11, end=16, weight=6
Morning Workshop: start=4, end=7, weight=18
Tech Demo: start=11, end=14, weight=6
Closing Ceremony: start=16, end=21, weight=13
Networking Break: start=7, end=11, weight=18
Registration Desk: start=1, end=4, weight=7
Product Launch: start=10, end=15, weight=17
Coffee Session: start=3, end=7, weight=9

Two intervals conflict if their ranges overlap.
Reply with only the selected interval ids and the total weight.
Format: Selected: {X, X, X, ...}, Total: X","Selected: {1, 2, 4, 5, 6}, Total: 62",algorithmic,wis,adversarial,hard,high,procedural_seed_15946135467243866391,verify_wis,"{""subtype"":""WIS"",""intervals"":[{""id"":0,""start"":11,""end"":17,""weight"":16},{""id"":1,""start"":11,""end"":16,""weight"":6},{""id"":2,""start"":4,""end"":7,""weight"":18},{""id"":3,""start"":11,""end"":14,""weight"":6},{""id"":4,""start"":16,""end"":21,""weight"":13},{""id"":5,""start"":7,""end"":11,""weight"":18},{""id"":6,""start"":1,""end"":4,""weight"":7},{""id"":7,""start"":10,""end"":15,""weight"":17},{""id"":8,""start"":3,""end"":7,""weight"":9}],""greedy_succeeds"":true,""instance_type"":""standard"",""greedy_answer"":""Selected: {6, 2, 5, 3, 4}, Total: 62"",""difficulty_numeric"":15,""critical_step_index"":-1}","pre_stage2_cleanup_generation | {""entity_mapping"": {""Interval 0"": ""Panel Discussion"", ""Interval 1"": ""Keynote Speech"", ""Interval 2"": ""Morning Workshop"", ""Interval 3"": ""Tech Demo"", ""Interval 4"": ""Closing Ceremony"", ""Interval 5"": ""Networking Break"", ""Interval 6"": ""Registration Desk"", ""Interval 7"": ""Product Launch"", ""Interval 8"": ""Coffee Session""}, ""context"": ""Scheduling events for a one-day technology conference to maximize attendee value.""}"
WIS_030,W4,"J = {(sⱼ, fⱼ, wⱼ)} where:
  (s=11, f=17, w=16)
  (s=11, f=16, w=6)
  (s=4, f=7, w=18)
  (s=11, f=14, w=6)
  (s=16, f=21, w=13)
  (s=7, f=11, w=18)
  (s=1, f=4, w=7)
  (s=10, f=15, w=17)
  (s=3, f=7, w=9)
Non-overlap constraint: ∀i,j ∈ S: [sᵢ,fᵢ] ∩ [sⱼ,fⱼ] = ∅
Find: S ⊆ J maximizing Σⱼ∈S wⱼ
OUTPUT FORMAT:
Selected: {X, X, X, ...}, Total: X","Selected: {1, 2, 4, 5, 6}, Total: 62",algorithmic,wis,adversarial,hard,high,procedural_seed_15946135467243866391,verify_wis,"{""subtype"":""WIS"",""intervals"":[{""id"":0,""start"":11,""end"":17,""weight"":16},{""id"":1,""start"":11,""end"":16,""weight"":6},{""id"":2,""start"":4,""end"":7,""weight"":18},{""id"":3,""start"":11,""end"":14,""weight"":6},{""id"":4,""start"":16,""end"":21,""weight"":13},{""id"":5,""start"":7,""end"":11,""weight"":18},{""id"":6,""start"":1,""end"":4,""weight"":7},{""id"":7,""start"":10,""end"":15,""weight"":17},{""id"":8,""start"":3,""end"":7,""weight"":9}],""greedy_succeeds"":true,""instance_type"":""standard"",""greedy_answer"":""Selected: {6, 2, 5, 3, 4}, Total: 62"",""difficulty_numeric"":15,""critical_step_index"":-1}",pre_stage2_cleanup_generation
WIS_030,W6,"You are given weighted intervals on a timeline. Select a non-overlapping subset with maximum total weight.

Intervals:
Interval 0: start=11, end=17, weight=16
Interval 1: start=11, end=16, weight=6
Interval 2: start=4, end=7, weight=18
Interval 3: start=11, end=14, weight=6
Interval 4: start=16, end=21, weight=13
Interval 5: start=7, end=11, weight=18
Interval 6: start=1, end=4, weight=7
Interval 7: start=10, end=15, weight=17
Interval 8: start=3, end=7, weight=9

Two intervals conflict if their ranges overlap.
Reply with only the selected interval ids and the total weight.
Format: Selected: {X, X, X, ...}, Total: X","Selected: {0, 1, 2, 3, 4, 5, 6, 7, 8}, Total: 102",algorithmic,wis,adversarial,hard,high,procedural_seed_15946135467243866391,verify_wis,"{""subtype"": ""WIS"", ""intervals"": [{""id"": 0, ""start"": 0, ""end"": 1, ""weight"": 14}, {""id"": 1, ""start"": 2, ""end"": 3, ""weight"": 11}, {""id"": 2, ""start"": 4, ""end"": 5, ""weight"": 12}, {""id"": 3, ""start"": 6, ""end"": 7, ""weight"": 6}, {""id"": 4, ""start"": 8, ""end"": 9, ""weight"": 4}, {""id"": 5, ""start"": 10, ""end"": 11, ""weight"": 4}, {""id"": 6, ""start"": 12, ""end"": 13, ""weight"": 17}, {""id"": 7, ""start"": 14, ""end"": 15, ""weight"": 17}, {""id"": 8, ""start"": 16, ""end"": 17, ""weight"": 17}], ""greedy_succeeds"": true, ""instance_type"": ""standard"", ""greedy_answer"": ""Selected: {6, 2, 5, 3, 4}, Total: 62"", ""difficulty_numeric"": 15, ""critical_step_index"": -1, ""weights"": {""0"": 14, ""1"": 11, ""2"": 12, ""3"": 6, ""4"": 4, ""5"": 4, ""6"": 17, ""7"": 17, ""8"": 17}}",pre_stage2_cleanup_generation | w6_seed=523906211
WIS_031,W1,"You have weighted intervals along a timeline. Choose a subset where no intervals overlap, maximizing the combined weight.

Intervals:
Interval 0: start=16, end=18, weight=14
Interval 1: start=9, end=15, weight=8
Interval 2: start=3, end=5, weight=16
Interval 3: start=11, end=16, weight=9
Interval 4: start=17, end=20, weight=6
Interval 5: start=6, end=12, weight=5
Interval 6: start=8, end=10, weight=12
Interval 7: start=7, end=11, weight=11
Interval 8: start=16, end=19, weight=5

Intervals are in conflict when their ranges intersect.
Provide just the chosen interval ids and sum of weights.
Format: Selected: {X, X, X, ...}, Total: X","Selected: {0, 2, 3, 6}, Total: 51",algorithmic,wis,adversarial,hard,high,procedural_seed_649410380592602194,verify_wis,"{""subtype"":""WIS"",""intervals"":[{""id"":0,""start"":16,""end"":18,""weight"":14},{""id"":1,""start"":9,""end"":15,""weight"":8},{""id"":2,""start"":3,""end"":5,""weight"":16},{""id"":3,""start"":11,""end"":16,""weight"":9},{""id"":4,""start"":17,""end"":20,""weight"":6},{""id"":5,""start"":6,""end"":12,""weight"":5},{""id"":6,""start"":8,""end"":10,""weight"":12},{""id"":7,""start"":7,""end"":11,""weight"":11},{""id"":8,""start"":16,""end"":19,""weight"":5}],""greedy_succeeds"":true,""instance_type"":""standard"",""greedy_answer"":""Selected: {2, 6, 3, 0}, Total: 51"",""difficulty_numeric"":15,""critical_step_index"":-1}",pre_stage2_cleanup_generation
WIS_031,W2,"Intervals:
(0, start=16, end=18, weight=14)
(1, start=9, end=15, weight=8)
(2, start=3, end=5, weight=16)
(3, start=11, end=16, weight=9)
(4, start=17, end=20, weight=6)
(5, start=6, end=12, weight=5)
(6, start=8, end=10, weight=12)
(7, start=7, end=11, weight=11)
(8, start=16, end=19, weight=5)
Objective: maximize total weight of non-overlapping intervals.","Selected: {0, 2, 3, 6}, Total: 51",algorithmic,wis,adversarial,hard,high,procedural_seed_649410380592602194,verify_wis,"{""subtype"":""WIS"",""intervals"":[{""id"":0,""start"":16,""end"":18,""weight"":14},{""id"":1,""start"":9,""end"":15,""weight"":8},{""id"":2,""start"":3,""end"":5,""weight"":16},{""id"":3,""start"":11,""end"":16,""weight"":9},{""id"":4,""start"":17,""end"":20,""weight"":6},{""id"":5,""start"":6,""end"":12,""weight"":5},{""id"":6,""start"":8,""end"":10,""weight"":12},{""id"":7,""start"":7,""end"":11,""weight"":11},{""id"":8,""start"":16,""end"":19,""weight"":5}],""greedy_succeeds"":true,""instance_type"":""standard"",""greedy_answer"":""Selected: {2, 6, 3, 0}, Total: 51"",""difficulty_numeric"":15,""critical_step_index"":-1}",pre_stage2_cleanup_generation
WIS_031,W3,"You are given weighted intervals on a timeline. Select a non-overlapping subset with maximum total weight.

Intervals:
Marketing Workshop: start=16, end=18, weight=14
Sales Training: start=9, end=15, weight=8
Opening Keynote: start=3, end=5, weight=16
Product Demo: start=11, end=16, weight=9
Networking Session: start=17, end=20, weight=6
Panel Discussion: start=6, end=12, weight=5
Tech Talk: start=8, end=10, weight=12
Industry Update: start=7, end=11, weight=11
Closing Remarks: start=16, end=19, weight=5

Two intervals conflict if their ranges overlap.
Reply with only the selected interval ids and the total weight.
Format: Selected: {X, X, X, ...}, Total: X","Selected: {0, 2, 3, 6}, Total: 51",algorithmic,wis,adversarial,hard,high,procedural_seed_649410380592602194,verify_wis,"{""subtype"":""WIS"",""intervals"":[{""id"":0,""start"":16,""end"":18,""weight"":14},{""id"":1,""start"":9,""end"":15,""weight"":8},{""id"":2,""start"":3,""end"":5,""weight"":16},{""id"":3,""start"":11,""end"":16,""weight"":9},{""id"":4,""start"":17,""end"":20,""weight"":6},{""id"":5,""start"":6,""end"":12,""weight"":5},{""id"":6,""start"":8,""end"":10,""weight"":12},{""id"":7,""start"":7,""end"":11,""weight"":11},{""id"":8,""start"":16,""end"":19,""weight"":5}],""greedy_succeeds"":true,""instance_type"":""standard"",""greedy_answer"":""Selected: {2, 6, 3, 0}, Total: 51"",""difficulty_numeric"":15,""critical_step_index"":-1}","pre_stage2_cleanup_generation | {""entity_mapping"": {""Interval 0"": ""Marketing Workshop"", ""Interval 1"": ""Sales Training"", ""Interval 2"": ""Opening Keynote"", ""Interval 3"": ""Product Demo"", ""Interval 4"": ""Networking Session"", ""Interval 5"": ""Panel Discussion"", ""Interval 6"": ""Tech Talk"", ""Interval 7"": ""Industry Update"", ""Interval 8"": ""Closing Remarks""}, ""context"": ""Scheduling conference talks at a business summit to maximize attendee value.""}"
WIS_031,W4,"J = {(sⱼ, fⱼ, wⱼ)} where:
  (s=16, f=18, w=14)
  (s=9, f=15, w=8)
  (s=3, f=5, w=16)
  (s=11, f=16, w=9)
  (s=17, f=20, w=6)
  (s=6, f=12, w=5)
  (s=8, f=10, w=12)
  (s=7, f=11, w=11)
  (s=16, f=19, w=5)
Non-overlap constraint: ∀i,j ∈ S: [sᵢ,fᵢ] ∩ [sⱼ,fⱼ] = ∅
Find: S ⊆ J maximizing Σⱼ∈S wⱼ
OUTPUT FORMAT:
Selected: {X, X, X, ...}, Total: X","Selected: {0, 2, 3, 6}, Total: 51",algorithmic,wis,adversarial,hard,high,procedural_seed_649410380592602194,verify_wis,"{""subtype"":""WIS"",""intervals"":[{""id"":0,""start"":16,""end"":18,""weight"":14},{""id"":1,""start"":9,""end"":15,""weight"":8},{""id"":2,""start"":3,""end"":5,""weight"":16},{""id"":3,""start"":11,""end"":16,""weight"":9},{""id"":4,""start"":17,""end"":20,""weight"":6},{""id"":5,""start"":6,""end"":12,""weight"":5},{""id"":6,""start"":8,""end"":10,""weight"":12},{""id"":7,""start"":7,""end"":11,""weight"":11},{""id"":8,""start"":16,""end"":19,""weight"":5}],""greedy_succeeds"":true,""instance_type"":""standard"",""greedy_answer"":""Selected: {2, 6, 3, 0}, Total: 51"",""difficulty_numeric"":15,""critical_step_index"":-1}",pre_stage2_cleanup_generation
WIS_031,W6,"You are given weighted intervals on a timeline. Select a non-overlapping subset with maximum total weight.

Intervals:
Interval 0: start=16, end=18, weight=14
Interval 1: start=9, end=15, weight=8
Interval 2: start=3, end=5, weight=16
Interval 3: start=11, end=16, weight=9
Interval 4: start=17, end=20, weight=6
Interval 5: start=6, end=12, weight=5
Interval 6: start=8, end=10, weight=12
Interval 7: start=7, end=11, weight=11
Interval 8: start=16, end=19, weight=5

Two intervals conflict if their ranges overlap.
Reply with only the selected interval ids and the total weight.
Format: Selected: {X, X, X, ...}, Total: X","Selected: {0, 1, 2, 3, 4, 5, 6, 7, 8}, Total: 104",algorithmic,wis,adversarial,hard,high,procedural_seed_649410380592602194,verify_wis,"{""subtype"": ""WIS"", ""intervals"": [{""id"": 0, ""start"": 0, ""end"": 1, ""weight"": 18}, {""id"": 1, ""start"": 2, ""end"": 3, ""weight"": 12}, {""id"": 2, ""start"": 4, ""end"": 5, ""weight"": 18}, {""id"": 3, ""start"": 6, ""end"": 7, ""weight"": 5}, {""id"": 4, ""start"": 8, ""end"": 9, ""weight"": 17}, {""id"": 5, ""start"": 10, ""end"": 11, ""weight"": 8}, {""id"": 6, ""start"": 12, ""end"": 13, ""weight"": 4}, {""id"": 7, ""start"": 14, ""end"": 15, ""weight"": 16}, {""id"": 8, ""start"": 16, ""end"": 17, ""weight"": 6}], ""greedy_succeeds"": true, ""instance_type"": ""standard"", ""greedy_answer"": ""Selected: {2, 6, 3, 0}, Total: 51"", ""difficulty_numeric"": 15, ""critical_step_index"": -1, ""weights"": {""0"": 18, ""1"": 12, ""2"": 18, ""3"": 5, ""4"": 17, ""5"": 8, ""6"": 4, ""7"": 16, ""8"": 6}}",pre_stage2_cleanup_generation | w6_seed=4158644174
WIS_032,W1,"On a timeline, you have intervals with assigned weights. Choose a subset where no intervals overlap that maximizes the sum of weights.

Intervals:
Interval 0: start=2, end=6, weight=11
Interval 1: start=5, end=7, weight=10
Interval 2: start=10, end=13, weight=13
Interval 3: start=12, end=17, weight=14
Interval 4: start=15, end=18, weight=7
Interval 5: start=20, end=22, weight=20
Interval 6: start=25, end=29, weight=13
Interval 7: start=28, end=31, weight=12
Interval 8: start=30, end=34, weight=16

Intervals are in conflict when their ranges have any overlap.
Respond with just the chosen interval ids and sum of their weights.
Format: Selected: {X, X, X, ...}, Total: X","Selected: {0, 2, 4, 5, 6, 8}, Total: 80",algorithmic,wis,adversarial,hard,high,procedural_seed_20260520032,verify_wis,"{""subtype"":""WIS"",""intervals"":[{""id"":0,""start"":2,""end"":6,""weight"":11},{""id"":1,""start"":5,""end"":7,""weight"":10},{""id"":2,""start"":10,""end"":13,""weight"":13},{""id"":3,""start"":12,""end"":17,""weight"":14},{""id"":4,""start"":15,""end"":18,""weight"":7},{""id"":5,""start"":20,""end"":22,""weight"":20},{""id"":6,""start"":25,""end"":29,""weight"":13},{""id"":7,""start"":28,""end"":31,""weight"":12},{""id"":8,""start"":30,""end"":34,""weight"":16}],""greedy_succeeds"":true,""instance_type"":""standard"",""greedy_answer"":""Selected: {0, 2, 4, 5, 6, 8}, Total: 80"",""difficulty_numeric"":15,""critical_step_index"":-1}",pre_stage2_cleanup_generation
WIS_032,W2,"Intervals:
(0, start=2, end=6, weight=11)
(1, start=5, end=7, weight=10)
(2, start=10, end=13, weight=13)
(3, start=12, end=17, weight=14)
(4, start=15, end=18, weight=7)
(5, start=20, end=22, weight=20)
(6, start=25, end=29, weight=13)
(7, start=28, end=31, weight=12)
(8, start=30, end=34, weight=16)
Objective: maximize total weight of non-overlapping intervals.","Selected: {0, 2, 4, 5, 6, 8}, Total: 80",algorithmic,wis,adversarial,hard,high,procedural_seed_20260520032,verify_wis,"{""subtype"":""WIS"",""intervals"":[{""id"":0,""start"":2,""end"":6,""weight"":11},{""id"":1,""start"":5,""end"":7,""weight"":10},{""id"":2,""start"":10,""end"":13,""weight"":13},{""id"":3,""start"":12,""end"":17,""weight"":14},{""id"":4,""start"":15,""end"":18,""weight"":7},{""id"":5,""start"":20,""end"":22,""weight"":20},{""id"":6,""start"":25,""end"":29,""weight"":13},{""id"":7,""start"":28,""end"":31,""weight"":12},{""id"":8,""start"":30,""end"":34,""weight"":16}],""greedy_succeeds"":true,""instance_type"":""standard"",""greedy_answer"":""Selected: {0, 2, 4, 5, 6, 8}, Total: 80"",""difficulty_numeric"":15,""critical_step_index"":-1}",pre_stage2_cleanup_generation
WIS_032,W3,"You are given weighted intervals on a timeline. Select a non-overlapping subset with maximum total weight.

Intervals:
Morning Keynote: start=2, end=6, weight=11
Tech Panel: start=5, end=7, weight=10
Data Workshop: start=10, end=13, weight=13
AI Seminar: start=12, end=17, weight=14
Startup Pitch: start=15, end=18, weight=7
Security Talk: start=20, end=22, weight=20
Cloud Session: start=25, end=29, weight=13
Network Demo: start=28, end=31, weight=12
Closing Address: start=30, end=34, weight=16

Two intervals conflict if their ranges overlap.
Reply with only the selected interval ids and the total weight.
Format: Selected: {X, X, X, ...}, Total: X","Selected: {0, 2, 4, 5, 6, 8}, Total: 80",algorithmic,wis,adversarial,hard,high,procedural_seed_20260520032,verify_wis,"{""subtype"":""WIS"",""intervals"":[{""id"":0,""start"":2,""end"":6,""weight"":11},{""id"":1,""start"":5,""end"":7,""weight"":10},{""id"":2,""start"":10,""end"":13,""weight"":13},{""id"":3,""start"":12,""end"":17,""weight"":14},{""id"":4,""start"":15,""end"":18,""weight"":7},{""id"":5,""start"":20,""end"":22,""weight"":20},{""id"":6,""start"":25,""end"":29,""weight"":13},{""id"":7,""start"":28,""end"":31,""weight"":12},{""id"":8,""start"":30,""end"":34,""weight"":16}],""greedy_succeeds"":true,""instance_type"":""standard"",""greedy_answer"":""Selected: {0, 2, 4, 5, 6, 8}, Total: 80"",""difficulty_numeric"":15,""critical_step_index"":-1}","pre_stage2_cleanup_generation | {""entity_mapping"": {""Interval 0"": ""Morning Keynote"", ""Interval 1"": ""Tech Panel"", ""Interval 2"": ""Data Workshop"", ""Interval 3"": ""AI Seminar"", ""Interval 4"": ""Startup Pitch"", ""Interval 5"": ""Security Talk"", ""Interval 6"": ""Cloud Session"", ""Interval 7"": ""Network Demo"", ""Interval 8"": ""Closing Address""}, ""context"": ""Scheduling talks for a one-day technology conference to maximize attendee value.""}"
WIS_032,W4,"J = {(sⱼ, fⱼ, wⱼ)} where:
  (s=2, f=6, w=11)
  (s=5, f=7, w=10)
  (s=10, f=13, w=13)
  (s=12, f=17, w=14)
  (s=15, f=18, w=7)
  (s=20, f=22, w=20)
  (s=25, f=29, w=13)
  (s=28, f=31, w=12)
  (s=30, f=34, w=16)
Non-overlap constraint: ∀i,j ∈ S: [sᵢ,fᵢ] ∩ [sⱼ,fⱼ] = ∅
Find: S ⊆ J maximizing Σⱼ∈S wⱼ
OUTPUT FORMAT:
Selected: {X, X, X, ...}, Total: X","Selected: {0, 2, 4, 5, 6, 8}, Total: 80",algorithmic,wis,adversarial,hard,high,procedural_seed_20260520032,verify_wis,"{""subtype"":""WIS"",""intervals"":[{""id"":0,""start"":2,""end"":6,""weight"":11},{""id"":1,""start"":5,""end"":7,""weight"":10},{""id"":2,""start"":10,""end"":13,""weight"":13},{""id"":3,""start"":12,""end"":17,""weight"":14},{""id"":4,""start"":15,""end"":18,""weight"":7},{""id"":5,""start"":20,""end"":22,""weight"":20},{""id"":6,""start"":25,""end"":29,""weight"":13},{""id"":7,""start"":28,""end"":31,""weight"":12},{""id"":8,""start"":30,""end"":34,""weight"":16}],""greedy_succeeds"":true,""instance_type"":""standard"",""greedy_answer"":""Selected: {0, 2, 4, 5, 6, 8}, Total: 80"",""difficulty_numeric"":15,""critical_step_index"":-1}",pre_stage2_cleanup_generation
WIS_032,W6,"You are given weighted intervals on a timeline. Select a non-overlapping subset with maximum total weight.

Intervals:
Interval 0: start=2, end=6, weight=11
Interval 1: start=5, end=7, weight=10
Interval 2: start=10, end=13, weight=13
Interval 3: start=12, end=17, weight=14
Interval 4: start=15, end=18, weight=7
Interval 5: start=20, end=22, weight=20
Interval 6: start=25, end=29, weight=13
Interval 7: start=28, end=31, weight=12
Interval 8: start=30, end=34, weight=16

Two intervals conflict if their ranges overlap.
Reply with only the selected interval ids and the total weight.
Format: Selected: {X, X, X, ...}, Total: X","Selected: {0, 1, 2, 3, 4, 5, 6, 7, 8}, Total: 92",algorithmic,wis,adversarial,hard,high,procedural_seed_20260520032,verify_wis,"{""subtype"": ""WIS"", ""intervals"": [{""id"": 0, ""start"": 0, ""end"": 1, ""weight"": 8}, {""id"": 1, ""start"": 2, ""end"": 3, ""weight"": 8}, {""id"": 2, ""start"": 4, ""end"": 5, ""weight"": 18}, {""id"": 3, ""start"": 6, ""end"": 7, ""weight"": 6}, {""id"": 4, ""start"": 8, ""end"": 9, ""weight"": 7}, {""id"": 5, ""start"": 10, ""end"": 11, ""weight"": 12}, {""id"": 6, ""start"": 12, ""end"": 13, ""weight"": 14}, {""id"": 7, ""start"": 14, ""end"": 15, ""weight"": 15}, {""id"": 8, ""start"": 16, ""end"": 17, ""weight"": 4}], ""greedy_succeeds"": true, ""instance_type"": ""standard"", ""greedy_answer"": ""Selected: {0, 2, 4, 5, 6, 8}, Total: 80"", ""difficulty_numeric"": 15, ""critical_step_index"": -1, ""weights"": {""0"": 8, ""1"": 8, ""2"": 18, ""3"": 6, ""4"": 7, ""5"": 12, ""6"": 14, ""7"": 15, ""8"": 4}}",pre_stage2_cleanup_generation | w6_seed=137799114
CC_031,canonical,"You have coins with the following denominations: [1, 2, 5, 10]. You need to make exact change for 42 using the minimum number of coins. You may use each denomination any number of times.
What is the minimum number of coins needed and which coins do you use?
Respond in this exact format:
Count: [integer]
Coins: [denomination1, denomination2, ...]
No explanation. No other text.","Count: 5
Coins: [10, 10, 10, 10, 2]",algorithmic,coin_change,standard,medium,high,procedural_seed_12738997517939946728,verify_coinchange,"{""subtype"":""CC"",""denominations"":[1,2,5,10],""target"":42,""greedy_succeeds"":true,""instance_type"":""standard"",""denomination_type"":""textbook"",""greedy_answer"":""Count: 5\nCoins: [10, 10, 10, 10, 2]"",""difficulty_numeric"":8,""critical_step_index"":-1}",stage1_procedural_generation
CC_032,canonical,"You have coins with the following denominations: [1, 2, 5, 10, 25]. You need to make exact change for 77 using the minimum number of coins. You may use each denomination any number of times.
What is the minimum number of coins needed and which coins do you use?
Respond in this exact format:
Count: [integer]
Coins: [denomination1, denomination2, ...]
No explanation. No other text.","Count: 4
Coins: [25, 25, 25, 2]",algorithmic,coin_change,standard,medium,high,procedural_seed_1903365339463790219,verify_coinchange,"{""subtype"":""CC"",""denominations"":[1,2,5,10,25],""target"":77,""greedy_succeeds"":true,""instance_type"":""standard"",""denomination_type"":""textbook"",""greedy_answer"":""Count: 4\nCoins: [25, 25, 25, 2]"",""difficulty_numeric"":10,""critical_step_index"":-1}",stage1_procedural_generation
CC_033,canonical,"You have coins with the following denominations: [1, 2, 5, 10]. You need to make exact change for 113 using the minimum number of coins. You may use each denomination any number of times.
What is the minimum number of coins needed and which coins do you use?
Respond in this exact format:
Count: [integer]
Coins: [denomination1, denomination2, ...]
No explanation. No other text.","Count: 13
Coins: [10, 10, 10, 10, 10, 10, 10, 10, 10, 10, 10, 2, 1]",algorithmic,coin_change,standard,medium,high,procedural_seed_910632834905015015,verify_coinchange,"{""subtype"":""CC"",""denominations"":[1,2,5,10],""target"":113,""greedy_succeeds"":true,""instance_type"":""standard"",""denomination_type"":""textbook"",""greedy_answer"":""Count: 13\nCoins: [10, 10, 10, 10, 10, 10, 10, 10, 10, 10, 10, 2, 1]"",""difficulty_numeric"":10,""critical_step_index"":-1}",stage1_procedural_generation
CC_034,canonical,"You have coins with the following denominations: [1, 10, 50, 100]. You need to make exact change for 102 using the minimum number of coins. You may use each denomination any number of times.
What is the minimum number of coins needed and which coins do you use?
Respond in this exact format:
Count: [integer]
Coins: [denomination1, denomination2, ...]
No explanation. No other text.","Count: 3
Coins: [100, 1, 1]",algorithmic,coin_change,standard,medium,high,procedural_seed_9692531037646309500,verify_coinchange,"{""subtype"":""CC"",""denominations"":[1,10,50,100],""target"":102,""greedy_succeeds"":true,""instance_type"":""standard"",""denomination_type"":""textbook"",""greedy_answer"":""Count: 3\nCoins: [100, 1, 1]"",""difficulty_numeric"":10,""critical_step_index"":-1}",stage1_procedural_generation
CC_035,canonical,"You have coins with the following denominations: [1, 2, 5, 10]. You need to make exact change for 71 using the minimum number of coins. You may use each denomination any number of times.
What is the minimum number of coins needed and which coins do you use?
Respond in this exact format:
Count: [integer]
Coins: [denomination1, denomination2, ...]
No explanation. No other text.","Count: 8
Coins: [10, 10, 10, 10, 10, 10, 10, 1]",algorithmic,coin_change,standard,medium,high,procedural_seed_5521898579341841205,verify_coinchange,"{""subtype"":""CC"",""denominations"":[1,2,5,10],""target"":71,""greedy_succeeds"":true,""instance_type"":""standard"",""denomination_type"":""textbook"",""greedy_answer"":""Count: 8\nCoins: [10, 10, 10, 10, 10, 10, 10, 1]"",""difficulty_numeric"":9,""critical_step_index"":-1}",stage1_procedural_generation
CC_036,canonical,"You have coins with the following denominations: [1, 2, 5, 10]. You need to make exact change for 106 using the minimum number of coins. You may use each denomination any number of times.
What is the minimum number of coins needed and which coins do you use?
Respond in this exact format:
Count: [integer]
Coins: [denomination1, denomination2, ...]
No explanation. No other text.","Count: 12
Coins: [10, 10, 10, 10, 10, 10, 10, 10, 10, 10, 5, 1]",algorithmic,coin_change,standard,medium,high,procedural_seed_272788954686671966,verify_coinchange,"{""subtype"":""CC"",""denominations"":[1,2,5,10],""target"":106,""greedy_succeeds"":true,""instance_type"":""standard"",""denomination_type"":""textbook"",""greedy_answer"":""Count: 12\nCoins: [10, 10, 10, 10, 10, 10, 10, 10, 10, 10, 5, 1]"",""difficulty_numeric"":10,""critical_step_index"":-1}",stage1_procedural_generation
CC_037,canonical,"You have coins with the following denominations: [1, 10, 50, 100]. You need to make exact change for 87 using the minimum number of coins. You may use each denomination any number of times.
What is the minimum number of coins needed and which coins do you use?
Respond in this exact format:
Count: [integer]
Coins: [denomination1, denomination2, ...]
No explanation. No other text.","Count: 11
Coins: [50, 10, 10, 10, 1, 1, 1, 1, 1, 1, 1]",algorithmic,coin_change,standard,medium,high,procedural_seed_144159830436149841,verify_coinchange,"{""subtype"":""CC"",""denominations"":[1,10,50,100],""target"":87,""greedy_succeeds"":true,""instance_type"":""standard"",""denomination_type"":""textbook"",""greedy_answer"":""Count: 11\nCoins: [50, 10, 10, 10, 1, 1, 1, 1, 1, 1, 1]"",""difficulty_numeric"":9,""critical_step_index"":-1}",stage1_procedural_generation
CC_038,canonical,"You have coins with the following denominations: [1, 10, 50, 100]. You need to make exact change for 24 using the minimum number of coins. You may use each denomination any number of times.
What is the minimum number of coins needed and which coins do you use?
Respond in this exact format:
Count: [integer]
Coins: [denomination1, denomination2, ...]
No explanation. No other text.","Count: 6
Coins: [10, 10, 1, 1, 1, 1]",algorithmic,coin_change,standard,medium,high,procedural_seed_12269054952601075582,verify_coinchange,"{""subtype"":""CC"",""denominations"":[1,10,50,100],""target"":24,""greedy_succeeds"":true,""instance_type"":""standard"",""denomination_type"":""textbook"",""greedy_answer"":""Count: 6\nCoins: [10, 10, 1, 1, 1, 1]"",""difficulty_numeric"":7,""critical_step_index"":-1}",stage1_procedural_generation
CC_039,canonical,"You have coins with the following denominations: [1, 31, 41, 53]. You need to make exact change for 108 using the minimum number of coins. You may use each denomination any number of times.
What is the minimum number of coins needed and which coins do you use?
Respond in this exact format:
Count: [integer]
Coins: [denomination1, denomination2, ...]
No explanation. No other text.","Count: 4
Coins: [53, 53, 1, 1]",algorithmic,coin_change,standard,medium,low,procedural_seed_11382271867693084185,verify_coinchange,"{""subtype"":""CC"",""denominations"":[1,31,41,53],""target"":108,""greedy_succeeds"":true,""instance_type"":""standard"",""denomination_type"":""novel"",""greedy_answer"":""Count: 4\nCoins: [53, 53, 1, 1]"",""difficulty_numeric"":10,""critical_step_index"":-1}",stage1_procedural_generation
CC_040,canonical,"You have coins with the following denominations: [1, 11, 19, 41]. You need to make exact change for 30 using the minimum number of coins. You may use each denomination any number of times.
What is the minimum number of coins needed and which coins do you use?
Respond in this exact format:
Count: [integer]
Coins: [denomination1, denomination2, ...]
No explanation. No other text.","Count: 2
Coins: [19, 11]",algorithmic,coin_change,standard,medium,low,procedural_seed_7824674277218509647,verify_coinchange,"{""subtype"":""CC"",""denominations"":[1,11,19,41],""target"":30,""greedy_succeeds"":true,""instance_type"":""standard"",""denomination_type"":""novel"",""greedy_answer"":""Count: 2\nCoins: [19, 11]"",""difficulty_numeric"":8,""critical_step_index"":-1}",stage1_procedural_generation
CC_041,canonical,"You have coins with the following denominations: [1, 11, 23, 43]. You need to make exact change for 141 using the minimum number of coins. You may use each denomination any number of times.
What is the minimum number of coins needed and which coins do you use?
Respond in this exact format:
Count: [integer]
Coins: [denomination1, denomination2, ...]
No explanation. No other text.","Count: 5
Coins: [43, 43, 43, 11, 1]",algorithmic,coin_change,standard,medium,low,procedural_seed_18186292428688479561,verify_coinchange,"{""subtype"":""CC"",""denominations"":[1,11,23,43],""target"":141,""greedy_succeeds"":true,""instance_type"":""standard"",""denomination_type"":""novel"",""greedy_answer"":""Count: 5\nCoins: [43, 43, 43, 11, 1]"",""difficulty_numeric"":11,""critical_step_index"":-1}",stage1_procedural_generation
CC_042,canonical,"You have coins with the following denominations: [1, 13, 53]. You need to make exact change for 34 using the minimum number of coins. You may use each denomination any number of times.
What is the minimum number of coins needed and which coins do you use?
Respond in this exact format:
Count: [integer]
Coins: [denomination1, denomination2, ...]
No explanation. No other text.","Count: 10
Coins: [13, 13, 1, 1, 1, 1, 1, 1, 1, 1]",algorithmic,coin_change,standard,medium,low,procedural_seed_15328931404120803615,verify_coinchange,"{""subtype"":""CC"",""denominations"":[1,13,53],""target"":34,""greedy_succeeds"":true,""instance_type"":""standard"",""denomination_type"":""novel"",""greedy_answer"":""Count: 10\nCoins: [13, 13, 1, 1, 1, 1, 1, 1, 1, 1]"",""difficulty_numeric"":7,""critical_step_index"":-1}",stage1_procedural_generation
CC_043,canonical,"You have coins with the following denominations: [1, 7, 13, 47]. You need to make exact change for 104 using the minimum number of coins. You may use each denomination any number of times.
What is the minimum number of coins needed and which coins do you use?
Respond in this exact format:
Count: [integer]
Coins: [denomination1, denomination2, ...]
No explanation. No other text.","Count: 6
Coins: [47, 47, 7, 1, 1, 1]",algorithmic,coin_change,standard,medium,low,procedural_seed_13920058440444344349,verify_coinchange,"{""subtype"":""CC"",""denominations"":[1,7,13,47],""target"":104,""greedy_succeeds"":true,""instance_type"":""standard"",""denomination_type"":""novel"",""greedy_answer"":""Count: 6\nCoins: [47, 47, 7, 1, 1, 1]"",""difficulty_numeric"":10,""critical_step_index"":-1}",stage1_procedural_generation
CC_044,canonical,"You have coins with the following denominations: [1, 19, 29]. You need to make exact change for 83 using the minimum number of coins. You may use each denomination any number of times.
What is the minimum number of coins needed and which coins do you use?
Respond in this exact format:
Count: [integer]
Coins: [denomination1, denomination2, ...]
No explanation. No other text.","Count: 9
Coins: [29, 29, 19, 1, 1, 1, 1, 1, 1]",algorithmic,coin_change,standard,medium,low,procedural_seed_4253971123134067501,verify_coinchange,"{""subtype"":""CC"",""denominations"":[1,19,29],""target"":83,""greedy_succeeds"":true,""instance_type"":""standard"",""denomination_type"":""novel"",""greedy_answer"":""Count: 9\nCoins: [29, 29, 19, 1, 1, 1, 1, 1, 1]"",""difficulty_numeric"":8,""critical_step_index"":-1}",stage1_procedural_generation
CC_045,canonical,"You have coins with the following denominations: [1, 13, 29]. You need to make exact change for 64 using the minimum number of coins. You may use each denomination any number of times.
What is the minimum number of coins needed and which coins do you use?
Respond in this exact format:
Count: [integer]
Coins: [denomination1, denomination2, ...]
No explanation. No other text.","Count: 8
Coins: [29, 29, 1, 1, 1, 1, 1, 1]",algorithmic,coin_change,standard,medium,low,procedural_seed_4761862867097173094,verify_coinchange,"{""subtype"":""CC"",""denominations"":[1,13,29],""target"":64,""greedy_succeeds"":true,""instance_type"":""standard"",""denomination_type"":""novel"",""greedy_answer"":""Count: 8\nCoins: [29, 29, 1, 1, 1, 1, 1, 1]"",""difficulty_numeric"":8,""critical_step_index"":-1}",stage1_procedural_generation
SP_019,canonical,"A route planner has 7 locations labeled 0 to 6. Roads are one-way and weighted by travel time.

The road network is:
- Node 0 to Node 1: 1
- Node 0 to Node 3: 4
- Node 0 to Node 5: 10
- Node 1 to Node 2: 1
- Node 1 to Node 4: 14
- Node 2 to Node 4: 12
- Node 2 to Node 6: 24
- Node 3 to Node 2: 11
- Node 3 to Node 4: 4
- Node 4 to Node 6: 4
- Node 5 to Node 6: 12

What is the shortest path from node 0 to node 6 and its total cost?

Reply with only the path and cost.
Format: Path: X -> X -> X, Cost: X","Path: 0 -> 3 -> 4 -> 6, Cost: 12",algorithmic,shortest_path,standard,hard,high,procedural_seed_15554887049340218234,verify_sp,"{""subtype"":""SP"",""directed"":true,""source"":0,""target"":6,""graph"":[{""u"":0,""v"":1,""w"":1},{""u"":0,""v"":3,""w"":4},{""u"":0,""v"":5,""w"":10},{""u"":1,""v"":2,""w"":1},{""u"":1,""v"":4,""w"":14},{""u"":2,""v"":4,""w"":12},{""u"":2,""v"":6,""w"":24},{""u"":3,""v"":2,""w"":11},{""u"":3,""v"":4,""w"":4},{""u"":4,""v"":6,""w"":4},{""u"":5,""v"":6,""w"":12}],""num_vertices"":7,""instance_type"":""adversarial"",""greedy_answer"":""Path: 0 -> 1 -> 2 -> 4 -> 6, Cost: 18"",""greedy_succeeds"":false,""adversarial_pattern"":""trap"",""difficulty_numeric"":15,""critical_step_index"":0}",stage1_procedural_generation
SP_020,canonical,"A route planner has 6 locations labeled 0 to 5. Roads are one-way and weighted by travel time.

The road network is:
- Node 0 to Node 1: 1
- Node 0 to Node 3: 4
- Node 1 to Node 2: 1
- Node 1 to Node 4: 14
- Node 2 to Node 4: 12
- Node 2 to Node 5: 24
- Node 3 to Node 2: 11
- Node 3 to Node 4: 4
- Node 4 to Node 5: 4

What is the shortest path from node 0 to node 5 and its total cost?

Reply with only the path and cost.
Format: Path: X -> X -> X, Cost: X","Path: 0 -> 3 -> 4 -> 5, Cost: 12",algorithmic,shortest_path,standard,hard,high,procedural_seed_654506934343000521,verify_sp,"{""subtype"":""SP"",""directed"":true,""source"":0,""target"":5,""graph"":[{""u"":0,""v"":1,""w"":1},{""u"":0,""v"":3,""w"":4},{""u"":1,""v"":2,""w"":1},{""u"":1,""v"":4,""w"":14},{""u"":2,""v"":4,""w"":12},{""u"":2,""v"":5,""w"":24},{""u"":3,""v"":2,""w"":11},{""u"":3,""v"":4,""w"":4},{""u"":4,""v"":5,""w"":4}],""num_vertices"":6,""instance_type"":""adversarial"",""greedy_answer"":""Path: 0 -> 1 -> 2 -> 4 -> 5, Cost: 18"",""greedy_succeeds"":false,""adversarial_pattern"":""trap"",""difficulty_numeric"":14,""critical_step_index"":0}",stage1_procedural_generation
SP_021,canonical,"A route planner has 9 locations labeled 0 to 8. Roads are one-way and weighted by travel time.

The road network is:
- Node 0 to Node 1: 1
- Node 0 to Node 3: 4
- Node 0 to Node 5: 11
- Node 0 to Node 6: 11
- Node 0 to Node 7: 9
- Node 1 to Node 2: 1
- Node 1 to Node 4: 14
- Node 2 to Node 4: 12
- Node 2 to Node 8: 24
- Node 3 to Node 2: 11
- Node 3 to Node 4: 4
- Node 4 to Node 8: 4
- Node 5 to Node 8: 12
- Node 6 to Node 8: 8
- Node 7 to Node 8: 12

What is the shortest path from node 0 to node 8 and its total cost?

Reply with only the path and cost.
Format: Path: X -> X -> X, Cost: X","Path: 0 -> 3 -> 4 -> 8, Cost: 12",algorithmic,shortest_path,adversarial,hard,high,procedural_seed_17477518096493433721,verify_sp,"{""subtype"":""SP"",""directed"":true,""source"":0,""target"":8,""graph"":[{""u"":0,""v"":1,""w"":1},{""u"":0,""v"":3,""w"":4},{""u"":0,""v"":5,""w"":11},{""u"":0,""v"":6,""w"":11},{""u"":0,""v"":7,""w"":9},{""u"":1,""v"":2,""w"":1},{""u"":1,""v"":4,""w"":14},{""u"":2,""v"":4,""w"":12},{""u"":2,""v"":8,""w"":24},{""u"":3,""v"":2,""w"":11},{""u"":3,""v"":4,""w"":4},{""u"":4,""v"":8,""w"":4},{""u"":5,""v"":8,""w"":12},{""u"":6,""v"":8,""w"":8},{""u"":7,""v"":8,""w"":12}],""num_vertices"":9,""instance_type"":""adversarial"",""greedy_answer"":""Path: 0 -> 1 -> 2 -> 4 -> 8, Cost: 18"",""greedy_succeeds"":false,""adversarial_pattern"":""trap"",""difficulty_numeric"":15,""critical_step_index"":0}",stage1_procedural_generation
SP_023,canonical,"A route planner has 6 locations labeled 0 to 5. Roads are one-way and weighted by travel time.

The road network is:
- Node 0 to Node 1: 3
- Node 0 to Node 2: 3
- Node 0 to Node 3: 9
- Node 0 to Node 4: 11
- Node 1 to Node 3: 6
- Node 1 to Node 5: 3
- Node 2 to Node 3: 1
- Node 2 to Node 5: 8
- Node 3 to Node 5: 1
- Node 4 to Node 5: 11

What is the shortest path from node 0 to node 5 and its total cost?

Reply with only the path and cost.
Format: Path: X -> X -> X, Cost: X","Path: 0 -> 2 -> 3 -> 5, Cost: 5",algorithmic,shortest_path,adversarial,hard,high,procedural_seed_15581373583461236366,verify_sp,"{""subtype"":""SP"",""directed"":true,""source"":0,""target"":5,""graph"":[{""u"":0,""v"":1,""w"":3},{""u"":0,""v"":2,""w"":3},{""u"":0,""v"":3,""w"":9},{""u"":0,""v"":4,""w"":11},{""u"":1,""v"":3,""w"":6},{""u"":1,""v"":5,""w"":3},{""u"":2,""v"":3,""w"":1},{""u"":2,""v"":5,""w"":8},{""u"":3,""v"":5,""w"":1},{""u"":4,""v"":5,""w"":11}],""num_vertices"":6,""instance_type"":""adversarial"",""greedy_answer"":""Path: 0 -> 1 -> 5, Cost: 6"",""greedy_succeeds"":false,""adversarial_pattern"":""long_cheap"",""difficulty_numeric"":14,""critical_step_index"":0}",stage1_procedural_generation
SP_024,canonical,"A route planner has 8 locations labeled 0 to 7. Roads are one-way and weighted by travel time.

The road network is:
- Node 0 to Node 1: 3
- Node 0 to Node 2: 3
- Node 0 to Node 3: 9
- Node 0 to Node 4: 7
- Node 0 to Node 5: 10
- Node 0 to Node 6: 10
- Node 1 to Node 3: 6
- Node 1 to Node 7: 3
- Node 2 to Node 3: 1
- Node 2 to Node 7: 8
- Node 3 to Node 7: 1
- Node 4 to Node 7: 11
- Node 5 to Node 7: 11
- Node 6 to Node 7: 10

What is the shortest path from node 0 to node 7 and its total cost?

Reply with only the path and cost.
Format: Path: X -> X -> X, Cost: X","Path: 0 -> 2 -> 3 -> 7, Cost: 5",algorithmic,shortest_path,standard,hard,high,procedural_seed_13849691825962119709,verify_sp,"{""subtype"":""SP"",""directed"":true,""source"":0,""target"":7,""graph"":[{""u"":0,""v"":1,""w"":3},{""u"":0,""v"":2,""w"":3},{""u"":0,""v"":3,""w"":9},{""u"":0,""v"":4,""w"":7},{""u"":0,""v"":5,""w"":10},{""u"":0,""v"":6,""w"":10},{""u"":1,""v"":3,""w"":6},{""u"":1,""v"":7,""w"":3},{""u"":2,""v"":3,""w"":1},{""u"":2,""v"":7,""w"":8},{""u"":3,""v"":7,""w"":1},{""u"":4,""v"":7,""w"":11},{""u"":5,""v"":7,""w"":11},{""u"":6,""v"":7,""w"":10}],""num_vertices"":8,""instance_type"":""adversarial"",""greedy_answer"":""Path: 0 -> 1 -> 7, Cost: 6"",""greedy_succeeds"":false,""adversarial_pattern"":""long_cheap"",""difficulty_numeric"":15,""critical_step_index"":0}",stage1_procedural_generation
SP_026,canonical,"A route planner has 9 locations labeled 0 to 8. Roads are one-way and weighted by travel time.

The road network is:
- Node 0 to Node 1: 3
- Node 0 to Node 2: 3
- Node 0 to Node 3: 9
- Node 0 to Node 4: 8
- Node 0 to Node 5: 10
- Node 0 to Node 6: 11
- Node 0 to Node 7: 7
- Node 1 to Node 3: 6
- Node 1 to Node 8: 3
- Node 2 to Node 3: 1
- Node 2 to Node 8: 8
- Node 3 to Node 8: 1
- Node 4 to Node 8: 7
- Node 5 to Node 8: 9
- Node 6 to Node 8: 11
- Node 7 to Node 8: 10

What is the shortest path from node 0 to node 8 and its total cost?

Reply with only the path and cost.
Format: Path: X -> X -> X, Cost: X","Path: 0 -> 2 -> 3 -> 8, Cost: 5",algorithmic,shortest_path,standard,hard,high,procedural_seed_818223934435632809,verify_sp,"{""subtype"":""SP"",""directed"":true,""source"":0,""target"":8,""graph"":[{""u"":0,""v"":1,""w"":3},{""u"":0,""v"":2,""w"":3},{""u"":0,""v"":3,""w"":9},{""u"":0,""v"":4,""w"":8},{""u"":0,""v"":5,""w"":10},{""u"":0,""v"":6,""w"":11},{""u"":0,""v"":7,""w"":7},{""u"":1,""v"":3,""w"":6},{""u"":1,""v"":8,""w"":3},{""u"":2,""v"":3,""w"":1},{""u"":2,""v"":8,""w"":8},{""u"":3,""v"":8,""w"":1},{""u"":4,""v"":8,""w"":7},{""u"":5,""v"":8,""w"":9},{""u"":6,""v"":8,""w"":11},{""u"":7,""v"":8,""w"":10}],""num_vertices"":9,""instance_type"":""adversarial"",""greedy_answer"":""Path: 0 -> 1 -> 8, Cost: 6"",""greedy_succeeds"":false,""adversarial_pattern"":""long_cheap"",""difficulty_numeric"":15,""critical_step_index"":0}",stage1_procedural_generation
SP_027,canonical,"A route planner has 7 locations labeled 0 to 6. Roads are one-way and weighted by travel time.

The road network is:
- Node 0 to Node 1: 3
- Node 0 to Node 2: 5
- Node 0 to Node 3: 9
- Node 0 to Node 4: 9
- Node 0 to Node 5: 6
- Node 1 to Node 6: 1
- Node 2 to Node 1: -3
- Node 2 to Node 6: 8
- Node 3 to Node 6: 9
- Node 4 to Node 6: 9
- Node 5 to Node 6: 9

What is the shortest path from node 0 to node 6 and its total cost?

Reply with only the path and cost.
Format: Path: X -> X -> X, Cost: X","Path: 0 -> 2 -> 1 -> 6, Cost: 3",algorithmic,shortest_path,standard,hard,high,procedural_seed_17908783940855319004,verify_sp,"{""subtype"":""SP"",""directed"":true,""source"":0,""target"":6,""graph"":[{""u"":0,""v"":1,""w"":3},{""u"":0,""v"":2,""w"":5},{""u"":0,""v"":3,""w"":9},{""u"":0,""v"":4,""w"":9},{""u"":0,""v"":5,""w"":6},{""u"":1,""v"":6,""w"":1},{""u"":2,""v"":1,""w"":-3},{""u"":2,""v"":6,""w"":8},{""u"":3,""v"":6,""w"":9},{""u"":4,""v"":6,""w"":9},{""u"":5,""v"":6,""w"":9}],""num_vertices"":7,""instance_type"":""adversarial"",""greedy_answer"":""Path: 0 -> 1 -> 6, Cost: 4"",""greedy_succeeds"":false,""adversarial_pattern"":""negative_weight"",""requires_bellman_ford"":true,""difficulty_numeric"":15,""critical_step_index"":0}",stage1_procedural_generation
SP_028,canonical,"A route planner has 8 locations labeled 0 to 7. Roads are one-way and weighted by travel time.

The road network is:
- Node 0 to Node 1: 3
- Node 0 to Node 2: 5
- Node 0 to Node 3: 10
- Node 0 to Node 4: 8
- Node 0 to Node 5: 8
- Node 0 to Node 6: 9
- Node 1 to Node 7: 1
- Node 2 to Node 1: -3
- Node 2 to Node 7: 8
- Node 3 to Node 7: 7
- Node 4 to Node 7: 7
- Node 5 to Node 7: 10
- Node 6 to Node 7: 9

What is the shortest path from node 0 to node 7 and its total cost?

Reply with only the path and cost.
Format: Path: X -> X -> X, Cost: X","Path: 0 -> 2 -> 1 -> 7, Cost: 3",algorithmic,shortest_path,adversarial,hard,high,procedural_seed_17692268127388706213,verify_sp,"{""subtype"":""SP"",""directed"":true,""source"":0,""target"":7,""graph"":[{""u"":0,""v"":1,""w"":3},{""u"":0,""v"":2,""w"":5},{""u"":0,""v"":3,""w"":10},{""u"":0,""v"":4,""w"":8},{""u"":0,""v"":5,""w"":8},{""u"":0,""v"":6,""w"":9},{""u"":1,""v"":7,""w"":1},{""u"":2,""v"":1,""w"":-3},{""u"":2,""v"":7,""w"":8},{""u"":3,""v"":7,""w"":7},{""u"":4,""v"":7,""w"":7},{""u"":5,""v"":7,""w"":10},{""u"":6,""v"":7,""w"":9}],""num_vertices"":8,""instance_type"":""adversarial"",""greedy_answer"":""Path: 0 -> 1 -> 7, Cost: 4"",""greedy_succeeds"":false,""adversarial_pattern"":""negative_weight"",""requires_bellman_ford"":true,""difficulty_numeric"":15,""critical_step_index"":0}",stage1_procedural_generation
SP_029,canonical,"A route planner has 8 locations labeled 0 to 7. Roads are one-way and weighted by travel time.

The road network is:
- Node 0 to Node 1: 3
- Node 0 to Node 2: 5
- Node 0 to Node 3: 6
- Node 0 to Node 4: 10
- Node 0 to Node 5: 10
- Node 0 to Node 6: 9
- Node 1 to Node 7: 1
- Node 2 to Node 1: -3
- Node 2 to Node 7: 8
- Node 3 to Node 7: 8
- Node 4 to Node 7: 6
- Node 5 to Node 7: 6
- Node 6 to Node 7: 8

What is the shortest path from node 0 to node 7 and its total cost?

Reply with only the path and cost.
Format: Path: X -> X -> X, Cost: X","Path: 0 -> 2 -> 1 -> 7, Cost: 3",algorithmic,shortest_path,standard,hard,high,procedural_seed_2907751669394611625,verify_sp,"{""subtype"":""SP"",""directed"":true,""source"":0,""target"":7,""graph"":[{""u"":0,""v"":1,""w"":3},{""u"":0,""v"":2,""w"":5},{""u"":0,""v"":3,""w"":6},{""u"":0,""v"":4,""w"":10},{""u"":0,""v"":5,""w"":10},{""u"":0,""v"":6,""w"":9},{""u"":1,""v"":7,""w"":1},{""u"":2,""v"":1,""w"":-3},{""u"":2,""v"":7,""w"":8},{""u"":3,""v"":7,""w"":8},{""u"":4,""v"":7,""w"":6},{""u"":5,""v"":7,""w"":6},{""u"":6,""v"":7,""w"":8}],""num_vertices"":8,""instance_type"":""adversarial"",""greedy_answer"":""Path: 0 -> 1 -> 7, Cost: 4"",""greedy_succeeds"":false,""adversarial_pattern"":""negative_weight"",""requires_bellman_ford"":true,""difficulty_numeric"":15,""critical_step_index"":0}",stage1_procedural_generation
SP_030,canonical,"A route planner has 8 locations labeled 0 to 7. Roads are one-way and weighted by travel time.

The road network is:
- Node 0 to Node 1: 3
- Node 0 to Node 2: 5
- Node 0 to Node 3: 8
- Node 0 to Node 4: 10
- Node 0 to Node 5: 10
- Node 0 to Node 6: 7
- Node 1 to Node 7: 1
- Node 2 to Node 1: -3
- Node 2 to Node 7: 8
- Node 3 to Node 7: 9
- Node 4 to Node 7: 8
- Node 5 to Node 7: 6
- Node 6 to Node 7: 9

What is the shortest path from node 0 to node 7 and its total cost?

Reply with only the path and cost.
Format: Path: X -> X -> X, Cost: X","Path: 0 -> 2 -> 1 -> 7, Cost: 3",algorithmic,shortest_path,adversarial,hard,high,procedural_seed_3716749750810381874,verify_sp,"{""subtype"":""SP"",""directed"":true,""source"":0,""target"":7,""graph"":[{""u"":0,""v"":1,""w"":3},{""u"":0,""v"":2,""w"":5},{""u"":0,""v"":3,""w"":8},{""u"":0,""v"":4,""w"":10},{""u"":0,""v"":5,""w"":10},{""u"":0,""v"":6,""w"":7},{""u"":1,""v"":7,""w"":1},{""u"":2,""v"":1,""w"":-3},{""u"":2,""v"":7,""w"":8},{""u"":3,""v"":7,""w"":9},{""u"":4,""v"":7,""w"":8},{""u"":5,""v"":7,""w"":6},{""u"":6,""v"":7,""w"":9}],""num_vertices"":8,""instance_type"":""adversarial"",""greedy_answer"":""Path: 0 -> 1 -> 7, Cost: 4"",""greedy_succeeds"":false,""adversarial_pattern"":""negative_weight"",""requires_bellman_ford"":true,""difficulty_numeric"":15,""critical_step_index"":0}",stage1_procedural_generation
WIS_006,canonical,"You are given weighted intervals on a timeline. Select a non-overlapping subset with maximum total weight.

Intervals:
Interval 0: start=0, end=2, weight=5
Interval 1: start=4, end=7, weight=5
Interval 2: start=5, end=8, weight=9
Interval 3: start=7, end=8, weight=11
Interval 4: start=9, end=12, weight=5
Interval 5: start=12, end=13, weight=3
Interval 6: start=13, end=15, weight=11

Two intervals conflict if their ranges overlap.
Reply with only the selected interval ids and the total weight.
Format: Selected: {X, X, X, ...}, Total: X","Selected: {0, 1, 3, 4, 5, 6}, Total: 40",algorithmic,wis,adversarial,hard,high,procedural_seed_8354403257838524191,verify_wis,"{""subtype"":""WIS"",""intervals"":[{""id"":0,""start"":0,""end"":2,""weight"":5},{""id"":1,""start"":4,""end"":7,""weight"":5},{""id"":2,""start"":5,""end"":8,""weight"":9},{""id"":3,""start"":7,""end"":8,""weight"":11},{""id"":4,""start"":9,""end"":12,""weight"":5},{""id"":5,""start"":12,""end"":13,""weight"":3},{""id"":6,""start"":13,""end"":15,""weight"":11}],""greedy_succeeds"":true,""instance_type"":""standard"",""greedy_answer"":""Selected: {0, 1, 3, 4, 5, 6}, Total: 40"",""difficulty_numeric"":12,""critical_step_index"":-1}",stage1_procedural_generation
WIS_007,canonical,"You are given weighted intervals on a timeline. Select a non-overlapping subset with maximum total weight.

Intervals:
Interval 0: start=0, end=3, weight=13
Interval 1: start=1, end=3, weight=10
Interval 2: start=5, end=7, weight=14
Interval 3: start=7, end=10, weight=13
Interval 4: start=10, end=11, weight=7
Interval 5: start=12, end=13, weight=13

Two intervals conflict if their ranges overlap.
Reply with only the selected interval ids and the total weight.
Format: Selected: {X, X, X, ...}, Total: X","Selected: {0, 2, 3, 4, 5}, Total: 60",algorithmic,wis,adversarial,hard,high,procedural_seed_17872145062800134000,verify_wis,"{""subtype"":""WIS"",""intervals"":[{""id"":0,""start"":0,""end"":3,""weight"":13},{""id"":1,""start"":1,""end"":3,""weight"":10},{""id"":2,""start"":5,""end"":7,""weight"":14},{""id"":3,""start"":7,""end"":10,""weight"":13},{""id"":4,""start"":10,""end"":11,""weight"":7},{""id"":5,""start"":12,""end"":13,""weight"":13}],""greedy_succeeds"":true,""instance_type"":""standard"",""greedy_answer"":""Selected: {0, 2, 3, 4, 5}, Total: 60"",""difficulty_numeric"":12,""critical_step_index"":-1}",stage1_procedural_generation
WIS_009,canonical,"You are given weighted intervals on a timeline. Select a non-overlapping subset with maximum total weight.

Intervals:
Interval 0: start=0, end=3, weight=9
Interval 1: start=3, end=4, weight=3
Interval 2: start=6, end=9, weight=4
Interval 3: start=9, end=12, weight=7
Interval 4: start=12, end=14, weight=15
Interval 5: start=16, end=19, weight=7
Interval 6: start=19, end=22, weight=12
Interval 7: start=21, end=23, weight=5
Interval 8: start=25, end=28, weight=15

Two intervals conflict if their ranges overlap.
Reply with only the selected interval ids and the total weight.
Format: Selected: {X, X, X, ...}, Total: X","Selected: {0, 1, 2, 3, 4, 5, 6, 8}, Total: 72",algorithmic,wis,adversarial,hard,high,procedural_seed_4421882215693243736,verify_wis,"{""subtype"":""WIS"",""intervals"":[{""id"":0,""start"":0,""end"":3,""weight"":9},{""id"":1,""start"":3,""end"":4,""weight"":3},{""id"":2,""start"":6,""end"":9,""weight"":4},{""id"":3,""start"":9,""end"":12,""weight"":7},{""id"":4,""start"":12,""end"":14,""weight"":15},{""id"":5,""start"":16,""end"":19,""weight"":7},{""id"":6,""start"":19,""end"":22,""weight"":12},{""id"":7,""start"":21,""end"":23,""weight"":5},{""id"":8,""start"":25,""end"":28,""weight"":15}],""greedy_succeeds"":true,""instance_type"":""standard"",""greedy_answer"":""Selected: {0, 1, 2, 3, 4, 5, 6, 8}, Total: 72"",""difficulty_numeric"":15,""critical_step_index"":-1}",stage1_procedural_generation
WIS_010,canonical,"You are given weighted intervals on a timeline. Select a non-overlapping subset with maximum total weight.

Intervals:
Interval 0: start=1, end=3, weight=11
Interval 1: start=2, end=4, weight=8
Interval 2: start=3, end=6, weight=14
Interval 3: start=5, end=6, weight=7
Interval 4: start=8, end=11, weight=6
Interval 5: start=11, end=13, weight=9
Interval 6: start=13, end=16, weight=15
Interval 7: start=17, end=19, weight=7

Two intervals conflict if their ranges overlap.
Reply with only the selected interval ids and the total weight.
Format: Selected: {X, X, X, ...}, Total: X","Selected: {0, 2, 4, 5, 6, 7}, Total: 62",algorithmic,wis,adversarial,hard,high,procedural_seed_11263982552794173809,verify_wis,"{""subtype"":""WIS"",""intervals"":[{""id"":0,""start"":1,""end"":3,""weight"":11},{""id"":1,""start"":2,""end"":4,""weight"":8},{""id"":2,""start"":3,""end"":6,""weight"":14},{""id"":3,""start"":5,""end"":6,""weight"":7},{""id"":4,""start"":8,""end"":11,""weight"":6},{""id"":5,""start"":11,""end"":13,""weight"":9},{""id"":6,""start"":13,""end"":16,""weight"":15},{""id"":7,""start"":17,""end"":19,""weight"":7}],""greedy_succeeds"":true,""instance_type"":""standard"",""greedy_answer"":""Selected: {0, 2, 4, 5, 6, 7}, Total: 62"",""difficulty_numeric"":14,""critical_step_index"":-1}",stage1_procedural_generation
WIS_012,canonical,"You are given weighted intervals on a timeline. Select a non-overlapping subset with maximum total weight.

Intervals:
Interval 0: start=1, end=4, weight=11
Interval 1: start=3, end=6, weight=10
Interval 2: start=7, end=10, weight=5
Interval 3: start=10, end=12, weight=13
Interval 4: start=13, end=15, weight=12
Interval 5: start=15, end=16, weight=14
Interval 6: start=17, end=18, weight=7
Interval 7: start=21, end=23, weight=12
Interval 8: start=24, end=26, weight=9

Two intervals conflict if their ranges overlap.
Reply with only the selected interval ids and the total weight.
Format: Selected: {X, X, X, ...}, Total: X","Selected: {0, 2, 3, 4, 5, 6, 7, 8}, Total: 83",algorithmic,wis,adversarial,hard,high,procedural_seed_16846115827646459088,verify_wis,"{""subtype"":""WIS"",""intervals"":[{""id"":0,""start"":1,""end"":4,""weight"":11},{""id"":1,""start"":3,""end"":6,""weight"":10},{""id"":2,""start"":7,""end"":10,""weight"":5},{""id"":3,""start"":10,""end"":12,""weight"":13},{""id"":4,""start"":13,""end"":15,""weight"":12},{""id"":5,""start"":15,""end"":16,""weight"":14},{""id"":6,""start"":17,""end"":18,""weight"":7},{""id"":7,""start"":21,""end"":23,""weight"":12},{""id"":8,""start"":24,""end"":26,""weight"":9}],""greedy_succeeds"":true,""instance_type"":""standard"",""greedy_answer"":""Selected: {0, 2, 3, 4, 5, 6, 7, 8}, Total: 83"",""difficulty_numeric"":15,""critical_step_index"":-1}",stage1_procedural_generation
WIS_013,canonical,"You are given weighted intervals on a timeline. Select a non-overlapping subset with maximum total weight.

Intervals:
Interval 0: start=0, end=2, weight=8
Interval 1: start=2, end=4, weight=7
Interval 2: start=4, end=6, weight=9
Interval 3: start=6, end=8, weight=7
Interval 4: start=1, end=9, weight=43
Interval 5: start=9, end=11, weight=6

Two intervals conflict if their ranges overlap.
Reply with only the selected interval ids and the total weight.
Format: Selected: {X, X, X, ...}, Total: X","Selected: {4, 5}, Total: 49",algorithmic,wis,adversarial,hard,high,procedural_seed_11925366546520152079,verify_wis,"{""subtype"":""WIS"",""intervals"":[{""id"":0,""start"":0,""end"":2,""weight"":8},{""id"":1,""start"":2,""end"":4,""weight"":7},{""id"":2,""start"":4,""end"":6,""weight"":9},{""id"":3,""start"":6,""end"":8,""weight"":7},{""id"":4,""start"":1,""end"":9,""weight"":43},{""id"":5,""start"":9,""end"":11,""weight"":6}],""greedy_succeeds"":false,""instance_type"":""adversarial"",""greedy_answer"":""Selected: {0, 1, 2, 3, 5}, Total: 37"",""adversarial_pattern"":""anchor_conflict"",""difficulty_numeric"":15,""critical_step_index"":0}",stage1_procedural_generation
WIS_014,canonical,"You are given weighted intervals on a timeline. Select a non-overlapping subset with maximum total weight.

Intervals:
Interval 0: start=0, end=2, weight=8
Interval 1: start=2, end=4, weight=7
Interval 2: start=4, end=6, weight=7
Interval 3: start=6, end=8, weight=9
Interval 4: start=1, end=9, weight=45
Interval 5: start=9, end=11, weight=8

Two intervals conflict if their ranges overlap.
Reply with only the selected interval ids and the total weight.
Format: Selected: {X, X, X, ...}, Total: X","Selected: {4, 5}, Total: 53",algorithmic,wis,adversarial,hard,high,procedural_seed_6535211614736917145,verify_wis,"{""subtype"":""WIS"",""intervals"":[{""id"":0,""start"":0,""end"":2,""weight"":8},{""id"":1,""start"":2,""end"":4,""weight"":7},{""id"":2,""start"":4,""end"":6,""weight"":7},{""id"":3,""start"":6,""end"":8,""weight"":9},{""id"":4,""start"":1,""end"":9,""weight"":45},{""id"":5,""start"":9,""end"":11,""weight"":8}],""greedy_succeeds"":false,""instance_type"":""adversarial"",""greedy_answer"":""Selected: {0, 1, 2, 3, 5}, Total: 39"",""adversarial_pattern"":""anchor_conflict"",""difficulty_numeric"":15,""critical_step_index"":0}",stage1_procedural_generation
WIS_015,canonical,"You are given weighted intervals on a timeline. Select a non-overlapping subset with maximum total weight.

Intervals:
Interval 0: start=0, end=2, weight=8
Interval 1: start=2, end=4, weight=8
Interval 2: start=4, end=6, weight=9
Interval 3: start=6, end=8, weight=8
Interval 4: start=1, end=9, weight=44
Interval 5: start=9, end=11, weight=5

Two intervals conflict if their ranges overlap.
Reply with only the selected interval ids and the total weight.
Format: Selected: {X, X, X, ...}, Total: X","Selected: {4, 5}, Total: 49",algorithmic,wis,adversarial,hard,high,procedural_seed_905498411818161822,verify_wis,"{""subtype"":""WIS"",""intervals"":[{""id"":0,""start"":0,""end"":2,""weight"":8},{""id"":1,""start"":2,""end"":4,""weight"":8},{""id"":2,""start"":4,""end"":6,""weight"":9},{""id"":3,""start"":6,""end"":8,""weight"":8},{""id"":4,""start"":1,""end"":9,""weight"":44},{""id"":5,""start"":9,""end"":11,""weight"":5}],""greedy_succeeds"":false,""instance_type"":""adversarial"",""greedy_answer"":""Selected: {0, 1, 2, 3, 5}, Total: 38"",""adversarial_pattern"":""anchor_conflict"",""difficulty_numeric"":15,""critical_step_index"":0}",stage1_procedural_generation
WIS_016,canonical,"You are given weighted intervals on a timeline. Select a non-overlapping subset with maximum total weight.

Intervals:
Interval 0: start=0, end=2, weight=8
Interval 1: start=2, end=4, weight=9
Interval 2: start=4, end=6, weight=8
Interval 3: start=6, end=8, weight=7
Interval 4: start=1, end=9, weight=44
Interval 5: start=9, end=11, weight=7

Two intervals conflict if their ranges overlap.
Reply with only the selected interval ids and the total weight.
Format: Selected: {X, X, X, ...}, Total: X","Selected: {4, 5}, Total: 51",algorithmic,wis,adversarial,hard,high,procedural_seed_1798711596968828887,verify_wis,"{""subtype"":""WIS"",""intervals"":[{""id"":0,""start"":0,""end"":2,""weight"":8},{""id"":1,""start"":2,""end"":4,""weight"":9},{""id"":2,""start"":4,""end"":6,""weight"":8},{""id"":3,""start"":6,""end"":8,""weight"":7},{""id"":4,""start"":1,""end"":9,""weight"":44},{""id"":5,""start"":9,""end"":11,""weight"":7}],""greedy_succeeds"":false,""instance_type"":""adversarial"",""greedy_answer"":""Selected: {0, 1, 2, 3, 5}, Total: 39"",""adversarial_pattern"":""anchor_conflict"",""difficulty_numeric"":15,""critical_step_index"":0}",stage1_procedural_generation
WIS_017,canonical,"You are given weighted intervals on a timeline. Select a non-overlapping subset with maximum total weight.

Intervals:
Interval 0: start=0, end=2, weight=11
Interval 1: start=2, end=4, weight=11
Interval 2: start=4, end=6, weight=11
Interval 3: start=6, end=8, weight=11
Interval 4: start=1, end=5, weight=30
Interval 5: start=5, end=9, weight=27

Two intervals conflict if their ranges overlap.
Reply with only the selected interval ids and the total weight.
Format: Selected: {X, X, X, ...}, Total: X","Selected: {4, 5}, Total: 57",algorithmic,wis,adversarial,hard,high,procedural_seed_2173718088364753818,verify_wis,"{""subtype"":""WIS"",""intervals"":[{""id"":0,""start"":0,""end"":2,""weight"":11},{""id"":1,""start"":2,""end"":4,""weight"":11},{""id"":2,""start"":4,""end"":6,""weight"":11},{""id"":3,""start"":6,""end"":8,""weight"":11},{""id"":4,""start"":1,""end"":5,""weight"":30},{""id"":5,""start"":5,""end"":9,""weight"":27}],""greedy_succeeds"":false,""instance_type"":""adversarial"",""greedy_answer"":""Selected: {0, 1, 2, 3}, Total: 44"",""adversarial_pattern"":""chain_trap"",""difficulty_numeric"":15,""critical_step_index"":0}",stage1_procedural_generation
WIS_018,canonical,"You are given weighted intervals on a timeline. Select a non-overlapping subset with maximum total weight.

Intervals:
Interval 0: start=0, end=2, weight=11
Interval 1: start=2, end=4, weight=11
Interval 2: start=4, end=6, weight=11
Interval 3: start=6, end=8, weight=11
Interval 4: start=1, end=5, weight=27
Interval 5: start=5, end=9, weight=28

Two intervals conflict if their ranges overlap.
Reply with only the selected interval ids and the total weight.
Format: Selected: {X, X, X, ...}, Total: X","Selected: {4, 5}, Total: 55",algorithmic,wis,adversarial,hard,high,procedural_seed_9688152920606483387,verify_wis,"{""subtype"":""WIS"",""intervals"":[{""id"":0,""start"":0,""end"":2,""weight"":11},{""id"":1,""start"":2,""end"":4,""weight"":11},{""id"":2,""start"":4,""end"":6,""weight"":11},{""id"":3,""start"":6,""end"":8,""weight"":11},{""id"":4,""start"":1,""end"":5,""weight"":27},{""id"":5,""start"":5,""end"":9,""weight"":28}],""greedy_succeeds"":false,""instance_type"":""adversarial"",""greedy_answer"":""Selected: {0, 1, 2, 3}, Total: 44"",""adversarial_pattern"":""chain_trap"",""difficulty_numeric"":15,""critical_step_index"":0}",stage1_procedural_generation
WIS_019,canonical,"You are given weighted intervals on a timeline. Select a non-overlapping subset with maximum total weight.

Intervals:
Interval 0: start=0, end=2, weight=11
Interval 1: start=2, end=4, weight=11
Interval 2: start=4, end=6, weight=11
Interval 3: start=6, end=8, weight=11
Interval 4: start=1, end=5, weight=29
Interval 5: start=5, end=9, weight=29

Two intervals conflict if their ranges overlap.
Reply with only the selected interval ids and the total weight.
Format: Selected: {X, X, X, ...}, Total: X","Selected: {4, 5}, Total: 58",algorithmic,wis,adversarial,hard,high,procedural_seed_8915383321707892172,verify_wis,"{""subtype"":""WIS"",""intervals"":[{""id"":0,""start"":0,""end"":2,""weight"":11},{""id"":1,""start"":2,""end"":4,""weight"":11},{""id"":2,""start"":4,""end"":6,""weight"":11},{""id"":3,""start"":6,""end"":8,""weight"":11},{""id"":4,""start"":1,""end"":5,""weight"":29},{""id"":5,""start"":5,""end"":9,""weight"":29}],""greedy_succeeds"":false,""instance_type"":""adversarial"",""greedy_answer"":""Selected: {0, 1, 2, 3}, Total: 44"",""adversarial_pattern"":""chain_trap"",""difficulty_numeric"":15,""critical_step_index"":0}",stage1_procedural_generation
WIS_020,canonical,"You are given weighted intervals on a timeline. Select a non-overlapping subset with maximum total weight.

Intervals:
Interval 0: start=0, end=2, weight=11
Interval 1: start=2, end=4, weight=11
Interval 2: start=4, end=6, weight=11
Interval 3: start=6, end=8, weight=11
Interval 4: start=1, end=5, weight=30
Interval 5: start=5, end=9, weight=29

Two intervals conflict if their ranges overlap.
Reply with only the selected interval ids and the total weight.
Format: Selected: {X, X, X, ...}, Total: X","Selected: {4, 5}, Total: 59",algorithmic,wis,adversarial,hard,high,procedural_seed_4675367858280413474,verify_wis,"{""subtype"":""WIS"",""intervals"":[{""id"":0,""start"":0,""end"":2,""weight"":11},{""id"":1,""start"":2,""end"":4,""weight"":11},{""id"":2,""start"":4,""end"":6,""weight"":11},{""id"":3,""start"":6,""end"":8,""weight"":11},{""id"":4,""start"":1,""end"":5,""weight"":30},{""id"":5,""start"":5,""end"":9,""weight"":29}],""greedy_succeeds"":false,""instance_type"":""adversarial"",""greedy_answer"":""Selected: {0, 1, 2, 3}, Total: 44"",""adversarial_pattern"":""chain_trap"",""difficulty_numeric"":15,""critical_step_index"":0}",stage1_procedural_generation
SP_031,canonical,"A route planner has 9 locations labeled 0 to 8. Roads are one-way and weighted by travel time.

The road network is:
- Node 0 to Node 1: 9
- Node 0 to Node 2: 5
- Node 1 to Node 3: 6
- Node 2 to Node 4: 20
- Node 3 to Node 5: 25
- Node 3 to Node 6: 29
- Node 3 to Node 7: 25
- Node 3 to Node 8: 7
- Node 4 to Node 8: 37

What is the shortest path from node 0 to node 8 and its total cost?

Reply with only the path and cost.
Format: Path: X -> X -> X, Cost: X","Path: 0 -> 1 -> 3 -> 8, Cost: 22",algorithmic,shortest_path,adversarial,hard,high,procedural_seed_554261129206367012,verify_sp,"{""subtype"":""SP"",""directed"":true,""source"":0,""target"":8,""graph"":[{""u"":0,""v"":1,""w"":9},{""u"":0,""v"":2,""w"":5},{""u"":1,""v"":3,""w"":6},{""u"":2,""v"":4,""w"":20},{""u"":3,""v"":5,""w"":25},{""u"":3,""v"":6,""w"":29},{""u"":3,""v"":7,""w"":25},{""u"":3,""v"":8,""w"":7},{""u"":4,""v"":8,""w"":37}],""num_vertices"":9,""instance_type"":""standard"",""greedy_answer"":""Path: 0 -> 2 -> 4 -> 8, Cost: 62"",""greedy_succeeds"":false,""tempting_wrong_first_move"":2,""difficulty_numeric"":14,""critical_step_index"":-1}",stage1_procedural_generation
SP_032,canonical,"A route planner has 8 locations labeled 0 to 7. Roads are one-way and weighted by travel time.

The road network is:
- Node 0 to Node 1: 2
- Node 0 to Node 4: 5
- Node 1 to Node 2: 20
- Node 2 to Node 7: 35
- Node 4 to Node 3: 25
- Node 4 to Node 5: 4
- Node 5 to Node 6: 3
- Node 6 to Node 7: 8

What is the shortest path from node 0 to node 7 and its total cost?

Reply with only the path and cost.
Format: Path: X -> X -> X, Cost: X","Path: 0 -> 4 -> 5 -> 6 -> 7, Cost: 20",algorithmic,shortest_path,adversarial,hard,high,procedural_seed_1574193618881062520,verify_sp,"{""subtype"":""SP"",""directed"":true,""source"":0,""target"":7,""graph"":[{""u"":0,""v"":1,""w"":2},{""u"":0,""v"":4,""w"":5},{""u"":1,""v"":2,""w"":20},{""u"":2,""v"":7,""w"":35},{""u"":4,""v"":3,""w"":25},{""u"":4,""v"":5,""w"":4},{""u"":5,""v"":6,""w"":3},{""u"":6,""v"":7,""w"":8}],""num_vertices"":8,""instance_type"":""standard"",""greedy_answer"":""Path: 0 -> 1 -> 2 -> 7, Cost: 57"",""greedy_succeeds"":false,""tempting_wrong_first_move"":1,""difficulty_numeric"":13,""critical_step_index"":-1}",stage1_procedural_generation
SP_033,canonical,"A route planner has 8 locations labeled 0 to 7. Roads are one-way and weighted by travel time.

The road network is:
- Node 0 to Node 1: 1
- Node 0 to Node 5: 0
- Node 1 to Node 2: 5
- Node 2 to Node 3: 9
- Node 3 to Node 4: 4
- Node 4 to Node 7: 4
- Node 5 to Node 6: 20
- Node 6 to Node 7: 38

What is the shortest path from node 0 to node 7 and its total cost?

Reply with only the path and cost.
Format: Path: X -> X -> X, Cost: X","Path: 0 -> 1 -> 2 -> 3 -> 4 -> 7, Cost: 23",algorithmic,shortest_path,adversarial,hard,high,procedural_seed_5139030176024967466,verify_sp,"{""subtype"":""SP"",""directed"":true,""source"":0,""target"":7,""graph"":[{""u"":0,""v"":1,""w"":1},{""u"":0,""v"":5,""w"":0},{""u"":1,""v"":2,""w"":5},{""u"":2,""v"":3,""w"":9},{""u"":3,""v"":4,""w"":4},{""u"":4,""v"":7,""w"":4},{""u"":5,""v"":6,""w"":20},{""u"":6,""v"":7,""w"":38}],""num_vertices"":8,""instance_type"":""standard"",""greedy_answer"":""Path: 0 -> 5 -> 6 -> 7, Cost: 58"",""greedy_succeeds"":false,""tempting_wrong_first_move"":5,""difficulty_numeric"":13,""critical_step_index"":-1}",stage1_procedural_generation
SP_034,canonical,"A route planner has 8 locations labeled 0 to 7. Roads are one-way and weighted by travel time.

The road network is:
- Node 0 to Node 1: 5
- Node 0 to Node 3: 6
- Node 1 to Node 2: 20
- Node 2 to Node 7: 36
- Node 3 to Node 4: 8
- Node 3 to Node 6: 24
- Node 4 to Node 5: 26
- Node 4 to Node 7: 7

What is the shortest path from node 0 to node 7 and its total cost?

Reply with only the path and cost.
Format: Path: X -> X -> X, Cost: X","Path: 0 -> 3 -> 4 -> 7, Cost: 21",algorithmic,shortest_path,adversarial,hard,high,procedural_seed_5745049018188031540,verify_sp,"{""subtype"":""SP"",""directed"":true,""source"":0,""target"":7,""graph"":[{""u"":0,""v"":1,""w"":5},{""u"":0,""v"":3,""w"":6},{""u"":1,""v"":2,""w"":20},{""u"":2,""v"":7,""w"":36},{""u"":3,""v"":4,""w"":8},{""u"":3,""v"":6,""w"":24},{""u"":4,""v"":5,""w"":26},{""u"":4,""v"":7,""w"":7}],""num_vertices"":8,""instance_type"":""standard"",""greedy_answer"":""Path: 0 -> 1 -> 2 -> 7, Cost: 61"",""greedy_succeeds"":false,""tempting_wrong_first_move"":1,""difficulty_numeric"":13,""critical_step_index"":-1}",stage1_procedural_generation
SP_035,canonical,"A route planner has 7 locations labeled 0 to 6. Roads are one-way and weighted by travel time.

The road network is:
- Node 0 to Node 1: 7
- Node 0 to Node 2: 3
- Node 1 to Node 4: 8
- Node 1 to Node 5: 23
- Node 2 to Node 3: 20
- Node 3 to Node 6: 34
- Node 4 to Node 6: 4

What is the shortest path from node 0 to node 6 and its total cost?

Reply with only the path and cost.
Format: Path: X -> X -> X, Cost: X","Path: 0 -> 1 -> 4 -> 6, Cost: 19",algorithmic,shortest_path,adversarial,hard,high,procedural_seed_3350335843135701755,verify_sp,"{""subtype"":""SP"",""directed"":true,""source"":0,""target"":6,""graph"":[{""u"":0,""v"":1,""w"":7},{""u"":0,""v"":2,""w"":3},{""u"":1,""v"":4,""w"":8},{""u"":1,""v"":5,""w"":23},{""u"":2,""v"":3,""w"":20},{""u"":3,""v"":6,""w"":34},{""u"":4,""v"":6,""w"":4}],""num_vertices"":7,""instance_type"":""standard"",""greedy_answer"":""Path: 0 -> 2 -> 3 -> 6, Cost: 57"",""greedy_succeeds"":false,""tempting_wrong_first_move"":2,""difficulty_numeric"":12,""critical_step_index"":-1}",stage1_procedural_generation
SP_036,canonical,"A route planner has 8 locations labeled 0 to 7. Roads are one-way and weighted by travel time.

The road network is:
- Node 0 to Node 1: 5
- Node 0 to Node 2: 0
- Node 1 to Node 3: 1
- Node 2 to Node 5: 20
- Node 3 to Node 4: 1
- Node 4 to Node 6: 1
- Node 5 to Node 7: 27
- Node 6 to Node 7: 4

What is the shortest path from node 0 to node 7 and its total cost?

Reply with only the path and cost.
Format: Path: X -> X -> X, Cost: X","Path: 0 -> 1 -> 3 -> 4 -> 6 -> 7, Cost: 12",algorithmic,shortest_path,adversarial,hard,high,procedural_seed_1701026370465834313,verify_sp,"{""subtype"":""SP"",""directed"":true,""source"":0,""target"":7,""graph"":[{""u"":0,""v"":1,""w"":5},{""u"":0,""v"":2,""w"":0},{""u"":1,""v"":3,""w"":1},{""u"":2,""v"":5,""w"":20},{""u"":3,""v"":4,""w"":1},{""u"":4,""v"":6,""w"":1},{""u"":5,""v"":7,""w"":27},{""u"":6,""v"":7,""w"":4}],""num_vertices"":8,""instance_type"":""standard"",""greedy_answer"":""Path: 0 -> 2 -> 5 -> 7, Cost: 47"",""greedy_succeeds"":false,""tempting_wrong_first_move"":2,""difficulty_numeric"":13,""critical_step_index"":-1}",stage1_procedural_generation
SP_037,canonical,"A route planner has 7 locations labeled 0 to 6. Roads are one-way and weighted by travel time.

The road network is:
- Node 0 to Node 1: 1
- Node 0 to Node 3: 4
- Node 0 to Node 5: 12
- Node 1 to Node 2: 1
- Node 1 to Node 4: 14
- Node 2 to Node 4: 12
- Node 2 to Node 6: 24
- Node 3 to Node 2: 11
- Node 3 to Node 4: 4
- Node 4 to Node 6: 4
- Node 5 to Node 6: 9

What is the shortest path from node 0 to node 6 and its total cost?

Reply with only the path and cost.
Format: Path: X -> X -> X, Cost: X","Path: 0 -> 3 -> 4 -> 6, Cost: 12",algorithmic,shortest_path,standard,hard,high,procedural_seed_11324365107914742565,verify_sp,"{""subtype"":""SP"",""directed"":true,""source"":0,""target"":6,""graph"":[{""u"":0,""v"":1,""w"":1},{""u"":0,""v"":3,""w"":4},{""u"":0,""v"":5,""w"":12},{""u"":1,""v"":2,""w"":1},{""u"":1,""v"":4,""w"":14},{""u"":2,""v"":4,""w"":12},{""u"":2,""v"":6,""w"":24},{""u"":3,""v"":2,""w"":11},{""u"":3,""v"":4,""w"":4},{""u"":4,""v"":6,""w"":4},{""u"":5,""v"":6,""w"":9}],""num_vertices"":7,""instance_type"":""adversarial"",""greedy_answer"":""Path: 0 -> 1 -> 2 -> 4 -> 6, Cost: 18"",""greedy_succeeds"":false,""adversarial_pattern"":""trap"",""difficulty_numeric"":15,""critical_step_index"":0}",stage1_procedural_generation
SP_038,canonical,"A route planner has 9 locations labeled 0 to 8. Roads are one-way and weighted by travel time.

The road network is:
- Node 0 to Node 1: 1
- Node 0 to Node 3: 4
- Node 0 to Node 5: 10
- Node 0 to Node 6: 12
- Node 0 to Node 7: 8
- Node 1 to Node 2: 1
- Node 1 to Node 4: 14
- Node 2 to Node 4: 12
- Node 2 to Node 8: 24
- Node 3 to Node 2: 11
- Node 3 to Node 4: 4
- Node 4 to Node 8: 4
- Node 5 to Node 8: 11
- Node 6 to Node 8: 8
- Node 7 to Node 8: 12

What is the shortest path from node 0 to node 8 and its total cost?

Reply with only the path and cost.
Format: Path: X -> X -> X, Cost: X","Path: 0 -> 3 -> 4 -> 8, Cost: 12",algorithmic,shortest_path,adversarial,hard,high,procedural_seed_12756934032902703175,verify_sp,"{""subtype"":""SP"",""directed"":true,""source"":0,""target"":8,""graph"":[{""u"":0,""v"":1,""w"":1},{""u"":0,""v"":3,""w"":4},{""u"":0,""v"":5,""w"":10},{""u"":0,""v"":6,""w"":12},{""u"":0,""v"":7,""w"":8},{""u"":1,""v"":2,""w"":1},{""u"":1,""v"":4,""w"":14},{""u"":2,""v"":4,""w"":12},{""u"":2,""v"":8,""w"":24},{""u"":3,""v"":2,""w"":11},{""u"":3,""v"":4,""w"":4},{""u"":4,""v"":8,""w"":4},{""u"":5,""v"":8,""w"":11},{""u"":6,""v"":8,""w"":8},{""u"":7,""v"":8,""w"":12}],""num_vertices"":9,""instance_type"":""adversarial"",""greedy_answer"":""Path: 0 -> 1 -> 2 -> 4 -> 8, Cost: 18"",""greedy_succeeds"":false,""adversarial_pattern"":""trap"",""difficulty_numeric"":15,""critical_step_index"":0}",stage1_procedural_generation
SP_039,canonical,"A route planner has 9 locations labeled 0 to 8. Roads are one-way and weighted by travel time.

The road network is:
- Node 0 to Node 1: 1
- Node 0 to Node 3: 4
- Node 0 to Node 5: 8
- Node 0 to Node 6: 11
- Node 0 to Node 7: 9
- Node 1 to Node 2: 1
- Node 1 to Node 4: 14
- Node 2 to Node 4: 12
- Node 2 to Node 8: 24
- Node 3 to Node 2: 11
- Node 3 to Node 4: 4
- Node 4 to Node 8: 4
- Node 5 to Node 8: 11
- Node 6 to Node 8: 8
- Node 7 to Node 8: 12

What is the shortest path from node 0 to node 8 and its total cost?

Reply with only the path and cost.
Format: Path: X -> X -> X, Cost: X","Path: 0 -> 3 -> 4 -> 8, Cost: 12",algorithmic,shortest_path,adversarial,hard,high,procedural_seed_2618131715809124932,verify_sp,"{""subtype"":""SP"",""directed"":true,""source"":0,""target"":8,""graph"":[{""u"":0,""v"":1,""w"":1},{""u"":0,""v"":3,""w"":4},{""u"":0,""v"":5,""w"":8},{""u"":0,""v"":6,""w"":11},{""u"":0,""v"":7,""w"":9},{""u"":1,""v"":2,""w"":1},{""u"":1,""v"":4,""w"":14},{""u"":2,""v"":4,""w"":12},{""u"":2,""v"":8,""w"":24},{""u"":3,""v"":2,""w"":11},{""u"":3,""v"":4,""w"":4},{""u"":4,""v"":8,""w"":4},{""u"":5,""v"":8,""w"":11},{""u"":6,""v"":8,""w"":8},{""u"":7,""v"":8,""w"":12}],""num_vertices"":9,""instance_type"":""adversarial"",""greedy_answer"":""Path: 0 -> 1 -> 2 -> 4 -> 8, Cost: 18"",""greedy_succeeds"":false,""adversarial_pattern"":""trap"",""difficulty_numeric"":15,""critical_step_index"":0}",stage1_procedural_generation
SP_040,canonical,"A route planner has 8 locations labeled 0 to 7. Roads are one-way and weighted by travel time.

The road network is:
- Node 0 to Node 1: 1
- Node 0 to Node 3: 4
- Node 0 to Node 5: 9
- Node 0 to Node 6: 10
- Node 1 to Node 2: 1
- Node 1 to Node 4: 14
- Node 2 to Node 4: 12
- Node 2 to Node 7: 24
- Node 3 to Node 2: 11
- Node 3 to Node 4: 4
- Node 4 to Node 7: 4
- Node 5 to Node 7: 8
- Node 6 to Node 7: 9

What is the shortest path from node 0 to node 7 and its total cost?

Reply with only the path and cost.
Format: Path: X -> X -> X, Cost: X","Path: 0 -> 3 -> 4 -> 7, Cost: 12",algorithmic,shortest_path,standard,hard,high,procedural_seed_10461897880051590676,verify_sp,"{""subtype"":""SP"",""directed"":true,""source"":0,""target"":7,""graph"":[{""u"":0,""v"":1,""w"":1},{""u"":0,""v"":3,""w"":4},{""u"":0,""v"":5,""w"":9},{""u"":0,""v"":6,""w"":10},{""u"":1,""v"":2,""w"":1},{""u"":1,""v"":4,""w"":14},{""u"":2,""v"":4,""w"":12},{""u"":2,""v"":7,""w"":24},{""u"":3,""v"":2,""w"":11},{""u"":3,""v"":4,""w"":4},{""u"":4,""v"":7,""w"":4},{""u"":5,""v"":7,""w"":8},{""u"":6,""v"":7,""w"":9}],""num_vertices"":8,""instance_type"":""adversarial"",""greedy_answer"":""Path: 0 -> 1 -> 2 -> 4 -> 7, Cost: 18"",""greedy_succeeds"":false,""adversarial_pattern"":""trap"",""difficulty_numeric"":15,""critical_step_index"":0}",stage1_procedural_generation
SP_042,canonical,"A route planner has 9 locations labeled 0 to 8. Roads are one-way and weighted by travel time.

The road network is:
- Node 0 to Node 1: 3
- Node 0 to Node 2: 3
- Node 0 to Node 3: 9
- Node 0 to Node 4: 7
- Node 0 to Node 5: 7
- Node 0 to Node 6: 8
- Node 0 to Node 7: 9
- Node 1 to Node 3: 6
- Node 1 to Node 8: 3
- Node 2 to Node 3: 1
- Node 2 to Node 8: 8
- Node 3 to Node 8: 1
- Node 4 to Node 8: 9
- Node 5 to Node 8: 10
- Node 6 to Node 8: 8
- Node 7 to Node 8: 11

What is the shortest path from node 0 to node 8 and its total cost?

Reply with only the path and cost.
Format: Path: X -> X -> X, Cost: X","Path: 0 -> 2 -> 3 -> 8, Cost: 5",algorithmic,shortest_path,adversarial,hard,high,procedural_seed_1028493268171175968,verify_sp,"{""subtype"":""SP"",""directed"":true,""source"":0,""target"":8,""graph"":[{""u"":0,""v"":1,""w"":3},{""u"":0,""v"":2,""w"":3},{""u"":0,""v"":3,""w"":9},{""u"":0,""v"":4,""w"":7},{""u"":0,""v"":5,""w"":7},{""u"":0,""v"":6,""w"":8},{""u"":0,""v"":7,""w"":9},{""u"":1,""v"":3,""w"":6},{""u"":1,""v"":8,""w"":3},{""u"":2,""v"":3,""w"":1},{""u"":2,""v"":8,""w"":8},{""u"":3,""v"":8,""w"":1},{""u"":4,""v"":8,""w"":9},{""u"":5,""v"":8,""w"":10},{""u"":6,""v"":8,""w"":8},{""u"":7,""v"":8,""w"":11}],""num_vertices"":9,""instance_type"":""adversarial"",""greedy_answer"":""Path: 0 -> 1 -> 8, Cost: 6"",""greedy_succeeds"":false,""adversarial_pattern"":""long_cheap"",""difficulty_numeric"":15,""critical_step_index"":0}",stage1_procedural_generation
SP_044,canonical,"A route planner has 7 locations labeled 0 to 6. Roads are one-way and weighted by travel time.

The road network is:
- Node 0 to Node 1: 3
- Node 0 to Node 2: 3
- Node 0 to Node 3: 9
- Node 0 to Node 4: 7
- Node 0 to Node 5: 9
- Node 1 to Node 3: 6
- Node 1 to Node 6: 3
- Node 2 to Node 3: 1
- Node 2 to Node 6: 8
- Node 3 to Node 6: 1
- Node 4 to Node 6: 10
- Node 5 to Node 6: 11

What is the shortest path from node 0 to node 6 and its total cost?

Reply with only the path and cost.
Format: Path: X -> X -> X, Cost: X","Path: 0 -> 2 -> 3 -> 6, Cost: 5",algorithmic,shortest_path,standard,hard,high,procedural_seed_14863681550582426078,verify_sp,"{""subtype"":""SP"",""directed"":true,""source"":0,""target"":6,""graph"":[{""u"":0,""v"":1,""w"":3},{""u"":0,""v"":2,""w"":3},{""u"":0,""v"":3,""w"":9},{""u"":0,""v"":4,""w"":7},{""u"":0,""v"":5,""w"":9},{""u"":1,""v"":3,""w"":6},{""u"":1,""v"":6,""w"":3},{""u"":2,""v"":3,""w"":1},{""u"":2,""v"":6,""w"":8},{""u"":3,""v"":6,""w"":1},{""u"":4,""v"":6,""w"":10},{""u"":5,""v"":6,""w"":11}],""num_vertices"":7,""instance_type"":""adversarial"",""greedy_answer"":""Path: 0 -> 1 -> 6, Cost: 6"",""greedy_succeeds"":false,""adversarial_pattern"":""long_cheap"",""difficulty_numeric"":15,""critical_step_index"":0}",stage1_procedural_generation
SP_045,canonical,"A route planner has 7 locations labeled 0 to 6. Roads are one-way and weighted by travel time.

The road network is:
- Node 0 to Node 1: 3
- Node 0 to Node 2: 5
- Node 0 to Node 3: 8
- Node 0 to Node 4: 9
- Node 0 to Node 5: 10
- Node 1 to Node 6: 1
- Node 2 to Node 1: -3
- Node 2 to Node 6: 8
- Node 3 to Node 6: 8
- Node 4 to Node 6: 8
- Node 5 to Node 6: 8

What is the shortest path from node 0 to node 6 and its total cost?

Reply with only the path and cost.
Format: Path: X -> X -> X, Cost: X","Path: 0 -> 2 -> 1 -> 6, Cost: 3",algorithmic,shortest_path,standard,hard,high,procedural_seed_13073513630427051207,verify_sp,"{""subtype"":""SP"",""directed"":true,""source"":0,""target"":6,""graph"":[{""u"":0,""v"":1,""w"":3},{""u"":0,""v"":2,""w"":5},{""u"":0,""v"":3,""w"":8},{""u"":0,""v"":4,""w"":9},{""u"":0,""v"":5,""w"":10},{""u"":1,""v"":6,""w"":1},{""u"":2,""v"":1,""w"":-3},{""u"":2,""v"":6,""w"":8},{""u"":3,""v"":6,""w"":8},{""u"":4,""v"":6,""w"":8},{""u"":5,""v"":6,""w"":8}],""num_vertices"":7,""instance_type"":""adversarial"",""greedy_answer"":""Path: 0 -> 1 -> 6, Cost: 4"",""greedy_succeeds"":false,""adversarial_pattern"":""negative_weight"",""requires_bellman_ford"":true,""difficulty_numeric"":15,""critical_step_index"":0}",stage1_procedural_generation
SP_046,canonical,"A route planner has 8 locations labeled 0 to 7. Roads are one-way and weighted by travel time.

The road network is:
- Node 0 to Node 1: 3
- Node 0 to Node 2: 5
- Node 0 to Node 3: 6
- Node 0 to Node 4: 7
- Node 0 to Node 5: 9
- Node 0 to Node 6: 7
- Node 1 to Node 7: 1
- Node 2 to Node 1: -3
- Node 2 to Node 7: 8
- Node 3 to Node 7: 10
- Node 4 to Node 7: 9
- Node 5 to Node 7: 6
- Node 6 to Node 7: 6

What is the shortest path from node 0 to node 7 and its total cost?

Reply with only the path and cost.
Format: Path: X -> X -> X, Cost: X","Path: 0 -> 2 -> 1 -> 7, Cost: 3",algorithmic,shortest_path,standard,hard,high,procedural_seed_5084761663812501762,verify_sp,"{""subtype"":""SP"",""directed"":true,""source"":0,""target"":7,""graph"":[{""u"":0,""v"":1,""w"":3},{""u"":0,""v"":2,""w"":5},{""u"":0,""v"":3,""w"":6},{""u"":0,""v"":4,""w"":7},{""u"":0,""v"":5,""w"":9},{""u"":0,""v"":6,""w"":7},{""u"":1,""v"":7,""w"":1},{""u"":2,""v"":1,""w"":-3},{""u"":2,""v"":7,""w"":8},{""u"":3,""v"":7,""w"":10},{""u"":4,""v"":7,""w"":9},{""u"":5,""v"":7,""w"":6},{""u"":6,""v"":7,""w"":6}],""num_vertices"":8,""instance_type"":""adversarial"",""greedy_answer"":""Path: 0 -> 1 -> 7, Cost: 4"",""greedy_succeeds"":false,""adversarial_pattern"":""negative_weight"",""requires_bellman_ford"":true,""difficulty_numeric"":15,""critical_step_index"":0}",stage1_procedural_generation
SP_047,canonical,"A route planner has 7 locations labeled 0 to 6. Roads are one-way and weighted by travel time.

The road network is:
- Node 0 to Node 1: 3
- Node 0 to Node 2: 5
- Node 0 to Node 3: 9
- Node 0 to Node 4: 7
- Node 0 to Node 5: 9
- Node 1 to Node 6: 1
- Node 2 to Node 1: -3
- Node 2 to Node 6: 8
- Node 3 to Node 6: 6
- Node 4 to Node 6: 7
- Node 5 to Node 6: 9

What is the shortest path from node 0 to node 6 and its total cost?

Reply with only the path and cost.
Format: Path: X -> X -> X, Cost: X","Path: 0 -> 2 -> 1 -> 6, Cost: 3",algorithmic,shortest_path,standard,hard,high,procedural_seed_2430765928889498135,verify_sp,"{""subtype"":""SP"",""directed"":true,""source"":0,""target"":6,""graph"":[{""u"":0,""v"":1,""w"":3},{""u"":0,""v"":2,""w"":5},{""u"":0,""v"":3,""w"":9},{""u"":0,""v"":4,""w"":7},{""u"":0,""v"":5,""w"":9},{""u"":1,""v"":6,""w"":1},{""u"":2,""v"":1,""w"":-3},{""u"":2,""v"":6,""w"":8},{""u"":3,""v"":6,""w"":6},{""u"":4,""v"":6,""w"":7},{""u"":5,""v"":6,""w"":9}],""num_vertices"":7,""instance_type"":""adversarial"",""greedy_answer"":""Path: 0 -> 1 -> 6, Cost: 4"",""greedy_succeeds"":false,""adversarial_pattern"":""negative_weight"",""requires_bellman_ford"":true,""difficulty_numeric"":15,""critical_step_index"":0}",stage1_procedural_generation
SP_048,canonical,"A route planner has 8 locations labeled 0 to 7. Roads are one-way and weighted by travel time.

The road network is:
- Node 0 to Node 1: 3
- Node 0 to Node 2: 5
- Node 0 to Node 3: 9
- Node 0 to Node 4: 8
- Node 0 to Node 5: 8
- Node 0 to Node 6: 7
- Node 1 to Node 7: 1
- Node 2 to Node 1: -3
- Node 2 to Node 7: 8
- Node 3 to Node 7: 9
- Node 4 to Node 7: 8
- Node 5 to Node 7: 10
- Node 6 to Node 7: 7

What is the shortest path from node 0 to node 7 and its total cost?

Reply with only the path and cost.
Format: Path: X -> X -> X, Cost: X","Path: 0 -> 2 -> 1 -> 7, Cost: 3",algorithmic,shortest_path,standard,hard,high,procedural_seed_10614725417452168738,verify_sp,"{""subtype"":""SP"",""directed"":true,""source"":0,""target"":7,""graph"":[{""u"":0,""v"":1,""w"":3},{""u"":0,""v"":2,""w"":5},{""u"":0,""v"":3,""w"":9},{""u"":0,""v"":4,""w"":8},{""u"":0,""v"":5,""w"":8},{""u"":0,""v"":6,""w"":7},{""u"":1,""v"":7,""w"":1},{""u"":2,""v"":1,""w"":-3},{""u"":2,""v"":7,""w"":8},{""u"":3,""v"":7,""w"":9},{""u"":4,""v"":7,""w"":8},{""u"":5,""v"":7,""w"":10},{""u"":6,""v"":7,""w"":7}],""num_vertices"":8,""instance_type"":""adversarial"",""greedy_answer"":""Path: 0 -> 1 -> 7, Cost: 4"",""greedy_succeeds"":false,""adversarial_pattern"":""negative_weight"",""requires_bellman_ford"":true,""difficulty_numeric"":15,""critical_step_index"":0}",stage1_procedural_generation
SP_049,canonical,"A route planner has 9 locations labeled 0 to 8. Roads are one-way and weighted by travel time.

The road network is:
- Node 0 to Node 1: 1
- Node 0 to Node 4: 3
- Node 1 to Node 2: 20
- Node 2 to Node 8: 25
- Node 4 to Node 3: 12
- Node 4 to Node 6: 2
- Node 6 to Node 5: 15
- Node 6 to Node 7: 16
- Node 6 to Node 8: 5

What is the shortest path from node 0 to node 8 and its total cost?

Reply with only the path and cost.
Format: Path: X -> X -> X, Cost: X","Path: 0 -> 4 -> 6 -> 8, Cost: 10",algorithmic,shortest_path,adversarial,hard,high,procedural_seed_1248961250435593600,verify_sp,"{""subtype"":""SP"",""directed"":true,""source"":0,""target"":8,""graph"":[{""u"":0,""v"":1,""w"":1},{""u"":0,""v"":4,""w"":3},{""u"":1,""v"":2,""w"":20},{""u"":2,""v"":8,""w"":25},{""u"":4,""v"":3,""w"":12},{""u"":4,""v"":6,""w"":2},{""u"":6,""v"":5,""w"":15},{""u"":6,""v"":7,""w"":16},{""u"":6,""v"":8,""w"":5}],""num_vertices"":9,""instance_type"":""standard"",""greedy_answer"":""Path: 0 -> 1 -> 2 -> 8, Cost: 46"",""greedy_succeeds"":false,""tempting_wrong_first_move"":1,""difficulty_numeric"":14,""critical_step_index"":-1}",stage1_procedural_generation
SP_050,canonical,"A route planner has 8 locations labeled 0 to 7. Roads are one-way and weighted by travel time.

The road network is:
- Node 0 to Node 1: 1
- Node 0 to Node 3: 4
- Node 1 to Node 2: 20
- Node 2 to Node 7: 26
- Node 3 to Node 4: 2
- Node 4 to Node 5: 3
- Node 4 to Node 6: 17
- Node 5 to Node 7: 2

What is the shortest path from node 0 to node 7 and its total cost?

Reply with only the path and cost.
Format: Path: X -> X -> X, Cost: X","Path: 0 -> 3 -> 4 -> 5 -> 7, Cost: 11",algorithmic,shortest_path,adversarial,hard,high,procedural_seed_15424468400963105516,verify_sp,"{""subtype"":""SP"",""directed"":true,""source"":0,""target"":7,""graph"":[{""u"":0,""v"":1,""w"":1},{""u"":0,""v"":3,""w"":4},{""u"":1,""v"":2,""w"":20},{""u"":2,""v"":7,""w"":26},{""u"":3,""v"":4,""w"":2},{""u"":4,""v"":5,""w"":3},{""u"":4,""v"":6,""w"":17},{""u"":5,""v"":7,""w"":2}],""num_vertices"":8,""instance_type"":""standard"",""greedy_answer"":""Path: 0 -> 1 -> 2 -> 7, Cost: 47"",""greedy_succeeds"":false,""tempting_wrong_first_move"":1,""difficulty_numeric"":13,""critical_step_index"":-1}",stage1_procedural_generation
SP_051,canonical,"A route planner has 8 locations labeled 0 to 7. Roads are one-way and weighted by travel time.

The road network is:
- Node 0 to Node 1: 4
- Node 0 to Node 2: 0
- Node 1 to Node 3: 6
- Node 2 to Node 6: 20
- Node 3 to Node 4: 3
- Node 4 to Node 5: 1
- Node 5 to Node 7: 4
- Node 6 to Node 7: 33

What is the shortest path from node 0 to node 7 and its total cost?

Reply with only the path and cost.
Format: Path: X -> X -> X, Cost: X","Path: 0 -> 1 -> 3 -> 4 -> 5 -> 7, Cost: 18",algorithmic,shortest_path,adversarial,hard,high,procedural_seed_10370706639136821332,verify_sp,"{""subtype"":""SP"",""directed"":true,""source"":0,""target"":7,""graph"":[{""u"":0,""v"":1,""w"":4},{""u"":0,""v"":2,""w"":0},{""u"":1,""v"":3,""w"":6},{""u"":2,""v"":6,""w"":20},{""u"":3,""v"":4,""w"":3},{""u"":4,""v"":5,""w"":1},{""u"":5,""v"":7,""w"":4},{""u"":6,""v"":7,""w"":33}],""num_vertices"":8,""instance_type"":""standard"",""greedy_answer"":""Path: 0 -> 2 -> 6 -> 7, Cost: 53"",""greedy_succeeds"":false,""tempting_wrong_first_move"":2,""difficulty_numeric"":13,""critical_step_index"":-1}",stage1_procedural_generation
SP_052,canonical,"A route planner has 9 locations labeled 0 to 8. Roads are one-way and weighted by travel time.

The road network is:
- Node 0 to Node 1: 3
- Node 0 to Node 3: 0
- Node 1 to Node 2: 1
- Node 2 to Node 5: 4
- Node 2 to Node 7: 17
- Node 3 to Node 4: 20
- Node 4 to Node 8: 26
- Node 5 to Node 6: 1
- Node 6 to Node 8: 2

What is the shortest path from node 0 to node 8 and its total cost?

Reply with only the path and cost.
Format: Path: X -> X -> X, Cost: X","Path: 0 -> 1 -> 2 -> 5 -> 6 -> 8, Cost: 11",algorithmic,shortest_path,adversarial,hard,high,procedural_seed_8026859392771849637,verify_sp,"{""subtype"":""SP"",""directed"":true,""source"":0,""target"":8,""graph"":[{""u"":0,""v"":1,""w"":3},{""u"":0,""v"":3,""w"":0},{""u"":1,""v"":2,""w"":1},{""u"":2,""v"":5,""w"":4},{""u"":2,""v"":7,""w"":17},{""u"":3,""v"":4,""w"":20},{""u"":4,""v"":8,""w"":26},{""u"":5,""v"":6,""w"":1},{""u"":6,""v"":8,""w"":2}],""num_vertices"":9,""instance_type"":""standard"",""greedy_answer"":""Path: 0 -> 3 -> 4 -> 8, Cost: 46"",""greedy_succeeds"":false,""tempting_wrong_first_move"":3,""difficulty_numeric"":14,""critical_step_index"":-1}",stage1_procedural_generation
SP_053,canonical,"A route planner has 6 locations labeled 0 to 5. Roads are one-way and weighted by travel time.

The road network is:
- Node 0 to Node 1: 14
- Node 0 to Node 3: 3
- Node 1 to Node 2: 4
- Node 2 to Node 5: 7
- Node 3 to Node 4: 20
- Node 4 to Node 5: 40

What is the shortest path from node 0 to node 5 and its total cost?

Reply with only the path and cost.
Format: Path: X -> X -> X, Cost: X","Path: 0 -> 1 -> 2 -> 5, Cost: 25",algorithmic,shortest_path,adversarial,medium,high,procedural_seed_9901976614907977718,verify_sp,"{""subtype"":""SP"",""directed"":true,""source"":0,""target"":5,""graph"":[{""u"":0,""v"":1,""w"":14},{""u"":0,""v"":3,""w"":3},{""u"":1,""v"":2,""w"":4},{""u"":2,""v"":5,""w"":7},{""u"":3,""v"":4,""w"":20},{""u"":4,""v"":5,""w"":40}],""num_vertices"":6,""instance_type"":""standard"",""greedy_answer"":""Path: 0 -> 3 -> 4 -> 5, Cost: 63"",""greedy_succeeds"":false,""tempting_wrong_first_move"":3,""difficulty_numeric"":11,""critical_step_index"":-1}",stage1_procedural_generation
SP_054,canonical,"A route planner has 8 locations labeled 0 to 7. Roads are one-way and weighted by travel time.

The road network is:
- Node 0 to Node 1: 2
- Node 0 to Node 2: 0
- Node 1 to Node 3: 1
- Node 2 to Node 5: 20
- Node 3 to Node 4: 5
- Node 4 to Node 6: 2
- Node 5 to Node 7: 27
- Node 6 to Node 7: 2

What is the shortest path from node 0 to node 7 and its total cost?

Reply with only the path and cost.
Format: Path: X -> X -> X, Cost: X","Path: 0 -> 1 -> 3 -> 4 -> 6 -> 7, Cost: 12",algorithmic,shortest_path,adversarial,hard,high,procedural_seed_12755707394983017973,verify_sp,"{""subtype"":""SP"",""directed"":true,""source"":0,""target"":7,""graph"":[{""u"":0,""v"":1,""w"":2},{""u"":0,""v"":2,""w"":0},{""u"":1,""v"":3,""w"":1},{""u"":2,""v"":5,""w"":20},{""u"":3,""v"":4,""w"":5},{""u"":4,""v"":6,""w"":2},{""u"":5,""v"":7,""w"":27},{""u"":6,""v"":7,""w"":2}],""num_vertices"":8,""instance_type"":""standard"",""greedy_answer"":""Path: 0 -> 2 -> 5 -> 7, Cost: 47"",""greedy_succeeds"":false,""tempting_wrong_first_move"":2,""difficulty_numeric"":13,""critical_step_index"":-1}",stage1_procedural_generation
SP_055,canonical,"A route planner has 7 locations labeled 0 to 6. Roads are one-way and weighted by travel time.

The road network is:
- Node 0 to Node 1: 2
- Node 0 to Node 2: 3
- Node 1 to Node 4: 20
- Node 2 to Node 3: 7
- Node 3 to Node 5: 3
- Node 4 to Node 6: 32
- Node 5 to Node 6: 4

What is the shortest path from node 0 to node 6 and its total cost?

Reply with only the path and cost.
Format: Path: X -> X -> X, Cost: X","Path: 0 -> 2 -> 3 -> 5 -> 6, Cost: 17",algorithmic,shortest_path,adversarial,hard,high,procedural_seed_1975072533763982551,verify_sp,"{""subtype"":""SP"",""directed"":true,""source"":0,""target"":6,""graph"":[{""u"":0,""v"":1,""w"":2},{""u"":0,""v"":2,""w"":3},{""u"":1,""v"":4,""w"":20},{""u"":2,""v"":3,""w"":7},{""u"":3,""v"":5,""w"":3},{""u"":4,""v"":6,""w"":32},{""u"":5,""v"":6,""w"":4}],""num_vertices"":7,""instance_type"":""standard"",""greedy_answer"":""Path: 0 -> 1 -> 4 -> 6, Cost: 54"",""greedy_succeeds"":false,""tempting_wrong_first_move"":1,""difficulty_numeric"":12,""critical_step_index"":-1}",stage1_procedural_generation
SP_056,canonical,"A route planner has 8 locations labeled 0 to 7. Roads are one-way and weighted by travel time.

The road network is:
- Node 0 to Node 1: 3
- Node 0 to Node 2: 2
- Node 1 to Node 3: 3
- Node 1 to Node 5: 24
- Node 2 to Node 4: 20
- Node 3 to Node 6: 7
- Node 4 to Node 7: 36
- Node 6 to Node 7: 8

What is the shortest path from node 0 to node 7 and its total cost?

Reply with only the path and cost.
Format: Path: X -> X -> X, Cost: X","Path: 0 -> 1 -> 3 -> 6 -> 7, Cost: 21",algorithmic,shortest_path,adversarial,hard,high,procedural_seed_10654890897554637323,verify_sp,"{""subtype"":""SP"",""directed"":true,""source"":0,""target"":7,""graph"":[{""u"":0,""v"":1,""w"":3},{""u"":0,""v"":2,""w"":2},{""u"":1,""v"":3,""w"":3},{""u"":1,""v"":5,""w"":24},{""u"":2,""v"":4,""w"":20},{""u"":3,""v"":6,""w"":7},{""u"":4,""v"":7,""w"":36},{""u"":6,""v"":7,""w"":8}],""num_vertices"":8,""instance_type"":""standard"",""greedy_answer"":""Path: 0 -> 2 -> 4 -> 7, Cost: 58"",""greedy_succeeds"":false,""tempting_wrong_first_move"":2,""difficulty_numeric"":13,""critical_step_index"":-1}",stage1_procedural_generation
SP_057,canonical,"A route planner has 7 locations labeled 0 to 6. Roads are one-way and weighted by travel time.

The road network is:
- Node 0 to Node 1: 8
- Node 0 to Node 4: 2
- Node 1 to Node 2: 3
- Node 2 to Node 3: 5
- Node 3 to Node 6: 8
- Node 4 to Node 5: 20
- Node 5 to Node 6: 39

What is the shortest path from node 0 to node 6 and its total cost?

Reply with only the path and cost.
Format: Path: X -> X -> X, Cost: X","Path: 0 -> 1 -> 2 -> 3 -> 6, Cost: 24",algorithmic,shortest_path,adversarial,hard,high,procedural_seed_17178063262119070691,verify_sp,"{""subtype"":""SP"",""directed"":true,""source"":0,""target"":6,""graph"":[{""u"":0,""v"":1,""w"":8},{""u"":0,""v"":4,""w"":2},{""u"":1,""v"":2,""w"":3},{""u"":2,""v"":3,""w"":5},{""u"":3,""v"":6,""w"":8},{""u"":4,""v"":5,""w"":20},{""u"":5,""v"":6,""w"":39}],""num_vertices"":7,""instance_type"":""standard"",""greedy_answer"":""Path: 0 -> 4 -> 5 -> 6, Cost: 61"",""greedy_succeeds"":false,""tempting_wrong_first_move"":4,""difficulty_numeric"":12,""critical_step_index"":-1}",stage1_procedural_generation
SP_058,canonical,"A route planner has 8 locations labeled 0 to 7. Roads are one-way and weighted by travel time.

The road network is:
- Node 0 to Node 1: 2
- Node 0 to Node 3: 7
- Node 1 to Node 2: 20
- Node 2 to Node 7: 35
- Node 3 to Node 4: 27
- Node 3 to Node 5: 10
- Node 5 to Node 6: 28
- Node 5 to Node 7: 3

What is the shortest path from node 0 to node 7 and its total cost?

Reply with only the path and cost.
Format: Path: X -> X -> X, Cost: X","Path: 0 -> 3 -> 5 -> 7, Cost: 20",algorithmic,shortest_path,adversarial,hard,high,procedural_seed_7273783992450798379,verify_sp,"{""subtype"":""SP"",""directed"":true,""source"":0,""target"":7,""graph"":[{""u"":0,""v"":1,""w"":2},{""u"":0,""v"":3,""w"":7},{""u"":1,""v"":2,""w"":20},{""u"":2,""v"":7,""w"":35},{""u"":3,""v"":4,""w"":27},{""u"":3,""v"":5,""w"":10},{""u"":5,""v"":6,""w"":28},{""u"":5,""v"":7,""w"":3}],""num_vertices"":8,""instance_type"":""standard"",""greedy_answer"":""Path: 0 -> 1 -> 2 -> 7, Cost: 57"",""greedy_succeeds"":false,""tempting_wrong_first_move"":1,""difficulty_numeric"":13,""critical_step_index"":-1}",stage1_procedural_generation
SP_059,canonical,"A route planner has 9 locations labeled 0 to 8. Roads are one-way and weighted by travel time.

The road network is:
- Node 0 to Node 1: 3
- Node 0 to Node 3: 5
- Node 1 to Node 2: 20
- Node 2 to Node 8: 40
- Node 3 to Node 4: 4
- Node 3 to Node 5: 28
- Node 4 to Node 6: 5
- Node 6 to Node 7: 6
- Node 7 to Node 8: 5

What is the shortest path from node 0 to node 8 and its total cost?

Reply with only the path and cost.
Format: Path: X -> X -> X, Cost: X","Path: 0 -> 3 -> 4 -> 6 -> 7 -> 8, Cost: 25",algorithmic,shortest_path,adversarial,hard,high,procedural_seed_15380126435199170210,verify_sp,"{""subtype"":""SP"",""directed"":true,""source"":0,""target"":8,""graph"":[{""u"":0,""v"":1,""w"":3},{""u"":0,""v"":3,""w"":5},{""u"":1,""v"":2,""w"":20},{""u"":2,""v"":8,""w"":40},{""u"":3,""v"":4,""w"":4},{""u"":3,""v"":5,""w"":28},{""u"":4,""v"":6,""w"":5},{""u"":6,""v"":7,""w"":6},{""u"":7,""v"":8,""w"":5}],""num_vertices"":9,""instance_type"":""standard"",""greedy_answer"":""Path: 0 -> 1 -> 2 -> 8, Cost: 63"",""greedy_succeeds"":false,""tempting_wrong_first_move"":1,""difficulty_numeric"":14,""critical_step_index"":-1}",stage1_procedural_generation
SP_060,canonical,"A route planner has 9 locations labeled 0 to 8. Roads are one-way and weighted by travel time.

The road network is:
- Node 0 to Node 1: 0
- Node 0 to Node 3: 2
- Node 1 to Node 2: 20
- Node 2 to Node 8: 25
- Node 3 to Node 4: 1
- Node 4 to Node 5: 2
- Node 5 to Node 7: 2
- Node 7 to Node 6: 14
- Node 7 to Node 8: 3

What is the shortest path from node 0 to node 8 and its total cost?

Reply with only the path and cost.
Format: Path: X -> X -> X, Cost: X","Path: 0 -> 3 -> 4 -> 5 -> 7 -> 8, Cost: 10",algorithmic,shortest_path,adversarial,hard,high,procedural_seed_16144989862895469617,verify_sp,"{""subtype"":""SP"",""directed"":true,""source"":0,""target"":8,""graph"":[{""u"":0,""v"":1,""w"":0},{""u"":0,""v"":3,""w"":2},{""u"":1,""v"":2,""w"":20},{""u"":2,""v"":8,""w"":25},{""u"":3,""v"":4,""w"":1},{""u"":4,""v"":5,""w"":2},{""u"":5,""v"":7,""w"":2},{""u"":7,""v"":6,""w"":14},{""u"":7,""v"":8,""w"":3}],""num_vertices"":9,""instance_type"":""standard"",""greedy_answer"":""Path: 0 -> 1 -> 2 -> 8, Cost: 45"",""greedy_succeeds"":false,""tempting_wrong_first_move"":1,""difficulty_numeric"":14,""critical_step_index"":-1}",stage1_procedural_generation
SP_061,canonical,"A route planner has 8 locations labeled 0 to 7. Roads are one-way and weighted by travel time.

The road network is:
- Node 0 to Node 1: 2
- Node 0 to Node 3: 1
- Node 1 to Node 2: 4
- Node 2 to Node 5: 4
- Node 2 to Node 6: 22
- Node 3 to Node 4: 20
- Node 4 to Node 7: 31
- Node 5 to Node 7: 6

What is the shortest path from node 0 to node 7 and its total cost?

Reply with only the path and cost.
Format: Path: X -> X -> X, Cost: X","Path: 0 -> 1 -> 2 -> 5 -> 7, Cost: 16",algorithmic,shortest_path,adversarial,hard,high,procedural_seed_17696067461501298398,verify_sp,"{""subtype"":""SP"",""directed"":true,""source"":0,""target"":7,""graph"":[{""u"":0,""v"":1,""w"":2},{""u"":0,""v"":3,""w"":1},{""u"":1,""v"":2,""w"":4},{""u"":2,""v"":5,""w"":4},{""u"":2,""v"":6,""w"":22},{""u"":3,""v"":4,""w"":20},{""u"":4,""v"":7,""w"":31},{""u"":5,""v"":7,""w"":6}],""num_vertices"":8,""instance_type"":""standard"",""greedy_answer"":""Path: 0 -> 3 -> 4 -> 7, Cost: 52"",""greedy_succeeds"":false,""tempting_wrong_first_move"":3,""difficulty_numeric"":13,""critical_step_index"":-1}",stage1_procedural_generation
SP_062,canonical,"A route planner has 7 locations labeled 0 to 6. Roads are one-way and weighted by travel time.

The road network is:
- Node 0 to Node 1: 1
- Node 0 to Node 3: 4
- Node 0 to Node 5: 12
- Node 1 to Node 2: 1
- Node 1 to Node 4: 14
- Node 2 to Node 4: 12
- Node 2 to Node 6: 24
- Node 3 to Node 2: 11
- Node 3 to Node 4: 4
- Node 4 to Node 6: 4
- Node 5 to Node 6: 8

What is the shortest path from node 0 to node 6 and its total cost?

Reply with only the path and cost.
Format: Path: X -> X -> X, Cost: X","Path: 0 -> 3 -> 4 -> 6, Cost: 12",algorithmic,shortest_path,standard,hard,high,procedural_seed_16230432848467145091,verify_sp,"{""subtype"":""SP"",""directed"":true,""source"":0,""target"":6,""graph"":[{""u"":0,""v"":1,""w"":1},{""u"":0,""v"":3,""w"":4},{""u"":0,""v"":5,""w"":12},{""u"":1,""v"":2,""w"":1},{""u"":1,""v"":4,""w"":14},{""u"":2,""v"":4,""w"":12},{""u"":2,""v"":6,""w"":24},{""u"":3,""v"":2,""w"":11},{""u"":3,""v"":4,""w"":4},{""u"":4,""v"":6,""w"":4},{""u"":5,""v"":6,""w"":8}],""num_vertices"":7,""instance_type"":""adversarial"",""greedy_answer"":""Path: 0 -> 1 -> 2 -> 4 -> 6, Cost: 18"",""greedy_succeeds"":false,""adversarial_pattern"":""trap"",""difficulty_numeric"":15,""critical_step_index"":0}",stage1_procedural_generation
SP_063,canonical,"A route planner has 9 locations labeled 0 to 8. Roads are one-way and weighted by travel time.

The road network is:
- Node 0 to Node 1: 1
- Node 0 to Node 3: 4
- Node 0 to Node 5: 10
- Node 0 to Node 6: 8
- Node 0 to Node 7: 9
- Node 1 to Node 2: 1
- Node 1 to Node 4: 14
- Node 2 to Node 4: 12
- Node 2 to Node 8: 24
- Node 3 to Node 2: 11
- Node 3 to Node 4: 4
- Node 4 to Node 8: 4
- Node 5 to Node 8: 12
- Node 6 to Node 8: 9
- Node 7 to Node 8: 10

What is the shortest path from node 0 to node 8 and its total cost?

Reply with only the path and cost.
Format: Path: X -> X -> X, Cost: X","Path: 0 -> 3 -> 4 -> 8, Cost: 12",algorithmic,shortest_path,adversarial,hard,high,procedural_seed_3328248212732509633,verify_sp,"{""subtype"":""SP"",""directed"":true,""source"":0,""target"":8,""graph"":[{""u"":0,""v"":1,""w"":1},{""u"":0,""v"":3,""w"":4},{""u"":0,""v"":5,""w"":10},{""u"":0,""v"":6,""w"":8},{""u"":0,""v"":7,""w"":9},{""u"":1,""v"":2,""w"":1},{""u"":1,""v"":4,""w"":14},{""u"":2,""v"":4,""w"":12},{""u"":2,""v"":8,""w"":24},{""u"":3,""v"":2,""w"":11},{""u"":3,""v"":4,""w"":4},{""u"":4,""v"":8,""w"":4},{""u"":5,""v"":8,""w"":12},{""u"":6,""v"":8,""w"":9},{""u"":7,""v"":8,""w"":10}],""num_vertices"":9,""instance_type"":""adversarial"",""greedy_answer"":""Path: 0 -> 1 -> 2 -> 4 -> 8, Cost: 18"",""greedy_succeeds"":false,""adversarial_pattern"":""trap"",""difficulty_numeric"":15,""critical_step_index"":0}",stage1_procedural_generation
SP_064,canonical,"A route planner has 7 locations labeled 0 to 6. Roads are one-way and weighted by travel time.

The road network is:
- Node 0 to Node 1: 1
- Node 0 to Node 3: 4
- Node 0 to Node 5: 11
- Node 1 to Node 2: 1
- Node 1 to Node 4: 14
- Node 2 to Node 4: 12
- Node 2 to Node 6: 24
- Node 3 to Node 2: 11
- Node 3 to Node 4: 4
- Node 4 to Node 6: 4
- Node 5 to Node 6: 10

What is the shortest path from node 0 to node 6 and its total cost?

Reply with only the path and cost.
Format: Path: X -> X -> X, Cost: X","Path: 0 -> 3 -> 4 -> 6, Cost: 12",algorithmic,shortest_path,standard,hard,high,procedural_seed_260413036275240410,verify_sp,"{""subtype"":""SP"",""directed"":true,""source"":0,""target"":6,""graph"":[{""u"":0,""v"":1,""w"":1},{""u"":0,""v"":3,""w"":4},{""u"":0,""v"":5,""w"":11},{""u"":1,""v"":2,""w"":1},{""u"":1,""v"":4,""w"":14},{""u"":2,""v"":4,""w"":12},{""u"":2,""v"":6,""w"":24},{""u"":3,""v"":2,""w"":11},{""u"":3,""v"":4,""w"":4},{""u"":4,""v"":6,""w"":4},{""u"":5,""v"":6,""w"":10}],""num_vertices"":7,""instance_type"":""adversarial"",""greedy_answer"":""Path: 0 -> 1 -> 2 -> 4 -> 6, Cost: 18"",""greedy_succeeds"":false,""adversarial_pattern"":""trap"",""difficulty_numeric"":15,""critical_step_index"":0}",stage1_procedural_generation
SP_065,canonical,"A route planner has 7 locations labeled 0 to 6. Roads are one-way and weighted by travel time.

The road network is:
- Node 0 to Node 1: 1
- Node 0 to Node 3: 4
- Node 0 to Node 5: 8
- Node 1 to Node 2: 1
- Node 1 to Node 4: 14
- Node 2 to Node 4: 12
- Node 2 to Node 6: 24
- Node 3 to Node 2: 11
- Node 3 to Node 4: 4
- Node 4 to Node 6: 4
- Node 5 to Node 6: 12

What is the shortest path from node 0 to node 6 and its total cost?

Reply with only the path and cost.
Format: Path: X -> X -> X, Cost: X","Path: 0 -> 3 -> 4 -> 6, Cost: 12",algorithmic,shortest_path,standard,hard,high,procedural_seed_11367089836902949611,verify_sp,"{""subtype"":""SP"",""directed"":true,""source"":0,""target"":6,""graph"":[{""u"":0,""v"":1,""w"":1},{""u"":0,""v"":3,""w"":4},{""u"":0,""v"":5,""w"":8},{""u"":1,""v"":2,""w"":1},{""u"":1,""v"":4,""w"":14},{""u"":2,""v"":4,""w"":12},{""u"":2,""v"":6,""w"":24},{""u"":3,""v"":2,""w"":11},{""u"":3,""v"":4,""w"":4},{""u"":4,""v"":6,""w"":4},{""u"":5,""v"":6,""w"":12}],""num_vertices"":7,""instance_type"":""adversarial"",""greedy_answer"":""Path: 0 -> 1 -> 2 -> 4 -> 6, Cost: 18"",""greedy_succeeds"":false,""adversarial_pattern"":""trap"",""difficulty_numeric"":15,""critical_step_index"":0}",stage1_procedural_generation
SP_066,canonical,"A route planner has 7 locations labeled 0 to 6. Roads are one-way and weighted by travel time.

The road network is:
- Node 0 to Node 1: 3
- Node 0 to Node 2: 3
- Node 0 to Node 3: 9
- Node 0 to Node 4: 8
- Node 0 to Node 5: 8
- Node 1 to Node 3: 6
- Node 1 to Node 6: 3
- Node 2 to Node 3: 1
- Node 2 to Node 6: 8
- Node 3 to Node 6: 1
- Node 4 to Node 6: 7
- Node 5 to Node 6: 11

What is the shortest path from node 0 to node 6 and its total cost?

Reply with only the path and cost.
Format: Path: X -> X -> X, Cost: X","Path: 0 -> 2 -> 3 -> 6, Cost: 5",algorithmic,shortest_path,adversarial,hard,high,procedural_seed_10775317526934867926,verify_sp,"{""subtype"":""SP"",""directed"":true,""source"":0,""target"":6,""graph"":[{""u"":0,""v"":1,""w"":3},{""u"":0,""v"":2,""w"":3},{""u"":0,""v"":3,""w"":9},{""u"":0,""v"":4,""w"":8},{""u"":0,""v"":5,""w"":8},{""u"":1,""v"":3,""w"":6},{""u"":1,""v"":6,""w"":3},{""u"":2,""v"":3,""w"":1},{""u"":2,""v"":6,""w"":8},{""u"":3,""v"":6,""w"":1},{""u"":4,""v"":6,""w"":7},{""u"":5,""v"":6,""w"":11}],""num_vertices"":7,""instance_type"":""adversarial"",""greedy_answer"":""Path: 0 -> 1 -> 6, Cost: 6"",""greedy_succeeds"":false,""adversarial_pattern"":""long_cheap"",""difficulty_numeric"":15,""critical_step_index"":0}",stage1_procedural_generation
SP_068,canonical,"A route planner has 9 locations labeled 0 to 8. Roads are one-way and weighted by travel time.

The road network is:
- Node 0 to Node 1: 3
- Node 0 to Node 2: 3
- Node 0 to Node 3: 9
- Node 0 to Node 4: 8
- Node 0 to Node 5: 9
- Node 0 to Node 6: 10
- Node 0 to Node 7: 8
- Node 1 to Node 3: 6
- Node 1 to Node 8: 3
- Node 2 to Node 3: 1
- Node 2 to Node 8: 8
- Node 3 to Node 8: 1
- Node 4 to Node 8: 11
- Node 5 to Node 8: 7
- Node 6 to Node 8: 9
- Node 7 to Node 8: 10

What is the shortest path from node 0 to node 8 and its total cost?

Reply with only the path and cost.
Format: Path: X -> X -> X, Cost: X","Path: 0 -> 2 -> 3 -> 8, Cost: 5",algorithmic,shortest_path,standard,hard,high,procedural_seed_15219032020835990927,verify_sp,"{""subtype"":""SP"",""directed"":true,""source"":0,""target"":8,""graph"":[{""u"":0,""v"":1,""w"":3},{""u"":0,""v"":2,""w"":3},{""u"":0,""v"":3,""w"":9},{""u"":0,""v"":4,""w"":8},{""u"":0,""v"":5,""w"":9},{""u"":0,""v"":6,""w"":10},{""u"":0,""v"":7,""w"":8},{""u"":1,""v"":3,""w"":6},{""u"":1,""v"":8,""w"":3},{""u"":2,""v"":3,""w"":1},{""u"":2,""v"":8,""w"":8},{""u"":3,""v"":8,""w"":1},{""u"":4,""v"":8,""w"":11},{""u"":5,""v"":8,""w"":7},{""u"":6,""v"":8,""w"":9},{""u"":7,""v"":8,""w"":10}],""num_vertices"":9,""instance_type"":""adversarial"",""greedy_answer"":""Path: 0 -> 1 -> 8, Cost: 6"",""greedy_succeeds"":false,""adversarial_pattern"":""long_cheap"",""difficulty_numeric"":15,""critical_step_index"":0}",stage1_procedural_generation
SP_069,canonical,"A route planner has 8 locations labeled 0 to 7. Roads are one-way and weighted by travel time.

The road network is:
- Node 0 to Node 1: 3
- Node 0 to Node 2: 3
- Node 0 to Node 3: 9
- Node 0 to Node 4: 7
- Node 0 to Node 5: 7
- Node 0 to Node 6: 7
- Node 1 to Node 3: 6
- Node 1 to Node 7: 3
- Node 2 to Node 3: 1
- Node 2 to Node 7: 8
- Node 3 to Node 7: 1
- Node 4 to Node 7: 11
- Node 5 to Node 7: 9
- Node 6 to Node 7: 9

What is the shortest path from node 0 to node 7 and its total cost?

Reply with only the path and cost.
Format: Path: X -> X -> X, Cost: X","Path: 0 -> 2 -> 3 -> 7, Cost: 5",algorithmic,shortest_path,standard,hard,high,procedural_seed_12087081833111022592,verify_sp,"{""subtype"":""SP"",""directed"":true,""source"":0,""target"":7,""graph"":[{""u"":0,""v"":1,""w"":3},{""u"":0,""v"":2,""w"":3},{""u"":0,""v"":3,""w"":9},{""u"":0,""v"":4,""w"":7},{""u"":0,""v"":5,""w"":7},{""u"":0,""v"":6,""w"":7},{""u"":1,""v"":3,""w"":6},{""u"":1,""v"":7,""w"":3},{""u"":2,""v"":3,""w"":1},{""u"":2,""v"":7,""w"":8},{""u"":3,""v"":7,""w"":1},{""u"":4,""v"":7,""w"":11},{""u"":5,""v"":7,""w"":9},{""u"":6,""v"":7,""w"":9}],""num_vertices"":8,""instance_type"":""adversarial"",""greedy_answer"":""Path: 0 -> 1 -> 7, Cost: 6"",""greedy_succeeds"":false,""adversarial_pattern"":""long_cheap"",""difficulty_numeric"":15,""critical_step_index"":0}",stage1_procedural_generation
SP_070,canonical,"A route planner has 7 locations labeled 0 to 6. Roads are one-way and weighted by travel time.

The road network is:
- Node 0 to Node 1: 3
- Node 0 to Node 2: 5
- Node 0 to Node 3: 8
- Node 0 to Node 4: 6
- Node 0 to Node 5: 10
- Node 1 to Node 6: 1
- Node 2 to Node 1: -3
- Node 2 to Node 6: 8
- Node 3 to Node 6: 10
- Node 4 to Node 6: 10
- Node 5 to Node 6: 8

What is the shortest path from node 0 to node 6 and its total cost?

Reply with only the path and cost.
Format: Path: X -> X -> X, Cost: X","Path: 0 -> 2 -> 1 -> 6, Cost: 3",algorithmic,shortest_path,standard,hard,high,procedural_seed_7980699698666411660,verify_sp,"{""subtype"":""SP"",""directed"":true,""source"":0,""target"":6,""graph"":[{""u"":0,""v"":1,""w"":3},{""u"":0,""v"":2,""w"":5},{""u"":0,""v"":3,""w"":8},{""u"":0,""v"":4,""w"":6},{""u"":0,""v"":5,""w"":10},{""u"":1,""v"":6,""w"":1},{""u"":2,""v"":1,""w"":-3},{""u"":2,""v"":6,""w"":8},{""u"":3,""v"":6,""w"":10},{""u"":4,""v"":6,""w"":10},{""u"":5,""v"":6,""w"":8}],""num_vertices"":7,""instance_type"":""adversarial"",""greedy_answer"":""Path: 0 -> 1 -> 6, Cost: 4"",""greedy_succeeds"":false,""adversarial_pattern"":""negative_weight"",""requires_bellman_ford"":true,""difficulty_numeric"":15,""critical_step_index"":0}",stage1_procedural_generation
SP_071,canonical,"A route planner has 9 locations labeled 0 to 8. Roads are one-way and weighted by travel time.

The road network is:
- Node 0 to Node 1: 3
- Node 0 to Node 2: 5
- Node 0 to Node 3: 8
- Node 0 to Node 4: 10
- Node 0 to Node 5: 8
- Node 0 to Node 6: 9
- Node 0 to Node 7: 10
- Node 1 to Node 8: 1
- Node 2 to Node 1: -3
- Node 2 to Node 8: 8
- Node 3 to Node 8: 8
- Node 4 to Node 8: 9
- Node 5 to Node 8: 9
- Node 6 to Node 8: 10
- Node 7 to Node 8: 6

What is the shortest path from node 0 to node 8 and its total cost?

Reply with only the path and cost.
Format: Path: X -> X -> X, Cost: X","Path: 0 -> 2 -> 1 -> 8, Cost: 3",algorithmic,shortest_path,standard,hard,high,procedural_seed_12961621580758109190,verify_sp,"{""subtype"":""SP"",""directed"":true,""source"":0,""target"":8,""graph"":[{""u"":0,""v"":1,""w"":3},{""u"":0,""v"":2,""w"":5},{""u"":0,""v"":3,""w"":8},{""u"":0,""v"":4,""w"":10},{""u"":0,""v"":5,""w"":8},{""u"":0,""v"":6,""w"":9},{""u"":0,""v"":7,""w"":10},{""u"":1,""v"":8,""w"":1},{""u"":2,""v"":1,""w"":-3},{""u"":2,""v"":8,""w"":8},{""u"":3,""v"":8,""w"":8},{""u"":4,""v"":8,""w"":9},{""u"":5,""v"":8,""w"":9},{""u"":6,""v"":8,""w"":10},{""u"":7,""v"":8,""w"":6}],""num_vertices"":9,""instance_type"":""adversarial"",""greedy_answer"":""Path: 0 -> 1 -> 8, Cost: 4"",""greedy_succeeds"":false,""adversarial_pattern"":""negative_weight"",""requires_bellman_ford"":true,""difficulty_numeric"":15,""critical_step_index"":0}",stage1_procedural_generation
SP_072,canonical,"A route planner has 7 locations labeled 0 to 6. Roads are one-way and weighted by travel time.

The road network is:
- Node 0 to Node 1: 3
- Node 0 to Node 2: 5
- Node 0 to Node 3: 10
- Node 0 to Node 4: 8
- Node 0 to Node 5: 6
- Node 1 to Node 6: 1
- Node 2 to Node 1: -3
- Node 2 to Node 6: 8
- Node 3 to Node 6: 7
- Node 4 to Node 6: 6
- Node 5 to Node 6: 7

What is the shortest path from node 0 to node 6 and its total cost?

Reply with only the path and cost.
Format: Path: X -> X -> X, Cost: X","Path: 0 -> 2 -> 1 -> 6, Cost: 3",algorithmic,shortest_path,standard,hard,high,procedural_seed_17624638411906025490,verify_sp,"{""subtype"":""SP"",""directed"":true,""source"":0,""target"":6,""graph"":[{""u"":0,""v"":1,""w"":3},{""u"":0,""v"":2,""w"":5},{""u"":0,""v"":3,""w"":10},{""u"":0,""v"":4,""w"":8},{""u"":0,""v"":5,""w"":6},{""u"":1,""v"":6,""w"":1},{""u"":2,""v"":1,""w"":-3},{""u"":2,""v"":6,""w"":8},{""u"":3,""v"":6,""w"":7},{""u"":4,""v"":6,""w"":6},{""u"":5,""v"":6,""w"":7}],""num_vertices"":7,""instance_type"":""adversarial"",""greedy_answer"":""Path: 0 -> 1 -> 6, Cost: 4"",""greedy_succeeds"":false,""adversarial_pattern"":""negative_weight"",""requires_bellman_ford"":true,""difficulty_numeric"":15,""critical_step_index"":0}",stage1_procedural_generation
SP_073,canonical,"A route planner has 8 locations labeled 0 to 7. Roads are one-way and weighted by travel time.

The road network is:
- Node 0 to Node 1: 3
- Node 0 to Node 2: 5
- Node 0 to Node 3: 7
- Node 0 to Node 4: 6
- Node 0 to Node 5: 9
- Node 0 to Node 6: 7
- Node 1 to Node 7: 1
- Node 2 to Node 1: -3
- Node 2 to Node 7: 8
- Node 3 to Node 7: 8
- Node 4 to Node 7: 6
- Node 5 to Node 7: 7
- Node 6 to Node 7: 8

What is the shortest path from node 0 to node 7 and its total cost?

Reply with only the path and cost.
Format: Path: X -> X -> X, Cost: X","Path: 0 -> 2 -> 1 -> 7, Cost: 3",algorithmic,shortest_path,adversarial,hard,high,procedural_seed_2694550364998107812,verify_sp,"{""subtype"":""SP"",""directed"":true,""source"":0,""target"":7,""graph"":[{""u"":0,""v"":1,""w"":3},{""u"":0,""v"":2,""w"":5},{""u"":0,""v"":3,""w"":7},{""u"":0,""v"":4,""w"":6},{""u"":0,""v"":5,""w"":9},{""u"":0,""v"":6,""w"":7},{""u"":1,""v"":7,""w"":1},{""u"":2,""v"":1,""w"":-3},{""u"":2,""v"":7,""w"":8},{""u"":3,""v"":7,""w"":8},{""u"":4,""v"":7,""w"":6},{""u"":5,""v"":7,""w"":7},{""u"":6,""v"":7,""w"":8}],""num_vertices"":8,""instance_type"":""adversarial"",""greedy_answer"":""Path: 0 -> 1 -> 7, Cost: 4"",""greedy_succeeds"":false,""adversarial_pattern"":""negative_weight"",""requires_bellman_ford"":true,""difficulty_numeric"":15,""critical_step_index"":0}",stage1_procedural_generation
WIS_021,canonical,"You are given weighted intervals on a timeline. Select a non-overlapping subset with maximum total weight.

Intervals:
Interval 0: start=14, end=18, weight=6
Interval 1: start=11, end=13, weight=12
Interval 2: start=13, end=17, weight=14
Interval 3: start=3, end=8, weight=14
Interval 4: start=15, end=17, weight=6
Interval 5: start=8, end=11, weight=17
Interval 6: start=10, end=12, weight=18
Interval 7: start=3, end=8, weight=9
Interval 8: start=7, end=11, weight=18
Interval 9: start=20, end=22, weight=9
Interval 10: start=19, end=22, weight=16

Two intervals conflict if their ranges overlap.
Reply with only the selected interval ids and the total weight.
Format: Selected: {X, X, X, ...}, Total: X","Selected: {1, 2, 3, 5, 10}, Total: 73",algorithmic,wis,adversarial,hard,high,procedural_seed_6743457767877887013,verify_wis,"{""subtype"":""WIS"",""intervals"":[{""id"":0,""start"":14,""end"":18,""weight"":6},{""id"":1,""start"":11,""end"":13,""weight"":12},{""id"":2,""start"":13,""end"":17,""weight"":14},{""id"":3,""start"":3,""end"":8,""weight"":14},{""id"":4,""start"":15,""end"":17,""weight"":6},{""id"":5,""start"":8,""end"":11,""weight"":17},{""id"":6,""start"":10,""end"":12,""weight"":18},{""id"":7,""start"":3,""end"":8,""weight"":9},{""id"":8,""start"":7,""end"":11,""weight"":18},{""id"":9,""start"":20,""end"":22,""weight"":9},{""id"":10,""start"":19,""end"":22,""weight"":16}],""greedy_succeeds"":true,""instance_type"":""standard"",""greedy_answer"":""Selected: {3, 5, 1, 2, 10}, Total: 73"",""difficulty_numeric"":15,""critical_step_index"":-1}",stage1_procedural_generation
WIS_022,canonical,"You are given weighted intervals on a timeline. Select a non-overlapping subset with maximum total weight.

Intervals:
Interval 0: start=9, end=13, weight=17
Interval 1: start=12, end=14, weight=16
Interval 2: start=3, end=7, weight=12
Interval 3: start=4, end=9, weight=17
Interval 4: start=7, end=9, weight=20
Interval 5: start=12, end=14, weight=5
Interval 6: start=14, end=20, weight=20
Interval 7: start=18, end=24, weight=18
Interval 8: start=18, end=21, weight=9

Two intervals conflict if their ranges overlap.
Reply with only the selected interval ids and the total weight.
Format: Selected: {X, X, X, ...}, Total: X","Selected: {0, 2, 4, 6}, Total: 69",algorithmic,wis,adversarial,hard,high,procedural_seed_13736944174657327675,verify_wis,"{""subtype"":""WIS"",""intervals"":[{""id"":0,""start"":9,""end"":13,""weight"":17},{""id"":1,""start"":12,""end"":14,""weight"":16},{""id"":2,""start"":3,""end"":7,""weight"":12},{""id"":3,""start"":4,""end"":9,""weight"":17},{""id"":4,""start"":7,""end"":9,""weight"":20},{""id"":5,""start"":12,""end"":14,""weight"":5},{""id"":6,""start"":14,""end"":20,""weight"":20},{""id"":7,""start"":18,""end"":24,""weight"":18},{""id"":8,""start"":18,""end"":21,""weight"":9}],""greedy_succeeds"":true,""instance_type"":""standard"",""greedy_answer"":""Selected: {2, 4, 0, 6}, Total: 69"",""difficulty_numeric"":15,""critical_step_index"":-1}",stage1_procedural_generation
WIS_023,canonical,"You are given weighted intervals on a timeline. Select a non-overlapping subset with maximum total weight.

Intervals:
Interval 0: start=0, end=2, weight=9
Interval 1: start=2, end=4, weight=9
Interval 2: start=4, end=6, weight=8
Interval 3: start=1, end=7, weight=39
Interval 4: start=7, end=9, weight=8

Two intervals conflict if their ranges overlap.
Reply with only the selected interval ids and the total weight.
Format: Selected: {X, X, X, ...}, Total: X","Selected: {3, 4}, Total: 47",algorithmic,wis,adversarial,hard,high,procedural_seed_5166592786985623758,verify_wis,"{""subtype"":""WIS"",""intervals"":[{""id"":0,""start"":0,""end"":2,""weight"":9},{""id"":1,""start"":2,""end"":4,""weight"":9},{""id"":2,""start"":4,""end"":6,""weight"":8},{""id"":3,""start"":1,""end"":7,""weight"":39},{""id"":4,""start"":7,""end"":9,""weight"":8}],""greedy_succeeds"":false,""instance_type"":""adversarial"",""greedy_answer"":""Selected: {0, 1, 2, 4}, Total: 34"",""adversarial_pattern"":""anchor_conflict"",""difficulty_numeric"":15,""critical_step_index"":0}",stage1_procedural_generation
WIS_024,canonical,"You are given weighted intervals on a timeline. Select a non-overlapping subset with maximum total weight.

Intervals:
Interval 0: start=0, end=2, weight=7
Interval 1: start=2, end=4, weight=7
Interval 2: start=4, end=6, weight=7
Interval 3: start=6, end=8, weight=8
Interval 4: start=1, end=9, weight=40
Interval 5: start=9, end=11, weight=7

Two intervals conflict if their ranges overlap.
Reply with only the selected interval ids and the total weight.
Format: Selected: {X, X, X, ...}, Total: X","Selected: {4, 5}, Total: 47",algorithmic,wis,adversarial,hard,high,procedural_seed_2533077643446864004,verify_wis,"{""subtype"":""WIS"",""intervals"":[{""id"":0,""start"":0,""end"":2,""weight"":7},{""id"":1,""start"":2,""end"":4,""weight"":7},{""id"":2,""start"":4,""end"":6,""weight"":7},{""id"":3,""start"":6,""end"":8,""weight"":8},{""id"":4,""start"":1,""end"":9,""weight"":40},{""id"":5,""start"":9,""end"":11,""weight"":7}],""greedy_succeeds"":false,""instance_type"":""adversarial"",""greedy_answer"":""Selected: {0, 1, 2, 3, 5}, Total: 36"",""adversarial_pattern"":""anchor_conflict"",""difficulty_numeric"":15,""critical_step_index"":0}",stage1_procedural_generation
WIS_025,canonical,"You are given weighted intervals on a timeline. Select a non-overlapping subset with maximum total weight.

Intervals:
Interval 0: start=0, end=2, weight=8
Interval 1: start=2, end=4, weight=9
Interval 2: start=4, end=6, weight=7
Interval 3: start=1, end=7, weight=37
Interval 4: start=7, end=9, weight=7

Two intervals conflict if their ranges overlap.
Reply with only the selected interval ids and the total weight.
Format: Selected: {X, X, X, ...}, Total: X","Selected: {3, 4}, Total: 44",algorithmic,wis,adversarial,hard,high,procedural_seed_14585580702560654625,verify_wis,"{""subtype"":""WIS"",""intervals"":[{""id"":0,""start"":0,""end"":2,""weight"":8},{""id"":1,""start"":2,""end"":4,""weight"":9},{""id"":2,""start"":4,""end"":6,""weight"":7},{""id"":3,""start"":1,""end"":7,""weight"":37},{""id"":4,""start"":7,""end"":9,""weight"":7}],""greedy_succeeds"":false,""instance_type"":""adversarial"",""greedy_answer"":""Selected: {0, 1, 2, 4}, Total: 31"",""adversarial_pattern"":""anchor_conflict"",""difficulty_numeric"":15,""critical_step_index"":0}",stage1_procedural_generation
WIS_026,canonical,"You are given weighted intervals on a timeline. Select a non-overlapping subset with maximum total weight.

Intervals:
Interval 0: start=0, end=2, weight=9
Interval 1: start=2, end=4, weight=7
Interval 2: start=4, end=6, weight=9
Interval 3: start=6, end=8, weight=9
Interval 4: start=1, end=9, weight=46
Interval 5: start=9, end=11, weight=7

Two intervals conflict if their ranges overlap.
Reply with only the selected interval ids and the total weight.
Format: Selected: {X, X, X, ...}, Total: X","Selected: {4, 5}, Total: 53",algorithmic,wis,adversarial,hard,high,procedural_seed_8374625144547855851,verify_wis,"{""subtype"":""WIS"",""intervals"":[{""id"":0,""start"":0,""end"":2,""weight"":9},{""id"":1,""start"":2,""end"":4,""weight"":7},{""id"":2,""start"":4,""end"":6,""weight"":9},{""id"":3,""start"":6,""end"":8,""weight"":9},{""id"":4,""start"":1,""end"":9,""weight"":46},{""id"":5,""start"":9,""end"":11,""weight"":7}],""greedy_succeeds"":false,""instance_type"":""adversarial"",""greedy_answer"":""Selected: {0, 1, 2, 3, 5}, Total: 41"",""adversarial_pattern"":""anchor_conflict"",""difficulty_numeric"":15,""critical_step_index"":0}",stage1_procedural_generation
WIS_027,canonical,"You are given weighted intervals on a timeline. Select a non-overlapping subset with maximum total weight.

Intervals:
Interval 0: start=0, end=2, weight=11
Interval 1: start=2, end=4, weight=11
Interval 2: start=4, end=6, weight=11
Interval 3: start=6, end=8, weight=11
Interval 4: start=1, end=5, weight=27
Interval 5: start=5, end=9, weight=29

Two intervals conflict if their ranges overlap.
Reply with only the selected interval ids and the total weight.
Format: Selected: {X, X, X, ...}, Total: X","Selected: {4, 5}, Total: 56",algorithmic,wis,adversarial,hard,high,procedural_seed_7696354930666030684,verify_wis,"{""subtype"":""WIS"",""intervals"":[{""id"":0,""start"":0,""end"":2,""weight"":11},{""id"":1,""start"":2,""end"":4,""weight"":11},{""id"":2,""start"":4,""end"":6,""weight"":11},{""id"":3,""start"":6,""end"":8,""weight"":11},{""id"":4,""start"":1,""end"":5,""weight"":27},{""id"":5,""start"":5,""end"":9,""weight"":29}],""greedy_succeeds"":false,""instance_type"":""adversarial"",""greedy_answer"":""Selected: {0, 1, 2, 3}, Total: 44"",""adversarial_pattern"":""chain_trap"",""difficulty_numeric"":15,""critical_step_index"":0}",stage1_procedural_generation
WIS_028,canonical,"You are given weighted intervals on a timeline. Select a non-overlapping subset with maximum total weight.

Intervals:
Interval 0: start=0, end=2, weight=9
Interval 1: start=2, end=4, weight=9
Interval 2: start=4, end=6, weight=8
Interval 3: start=1, end=7, weight=37
Interval 4: start=7, end=9, weight=6

Two intervals conflict if their ranges overlap.
Reply with only the selected interval ids and the total weight.
Format: Selected: {X, X, X, ...}, Total: X","Selected: {3, 4}, Total: 43",algorithmic,wis,adversarial,hard,high,procedural_seed_5069890737830562163,verify_wis,"{""subtype"":""WIS"",""intervals"":[{""id"":0,""start"":0,""end"":2,""weight"":9},{""id"":1,""start"":2,""end"":4,""weight"":9},{""id"":2,""start"":4,""end"":6,""weight"":8},{""id"":3,""start"":1,""end"":7,""weight"":37},{""id"":4,""start"":7,""end"":9,""weight"":6}],""greedy_succeeds"":false,""instance_type"":""adversarial"",""greedy_answer"":""Selected: {0, 1, 2, 4}, Total: 32"",""adversarial_pattern"":""anchor_conflict"",""difficulty_numeric"":15,""critical_step_index"":0}",stage1_procedural_generation
WIS_029,canonical,"You are given weighted intervals on a timeline. Select a non-overlapping subset with maximum total weight.

Intervals:
Interval 0: start=0, end=2, weight=7
Interval 1: start=2, end=4, weight=8
Interval 2: start=4, end=6, weight=7
Interval 3: start=6, end=8, weight=7
Interval 4: start=1, end=9, weight=41
Interval 5: start=9, end=11, weight=6

Two intervals conflict if their ranges overlap.
Reply with only the selected interval ids and the total weight.
Format: Selected: {X, X, X, ...}, Total: X","Selected: {4, 5}, Total: 47",algorithmic,wis,adversarial,hard,high,procedural_seed_129551032300386607,verify_wis,"{""subtype"":""WIS"",""intervals"":[{""id"":0,""start"":0,""end"":2,""weight"":7},{""id"":1,""start"":2,""end"":4,""weight"":8},{""id"":2,""start"":4,""end"":6,""weight"":7},{""id"":3,""start"":6,""end"":8,""weight"":7},{""id"":4,""start"":1,""end"":9,""weight"":41},{""id"":5,""start"":9,""end"":11,""weight"":6}],""greedy_succeeds"":false,""instance_type"":""adversarial"",""greedy_answer"":""Selected: {0, 1, 2, 3, 5}, Total: 35"",""adversarial_pattern"":""anchor_conflict"",""difficulty_numeric"":15,""critical_step_index"":0}",stage1_procedural_generation
WIS_030,canonical,"You are given weighted intervals on a timeline. Select a non-overlapping subset with maximum total weight.

Intervals:
Interval 0: start=11, end=17, weight=16
Interval 1: start=11, end=16, weight=6
Interval 2: start=4, end=7, weight=18
Interval 3: start=11, end=14, weight=6
Interval 4: start=16, end=21, weight=13
Interval 5: start=7, end=11, weight=18
Interval 6: start=1, end=4, weight=7
Interval 7: start=10, end=15, weight=17
Interval 8: start=3, end=7, weight=9

Two intervals conflict if their ranges overlap.
Reply with only the selected interval ids and the total weight.
Format: Selected: {X, X, X, ...}, Total: X","Selected: {1, 2, 4, 5, 6}, Total: 62",algorithmic,wis,adversarial,hard,high,procedural_seed_15946135467243866391,verify_wis,"{""subtype"":""WIS"",""intervals"":[{""id"":0,""start"":11,""end"":17,""weight"":16},{""id"":1,""start"":11,""end"":16,""weight"":6},{""id"":2,""start"":4,""end"":7,""weight"":18},{""id"":3,""start"":11,""end"":14,""weight"":6},{""id"":4,""start"":16,""end"":21,""weight"":13},{""id"":5,""start"":7,""end"":11,""weight"":18},{""id"":6,""start"":1,""end"":4,""weight"":7},{""id"":7,""start"":10,""end"":15,""weight"":17},{""id"":8,""start"":3,""end"":7,""weight"":9}],""greedy_succeeds"":true,""instance_type"":""standard"",""greedy_answer"":""Selected: {6, 2, 5, 3, 4}, Total: 62"",""difficulty_numeric"":15,""critical_step_index"":-1}",pre_stage2_cleanup_generation
WIS_031,canonical,"You are given weighted intervals on a timeline. Select a non-overlapping subset with maximum total weight.

Intervals:
Interval 0: start=16, end=18, weight=14
Interval 1: start=9, end=15, weight=8
Interval 2: start=3, end=5, weight=16
Interval 3: start=11, end=16, weight=9
Interval 4: start=17, end=20, weight=6
Interval 5: start=6, end=12, weight=5
Interval 6: start=8, end=10, weight=12
Interval 7: start=7, end=11, weight=11
Interval 8: start=16, end=19, weight=5

Two intervals conflict if their ranges overlap.
Reply with only the selected interval ids and the total weight.
Format: Selected: {X, X, X, ...}, Total: X","Selected: {0, 2, 3, 6}, Total: 51",algorithmic,wis,adversarial,hard,high,procedural_seed_649410380592602194,verify_wis,"{""subtype"":""WIS"",""intervals"":[{""id"":0,""start"":16,""end"":18,""weight"":14},{""id"":1,""start"":9,""end"":15,""weight"":8},{""id"":2,""start"":3,""end"":5,""weight"":16},{""id"":3,""start"":11,""end"":16,""weight"":9},{""id"":4,""start"":17,""end"":20,""weight"":6},{""id"":5,""start"":6,""end"":12,""weight"":5},{""id"":6,""start"":8,""end"":10,""weight"":12},{""id"":7,""start"":7,""end"":11,""weight"":11},{""id"":8,""start"":16,""end"":19,""weight"":5}],""greedy_succeeds"":true,""instance_type"":""standard"",""greedy_answer"":""Selected: {2, 6, 3, 0}, Total: 51"",""difficulty_numeric"":15,""critical_step_index"":-1}",pre_stage2_cleanup_generation
WIS_032,canonical,"You are given weighted intervals on a timeline. Select a non-overlapping subset with maximum total weight.

Intervals:
Interval 0: start=2, end=6, weight=11
Interval 1: start=5, end=7, weight=10
Interval 2: start=10, end=13, weight=13
Interval 3: start=12, end=17, weight=14
Interval 4: start=15, end=18, weight=7
Interval 5: start=20, end=22, weight=20
Interval 6: start=25, end=29, weight=13
Interval 7: start=28, end=31, weight=12
Interval 8: start=30, end=34, weight=16

Two intervals conflict if their ranges overlap.
Reply with only the selected interval ids and the total weight.
Format: Selected: {X, X, X, ...}, Total: X","Selected: {0, 2, 4, 5, 6, 8}, Total: 80",algorithmic,wis,adversarial,hard,high,procedural_seed_20260520032,verify_wis,"{""subtype"":""WIS"",""intervals"":[{""id"":0,""start"":2,""end"":6,""weight"":11},{""id"":1,""start"":5,""end"":7,""weight"":10},{""id"":2,""start"":10,""end"":13,""weight"":13},{""id"":3,""start"":12,""end"":17,""weight"":14},{""id"":4,""start"":15,""end"":18,""weight"":7},{""id"":5,""start"":20,""end"":22,""weight"":20},{""id"":6,""start"":25,""end"":29,""weight"":13},{""id"":7,""start"":28,""end"":31,""weight"":12},{""id"":8,""start"":30,""end"":34,""weight"":16}],""greedy_succeeds"":true,""instance_type"":""standard"",""greedy_answer"":""Selected: {0, 2, 4, 5, 6, 8}, Total: 80"",""difficulty_numeric"":15,""critical_step_index"":-1}",pre_stage2_cleanup_generation
