problem_id,variant_type,problem_text,correct_answer,problem_family,problem_subtype,difficulty,contamination_pole,source,verifier_function,difficulty_params,notes
BW_001,W1,"""You are a robotic manipulator. Permitted operations: pick-up X (X must be unobstructed and resting on the surface, gripper must be vacant), put-down X (deposit X onto the surface), stack X Y (position X atop Y; Y must be unobstructed, you must be gripping X), unstack X Y (retrieve X from atop Y; X must be unobstructed, gripper must be vacant). You may grip one block at a time. Current configuration: Blocks j, f, i, g, d, b, h, and l are unobstructed and resting on the surface. The gripper is vacant. Objective: Block j rests atop block f, block f rests atop block i, block i rests atop block g, block g rests atop block d, block d rests atop block b, block b rests atop block h, and block h rests atop block l. Reply with a numbered sequence of operations only. Each operation must be exactly one of: pick-up X / put-down X / stack X Y / unstack X Y. No explanation. No extra text.""","pick-up h
stack h l
pick-up b
stack b h
pick-up d
stack d b
pick-up g
stack g d
pick-up i
stack i g
pick-up f
stack f i
pick-up j
stack j f",planning_suite,blocksworld,medium,high,type=planbench_original | dataset=planbench | filename=instance-1.pddl | path=plan-bench/instances/blocksworld/generated/instance-1.pddl,verify_blocksworld_plan,num_blocks=8 | requires_unstacking=false | max_initial_stack_depth=1,8 blocks starting on table; no unstacking required
BW_001,W2,"Action Reference:
| Action      | Preconditions                        | Effect            |
|-------------|--------------------------------------|-------------------|
| pick-up X   | X is on table, X is clear, hand empty| holding X         |
| put-down X  | holding X                            | X on table        |
| stack X Y   | holding X, Y is clear                | X on Y            |
| unstack X Y | X on Y, X is clear, hand empty       | holding X         |

Current State:
| Block | Location | Clear? |
|-------|----------|--------|
| j     | table    | yes    |
| f     | table    | yes    |
| i     | table    | yes    |
| g     | table    | yes    |
| d     | table    | yes    |
| b     | table    | yes    |
| h     | table    | yes    |
| l     | table    | yes    |

Goal:
| Block | Must be on top of |
|-------|-------------------|
| j     | f                 |
| f     | i                 |
| i     | g                 |
| g     | d                 |
| d     | b                 |
| b     | h                 |
| h     | l                 |

Respond with a numbered list of actions only. Each action must be exactly one of: pick-up X / put-down X / stack X Y / unstack X Y. No explanation. No extra text.","pick-up h
stack h l
pick-up b
stack b h
pick-up d
stack d b
pick-up g
stack g d
pick-up i
stack i g
pick-up f
stack f i
pick-up j
stack j f",planning_suite,blocksworld,medium,high,type=planbench_original | dataset=planbench | filename=instance-1.pddl | path=plan-bench/instances/blocksworld/generated/instance-1.pddl,verify_blocksworld_plan,num_blocks=8 | requires_unstacking=false | max_initial_stack_depth=1,8 blocks starting on table; no unstacking required
BW_001,W3,"""You are an HR manager building a reporting chain. Available actions: select X (X must have no direct reports and be unassigned, hands must be free), release X (return X to the unassigned pool), place X under Y (Y must have no one above them, you must be holding X), remove X from Y (X must have no direct reports, hands must be free). You can manage one employee at a time. Current state: James, Fiona, Ian, Grace, Derek, Ben, Hannah, and Leo are all unassigned and available. Your hands are free. Goal: James reports to Fiona, Fiona reports to Ian, Ian reports to Grace, Grace reports to Derek, Derek reports to Ben, Ben reports to Hannah, and Hannah reports to Leo. Respond with a numbered list of actions only. Each action must be exactly one of: select X / release X / place X under Y / remove X from Y. No explanation. No extra text.""","select Hannah
place Hannah under Leo
select Ben
place Ben under Hannah
select Derek
place Derek under Ben
select Grace
place Grace under Derek
select Ian
place Ian under Grace
select Fiona
place Fiona under Ian
select James
place James under Fiona",planning_suite,blocksworld,medium,high,type=planbench_original | dataset=planbench | filename=instance-1.pddl | path=plan-bench/instances/blocksworld/generated/instance-1.pddl,verify_blocksworld_plan,num_blocks=8 | requires_unstacking=false | max_initial_stack_depth=1,8 blocks starting on table; no unstacking required
BW_001,W4,"FORMAL DEFINITION:
π = ⟨B, S₀, S*, A⟩

BLOCKS:
B = {j, f, i, g, d, b, h, l}

INITIAL STATE S₀:
OnTable(j), OnTable(f), OnTable(i), OnTable(g),
OnTable(d), OnTable(b), OnTable(h), OnTable(l),
Clear(j), Clear(f), Clear(i), Clear(g),
Clear(d), Clear(b), Clear(h), Clear(l),
HandEmpty

GOAL STATE S*:
On(j,f), On(f,i), On(i,g), On(g,d), On(d,b), On(b,h), On(h,l), OnTable(l)

ACTIONS (Preconditions → Add Effects | Delete Effects):

1. pick-up(x):
   Pre:  Clear(x), OnTable(x), HandEmpty
   Add:  Holding(x)
   Del:  Clear(x), OnTable(x), HandEmpty

2. put-down(x):
   Pre:  Holding(x)
   Add:  OnTable(x), Clear(x), HandEmpty
   Del:  Holding(x)

3. stack(x, y):
   Pre:  Holding(x), Clear(y)
   Add:  On(x,y), Clear(x), HandEmpty
   Del:  Holding(x), Clear(y)

4. unstack(x, y):
   Pre:  On(x,y), Clear(x), HandEmpty
   Add:  Holding(x), Clear(y)
   Del:  On(x,y), Clear(x), HandEmpty

CONSTRAINTS:
- x ≠ y for all two-argument actions
- Exactly one block can be held at a time
- Pre(aₖ) ⊆ Sₖ₋₁ must hold for each action aₖ

TASK:
Find plan π = (a₁, a₂, ..., aₙ) such that:
S₀ →(a₁) S₁ →(a₂) ... →(aₙ) Sₙ, where S* ⊆ Sₙ

OUTPUT FORMAT:
Return a numbered list of actions only.
Each action must be exactly one of:
  pick-up X
  put-down X
  stack X Y
  unstack X Y
No explanation. No extra text.","pick-up h
stack h l
pick-up b
stack b h
pick-up d
stack d b
pick-up g
stack g d
pick-up i
stack i g
pick-up f
stack f i
pick-up j
stack j f",planning_suite,blocksworld,medium,high,type=planbench_original | dataset=planbench | filename=instance-1.pddl | path=plan-bench/instances/blocksworld/generated/instance-1.pddl,verify_blocksworld_plan,num_blocks=8 | requires_unstacking=false | max_initial_stack_depth=1,8 blocks starting on table; no unstacking required
BW_001,W5,"""You are a robot arm. Available actions: pick-up X (X must be clear and on the table, hand must be empty), put-down X (place X on the table), stack X Y (place X on Y; Y must be clear, you must be holding X), unstack X Y (pick up X from Y; X must be clear, hand must be empty). You can hold one block at a time. Current state: Block j is on block f, block f is on block i, block i is on block g, block g is on block d, block d is on block b, block b is on block h, and block h is on block l. Block l is on the table. The hand is empty. Goal: Blocks j, f, i, g, d, b, h, and l are all clear and on the table. Respond with a numbered list of actions only. Each action must be exactly one of: pick-up X / put-down X / stack X Y / unstack X Y. No explanation. No extra text.""","unstack j f
put-down j
unstack f i
put-down f
unstack i g
put-down i
unstack g d
put-down g
unstack d b
put-down d
unstack b h
put-down b
unstack h l
put-down h",planning_suite,blocksworld,medium,high,type=planbench_original | dataset=planbench | filename=instance-1.pddl | path=plan-bench/instances/blocksworld/generated/instance-1.pddl,verify_blocksworld_plan,num_blocks=8 | requires_unstacking=false | max_initial_stack_depth=1,8 blocks starting on table; no unstacking required
BW_001,W6,"You are a robot arm. Available actions: pick-up X (X must be clear and on the table, hand must be empty), put-down X (place X on the table), stack X Y (place X on Y; Y must be clear, you must be holding X), unstack X Y (pick up X from Y; X must be clear, hand must be empty). You can hold one block at a time. Current state: Blocks a, b, c, d, e, f, g, h, and i are clear and on the table. The hand is empty. Goal: Block a is on block i, block b is on block f, block c is on block a, block d is on the table, block e is on block h, block f is on block c, block g is on block b, block h is on block d, block i is on block e. Respond with a numbered list of actions only. Each action must be exactly one of: pick-up X / put-down X / stack X Y / unstack X Y. No explanation. No extra text.","pick-up h
stack h d
pick-up e
stack e h
pick-up i
stack i e
pick-up a
stack a i
pick-up c
stack c a
pick-up f
stack f c
pick-up b
stack b f
pick-up g
stack g b",planning_suite,blocksworld,medium,high,type=planbench_original | dataset=planbench | filename=instance-1.pddl | path=plan-bench/instances/blocksworld/generated/instance-1.pddl | synthesized_w6_from_canonical,verify_blocksworld_plan,num_blocks=8 | requires_unstacking=false | max_initial_stack_depth=1,8 blocks starting on table; no unstacking required | W6 synthesized from canonical for coverage
BW_001,canonical,"""You are a robot arm. Available actions: pick-up X (X must be clear and on the table, hand must be empty), put-down X (place X on the table), stack X Y (place X on Y; Y must be clear, you must be holding X), unstack X Y (pick up X from Y; X must be clear, hand must be empty). You can hold one block at a time. Current state: Blocks j, f, i, g, d, b, h, and l are clear and on the table. The hand is empty. Goal: Block j is on block f, block f is on block i, block i is on block g, block g is on block d, block d is on block b, block b is on block h, and block h is on block l. Respond with a numbered list of actions only. Each action must be exactly one of: pick-up X / put-down X / stack X Y / unstack X Y. No explanation. No extra text.""","pick-up h
stack h l
pick-up b
stack b h
pick-up d
stack d b
pick-up g
stack g d
pick-up i
stack i g
pick-up f
stack f i
pick-up j
stack j f",planning_suite,blocksworld,medium,high,type=planbench_original | dataset=planbench | filename=instance-1.pddl | path=plan-bench/instances/blocksworld/generated/instance-1.pddl,verify_blocksworld_plan,num_blocks=8 | requires_unstacking=false | max_initial_stack_depth=1,8 blocks starting on table; no unstacking required
BW_002,W1,"You are a robotic manipulator. Permitted operations: pick-up X (X must be unobstructed and resting on the surface, gripper must be vacant), put-down X (deposit X onto the surface), stack X Y (position X atop Y; Y must be unobstructed, you must be gripping X), unstack X Y (retrieve X from atop Y; X must be unobstructed, gripper must be vacant). You may grip one block at a time. Current configuration: Blocks j, g, a, b, k, h, and i are unobstructed and resting on the surface. The gripper is vacant. Objective: Block j rests atop block g, block g rests atop block a, block a rests atop block b, block b rests atop block k, block k rests atop block h, and block h rests atop block i. Reply with a numbered sequence of operations only. Each operation must be exactly one of: pick-up X / put-down X / stack X Y / unstack X Y. No explanation. No extra text.","pick-up h
stack h i
pick-up k
stack k h
pick-up b
stack b k
pick-up a
stack a b
pick-up g
stack g a
pick-up j
stack j g",planning_suite,blocksworld,hard,high,plan-bench/instances/blocksworld/generated/instance-2.pddl,verify_blocksworld_plan,,
BW_002,W2,"Action Reference:
 | Action | Preconditions | Effect |
 |--------|---------------|--------|
 | pick-up X | X is on table, X is clear, hand empty | holding X |
 | put-down X | holding X | X on table |
 | stack X Y | holding X, Y is clear | X on Y |
 | unstack X Y | X on Y, X is clear, hand empty | holding X |
 
 Current State:
 | Block | Location | Clear? |
 |-------|----------|--------|
 | j | table | yes |
 | g | table | yes |
 | a | table | yes |
 | b | table | yes |
 | k | table | yes |
 | h | table | yes |
 | i | table | yes |
 
 Goal:
 | Block | Must be on top of |
 |-------|-------------------|
 | j | g |
 | g | a |
 | a | b |
 | b | k |
 | k | h |
 | h | i |
 
 Respond with a numbered list of actions only. Each action must be exactly one of: pick-up X / put-down X / stack X Y / unstack X Y. No explanation. No extra text.","pick-up h
stack h i
pick-up k
stack k h
pick-up b
stack b k
pick-up a
stack a b
pick-up g
stack g a
pick-up j
stack j g",planning_suite,blocksworld,hard,high,plan-bench/instances/blocksworld/generated/instance-2.pddl,verify_blocksworld_plan,,
BW_002,W3,"You are an HR manager building a reporting chain. Available actions: select X (X must be unassigned and available, hands must be free), release X (return X to the unassigned pool), place X under Y (Y must be available, you must be holding X), remove X from Y (X must have no direct reports, hands must be free). You can manage one employee at a time. Current state: Jake, Grace, Alice, Bob, Kevin, Henry, and Ivan are all unassigned and available. Your hands are free. Goal: Jake reports to Grace, Grace reports to Alice, Alice reports to Bob, Bob reports to Kevin, Kevin reports to Henry, Henry reports to Ivan. Respond with a numbered list of actions only. Each action must be exactly one of: select X / release X / place X under Y / remove X from Y. No explanation. No extra text.","select Henry
place Henry under Ivan
select Kevin
place Kevin under Henry
select Bob
place Bob under Kevin
select Alice
place Alice under Bob
select Grace
place Grace under Alice
select Jake
place Jake under Grace",planning_suite,blocksworld,hard,high,plan-bench/instances/blocksworld/generated/instance-2.pddl,verify_blocksworld_plan,,
BW_002,W4,"FORMAL DEFINITION:
 π = ⟨B, S₀, S*, A⟩
 
 BLOCKS:
 B = {j, g, a, b, k, h, i}
 
 INITIAL STATE S₀:
 OnTable(j), OnTable(g), OnTable(a), OnTable(b), OnTable(k), OnTable(h), OnTable(i),
 Clear(j), Clear(g), Clear(a), Clear(b), Clear(k), Clear(h), Clear(i),
 HandEmpty
 
 GOAL STATE S*:
 On(j,g), On(g,a), On(a,b), On(b,k), On(k,h), On(h,i)
 
 ACTIONS (Preconditions → Add Effects | Delete Effects):
 
 1. pick-up(x):
  Pre: Clear(x), OnTable(x), HandEmpty
  Add: Holding(x)
  Del: Clear(x), OnTable(x), HandEmpty
 
 2. put-down(x):
  Pre: Holding(x)
  Add: OnTable(x), Clear(x), HandEmpty
  Del: Holding(x)
 
 3. stack(x, y):
  Pre: Holding(x), Clear(y)
  Add: On(x,y), Clear(x), HandEmpty
  Del: Holding(x), Clear(y)
 
 4. unstack(x, y):
  Pre: On(x,y), Clear(x), HandEmpty
  Add: Holding(x), Clear(y)
  Del: On(x,y), Clear(x), HandEmpty
 
 CONSTRAINTS:
 - x ≠ y for all two-argument actions
 - Exactly one block can be held at a time
 - Pre(aₖ) ⊆ Sₖ₋₁ must hold for each action aₖ
 
 TASK:
 Find plan π = (a₁, a₂, ..., aₙ) such that:
 S₀ →(a₁) S₁ →(a₂) ... →(aₙ) Sₙ, where S* ⊆ Sₙ
 
 OUTPUT FORMAT:
 Return a numbered list of actions only.
 Each action must be exactly one of:
  pick-up X
  put-down X
  stack X Y
  unstack X Y
 No explanation. No extra text.","pick-up h
stack h i
pick-up k
stack k h
pick-up b
stack b k
pick-up a
stack a b
pick-up g
stack g a
pick-up j
stack j g",planning_suite,blocksworld,hard,high,plan-bench/instances/blocksworld/generated/instance-2.pddl,verify_blocksworld_plan,,
BW_002,W5,"You are a robot arm. Available actions: pick-up X (X must be clear and on the table, hand must be empty), put-down X (place X on the table), stack X Y (place X on Y; Y must be clear, you must be holding X), unstack X Y (pick up X from Y; X must be clear, hand must be empty). You can hold one block at a time. Current state: Block j is on block g, block g is on block a, block a is on block b, block b is on block k, block k is on block h, block h is on block i. Block i is on the table. The hand is empty. Goal: Blocks j, g, a, b, k, h, and i are all clear and on the table. Respond with a numbered list of actions only. Each action must be exactly one of: pick-up X / put-down X / stack X Y / unstack X Y. No explanation. No extra text.","unstack j g
put-down j
unstack g a
put-down g
unstack a b
put-down a
unstack b k
put-down b
unstack k h
put-down k
unstack h i
put-down h",planning_suite,blocksworld,hard,high,plan-bench/instances/blocksworld/generated/instance-2.pddl,verify_blocksworld_plan,,
BW_002,W6,"You are a robot arm. Available actions: pick-up X (X must be clear and on the table, hand must be empty), put-down X (place X on the table), stack X Y (place X on Y; Y must be clear, you must be holding X), unstack X Y (pick up X from Y; X must be clear, hand must be empty). You can hold one block d c time. Current state: Blocks n, f, c, e, o, l, and m are clear and on the table. The hand is empty. Goal: Block n is on block f, block f is on block c, block c is on block e, block e is on block o, block o is on block l, and block l is on block m. Respond with a numbered list of actions only. Each action must be exactly one of: pick-up X / put-down X / stack X Y / unstack X Y. No explanation. No extra text.","pick-up l
stack l m
pick-up o
stack o l
pick-up e
stack e o
pick-up c
stack c e
pick-up f
stack f c
pick-up n
stack n f",planning_suite,blocksworld,hard,high,plan-bench/instances/blocksworld/generated/instance-2.pddl | variant=w6_rename,verify_blocksworld_plan,,
BW_002,canonical,"You are a robot arm. Available actions: pick-up X (X must be clear and on the table, hand must be empty), put-down X (place X on the table), stack X Y (place X on Y; Y must be clear, you must be holding X), unstack X Y (pick up X from Y; X must be clear, hand must be empty). You can hold one block at a time. Current state: Blocks j, g, a, b, k, h, and i are clear and on the table. The hand is empty. Goal: Block j is on block g, block g is on block a, block a is on block b, block b is on block k, block k is on block h, and block h is on block i. Respond with a numbered list of actions only. Each action must be exactly one of: pick-up X / put-down X / stack X Y / unstack X Y. No explanation. No extra text.","pick-up h
stack h i
pick-up k
stack k h
pick-up b
stack b k
pick-up a
stack a b
pick-up g
stack g a
pick-up j
stack j g",planning_suite,blocksworld,hard,high,plan-bench/instances/blocksworld/generated/instance-2.pddl,verify_blocksworld_plan,,
BW_010,W1,"""You are a robotic manipulator. Permitted operations: pick-up X (X must be unobstructed and resting on the surface, gripper must be vacant), put-down X (deposit X onto the surface), stack X Y (position X atop Y; Y must be unobstructed, you must be gripping X), unstack X Y (retrieve X from atop Y; X must be unobstructed, gripper must be vacant). You may grip one block at a time. Current configuration: Blocks d, e, a, b, and f are unobstructed and resting on the surface. The gripper is vacant. Objective: Block d rests atop block e, block e rests atop block a, block a rests atop block b, and block b rests atop block f. Reply with a numbered sequence of operations only. Each operation must be exactly one of: pick-up X / put-down X / stack X Y / unstack X Y. No explanation. No extra text.""","pick-up b
stack b f
pick-up a
stack a b
pick-up e
stack e a
pick-up d
stack d e",planning_suite,blocksworld,easy,high,type=planbench_original | dataset=planbench | filename=instance-10.pddl | path=plan-bench/instances/blocksworld/generated/instance-10.pddl,verify_blocksworld_plan,num_blocks=5 | requires_unstacking=false | max_initial_stack_depth=1,5 blocks starting on table; no unstacking required
BW_010,W2,"Action Reference:
| Action      | Preconditions                        | Effect            |
|-------------|--------------------------------------|-------------------|
| pick-up X   | X is on table, X is clear, hand empty| holding X         |
| put-down X  | holding X                            | X on table        |
| stack X Y   | holding X, Y is clear                | X on Y            |
| unstack X Y | X on Y, X is clear, hand empty       | holding X         |

Current State:
| Block | Location | Clear? |
|-------|----------|--------|
| d     | table    | yes    |
| e     | table    | yes    |
| a     | table    | yes    |
| b     | table    | yes    |
| f     | table    | yes    |

Goal:
| Block | Must be on top of |
|-------|-------------------|
| d     | e                 |
| e     | a                 |
| a     | b                 |
| b     | f                 |

Respond with a numbered list of actions only. Each action must be exactly one of: pick-up X / put-down X / stack X Y / unstack X Y. No explanation. No extra text.","pick-up b
stack b f
pick-up a
stack a b
pick-up e
stack e a
pick-up d
stack d e",planning_suite,blocksworld,easy,high,type=planbench_original | dataset=planbench | filename=instance-10.pddl | path=plan-bench/instances/blocksworld/generated/instance-10.pddl,verify_blocksworld_plan,num_blocks=5 | requires_unstacking=false | max_initial_stack_depth=1,5 blocks starting on table; no unstacking required
BW_010,W3,"""You are an HR manager building a reporting chain. Available actions: select X (X must have no direct reports and be unassigned, hands must be free), release X (return X to the unassigned pool), place X under Y (Y must have no one above them, you must be holding X), remove X from Y (X must have no direct reports, hands must be free). You can manage one employee at a time. Current state: Diana, Ethan, Alice, Brian, and Felix are all unassigned and available. Your hands are free. Goal: Diana reports to Ethan, Ethan reports to Alice, Alice reports to Brian, and Brian reports to Felix. Respond with a numbered list of actions only. Each action must be exactly one of: select X / release X / place X under Y / remove X from Y. No explanation. No extra text.""","select Brian
place Brian under Felix
select Alice
place Alice under Brian
select Ethan
place Ethan under Alice
select Diana
place Diana under Ethan",planning_suite,blocksworld,easy,high,type=planbench_original | dataset=planbench | filename=instance-10.pddl | path=plan-bench/instances/blocksworld/generated/instance-10.pddl,verify_blocksworld_plan,num_blocks=5 | requires_unstacking=false | max_initial_stack_depth=1,5 blocks starting on table; no unstacking required
BW_010,W4,"FORMAL DEFINITION:
π = ⟨B, S₀, S*, A⟩

BLOCKS:
B = {d, e, a, b, f}

INITIAL STATE S₀:
OnTable(d), OnTable(e), OnTable(a), OnTable(b), OnTable(f),
Clear(d), Clear(e), Clear(a), Clear(b), Clear(f),
HandEmpty

GOAL STATE S*:
On(d,e), On(e,a), On(a,b), On(b,f), OnTable(f)

ACTIONS (Preconditions → Add Effects | Delete Effects):

1. pick-up(x):
   Pre:  Clear(x), OnTable(x), HandEmpty
   Add:  Holding(x)
   Del:  Clear(x), OnTable(x), HandEmpty

2. put-down(x):
   Pre:  Holding(x)
   Add:  OnTable(x), Clear(x), HandEmpty
   Del:  Holding(x)

3. stack(x, y):
   Pre:  Holding(x), Clear(y)
   Add:  On(x,y), Clear(x), HandEmpty
   Del:  Holding(x), Clear(y)

4. unstack(x, y):
   Pre:  On(x,y), Clear(x), HandEmpty
   Add:  Holding(x), Clear(y)
   Del:  On(x,y), Clear(x), HandEmpty

CONSTRAINTS:
- x ≠ y for all two-argument actions
- Exactly one block can be held at a time
- Pre(aₖ) ⊆ Sₖ₋₁ must hold for each action aₖ

TASK:
Find plan π = (a₁, a₂, ..., aₙ) such that:
S₀ →(a₁) S₁ →(a₂) ... →(aₙ) Sₙ, where S* ⊆ Sₙ

OUTPUT FORMAT:
Return a numbered list of actions only.
Each action must be exactly one of:
  pick-up X
  put-down X
  stack X Y
  unstack X Y
No explanation. No extra text.","pick-up b
stack b f
pick-up a
stack a b
pick-up e
stack e a
pick-up d
stack d e",planning_suite,blocksworld,easy,high,type=planbench_original | dataset=planbench | filename=instance-10.pddl | path=plan-bench/instances/blocksworld/generated/instance-10.pddl,verify_blocksworld_plan,num_blocks=5 | requires_unstacking=false | max_initial_stack_depth=1,5 blocks starting on table; no unstacking required
BW_010,W5,"""You are a robot arm. Available actions: pick-up X (X must be clear and on the table, hand must be empty), put-down X (place X on the table), stack X Y (place X on Y; Y must be clear, you must be holding X), unstack X Y (pick up X from Y; X must be clear, hand must be empty). You can hold one block at a time. Current state: Block d is on block e, block e is on block a, block a is on block b, and block b is on block f. Block f is on the table. The hand is empty. Goal: Blocks d, e, a, b, and f are all clear and on the table. Respond with a numbered list of actions only. Each action must be exactly one of: pick-up X / put-down X / stack X Y / unstack X Y. No explanation. No extra text.""","unstack d e
put-down d
unstack e a
put-down e
unstack a b
put-down a
unstack b f
put-down b",planning_suite,blocksworld,easy,high,type=planbench_original | dataset=planbench | filename=instance-10.pddl | path=plan-bench/instances/blocksworld/generated/instance-10.pddl,verify_blocksworld_plan,num_blocks=5 | requires_unstacking=false | max_initial_stack_depth=1,5 blocks starting on table; no unstacking required
BW_010,W6,"You are a robot arm. Available actions: pick-up X (X must be clear and on the table, hand must be empty), put-down X (place X on the table), stack X Y (place X on Y; Y must be clear, you must be holding X), unstack X Y (pick up X from Y; X must be clear, hand must be empty). You can hold one block at a time. Current state: Blocks a, b, c, d, e, and f are clear and on the table. The hand is empty. Goal: Block a is on block d, block b is on block a, block c is on block f, block d is on the table, block e is on block b, block f is on block e. Respond with a numbered list of actions only. Each action must be exactly one of: pick-up X / put-down X / stack X Y / unstack X Y. No explanation. No extra text.","pick-up a
stack a d
pick-up b
stack b a
pick-up e
stack e b
pick-up f
stack f e
pick-up c
stack c f",planning_suite,blocksworld,easy,high,type=planbench_original | dataset=planbench | filename=instance-10.pddl | path=plan-bench/instances/blocksworld/generated/instance-10.pddl | synthesized_w6_from_canonical,verify_blocksworld_plan,num_blocks=5 | requires_unstacking=false | max_initial_stack_depth=1,5 blocks starting on table; no unstacking required | W6 synthesized from canonical for coverage
BW_010,canonical,"""You are a robot arm. Available actions: pick-up X (X must be clear and on the table, hand must be empty), put-down X (place X on the table), stack X Y (place X on Y; Y must be clear, you must be holding X), unstack X Y (pick up X from Y; X must be clear, hand must be empty). You can hold one block at a time. Current state: Blocks d, e, a, b, and f are clear and on the table. The hand is empty. Goal: Block d is on block e, block e is on block a, block a is on block b, and block b is on block f. Respond with a numbered list of actions only. Each action must be exactly one of: pick-up X / put-down X / stack X Y / unstack X Y. No explanation. No extra text.""","pick-up b
stack b f
pick-up a
stack a b
pick-up e
stack e a
pick-up d
stack d e",planning_suite,blocksworld,easy,high,type=planbench_original | dataset=planbench | filename=instance-10.pddl | path=plan-bench/instances/blocksworld/generated/instance-10.pddl,verify_blocksworld_plan,num_blocks=5 | requires_unstacking=false | max_initial_stack_depth=1,5 blocks starting on table; no unstacking required
BW_011,W1,"""You are a robotic manipulator. Permitted operations: pick-up X (X must be unobstructed and resting on the surface, gripper must be vacant), put-down X (deposit X onto the surface), stack X Y (position X atop Y; Y must be unobstructed, you must be gripping X), unstack X Y (retrieve X from atop Y; X must be unobstructed, gripper must be vacant). You may grip one block at a time. Current configuration: Blocks c, k, g, a, l, j, e, h, i, and b are unobstructed and resting on the surface. The gripper is vacant. Objective: Block c rests atop block k, block k rests atop block g, block g rests atop block a, block a rests atop block l, block l rests atop block j, block j rests atop block e, block e rests atop block h, block h rests atop block i, and block i rests atop block b. Reply with a numbered sequence of operations only. Each operation must be exactly one of: pick-up X / put-down X / stack X Y / unstack X Y. No explanation. No extra text.""","pick-up i
stack i b
pick-up h
stack h i
pick-up e
stack e h
pick-up j
stack j e
pick-up l
stack l j
pick-up a
stack a l
pick-up g
stack g a
pick-up k
stack k g
pick-up c
stack c k",planning_suite,blocksworld,hard,high,type=planbench_original | dataset=planbench | filename=instance-11.pddl | path=plan-bench/instances/blocksworld/generated/instance-11.pddl,verify_blocksworld_plan,num_blocks=10 | requires_unstacking=false | max_initial_stack_depth=1,10 blocks starting on table; no unstacking required
BW_011,W2,"Action Reference:
| Action      | Preconditions                        | Effect            |
|-------------|--------------------------------------|-------------------|
| pick-up X   | X is on table, X is clear, hand empty| holding X         |
| put-down X  | holding X                            | X on table        |
| stack X Y   | holding X, Y is clear                | X on Y            |
| unstack X Y | X on Y, X is clear, hand empty       | holding X         |

Current State:
| Block | Location | Clear? |
|-------|----------|--------|
| c     | table    | yes    |
| k     | table    | yes    |
| g     | table    | yes    |
| a     | table    | yes    |
| l     | table    | yes    |
| j     | table    | yes    |
| e     | table    | yes    |
| h     | table    | yes    |
| i     | table    | yes    |
| b     | table    | yes    |

Goal:
| Block | Must be on top of |
|-------|-------------------|
| c     | k                 |
| k     | g                 |
| g     | a                 |
| a     | l                 |
| l     | j                 |
| j     | e                 |
| e     | h                 |
| h     | i                 |
| i     | b                 |

Respond with a numbered list of actions only. Each action must be exactly one of: pick-up X / put-down X / stack X Y / unstack X Y. No explanation. No extra text.","pick-up i
stack i b
pick-up h
stack h i
pick-up e
stack e h
pick-up j
stack j e
pick-up l
stack l j
pick-up a
stack a l
pick-up g
stack g a
pick-up k
stack k g
pick-up c
stack c k",planning_suite,blocksworld,hard,high,type=planbench_original | dataset=planbench | filename=instance-11.pddl | path=plan-bench/instances/blocksworld/generated/instance-11.pddl,verify_blocksworld_plan,num_blocks=10 | requires_unstacking=false | max_initial_stack_depth=1,10 blocks starting on table; no unstacking required
BW_011,W3,"""You are an HR manager building a reporting chain. Available actions: select X (X must have no direct reports and be unassigned, hands must be free), release X (return X to the unassigned pool), place X under Y (Y must have no one above them, you must be holding X), remove X from Y (X must have no direct reports, hands must be free). You can manage one employee at a time. Current state: Carol, Kevin, George, Amy, Laura, Jack, Edward, Helen, Ivan, and Ben are all unassigned and available. Your hands are free. Goal: Carol reports to Kevin, Kevin reports to George, George reports to Amy, Amy reports to Laura, Laura reports to Jack, Jack reports to Edward, Edward reports to Helen, Helen reports to Ivan, and Ivan reports to Ben. Respond with a numbered list of actions only. Each action must be exactly one of: select X / release X / place X under Y / remove X from Y. No explanation. No extra text.""","select Ivan
place Ivan under Ben
select Helen
place Helen under Ivan
select Edward
place Edward under Helen
select Jack
place Jack under Edward
select Laura
place Laura under Jack
select Amy
place Amy under Laura
select George
place George under Amy
select Kevin
place Kevin under George
select Carol
place Carol under Kevin",planning_suite,blocksworld,hard,high,type=planbench_original | dataset=planbench | filename=instance-11.pddl | path=plan-bench/instances/blocksworld/generated/instance-11.pddl,verify_blocksworld_plan,num_blocks=10 | requires_unstacking=false | max_initial_stack_depth=1,10 blocks starting on table; no unstacking required
BW_011,W4,"FORMAL DEFINITION:
π = ⟨B, S₀, S*, A⟩

BLOCKS:
B = {c, k, g, a, l, j, e, h, i, b}

INITIAL STATE S₀:
OnTable(c), OnTable(k), OnTable(g), OnTable(a), OnTable(l),
OnTable(j), OnTable(e), OnTable(h), OnTable(i), OnTable(b),
Clear(c), Clear(k), Clear(g), Clear(a), Clear(l),
Clear(j), Clear(e), Clear(h), Clear(i), Clear(b),
HandEmpty

GOAL STATE S*:
On(c,k), On(k,g), On(g,a), On(a,l), On(l,j),
On(j,e), On(e,h), On(h,i), On(i,b), OnTable(b)

ACTIONS (Preconditions → Add Effects | Delete Effects):

1. pick-up(x):
   Pre:  Clear(x), OnTable(x), HandEmpty
   Add:  Holding(x)
   Del:  Clear(x), OnTable(x), HandEmpty

2. put-down(x):
   Pre:  Holding(x)
   Add:  OnTable(x), Clear(x), HandEmpty
   Del:  Holding(x)

3. stack(x, y):
   Pre:  Holding(x), Clear(y)
   Add:  On(x,y), Clear(x), HandEmpty
   Del:  Holding(x), Clear(y)

4. unstack(x, y):
   Pre:  On(x,y), Clear(x), HandEmpty
   Add:  Holding(x), Clear(y)
   Del:  On(x,y), Clear(x), HandEmpty

CONSTRAINTS:
- x ≠ y for all two-argument actions
- Exactly one block can be held at a time
- Pre(aₖ) ⊆ Sₖ₋₁ must hold for each action aₖ

TASK:
Find plan π = (a₁, a₂, ..., aₙ) such that:
S₀ →(a₁) S₁ →(a₂) ... →(aₙ) Sₙ, where S* ⊆ Sₙ

OUTPUT FORMAT:
Return a numbered list of actions only.
Each action must be exactly one of:
  pick-up X
  put-down X
  stack X Y
  unstack X Y
No explanation. No extra text.","pick-up i
stack i b
pick-up h
stack h i
pick-up e
stack e h
pick-up j
stack j e
pick-up l
stack l j
pick-up a
stack a l
pick-up g
stack g a
pick-up k
stack k g
pick-up c
stack c k",planning_suite,blocksworld,hard,high,type=planbench_original | dataset=planbench | filename=instance-11.pddl | path=plan-bench/instances/blocksworld/generated/instance-11.pddl,verify_blocksworld_plan,num_blocks=10 | requires_unstacking=false | max_initial_stack_depth=1,10 blocks starting on table; no unstacking required
BW_011,W5,"""You are a robot arm. Available actions: pick-up X (X must be clear and on the table, hand must be empty), put-down X (place X on the table), stack X Y (place X on Y; Y must be clear, you must be holding X), unstack X Y (pick up X from Y; X must be clear, hand must be empty). You can hold one block at a time. Current state: Block c is on block k, block k is on block g, block g is on block a, block a is on block l, block l is on block j, block j is on block e, block e is on block h, block h is on block i, and block i is on block b. Block b is on the table. The hand is empty. Goal: Blocks c, k, g, a, l, j, e, h, i, and b are all clear and on the table. Respond with a numbered list of actions only. Each action must be exactly one of: pick-up X / put-down X / stack X Y / unstack X Y. No explanation. No extra text.""","unstack c k
put-down c
unstack k g
put-down k
unstack g a
put-down g
unstack a l
put-down a
unstack l j
put-down l
unstack j e
put-down j
unstack e h
put-down e
unstack h i
put-down h
unstack i b
put-down i",planning_suite,blocksworld,hard,high,type=planbench_original | dataset=planbench | filename=instance-11.pddl | path=plan-bench/instances/blocksworld/generated/instance-11.pddl,verify_blocksworld_plan,num_blocks=10 | requires_unstacking=false | max_initial_stack_depth=1,10 blocks starting on table; no unstacking required
BW_011,W6,"You are a robot arm. Available actions: pick-up X (X must be clear and on the table, hand must be empty), put-down X (place X on the table), stack X Y (place X on Y; Y must be clear, you must be holding X), unstack X Y (pick up X from Y; X must be clear, hand must be empty). You can hold one block at a time. Current state: Blocks a, b, c, d, e, f, g, h, i, j, and k are clear and on the table. The hand is empty. Goal: Block a is on block e, block b is on block k, block c is on block j, block d is on the table, block e is on block f, block f is on block b, block g is on block h, block h is on block i, block i is on block a, block j is on block d, block k is on block c. Respond with a numbered list of actions only. Each action must be exactly one of: pick-up X / put-down X / stack X Y / unstack X Y. No explanation. No extra text.","pick-up j
stack j d
pick-up c
stack c j
pick-up k
stack k c
pick-up b
stack b k
pick-up f
stack f b
pick-up e
stack e f
pick-up a
stack a e
pick-up i
stack i a
pick-up h
stack h i
pick-up g
stack g h",planning_suite,blocksworld,hard,high,type=planbench_original | dataset=planbench | filename=instance-11.pddl | path=plan-bench/instances/blocksworld/generated/instance-11.pddl | synthesized_w6_from_canonical,verify_blocksworld_plan,num_blocks=10 | requires_unstacking=false | max_initial_stack_depth=1,10 blocks starting on table; no unstacking required | W6 synthesized from canonical for coverage
BW_011,canonical,"""You are a robot arm. Available actions: pick-up X (X must be clear and on the table, hand must be empty), put-down X (place X on the table), stack X Y (place X on Y; Y must be clear, you must be holding X), unstack X Y (pick up X from Y; X must be clear, hand must be empty). You can hold one block at a time. Current state: Blocks c, k, g, a, l, j, e, h, i, and b are clear and on the table. The hand is empty. Goal: Block c is on block k, block k is on block g, block g is on block a, block a is on block l, block l is on block j, block j is on block e, block e is on block h, block h is on block i, and block i is on block b. Respond with a numbered list of actions only. Each action must be exactly one of: pick-up X / put-down X / stack X Y / unstack X Y. No explanation. No extra text.""","pick-up i
stack i b
pick-up h
stack h i
pick-up e
stack e h
pick-up j
stack j e
pick-up l
stack l j
pick-up a
stack a l
pick-up g
stack g a
pick-up k
stack k g
pick-up c
stack c k",planning_suite,blocksworld,hard,high,type=planbench_original | dataset=planbench | filename=instance-11.pddl | path=plan-bench/instances/blocksworld/generated/instance-11.pddl,verify_blocksworld_plan,num_blocks=10 | requires_unstacking=false | max_initial_stack_depth=1,10 blocks starting on table; no unstacking required
BW_014,W1,"You are a robotic manipulator. Permitted operations: pick-up X (X must be unobstructed and resting on the surface, gripper must be vacant), put-down X (deposit X onto the surface), stack X Y (position X atop Y; Y must be unobstructed, you must be gripping X), unstack X Y (retrieve X from atop Y; X must be unobstructed, gripper must be vacant). You may grip one block at a time. Current configuration: Blocks l, e, and g are unobstructed and resting on the surface. The gripper is vacant. Objective: Block l rests atop block e, and block e rests atop block g. Reply with a numbered sequence of operations only. Each operation must be exactly one of: pick-up X / put-down X / stack X Y / unstack X Y. No explanation. No extra text.","pick-up e
 stack e g
 pick-up l
 stack l e",planning_suite,blocksworld,easy,high,plan-bench/instances/blocksworld/generated/instance-14.pddl,verify_blocksworld_plan,,
BW_014,W2,"Action Reference:
 | Action | Preconditions | Effect |
 |--------|---------------|--------|
 | pick-up X | X is on table, X is clear, hand empty | holding X |
 | put-down X | holding X | X on table |
 | stack X Y | holding X, Y is clear | X on Y |
 | unstack X Y | X on Y, X is clear, hand empty | holding X |
 
 Current State:
 | Block | Location | Clear? |
 |-------|----------|--------|
 | l | table | yes |
 | e | table | yes |
 | g | table | yes |
 
 Goal:
 | Block | Must be on top of |
 |-------|-------------------|
 | l | e |
 | e | g |
 
 Respond with a numbered list of actions only. Each action must be exactly one of: pick-up X / put-down X / stack X Y / unstack X Y. No explanation. No extra text.","pick-up e
 stack e g
 pick-up l
 stack l e",planning_suite,blocksworld,easy,high,plan-bench/instances/blocksworld/generated/instance-14.pddl,verify_blocksworld_plan,,
BW_014,W3,"You are an HR manager building a reporting chain. Available actions: select X (X must be unassigned and available, hands must be free), release X (return X to the unassigned pool), place X under Y (Y must be available, you must be holding X), remove X from Y (X must have no direct reports, hands must be free). You can manage one employee at a time. Current state: Lisa, Eve, and Grace are all unassigned and available. Your hands are free. Goal: Lisa reports to Eve, Eve reports to Grace. Respond with a numbered list of actions only. Each action must be exactly one of: select X / release X / place X under Y / remove X from Y. No explanation. No extra text.","select Eve
place Eve under Grace
select Lisa
place Lisa under Eve",planning_suite,blocksworld,easy,high,plan-bench/instances/blocksworld/generated/instance-14.pddl,verify_blocksworld_plan,,
BW_014,W4,"FORMAL DEFINITION:
 π = ⟨B, S₀, S*, A⟩
 
 BLOCKS:
 B = {l, e, g}
 
 INITIAL STATE S₀:
 OnTable(l), OnTable(e), OnTable(g),
 Clear(l), Clear(e), Clear(g),
 HandEmpty
 
 GOAL STATE S*:
 On(l,e), On(e,g)
 
 ACTIONS (Preconditions → Add Effects | Delete Effects):
 
 1. pick-up(x):
  Pre: Clear(x), OnTable(x), HandEmpty
  Add: Holding(x)
  Del: Clear(x), OnTable(x), HandEmpty
 
 2. put-down(x):
  Pre: Holding(x)
  Add: OnTable(x), Clear(x), HandEmpty
  Del: Holding(x)
 
 3. stack(x, y):
  Pre: Holding(x), Clear(y)
  Add: On(x,y), Clear(x), HandEmpty
  Del: Holding(x), Clear(y)
 
 4. unstack(x, y):
  Pre: On(x,y), Clear(x), HandEmpty
  Add: Holding(x), Clear(y)
  Del: On(x,y), Clear(x), HandEmpty
 
 CONSTRAINTS:
 - x ≠ y for all two-argument actions
 - Exactly one block can be held at a time
 - Pre(aₖ) ⊆ Sₖ₋₁ must hold for each action aₖ
 
 TASK:
 Find plan π = (a₁, a₂, ..., aₙ) such that:
 S₀ →(a₁) S₁ →(a₂) ... →(aₙ) Sₙ, where S* ⊆ Sₙ
 
 OUTPUT FORMAT:
 Return a numbered list of actions only.
 Each action must be exactly one of:
  pick-up X
  put-down X
  stack X Y
  unstack X Y
 No explanation. No extra text.","pick-up e
 stack e g
 pick-up l
 stack l e",planning_suite,blocksworld,easy,high,plan-bench/instances/blocksworld/generated/instance-14.pddl,verify_blocksworld_plan,,
BW_014,W5,"You are a robot arm. Available actions: pick-up X (X must be clear and on the table, hand must be empty), put-down X (place X on the table), stack X Y (place X on Y; Y must be clear, you must be holding X), unstack X Y (pick up X from Y; X must be clear, hand must be empty). You can hold one block at a time. Current state: Block l is on block e, block e is on block g. Block g is on the table. The hand is empty. Goal: Blocks l, e, and g are all clear and on the table. Respond with a numbered list of actions only. Each action must be exactly one of: pick-up X / put-down X / stack X Y / unstack X Y. No explanation. No extra text.","unstack l e
put-down l
unstack e g
put-down e",planning_suite,blocksworld,easy,high,plan-bench/instances/blocksworld/generated/instance-14.pddl,verify_blocksworld_plan,,
BW_014,W6,"You are a robot arm. Available actions: pick-up X (X must be clear and on the table, hand must be empty), put-down X (place X on the table), stack X Y (place X on Y; Y must be clear, you must be holding X), unstack X Y (pick up X from Y; X must be clear, hand must be empty). You can hold one block c b time. Current state: Blocks h, d, and f are clear and on the table. The hand is empty. Goal: Block h is on block d, and block d is on block f. Respond with a numbered list of actions only. Each action must be exactly one of: pick-up X / put-down X / stack X Y / unstack X Y. No explanation. No extra text.","pick-up d
 stack d f
 pick-up h
 stack h d",planning_suite,blocksworld,easy,high,plan-bench/instances/blocksworld/generated/instance-14.pddl | variant=w6_rename,verify_blocksworld_plan,,
BW_014,canonical,"You are a robot arm. Available actions: pick-up X (X must be clear and on the table, hand must be empty), put-down X (place X on the table), stack X Y (place X on Y; Y must be clear, you must be holding X), unstack X Y (pick up X from Y; X must be clear, hand must be empty). You can hold one block at a time. Current state: Blocks l, e, and g are clear and on the table. The hand is empty. Goal: Block l is on block e, and block e is on block g. Respond with a numbered list of actions only. Each action must be exactly one of: pick-up X / put-down X / stack X Y / unstack X Y. No explanation. No extra text.","pick-up e
 stack e g
 pick-up l
 stack l e",planning_suite,blocksworld,easy,high,plan-bench/instances/blocksworld/generated/instance-14.pddl,verify_blocksworld_plan,,
BW_022,W1,"You are a robotic manipulator. Permitted operations: pick-up X (X must be unobstructed and resting on the surface, gripper must be vacant), put-down X (deposit X onto the surface), stack X Y (position X atop Y; Y must be unobstructed, you must be gripping X), unstack X Y (retrieve X from atop Y; X must be unobstructed, gripper must be vacant). You may grip one block at a time. Current configuration: Blocks g, c, b, k, and f are unobstructed and resting on the surface. The gripper is vacant. Objective: Block g rests atop block c, block c rests atop block b, block b rests atop block k, and block k rests atop block f. Reply with a numbered sequence of operations only. Each operation must be exactly one of: pick-up X / put-down X / stack X Y / unstack X Y. No explanation. No extra text.","pick-up k
 stack k f
 pick-up b
 stack b k
 pick-up c
 stack c b
 pick-up g
 stack g c",planning_suite,blocksworld,medium,high,plan-bench/instances/blocksworld/generated/instance-22.pddl,verify_blocksworld_plan,,
BW_022,W2,"Action Reference:
 | Action | Preconditions | Effect |
 |--------|---------------|--------|
 | pick-up X | X is on table, X is clear, hand empty | holding X |
 | put-down X | holding X | X on table |
 | stack X Y | holding X, Y is clear | X on Y |
 | unstack X Y | X on Y, X is clear, hand empty | holding X |
 
 Current State:
 | Block | Location | Clear? |
 |-------|----------|--------|
 | g | table | yes |
 | c | table | yes |
 | b | table | yes |
 | k | table | yes |
 | f | table | yes |
 
 Goal:
 | Block | Must be on top of |
 |-------|-------------------|
 | g | c |
 | c | b |
 | b | k |
 | k | f |
 
 Respond with a numbered list of actions only. Each action must be exactly one of: pick-up X / put-down X / stack X Y / unstack X Y. No explanation. No extra text.","pick-up k
 stack k f
 pick-up b
 stack b k
 pick-up c
 stack c b
 pick-up g
 stack g c",planning_suite,blocksworld,medium,high,plan-bench/instances/blocksworld/generated/instance-22.pddl,verify_blocksworld_plan,,
BW_022,W3,"You are an HR manager building a reporting chain. Available actions: select X (X must be unassigned and available, hands must be free), release X (return X to the unassigned pool), place X under Y (Y must be available, you must be holding X), remove X from Y (X must have no direct reports, hands must be free). You can manage one employee at a time. Current state: Grace, Carol, Bob, Kevin, and Frank are all unassigned and available. Your hands are free. Goal: Grace reports to Carol, Carol reports to Bob, Bob reports to Kevin, Kevin reports to Frank. Respond with a numbered list of actions only. Each action must be exactly one of: select X / release X / place X under Y / remove X from Y. No explanation. No extra text.","select Kevin
place Kevin under Frank
select Bob
place Bob under Kevin
select Carol
place Carol under Bob
select Grace
place Grace under Carol",planning_suite,blocksworld,medium,high,plan-bench/instances/blocksworld/generated/instance-22.pddl,verify_blocksworld_plan,,
BW_022,W4,"FORMAL DEFINITION:
 π = ⟨B, S₀, S*, A⟩
 
 BLOCKS:
 B = {g, c, b, k, f}
 
 INITIAL STATE S₀:
 OnTable(g), OnTable(c), OnTable(b), OnTable(k), OnTable(f),
 Clear(g), Clear(c), Clear(b), Clear(k), Clear(f),
 HandEmpty
 
 GOAL STATE S*:
 On(g,c), On(c,b), On(b,k), On(k,f)
 
 ACTIONS (Preconditions → Add Effects | Delete Effects):
 
 1. pick-up(x):
  Pre: Clear(x), OnTable(x), HandEmpty
  Add: Holding(x)
  Del: Clear(x), OnTable(x), HandEmpty
 
 2. put-down(x):
  Pre: Holding(x)
  Add: OnTable(x), Clear(x), HandEmpty
  Del: Holding(x)
 
 3. stack(x, y):
  Pre: Holding(x), Clear(y)
  Add: On(x,y), Clear(x), HandEmpty
  Del: Holding(x), Clear(y)
 
 4. unstack(x, y):
  Pre: On(x,y), Clear(x), HandEmpty
  Add: Holding(x), Clear(y)
  Del: On(x,y), Clear(x), HandEmpty
 
 CONSTRAINTS:
 - x ≠ y for all two-argument actions
 - Exactly one block can be held at a time
 - Pre(aₖ) ⊆ Sₖ₋₁ must hold for each action aₖ
 
 TASK:
 Find plan π = (a₁, a₂, ..., aₙ) such that:
 S₀ →(a₁) S₁ →(a₂) ... →(aₙ) Sₙ, where S* ⊆ Sₙ
 
 OUTPUT FORMAT:
 Return a numbered list of actions only.
 Each action must be exactly one of:
  pick-up X
  put-down X
  stack X Y
  unstack X Y
 No explanation. No extra text.","pick-up k
 stack k f
 pick-up b
 stack b k
 pick-up c
 stack c b
 pick-up g
 stack g c",planning_suite,blocksworld,medium,high,plan-bench/instances/blocksworld/generated/instance-22.pddl,verify_blocksworld_plan,,
BW_022,W5,"You are a robot arm. Available actions: pick-up X (X must be clear and on the table, hand must be empty), put-down X (place X on the table), stack X Y (place X on Y; Y must be clear, you must be holding X), unstack X Y (pick up X from Y; X must be clear, hand must be empty). You can hold one block at a time. Current state: Block g is on block c, block c is on block b, block b is on block k, block k is on block f. Block f is on the table. The hand is empty. Goal: Blocks g, c, b, k, and f are all clear and on the table. Respond with a numbered list of actions only. Each action must be exactly one of: pick-up X / put-down X / stack X Y / unstack X Y. No explanation. No extra text.","unstack g c
put-down g
unstack c b
put-down c
unstack b k
put-down b
unstack k f
put-down k",planning_suite,blocksworld,medium,high,plan-bench/instances/blocksworld/generated/instance-22.pddl,verify_blocksworld_plan,,
BW_022,W6,"You are a robot arm. Available actions: pick-up X (X must be clear and on the table, hand must be empty), put-down X (place X on the table), stack X Y (place X on Y; Y must be clear, you must be holding X), unstack X Y (pick up X from Y; X must be clear, hand must be empty). You can hold one block e d time. Current state: Blocks l, i, h, m, and j are clear and on the table. The hand is empty. Goal: Block l is on block i, block i is on block h, block h is on block m, and block m is on block j. Respond with a numbered list of actions only. Each action must be exactly one of: pick-up X / put-down X / stack X Y / unstack X Y. No explanation. No extra text.","pick-up m
 stack m j
 pick-up h
 stack h m
 pick-up i
 stack i h
 pick-up l
 stack l i",planning_suite,blocksworld,medium,high,plan-bench/instances/blocksworld/generated/instance-22.pddl | variant=w6_rename,verify_blocksworld_plan,,
BW_022,canonical,"You are a robot arm. Available actions: pick-up X (X must be clear and on the table, hand must be empty), put-down X (place X on the table), stack X Y (place X on Y; Y must be clear, you must be holding X), unstack X Y (pick up X from Y; X must be clear, hand must be empty). You can hold one block at a time. Current state: Blocks g, c, b, k, and f are clear and on the table. The hand is empty. Goal: Block g is on block c, block c is on block b, block b is on block k, and block k is on block f. Respond with a numbered list of actions only. Each action must be exactly one of: pick-up X / put-down X / stack X Y / unstack X Y. No explanation. No extra text.","pick-up k
 stack k f
 pick-up b
 stack b k
 pick-up c
 stack c b
 pick-up g
 stack g c",planning_suite,blocksworld,medium,high,plan-bench/instances/blocksworld/generated/instance-22.pddl,verify_blocksworld_plan,,
BW_080,W1,"""You are a robotic manipulator. Permitted operations: pick-up X (X must be unobstructed and resting on the surface, gripper must be vacant), put-down X (deposit X onto the surface), stack X Y (position X atop Y; Y must be unobstructed, you must be gripping X), unstack X Y (retrieve X from atop Y; X must be unobstructed, gripper must be vacant). You may grip one block at a time. Current configuration: Blocks l, c, i, e, j, and f are unobstructed and resting on the surface. The gripper is vacant. Objective: Block l rests atop block c, block c rests atop block i, block i rests atop block e, block e rests atop block j, and block j rests atop block f. Reply with a numbered sequence of operations only. Each operation must be exactly one of: pick-up X / put-down X / stack X Y / unstack X Y. No explanation. No extra text.""","pick-up j
stack j f
pick-up e
stack e j
pick-up i
stack i e
pick-up c
stack c i
pick-up l
stack l c",planning_suite,blocksworld,medium,high,type=planbench_original | dataset=planbench | filename=instance-80.pddl | path=plan-bench/instances/blocksworld/generated/instance-80.pddl,verify_blocksworld_plan,num_blocks=6 | requires_unstacking=false | max_initial_stack_depth=1,6 blocks starting on table; no unstacking required
BW_080,W2,"Action Reference:
| Action      | Preconditions                        | Effect            |
|-------------|--------------------------------------|-------------------|
| pick-up X   | X is on table, X is clear, hand empty| holding X         |
| put-down X  | holding X                            | X on table        |
| stack X Y   | holding X, Y is clear                | X on Y            |
| unstack X Y | X on Y, X is clear, hand empty       | holding X         |

Current State:
| Block | Location | Clear? |
|-------|----------|--------|
| l     | table    | yes    |
| c     | table    | yes    |
| i     | table    | yes    |
| e     | table    | yes    |
| j     | table    | yes    |
| f     | table    | yes    |

Goal:
| Block | Must be on top of |
|-------|-------------------|
| l     | c                 |
| c     | i                 |
| i     | e                 |
| e     | j                 |
| j     | f                 |

Respond with a numbered list of actions only. Each action must be exactly one of: pick-up X / put-down X / stack X Y / unstack X Y. No explanation. No extra text.","pick-up j
stack j f
pick-up e
stack e j
pick-up i
stack i e
pick-up c
stack c i
pick-up l
stack l c",planning_suite,blocksworld,medium,high,type=planbench_original | dataset=planbench | filename=instance-80.pddl | path=plan-bench/instances/blocksworld/generated/instance-80.pddl,verify_blocksworld_plan,num_blocks=6 | requires_unstacking=false | max_initial_stack_depth=1,6 blocks starting on table; no unstacking required
BW_080,W3,"""You are an HR manager building a reporting chain. Available actions: select X (X must have no direct reports and be unassigned, hands must be free), release X (return X to the unassigned pool), place X under Y (Y must have no one above them, you must be holding X), remove X from Y (X must have no direct reports, hands must be free). You can manage one employee at a time. Current state: Laura, Clara, Ivan, Ethan, Jake, and Felix are all unassigned and available. Your hands are free. Goal: Laura reports to Clara, Clara reports to Ivan, Ivan reports to Ethan, Ethan reports to Jake, and Jake reports to Felix. Respond with a numbered list of actions only. Each action must be exactly one of: select X / release X / place X under Y / remove X from Y. No explanation. No extra text.""","select Jake
place Jake under Felix
select Ethan
place Ethan under Jake
select Ivan
place Ivan under Ethan
select Clara
place Clara under Ivan
select Laura
place Laura under Clara",planning_suite,blocksworld,medium,high,type=planbench_original | dataset=planbench | filename=instance-80.pddl | path=plan-bench/instances/blocksworld/generated/instance-80.pddl,verify_blocksworld_plan,num_blocks=6 | requires_unstacking=false | max_initial_stack_depth=1,6 blocks starting on table; no unstacking required
BW_080,W4,"FORMAL DEFINITION:
π = ⟨B, S₀, S*, A⟩

BLOCKS:
B = {l, c, i, e, j, f}

INITIAL STATE S₀:
OnTable(l), OnTable(c), OnTable(i),
OnTable(e), OnTable(j), OnTable(f),
Clear(l), Clear(c), Clear(i),
Clear(e), Clear(j), Clear(f),
HandEmpty

GOAL STATE S*:
On(l,c), On(c,i), On(i,e), On(e,j), On(j,f), OnTable(f)

ACTIONS (Preconditions → Add Effects | Delete Effects):

1. pick-up(x):
   Pre:  Clear(x), OnTable(x), HandEmpty
   Add:  Holding(x)
   Del:  Clear(x), OnTable(x), HandEmpty

2. put-down(x):
   Pre:  Holding(x)
   Add:  OnTable(x), Clear(x), HandEmpty
   Del:  Holding(x)

3. stack(x, y):
   Pre:  Holding(x), Clear(y)
   Add:  On(x,y), Clear(x), HandEmpty
   Del:  Holding(x), Clear(y)

4. unstack(x, y):
   Pre:  On(x,y), Clear(x), HandEmpty
   Add:  Holding(x), Clear(y)
   Del:  On(x,y), Clear(x), HandEmpty

CONSTRAINTS:
- x ≠ y for all two-argument actions
- Exactly one block can be held at a time
- Pre(aₖ) ⊆ Sₖ₋₁ must hold for each action aₖ

TASK:
Find plan π = (a₁, a₂, ..., aₙ) such that:
S₀ →(a₁) S₁ →(a₂) ... →(aₙ) Sₙ, where S* ⊆ Sₙ

OUTPUT FORMAT:
Return a numbered list of actions only.
Each action must be exactly one of:
  pick-up X
  put-down X
  stack X Y
  unstack X Y
No explanation. No extra text.","pick-up j
stack j f
pick-up e
stack e j
pick-up i
stack i e
pick-up c
stack c i
pick-up l
stack l c",planning_suite,blocksworld,medium,high,type=planbench_original | dataset=planbench | filename=instance-80.pddl | path=plan-bench/instances/blocksworld/generated/instance-80.pddl,verify_blocksworld_plan,num_blocks=6 | requires_unstacking=false | max_initial_stack_depth=1,6 blocks starting on table; no unstacking required
BW_080,W5,"""You are a robot arm. Available actions: pick-up X (X must be clear and on the table, hand must be empty), put-down X (place X on the table), stack X Y (place X on Y; Y must be clear, you must be holding X), unstack X Y (pick up X from Y; X must be clear, hand must be empty). You can hold one block at a time. Current state: Block l is on block c, block c is on block i, block i is on block e, block e is on block j, and block j is on block f. Block f is on the table. The hand is empty. Goal: Blocks l, c, i, e, j, and f are all clear and on the table. Respond with a numbered list of actions only. Each action must be exactly one of: pick-up X / put-down X / stack X Y / unstack X Y. No explanation. No extra text.""","unstack l c
put-down l
unstack c i
put-down c
unstack i e
put-down i
unstack e j
put-down e
unstack j f
put-down j",planning_suite,blocksworld,medium,high,type=planbench_original | dataset=planbench | filename=instance-80.pddl | path=plan-bench/instances/blocksworld/generated/instance-80.pddl,verify_blocksworld_plan,num_blocks=6 | requires_unstacking=false | max_initial_stack_depth=1,6 blocks starting on table; no unstacking required
BW_080,W6,"You are a robot arm. Available actions: pick-up X (X must be clear and on the table, hand must be empty), put-down X (place X on the table), stack X Y (place X on Y; Y must be clear, you must be holding X), unstack X Y (pick up X from Y; X must be clear, hand must be empty). You can hold one block at a time. Current state: Blocks a, b, c, d, e, f, and g are clear and on the table. The hand is empty. Goal: Block a is on block c, block b is on block e, block c is on block d, block d is on block f, block e is on block g, block f is on the table, block g is on block a. Respond with a numbered list of actions only. Each action must be exactly one of: pick-up X / put-down X / stack X Y / unstack X Y. No explanation. No extra text.","pick-up d
stack d f
pick-up c
stack c d
pick-up a
stack a c
pick-up g
stack g a
pick-up e
stack e g
pick-up b
stack b e",planning_suite,blocksworld,medium,high,type=planbench_original | dataset=planbench | filename=instance-80.pddl | path=plan-bench/instances/blocksworld/generated/instance-80.pddl | synthesized_w6_from_canonical,verify_blocksworld_plan,num_blocks=6 | requires_unstacking=false | max_initial_stack_depth=1,6 blocks starting on table; no unstacking required | W6 synthesized from canonical for coverage
BW_080,canonical,"""You are a robot arm. Available actions: pick-up X (X must be clear and on the table, hand must be empty), put-down X (place X on the table), stack X Y (place X on Y; Y must be clear, you must be holding X), unstack X Y (pick up X from Y; X must be clear, hand must be empty). You can hold one block at a time. Current state: Blocks l, c, i, e, j, and f are clear and on the table. The hand is empty. Goal: Block l is on block c, block c is on block i, block i is on block e, block e is on block j, and block j is on block f. Respond with a numbered list of actions only. Each action must be exactly one of: pick-up X / put-down X / stack X Y / unstack X Y. No explanation. No extra text.""","pick-up j
stack j f
pick-up e
stack e j
pick-up i
stack i e
pick-up c
stack c i
pick-up l
stack l c",planning_suite,blocksworld,medium,high,type=planbench_original | dataset=planbench | filename=instance-80.pddl | path=plan-bench/instances/blocksworld/generated/instance-80.pddl,verify_blocksworld_plan,num_blocks=6 | requires_unstacking=false | max_initial_stack_depth=1,6 blocks starting on table; no unstacking required
BW_120,W1,"""You are a robotic manipulator. Permitted operations: pick-up X (X must be unobstructed and resting on the surface, gripper must be vacant), put-down X (deposit X onto the surface), stack X Y (position X atop Y; Y must be unobstructed, you must be gripping X), unstack X Y (retrieve X from atop Y; X must be unobstructed, gripper must be vacant). You may grip one block at a time. Current configuration: Blocks c, j, g, and f are unobstructed and resting on the surface. The gripper is vacant. Objective: Block c rests atop block j, block j rests atop block g, and block g rests atop block f. Reply with a numbered sequence of operations only. Each operation must be exactly one of: pick-up X / put-down X / stack X Y / unstack X Y. No explanation. No extra text.""","pick-up g
stack g f
pick-up j
stack j g
pick-up c
stack c j",planning_suite,blocksworld,easy,high,type=planbench_original | dataset=planbench | filename=instance-120.pddl | path=plan-bench/instances/blocksworld/generated/instance-120.pddl,verify_blocksworld_plan,num_blocks=4 | requires_unstacking=false | max_initial_stack_depth=1,4 blocks starting on table; no unstacking required
BW_120,W2,"Action Reference:
| Action      | Preconditions                        | Effect            |
|-------------|--------------------------------------|-------------------|
| pick-up X   | X is on table, X is clear, hand empty| holding X         |
| put-down X  | holding X                            | X on table        |
| stack X Y   | holding X, Y is clear                | X on Y            |
| unstack X Y | X on Y, X is clear, hand empty       | holding X         |

Current State:
| Block | Location | Clear? |
|-------|----------|--------|
| c     | table    | yes    |
| j     | table    | yes    |
| g     | table    | yes    |
| f     | table    | yes    |

Goal:
| Block | Must be on top of |
|-------|-------------------|
| c     | j                 |
| j     | g                 |
| g     | f                 |

Respond with a numbered list of actions only. Each action must be exactly one of: pick-up X / put-down X / stack X Y / unstack X Y. No explanation. No extra text.","pick-up g
stack g f
pick-up j
stack j g
pick-up c
stack c j",planning_suite,blocksworld,easy,high,type=planbench_original | dataset=planbench | filename=instance-120.pddl | path=plan-bench/instances/blocksworld/generated/instance-120.pddl,verify_blocksworld_plan,num_blocks=4 | requires_unstacking=false | max_initial_stack_depth=1,4 blocks starting on table; no unstacking required
BW_120,W3,"""You are an HR manager building a reporting chain. Available actions: select X (X must have no direct reports and be unassigned, hands must be free), release X (return X to the unassigned pool), place X under Y (Y must have no one above them, you must be holding X), remove X from Y (X must have no direct reports, hands must be free). You can manage one employee at a time. Current state: Clara, Jake, Grace, and Felix are all unassigned and available. Your hands are free. Goal: Clara reports to Jake, Jake reports to Grace, and Grace reports to Felix. Respond with a numbered list of actions only. Each action must be exactly one of: select X / release X / place X under Y / remove X from Y. No explanation. No extra text.""","select Grace
place Grace under Felix
select Jake
place Jake under Grace
select Clara
place Clara under Jake",planning_suite,blocksworld,easy,high,type=planbench_original | dataset=planbench | filename=instance-120.pddl | path=plan-bench/instances/blocksworld/generated/instance-120.pddl,verify_blocksworld_plan,num_blocks=4 | requires_unstacking=false | max_initial_stack_depth=1,4 blocks starting on table; no unstacking required
BW_120,W4,"FORMAL DEFINITION:
π = ⟨B, S₀, S*, A⟩

BLOCKS:
B = {c, j, g, f}

INITIAL STATE S₀:
OnTable(c), OnTable(j), OnTable(g), OnTable(f),
Clear(c), Clear(j), Clear(g), Clear(f),
HandEmpty

GOAL STATE S*:
On(c,j), On(j,g), On(g,f), OnTable(f)

ACTIONS (Preconditions → Add Effects | Delete Effects):

1. pick-up(x):
   Pre:  Clear(x), OnTable(x), HandEmpty
   Add:  Holding(x)
   Del:  Clear(x), OnTable(x), HandEmpty

2. put-down(x):
   Pre:  Holding(x)
   Add:  OnTable(x), Clear(x), HandEmpty
   Del:  Holding(x)

3. stack(x, y):
   Pre:  Holding(x), Clear(y)
   Add:  On(x,y), Clear(x), HandEmpty
   Del:  Holding(x), Clear(y)

4. unstack(x, y):
   Pre:  On(x,y), Clear(x), HandEmpty
   Add:  Holding(x), Clear(y)
   Del:  On(x,y), Clear(x), HandEmpty

CONSTRAINTS:
- x ≠ y for all two-argument actions
- Exactly one block can be held at a time
- Pre(aₖ) ⊆ Sₖ₋₁ must hold for each action aₖ

TASK:
Find plan π = (a₁, a₂, ..., aₙ) such that:
S₀ →(a₁) S₁ →(a₂) ... →(aₙ) Sₙ, where S* ⊆ Sₙ

OUTPUT FORMAT:
Return a numbered list of actions only.
Each action must be exactly one of:
  pick-up X
  put-down X
  stack X Y
  unstack X Y
No explanation. No extra text.","pick-up g
stack g f
pick-up j
stack j g
pick-up c
stack c j",planning_suite,blocksworld,easy,high,type=planbench_original | dataset=planbench | filename=instance-120.pddl | path=plan-bench/instances/blocksworld/generated/instance-120.pddl,verify_blocksworld_plan,num_blocks=4 | requires_unstacking=false | max_initial_stack_depth=1,4 blocks starting on table; no unstacking required
BW_120,W5,"""You are a robot arm. Available actions: pick-up X (X must be clear and on the table, hand must be empty), put-down X (place X on the table), stack X Y (place X on Y; Y must be clear, you must be holding X), unstack X Y (pick up X from Y; X must be clear, hand must be empty). You can hold one block at a time. Current state: Block c is on block j, block j is on block g, and block g is on block f. Block f is on the table. The hand is empty. Goal: Blocks c, j, g, and f are all clear and on the table. Respond with a numbered list of actions only. Each action must be exactly one of: pick-up X / put-down X / stack X Y / unstack X Y. No explanation. No extra text.""","unstack c j
put-down c
unstack j g
put-down j
unstack g f
put-down g",planning_suite,blocksworld,easy,high,type=planbench_original | dataset=planbench | filename=instance-120.pddl | path=plan-bench/instances/blocksworld/generated/instance-120.pddl,verify_blocksworld_plan,num_blocks=4 | requires_unstacking=false | max_initial_stack_depth=1,4 blocks starting on table; no unstacking required
BW_120,W6,"You are a robot arm. Available actions: pick-up X (X must be clear and on the table, hand must be empty), put-down X (place X on the table), stack X Y (place X on Y; Y must be clear, you must be holding X), unstack X Y (pick up X from Y; X must be clear, hand must be empty). You can hold one block at a time. Current state: Blocks a, b, c, d, and e are clear and on the table. The hand is empty. Goal: Block a is on block c, block b is on block d, block c is on block b, block d is on block e, block e is on the table. Respond with a numbered list of actions only. Each action must be exactly one of: pick-up X / put-down X / stack X Y / unstack X Y. No explanation. No extra text.","pick-up d
stack d e
pick-up b
stack b d
pick-up c
stack c b
pick-up a
stack a c",planning_suite,blocksworld,easy,high,type=planbench_original | dataset=planbench | filename=instance-120.pddl | path=plan-bench/instances/blocksworld/generated/instance-120.pddl | synthesized_w6_from_canonical,verify_blocksworld_plan,num_blocks=4 | requires_unstacking=false | max_initial_stack_depth=1,4 blocks starting on table; no unstacking required | W6 synthesized from canonical for coverage
BW_120,canonical,"""You are a robot arm. Available actions: pick-up X (X must be clear and on the table, hand must be empty), put-down X (place X on the table), stack X Y (place X on Y; Y must be clear, you must be holding X), unstack X Y (pick up X from Y; X must be clear, hand must be empty). You can hold one block at a time. Current state: Blocks c, j, g, and f are clear and on the table. The hand is empty. Goal: Block c is on block j, block j is on block g, and block g is on block f. Respond with a numbered list of actions only. Each action must be exactly one of: pick-up X / put-down X / stack X Y / unstack X Y. No explanation. No extra text.""","pick-up g
stack g f
pick-up j
stack j g
pick-up c
stack c j",planning_suite,blocksworld,easy,high,type=planbench_original | dataset=planbench | filename=instance-120.pddl | path=plan-bench/instances/blocksworld/generated/instance-120.pddl,verify_blocksworld_plan,num_blocks=4 | requires_unstacking=false | max_initial_stack_depth=1,4 blocks starting on table; no unstacking required
BW_137,W1,"""You are a robotic manipulator. Permitted operations: pick-up X (X must be unobstructed and resting on the surface, gripper must be vacant), put-down X (deposit X onto the surface), stack X Y (position X atop Y; Y must be unobstructed, you must be gripping X), unstack X Y (retrieve X from atop Y; X must be unobstructed, gripper must be vacant). You may grip one block at a time. Current configuration: Blocks d, a, b, j, e, l, h, c, f, g, and i are unobstructed and resting on the surface. The gripper is vacant. Objective: Block d rests atop block a, block a rests atop block b, block b rests atop block j, block j rests atop block e, block e rests atop block l, block l rests atop block h, block h rests atop block c, block c rests atop block f, block f rests atop block g, and block g rests atop block i. Reply with a numbered sequence of operations only. Each operation must be exactly one of: pick-up X / put-down X / stack X Y / unstack X Y. No explanation. No extra text.""","pick-up g
stack g i
pick-up f
stack f g
pick-up c
stack c f
pick-up h
stack h c
pick-up l
stack l h
pick-up e
stack e l
pick-up j
stack j e
pick-up b
stack b j
pick-up a
stack a b
pick-up d
stack d a",planning_suite,blocksworld,hard,high,type=planbench_original | dataset=planbench | filename=instance-137.pddl | path=plan-bench/instances/blocksworld/generated/instance-137.pddl,verify_blocksworld_plan,num_blocks=11 | requires_unstacking=false | max_initial_stack_depth=1,11 blocks starting on table; no unstacking required
BW_137,W2,"Action Reference:
| Action      | Preconditions                        | Effect            |
|-------------|--------------------------------------|-------------------|
| pick-up X   | X is on table, X is clear, hand empty| holding X         |
| put-down X  | holding X                            | X on table        |
| stack X Y   | holding X, Y is clear                | X on Y            |
| unstack X Y | X on Y, X is clear, hand empty       | holding X         |

Current State:
| Block | Location | Clear? |
|-------|----------|--------|
| d     | table    | yes    |
| a     | table    | yes    |
| b     | table    | yes    |
| j     | table    | yes    |
| e     | table    | yes    |
| l     | table    | yes    |
| h     | table    | yes    |
| c     | table    | yes    |
| f     | table    | yes    |
| g     | table    | yes    |
| i     | table    | yes    |

Goal:
| Block | Must be on top of |
|-------|-------------------|
| d     | a                 |
| a     | b                 |
| b     | j                 |
| j     | e                 |
| e     | l                 |
| l     | h                 |
| h     | c                 |
| c     | f                 |
| f     | g                 |
| g     | i                 |

Respond with a numbered list of actions only. Each action must be exactly one of: pick-up X / put-down X / stack X Y / unstack X Y. No explanation. No extra text.","pick-up g
stack g i
pick-up f
stack f g
pick-up c
stack c f
pick-up h
stack h c
pick-up l
stack l h
pick-up e
stack e l
pick-up j
stack j e
pick-up b
stack b j
pick-up a
stack a b
pick-up d
stack d a",planning_suite,blocksworld,hard,high,type=planbench_original | dataset=planbench | filename=instance-137.pddl | path=plan-bench/instances/blocksworld/generated/instance-137.pddl,verify_blocksworld_plan,num_blocks=11 | requires_unstacking=false | max_initial_stack_depth=1,11 blocks starting on table; no unstacking required
BW_137,W3,"""You are an HR manager building a reporting chain. Available actions: select X (X must have no direct reports and be unassigned, hands must be free), release X (return X to the unassigned pool), place X under Y (Y must have no one above them, you must be holding X), remove X from Y (X must have no direct reports, hands must be free). You can manage one employee at a time. Current state: Dana, Aaron, Brian, Julia, Ethan, Lisa, Harry, Clara, Frank, Gloria, and Ivan are all unassigned and available. Your hands are free. Goal: Dana reports to Aaron, Aaron reports to Brian, Brian reports to Julia, Julia reports to Ethan, Ethan reports to Lisa, Lisa reports to Harry, Harry reports to Clara, Clara reports to Frank, Frank reports to Gloria, and Gloria reports to Ivan. Respond with a numbered list of actions only. Each action must be exactly one of: select X / release X / place X under Y / remove X from Y. No explanation. No extra text.""","select Gloria
place Gloria under Ivan
select Frank
place Frank under Gloria
select Clara
place Clara under Frank
select Harry
place Harry under Clara
select Lisa
place Lisa under Harry
select Ethan
place Ethan under Lisa
select Julia
place Julia under Ethan
select Brian
place Brian under Julia
select Aaron
place Aaron under Brian
select Dana
place Dana under Aaron",planning_suite,blocksworld,hard,high,type=planbench_original | dataset=planbench | filename=instance-137.pddl | path=plan-bench/instances/blocksworld/generated/instance-137.pddl,verify_blocksworld_plan,num_blocks=11 | requires_unstacking=false | max_initial_stack_depth=1,11 blocks starting on table; no unstacking required
BW_137,W4,"FORMAL DEFINITION:
π = ⟨B, S₀, S*, A⟩

BLOCKS:
B = {d, a, b, j, e, l, h, c, f, g, i}

INITIAL STATE S₀:
OnTable(d), OnTable(a), OnTable(b), OnTable(j), OnTable(e),
OnTable(l), OnTable(h), OnTable(c), OnTable(f), OnTable(g), OnTable(i),
Clear(d), Clear(a), Clear(b), Clear(j), Clear(e),
Clear(l), Clear(h), Clear(c), Clear(f), Clear(g), Clear(i),
HandEmpty

GOAL STATE S*:
On(d,a), On(a,b), On(b,j), On(j,e), On(e,l),
On(l,h), On(h,c), On(c,f), On(f,g), On(g,i), OnTable(i)

ACTIONS (Preconditions → Add Effects | Delete Effects):

1. pick-up(x):
   Pre:  Clear(x), OnTable(x), HandEmpty
   Add:  Holding(x)
   Del:  Clear(x), OnTable(x), HandEmpty

2. put-down(x):
   Pre:  Holding(x)
   Add:  OnTable(x), Clear(x), HandEmpty
   Del:  Holding(x)

3. stack(x, y):
   Pre:  Holding(x), Clear(y)
   Add:  On(x,y), Clear(x), HandEmpty
   Del:  Holding(x), Clear(y)

4. unstack(x, y):
   Pre:  On(x,y), Clear(x), HandEmpty
   Add:  Holding(x), Clear(y)
   Del:  On(x,y), Clear(x), HandEmpty

CONSTRAINTS:
- x ≠ y for all two-argument actions
- Exactly one block can be held at a time
- Pre(aₖ) ⊆ Sₖ₋₁ must hold for each action aₖ

TASK:
Find plan π = (a₁, a₂, ..., aₙ) such that:
S₀ →(a₁) S₁ →(a₂) ... →(aₙ) Sₙ, where S* ⊆ Sₙ

OUTPUT FORMAT:
Return a numbered list of actions only.
Each action must be exactly one of:
  pick-up X
  put-down X
  stack X Y
  unstack X Y
No explanation. No extra text.","pick-up g
stack g i
pick-up f
stack f g
pick-up c
stack c f
pick-up h
stack h c
pick-up l
stack l h
pick-up e
stack e l
pick-up j
stack j e
pick-up b
stack b j
pick-up a
stack a b
pick-up d
stack d a",planning_suite,blocksworld,hard,high,type=planbench_original | dataset=planbench | filename=instance-137.pddl | path=plan-bench/instances/blocksworld/generated/instance-137.pddl,verify_blocksworld_plan,num_blocks=11 | requires_unstacking=false | max_initial_stack_depth=1,11 blocks starting on table; no unstacking required
BW_137,W5,"""You are a robot arm. Available actions: pick-up X (X must be clear and on the table, hand must be empty), put-down X (place X on the table), stack X Y (place X on Y; Y must be clear, you must be holding X), unstack X Y (pick up X from Y; X must be clear, hand must be empty). You can hold one block at a time. Current state: Block d is on block a, block a is on block b, block b is on block j, block j is on block e, block e is on block l, block l is on block h, block h is on block c, block c is on block f, block f is on block g, and block g is on block i. Block i is on the table. The hand is empty. Goal: Blocks d, a, b, j, e, l, h, c, f, g, and i are all clear and on the table. Respond with a numbered list of actions only. Each action must be exactly one of: pick-up X / put-down X / stack X Y / unstack X Y. No explanation. No extra text.""","unstack d a
put-down d
unstack a b
put-down a
unstack b j
put-down b
unstack j e
put-down j
unstack e l
put-down e
unstack l h
put-down l
unstack h c
put-down h
unstack c f
put-down c
unstack f g
put-down f
unstack g i
put-down g",planning_suite,blocksworld,hard,high,type=planbench_original | dataset=planbench | filename=instance-137.pddl | path=plan-bench/instances/blocksworld/generated/instance-137.pddl,verify_blocksworld_plan,num_blocks=11 | requires_unstacking=false | max_initial_stack_depth=1,11 blocks starting on table; no unstacking required
BW_137,W6,"You are a robot arm. Available actions: pick-up X (X must be clear and on the table, hand must be empty), put-down X (place X on the table), stack X Y (place X on Y; Y must be clear, you must be holding X), unstack X Y (pick up X from Y; X must be clear, hand must be empty). You can hold one block at a time. Current state: Blocks a, b, c, d, e, f, g, h, i, j, k, and l are clear and on the table. The hand is empty. Goal: Block a is on block j, block b is on block a, block c is on block i, block d is on block e, block e is on block h, block f is on the table, block g is on block b, block h is on block l, block i is on block k, block j is on block c, block k is on block d, block l is on block f. Respond with a numbered list of actions only. Each action must be exactly one of: pick-up X / put-down X / stack X Y / unstack X Y. No explanation. No extra text.","pick-up l
stack l f
pick-up h
stack h l
pick-up e
stack e h
pick-up d
stack d e
pick-up k
stack k d
pick-up i
stack i k
pick-up c
stack c i
pick-up j
stack j c
pick-up a
stack a j
pick-up b
stack b a
pick-up g
stack g b",planning_suite,blocksworld,hard,high,type=planbench_original | dataset=planbench | filename=instance-137.pddl | path=plan-bench/instances/blocksworld/generated/instance-137.pddl | synthesized_w6_from_canonical,verify_blocksworld_plan,num_blocks=11 | requires_unstacking=false | max_initial_stack_depth=1,11 blocks starting on table; no unstacking required | W6 synthesized from canonical for coverage
BW_137,canonical,"""You are a robot arm. Available actions: pick-up X (X must be clear and on the table, hand must be empty), put-down X (place X on the table), stack X Y (place X on Y; Y must be clear, you must be holding X), unstack X Y (pick up X from Y; X must be clear, hand must be empty). You can hold one block at a time. Current state: Blocks d, a, b, j, e, l, h, c, f, g, and i are clear and on the table. The hand is empty. Goal: Block d is on block a, block a is on block b, block b is on block j, block j is on block e, block e is on block l, block l is on block h, block h is on block c, block c is on block f, block f is on block g, and block g is on block i. Respond with a numbered list of actions only. Each action must be exactly one of: pick-up X / put-down X / stack X Y / unstack X Y. No explanation. No extra text.""","pick-up g
stack g i
pick-up f
stack f g
pick-up c
stack c f
pick-up h
stack h c
pick-up l
stack l h
pick-up e
stack e l
pick-up j
stack j e
pick-up b
stack b j
pick-up a
stack a b
pick-up d
stack d a",planning_suite,blocksworld,hard,high,type=planbench_original | dataset=planbench | filename=instance-137.pddl | path=plan-bench/instances/blocksworld/generated/instance-137.pddl,verify_blocksworld_plan,num_blocks=11 | requires_unstacking=false | max_initial_stack_depth=1,11 blocks starting on table; no unstacking required
BW_155,W1,"""You are a robotic manipulator. Permitted operations: pick-up X (X must be unobstructed and resting on the surface, gripper must be vacant), put-down X (deposit X onto the surface), stack X Y (position X atop Y; Y must be unobstructed, you must be gripping X), unstack X Y (retrieve X from atop Y; X must be unobstructed, gripper must be vacant). You may grip one block at a time. Current configuration: Blocks i, f, e, j, and h are unobstructed and resting on the surface. The gripper is vacant. Objective: Block i rests atop block f, block f rests atop block e, block e rests atop block j, and block j rests atop block h. Reply with a numbered sequence of operations only. Each operation must be exactly one of: pick-up X / put-down X / stack X Y / unstack X Y. No explanation. No extra text.""","pick-up j
stack j h
pick-up e
stack e j
pick-up f
stack f e
pick-up i
stack i f",planning_suite,blocksworld,easy,high,type=planbench_original | dataset=planbench | filename=instance-155.pddl | path=plan-bench/instances/blocksworld/generated/instance-155.pddl,verify_blocksworld_plan,num_blocks=5 | requires_unstacking=false | max_initial_stack_depth=1,5 blocks starting on table; no unstacking required
BW_155,W2,"Action Reference:
| Action      | Preconditions                        | Effect            |
|-------------|--------------------------------------|-------------------|
| pick-up X   | X is on table, X is clear, hand empty| holding X         |
| put-down X  | holding X                            | X on table        |
| stack X Y   | holding X, Y is clear                | X on Y            |
| unstack X Y | X on Y, X is clear, hand empty       | holding X         |

Current State:
| Block | Location | Clear? |
|-------|----------|--------|
| i     | table    | yes    |
| f     | table    | yes    |
| e     | table    | yes    |
| j     | table    | yes    |
| h     | table    | yes    |

Goal:
| Block | Must be on top of |
|-------|-------------------|
| i     | f                 |
| f     | e                 |
| e     | j                 |
| j     | h                 |

Respond with a numbered list of actions only. Each action must be exactly one of: pick-up X / put-down X / stack X Y / unstack X Y. No explanation. No extra text.","pick-up j
stack j h
pick-up e
stack e j
pick-up f
stack f e
pick-up i
stack i f",planning_suite,blocksworld,easy,high,type=planbench_original | dataset=planbench | filename=instance-155.pddl | path=plan-bench/instances/blocksworld/generated/instance-155.pddl,verify_blocksworld_plan,num_blocks=5 | requires_unstacking=false | max_initial_stack_depth=1,5 blocks starting on table; no unstacking required
BW_155,W3,"""You are an HR manager building a reporting chain. Available actions: select X (X must be unassigned and available, hands must be free), release X (return X to the unassigned pool), place X under Y (Y must be available, you must be holding X), remove X from Y (X must have no direct reports, hands must be free). You can manage one employee at a time. Current state: Ivan, Frank, Eve, Jake, and Henry are all unassigned and available. Your hands are free. Goal: Ivan reports to Frank, Frank reports to Eve, Eve reports to Jake, and Jake reports to Henry. Respond with a numbered list of actions only. Each action must be exactly one of: select X / release X / place X under Y / remove X from Y. No explanation. No extra text.""","select Jake
place Jake under Henry
select Eve
place Eve under Jake
select Frank
place Frank under Eve
select Ivan
place Ivan under Frank",planning_suite,blocksworld,easy,high,type=planbench_original | dataset=planbench | filename=instance-155.pddl | path=plan-bench/instances/blocksworld/generated/instance-155.pddl,verify_blocksworld_plan,num_blocks=5 | requires_unstacking=false | max_initial_stack_depth=1,5 blocks starting on table; no unstacking required
BW_155,W4,"FORMAL DEFINITION:
π = ⟨B, S₀, S*, A⟩

BLOCKS:
B = {i, f, e, j, h}

INITIAL STATE S₀:
OnTable(i), OnTable(f), OnTable(e), OnTable(j), OnTable(h),
Clear(i), Clear(f), Clear(e), Clear(j), Clear(h),
HandEmpty

GOAL STATE S*:
On(i,f), On(f,e), On(e,j), On(j,h), OnTable(h)

ACTIONS (Preconditions → Add Effects | Delete Effects):

1. pick-up(x):
   Pre:  Clear(x), OnTable(x), HandEmpty
   Add:  Holding(x)
   Del:  Clear(x), OnTable(x), HandEmpty

2. put-down(x):
   Pre:  Holding(x)
   Add:  OnTable(x), Clear(x), HandEmpty
   Del:  Holding(x)

3. stack(x, y):
   Pre:  Holding(x), Clear(y)
   Add:  On(x,y), Clear(x), HandEmpty
   Del:  Holding(x), Clear(y)

4. unstack(x, y):
   Pre:  On(x,y), Clear(x), HandEmpty
   Add:  Holding(x), Clear(y)
   Del:  On(x,y), Clear(x), HandEmpty

CONSTRAINTS:
- x ≠ y for all two-argument actions
- Exactly one block can be held at a time
- Pre(aₖ) ⊆ Sₖ₋₁ must hold for each action aₖ

TASK:
Find plan π = (a₁, a₂, ..., aₙ) such that:
S₀ →(a₁) S₁ →(a₂) ... →(aₙ) Sₙ, where S* ⊆ Sₙ

OUTPUT FORMAT:
Return a numbered list of actions only.
Each action must be exactly one of:
  pick-up X
  put-down X
  stack X Y
  unstack X Y
No explanation. No extra text.","pick-up j
stack j h
pick-up e
stack e j
pick-up f
stack f e
pick-up i
stack i f",planning_suite,blocksworld,easy,high,type=planbench_original | dataset=planbench | filename=instance-155.pddl | path=plan-bench/instances/blocksworld/generated/instance-155.pddl,verify_blocksworld_plan,num_blocks=5 | requires_unstacking=false | max_initial_stack_depth=1,5 blocks starting on table; no unstacking required
BW_155,W5,"""You are a robot arm. Available actions: pick-up X (X must be clear and on the table, hand must be empty), put-down X (place X on the table), stack X Y (place X on Y; Y must be clear, you must be holding X), unstack X Y (pick up X from Y; X must be clear, hand must be empty). You can hold one block at a time. Current state: Block i is on block f, block f is on block e, block e is on block j, and block j is on block h. Block h is on the table. The hand is empty. Goal: Blocks i, f, e, j, and h are all clear and on the table. Respond with a numbered list of actions only. Each action must be exactly one of: pick-up X / put-down X / stack X Y / unstack X Y. No explanation. No extra text.""","unstack i f
put-down i
unstack f e
put-down f
unstack e j
put-down e
unstack j h
put-down j",planning_suite,blocksworld,easy,high,type=planbench_original | dataset=planbench | filename=instance-155.pddl | path=plan-bench/instances/blocksworld/generated/instance-155.pddl,verify_blocksworld_plan,num_blocks=5 | requires_unstacking=false | max_initial_stack_depth=1,5 blocks starting on table; no unstacking required
BW_155,W6,"You are a robot arm. Available actions: pick-up X (X must be clear and on the table, hand must be empty), put-down X (place X on the table), stack X Y (place X on Y; Y must be clear, you must be holding X), unstack X Y (pick up X from Y; X must be clear, hand must be empty). You can hold one block at a time. Current state: Blocks a, b, c, d, e, and f are clear and on the table. The hand is empty. Goal: Block a is on block b, block b is on block e, block c is on the table, block d is on block f, block e is on block d, block f is on block c. Respond with a numbered list of actions only. Each action must be exactly one of: pick-up X / put-down X / stack X Y / unstack X Y. No explanation. No extra text.","pick-up f
stack f c
pick-up d
stack d f
pick-up e
stack e d
pick-up b
stack b e
pick-up a
stack a b",planning_suite,blocksworld,easy,high,type=planbench_original | dataset=planbench | filename=instance-155.pddl | path=plan-bench/instances/blocksworld/generated/instance-155.pddl | synthesized_w6_from_canonical,verify_blocksworld_plan,num_blocks=5 | requires_unstacking=false | max_initial_stack_depth=1,5 blocks starting on table; no unstacking required | W6 synthesized from canonical for coverage
BW_155,canonical,"""You are a robot arm. Available actions: pick-up X (X must be clear and on the table, hand must be empty), put-down X (place X on the table), stack X Y (place X on Y; Y must be clear, you must be holding X), unstack X Y (pick up X from Y; X must be clear, hand must be empty). You can hold one block at a time. Current state: Blocks i, f, e, j, and h are clear and on the table. The hand is empty. Goal: Block i is on block f, block f is on block e, block e is on block j, and block j is on block h. Respond with a numbered list of actions only. Each action must be exactly one of: pick-up X / put-down X / stack X Y / unstack X Y. No explanation. No extra text.""","pick-up j
stack j h
pick-up e
stack e j
pick-up f
stack f e
pick-up i
stack i f",planning_suite,blocksworld,easy,high,type=planbench_original | dataset=planbench | filename=instance-155.pddl | path=plan-bench/instances/blocksworld/generated/instance-155.pddl,verify_blocksworld_plan,num_blocks=5 | requires_unstacking=false | max_initial_stack_depth=1,5 blocks starting on table; no unstacking required
BW_172,W1,"""You are a robotic manipulator. Permitted operations: pick-up X (X must be unobstructed and resting on the surface, gripper must be vacant), put-down X (deposit X onto the surface), stack X Y (position X atop Y; Y must be unobstructed, you must be gripping X), unstack X Y (retrieve X from atop Y; X must be unobstructed, gripper must be vacant). You may grip one block at a time. Current configuration: Blocks i, l, g, e, d, b, a, j, h, f, and k are unobstructed and resting on the surface. The gripper is vacant. Objective: Block i rests atop block l, block l rests atop block g, block g rests atop block e, block e rests atop block d, block d rests atop block b, block b rests atop block a, block a rests atop block j, block j rests atop block h, block h rests atop block f, and block f rests atop block k. Reply with a numbered sequence of operations only. Each operation must be exactly one of: pick-up X / put-down X / stack X Y / unstack X Y. No explanation. No extra text.""","pick-up f
stack f k
pick-up h
stack h f
pick-up j
stack j h
pick-up a
stack a j
pick-up b
stack b a
pick-up d
stack d b
pick-up e
stack e d
pick-up g
stack g e
pick-up l
stack l g
pick-up i
stack i l",planning_suite,blocksworld,hard,high,type=planbench_original | dataset=planbench | filename=instance-172.pddl | path=plan-bench/instances/blocksworld/generated/instance-172.pddl,verify_blocksworld_plan,num_blocks=11 | requires_unstacking=false | max_initial_stack_depth=1,11 blocks starting on table; no unstacking required
BW_172,W2,"Action Reference:
| Action      | Preconditions                        | Effect            |
|-------------|--------------------------------------|-------------------|
| pick-up X   | X is on table, X is clear, hand empty| holding X         |
| put-down X  | holding X                            | X on table        |
| stack X Y   | holding X, Y is clear                | X on Y            |
| unstack X Y | X on Y, X is clear, hand empty       | holding X         |

Current State:
| Block | Location | Clear? |
|-------|----------|--------|
| i     | table    | yes    |
| l     | table    | yes    |
| g     | table    | yes    |
| e     | table    | yes    |
| d     | table    | yes    |
| b     | table    | yes    |
| a     | table    | yes    |
| j     | table    | yes    |
| h     | table    | yes    |
| f     | table    | yes    |
| k     | table    | yes    |

Goal:
| Block | Must be on top of |
|-------|-------------------|
| i     | l                 |
| l     | g                 |
| g     | e                 |
| e     | d                 |
| d     | b                 |
| b     | a                 |
| a     | j                 |
| j     | h                 |
| h     | f                 |
| f     | k                 |

Respond with a numbered list of actions only. Each action must be exactly one of: pick-up X / put-down X / stack X Y / unstack X Y. No explanation. No extra text.","pick-up f
stack f k
pick-up h
stack h f
pick-up j
stack j h
pick-up a
stack a j
pick-up b
stack b a
pick-up d
stack d b
pick-up e
stack e d
pick-up g
stack g e
pick-up l
stack l g
pick-up i
stack i l",planning_suite,blocksworld,hard,high,type=planbench_original | dataset=planbench | filename=instance-172.pddl | path=plan-bench/instances/blocksworld/generated/instance-172.pddl,verify_blocksworld_plan,num_blocks=11 | requires_unstacking=false | max_initial_stack_depth=1,11 blocks starting on table; no unstacking required
BW_172,W3,"""You are an HR manager building a reporting chain. Available actions: select X (X must have no direct reports and be unassigned, hands must be free), release X (return X to the unassigned pool), place X under Y (Y must have no one above them, you must be holding X), remove X from Y (X must have no direct reports, hands must be free). You can manage one employee at a time. Current state: Ivan, Laura, Gary, Ethan, Dana, Ben, Amy, Jake, Helen, Felix, and Karen are all unassigned and available. Your hands are free. Goal: Ivan reports to Laura, Laura reports to Gary, Gary reports to Ethan, Ethan reports to Dana, Dana reports to Ben, Ben reports to Amy, Amy reports to Jake, Jake reports to Helen, Helen reports to Felix, and Felix reports to Karen. Respond with a numbered list of actions only. Each action must be exactly one of: select X / release X / place X under Y / remove X from Y. No explanation. No extra text.""","select Felix
place Felix under Karen
select Helen
place Helen under Felix
select Jake
place Jake under Helen
select Amy
place Amy under Jake
select Ben
place Ben under Amy
select Dana
place Dana under Ben
select Ethan
place Ethan under Dana
select Gary
place Gary under Ethan
select Laura
place Laura under Gary
select Ivan
place Ivan under Laura",planning_suite,blocksworld,hard,high,type=planbench_original | dataset=planbench | filename=instance-172.pddl | path=plan-bench/instances/blocksworld/generated/instance-172.pddl,verify_blocksworld_plan,num_blocks=11 | requires_unstacking=false | max_initial_stack_depth=1,11 blocks starting on table; no unstacking required
BW_172,W4,"FORMAL DEFINITION:
π = ⟨B, S₀, S*, A⟩

BLOCKS:
B = {i, l, g, e, d, b, a, j, h, f, k}

INITIAL STATE S₀:
OnTable(i), OnTable(l), OnTable(g), OnTable(e), OnTable(d),
OnTable(b), OnTable(a), OnTable(j), OnTable(h), OnTable(f), OnTable(k),
Clear(i), Clear(l), Clear(g), Clear(e), Clear(d),
Clear(b), Clear(a), Clear(j), Clear(h), Clear(f), Clear(k),
HandEmpty

GOAL STATE S*:
On(i,l), On(l,g), On(g,e), On(e,d), On(d,b),
On(b,a), On(a,j), On(j,h), On(h,f), On(f,k), OnTable(k)

ACTIONS (Preconditions → Add Effects | Delete Effects):

1. pick-up(x):
   Pre:  Clear(x), OnTable(x), HandEmpty
   Add:  Holding(x)
   Del:  Clear(x), OnTable(x), HandEmpty

2. put-down(x):
   Pre:  Holding(x)
   Add:  OnTable(x), Clear(x), HandEmpty
   Del:  Holding(x)

3. stack(x, y):
   Pre:  Holding(x), Clear(y)
   Add:  On(x,y), Clear(x), HandEmpty
   Del:  Holding(x), Clear(y)

4. unstack(x, y):
   Pre:  On(x,y), Clear(x), HandEmpty
   Add:  Holding(x), Clear(y)
   Del:  On(x,y), Clear(x), HandEmpty

CONSTRAINTS:
- x ≠ y for all two-argument actions
- Exactly one block can be held at a time
- Pre(aₖ) ⊆ Sₖ₋₁ must hold for each action aₖ

TASK:
Find plan π = (a₁, a₂, ..., aₙ) such that:
S₀ →(a₁) S₁ →(a₂) ... →(aₙ) Sₙ, where S* ⊆ Sₙ

OUTPUT FORMAT:
Return a numbered list of actions only.
Each action must be exactly one of:
  pick-up X
  put-down X
  stack X Y
  unstack X Y
No explanation. No extra text.","pick-up f
stack f k
pick-up h
stack h f
pick-up j
stack j h
pick-up a
stack a j
pick-up b
stack b a
pick-up d
stack d b
pick-up e
stack e d
pick-up g
stack g e
pick-up l
stack l g
pick-up i
stack i l",planning_suite,blocksworld,hard,high,type=planbench_original | dataset=planbench | filename=instance-172.pddl | path=plan-bench/instances/blocksworld/generated/instance-172.pddl,verify_blocksworld_plan,num_blocks=11 | requires_unstacking=false | max_initial_stack_depth=1,11 blocks starting on table; no unstacking required
BW_172,W5,"""You are a robot arm. Available actions: pick-up X (X must be clear and on the table, hand must be empty), put-down X (place X on the table), stack X Y (place X on Y; Y must be clear, you must be holding X), unstack X Y (pick up X from Y; X must be clear, hand must be empty). You can hold one block at a time. Current state: Block i is on block l, block l is on block g, block g is on block e, block e is on block d, block d is on block b, block b is on block a, block a is on block j, block j is on block h, block h is on block f, and block f is on block k. Block k is on the table. The hand is empty. Goal: Blocks i, l, g, e, d, b, a, j, h, f, and k are all clear and on the table. Respond with a numbered list of actions only. Each action must be exactly one of: pick-up X / put-down X / stack X Y / unstack X Y. No explanation. No extra text.""","unstack i l
put-down i
unstack l g
put-down l
unstack g e
put-down g
unstack e d
put-down e
unstack d b
put-down d
unstack b a
put-down b
unstack a j
put-down a
unstack j h
put-down j
unstack h f
put-down h
unstack f k
put-down f",planning_suite,blocksworld,hard,high,type=planbench_original | dataset=planbench | filename=instance-172.pddl | path=plan-bench/instances/blocksworld/generated/instance-172.pddl,verify_blocksworld_plan,num_blocks=11 | requires_unstacking=false | max_initial_stack_depth=1,11 blocks starting on table; no unstacking required
BW_172,W6,"You are a robot arm. Available actions: pick-up X (X must be clear and on the table, hand must be empty), put-down X (place X on the table), stack X Y (place X on Y; Y must be clear, you must be holding X), unstack X Y (pick up X from Y; X must be clear, hand must be empty). You can hold one block at a time. Current state: Blocks a, b, c, d, e, f, g, h, i, j, k, and l are clear and on the table. The hand is empty. Goal: Block a is on block k, block b is on block l, block c is on block i, block d is on block c, block e is on block f, block f is on block d, block g is on block b, block h is on block j, block i is on block h, block j is on block g, block k is on the table, block l is on block a. Respond with a numbered list of actions only. Each action must be exactly one of: pick-up X / put-down X / stack X Y / unstack X Y. No explanation. No extra text.","pick-up a
stack a k
pick-up l
stack l a
pick-up b
stack b l
pick-up g
stack g b
pick-up j
stack j g
pick-up h
stack h j
pick-up i
stack i h
pick-up c
stack c i
pick-up d
stack d c
pick-up f
stack f d
pick-up e
stack e f",planning_suite,blocksworld,hard,high,type=planbench_original | dataset=planbench | filename=instance-172.pddl | path=plan-bench/instances/blocksworld/generated/instance-172.pddl | synthesized_w6_from_canonical,verify_blocksworld_plan,num_blocks=11 | requires_unstacking=false | max_initial_stack_depth=1,11 blocks starting on table; no unstacking required | W6 synthesized from canonical for coverage
BW_172,canonical,"""You are a robot arm. Available actions: pick-up X (X must be clear and on the table, hand must be empty), put-down X (place X on the table), stack X Y (place X on Y; Y must be clear, you must be holding X), unstack X Y (pick up X from Y; X must be clear, hand must be empty). You can hold one block at a time. Current state: Blocks i, l, g, e, d, b, a, j, h, f, and k are clear and on the table. The hand is empty. Goal: Block i is on block l, block l is on block g, block g is on block e, block e is on block d, block d is on block b, block b is on block a, block a is on block j, block j is on block h, block h is on block f, and block f is on block k. Respond with a numbered list of actions only. Each action must be exactly one of: pick-up X / put-down X / stack X Y / unstack X Y. No explanation. No extra text.""","pick-up f
stack f k
pick-up h
stack h f
pick-up j
stack j h
pick-up a
stack a j
pick-up b
stack b a
pick-up d
stack d b
pick-up e
stack e d
pick-up g
stack g e
pick-up l
stack l g
pick-up i
stack i l",planning_suite,blocksworld,hard,high,type=planbench_original | dataset=planbench | filename=instance-172.pddl | path=plan-bench/instances/blocksworld/generated/instance-172.pddl,verify_blocksworld_plan,num_blocks=11 | requires_unstacking=false | max_initial_stack_depth=1,11 blocks starting on table; no unstacking required
BW_203,W1,"You are a robotic manipulator. Permitted operations: pick-up X (X must be unobstructed and resting on the surface, gripper must be vacant), put-down X (deposit X onto the surface), stack X Y (position X atop Y; Y must be unobstructed, you must be gripping X), unstack X Y (retrieve X from atop Y; X must be unobstructed, gripper must be vacant). You may grip one block at a time. Current configuration: Blocks k, f, j, and h are unobstructed and resting on the surface. The gripper is vacant. Objective: Block k rests atop block f, block f rests atop block j, and block j rests atop block h. Reply with a numbered sequence of operations only. Each operation must be exactly one of: pick-up X / put-down X / stack X Y / unstack X Y. No explanation. No extra text.","pick-up j
 stack j h
 pick-up f
 stack f j
 pick-up k
 stack k f",planning_suite,blocksworld,easy,high,plan-bench/instances/blocksworld/generated/instance-203.pddl,verify_blocksworld_plan,,
BW_203,W2,"Action Reference:
 | Action | Preconditions | Effect |
 |--------|---------------|--------|
 | pick-up X | X is on table, X is clear, hand empty | holding X |
 | put-down X | holding X | X on table |
 | stack X Y | holding X, Y is clear | X on Y |
 | unstack X Y | X on Y, X is clear, hand empty | holding X |
 
 Current State:
 | Block | Location | Clear? |
 |-------|----------|--------|
 | k | table | yes |
 | f | table | yes |
 | j | table | yes |
 | h | table | yes |
 
 Goal:
 | Block | Must be on top of |
 |-------|-------------------|
 | k | f |
 | f | j |
 | j | h |
 
 Respond with a numbered list of actions only. Each action must be exactly one of: pick-up X / put-down X / stack X Y / unstack X Y. No explanation. No extra text.","pick-up j
 stack j h
 pick-up f
 stack f j
 pick-up k
 stack k f",planning_suite,blocksworld,easy,high,plan-bench/instances/blocksworld/generated/instance-203.pddl,verify_blocksworld_plan,,
BW_203,W3,"You are an HR manager building a reporting chain. Available actions: select X (X must be unassigned and available, hands must be free), release X (return X to the unassigned pool), place X under Y (Y must be available, you must be holding X), remove X from Y (X must have no direct reports, hands must be free). You can manage one employee at a time. Current state: Kevin, Frank, Jake, and Henry are all unassigned and available. Your hands are free. Goal: Kevin reports to Frank, Frank reports to Jake, Jake reports to Henry. Respond with a numbered list of actions only. Each action must be exactly one of: select X / release X / place X under Y / remove X from Y. No explanation. No extra text.","select Jake
place Jake under Henry
select Frank
place Frank under Jake
select Kevin
place Kevin under Frank",planning_suite,blocksworld,easy,high,plan-bench/instances/blocksworld/generated/instance-203.pddl,verify_blocksworld_plan,,
BW_203,W4,"FORMAL DEFINITION:
 π = ⟨B, S₀, S*, A⟩
 
 BLOCKS:
 B = {k, f, j, h}
 
 INITIAL STATE S₀:
 OnTable(k), OnTable(f), OnTable(j), OnTable(h),
 Clear(k), Clear(f), Clear(j), Clear(h),
 HandEmpty
 
 GOAL STATE S*:
 On(k,f), On(f,j), On(j,h)
 
 ACTIONS (Preconditions → Add Effects | Delete Effects):
 
 1. pick-up(x):
  Pre: Clear(x), OnTable(x), HandEmpty
  Add: Holding(x)
  Del: Clear(x), OnTable(x), HandEmpty
 
 2. put-down(x):
  Pre: Holding(x)
  Add: OnTable(x), Clear(x), HandEmpty
  Del: Holding(x)
 
 3. stack(x, y):
  Pre: Holding(x), Clear(y)
  Add: On(x,y), Clear(x), HandEmpty
  Del: Holding(x), Clear(y)
 
 4. unstack(x, y):
  Pre: On(x,y), Clear(x), HandEmpty
  Add: Holding(x), Clear(y)
  Del: On(x,y), Clear(x), HandEmpty
 
 CONSTRAINTS:
 - x ≠ y for all two-argument actions
 - Exactly one block can be held at a time
 - Pre(aₖ) ⊆ Sₖ₋₁ must hold for each action aₖ
 
 TASK:
 Find plan π = (a₁, a₂, ..., aₙ) such that:
 S₀ →(a₁) S₁ →(a₂) ... →(aₙ) Sₙ, where S* ⊆ Sₙ
 
 OUTPUT FORMAT:
 Return a numbered list of actions only.
 Each action must be exactly one of:
  pick-up X
  put-down X
  stack X Y
  unstack X Y
 No explanation. No extra text.","pick-up j
 stack j h
 pick-up f
 stack f j
 pick-up k
 stack k f",planning_suite,blocksworld,easy,high,plan-bench/instances/blocksworld/generated/instance-203.pddl,verify_blocksworld_plan,,
BW_203,W5,"You are a robot arm. Available actions: pick-up X (X must be clear and on the table, hand must be empty), put-down X (place X on the table), stack X Y (place X on Y; Y must be clear, you must be holding X), unstack X Y (pick up X from Y; X must be clear, hand must be empty). You can hold one block at a time. Current state: Block k is on block f, block f is on block j, block j is on block h. Block h is on the table. The hand is empty. Goal: Blocks k, f, j, and h are all clear and on the table. Respond with a numbered list of actions only. Each action must be exactly one of: pick-up X / put-down X / stack X Y / unstack X Y. No explanation. No extra text.","unstack k f
put-down k
unstack f j
put-down f
unstack j h
put-down j",planning_suite,blocksworld,easy,high,plan-bench/instances/blocksworld/generated/instance-203.pddl,verify_blocksworld_plan,,
BW_203,W6,"You are a robot arm. Available actions: pick-up X (X must be clear and on the table, hand must be empty), put-down X (place X on the table), stack X Y (place X on Y; Y must be clear, you must be holding X), unstack X Y (pick up X from Y; X must be clear, hand must be empty). You can hold one block c b time. Current state: Blocks i, d, g, and e are clear and on the table. The hand is empty. Goal: Block i is on block d, block d is on block g, and block g is on block e. Respond with a numbered list of actions only. Each action must be exactly one of: pick-up X / put-down X / stack X Y / unstack X Y. No explanation. No extra text.","pick-up g
 stack g e
 pick-up d
 stack d g
 pick-up i
 stack i d",planning_suite,blocksworld,easy,high,plan-bench/instances/blocksworld/generated/instance-203.pddl | variant=w6_rename,verify_blocksworld_plan,,
BW_203,canonical,"You are a robot arm. Available actions: pick-up X (X must be clear and on the table, hand must be empty), put-down X (place X on the table), stack X Y (place X on Y; Y must be clear, you must be holding X), unstack X Y (pick up X from Y; X must be clear, hand must be empty). You can hold one block at a time. Current state: Blocks k, f, j, and h are clear and on the table. The hand is empty. Goal: Block k is on block f, block f is on block j, and block j is on block h. Respond with a numbered list of actions only. Each action must be exactly one of: pick-up X / put-down X / stack X Y / unstack X Y. No explanation. No extra text.","pick-up j
 stack j h
 pick-up f
 stack f j
 pick-up k
 stack k f",planning_suite,blocksworld,easy,high,plan-bench/instances/blocksworld/generated/instance-203.pddl,verify_blocksworld_plan,,
BW_227,W1,"""You are a robotic manipulator. Permitted operations: pick-up X (X must be unobstructed and resting on the surface, gripper must be vacant), put-down X (deposit X onto the surface), stack X Y (position X atop Y; Y must be unobstructed, you must be gripping X), unstack X Y (retrieve X from atop Y; X must be unobstructed, gripper must be vacant). You may grip one block at a time. Current configuration: Blocks f, l, g, d, i, j, c, k, and a are unobstructed and resting on the surface. The gripper is vacant. Objective: Block f rests atop block l, block l rests atop block g, block g rests atop block d, block d rests atop block i, block i rests atop block j, block j rests atop block c, block c rests atop block k, and block k rests atop block a. Reply with a numbered sequence of operations only. Each operation must be exactly one of: pick-up X / put-down X / stack X Y / unstack X Y. No explanation. No extra text.""","pick-up k
stack k a
pick-up c
stack c k
pick-up j
stack j c
pick-up i
stack i j
pick-up d
stack d i
pick-up g
stack g d
pick-up l
stack l g
pick-up f
stack f l",planning_suite,blocksworld,hard,high,type=planbench_original | dataset=planbench | filename=instance-227.pddl | path=plan-bench/instances/blocksworld/generated/instance-227.pddl,verify_blocksworld_plan,num_blocks=9 | requires_unstacking=false | max_initial_stack_depth=1,9 blocks starting on table; no unstacking required
BW_227,W2,"Action Reference:
| Action      | Preconditions                        | Effect            |
|-------------|--------------------------------------|-------------------|
| pick-up X   | X is on table, X is clear, hand empty| holding X         |
| put-down X  | holding X                            | X on table        |
| stack X Y   | holding X, Y is clear                | X on Y            |
| unstack X Y | X on Y, X is clear, hand empty       | holding X         |

Current State:
| Block | Location | Clear? |
|-------|----------|--------|
| f     | table    | yes    |
| l     | table    | yes    |
| g     | table    | yes    |
| d     | table    | yes    |
| i     | table    | yes    |
| j     | table    | yes    |
| c     | table    | yes    |
| k     | table    | yes    |
| a     | table    | yes    |

Goal:
| Block | Must be on top of |
|-------|-------------------|
| f     | l                 |
| l     | g                 |
| g     | d                 |
| d     | i                 |
| i     | j                 |
| j     | c                 |
| c     | k                 |
| k     | a                 |

Respond with a numbered list of actions only. Each action must be exactly one of: pick-up X / put-down X / stack X Y / unstack X Y. No explanation. No extra text.","pick-up k
stack k a
pick-up c
stack c k
pick-up j
stack j c
pick-up i
stack i j
pick-up d
stack d i
pick-up g
stack g d
pick-up l
stack l g
pick-up f
stack f l",planning_suite,blocksworld,hard,high,type=planbench_original | dataset=planbench | filename=instance-227.pddl | path=plan-bench/instances/blocksworld/generated/instance-227.pddl,verify_blocksworld_plan,num_blocks=9 | requires_unstacking=false | max_initial_stack_depth=1,9 blocks starting on table; no unstacking required
BW_227,W3,"""You are an HR manager building a reporting chain. Available actions: select X (X must have no direct reports and be unassigned, hands must be free), release X (return X to the unassigned pool), place X under Y (Y must have no one above them, you must be holding X), remove X from Y (X must have no direct reports, hands must be free). You can manage one employee at a time. Current state: Felix, Laura, George, Derek, Ian, Jack, Clara, Kevin, and Amy are all unassigned and available. Your hands are free. Goal: Felix reports to Laura, Laura reports to George, George reports to Derek, Derek reports to Ian, Ian reports to Jack, Jack reports to Clara, Clara reports to Kevin, and Kevin reports to Amy. Respond with a numbered list of actions only. Each action must be exactly one of: select X / release X / place X under Y / remove X from Y. No explanation. No extra text.""","select Kevin
place Kevin under Amy
select Clara
place Clara under Kevin
select Jack
place Jack under Clara
select Ian
place Ian under Jack
select Derek
place Derek under Ian
select George
place George under Derek
select Laura
place Laura under George
select Felix
place Felix under Laura",planning_suite,blocksworld,hard,high,type=planbench_original | dataset=planbench | filename=instance-227.pddl | path=plan-bench/instances/blocksworld/generated/instance-227.pddl,verify_blocksworld_plan,num_blocks=9 | requires_unstacking=false | max_initial_stack_depth=1,9 blocks starting on table; no unstacking required
BW_227,W4,"FORMAL DEFINITION:
π = ⟨B, S₀, S*, A⟩

BLOCKS:
B = {f, l, g, d, i, j, c, k, a}

INITIAL STATE S₀:
OnTable(f), OnTable(l), OnTable(g), OnTable(d), OnTable(i),
OnTable(j), OnTable(c), OnTable(k), OnTable(a),
Clear(f), Clear(l), Clear(g), Clear(d), Clear(i),
Clear(j), Clear(c), Clear(k), Clear(a),
HandEmpty

GOAL STATE S*:
On(f,l), On(l,g), On(g,d), On(d,i), On(i,j),
On(j,c), On(c,k), On(k,a), OnTable(a)

ACTIONS (Preconditions → Add Effects | Delete Effects):

1. pick-up(x):
   Pre:  Clear(x), OnTable(x), HandEmpty
   Add:  Holding(x)
   Del:  Clear(x), OnTable(x), HandEmpty

2. put-down(x):
   Pre:  Holding(x)
   Add:  OnTable(x), Clear(x), HandEmpty
   Del:  Holding(x)

3. stack(x, y):
   Pre:  Holding(x), Clear(y)
   Add:  On(x,y), Clear(x), HandEmpty
   Del:  Holding(x), Clear(y)

4. unstack(x, y):
   Pre:  On(x,y), Clear(x), HandEmpty
   Add:  Holding(x), Clear(y)
   Del:  On(x,y), Clear(x), HandEmpty

CONSTRAINTS:
- x ≠ y for all two-argument actions
- Exactly one block can be held at a time
- Pre(aₖ) ⊆ Sₖ₋₁ must hold for each action aₖ

TASK:
Find plan π = (a₁, a₂, ..., aₙ) such that:
S₀ →(a₁) S₁ →(a₂) ... →(aₙ) Sₙ, where S* ⊆ Sₙ

OUTPUT FORMAT:
Return a numbered list of actions only.
Each action must be exactly one of:
  pick-up X
  put-down X
  stack X Y
  unstack X Y
No explanation. No extra text.","pick-up k
stack k a
pick-up c
stack c k
pick-up j
stack j c
pick-up i
stack i j
pick-up d
stack d i
pick-up g
stack g d
pick-up l
stack l g
pick-up f
stack f l",planning_suite,blocksworld,hard,high,type=planbench_original | dataset=planbench | filename=instance-227.pddl | path=plan-bench/instances/blocksworld/generated/instance-227.pddl,verify_blocksworld_plan,num_blocks=9 | requires_unstacking=false | max_initial_stack_depth=1,9 blocks starting on table; no unstacking required
BW_227,W5,"""You are a robot arm. Available actions: pick-up X (X must be clear and on the table, hand must be empty), put-down X (place X on the table), stack X Y (place X on Y; Y must be clear, you must be holding X), unstack X Y (pick up X from Y; X must be clear, hand must be empty). You can hold one block at a time. Current state: Block f is on block l, block l is on block g, block g is on block d, block d is on block i, block i is on block j, block j is on block c, block c is on block k, and block k is on block a. Block a is on the table. The hand is empty. Goal: Blocks f, l, g, d, i, j, c, k, and a are all clear and on the table. Respond with a numbered list of actions only. Each action must be exactly one of: pick-up X / put-down X / stack X Y / unstack X Y. No explanation. No extra text.""","unstack f l
put-down f
unstack l g
put-down l
unstack g d
put-down g
unstack d i
put-down d
unstack i j
put-down i
unstack j c
put-down j
unstack c k
put-down c
unstack k a
put-down k",planning_suite,blocksworld,hard,high,type=planbench_original | dataset=planbench | filename=instance-227.pddl | path=plan-bench/instances/blocksworld/generated/instance-227.pddl,verify_blocksworld_plan,num_blocks=9 | requires_unstacking=false | max_initial_stack_depth=1,9 blocks starting on table; no unstacking required
BW_227,W6,"You are a robot arm. Available actions: pick-up X (X must be clear and on the table, hand must be empty), put-down X (place X on the table), stack X Y (place X on Y; Y must be clear, you must be holding X), unstack X Y (pick up X from Y; X must be clear, hand must be empty). You can hold one block at a time. Current state: Blocks a, b, c, d, e, f, g, h, i, and j are clear and on the table. The hand is empty. Goal: Block a is on block j, block b is on block i, block c is on block h, block d is on block a, block e is on block g, block f is on the table, block g is on block c, block h is on block b, block i is on block d, block j is on block f. Respond with a numbered list of actions only. Each action must be exactly one of: pick-up X / put-down X / stack X Y / unstack X Y. No explanation. No extra text.","pick-up j
stack j f
pick-up a
stack a j
pick-up d
stack d a
pick-up i
stack i d
pick-up b
stack b i
pick-up h
stack h b
pick-up c
stack c h
pick-up g
stack g c
pick-up e
stack e g",planning_suite,blocksworld,hard,high,type=planbench_original | dataset=planbench | filename=instance-227.pddl | path=plan-bench/instances/blocksworld/generated/instance-227.pddl | synthesized_w6_from_canonical,verify_blocksworld_plan,num_blocks=9 | requires_unstacking=false | max_initial_stack_depth=1,9 blocks starting on table; no unstacking required | W6 synthesized from canonical for coverage
BW_227,canonical,"""You are a robot arm. Available actions: pick-up X (X must be clear and on the table, hand must be empty), put-down X (place X on the table), stack X Y (place X on Y; Y must be clear, you must be holding X), unstack X Y (pick up X from Y; X must be clear, hand must be empty). You can hold one block at a time. Current state: Blocks f, l, g, d, i, j, c, k, and a are clear and on the table. The hand is empty. Goal: Block f is on block l, block l is on block g, block g is on block d, block d is on block i, block i is on block j, block j is on block c, block c is on block k, and block k is on block a. Respond with a numbered list of actions only. Each action must be exactly one of: pick-up X / put-down X / stack X Y / unstack X Y. No explanation. No extra text.""","pick-up k
stack k a
pick-up c
stack c k
pick-up j
stack j c
pick-up i
stack i j
pick-up d
stack d i
pick-up g
stack g d
pick-up l
stack l g
pick-up f
stack f l",planning_suite,blocksworld,hard,high,type=planbench_original | dataset=planbench | filename=instance-227.pddl | path=plan-bench/instances/blocksworld/generated/instance-227.pddl,verify_blocksworld_plan,num_blocks=9 | requires_unstacking=false | max_initial_stack_depth=1,9 blocks starting on table; no unstacking required
BW_282,W1,"You are a robotic manipulator. Permitted operations: pick-up X (X must be unobstructed and resting on the surface, gripper must be vacant), put-down X (deposit X onto the surface), stack X Y (position X atop Y; Y must be unobstructed, you must be gripping X), unstack X Y (retrieve X from atop Y; X must be unobstructed, gripper must be vacant). You may grip one block at a time. Current configuration: Blocks g, h, c, i, and b are unobstructed and resting on the surface. The gripper is vacant. Objective: Block g rests atop block h, block h rests atop block c, block c rests atop block i, and block i rests atop block b. Reply with a numbered sequence of operations only. Each operation must be exactly one of: pick-up X / put-down X / stack X Y / unstack X Y. No explanation. No extra text.","pick-up i
 stack i b
 pick-up c
 stack c i
 pick-up h
 stack h c
 pick-up g
 stack g h",planning_suite,blocksworld,medium,high,plan-bench/instances/blocksworld/generated/instance-282.pddl,verify_blocksworld_plan,,
BW_282,W2,"Action Reference:
 | Action | Preconditions | Effect |
 |--------|---------------|--------|
 | pick-up X | X is on table, X is clear, hand empty | holding X |
 | put-down X | holding X | X on table |
 | stack X Y | holding X, Y is clear | X on Y |
 | unstack X Y | X on Y, X is clear, hand empty | holding X |
 
 Current State:
 | Block | Location | Clear? |
 |-------|----------|--------|
 | g | table | yes |
 | h | table | yes |
 | c | table | yes |
 | i | table | yes |
 | b | table | yes |
 
 Goal:
 | Block | Must be on top of |
 |-------|-------------------|
 | g | h |
 | h | c |
 | c | i |
 | i | b |
 
 Respond with a numbered list of actions only. Each action must be exactly one of: pick-up X / put-down X / stack X Y / unstack X Y. No explanation. No extra text.","pick-up i
 stack i b
 pick-up c
 stack c i
 pick-up h
 stack h c
 pick-up g
 stack g h",planning_suite,blocksworld,medium,high,plan-bench/instances/blocksworld/generated/instance-282.pddl,verify_blocksworld_plan,,
BW_282,W3,"You are an HR manager building a reporting chain. Available actions: select X (X must be unassigned and available, hands must be free), release X (return X to the unassigned pool), place X under Y (Y must be available, you must be holding X), remove X from Y (X must have no direct reports, hands must be free). You can manage one employee at a time. Current state: Grace, Henry, Carol, Ivan, and Bob are all unassigned and available. Your hands are free. Goal: Grace reports to Henry, Henry reports to Carol, Carol reports to Ivan, Ivan reports to Bob. Respond with a numbered list of actions only. Each action must be exactly one of: select X / release X / place X under Y / remove X from Y. No explanation. No extra text.","select Ivan
place Ivan under Bob
select Carol
place Carol under Ivan
select Henry
place Henry under Carol
select Grace
place Grace under Henry",planning_suite,blocksworld,medium,high,plan-bench/instances/blocksworld/generated/instance-282.pddl,verify_blocksworld_plan,,
BW_282,W4,"FORMAL DEFINITION:
 π = ⟨B, S₀, S*, A⟩
 
 BLOCKS:
 B = {g, h, c, i, b}
 
 INITIAL STATE S₀:
 OnTable(g), OnTable(h), OnTable(c), OnTable(i), OnTable(b),
 Clear(g), Clear(h), Clear(c), Clear(i), Clear(b),
 HandEmpty
 
 GOAL STATE S*:
 On(g,h), On(h,c), On(c,i), On(i,b)
 
 ACTIONS (Preconditions → Add Effects | Delete Effects):
 
 1. pick-up(x):
  Pre: Clear(x), OnTable(x), HandEmpty
  Add: Holding(x)
  Del: Clear(x), OnTable(x), HandEmpty
 
 2. put-down(x):
  Pre: Holding(x)
  Add: OnTable(x), Clear(x), HandEmpty
  Del: Holding(x)
 
 3. stack(x, y):
  Pre: Holding(x), Clear(y)
  Add: On(x,y), Clear(x), HandEmpty
  Del: Holding(x), Clear(y)
 
 4. unstack(x, y):
  Pre: On(x,y), Clear(x), HandEmpty
  Add: Holding(x), Clear(y)
  Del: On(x,y), Clear(x), HandEmpty
 
 CONSTRAINTS:
 - x ≠ y for all two-argument actions
 - Exactly one block can be held at a time
 - Pre(aₖ) ⊆ Sₖ₋₁ must hold for each action aₖ
 
 TASK:
 Find plan π = (a₁, a₂, ..., aₙ) such that:
 S₀ →(a₁) S₁ →(a₂) ... →(aₙ) Sₙ, where S* ⊆ Sₙ
 
 OUTPUT FORMAT:
 Return a numbered list of actions only.
 Each action must be exactly one of:
  pick-up X
  put-down X
  stack X Y
  unstack X Y
 No explanation. No extra text.","pick-up i
 stack i b
 pick-up c
 stack c i
 pick-up h
 stack h c
 pick-up g
 stack g h",planning_suite,blocksworld,medium,high,plan-bench/instances/blocksworld/generated/instance-282.pddl,verify_blocksworld_plan,,
BW_282,W5,"You are a robot arm. Available actions: pick-up X (X must be clear and on the table, hand must be empty), put-down X (place X on the table), stack X Y (place X on Y; Y must be clear, you must be holding X), unstack X Y (pick up X from Y; X must be clear, hand must be empty). You can hold one block at a time. Current state: Block g is on block h, block h is on block c, block c is on block i, block i is on block b. Block b is on the table. The hand is empty. Goal: Blocks g, h, c, i, and b are all clear and on the table. Respond with a numbered list of actions only. Each action must be exactly one of: pick-up X / put-down X / stack X Y / unstack X Y. No explanation. No extra text.","unstack g h
put-down g
unstack h c
put-down h
unstack c i
put-down c
unstack i b
put-down i",planning_suite,blocksworld,medium,high,plan-bench/instances/blocksworld/generated/instance-282.pddl,verify_blocksworld_plan,,
BW_282,W6,"You are a robot arm. Available actions: pick-up X (X must be clear and on the table, hand must be empty), put-down X (place X on the table), stack X Y (place X on Y; Y must be clear, you must be holding X), unstack X Y (pick up X from Y; X must be clear, hand must be empty). You can hold one block e d time. Current state: Blocks k, l, j, m, and f are clear and on the table. The hand is empty. Goal: Block k is on block l, block l is on block j, block j is on block m, and block m is on block f. Respond with a numbered list of actions only. Each action must be exactly one of: pick-up X / put-down X / stack X Y / unstack X Y. No explanation. No extra text.","pick-up m
 stack m f
 pick-up j
 stack j m
 pick-up l
 stack l j
 pick-up k
 stack k l",planning_suite,blocksworld,medium,high,plan-bench/instances/blocksworld/generated/instance-282.pddl | variant=w6_rename,verify_blocksworld_plan,,
BW_282,canonical,"You are a robot arm. Available actions: pick-up X (X must be clear and on the table, hand must be empty), put-down X (place X on the table), stack X Y (place X on Y; Y must be clear, you must be holding X), unstack X Y (pick up X from Y; X must be clear, hand must be empty). You can hold one block at a time. Current state: Blocks g, h, c, i, and b are clear and on the table. The hand is empty. Goal: Block g is on block h, block h is on block c, block c is on block i, and block i is on block b. Respond with a numbered list of actions only. Each action must be exactly one of: pick-up X / put-down X / stack X Y / unstack X Y. No explanation. No extra text.","pick-up i
 stack i b
 pick-up c
 stack c i
 pick-up h
 stack h c
 pick-up g
 stack g h",planning_suite,blocksworld,medium,high,plan-bench/instances/blocksworld/generated/instance-282.pddl,verify_blocksworld_plan,,
BW_310,W1,"You are a robotic manipulator. Permitted operations: pick-up X (X must be unobstructed and resting on the surface, gripper must be vacant), put-down X (deposit X onto the surface), stack X Y (position X atop Y; Y must be unobstructed, you must be gripping X), unstack X Y (retrieve X from atop Y; X must be unobstructed, gripper must be vacant). You may grip one block at a time. Current configuration: Blocks g, j, a, f, b, and d are unobstructed and resting on the surface. The gripper is vacant. Objective: Block g rests atop block j, block j rests atop block a, block a rests atop block f, block f rests atop block b, and block b rests atop block d. Reply with a numbered sequence of operations only. Each operation must be exactly one of: pick-up X / put-down X / stack X Y / unstack X Y. No explanation. No extra text.","pick-up b
 stack b d
 pick-up f
 stack f b
 pick-up a
 stack a f
 pick-up j
 stack j a
 pick-up g
 stack g j",planning_suite,blocksworld,medium,high,plan-bench/instances/blocksworld/generated/instance-310.pddl,verify_blocksworld_plan,,
BW_310,W2,"Action Reference:
 | Action | Preconditions | Effect |
 |--------|---------------|--------|
 | pick-up X | X is on table, X is clear, hand empty | holding X |
 | put-down X | holding X | X on table |
 | stack X Y | holding X, Y is clear | X on Y |
 | unstack X Y | X on Y, X is clear, hand empty | holding X |
 
 Current State:
 | Block | Location | Clear? |
 |-------|----------|--------|
 | g | table | yes |
 | j | table | yes |
 | a | table | yes |
 | f | table | yes |
 | b | table | yes |
 | d | table | yes |
 
 Goal:
 | Block | Must be on top of |
 |-------|-------------------|
 | g | j |
 | j | a |
 | a | f |
 | f | b |
 | b | d |
 
 Respond with a numbered list of actions only. Each action must be exactly one of: pick-up X / put-down X / stack X Y / unstack X Y. No explanation. No extra text.","pick-up b
 stack b d
 pick-up f
 stack f b
 pick-up a
 stack a f
 pick-up j
 stack j a
 pick-up g
 stack g j",planning_suite,blocksworld,medium,high,plan-bench/instances/blocksworld/generated/instance-310.pddl,verify_blocksworld_plan,,
BW_310,W3,"You are an HR manager building a reporting chain. Available actions: select X (X must be unassigned and available, hands must be free), release X (return X to the unassigned pool), place X under Y (Y must be available, you must be holding X), remove X from Y (X must have no direct reports, hands must be free). You can manage one employee at a time. Current state: Grace, Jake, Alice, Frank, Bob, and Diana are all unassigned and available. Your hands are free. Goal: Grace reports to Jake, Jake reports to Alice, Alice reports to Frank, Frank reports to Bob, Bob reports to Diana. Respond with a numbered list of actions only. Each action must be exactly one of: select X / release X / place X under Y / remove X from Y. No explanation. No extra text.","select Bob
place Bob under Diana
select Frank
place Frank under Bob
select Alice
place Alice under Frank
select Jake
place Jake under Alice
select Grace
place Grace under Jake",planning_suite,blocksworld,medium,high,plan-bench/instances/blocksworld/generated/instance-310.pddl,verify_blocksworld_plan,,
BW_310,W4,"FORMAL DEFINITION:
 π = ⟨B, S₀, S*, A⟩
 
 BLOCKS:
 B = {g, j, a, f, b, d}
 
 INITIAL STATE S₀:
 OnTable(g), OnTable(j), OnTable(a), OnTable(f), OnTable(b), OnTable(d),
 Clear(g), Clear(j), Clear(a), Clear(f), Clear(b), Clear(d),
 HandEmpty
 
 GOAL STATE S*:
 On(g,j), On(j,a), On(a,f), On(f,b), On(b,d)
 
 ACTIONS (Preconditions → Add Effects | Delete Effects):
 
 1. pick-up(x):
  Pre: Clear(x), OnTable(x), HandEmpty
  Add: Holding(x)
  Del: Clear(x), OnTable(x), HandEmpty
 
 2. put-down(x):
  Pre: Holding(x)
  Add: OnTable(x), Clear(x), HandEmpty
  Del: Holding(x)
 
 3. stack(x, y):
  Pre: Holding(x), Clear(y)
  Add: On(x,y), Clear(x), HandEmpty
  Del: Holding(x), Clear(y)
 
 4. unstack(x, y):
  Pre: On(x,y), Clear(x), HandEmpty
  Add: Holding(x), Clear(y)
  Del: On(x,y), Clear(x), HandEmpty
 
 CONSTRAINTS:
 - x ≠ y for all two-argument actions
 - Exactly one block can be held at a time
 - Pre(aₖ) ⊆ Sₖ₋₁ must hold for each action aₖ
 
 TASK:
 Find plan π = (a₁, a₂, ..., aₙ) such that:
 S₀ →(a₁) S₁ →(a₂) ... →(aₙ) Sₙ, where S* ⊆ Sₙ
 
 OUTPUT FORMAT:
 Return a numbered list of actions only.
 Each action must be exactly one of:
  pick-up X
  put-down X
  stack X Y
  unstack X Y
 No explanation. No extra text.","pick-up b
 stack b d
 pick-up f
 stack f b
 pick-up a
 stack a f
 pick-up j
 stack j a
 pick-up g
 stack g j",planning_suite,blocksworld,medium,high,plan-bench/instances/blocksworld/generated/instance-310.pddl,verify_blocksworld_plan,,
BW_310,W5,"You are a robot arm. Available actions: pick-up X (X must be clear and on the table, hand must be empty), put-down X (place X on the table), stack X Y (place X on Y; Y must be clear, you must be holding X), unstack X Y (pick up X from Y; X must be clear, hand must be empty). You can hold one block at a time. Current state: Block g is on block j, block j is on block a, block a is on block f, block f is on block b, block b is on block d. Block d is on the table. The hand is empty. Goal: Blocks g, j, a, f, b, and d are all clear and on the table. Respond with a numbered list of actions only. Each action must be exactly one of: pick-up X / put-down X / stack X Y / unstack X Y. No explanation. No extra text.","unstack g j
put-down g
unstack j a
put-down j
unstack a f
put-down a
unstack f b
put-down f
unstack b d
put-down b",planning_suite,blocksworld,medium,high,plan-bench/instances/blocksworld/generated/instance-310.pddl,verify_blocksworld_plan,,
BW_310,W6,"You are a robot arm. Available actions: pick-up X (X must be clear and on the table, hand must be empty), put-down X (place X on the table), stack X Y (place X on Y; Y must be clear, you must be holding X), unstack X Y (pick up X from Y; X must be clear, hand must be empty). You can hold one block e c time. Current state: Blocks l, m, c, k, h, and i are clear and on the table. The hand is empty. Goal: Block l is on block m, block m is on block c, block c is on block k, block k is on block h, and block h is on block i. Respond with a numbered list of actions only. Each action must be exactlyone of: pick-up X / put-down X / stack X Y / unstack X Y. No explanation. No extra text.","pick-up h
 stack h i
 pick-up k
 stack k h
 pick-up c
 stack c k
 pick-up m
 stack m c
 pick-up l
 stack l m",planning_suite,blocksworld,medium,high,plan-bench/instances/blocksworld/generated/instance-310.pddl | variant=w6_rename,verify_blocksworld_plan,,
BW_310,canonical,"You are a robot arm. Available actions: pick-up X (X must be clear and on the table, hand must be empty), put-down X (place X on the table), stack X Y (place X on Y; Y must be clear, you must be holding X), unstack X Y (pick up X from Y; X must be clear, hand must be empty). You can hold one block at a time. Current state: Blocks g, j, a, f, b, and d are clear and on the table. The hand is empty. Goal: Block g is on block j, block j is on block a, block a is on block f, block f is on block b, and block b is on block d. Respond with a numbered list of actions only. Each action must be exactlyone of: pick-up X / put-down X / stack X Y / unstack X Y. No explanation. No extra text.","pick-up b
 stack b d
 pick-up f
 stack f b
 pick-up a
 stack a f
 pick-up j
 stack j a
 pick-up g
 stack g j",planning_suite,blocksworld,medium,high,plan-bench/instances/blocksworld/generated/instance-310.pddl,verify_blocksworld_plan,,
BW_331,W1,"You are a robotic manipulator. Permitted operations: pick-up X (X must be unobstructed and resting on the surface, gripper must be vacant), put-down X (deposit X onto the surface), stack X Y (position X atop Y; Y must be unobstructed, you must be gripping X), unstack X Y (retrieve X from atop Y; X must be unobstructed, gripper must be vacant). You may grip one block at a time. Current configuration: Blocks h, j, and l are unobstructed and resting on the surface. The gripper is vacant. Objective: Block h rests atop block j, and block j rests atop block l. Reply with a numbered sequence of operations only. Each operation must be exactly one of: pick-up X / put-down X / stack X Y / unstack X Y. No explanation. No extra text.","pick-up j
 stack j l
 pick-up h
 stack h j",planning_suite,blocksworld,easy,high,plan-bench/instances/blocksworld/generated/instance-331.pddl,verify_blocksworld_plan,,
BW_331,W2,"Action Reference:
 | Action | Preconditions | Effect |
 |--------|---------------|--------|
 | pick-up X | X is on table, X is clear, hand empty | holding X |
 | put-down X | holding X | X on table |
 | stack X Y | holding X, Y is clear | X on Y |
 | unstack X Y | X on Y, X is clear, hand empty | holding X |
 
 Current State:
 | Block | Location | Clear? |
 |-------|----------|--------|
 | h | table | yes |
 | j | table | yes |
 | l | table | yes |
 
 Goal:
 | Block | Must be on top of |
 |-------|-------------------|
 | h | j |
 | j | l |
 
 Respond with a numbered list of actions only. Each action must be exactly one of: pick-up X / put-down X / stack X Y / unstack X Y. No explanation. No extra text.","pick-up j
 stack j l
 pick-up h
 stack h j",planning_suite,blocksworld,easy,high,plan-bench/instances/blocksworld/generated/instance-331.pddl,verify_blocksworld_plan,,
BW_331,W3,"You are an HR manager building a reporting chain. Available actions: select X (X must be unassigned and available, hands must be free), release X (return X to the unassigned pool), place X under Y (Y must be available, you must be holding X), remove X from Y (X must have no direct reports, hands must be free). You can manage one employee at a time. Current state: Henry, Jake, and Lisa are all unassigned and available. Your hands are free. Goal: Henry reports to Jake, Jake reports to Lisa. Respond with a numbered list of actions only. Each action must be exactly one of: select X / release X / place X under Y / remove X from Y. No explanation. No extra text.","select Jake
place Jake under Lisa
select Henry
place Henry under Jake",planning_suite,blocksworld,easy,high,plan-bench/instances/blocksworld/generated/instance-331.pddl,verify_blocksworld_plan,,
BW_331,W4,"FORMAL DEFINITION:
 π = ⟨B, S₀, S*, A⟩
 
 BLOCKS:
 B = {h, j, l}
 
 INITIAL STATE S₀:
 OnTable(h), OnTable(j), OnTable(l),
 Clear(h), Clear(j), Clear(l),
 HandEmpty
 
 GOAL STATE S*:
 On(h,j), On(j,l)
 
 ACTIONS (Preconditions → Add Effects | Delete Effects):
 
 1. pick-up(x):
  Pre: Clear(x), OnTable(x), HandEmpty
  Add: Holding(x)
  Del: Clear(x), OnTable(x), HandEmpty
 
 2. put-down(x):
  Pre: Holding(x)
  Add: OnTable(x), Clear(x), HandEmpty
  Del: Holding(x)
 
 3. stack(x, y):
  Pre: Holding(x), Clear(y)
  Add: On(x,y), Clear(x), HandEmpty
  Del: Holding(x), Clear(y)
 
 4. unstack(x, y):
  Pre: On(x,y), Clear(x), HandEmpty
  Add: Holding(x), Clear(y)
  Del: On(x,y), Clear(x), HandEmpty
 
 CONSTRAINTS:
 - x ≠ y for all two-argument actions
 - Exactly one block can be held at a time
 - Pre(aₖ) ⊆ Sₖ₋₁ must hold for each action aₖ
 
 TASK:
 Find plan π = (a₁, a₂, ..., aₙ) such that:
 S₀ →(a₁) S₁ →(a₂) ... →(aₙ) Sₙ, where S* ⊆ Sₙ
 
 OUTPUT FORMAT:
 Return a numbered list of actions only.
 Each action must be exactly one of:
  pick-up X
  put-down X
  stack X Y
  unstack X Y
 No explanation. No extra text.","pick-up j
 stack j l
 pick-up h
 stack h j",planning_suite,blocksworld,easy,high,plan-bench/instances/blocksworld/generated/instance-331.pddl,verify_blocksworld_plan,,
BW_331,W5,"You are a robot arm. Available actions: pick-up X (X must be clear and on the table, hand must be empty), put-down X (place X on the table), stack X Y (place X on Y; Y must be clear, you must be holding X), unstack X Y (pick up X from Y; X must be clear, hand must be empty). You can hold one block at a time. Current state: Block h is on block j, block j is on block l. Block l is on the table. The hand is empty. Goal: Blocks h, j, and l are all clear and on the table. Respond with a numbered list of actions only. Each action must be exactly one of: pick-up X / put-down X / stack X Y / unstack X Y. No explanation. No extra text.","unstack h j
put-down h
unstack j l
put-down j",planning_suite,blocksworld,easy,high,plan-bench/instances/blocksworld/generated/instance-331.pddl,verify_blocksworld_plan,,
BW_331,W6,"You are a robot arm. Available actions: pick-up X (X must be clear and on the table, hand must be empty), put-down X (place X on the table), stack X Y (place X on Y; Y must be clear, you must be holding X), unstack X Y (pick up X from Y; X must be clear, hand must be empty). You can hold one block c b time. Current state: Blocks d, e, and f are clear and on the table. The hand is empty. Goal: Block d is on block e, and block e is on block f. Respond with a numbered list of actions only. Each action must be exactly one of: pick-up X / put-down X / stack X Y / unstack X Y. No explanation. No extra text.","pick-up e
 stack e f
 pick-up d
 stack d e",planning_suite,blocksworld,easy,high,plan-bench/instances/blocksworld/generated/instance-331.pddl | variant=w6_rename,verify_blocksworld_plan,,
BW_331,canonical,"You are a robot arm. Available actions: pick-up X (X must be clear and on the table, hand must be empty), put-down X (place X on the table), stack X Y (place X on Y; Y must be clear, you must be holding X), unstack X Y (pick up X from Y; X must be clear, hand must be empty). You can hold one block at a time. Current state: Blocks h, j, and l are clear and on the table. The hand is empty. Goal: Block h is on block j, and block j is on block l. Respond with a numbered list of actions only. Each action must be exactly one of: pick-up X / put-down X / stack X Y / unstack X Y. No explanation. No extra text.","pick-up j
 stack j l
 pick-up h
 stack h j",planning_suite,blocksworld,easy,high,plan-bench/instances/blocksworld/generated/instance-331.pddl,verify_blocksworld_plan,,
BW_350,W1,"You are a robotic manipulator. Permitted operations: pick-up X (X must be unobstructed and resting on the surface, gripper must be vacant), put-down X (deposit X onto the surface), stack X Y (position X atop Y; Y must be unobstructed, you must be gripping X), unstack X Y (retrieve X from atop Y; X must be unobstructed, gripper must be vacant). You may grip one block at a time. Current configuration: Blocks f, e, i, j, k, a, g, b, l, and d are unobstructed and resting on the surface. The gripper is vacant. Objective: Block f rests atop block e, block e rests atop block i, block i rests atop block j, block j rests atop block k, block k rests atop block a, block a rests atop block g, block g rests atop block b, block b rests atop block l, and block l rests atop block d. Reply with a numbered sequence of operations only. Each operation must be exactly one of: pick-up X / put-down X / stack X Y / unstack X Y. No explanation. No extra text.","pick-up l
 stack l d
 pick-up b
 stack b l
 pick-up g
 stack g b
 pick-up a
 stack a g
 pick-up k
 stack k a
 pick-up j
 stack j k
 pick-up i
 stack i j
 pick-up e
 stack e i
 pick-up f
 stack f e",planning_suite,blocksworld,hard,high,plan-bench/instances/blocksworld/generated/instance-350.pddl,verify_blocksworld_plan,,
BW_350,W2,"Action Reference:
 | Action | Preconditions | Effect |
 |--------|---------------|--------|
 | pick-up X | X is on table, X is clear, hand empty | holding X |
 | put-down X | holding X | X on table |
 | stack X Y | holding X, Y is clear | X on Y |
 | unstack X Y | X on Y, X is clear, hand empty | holding X |
 
 Current State:
 | Block | Location | Clear? |
 |-------|----------|--------|
 | f | table | yes |
 | e | table | yes |
 | i | table | yes |
 | j | table | yes |
 | k | table | yes |
 | a | table | yes |
 | g | table | yes |
 | b | table | yes |
 | l | table | yes |
 | d | table | yes |
 
 Goal:
 | Block | Must be on top of |
 |-------|-------------------|
 | f | e |
 | e | i |
 | i | j |
 | j | k |
 | k | a |
 | a | g |
 | g | b |
 | b | l |
 | l | d |
 
 Respond with a numbered list of actions only. Each action must be exactly one of: pick-up X / put-down X / stack X Y / unstack X Y. No explanation. No extra text.","pick-up l
 stack l d
 pick-up b
 stack b l
 pick-up g
 stack g b
 pick-up a
 stack a g
 pick-up k
 stack k a
 pick-up j
 stack j k
 pick-up i
 stack i j
 pick-up e
 stack e i
 pick-up f
 stack f e",planning_suite,blocksworld,hard,high,plan-bench/instances/blocksworld/generated/instance-350.pddl,verify_blocksworld_plan,,
BW_350,W3,"You are an HR manager building a reporting chain. Available actions: select X (X must be unassigned and available, hands must be free), release X (return X to the unassigned pool), place X under Y (Y must be available, you must be holding X), remove X from Y (X must have no direct reports, hands must be free). You can manage one employee at a time. Current state: Frank, Eve, Ivan, Jake, Kevin, Alice, Grace, Bob, Lisa, and Diana are all unassigned and available. Your hands are free. Goal: Frank reports to Eve, Eve reports to Ivan, Ivan reports to Jake, Jake reports to Kevin, Kevin reports to Alice, Alice reports to Grace, Grace reports to Bob, Bob reports to Lisa, Lisa reports to Diana. Respond with a numbered list of actions only. Each action must be exactly one of: select X / release X / place X under Y / remove X from Y. No explanation. No extra text.","select Lisa
place Lisa under Diana
select Bob
place Bob under Lisa
select Grace
place Grace under Bob
select Alice
place Alice under Grace
select Kevin
place Kevin under Alice
select Jake
place Jake under Kevin
select Ivan
place Ivan under Jake
select Eve
place Eve under Ivan
select Frank
place Frank under Eve",planning_suite,blocksworld,hard,high,plan-bench/instances/blocksworld/generated/instance-350.pddl,verify_blocksworld_plan,,
BW_350,W4,"FORMAL DEFINITION:
 π = ⟨B, S₀, S*, A⟩
 
 BLOCKS:
 B = {f, e, i, j, k, a, g, b, l, d}
 
 INITIAL STATE S₀:
 OnTable(f), OnTable(e), OnTable(i), OnTable(j), OnTable(k), OnTable(a), OnTable(g), OnTable(b), OnTable(l), OnTable(d),
 Clear(f), Clear(e), Clear(i), Clear(j), Clear(k), Clear(a), Clear(g), Clear(b), Clear(l), Clear(d),
 HandEmpty
 
 GOAL STATE S*:
 On(f,e), On(e,i), On(i,j), On(j,k), On(k,a), On(a,g), On(g,b), On(b,l), On(l,d)
 
 ACTIONS (Preconditions → Add Effects | Delete Effects):
 
 1. pick-up(x):
  Pre: Clear(x), OnTable(x), HandEmpty
  Add: Holding(x)
  Del: Clear(x), OnTable(x), HandEmpty
 
 2. put-down(x):
  Pre: Holding(x)
  Add: OnTable(x), Clear(x), HandEmpty
  Del: Holding(x)
 
 3. stack(x, y):
  Pre: Holding(x), Clear(y)
  Add: On(x,y), Clear(x), HandEmpty
  Del: Holding(x), Clear(y)
 
 4. unstack(x, y):
  Pre: On(x,y), Clear(x), HandEmpty
  Add: Holding(x), Clear(y)
  Del: On(x,y), Clear(x), HandEmpty
 
 CONSTRAINTS:
 - x ≠ y for all two-argument actions
 - Exactly one block can be held at a time
 - Pre(aₖ) ⊆ Sₖ₋₁ must hold for each action aₖ
 
 TASK:
 Find plan π = (a₁, a₂, ..., aₙ) such that:
 S₀ →(a₁) S₁ →(a₂) ... →(aₙ) Sₙ, where S* ⊆ Sₙ
 
 OUTPUT FORMAT:
 Return a numbered list of actions only.
 Each action must be exactly one of:
  pick-up X
  put-down X
  stack X Y
  unstack X Y
 No explanation. No extra text.","pick-up l
 stack l d
 pick-up b
 stack b l
 pick-up g
 stack g b
 pick-up a
 stack a g
 pick-up k
 stack k a
 pick-up j
 stack j k
 pick-up i
 stack i j
 pick-up e
 stack e i
 pick-up f
 stack f e",planning_suite,blocksworld,hard,high,plan-bench/instances/blocksworld/generated/instance-350.pddl,verify_blocksworld_plan,,
BW_350,W5,"You are a robot arm. Available actions: pick-up X (X must be clear and on the table, hand must be empty), put-down X (place X on the table), stack X Y (place X on Y; Y must be clear, you must be holding X), unstack X Y (pick up X from Y; X must be clear, hand must be empty). You can hold one block at a time. Current state: Block f is on block e, block e is on block i, block i is on block j, block j is on block k, block k is on block a, block a is on block g, block g is on block b, block b is on block l, block l is on block d. Block d is on the table. The hand is empty. Goal: Blocks f, e, i, j, k, a, g, b, l, and d are all clear and on the table. Respond with a numbered list of actions only. Each action must be exactly one of: pick-up X / put-down X / stack X Y / unstack X Y. No explanation. No extra text.","unstack f e
put-down f
unstack e i
put-down e
unstack i j
put-down i
unstack j k
put-down j
unstack k a
put-down k
unstack a g
put-down a
unstack g b
put-down g
unstack b l
put-down b
unstack l d
put-down l",planning_suite,blocksworld,hard,high,plan-bench/instances/blocksworld/generated/instance-350.pddl,verify_blocksworld_plan,,
BW_350,W6,"You are a robot arm. Available actions: pick-up X (X must be clear and on the table, hand must be empty), put-down X (place X on the table), stack X Y (place X on Y; Y must be clear, you must be holding X), unstack X Y (pick up X from Y; X must be clear, hand must be empty). You can hold one block h c time. Current state: Blocks p, o, r, s, t, c, q, m, u, and n are clear and on the table. The hand is empty. Goal: Block p is on block o, block o is on block r, block r is on block s, block s is on block t, block t is on block c, block c is on block q, block q is on block m, block m is on block u, and block u is on block n. Respond with a numbered list of actions only. Each action must be exactly one of: pick-up X / put-down X / stack X Y / unstack X Y. No explanation. No extra text.","pick-up u
 stack u n
 pick-up m
 stack m u
 pick-up q
 stack q m
 pick-up c
 stack c q
 pick-up t
 stack t c
 pick-up s
 stack s t
 pick-up r
 stack r s
 pick-up o
 stack o r
 pick-up p
 stack p o",planning_suite,blocksworld,hard,high,plan-bench/instances/blocksworld/generated/instance-350.pddl | variant=w6_rename,verify_blocksworld_plan,,
BW_350,canonical,"You are a robot arm. Available actions: pick-up X (X must be clear and on the table, hand must be empty), put-down X (place X on the table), stack X Y (place X on Y; Y must be clear, you must be holding X), unstack X Y (pick up X from Y; X must be clear, hand must be empty). You can hold one block at a time. Current state: Blocks f, e, i, j, k, a, g, b, l, and d are clear and on the table. The hand is empty. Goal: Block f is on block e, block e is on block i, block i is on block j, block j is on block k, block k is on block a, block a is on block g, block g is on block b, block b is on block l, and block l is on block d. Respond with a numbered list of actions only. Each action must be exactly one of: pick-up X / put-down X / stack X Y / unstack X Y. No explanation. No extra text.","pick-up l
 stack l d
 pick-up b
 stack b l
 pick-up g
 stack g b
 pick-up a
 stack a g
 pick-up k
 stack k a
 pick-up j
 stack j k
 pick-up i
 stack i j
 pick-up e
 stack e i
 pick-up f
 stack f e",planning_suite,blocksworld,hard,high,plan-bench/instances/blocksworld/generated/instance-350.pddl,verify_blocksworld_plan,,
BW_408,W1,"You are a robotic manipulator. Permitted operations: pick-up X (X must be unobstructed and resting on the surface, gripper must be vacant), put-down X (deposit X onto the surface), stack X Y (position X atop Y; Y must be unobstructed, you must be gripping X), unstack X Y (retrieve X from atop Y; X must be unobstructed, gripper must be vacant). You may grip one block at a time. Current configuration: Blocks a, l, h, d, c, g, j, and b are unobstructed and resting on the surface. The gripper is vacant. Objective: Block a rests atop block l, block l rests atop block h, block h rests atop block d, block d rests atop block c, block c rests atop block g, block g rests atop block j, and block j rests atop block b. Reply with a numbered sequence of operations only. Each operation must be exactly one of: pick-up X / put-down X / stack X Y / unstack X Y. No explanation. No extra text.","pick-up j
 stack j b
 pick-up g
 stack g j
 pick-up c
 stack c g
 pick-up d
 stack d c
 pick-up h
 stack h d
 pick-up l
 stack l h
 pick-up a
 stack a l",planning_suite,blocksworld,hard,high,plan-bench/instances/blocksworld/generated/instance-408.pddl,verify_blocksworld_plan,,
BW_408,W2,"Action Reference:
 | Action | Preconditions | Effect |
 |--------|---------------|--------|
 | pick-up X | X is on table, X is clear, hand empty | holding X |
 | put-down X | holding X | X on table |
 | stack X Y | holding X, Y is clear | X on Y |
 | unstack X Y | X on Y, X is clear, hand empty | holding X |
 
 Current State:
 | Block | Location | Clear? |
 |-------|----------|--------|
 | a | table | yes |
 | l | table | yes |
 | h | table | yes |
 | d | table | yes |
 | c | table | yes |
 | g | table | yes |
 | j | table | yes |
 | b | table | yes |
 
 Goal:
 | Block | Must be on top of |
 |-------|-------------------|
 | a | l |
 | l | h |
 | h | d |
 | d | c |
 | c | g |
 | g | j |
 | j | b |
 
 Respond with a numbered list of actions only. Each action must be exactly one of: pick-up X / put-down X / stack X Y / unstack X Y. No explanation. No extra text.","pick-up j
 stack j b
 pick-up g
 stack g j
 pick-up c
 stack c g
 pick-up d
 stack d c
 pick-up h
 stack h d
 pick-up l
 stack l h
 pick-up a
 stack a l",planning_suite,blocksworld,hard,high,plan-bench/instances/blocksworld/generated/instance-408.pddl,verify_blocksworld_plan,,
BW_408,W3,"You are an HR manager building a reporting chain. Available actions: select X (X must be unassigned and available, hands must be free), release X (return X to the unassigned pool), place X under Y (Y must be available, you must be holding X), remove X from Y (X must have no direct reports, hands must be free). You can manage one employee at a time. Current state: Alice, Lisa, Henry, Diana, Carol, Grace, Jake, and Bob are all unassigned and available. Your hands are free. Goal: Alice reports to Lisa, Lisa reports to Henry, Henry reports to Diana, Diana reports to Carol, Carol reports to Grace, Grace reports to Jake, Jake reports to Bob. Respond with a numbered list of actions only. Each action must be exactly one of: select X / release X / place X under Y / remove X from Y. No explanation. No extra text.","select Jake
place Jake under Bob
select Grace
place Grace under Jake
select Carol
place Carol under Grace
select Diana
place Diana under Carol
select Henry
place Henry under Diana
select Lisa
place Lisa under Henry
select Alice
place Alice under Lisa",planning_suite,blocksworld,hard,high,plan-bench/instances/blocksworld/generated/instance-408.pddl,verify_blocksworld_plan,,
BW_408,W4,"FORMAL DEFINITION:
 π = ⟨B, S₀, S*, A⟩
 
 BLOCKS:
 B = {a, l, h, d, c, g, j, b}
 
 INITIAL STATE S₀:
 OnTable(a), OnTable(l), OnTable(h), OnTable(d), OnTable(c), OnTable(g), OnTable(j), OnTable(b),
 Clear(a), Clear(l), Clear(h), Clear(d), Clear(c), Clear(g), Clear(j), Clear(b),
 HandEmpty
 
 GOAL STATE S*:
 On(a,l), On(l,h), On(h,d), On(d,c), On(c,g), On(g,j), On(j,b)
 
 ACTIONS (Preconditions → Add Effects | Delete Effects):
 
 1. pick-up(x):
  Pre: Clear(x), OnTable(x), HandEmpty
  Add: Holding(x)
  Del: Clear(x), OnTable(x), HandEmpty
 
 2. put-down(x):
  Pre: Holding(x)
  Add: OnTable(x), Clear(x), HandEmpty
  Del: Holding(x)
 
 3. stack(x, y):
  Pre: Holding(x), Clear(y)
  Add: On(x,y), Clear(x), HandEmpty
  Del: Holding(x), Clear(y)
 
 4. unstack(x, y):
  Pre: On(x,y), Clear(x), HandEmpty
  Add: Holding(x), Clear(y)
  Del: On(x,y), Clear(x), HandEmpty
 
 CONSTRAINTS:
 - x ≠ y for all two-argument actions
 - Exactly one block can be held at a time
 - Pre(aₖ) ⊆ Sₖ₋₁ must hold for each action aₖ
 
 TASK:
 Find plan π = (a₁, a₂, ..., aₙ) such that:
 S₀ →(a₁) S₁ →(a₂) ... →(aₙ) Sₙ, where S* ⊆ Sₙ
 
 OUTPUT FORMAT:
 Return a numbered list of actions only.
 Each action must be exactly one of:
  pick-up X
  put-down X
  stack X Y
  unstack X Y
 No explanation. No extra text.","pick-up j
 stack j b
 pick-up g
 stack g j
 pick-up c
 stack c g
 pick-up d
 stack d c
 pick-up h
 stack h d
 pick-up l
 stack l h
 pick-up a
 stack a l",planning_suite,blocksworld,hard,high,plan-bench/instances/blocksworld/generated/instance-408.pddl,verify_blocksworld_plan,,
BW_408,W5,"You are a robot arm. Available actions: pick-up X (X must be clear and on the table, hand must be empty), put-down X (place X on the table), stack X Y (place X on Y; Y must be clear, you must be holding X), unstack X Y (pick up X from Y; X must be clear, hand must be empty). You can hold one block at a time. Current state: Block a is on block l, block l is on block h, block h is on block d, block d is on block c, block c is on block g, block g is on block j, block j is on block b. Block b is on the table. The hand is empty. Goal: Blocks a, l, h, d, c, g, j, and b are all clear and on the table. Respond with a numbered list of actions only. Each action must be exactly one of: pick-up X / put-down X / stack X Y / unstack X Y. No explanation. No extra text.","unstack a l
put-down a
unstack l h
put-down l
unstack h d
put-down h
unstack d c
put-down d
unstack c g
put-down c
unstack g j
put-down g
unstack j b
put-down j",planning_suite,blocksworld,hard,high,plan-bench/instances/blocksworld/generated/instance-408.pddl,verify_blocksworld_plan,,
BW_408,W6,"You are a robot arm. Available actions: pick-up X (X must be clear and on the table, hand must be empty), put-down X (place X on the table), stack X Y (place X on Y; Y must be clear, you must be holding X), unstack X Y (pick up X from Y; X must be clear, hand must be empty). You can hold one block f e time. Current state: Blocks e, q, o, m, k, n, p, and i are clear and on the table. The hand is empty. Goal: Block e is on block q, block q is on block o, block o is on block m, block m is on block k, block k is on block n, block n is on block p, and block p is on block i. Respond with a numbered list of actions only. Each action must be exactly one of: pick-up X / put-down X / stack X Y / unstack X Y. No explanation. No extra text.","pick-up p
 stack p i
 pick-up n
 stack n p
 pick-up k
 stack k n
 pick-up m
 stack m k
 pick-up o
 stack o m
 pick-up q
 stack q o
 pick-up e
 stack e q",planning_suite,blocksworld,hard,high,plan-bench/instances/blocksworld/generated/instance-408.pddl | variant=w6_rename,verify_blocksworld_plan,,
BW_408,canonical,"You are a robot arm. Available actions: pick-up X (X must be clear and on the table, hand must be empty), put-down X (place X on the table), stack X Y (place X on Y; Y must be clear, you must be holding X), unstack X Y (pick up X from Y; X must be clear, hand must be empty). You can hold one block at a time. Current state: Blocks a, l, h, d, c, g, j, and b are clear and on the table. The hand is empty. Goal: Block a is on block l, block l is on block h, block h is on block d, block d is on block c, block c is on block g, block g is on block j, and block j is on block b. Respond with a numbered list of actions only. Each action must be exactly one of: pick-up X / put-down X / stack X Y / unstack X Y. No explanation. No extra text.","pick-up j
 stack j b
 pick-up g
 stack g j
 pick-up c
 stack c g
 pick-up d
 stack d c
 pick-up h
 stack h d
 pick-up l
 stack l h
 pick-up a
 stack a l",planning_suite,blocksworld,hard,high,plan-bench/instances/blocksworld/generated/instance-408.pddl,verify_blocksworld_plan,"{""critical_step_index"": 7, ""plan_length"": 14, ""computed_from"": ""correct_answer_midpoint""}",
BW_467,W1,"""You are a robotic manipulator. Permitted operations: pick-up X (X must be unobstructed and resting on the surface, gripper must be vacant), put-down X (deposit X onto the surface), stack X Y (position X atop Y; Y must be unobstructed, you must be gripping X), unstack X Y (retrieve X from atop Y; X must be unobstructed, gripper must be vacant). You may grip one block at a time. Current configuration: Blocks g, i, l, j, a, f, and h are unobstructed and resting on the surface. The gripper is vacant. Objective: Block g rests atop block i, block i rests atop block l, block l rests atop block j, block j rests atop block a, block a rests atop block f, and block f rests atop block h. Reply with a numbered sequence of operations only. Each operation must be exactly one of: pick-up X / put-down X / stack X Y / unstack X Y. No explanation. No extra text.""","pick-up f
stack f h
pick-up a
stack a f
pick-up j
stack j a
pick-up l
stack l j
pick-up i
stack i l
pick-up g
stack g i",planning_suite,blocksworld,medium,high,type=planbench_original | dataset=planbench | filename=instance-467.pddl | path=plan-bench/instances/blocksworld/generated/instance-467.pddl,verify_blocksworld_plan,num_blocks=7 | requires_unstacking=false | max_initial_stack_depth=1,7 blocks starting on table; no unstacking required
BW_467,W2,"Action Reference:
| Action      | Preconditions                        | Effect            |
|-------------|--------------------------------------|-------------------|
| pick-up X   | X is on table, X is clear, hand empty| holding X         |
| put-down X  | holding X                            | X on table        |
| stack X Y   | holding X, Y is clear                | X on Y            |
| unstack X Y | X on Y, X is clear, hand empty       | holding X         |

Current State:
| Block | Location | Clear? |
|-------|----------|--------|
| g     | table    | yes    |
| i     | table    | yes    |
| l     | table    | yes    |
| j     | table    | yes    |
| a     | table    | yes    |
| f     | table    | yes    |
| h     | table    | yes    |

Goal:
| Block | Must be on top of |
|-------|-------------------|
| g     | i                 |
| i     | l                 |
| l     | j                 |
| j     | a                 |
| a     | f                 |
| f     | h                 |

Respond with a numbered list of actions only. Each action must be exactly one of: pick-up X / put-down X / stack X Y / unstack X Y. No explanation. No extra text.","pick-up f
stack f h
pick-up a
stack a f
pick-up j
stack j a
pick-up l
stack l j
pick-up i
stack i l
pick-up g
stack g i",planning_suite,blocksworld,medium,high,type=planbench_original | dataset=planbench | filename=instance-467.pddl | path=plan-bench/instances/blocksworld/generated/instance-467.pddl,verify_blocksworld_plan,num_blocks=7 | requires_unstacking=false | max_initial_stack_depth=1,7 blocks starting on table; no unstacking required
BW_467,W3,"""You are an HR manager building a reporting chain. Available actions: select X (X must have no direct reports and be unassigned, hands must be free), release X (return X to the unassigned pool), place X under Y (Y must have no one above them, you must be holding X), remove X from Y (X must have no direct reports, hands must be free). You can manage one employee at a time. Current state: Gloria, Ian, Lisa, Jake, Amy, Felix, and Hannah are all unassigned and available. Your hands are free. Goal: Gloria reports to Ian, Ian reports to Lisa, Lisa reports to Jake, Jake reports to Amy, Amy reports to Felix, and Felix reports to Hannah. Respond with a numbered list of actions only. Each action must be exactly one of: select X / release X / place X under Y / remove X from Y. No explanation. No extra text.""","select Felix
place Felix under Hannah
select Amy
place Amy under Felix
select Jake
place Jake under Amy
select Lisa
place Lisa under Jake
select Ian
place Ian under Lisa
select Gloria
place Gloria under Ian",planning_suite,blocksworld,medium,high,type=planbench_original | dataset=planbench | filename=instance-467.pddl | path=plan-bench/instances/blocksworld/generated/instance-467.pddl,verify_blocksworld_plan,num_blocks=7 | requires_unstacking=false | max_initial_stack_depth=1,7 blocks starting on table; no unstacking required
BW_467,W4,"FORMAL DEFINITION:
π = ⟨B, S₀, S*, A⟩

BLOCKS:
B = {g, i, l, j, a, f, h}

INITIAL STATE S₀:
OnTable(g), OnTable(i), OnTable(l), OnTable(j),
OnTable(a), OnTable(f), OnTable(h),
Clear(g), Clear(i), Clear(l), Clear(j),
Clear(a), Clear(f), Clear(h),
HandEmpty

GOAL STATE S*:
On(g,i), On(i,l), On(l,j), On(j,a), On(a,f), On(f,h), OnTable(h)

ACTIONS (Preconditions → Add Effects | Delete Effects):

1. pick-up(x):
   Pre:  Clear(x), OnTable(x), HandEmpty
   Add:  Holding(x)
   Del:  Clear(x), OnTable(x), HandEmpty

2. put-down(x):
   Pre:  Holding(x)
   Add:  OnTable(x), Clear(x), HandEmpty
   Del:  Holding(x)

3. stack(x, y):
   Pre:  Holding(x), Clear(y)
   Add:  On(x,y), Clear(x), HandEmpty
   Del:  Holding(x), Clear(y)

4. unstack(x, y):
   Pre:  On(x,y), Clear(x), HandEmpty
   Add:  Holding(x), Clear(y)
   Del:  On(x,y), Clear(x), HandEmpty

CONSTRAINTS:
- x ≠ y for all two-argument actions
- Exactly one block can be held at a time
- Pre(aₖ) ⊆ Sₖ₋₁ must hold for each action aₖ

TASK:
Find plan π = (a₁, a₂, ..., aₙ) such that:
S₀ →(a₁) S₁ →(a₂) ... →(aₙ) Sₙ, where S* ⊆ Sₙ

OUTPUT FORMAT:
Return a numbered list of actions only.
Each action must be exactly one of:
  pick-up X
  put-down X
  stack X Y
  unstack X Y
No explanation. No extra text.","pick-up f
stack f h
pick-up a
stack a f
pick-up j
stack j a
pick-up l
stack l j
pick-up i
stack i l
pick-up g
stack g i",planning_suite,blocksworld,medium,high,type=planbench_original | dataset=planbench | filename=instance-467.pddl | path=plan-bench/instances/blocksworld/generated/instance-467.pddl,verify_blocksworld_plan,num_blocks=7 | requires_unstacking=false | max_initial_stack_depth=1,7 blocks starting on table; no unstacking required
BW_467,W5,"""You are a robot arm. Available actions: pick-up X (X must be clear and on the table, hand must be empty), put-down X (place X on the table), stack X Y (place X on Y; Y must be clear, you must be holding X), unstack X Y (pick up X from Y; X must be clear, hand must be empty). You can hold one block at a time. Current state: Block g is on block i, block i is on block l, block l is on block j, block j is on block a, block a is on block f, and block f is on block h. Block h is on the table. The hand is empty. Goal: Blocks g, i, l, j, a, f, and h are all clear and on the table. Respond with a numbered list of actions only. Each action must be exactly one of: pick-up X / put-down X / stack X Y / unstack X Y. No explanation. No extra text.""","unstack g i
put-down g
unstack i l
put-down i
unstack l j
put-down l
unstack j a
put-down j
unstack a f
put-down a
unstack f h
put-down f",planning_suite,blocksworld,medium,high,type=planbench_original | dataset=planbench | filename=instance-467.pddl | path=plan-bench/instances/blocksworld/generated/instance-467.pddl,verify_blocksworld_plan,num_blocks=7 | requires_unstacking=false | max_initial_stack_depth=1,7 blocks starting on table; no unstacking required
BW_467,W6,"You are a robot arm. Available actions: pick-up X (X must be clear and on the table, hand must be empty), put-down X (place X on the table), stack X Y (place X on Y; Y must be clear, you must be holding X), unstack X Y (pick up X from Y; X must be clear, hand must be empty). You can hold one block at a time. Current state: Blocks a, b, c, d, e, f, g, and h are clear and on the table. The hand is empty. Goal: Block a is on block f, block b is on block h, block c is on block a, block d is on block g, block e is on the table, block f is on block e, block g is on block b, block h is on block c. Respond with a numbered list of actions only. Each action must be exactly one of: pick-up X / put-down X / stack X Y / unstack X Y. No explanation. No extra text.","pick-up f
stack f e
pick-up a
stack a f
pick-up c
stack c a
pick-up h
stack h c
pick-up b
stack b h
pick-up g
stack g b
pick-up d
stack d g",planning_suite,blocksworld,medium,high,type=planbench_original | dataset=planbench | filename=instance-467.pddl | path=plan-bench/instances/blocksworld/generated/instance-467.pddl | synthesized_w6_from_canonical,verify_blocksworld_plan,num_blocks=7 | requires_unstacking=false | max_initial_stack_depth=1,7 blocks starting on table; no unstacking required | W6 synthesized from canonical for coverage
BW_467,canonical,"""You are a robot arm. Available actions: pick-up X (X must be clear and on the table, hand must be empty), put-down X (place X on the table), stack X Y (place X on Y; Y must be clear, you must be holding X), unstack X Y (pick up X from Y; X must be clear, hand must be empty). You can hold one block at a time. Current state: Blocks g, i, l, j, a, f, and h are clear and on the table. The hand is empty. Goal: Block g is on block i, block i is on block l, block l is on block j, block j is on block a, block a is on block f, and block f is on block h. Respond with a numbered list of actions only. Each action must be exactly one of: pick-up X / put-down X / stack X Y / unstack X Y. No explanation. No extra text.""","pick-up f
stack f h
pick-up a
stack a f
pick-up j
stack j a
pick-up l
stack l j
pick-up i
stack i l
pick-up g
stack g i",planning_suite,blocksworld,medium,high,type=planbench_original | dataset=planbench | filename=instance-467.pddl | path=plan-bench/instances/blocksworld/generated/instance-467.pddl,verify_blocksworld_plan,"{""critical_step_index"": 6, ""plan_length"": 12, ""computed_from"": ""correct_answer_midpoint""}",7 blocks starting on table; no unstacking required
BW_495,W1,"You are a robotic manipulator. Permitted operations: pick-up X (X must be unobstructed and resting on the surface, gripper must be vacant), put-down X (deposit X onto the surface), stack X Y (position X atop Y; Y must be unobstructed, you must be gripping X), unstack X Y (retrieve X from atop Y; X must be unobstructed, gripper must be vacant). You may grip one block at a time. Current configuration: Blocks c, l, i, e, and h are unobstructed and resting on the surface. The gripper is vacant. Objective: Block c rests atop block l, block l rests atop block i, block i rests atop block e, and block e rests atop block h. Reply with a numbered sequence of operations only. Each operation must be exactly one of: pick-up X / put-down X / stack X Y / unstack X Y. No explanation. No extra text.","pick-up e
 stack e h
 pick-up i
 stack i e
 pick-up l
 stack l i
 pick-up c
 stack c l",planning_suite,blocksworld,medium,high,plan-bench/instances/blocksworld/generated/instance-495.pddl,verify_blocksworld_plan,,
BW_495,W2,"Action Reference:
 | Action | Preconditions | Effect |
 |--------|---------------|--------|
 | pick-up X | X is on table, X is clear, hand empty | holding X |
 | put-down X | holding X | X on table |
 | stack X Y | holding X, Y is clear | X on Y |
 | unstack X Y | X on Y, X is clear, hand empty | holding X |
 
 Current State:
 | Block | Location | Clear? |
 |-------|----------|--------|
 | c | table | yes |
 | l | table | yes |
 | i | table | yes |
 | e | table | yes |
 | h | table | yes |
 
 Goal:
 | Block | Must be on top of |
 |-------|-------------------|
 | c | l |
 | l | i |
 | i | e |
 | e | h |
 
 Respond with a numbered list of actions only. Each action must be exactly one of: pick-up X / put-down X / stack X Y / unstack X Y. No explanation. No extra text.","pick-up e
 stack e h
 pick-up i
 stack i e
 pick-up l
 stack l i
 pick-up c
 stack c l",planning_suite,blocksworld,medium,high,plan-bench/instances/blocksworld/generated/instance-495.pddl,verify_blocksworld_plan,,
BW_495,W3,"You are an HR manager building a reporting chain. Available actions: select X (X must be unassigned and available, hands must be free), release X (return X to the unassigned pool), place X under Y (Y must be available, you must be holding X), remove X from Y (X must have no direct reports, hands must be free). You can manage one employee at a time. Current state: Carol, Lisa, Ivan, Eve, and Henry are all unassigned and available. Your hands are free. Goal: Carol reports to Lisa, Lisa reports to Ivan, Ivan reports to Eve, Eve reports to Henry. Respond with a numbered list of actions only. Each action must be exactly one of: select X / release X / place X under Y / remove X from Y. No explanation. No extra text.","select Eve
place Eve under Henry
select Ivan
place Ivan under Eve
select Lisa
place Lisa under Ivan
select Carol
place Carol under Lisa",planning_suite,blocksworld,medium,high,plan-bench/instances/blocksworld/generated/instance-495.pddl,verify_blocksworld_plan,,
BW_495,W4,"FORMAL DEFINITION:
 π = ⟨B, S₀, S*, A⟩
 
 BLOCKS:
 B = {c, l, i, e, h}
 
 INITIAL STATE S₀:
 OnTable(c), OnTable(l), OnTable(i), OnTable(e), OnTable(h),
 Clear(c), Clear(l), Clear(i), Clear(e), Clear(h),
 HandEmpty
 
 GOAL STATE S*:
 On(c,l), On(l,i), On(i,e), On(e,h)
 
 ACTIONS (Preconditions → Add Effects | Delete Effects):
 
 1. pick-up(x):
  Pre: Clear(x), OnTable(x), HandEmpty
  Add: Holding(x)
  Del: Clear(x), OnTable(x), HandEmpty
 
 2. put-down(x):
  Pre: Holding(x)
  Add: OnTable(x), Clear(x), HandEmpty
  Del: Holding(x)
 
 3. stack(x, y):
  Pre: Holding(x), Clear(y)
  Add: On(x,y), Clear(x), HandEmpty
  Del: Holding(x), Clear(y)
 
 4. unstack(x, y):
  Pre: On(x,y), Clear(x), HandEmpty
  Add: Holding(x), Clear(y)
  Del: On(x,y), Clear(x), HandEmpty
 
 CONSTRAINTS:
 - x ≠ y for all two-argument actions
 - Exactly one block can be held at a time
 - Pre(aₖ) ⊆ Sₖ₋₁ must hold for each action aₖ
 
 TASK:
 Find plan π = (a₁, a₂, ..., aₙ) such that:
 S₀ →(a₁) S₁ →(a₂) ... →(aₙ) Sₙ, where S* ⊆ Sₙ
 
 OUTPUT FORMAT:
 Return a numbered list of actions only.
 Each action must be exactly one of:
  pick-up X
  put-down X
  stack X Y
  unstack X Y
 No explanation. No extra text.","pick-up e
 stack e h
 pick-up i
 stack i e
 pick-up l
 stack l i
 pick-up c
 stack c l",planning_suite,blocksworld,medium,high,plan-bench/instances/blocksworld/generated/instance-495.pddl,verify_blocksworld_plan,,
BW_495,W5,"You are a robot arm. Available actions: pick-up X (X must be clear and on the table, hand must be empty), put-down X (place X on the table), stack X Y (place X on Y; Y must be clear, you must be holding X), unstack X Y (pick up X from Y; X must be clear, hand must be empty). You can hold one block at a time. Current state: Block c is on block l, block l is on block i, block i is on block e, block e is on block h. Block h is on the table. The hand is empty. Goal: Blocks c, l, i, e, and h are all clear and on the table. Respond with a numbered list of actions only. Each action must be exactly one of: pick-up X / put-down X / stack X Y / unstack X Y. No explanation. No extra text.","unstack c l
put-down c
unstack l i
put-down l
unstack i e
put-down i
unstack e h
put-down e",planning_suite,blocksworld,medium,high,plan-bench/instances/blocksworld/generated/instance-495.pddl,verify_blocksworld_plan,,
BW_495,W6,"You are a robot arm. Available actions: pick-up X (X must be clear and on the table, hand must be empty), put-down X (place X on the table), stack X Y (place X on Y; Y must be clear, you must be holding X), unstack X Y (pick up X from Y; X must be clear, hand must be empty). You can hold one block d b time. Current state: Blocks f, m, k, g, and j are clear and on the table. The hand is empty. Goal: Block f is on block m, block m is on block k, block k is on block g, and block g is on block j. Respond with a numbered list of actions only. Each action must be exactly one of: pick-up X / put-down X / stack X Y / unstack X Y. No explanation. No extra text.","pick-up g
 stack g j
 pick-up k
 stack k g
 pick-up m
 stack m k
 pick-up f
 stack f m",planning_suite,blocksworld,medium,high,plan-bench/instances/blocksworld/generated/instance-495.pddl | variant=w6_rename,verify_blocksworld_plan,,
BW_495,canonical,"You are a robot arm. Available actions: pick-up X (X must be clear and on the table, hand must be empty), put-down X (place X on the table), stack X Y (place X on Y; Y must be clear, you must be holding X), unstack X Y (pick up X from Y; X must be clear, hand must be empty). You can hold one block at a time. Current state: Blocks c, l, i, e, and h are clear and on the table. The hand is empty. Goal: Block c is on block l, block l is on block i, block i is on block e, and block e is on block h. Respond with a numbered list of actions only. Each action must be exactly one of: pick-up X / put-down X / stack X Y / unstack X Y. No explanation. No extra text.","pick-up e
 stack e h
 pick-up i
 stack i e
 pick-up l
 stack l i
 pick-up c
 stack c l",planning_suite,blocksworld,medium,high,plan-bench/instances/blocksworld/generated/instance-495.pddl,verify_blocksworld_plan,"{""critical_step_index"": 4, ""plan_length"": 8, ""computed_from"": ""correct_answer_midpoint""}",
BW_E002,W1,"""You are a robotic manipulator. Permitted operations: pick-up X (X must be unobstructed and resting on the surface, gripper must be vacant), put-down X (deposit X onto the surface), stack X Y (position X atop Y; Y must be unobstructed, you must be gripping X), unstack X Y (retrieve X from atop Y; X must be unobstructed, gripper must be vacant). You may grip one block at a time. Current configuration: Blocks a, b, and c are on the surface. Block a is unobstructed. Block b is unobstructed. Block c is unobstructed. The gripper is vacant. Objective: Block a rests atop block c, and block b rests atop block a. Reply with a numbered sequence of operations only. Each operation must be exactly one of: pick-up X / put-down X / stack X Y / unstack X Y. No explanation. No extra text.""","pick-up a
stack a c
pick-up b
stack b a",planning_suite,blocksworld,easy,low,planbench_generated_basic_3_2,verify_blocksworld_plan,num_blocks=3 | requires_unstacking=false| max_initial_stack_depth=1,"3 blocks, 4 moves"
BW_E002,W2,"Action Reference:
| Action | Preconditions | Effect |
|-------------|--------------------------------------|-------------------|
| pick-up X | X is on table, X is clear, hand empty| holding X |
| put-down X | holding X | X on table |
| stack X Y | holding X, Y is clear | X on Y |
| unstack X Y | X on Y, X is clear, hand empty | holding X |

Current State:
| Block | Location | Clear? |
|-------|----------|--------|
| a | table | yes |
| b | table | yes |
| c | table | yes |

Goal:
| Block | Must be on top of |
|-------|-------------------|
| a | c |
| b | a |

Respond with a numbered list of actions only. Each action must be exactly one of: pick-up X / put-down X / stack X Y / unstack X Y. No explanation. No extra text.","pick-up a
stack a c
pick-up b
stack b a",planning_suite,blocksworld,easy,low,planbench_generated_basic_3_2,verify_blocksworld_plan,num_blocks=3 | requires_unstacking=false| max_initial_stack_depth=1,"3 blocks, 4 moves"
BW_E002,W3,"""You are an HR manager building a reporting chain. Available actions: select X (X must have no direct reports and be unassigned, hands must be free), release X (return X to the unassigned pool), place X under Y (Y must have no one above them, you must be holding X), remove X from Y (X must have no direct reports, hands must be free). You can manage one employee at a time. Current state: Aaron, Brian, and Clara are all unassigned and available. Your hands are free. Goal: Aaron reports to Clara, and Brian reports to Aaron. Respond with a numbered list of actions only. Each action must be exactly one of: select X / release X / place X under Y / remove X from Y. No explanation. No extra text.""","select Aaron
place Aaron under Clara
select Brian
place Brian under Aaron",planning_suite,blocksworld,easy,low,planbench_generated_basic_3_2,verify_blocksworld_plan,num_blocks=3 | requires_unstacking=false| max_initial_stack_depth=1,"3 blocks, 4 moves"
BW_E002,W4,"FORMAL DEFINITION:
π = ⟨P, S₀, S*, A⟩

BLOCKS:
B = {a, b, c}

INITIAL STATE S₀:
OnTable(a), OnTable(b), OnTable(c),
Clear(a), Clear(b), Clear(c),
HandEmpty

GOAL STATE S*:
On(a,c), On(b,a)

ACTIONS (Preconditions → Add Effects | Delete Effects):

1. pick-up(x):
   Pre:  Clear(x), OnTable(x), HandEmpty
   Add:  Holding(x)
   Del:  Clear(x), OnTable(x), HandEmpty

2. put-down(x):
   Pre:  Holding(x)
   Add:  OnTable(x), Clear(x), HandEmpty
   Del:  Holding(x)

3. stack(x, y):
   Pre:  Holding(x), Clear(y)
   Add:  On(x,y), Clear(x), HandEmpty
   Del:  Holding(x), Clear(y)

4. unstack(x, y):
   Pre:  On(x,y), Clear(x), HandEmpty
   Add:  Holding(x), Clear(y)
   Del:  On(x,y), Clear(x), HandEmpty

CONSTRAINTS:
- x ≠ y for all two-argument actions
- Exactly one block can be held at a time
- Pre(aₖ) ⊆ Sₖ₋₁ must hold for each action aₖ

TASK:
Find plan π = (a₁, a₂, ..., aₙ) such that:
S₀ →(a₁) S₁ →(a₂) ... →(aₙ) Sₙ, where S* ⊆ Sₙ

OUTPUT FORMAT:
Return a numbered list of actions only.
Each action must be exactly one of:
  pick-up X
  put-down X
  stack X Y
  unstack X Y
No explanation. No extra text.","pick-up a 
stack a c 
pick-up b 
stack b a",planning_suite,blocksworld,easy,low,planbench_generated_basic_3_2,verify_blocksworld_plan,num_blocks=3 | requires_unstacking=false| max_initial_stack_depth=1,"3 blocks, 4 moves"
BW_E002,W5,"""You are a robot arm. Available actions: pick-up X (X must be clear and on the table, hand must be empty), put-down X (place X on the table), stack X Y (place X on Y; Y must be clear, you must be holding X), unstack X Y (pick up X from Y; X must be clear, hand must be empty). You can hold one block at a time. Current state: Block b is on block a, block a is on block c. Block c is on the table. The hand is empty. Goal: Blocks a, b, and c are all clear and on the table. Respond with a numbered list of actions only. Each action must be exactly one of: pick-up X / put-down X / stack X Y / unstack X Y. No explanation. No extra text.""","unstack b a
put-down b
unstack a c
put-down a",planning_suite,blocksworld,easy,low,planbench_generated_basic_3_2,verify_blocksworld_plan,num_blocks=3 | requires_unstacking=false| max_initial_stack_depth=1,"3 blocks, 4 moves"
BW_E002,W6,"You are a robot arm. Available actions: pick-up X (X must be clear and on the table, hand must be empty), put-down X (place X on the table), stack X Y (place X on Y; Y must be clear, you must be holding X), unstack X Y (pick up X from Y; X must be clear, hand must be empty). You can hold one block at a time. Current state: Blocks a, b, c, and d are clear and on the table. The hand is empty. Goal: Block a is on block b, block b is on block c, block c is on block d, block d is on the table. Respond with a numbered list of actions only. Each action must be exactly one of: pick-up X / put-down X / stack X Y / unstack X Y. No explanation. No extra text.","pick-up c
stack c d
pick-up b
stack b c
pick-up a
stack a b",planning_suite,blocksworld,easy,low,type=planbench_generated | dataset=planbench_basic | filename=instance-basic-3-2.pddl | synthesized_w6_from_canonical,verify_blocksworld_plan,num_blocks=3 | requires_unstacking=false| max_initial_stack_depth=1,"3 blocks, 4 moves | W6 synthesized from canonical for coverage"
BW_E002,canonical,"You are a robot arm. Available actions: pick-up X (X must be clear and on the table, hand must be empty), put-down X (place X on the table), stack X Y (place X on Y; Y must be clear, you must be holding X), unstack X Y (pick up X from Y; X must be clear, hand must be empty). You can hold one block at a time. Current state: Blocks a, b, and c are on the table. Block a is clear. Block b is clear. Block c is clear. The hand is empty. Goal: Block a is on block c, and block b is on block a. Respond with a numbered list of actions only. Each action must be exactly one of: pick-up X / put-down X / stack X Y / unstack X Y. No explanation. No extra text.

","pick-up a 
stack a c 
pick-up b 
stack b a",planning_suite,blocksworld,easy,low,type=planbench_generated | dataset=planbench_basic | filename=instance-basic-3-2.pddl,verify_blocksworld_plan,num_blocks=3 | requires_unstacking=false| max_initial_stack_depth=1,"3 blocks, 4 moves"
BW_E015,W1,"""You are a robotic manipulator. Permitted operations: pick-up X (X must be unobstructed and resting on the surface, gripper must be vacant), put-down X (deposit X onto the surface), stack X Y (position X atop Y; Y must be unobstructed, you must be gripping X), unstack X Y (retrieve X from atop Y; X must be unobstructed, gripper must be vacant). You may grip one block at a time. Current configuration: Blocks a, b, and c are on the surface. Block a is on the surface and unobstructed. Block b is on the surface. Block c is on block b and unobstructed. The gripper is vacant. Objective: Block a rests atop block b. Reply with a numbered sequence of operations only. Each operation must be exactly one of: pick-up X / put-down X / stack X Y / unstack X Y. No explanation. No extra text.""","unstack c b
put-down c
pick-up a
stack a b",planning_suite,blocksworld,easy,low,planbench_generated_basic_3_15,verify_blocksworld_plan,num_blocks=3 | requires_unstacking=true| max_initial_stack_depth=2,"3 blocks, 4 moves"
BW_E015,W2,"Action Reference:
| Action | Preconditions | Effect |
|-------------|--------------------------------------|-------------------|
| pick-up X | X is on table, X is clear, hand empty| holding X |
| put-down X | holding X | X on table |
| stack X Y | holding X, Y is clear | X on Y |
| unstack X Y | X on Y, X is clear, hand empty | holding X |

Current State:
| Block | Location | Clear? |
|-------|----------|--------|
| a | table | yes |
| b | table | no |
| c | on b | yes |

Goal:
| Block | Must be on top of |
|-------|-------------------|
| a | b |

Respond with a numbered list of actions only. Each action must be exactly one of: pick-up X / put-down X / stack X Y / unstack X Y. No explanation. No extra text.","unstack c b
put-down c
pick-up a
stack a b",planning_suite,blocksworld,easy,low,planbench_generated_basic_3_15,verify_blocksworld_plan,num_blocks=3 | requires_unstacking=true| max_initial_stack_depth=2,"3 blocks, 4 moves"
BW_E015,W3,"""You are an HR manager building a reporting chain. Available actions: select X (X must have no direct reports and be unassigned, hands must be free), release X (return X to the unassigned pool), place X under Y (Y must have no one above them, you must be holding X), remove X from Y (X must have no direct reports, hands must be free). You can manage one employee at a time. Current state: Aaron is unassigned and available. Brian is unassigned and available. Clara is reporting to Brian. Brian has someone above him. Clara has no one above her. Your hands are free. Goal: Aaron reports to Brian. Respond with a numbered list of actions only. Each action must be exactly one of: select X / release X / place X under Y / remove X from Y. No explanation. No extra text.""","remove Clara from Brian
release Clara
select Aaron
place Aaron under Brian",planning_suite,blocksworld,easy,low,planbench_generated_basic_3_15,verify_blocksworld_plan,num_blocks=3 | requires_unstacking=true| max_initial_stack_depth=2,"3 blocks, 4 moves"
BW_E015,W4,"FORMAL DEFINITION:
π = ⟨P, S₀, S*, A⟩

BLOCKS:
B = {a, b, c}

INITIAL STATE S₀:
OnTable(a), OnTable(b), Clear(a), Clear(c),
On(c,b), HandEmpty

GOAL STATE S*:
On(a,b)

ACTIONS (Preconditions → Add Effects | Delete Effects):

1. pick-up(x):
   Pre:  Clear(x), OnTable(x), HandEmpty
   Add:  Holding(x)
   Del:  Clear(x), OnTable(x), HandEmpty

2. put-down(x):
   Pre:  Holding(x)
   Add:  OnTable(x), Clear(x), HandEmpty
   Del:  Holding(x)

3. stack(x, y):
   Pre:  Holding(x), Clear(y)
   Add:  On(x,y), Clear(x), HandEmpty
   Del:  Holding(x), Clear(y)

4. unstack(x, y):
   Pre:  On(x,y), Clear(x), HandEmpty
   Add:  Holding(x), Clear(y)
   Del:  On(x,y), Clear(x), HandEmpty

CONSTRAINTS:
- x ≠ y for all two-argument actions
- Exactly one block can be held at a time
- Pre(aₖ) ⊆ Sₖ₋₁ must hold for each action aₖ

TASK:
Find plan π = (a₁, a₂, ..., aₙ) such that:
S₀ →(a₁) S₁ →(a₂) ... →(aₙ) Sₙ, where S* ⊆ Sₙ

OUTPUT FORMAT:
Return a numbered list of actions only.
Each action must be exactly one of:
  pick-up X
  put-down X
  stack X Y
  unstack X Y
No explanation. No extra text.","unstack c b
put-down c
pick-up a
stack a b",planning_suite,blocksworld,easy,low,planbench_generated_basic_3_15,verify_blocksworld_plan,num_blocks=3 | requires_unstacking=true| max_initial_stack_depth=2,"3 blocks, 4 moves"
BW_E015,W5,"""You are a robot arm. Available actions: pick-up X (X must be clear and on the table, hand must be empty), put-down X (place X on the table), stack X Y (place X on Y; Y must be clear, you must be holding X), unstack X Y (pick up X from Y; X must be clear, hand must be empty). You can hold one block at a time. Current state: Block a is on block b. Block b and block c are on the table. The hand is empty. Goal: Blocks a and b are on the table, block c is on block b, and blocks a and c are clear. Respond with a numbered list of actions only. Each action must be exactly one of: pick-up X / put-down X / stack X Y / unstack X Y. No explanation. No extra text.""","unstack a b
put-down a
pick-up c
stack c b",planning_suite,blocksworld,easy,low,planbench_generated_basic_3_15,verify_blocksworld_plan,num_blocks=3 | requires_unstacking=true| max_initial_stack_depth=2,"3 blocks, 4 moves"
BW_E015,W6,"You are a robot arm. Available actions: pick-up X (X must be clear and on the table, hand must be empty), put-down X (place X on the table), stack X Y (place X on Y; Y must be clear, you must be holding X), unstack X Y (pick up X from Y; X must be clear, hand must be empty). You can hold one block at a time. Current state: Blocks a, b, and c are on the table. Block a is on the table and clear. Block b is on the table. Block c is on block b and clear. The hand is empty. Goal: Block a is on block b. Respond with a numbered list of actions only. Each action must be exactly one of: pick-up X / put-down X / stack X Y / unstack X Y. No explanation. No extra text.","unstack c b
put-down c
pick-up a
stack a b",planning_suite,blocksworld,easy,low,type=planbench_generated | dataset=planbench_basic | filename=instance-basic-3-15.pddl | synthesized_w6_from_canonical,verify_blocksworld_plan,num_blocks=3 | requires_unstacking=true| max_initial_stack_depth=2,"3 blocks, 4 moves | W6 synthesized from canonical for coverage"
BW_E015,canonical,"You are a robot arm. Available actions: pick-up X (X must be clear and on the table, hand must be empty), put-down X (place X on the table), stack X Y (place X on Y; Y must be clear, you must be holding X), unstack X Y (pick up X from Y; X must be clear, hand must be empty). You can hold one block at a time. Current state: Blocks a, b, and c are on the table. Block a is on the table and clear. Block b is on the table. Block c is on block b and clear. The hand is empty. Goal: Block a is on block b. Respond with a numbered list of actions only. Each action must be exactly one of: pick-up X / put-down X / stack X Y / unstack X Y. No explanation. No extra text.","unstack c b
put-down c
pick-up a
stack a b",planning_suite,blocksworld,easy,low,type=planbench_generated | dataset=planbench_basic | filename=instance-basic-3-15.pddl,verify_blocksworld_plan,num_blocks=3 | requires_unstacking=true| max_initial_stack_depth=2,"3 blocks, 4 moves"
BW_E017,W1,"""You are a robotic manipulator. Permitted operations: pick-up X (X must be unobstructed and resting on the surface, gripper must be vacant), put-down X (deposit X onto the surface), stack X Y (position X atop Y; Y must be unobstructed, you must be gripping X), unstack X Y (retrieve X from atop Y; X must be unobstructed, gripper must be vacant). You may grip one block at a time. Current configuration: Blocks a, b, and c are on the surface. Block a is unobstructed. Block b is unobstructed. Block c is unobstructed. The gripper is vacant. Objective: Block a rests atop block b, and block c rests atop block a. Reply with a numbered sequence of operations only. Each operation must be exactly one of: pick-up X / put-down X / stack X Y / unstack X Y. No explanation. No extra text.""","pick-up a
stack a b
pick-up c
stack c a",planning_suite,blocksworld,easy,low,planbench_generated_basic_3_17,verify_blocksworld_plan,num_blocks=3 | requires_unstacking=false| max_initial_stack_depth=1,"3 blocks, 4 moves"
BW_E017,W2,"Action Reference:
| Action | Preconditions | Effect |
|-------------|--------------------------------------|-------------------|
| pick-up X | X is on table, X is clear, hand empty| holding X |
| put-down X | holding X | X on table |
| stack X Y | holding X, Y is clear | X on Y |
| unstack X Y | X on Y, X is clear, hand empty | holding X |

Current State:
| Block | Location | Clear? |
|-------|----------|--------|
| a | table | yes |
| b | table | yes |
| c | table | yes |

Goal:
| Block | Must be on top of |
|-------|-------------------|
| a | b |
| c | a |

Respond with a numbered list of actions only. Each action must be exactly one of: pick-up X / put-down X / stack X Y / unstack X Y. No explanation. No extra text.","pick-up a
stack a b
pick-up c
stack c a",planning_suite,blocksworld,easy,low,planbench_generated_basic_3_17,verify_blocksworld_plan,num_blocks=3 | requires_unstacking=false| max_initial_stack_depth=1,"3 blocks, 4 moves"
BW_E017,W3,"""You are an HR manager building a reporting chain. Available actions: select X (X must have no direct reports and be unassigned, hands must be free), release X (return X to the unassigned pool), place X under Y (Y must have no one above them, you must be holding X), remove X from Y (X must have no direct reports, hands must be free). You can manage one employee at a time. Current state: Aaron, Brian, and Clara are all unassigned and available. Your hands are free. Goal: Aaron reports to Brian, and Clara reports to Aaron. Respond with a numbered list of actions only. Each action must be exactly one of: select X / release X / place X under Y / remove X from Y. No explanation. No extra text.""","select Aaron
place Aaron under Brian
select Clara
place Clara under Aaron",planning_suite,blocksworld,easy,low,planbench_generated_basic_3_17,verify_blocksworld_plan,num_blocks=3 | requires_unstacking=false| max_initial_stack_depth=1,"3 blocks, 4 moves"
BW_E017,W4,"FORMAL DEFINITION:
π = ⟨P, S₀, S*, A⟩

BLOCKS:
B = {a, b, c}

INITIAL STATE S₀:
OnTable(a), OnTable(b), OnTable(c),
Clear(a), Clear(b), Clear(c),
HandEmpty

GOAL STATE S*:
On(a,b), On(c,a)

ACTIONS (Preconditions → Add Effects | Delete Effects):

1. pick-up(x):
   Pre:  Clear(x), OnTable(x), HandEmpty
   Add:  Holding(x)
   Del:  Clear(x), OnTable(x), HandEmpty

2. put-down(x):
   Pre:  Holding(x)
   Add:  OnTable(x), Clear(x), HandEmpty
   Del:  Holding(x)

3. stack(x, y):
   Pre:  Holding(x), Clear(y)
   Add:  On(x,y), Clear(x), HandEmpty
   Del:  Holding(x), Clear(y)

4. unstack(x, y):
   Pre:  On(x,y), Clear(x), HandEmpty
   Add:  Holding(x), Clear(y)
   Del:  On(x,y), Clear(x), HandEmpty

CONSTRAINTS:
- x ≠ y for all two-argument actions
- Exactly one block can be held at a time
- Pre(aₖ) ⊆ Sₖ₋₁ must hold for each action aₖ

TASK:
Find plan π = (a₁, a₂, ..., aₙ) such that:
S₀ →(a₁) S₁ →(a₂) ... →(aₙ) Sₙ, where S* ⊆ Sₙ

OUTPUT FORMAT:
Return a numbered list of actions only.
Each action must be exactly one of:
  pick-up X
  put-down X
  stack X Y
  unstack X Y
No explanation. No extra text.","pick-up a
stack a b
pick-up c
stack c a",planning_suite,blocksworld,easy,low,planbench_generated_basic_3_17,verify_blocksworld_plan,num_blocks=3 | requires_unstacking=false| max_initial_stack_depth=1,"3 blocks, 4 moves"
BW_E017,W5,"""You are a robot arm. Available actions: pick-up X (X must be clear and on the table, hand must be empty), put-down X (place X on the table), stack X Y (place X on Y; Y must be clear, you must be holding X), unstack X Y (pick up X from Y; X must be clear, hand must be empty). You can hold one block at a time. Current state: Block c is on block a, block a is on block b. Block b is on the table. The hand is empty. Goal: Blocks a, b, and c are all clear and on the table. Respond with a numbered list of actions only. Each action must be exactly one of: pick-up X / put-down X / stack X Y / unstack X Y. No explanation. No extra text.""","unstack c a
put-down c
unstack a b
put-down a",planning_suite,blocksworld,easy,low,planbench_generated_basic_3_17,verify_blocksworld_plan,num_blocks=3 | requires_unstacking=false| max_initial_stack_depth=1,"3 blocks, 4 moves"
BW_E017,W6,"You are a robot arm. Available actions: pick-up X (X must be clear and on the table, hand must be empty), put-down X (place X on the table), stack X Y (place X on Y; Y must be clear, you must be holding X), unstack X Y (pick up X from Y; X must be clear, hand must be empty). You can hold one block at a time. Current state: Blocks a, b, and c are on the table. Block a is clear. Block b is clear. Block c is clear. The hand is empty. Goal: Block a is on block b, and block c is on block a. Respond with a numbered list of actions only. Each action must be exactly one of: pick-up X / put-down X / stack X Y / unstack X Y. No explanation. No extra text.","pick-up a
stack a b
pick-up c
stack c a",planning_suite,blocksworld,easy,low,type=planbench_generated | dataset=planbench_basic | filename=instance-basic-3-17.pddl | synthesized_w6_from_canonical,verify_blocksworld_plan,num_blocks=3 | requires_unstacking=false| max_initial_stack_depth=1,"3 blocks, 4 moves | W6 synthesized from canonical for coverage"
BW_E017,canonical,"You are a robot arm. Available actions: pick-up X (X must be clear and on the table, hand must be empty), put-down X (place X on the table), stack X Y (place X on Y; Y must be clear, you must be holding X), unstack X Y (pick up X from Y; X must be clear, hand must be empty). You can hold one block at a time. Current state: Blocks a, b, and c are on the table. Block a is clear. Block b is clear. Block c is clear. The hand is empty. Goal: Block a is on block b, and block c is on block a. Respond with a numbered list of actions only. Each action must be exactly one of: pick-up X / put-down X / stack X Y / unstack X Y. No explanation. No extra text.","pick-up a
stack a b
pick-up c
stack c a",planning_suite,blocksworld,easy,low,type=planbench_generated | dataset=planbench_basic | filename=instance-basic-3-17.pddl,verify_blocksworld_plan,num_blocks=3 | requires_unstacking=false| max_initial_stack_depth=1,"3 blocks, 4 moves"
BW_E019,W1,"""You are a robotic manipulator. Permitted operations: pick-up X (X must be unobstructed and resting on the surface, gripper must be vacant), put-down X (deposit X onto the surface), stack X Y (position X atop Y; Y must be unobstructed, you must be gripping X), unstack X Y (retrieve X from atop Y; X must be unobstructed, gripper must be vacant). You may grip one block at a time. Current configuration: Block a is on block b and unobstructed. Block b is on the surface. Block c is on the surface and unobstructed. The gripper is vacant. Objective: Block a rests atop block c, and block b rests atop block a. Reply with a numbered sequence of operations only. Each operation must be exactly one of: pick-up X / put-down X / stack X Y / unstack X Y. No explanation. No extra text.""","unstack a b
stack a c
pick-up b
stack b a",planning_suite,blocksworld,easy,low,planbench_generated_basic_3_19,verify_blocksworld_plan,num_blocks=3 | requires_unstacking=true| max_initial_stack_depth=2,"3 blocks, 4 moves"
BW_E019,W2,"Action Reference:
| Action | Preconditions | Effect |
|-------------|--------------------------------------|-------------------|
| pick-up X | X is on table, X is clear, hand empty| holding X |
| put-down X | holding X | X on table |
| stack X Y | holding X, Y is clear | X on Y |
| unstack X Y | X on Y, X is clear, hand empty | holding X |

Current State:
| Block | Location | Clear? |
|-------|----------|--------|
| a | on b | yes |
| b | table | no |
| c | table | yes |

Goal:
| Block | Must be on top of |
|-------|-------------------|
| a | c |
| b | a |

Respond with a numbered list of actions only. Each action must be exactly one of: pick-up X / put-down X / stack X Y / unstack X Y. No explanation. No extra text.","unstack a b
stack a c
pick-up b
stack b a",planning_suite,blocksworld,easy,low,planbench_generated_basic_3_19,verify_blocksworld_plan,num_blocks=3 | requires_unstacking=true| max_initial_stack_depth=2,"3 blocks, 4 moves"
BW_E019,W3,"""You are an HR manager building a reporting chain. Available actions: select X (X must have no direct reports and be unassigned, hands must be free), release X (return X to the unassigned pool), place X under Y (Y must have no one above them, you must be holding X), remove X from Y (X must have no direct reports, hands must be free). You can manage one employee at a time. Current state: Aaron is reporting to Brian. Brian is unassigned and available. Clara is unassigned and available. Your hands are free. Goal: Aaron reports to Clara, and Brian reports to Aaron. Respond with a numbered list of actions only. Each action must be exactly one of: select X / release X / place X under Y / remove X from Y. No explanation. No extra text.""","remove Aaron from Brian
release Aaron
select Aaron
place Aaron under Clara
select Brian
place Brian under Aaron",planning_suite,blocksworld,easy,low,planbench_generated_basic_3_19,verify_blocksworld_plan,num_blocks=3 | requires_unstacking=true| max_initial_stack_depth=2,"3 blocks, 4 moves"
BW_E019,W4,"FORMAL DEFINITION:
π = ⟨P, S₀, S*, A⟩

BLOCKS:
B = {a, b, c}

INITIAL STATE S₀:
On(a,b), OnTable(b), OnTable(c),
Clear(a), Clear(c),
HandEmpty

GOAL STATE S*:
On(a,c), On(b,a)

ACTIONS (Preconditions → Add Effects | Delete Effects):

1. pick-up(x):
   Pre:  Clear(x), OnTable(x), HandEmpty
   Add:  Holding(x)
   Del:  Clear(x), OnTable(x), HandEmpty

2. put-down(x):
   Pre:  Holding(x)
   Add:  OnTable(x), Clear(x), HandEmpty
   Del:  Holding(x)

3. stack(x, y):
   Pre:  Holding(x), Clear(y)
   Add:  On(x,y), Clear(x), HandEmpty
   Del:  Holding(x), Clear(y)

4. unstack(x, y):
   Pre:  On(x,y), Clear(x), HandEmpty
   Add:  Holding(x), Clear(y)
   Del:  On(x,y), Clear(x), HandEmpty

CONSTRAINTS:
- x ≠ y for all two-argument actions
- Exactly one block can be held at a time
- Pre(aₖ) ⊆ Sₖ₋₁ must hold for each action aₖ

TASK:
Find plan π = (a₁, a₂, ..., aₙ) such that:
S₀ →(a₁) S₁ →(a₂) ... →(aₙ) Sₙ, where S* ⊆ Sₙ

OUTPUT FORMAT:
Return a numbered list of actions only.
Each action must be exactly one of:
  pick-up X
  put-down X
  stack X Y
  unstack X Y
No explanation. No extra text.","unstack a b
stack a c
pick-up b
stack b a",planning_suite,blocksworld,easy,low,planbench_generated_basic_3_19,verify_blocksworld_plan,num_blocks=3 | requires_unstacking=true| max_initial_stack_depth=2,"3 blocks, 4 moves"
BW_E019,W5,"""You are a robot arm. Available actions: pick-up X (X must be clear and on the table, hand must be empty), put-down X (place X on the table), stack X Y (place X on Y; Y must be clear, you must be holding X), unstack X Y (pick up X from Y; X must be clear, hand must be empty). You can hold one block at a time. Current state: Block b is on block a, block a is on block c. Block c is on the table. The hand is empty. Goal: Block a is on block b, block b and block c are on the table, and blocks a and c are clear. Respond with a numbered list of actions only. Each action must be exactly one of: pick-up X / put-down X / stack X Y / unstack X Y. No explanation. No extra text.""
","unstack b a
put-down b
unstack a c
stack a b",planning_suite,blocksworld,easy,low,planbench_generated_basic_3_19,verify_blocksworld_plan,num_blocks=3 | requires_unstacking=true| max_initial_stack_depth=2,"3 blocks, 4 moves"
BW_E019,W6,"You are a robot arm. Available actions: pick-up X (X must be clear and on the table, hand must be empty), put-down X (place X on the table), stack X Y (place X on Y; Y must be clear, you must be holding X), unstack X Y (pick up X from Y; X must be clear, hand must be empty). You can hold one block at a time. Current state: Block a is on block b and clear. Block b is on the table. Block c is on the table and clear. The hand is empty. Goal: Block a is on block c, and block b is on block a. Respond with a numbered list of actions only. Each action must be exactly one of: pick-up X / put-down X / stack X Y / unstack X Y. No explanation. No extra text.","unstack a b
stack a c
pick-up b
stack b a",planning_suite,blocksworld,easy,low,type=planbench_generated | dataset=planbench_basic | filename=instance-basic-3-19.pddl | synthesized_w6_from_canonical,verify_blocksworld_plan,num_blocks=3 | requires_unstacking=true| max_initial_stack_depth=2,"3 blocks, 4 moves | W6 synthesized from canonical for coverage"
BW_E019,canonical,"You are a robot arm. Available actions: pick-up X (X must be clear and on the table, hand must be empty), put-down X (place X on the table), stack X Y (place X on Y; Y must be clear, you must be holding X), unstack X Y (pick up X from Y; X must be clear, hand must be empty). You can hold one block at a time. Current state: Block a is on block b and clear. Block b is on the table. Block c is on the table and clear. The hand is empty. Goal: Block a is on block c, and block b is on block a. Respond with a numbered list of actions only. Each action must be exactly one of: pick-up X / put-down X / stack X Y / unstack X Y. No explanation. No extra text.","unstack a b
stack a c
pick-up b
stack b a",planning_suite,blocksworld,easy,low,type=planbench_generated | dataset=planbench_basic | filename=instance-basic-3-19.pddl,verify_blocksworld_plan,num_blocks=3 | requires_unstacking=true| max_initial_stack_depth=2,"3 blocks, 4 moves"
BW_E100,W1,"""You are a robotic manipulator. Permitted operations: pick-up X (X must be unobstructed and resting on the surface, gripper must be vacant), put-down X (deposit X onto the surface), stack X Y (position X atop Y; Y must be unobstructed, you must be gripping X), unstack X Y (retrieve X from atop Y; X must be unobstructed, gripper must be vacant). You may grip one block at a time. Current configuration: Blocks a, b, and c are on the surface. Block a is on the surface. Block b is on the surface. Block c is on block a and unobstructed. Block b is unobstructed. The gripper is vacant. Objective: Block b rests atop block c, and block c rests atop block a. Reply with a numbered sequence of operations only. Each operation must be exactly one of: pick-up X / put-down X / stack X Y / unstack X Y. No explanation. No extra text.""","pick-up b
stack b c",planning_suite,blocksworld,easy,low,planbench_generated_basic_3_100,verify_blocksworld_plan,num_blocks=3 | requires_unstacking=false| max_initial_stack_depth=2,"3 blocks, 2 moves"
BW_E100,W2,"Action Reference:
| Action | Preconditions | Effect |
|-------------|--------------------------------------|-------------------|
| pick-up X | X is on table, X is clear, hand empty| holding X |
| put-down X | holding X | X on table |
| stack X Y | holding X, Y is clear | X on Y |
| unstack X Y | X on Y, X is clear, hand empty | holding X |

Current State:
| Block | Location | Clear? |
|-------|----------|--------|
| a | table | no |
| b | table | yes |
| c | on a | yes |

Goal:
| Block | Must be on top of |
|-------|-------------------|
| b | c |
| c | a |

Respond with a numbered list of actions only. Each action must be exactly one of: pick-up X / put-down X / stack X Y / unstack X Y. No explanation. No extra text.","pick-up b
stack b c",planning_suite,blocksworld,easy,low,planbench_generated_basic_3_100,verify_blocksworld_plan,num_blocks=3 | requires_unstacking=false| max_initial_stack_depth=2,"3 blocks, 2 moves"
BW_E100,W3,"""You are an HR manager building a reporting chain. Available actions: select X (X must have no direct reports and be unassigned, hands must be free), release X (return X to the unassigned pool), place X under Y (Y must have no one above them, you must be holding X), remove X from Y (X must have no direct reports, hands must be free). You can manage one employee at a time. Current state: Aaron is unassigned. Brian is unassigned. Clara is reporting to Aaron. Brian has no one above him. Clara has no one above her. Your hands are free. Goal: Brian reports to Clara, and Clara reports to Aaron. Respond with a numbered list of actions only. Each action must be exactly one of: select X / release X / place X under Y / remove X from Y. No explanation. No extra text.""","select Brian
place Brian under Clara",planning_suite,blocksworld,easy,low,planbench_generated_basic_3_100,verify_blocksworld_plan,num_blocks=3 | requires_unstacking=false| max_initial_stack_depth=2,"3 blocks, 2 moves"
BW_E100,W4,"FORMAL DEFINITION:
π = ⟨P, S₀, S*, A⟩

BLOCKS:
B = {a, b, c}

INITIAL STATE S₀:
OnTable(a), OnTable(b), Clear(b), Clear(c),
On(c,a), HandEmpty

GOAL STATE S*:
On(b,c), On(c,a)

ACTIONS (Preconditions → Add Effects | Delete Effects):

1. pick-up(x):
   Pre:  Clear(x), OnTable(x), HandEmpty
   Add:  Holding(x)
   Del:  Clear(x), OnTable(x), HandEmpty

2. put-down(x):
   Pre:  Holding(x)
   Add:  OnTable(x), Clear(x), HandEmpty
   Del:  Holding(x)

3. stack(x, y):
   Pre:  Holding(x), Clear(y)
   Add:  On(x,y), Clear(x), HandEmpty
   Del:  Holding(x), Clear(y)

4. unstack(x, y):
   Pre:  On(x,y), Clear(x), HandEmpty
   Add:  Holding(x), Clear(y)
   Del:  On(x,y), Clear(x), HandEmpty

CONSTRAINTS:
- x ≠ y for all two-argument actions
- Exactly one block can be held at a time
- Pre(aₖ) ⊆ Sₖ₋₁ must hold for each action aₖ

TASK:
Find plan π = (a₁, a₂, ..., aₙ) such that:
S₀ →(a₁) S₁ →(a₂) ... →(aₙ) Sₙ, where S* ⊆ Sₙ

OUTPUT FORMAT:
Return a numbered list of actions only.
Each action must be exactly one of:
  pick-up X
  put-down X
  stack X Y
  unstack X Y
No explanation. No extra text.","pick-up b
stack b c",planning_suite,blocksworld,easy,low,planbench_generated_basic_3_100,verify_blocksworld_plan,num_blocks=3 | requires_unstacking=false| max_initial_stack_depth=2,"3 blocks, 2 moves"
BW_E100,W5,"""You are a robot arm. Available actions: pick-up X (X must be clear and on the table, hand must be empty), put-down X (place X on the table), stack X Y (place X on Y; Y must be clear, you must be holding X), unstack X Y (pick up X from Y; X must be clear, hand must be empty). You can hold one block at a time. Current state: Block b is on block c, block c is on block a. Block a is on the table. The hand is empty. Goal: Blocks a and b are on the table, block c is on block a, and blocks b and c are clear. Respond with a numbered list of actions only. Each action must be exactly one of: pick-up X / put-down X / stack X Y / unstack X Y. No explanation. No extra text.""","unstack b c
put-down b",planning_suite,blocksworld,easy,low,planbench_generated_basic_3_100,verify_blocksworld_plan,num_blocks=3 | requires_unstacking=false| max_initial_stack_depth=2,"3 blocks, 2 moves"
BW_E100,W6,"You are a robot arm. Available actions: pick-up X (X must be clear and on the table, hand must be empty), put-down X (place X on the table), stack X Y (place X on Y; Y must be clear, you must be holding X), unstack X Y (pick up X from Y; X must be clear, hand must be empty). You can hold one block at a time. Current state: Blocks a, b, c, and d are clear and on the table. The hand is empty. Goal: Block a is on block c, block b is on the table, block c is on block b, block d is on block a. Respond with a numbered list of actions only. Each action must be exactly one of: pick-up X / put-down X / stack X Y / unstack X Y. No explanation. No extra text.","pick-up c
stack c b
pick-up a
stack a c
pick-up d
stack d a",planning_suite,blocksworld,easy,low,type=planbench_generated | dataset=planbench_basic | filename=instance-basic-3-100.pddl | synthesized_w6_from_canonical,verify_blocksworld_plan,num_blocks=3 | requires_unstacking=false| max_initial_stack_depth=2,"3 blocks, 2 moves | W6 synthesized from canonical for coverage"
BW_E100,canonical,"You are a robot arm. Available actions: pick-up X (X must be clear and on the table, hand must be empty), put-down X (place X on the table), stack X Y (place X on Y; Y must be clear, you must be holding X), unstack X Y (pick up X from Y; X must be clear, hand must be empty). You can hold one block at a time. Current state: Blocks a, b, and c are on the table. Block a is on the table. Block b is on the table. Block c is on block a and clear. Block b is clear. The hand is empty. Goal: Block b is on block c, and block c is on block a. Respond with a numbered list of actions only. Each action must be exactly one of: pick-up X / put-down X / stack X Y / unstack X Y. No explanation. No extra text.


","pick-up b
stack b c",planning_suite,blocksworld,easy,low,type=planbench_generated | dataset=planbench_basic | filename=instance-basic-3-100.pddl,verify_blocksworld_plan,num_blocks=3 | requires_unstacking=false| max_initial_stack_depth=2,"3 blocks, 2 moves"
MBW_001,W1,"""You are a robotic manipulator. Permitted operations: attack X (requires harmony, province X, planet X to be true), succumb X (requires pain X to be true), overcome X Y (requires province Y and pain X to be true), feast X Y (requires craves X Y, province X, harmony to be true). Current configuration: harmony is true. planet and province are true for blocks j, f, i, g, d, b, h, and l. Objective:craves j f, craves f i, craves i g, craves g d, craves d b, craves b h, and craves h l are true. Reply with a numbered sequence of operations only. Each operation must be exactly one of: attack X / succumb X / overcome X Y / feast X Y. No explanation. No extra text.""","attack h
overcome h l
attack b
overcome b h
attack d
overcome d b
attack g
overcome g d
attack i
overcome i g
attack f
overcome f i
attack j
overcome j f",planning_suite,mystery_blocksworld,hard,low,type=planbench_mystery | dataset=planbench | filename=instance-1.pddl | path=plan-bench/instances/blocksworld/mystery/generated/instance-1.pddl,verify_mystery_blocksworld_plan,num_blocks=8 | requires_unstacking=false | max_initial_stack_depth=1,8 blocks clean-start mystery instance
MBW_001,W2,"Action Reference:
| Action      | Preconditions                                  | Effect   |
|-------------|------------------------------------------------|----------|
| attack X    | harmony, province X, planet X are true         | pain X   |
| succumb X   | pain X is true                                 | harmony  |
| overcome X Y| province Y and pain X are true                 | craves X Y|
| feast X Y   | craves X Y, province X, and harmony are true   | pain X   |

Current State:
| Block | Planet? | Province? |
|-------|---------|-----------|
| j     | yes     | yes       |
| f     | yes     | yes       |
| i     | yes     | yes       |
| g     | yes     | yes       |
| d     | yes     | yes       |
| b     | yes     | yes       |
| h     | yes     | yes       |
| l     | yes     | yes       |
Note: harmony is true.

Goal:
| Block | Must crave |
|-------|------------|
| j     | f          |
| f     | i          |
| i     | g          |
| g     | d          |
| d     | b          |
| b     | h          |
| h     | l          |

Respond with a numbered list of actions only. Each action must be exactly one of: attack X / succumb X / overcome X Y / feast X Y. No explanation. No extra text.","attack h
overcome h l
attack b
overcome b h
attack d
overcome d b
attack g
overcome g d
attack i
overcome i g
attack f
overcome f i
attack j
overcome j f",planning_suite,mystery_blocksworld,hard,low,type=planbench_mystery | dataset=planbench | filename=instance-1.pddl | path=plan-bench/instances/blocksworld/mystery/generated/instance-1.pddl,verify_mystery_blocksworld_plan,num_blocks=8 | requires_unstacking=false | max_initial_stack_depth=1,8 blocks clean-start mystery instance
MBW_001,W3,"""You are a diplomat brokering alliances. Available actions: provoke X (requires goodwill, sovereignty X, and influence X to be true), appease X (requires tension X to be true), broker X Y (requires sovereignty Y and tension X to be true), negotiate X Y (requires alliance X Y, sovereignty X, and goodwill to be true). Current state: goodwill is true. influence and sovereignty are true for nations Jordan, Finland, Iceland, Greece, Denmark, Belgium, Hungary, and Latvia. Goal: Jordan allies with Finland, Finland allies with Iceland, Iceland allies with Greece, Greece allies with Denmark, Denmark allies with Belgium, Belgium allies with Hungary, and Hungary allies with Latvia. Respond with a numbered list of actions only. Each action must be exactly one of: provoke X / appease X / broker X Y / negotiate X Y. No explanation. No extra text.""","provoke Hungary
broker Hungary Latvia
provoke Belgium
broker Belgium Hungary
provoke Denmark
broker Denmark Belgium
provoke Greece
broker Greece Denmark
provoke Iceland
broker Iceland Greece
provoke Finland
broker Finland Iceland
provoke Jordan
broker Jordan Finland",planning_suite,mystery_blocksworld,hard,low,type=planbench_mystery | dataset=planbench | filename=instance-1.pddl | path=plan-bench/instances/blocksworld/mystery/generated/instance-1.pddl,verify_mystery_blocksworld_plan,num_blocks=8 | requires_unstacking=false | max_initial_stack_depth=1,8 blocks clean-start mystery instance
MBW_001,W4,"FORMAL DEFINITION:
π = ⟨B, S₀, S*, A⟩

BLOCKS:
B = {j, f, i, g, d, b, h, l}

INITIAL STATE S₀:
Harmony,
Planet(j), Planet(f), Planet(i), Planet(g),
Planet(d), Planet(b), Planet(h), Planet(l),
Province(j), Province(f), Province(i), Province(g),
Province(d), Province(b), Province(h), Province(l)

GOAL STATE S*:
Craves(j,f), Craves(f,i), Craves(i,g), Craves(g,d),
Craves(d,b), Craves(b,h), Craves(h,l)

ACTIONS (Preconditions → Add Effects | Delete Effects):

1. attack(x):
   Pre:  Harmony, Province(x), Planet(x)
   Add:  Pain(x)
   Del:  Harmony, Province(x), Planet(x)

2. succumb(x):
   Pre:  Pain(x)
   Add:  Harmony, Province(x), Planet(x)
   Del:  Pain(x)

3. overcome(x, y):
   Pre:  Province(y), Pain(x)
   Add:  Harmony, Province(x), Craves(x,y)
   Del:  Province(y), Pain(x)

4. feast(x, y):
   Pre:  Craves(x,y), Province(x), Harmony
   Add:  Pain(x), Province(y)
   Del:  Craves(x,y), Province(x), Harmony

CONSTRAINTS:
- x ≠ y for all two-argument actions
- Pre(aₖ) ⊆ Sₖ₋₁ must hold for each action aₖ

TASK:
Find plan π = (a₁, a₂, ..., aₙ) such that:
S₀ →(a₁) S₁ →(a₂) ... →(aₙ) Sₙ, where S* ⊆ Sₙ

OUTPUT FORMAT:
Return a numbered list of actions only.
Each action must be exactly one of:
  attack X
  succumb X
  overcome X Y
  feast X Y
No explanation. No extra text.","attack h
overcome h l
attack b
overcome b h
attack d
overcome d b
attack g
overcome g d
attack i
overcome i g
attack f
overcome f i
attack j
overcome j f",planning_suite,mystery_blocksworld,hard,low,type=planbench_mystery | dataset=planbench | filename=instance-1.pddl | path=plan-bench/instances/blocksworld/mystery/generated/instance-1.pddl,verify_mystery_blocksworld_plan,num_blocks=8 | requires_unstacking=false | max_initial_stack_depth=1,8 blocks clean-start mystery instance
MBW_001,W5,"You are a robot arm. Available actions: attack X (requires harmony, province X, planet X to be true), succumb X (requires pain X to be true), overcome X Y (requires province Y and pain X to be true), feast X Y (requires craves X Y, province X, harmony to be true).
Current state: harmony is true. planet and province are true for blocks j, f, i, g, d, b, h, and l. craves j f, craves f i, craves i g, craves g d, craves d b, craves b h, and craves h l are true.
Goal: harmony is true. planet and province are true for all blocks j, f, i, g, d, b, h, and l. No craves relationships exist.
Respond with a numbered list of actions only. Each action must be exactly one of: attack X / succumb X / overcome X Y / feast X Y. No explanation. No extra text.","feast j f
succumb j
feast f i
succumb f
feast i g
succumb i
feast g d
succumb g
feast d b
succumb d
feast b h
succumb b
feast h l
succumb h",planning_suite,mystery_blocksworld,hard,low,type=planbench_mystery | dataset=planbench | filename=instance-1.pddl | path=plan-bench/instances/blocksworld/mystery/generated/instance-1.pddl,verify_mystery_blocksworld_plan,num_blocks=8 | requires_unstacking=false | max_initial_stack_depth=2,9 blocks clean-start mystery instance
MBW_001,W6,"""You are a robot arm. Available actions: attack X (requires harmony, province X, planet X to be true), succumb X (requires pain X to be true), overcome X Y (requires province Y and pain X to be true), feast X Y (requires craves X Y, province X, harmony to be true). Current state: harmony is true. planet and province are true for blocks j, f, i, g, d, b, h, and l. Goal: craves j f, craves f i, craves i g, craves g d, craves d b, craves b h, and craves h l are true. Respond with a numbered list of actions only. Each action must be exactly one of: attack X / succumb X / overcome X Y / feast X Y. No explanation. No extra text.""","attack h
overcome h l
attack b
overcome b h
attack d
overcome d b
attack g
overcome g d
attack i
overcome i g
attack f
overcome f i
attack j
overcome j f",planning_suite,mystery_blocksworld,hard,low,type=planbench_mystery | dataset=planbench | filename=instance-1.pddl | path=plan-bench/instances/blocksworld/mystery/generated/instance-1.pddl | synthesized_w6_from_canonical,verify_mystery_blocksworld_plan,num_blocks=8 | requires_unstacking=false | max_initial_stack_depth=1,8 blocks clean-start mystery instance | W6 synthesized from canonical for coverage
MBW_001,canonical,"""You are a robot arm. Available actions: attack X (requires harmony, province X, planet X to be true), succumb X (requires pain X to be true), overcome X Y (requires province Y and pain X to be true), feast X Y (requires craves X Y, province X, harmony to be true). Current state: harmony is true. planet and province are true for blocks j, f, i, g, d, b, h, and l. Goal: craves j f, craves f i, craves i g, craves g d, craves d b, craves b h, and craves h l are true. Respond with a numbered list of actions only. Each action must be exactly one of: attack X / succumb X / overcome X Y / feast X Y. No explanation. No extra text.""","attack h
overcome h l
attack b
overcome b h
attack d
overcome d b
attack g
overcome g d
attack i
overcome i g
attack f
overcome f i
attack j
overcome j f",planning_suite,mystery_blocksworld,hard,low,type=planbench_mystery | dataset=planbench | filename=instance-1.pddl | path=plan-bench/instances/blocksworld/mystery/generated/instance-1.pddl,verify_mystery_blocksworld_plan,num_blocks=8 | requires_unstacking=false | max_initial_stack_depth=1,8 blocks clean-start mystery instance
MBW_002,W1,"You are a robotic manipulator. Permitted operations: attack X (requires harmony, province X, planet X to be true), succumb X (requires pain X to be true), overcome X Y (requires province Y and pain X to be true), feast X Y (requires craves X Y, province X, harmony to be true). Current configuration: harmony is true. planet and province are true for blocks j, g, a, b, k, h, and i. Objective: craves j g, craves g a, craves a b, craves b k, craves k h, and craves h i are true. Reply with a numbered sequence of operations only. Each operation must be exactly one of: attack X / succumb X / overcome X Y / feast X Y. No explanation. No extra text.","attack h
 overcome h i
 attack k
 overcome k h
 attack b
 overcome b k
 attack a
 overcome a b
 attack g
 overcome g a
 attack j
 overcome j g",planning_suite,mystery_blocksworld,hard,low,plan-bench/instances/blocksworld/mystery/generated/instance-2.pddl,verify_mystery_blocksworld_plan,,
MBW_002,W2,"Action Reference:
 | Action | Preconditions | Effect |
 |--------|---------------|--------|
 | attack X | harmony, province X, planet X are true | pain X |
 | succumb X | pain X is true | harmony |
 | overcome X Y | province Y and pain X are true | craves X Y |
 | feast X Y | craves X Y, province X, and harmony are true | pain X |
 
 Current State:
 | Block | Planet? | Province? |
 |-------|---------|----------|
 | j | yes | yes |
 | g | yes | yes |
 | a | yes | yes |
 | b | yes | yes |
 | k | yes | yes |
 | h | yes | yes |
 | i | yes | yes |
 
 Note: harmony is true.
 
 Goal:
 | Block | Must crave |
 |-------|------------|
 | j | g |
 | g | a |
 | a | b |
 | b | k |
 | k | h |
 | h | i |
 
 Respond with a numbered list of actions only. Each action must be exactly one of: attack X / succumb X / overcome X Y / feast X Y. No explanation. No extra text.","attack h
 overcome h i
 attack k
 overcome k h
 attack b
 overcome b k
 attack a
 overcome a b
 attack g
 overcome g a
 attack j
 overcome j g",planning_suite,mystery_blocksworld,hard,low,plan-bench/instances/blocksworld/mystery/generated/instance-2.pddl,verify_mystery_blocksworld_plan,,
MBW_002,W3,"You are a diplomat brokering alliances. Available actions: provoke X (requires goodwill, sovereignty X, and influence X to be true), appease X (requires tension X to be true), broker X Y (requires sovereignty Y and tension X to be true), negotiate X Y (requires alliance X Y, sovereignty X, and goodwill to be true). Current state: goodwill is true. influence and sovereignty are true for nations Japan, Greece, Argentina, Belgium, Kenya, Hungary, and Ireland. Goal: Japan allies with Greece, Greece allies with Argentina, Argentina allies with Belgium, Belgium allies with Kenya, Kenya allies with Hungary, Hungary allies with Ireland. Respond with a numbered list of actions only. Each action must be exactly one of: provoke X / appease X / broker X Y / negotiate X Y. No explanation. No extra text.","provoke Japan
broker Japan Greece
provoke Greece
broker Greece Argentina
provoke Argentina
broker Argentina Belgium
provoke Belgium
broker Belgium Kenya
provoke Kenya
broker Kenya Hungary
provoke Hungary
broker Hungary Ireland",planning_suite,mystery_blocksworld,hard,low,plan-bench/instances/blocksworld/mystery/generated/instance-2.pddl,verify_mystery_blocksworld_plan,,
MBW_002,W4,"FORMAL DEFINITION:
 π = ⟨B, S₀, S*, A⟩
 
 BLOCKS:
 B = {j, g, a, b, k, h, i}
 
 INITIAL STATE S₀:
 Harmony,
 Planet(j), Planet(g), Planet(a), Planet(b), Planet(k), Planet(h), Planet(i),
 Province(j), Province(g), Province(a), Province(b), Province(k), Province(h), Province(i)
 
 GOAL STATE S*:
 Craves(j,g), Craves(g,a), Craves(a,b), Craves(b,k), Craves(k,h), Craves(h,i)
 
 ACTIONS (Preconditions → Add Effects | Delete Effects):
 
 1. attack(x):
  Pre: Harmony, Province(x), Planet(x)
  Add: Pain(x)
  Del: Harmony, Province(x), Planet(x)
 
 2. succumb(x):
  Pre: Pain(x)
  Add: Harmony, Province(x), Planet(x)
  Del: Pain(x)
 
 3. overcome(x, y):
  Pre: Province(y), Pain(x)
  Add: Harmony, Province(x), Craves(x,y)
  Del: Province(y), Pain(x)
 
 4. feast(x, y):
  Pre: Craves(x,y), Province(x), Harmony
  Add: Pain(x), Province(y)
  Del: Craves(x,y), Province(x), Harmony
 
 CONSTRAINTS:
 - x ≠ y for all two-argument actions
 - Pre(aₖ) ⊆ Sₖ₋₁ must hold for each action aₖ
 
 TASK:
 Find plan π = (a₁, a₂, ..., aₙ) such that:
 S₀ →(a₁) S₁ →(a₂) ... →(aₙ) Sₙ, where S* ⊆ Sₙ
 
 OUTPUT FORMAT:
 Return a numbered list of actions only.
 Each action must be exactly one of:
  attack X
  succumb X
  overcome X Y
  feast X Y
 No explanation. No extra text.","attack h
 overcome h i
 attack k
 overcome k h
 attack b
 overcome b k
 attack a
 overcome a b
 attack g
 overcome g a
 attack j
 overcome j g",planning_suite,mystery_blocksworld,hard,low,plan-bench/instances/blocksworld/mystery/generated/instance-2.pddl,verify_mystery_blocksworld_plan,,
MBW_002,W5,"You are a robot arm. Available actions: attack X (requires harmony, province X, planet X to be true), succumb X (requires pain X to be true), overcome X Y (requires province Y and pain X to be true), feast X Y (requires craves X Y, province X, harmony to be true). Current state: craves j g, craves g a, craves a b, craves b k, craves k h, and craves h i are true. Goal: harmony is true. planet and province are true for blocks j, g, a, b, k, h, and i. Respond with a numbered list of actions only. Each action must be exactly one of: attack X / succumb X / overcome X Y / feast X Y. No explanation. No extra text.","feast j g
succumb j
feast g a
succumb g
feast a b
succumb a
feast b k
succumb b
feast k h
succumb k
feast h i
succumb h",planning_suite,mystery_blocksworld,hard,low,plan-bench/instances/blocksworld/mystery/generated/instance-2.pddl,verify_mystery_blocksworld_plan,,
MBW_002,W6,"You are a robot arm. Available actions: attack X (requires harmony, province X, planet X to be true), succumb X (requires pain X to be true), overcome X Y (requires province Y and pain X to be true), feast X Y (requires craves o p, province X, harmony to be true). Current state: harmony is true. planet and province are true for blocks j, g, a, b, k, h, and i. Goal: craves m e, craves e c, craves c d, craves d n, craves n f, and craves f l are true. Respond with a numbered list of actions only. Each action must be exactly one of: attack X / succumb X / overcome X Y / feast X Y. No explanation. No extra text.","attack f
 overcome f l
 attack n
 overcome n f
 attack d
 overcome d n
 attack c
 overcome c d
 attack e
 overcome e c
 attack m
 overcome m e",planning_suite,mystery_blocksworld,hard,low,plan-bench/instances/blocksworld/mystery/generated/instance-2.pddl | variant=w6_rename,verify_mystery_blocksworld_plan,,
MBW_002,canonical,"You are a robot arm. Available actions: attack X (requires harmony, province X, planet X to be true), succumb X (requires pain X to be true), overcome X Y (requires province Y and pain X to be true), feast X Y (requires craves X Y, province X, harmony to be true). Current state: harmony is true. planet and province are true for blocks j, g, a, b, k, h, and i. Goal: craves j g, craves g a, craves a b, craves b k, craves k h, and craves h i are true. Respond with a numbered list of actions only. Each action must be exactly one of: attack X / succumb X / overcome X Y / feast X Y. No explanation. No extra text.","attack h
 overcome h i
 attack k
 overcome k h
 attack b
 overcome b k
 attack a
 overcome a b
 attack g
 overcome g a
 attack j
 overcome j g",planning_suite,mystery_blocksworld,hard,low,plan-bench/instances/blocksworld/mystery/generated/instance-2.pddl,verify_mystery_blocksworld_plan,,
MBW_010,W1,"You are a robotic manipulator. Permitted operations: attack X (requires harmony, province X, planet X to be true), succumb X (requires pain X to be true), overcome X Y (requires province Y and pain X to be true), feast X Y (requires craves X Y, province X, harmony to be true). Current configuration: harmony is true. planet and province are true for blocks d, e, a, b, and f. Objective: craves d e, craves e a, craves a b, and craves b f are true. Reply with a numbered sequence of operations only. Each operation must be exactly one of: attack X / succumb X / overcome X Y / feast X Y. No explanation. No extra text.","attack d
 overcome e d
 attack e
 overcome a e
 attack a
 overcome b a
 attack b
 overcome",planning_suite,mystery_blocksworld,medium,low,plan-bench/instances/blocksworld/mystery/generated/instance-10.pddl,verify_mystery_blocksworld_plan,,
MBW_010,W2,"Action Reference:
 | Action | Preconditions | Effect |
 |--------|---------------|--------|
 | attack X | harmony, province X, planet X are true | pain X |
 | succumb X | pain X is true | harmony |
 | overcome X Y | province Y and pain X are true | craves X Y |
 | feast X Y | craves X Y, province X, and harmony are true | pain X |
 
 Current State:
 | Block | Planet? | Province? |
 |-------|---------|----------|
 | d | yes | yes |
 | e | yes | yes |
 | a | yes | yes |
 | b | yes | yes |
 | f | yes | yes |
 
 Note: harmony is true.
 
 Goal:
 | Block | Must crave |
 |-------|------------|
 | d | e |
 | e | a |
 | a | b |
 | b | f |
 
 Respond with a numbered list of actions only. Each action must be exactly one of: attack X / succumb X / overcome X Y / feast X Y. No explanation. No extra text.","attack d
 overcome e d
 attack e
 overcome a e
 attack a
 overcome b a
 attack b
 overcome",planning_suite,mystery_blocksworld,medium,low,plan-bench/instances/blocksworld/mystery/generated/instance-10.pddl,verify_mystery_blocksworld_plan,,
MBW_010,W3,"You are a diplomat brokering alliances. Available actions: provoke X (requires goodwill, sovereignty X, and influence X to be true), appease X (requires tension X to be true), broker X Y (requires sovereignty Y and tension X to be true), negotiate X Y (requires alliance X Y, sovereignty X, and goodwill to be true). Current state: goodwill is true. influence and sovereignty are true for nations Denmark, Estonia, Argentina, Belgium, and France. Goal: Denmark allies with Estonia, Estonia allies with Argentina, Argentina allies with Belgium, Belgium allies with France. Respond with a numbered list of actions only. Each action must be exactly one of: provoke X / appease X / broker X Y / negotiate X Y. No explanation. No extra text.","provoke Denmark
broker Denmark Estonia
provoke Estonia
broker Estonia Argentina
provoke Argentina
broker Argentina Belgium
provoke Belgium
broker Belgium France",planning_suite,mystery_blocksworld,medium,low,plan-bench/instances/blocksworld/mystery/generated/instance-10.pddl,verify_mystery_blocksworld_plan,,
MBW_010,W4,"FORMAL DEFINITION:
 π = ⟨B, S₀, S*, A⟩
 
 BLOCKS:
 B = {d, e, a, b, f}
 
 INITIAL STATE S₀:
 Harmony,
 Planet(d), Planet(e), Planet(a), Planet(b), Planet(f),
 Province(d), Province(e), Province(a), Province(b), Province(f)
 
 GOAL STATE S*:
 Craves(d,e), Craves(e,a), Craves(a,b), Craves(b,f)
 
 ACTIONS (Preconditions → Add Effects | Delete Effects):
 
 1. attack(x):
  Pre: Harmony, Province(x), Planet(x)
  Add: Pain(x)
  Del: Harmony, Province(x), Planet(x)
 
 2. succumb(x):
  Pre: Pain(x)
  Add: Harmony, Province(x), Planet(x)
  Del: Pain(x)
 
 3. overcome(x, y):
  Pre: Province(y), Pain(x)
  Add: Harmony, Province(x), Craves(x,y)
  Del: Province(y), Pain(x)
 
 4. feast(x, y):
  Pre: Craves(x,y), Province(x), Harmony
  Add: Pain(x), Province(y)
  Del: Craves(x,y), Province(x), Harmony
 
 CONSTRAINTS:
 - x ≠ y for all two-argument actions
 - Pre(aₖ) ⊆ Sₖ₋₁ must hold for each action aₖ
 
 TASK:
 Find plan π = (a₁, a₂, ..., aₙ) such that:
 S₀ →(a₁) S₁ →(a₂) ... →(aₙ) Sₙ, where S* ⊆ Sₙ
 
 OUTPUT FORMAT:
 Return a numbered list of actions only.
 Each action must be exactly one of:
  attack X
  succumb X
  overcome X Y
  feast X Y
 No explanation. No extra text.","attack d
 overcome e d
 attack e
 overcome a e
 attack a
 overcome b a
 attack b
 overcome",planning_suite,mystery_blocksworld,medium,low,plan-bench/instances/blocksworld/mystery/generated/instance-10.pddl,verify_mystery_blocksworld_plan,,
MBW_010,W5,"You are a robot arm. Available actions: attack X (requires harmony, province X, planet X to be true), succumb X (requires pain X to be true), overcome X Y (requires province Y and pain X to be true), feast X Y (requires craves X Y, province X, harmony to be true). Current state: craves d e, craves e a, craves a b, and craves b f are true. Goal: harmony is true. planet and province are true for blocks d, e, a, b, and f. Respond with a numbered list of actions only. Each action must be exactly one of: attack X / succumb X / overcome X Y / feast X Y. No explanation. No extra text.","feast d e
succumb d
feast e a
succumb e
feast a b
succumb a
feast b f
succumb b",planning_suite,mystery_blocksworld,medium,low,plan-bench/instances/blocksworld/mystery/generated/instance-10.pddl,verify_mystery_blocksworld_plan,,
MBW_010,W6,"You are a robot arm. Available actions: attack X (requires harmony, province X, planet X to be true), succumb X (requires pain X to be true), overcome X Y (requires province Y and pain X to be true), feast X Y (requires craves k l, province X, harmony to be true). Current state: harmony is true. planet and province are true for blocks d, e, a, b, and f. Goal: craves h i, craves i c, craves c g, and craves g j are true. Respond with a numbered list of actions only. Each action must be exactly one of: attack X / succumb X / overcome X Y / feast X Y. No explanation. No extra text.","attack h
 overcome i h
 attack i
 overcome c i
 attack c
 overcome g c
 attack g
 overcome",planning_suite,mystery_blocksworld,medium,low,plan-bench/instances/blocksworld/mystery/generated/instance-10.pddl | variant=w6_rename,verify_mystery_blocksworld_plan,,
MBW_010,canonical,"You are a robot arm. Available actions: attack X (requires harmony, province X, planet X to be true), succumb X (requires pain X to be true), overcome X Y (requires province Y and pain X to be true), feast X Y (requires craves X Y, province X, harmony to be true). Current state: harmony is true. planet and province are true for blocks d, e, a, b, and f. Goal: craves d e, craves e a, craves a b, and craves b f are true. Respond with a numbered list of actions only. Each action must be exactly one of: attack X / succumb X / overcome X Y / feast X Y. No explanation. No extra text.","attack d
 overcome e d
 attack e
 overcome a e
 attack a
 overcome b a
 attack b
 overcome",planning_suite,mystery_blocksworld,medium,low,plan-bench/instances/blocksworld/mystery/generated/instance-10.pddl,verify_mystery_blocksworld_plan,,
MBW_014,W1,"You are a robotic manipulator. Permitted operations: attack X (requires harmony, province X, planet X to be true), succumb X (requires pain X to be true), overcome X Y (requires province Y and pain X to be true), feast X Y (requires craves X Y, province X, harmony to be true). Current configuration: harmony is true. planet and province are true for blocks l, e, and g. Objective: craves l e and craves e g are true. Reply with a numbered sequence of operations only. Each operation must be exactly one of: attack X / succumb X / overcome X Y / feast X Y. No explanation. No extra text.","attack e
 overcome e g
 attack l
 overcome l e",planning_suite,mystery_blocksworld,easy,low,plan-bench/instances/blocksworld/mystery/generated/instance-14.pddl,verify_mystery_blocksworld_plan,,
MBW_014,W2,"Action Reference:
 | Action | Preconditions | Effect |
 |--------|---------------|--------|
 | attack X | harmony, province X, planet X are true | pain X |
 | succumb X | pain X is true | harmony |
 | overcome X Y | province Y and pain X are true | craves X Y |
 | feast X Y | craves X Y, province X, and harmony are true | pain X |
 
 Current State:
 | Block | Planet? | Province? |
 |-------|---------|----------|
 | l | yes | yes |
 | e | yes | yes |
 | g | yes | yes |
 
 Note: harmony is true.
 
 Goal:
 | Block | Must crave |
 |-------|------------|
 | l | e |
 | e | g |
 
 Respond with a numbered list of actions only. Each action must be exactly one of: attack X / succumb X / overcome X Y / feast X Y. No explanation. No extra text.","attack e
 overcome e g
 attack l
 overcome l e",planning_suite,mystery_blocksworld,easy,low,plan-bench/instances/blocksworld/mystery/generated/instance-14.pddl,verify_mystery_blocksworld_plan,,
MBW_014,W3,"You are a diplomat brokering alliances. Available actions: provoke X (requires goodwill, sovereignty X, and influence X to be true), appease X (requires tension X to be true), broker X Y (requires sovereignty Y and tension X to be true), negotiate X Y (requires alliance X Y, sovereignty X, and goodwill to be true). Current state: goodwill is true. influence and sovereignty are true for nations Lithuania, Estonia, and Greece. Goal: Lithuania allies with Estonia, Estonia allies with Greece. Respond with a numbered list of actions only. Each action must be exactly one of: provoke X / appease X / broker X Y / negotiate X Y. No explanation. No extra text.","provoke Lithuania
broker Lithuania Estonia
provoke Estonia
broker Estonia Greece",planning_suite,mystery_blocksworld,easy,low,plan-bench/instances/blocksworld/mystery/generated/instance-14.pddl,verify_mystery_blocksworld_plan,,
MBW_014,W4,"FORMAL DEFINITION:
 π = ⟨B, S₀, S*, A⟩
 
 BLOCKS:
 B = {l, e, g}
 
 INITIAL STATE S₀:
 Harmony,
 Planet(l), Planet(e), Planet(g),
 Province(l), Province(e), Province(g)
 
 GOAL STATE S*:
 Craves(l,e), Craves(e,g)
 
 ACTIONS (Preconditions → Add Effects | Delete Effects):
 
 1. attack(x):
  Pre: Harmony, Province(x), Planet(x)
  Add: Pain(x)
  Del: Harmony, Province(x), Planet(x)
 
 2. succumb(x):
  Pre: Pain(x)
  Add: Harmony, Province(x), Planet(x)
  Del: Pain(x)
 
 3. overcome(x, y):
  Pre: Province(y), Pain(x)
  Add: Harmony, Province(x), Craves(x,y)
  Del: Province(y), Pain(x)
 
 4. feast(x, y):
  Pre: Craves(x,y), Province(x), Harmony
  Add: Pain(x), Province(y)
  Del: Craves(x,y), Province(x), Harmony
 
 CONSTRAINTS:
 - x ≠ y for all two-argument actions
 - Pre(aₖ) ⊆ Sₖ₋₁ must hold for each action aₖ
 
 TASK:
 Find plan π = (a₁, a₂, ..., aₙ) such that:
 S₀ →(a₁) S₁ →(a₂) ... →(aₙ) Sₙ, where S* ⊆ Sₙ
 
 OUTPUT FORMAT:
 Return a numbered list of actions only.
 Each action must be exactly one of:
  attack X
  succumb X
  overcome X Y
  feast X Y
 No explanation. No extra text.","attack e
 overcome e g
 attack l
 overcome l e",planning_suite,mystery_blocksworld,easy,low,plan-bench/instances/blocksworld/mystery/generated/instance-14.pddl,verify_mystery_blocksworld_plan,,
MBW_014,W5,"You are a robot arm. Available actions: attack X (requires harmony, province X, planet X to be true), succumb X (requires pain X to be true), overcome X Y (requires province Y and pain X to be true), feast X Y (requires craves X Y, province X, harmony to be true). Current state: craves l e and craves e g are true. Goal: harmony is true. planet and province are true for blocks l, e, and g. Respond with a numbered list of actions only. Each action must be exactly one of: attack X / succumb X / overcome X Y / feast X Y. No explanation. No extra text.","feast l e
succumb l
feast e g
succumb e",planning_suite,mystery_blocksworld,easy,low,plan-bench/instances/blocksworld/mystery/generated/instance-14.pddl,verify_mystery_blocksworld_plan,,
MBW_014,W6,"You are a robot arm. Available actions: attack X (requires harmony, province X, planet X to be true), succumb X (requires pain X to be true), overcome X Y (requires province Y and pain X to be true), feast X Y (requires craves d f, province X, harmony to be true). Current state: harmony is true. planet and province are true for blocks l, e, and g. Goal: craves c a and craves a b are true. Respond with a numbered list of actions only. Each action must be exactly one of: attack X / succumb X / overcome X Y / feast X Y. No explanation. No extra text.","attack a
 overcome a b
 attack c
 overcome c a",planning_suite,mystery_blocksworld,easy,low,plan-bench/instances/blocksworld/mystery/generated/instance-14.pddl | variant=w6_rename,verify_mystery_blocksworld_plan,,
MBW_014,canonical,"You are a robot arm. Available actions: attack X (requires harmony, province X, planet X to be true), succumb X (requires pain X to be true), overcome X Y (requires province Y and pain X to be true), feast X Y (requires craves X Y, province X, harmony to be true). Current state: harmony is true. planet and province are true for blocks l, e, and g. Goal: craves l e and craves e g are true. Respond with a numbered list of actions only. Each action must be exactly one of: attack X / succumb X / overcome X Y / feast X Y. No explanation. No extra text.","attack e
 overcome e g
 attack l
 overcome l e",planning_suite,mystery_blocksworld,easy,low,plan-bench/instances/blocksworld/mystery/generated/instance-14.pddl,verify_mystery_blocksworld_plan,,
MBW_037,W1,"You are a robotic manipulator. Permitted operations: attack X (requires harmony, province X, planet X to be true), succumb X (requires pain X to be true), overcome X Y (requires province Y and pain X to be true), feast X Y (requires craves X Y, province X, harmony to be true). Current configuration: harmony is true. planet and province are true for blocks c, d, h, and i. Objective: craves c d, craves d h, and craves h i are true. Reply with a numbered sequence of operations only. Each operation must be exactly one of: attack X / succumb X / overcome X Y / feast X Y. No explanation. No extra text.","attack h
 overcome h i
 attack d
 overcome d h
 attack c
 overcome c d",planning_suite,mystery_blocksworld,easy,low,plan-bench/instances/blocksworld/mystery/generated/instance-37.pddl,verify_mystery_blocksworld_plan,,
MBW_037,W2,"Action Reference:
 | Action | Preconditions | Effect |
 |--------|---------------|--------|
 | attack X | harmony, province X, planet X are true | pain X |
 | succumb X | pain X is true | harmony |
 | overcome X Y | province Y and pain X are true | craves X Y |
 | feast X Y | craves X Y, province X, and harmony are true | pain X |
 
 Current State:
 | Block | Planet? | Province? |
 |-------|---------|----------|
 | c | yes | yes |
 | d | yes | yes |
 | h | yes | yes |
 | i | yes | yes |
 
 Note: harmony is true.
 
 Goal:
 | Block | Must crave |
 |-------|------------|
 | c | d |
 | d | h |
 | h | i |
 
 Respond with a numbered list of actions only. Each action must be exactly one of: attack X / succumb X / overcome X Y / feast X Y. No explanation. No extra text.","attack h
 overcome h i
 attack d
 overcome d h
 attack c
 overcome c d",planning_suite,mystery_blocksworld,easy,low,plan-bench/instances/blocksworld/mystery/generated/instance-37.pddl,verify_mystery_blocksworld_plan,,
MBW_037,W3,"You are a diplomat brokering alliances. Available actions: provoke X (requires goodwill, sovereignty X, and influence X to be true), appease X (requires tension X to be true), broker X Y (requires sovereignty Y and tension X to be true), negotiate X Y (requires alliance X Y, sovereignty X, and goodwill to be true). Current state: goodwill is true. influence and sovereignty are true for nations Canada, Denmark, Hungary, and Ireland. Goal: Canada allies with Denmark, Denmark allies with Hungary, Hungary allies with Ireland. Respond with a numbered list of actions only. Each action must be exactly one of: provoke X / appease X / broker X Y / negotiate X Y. No explanation. No extra text.","provoke Canada
broker Canada Denmark
provoke Denmark
broker Denmark Hungary
provoke Hungary
broker Hungary Ireland",planning_suite,mystery_blocksworld,easy,low,plan-bench/instances/blocksworld/mystery/generated/instance-37.pddl,verify_mystery_blocksworld_plan,,
MBW_037,W4,"FORMAL DEFINITION:
 π = ⟨B, S₀, S*, A⟩
 
 BLOCKS:
 B = {c, d, h, i}
 
 INITIAL STATE S₀:
 Harmony,
 Planet(c), Planet(d), Planet(h), Planet(i),
 Province(c), Province(d), Province(h), Province(i)
 
 GOAL STATE S*:
 Craves(c,d), Craves(d,h), Craves(h,i)
 
 ACTIONS (Preconditions → Add Effects | Delete Effects):
 
 1. attack(x):
  Pre: Harmony, Province(x), Planet(x)
  Add: Pain(x)
  Del: Harmony, Province(x), Planet(x)
 
 2. succumb(x):
  Pre: Pain(x)
  Add: Harmony, Province(x), Planet(x)
  Del: Pain(x)
 
 3. overcome(x, y):
  Pre: Province(y), Pain(x)
  Add: Harmony, Province(x), Craves(x,y)
  Del: Province(y), Pain(x)
 
 4. feast(x, y):
  Pre: Craves(x,y), Province(x), Harmony
  Add: Pain(x), Province(y)
  Del: Craves(x,y), Province(x), Harmony
 
 CONSTRAINTS:
 - x ≠ y for all two-argument actions
 - Pre(aₖ) ⊆ Sₖ₋₁ must hold for each action aₖ
 
 TASK:
 Find plan π = (a₁, a₂, ..., aₙ) such that:
 S₀ →(a₁) S₁ →(a₂) ... →(aₙ) Sₙ, where S* ⊆ Sₙ
 
 OUTPUT FORMAT:
 Return a numbered list of actions only.
 Each action must be exactly one of:
  attack X
  succumb X
  overcome X Y
  feast X Y
 No explanation. No extra text.","attack h
 overcome h i
 attack d
 overcome d h
 attack c
 overcome c d",planning_suite,mystery_blocksworld,easy,low,plan-bench/instances/blocksworld/mystery/generated/instance-37.pddl,verify_mystery_blocksworld_plan,,
MBW_037,W5,"You are a robot arm. Available actions: attack X (requires harmony, province X, planet X to be true), succumb X (requires pain X to be true), overcome X Y (requires province Y and pain X to be true), feast X Y (requires craves X Y, province X, harmony to be true). Current state: craves c d, craves d h, and craves h i are true. Goal: harmony is true. planet and province are true for blocks c, d, h, and i. Respond with a numbered list of actions only. Each action must be exactly one of: attack X / succumb X / overcome X Y / feast X Y. No explanation. No extra text.","feast c d
succumb c
feast d h
succumb d
feast h i
succumb h",planning_suite,mystery_blocksworld,easy,low,plan-bench/instances/blocksworld/mystery/generated/instance-37.pddl,verify_mystery_blocksworld_plan,,
MBW_037,W6,"You are a robot arm. Available actions: attack X (requires harmony, province X, planet X to be true), succumb X (requires pain X to be true), overcome X Y (requires province Y and pain X to be true), feast X Y (requires craves g j, province X, harmony to be true). Current state: harmony is true. planet and province are true for blocks c, d, h, and i. Goal: craves a b, craves b e, and craves e f are true. Respond with a numbered list of actions only. Each action must be exactly one of: attack X / succumb X / overcome X Y / feast X Y. No explanation. No extra text.","attack e
 overcome e f
 attack b
 overcome b e
 attack a
 overcome a b",planning_suite,mystery_blocksworld,easy,low,plan-bench/instances/blocksworld/mystery/generated/instance-37.pddl | variant=w6_rename,verify_mystery_blocksworld_plan,,
MBW_037,canonical,"You are a robot arm. Available actions: attack X (requires harmony, province X, planet X to be true), succumb X (requires pain X to be true), overcome X Y (requires province Y and pain X to be true), feast X Y (requires craves X Y, province X, harmony to be true). Current state: harmony is true. planet and province are true for blocks c, d, h, and i. Goal: craves c d, craves d h, and craves h i are true. Respond with a numbered list of actions only. Each action must be exactly one of: attack X / succumb X / overcome X Y / feast X Y. No explanation. No extra text.","attack h
 overcome h i
 attack d
 overcome d h
 attack c
 overcome c d",planning_suite,mystery_blocksworld,easy,low,plan-bench/instances/blocksworld/mystery/generated/instance-37.pddl,verify_mystery_blocksworld_plan,,
MBW_10,W1,"""You are a robotic manipulator. Permitted operations: attack X (requires harmony, province X, planet X to be true), succumb X (requires pain X to be true), overcome X Y (requires province Y and pain X to be true), feast X Y (requires craves X Y, province X, harmony to be true). Current configuration: harmony is true. planet and province are true for blocks j, d, g, i, c, h, a, b, e, and l. Objective: craves j d, craves d g, craves g i, craves i c, craves c h, craves h a, craves a b, craves b e, and craves e l are true. Reply with a numbered sequence of operations only. Each operation must be exactly one of: attack X / succumb X / overcome X Y / feast X Y. No explanation. No extra text.""","attack b
overcome b f
attack a
overcome a b
attack e
overcome e a
attack d
overcome d e",planning_suite,mystery_blocksworld,easy,low,type=planbench_mystery | dataset=planbench | filename=instance-10.pddl | path=plan-bench/instances/blocksworld/mystery/generated/instance-10.pddl,verify_mystery_blocksworld_plan,num_blocks=5 | requires_unstacking=false | max_initial_stack_depth=1,5 blocks clean-start mystery instance
MBW_10,W2,"Action Reference:
| Action      | Preconditions                                  | Effect    |
|-------------|------------------------------------------------|-----------|
| attack X    | harmony, province X, planet X are true         | pain X    |
| succumb X   | pain X is true                                 | harmony   |
| overcome X Y| province Y and pain X are true                 | craves X Y|
| feast X Y   | craves X Y, province X, and harmony are true   | pain X    |

Current State:
| Block | Planet? | Province? |
|-------|---------|-----------|
| d     | yes     | yes       |
| e     | yes     | yes       |
| a     | yes     | yes       |
| b     | yes     | yes       |
| f     | yes     | yes       |
Note: harmony is true.

Goal:
| Block | Must crave |
|-------|------------|
| d     | e          |
| e     | a          |
| a     | b          |
| b     | f          |

Respond with a numbered list of actions only. Each action must be exactly one of: attack X / succumb X / overcome X Y / feast X Y. No explanation. No extra text.","attack b
overcome b f
attack a
overcome a b
attack e
overcome e a
attack d
overcome d e",planning_suite,mystery_blocksworld,easy,low,type=planbench_mystery | dataset=planbench | filename=instance-10.pddl | path=plan-bench/instances/blocksworld/mystery/generated/instance-10.pddl,verify_mystery_blocksworld_plan,num_blocks=5 | requires_unstacking=false | max_initial_stack_depth=1,5 blocks clean-start mystery instance
MBW_10,W3,"""You are a diplomat brokering alliances. Available actions: provoke X (requires goodwill, sovereignty X, and influence X to be true), appease X (requires tension X to be true), broker X Y (requires sovereignty Y and tension X to be true), negotiate X Y (requires alliance X Y, sovereignty X, and goodwill to be true). Current state: goodwill is true. influence and sovereignty are true for nations Denmark, Ethiopia, Argentina, Brazil, and France. Goal: Denmark allies with Ethiopia, Ethiopia allies with Argentina, Argentina allies with Brazil, and Brazil allies with France. Respond with a numbered list of actions only. Each action must be exactly one of: provoke X / appease X / broker X Y / negotiate X Y. No explanation. No extra text.""","provoke Brazil
broker Brazil France
provoke Argentina
broker Argentina Brazil
provoke Ethiopia
broker Ethiopia Argentina
provoke Denmark
broker Denmark Ethiopia
",planning_suite,mystery_blocksworld,easy,low,type=planbench_mystery | dataset=planbench | filename=instance-10.pddl | path=plan-bench/instances/blocksworld/mystery/generated/instance-10.pddl,verify_mystery_blocksworld_plan,num_blocks=5 | requires_unstacking=false | max_initial_stack_depth=1,5 blocks clean-start mystery instance
MBW_10,W4,"PLANNING PROBLEM
==============================

FORMAL DEFINITION:
π = ⟨B, S₀, S*, A⟩

BLOCKS:
B = {d, e, a, b, f}

INITIAL STATE S₀:
Harmony,
Planet(d), Planet(e), Planet(a), Planet(b), Planet(f),
Province(d), Province(e), Province(a), Province(b), Province(f)

GOAL STATE S*:
Craves(d,e), Craves(e,a), Craves(a,b), Craves(b,f)

ACTIONS (Preconditions → Add Effects | Delete Effects):

1. attack(x):
   Pre:  Harmony, Province(x), Planet(x)
   Add:  Pain(x)
   Del:  Harmony, Province(x), Planet(x)

2. succumb(x):
   Pre:  Pain(x)
   Add:  Harmony, Province(x), Planet(x)
   Del:  Pain(x)

3. overcome(x, y):
   Pre:  Province(y), Pain(x)
   Add:  Harmony, Province(x), Craves(x,y)
   Del:  Province(y), Pain(x)

4. feast(x, y):
   Pre:  Craves(x,y), Province(x), Harmony
   Add:  Pain(x), Province(y)
   Del:  Craves(x,y), Province(x), Harmony

CONSTRAINTS:
- x ≠ y for all two-argument actions
- Pre(aₖ) ⊆ Sₖ₋₁ must hold for each action aₖ

TASK:
Find plan π = (a₁, a₂, ..., aₙ) such that:
S₀ →(a₁) S₁ →(a₂) ... →(aₙ) Sₙ, where S* ⊆ Sₙ

OUTPUT FORMAT:
Return a numbered list of actions only.
Each action must be exactly one of:
  attack X
  succumb X
  overcome X Y
  feast X Y
No explanation. No extra text.","attack b
overcome b f
attack a
overcome a b
attack e
overcome e a
attack d
overcome d e",planning_suite,mystery_blocksworld,easy,low,type=planbench_mystery | dataset=planbench | filename=instance-10.pddl | path=plan-bench/instances/blocksworld/mystery/generated/instance-10.pddl,verify_mystery_blocksworld_plan,num_blocks=5 | requires_unstacking=false | max_initial_stack_depth=1,5 blocks clean-start mystery instance
MBW_10,W5,"You are a robot arm. Available actions: attack X (requires harmony, province X, planet X to be true), succumb X (requires pain X to be true), overcome X Y (requires province Y and pain X to be true), feast X Y (requires craves X Y, province X, harmony to be true).
Current state: harmony is true. planet and province are true for blocks d, e, a, b, and f. craves d e, craves e a, craves a b, and craves b f are true.
Goal: harmony is true. planet and province are true for all blocks d, e, a, b, and f. No craves relationships exist.
Respond with a numbered list of actions only. Each action must be exactly one of: attack X / succumb X / overcome X Y / feast X Y. No explanation. No extra text.","feast d e
succumb d
feast e a
succumb e
feast a b
succumb a
feast b f
succumb b",planning_suite,mystery_blocksworld,easy,low,type=planbench_mystery | dataset=planbench | filename=instance-10.pddl | path=plan-bench/instances/blocksworld/mystery/generated/instance-10.pddl,verify_mystery_blocksworld_plan,num_blocks=5 | requires_unstacking=false | max_initial_stack_depth=2,6 blocks clean-start mystery instance
MBW_10,W6,"""You are a robot arm. Available actions: attack X (requires harmony, province X, planet X to be true), succumb X (requires pain X to be true), overcome X Y (requires province Y and pain X to be true), feast X Y (requires craves X Y, province X, harmony to be true). Current state: harmony is true. planet and province are true for blocks d, e, a, b, and f. Goal: craves d e, craves e a, craves a b, and craves b f are true. Respond with a numbered list of actions only. Each action must be exactly one of: attack X / succumb X / overcome X Y / feast X Y. No explanation. No extra text.""","attack b
overcome b f
attack a
overcome a b
attack e
overcome e a
attack d
overcome d e",planning_suite,mystery_blocksworld,easy,low,type=planbench_mystery | dataset=planbench | filename=instance-10.pddl | path=plan-bench/instances/blocksworld/mystery/generated/instance-10.pddl | synthesized_w6_from_canonical,verify_mystery_blocksworld_plan,num_blocks=5 | requires_unstacking=false | max_initial_stack_depth=1,5 blocks clean-start mystery instance | W6 synthesized from canonical for coverage
MBW_10,canonical,"""You are a robot arm. Available actions: attack X (requires harmony, province X, planet X to be true), succumb X (requires pain X to be true), overcome X Y (requires province Y and pain X to be true), feast X Y (requires craves X Y, province X, harmony to be true). Current state: harmony is true. planet and province are true for blocks d, e, a, b, and f. Goal: craves d e, craves e a, craves a b, and craves b f are true. Respond with a numbered list of actions only. Each action must be exactly one of: attack X / succumb X / overcome X Y / feast X Y. No explanation. No extra text.""","attack b
overcome b f
attack a
overcome a b
attack e
overcome e a
attack d
overcome d e",planning_suite,mystery_blocksworld,easy,low,type=planbench_mystery | dataset=planbench | filename=instance-10.pddl | path=plan-bench/instances/blocksworld/mystery/generated/instance-10.pddl,verify_mystery_blocksworld_plan,num_blocks=5 | requires_unstacking=false | max_initial_stack_depth=1,5 blocks clean-start mystery instance
MBW_100,W1,"""You are a robotic manipulator. Permitted operations: attack X (requires harmony, province X, planet X to be true), succumb X (requires pain X to be true), overcome X Y (requires province Y and pain X to be true), feast X Y (requires craves X Y, province X, harmony to be true). Current configuration: harmony is true. planet and province are true for blocks b, j, l, and i. Objective: craves b j, craves j l, and craves l i are true. Respond with a numbered list of actions only. Each operation must be exactly one of: attack X / succumb X / overcome X Y / feast X Y. No explanation. No extra text.""","attack l
overcome l i
attack j
overcome j l
attack b
overcome b j",planning_suite,mystery_blocksworld,easy,low,type=planbench_mystery | dataset=planbench | filename=instance-100.pddl | path=plan-bench/instances/blocksworld/generated/instance-100/mystery/instance-100-mystery.pddl,verify_mystery_blocksworld_plan,num_blocks=4 | requires_unstacking=false | max_initial_stack_depth=1,4 blocks clean-start mystery instance
MBW_100,W2,"Action Reference:
| Action      | Preconditions                                  | Effect   |
|-------------|------------------------------------------------|----------|
| attack X    | harmony, province X, planet X are true         | pain X   |
| succumb X   | pain X is true                                 | harmony  |
| overcome X Y| province Y and pain X are true                 | craves X Y|
| feast X Y   | craves X Y, province X, and harmony are true   | pain X   |

Current State:
| Block | Planet? | Province? |
|-------|---------|-----------|
| b     | yes     | yes       |
| j     | yes     | yes       |
| l     | yes     | yes       |
| i     | yes     | yes       |
Note: harmony is true.

Goal:
| Block | Must crave |
|-------|------------|
| b     | j          |
| j     | l          |
| l     | i          |

Respond with a numbered list of actions only. Each action must be exactly
one of: attack X / succumb X / overcome X Y / feast X Y.
No explanation. No extra text.","attack l
overcome l i
attack j
overcome j l
attack b
overcome b j",planning_suite,mystery_blocksworld,easy,low,type=planbench_mystery | dataset=planbench | filename=instance-100.pddl | path=plan-bench/instances/blocksworld/generated/instance-100/mystery/instance-100-mystery.pddl,verify_mystery_blocksworld_plan,num_blocks=4 | requires_unstacking=false | max_initial_stack_depth=1,4 blocks clean-start mystery instance
MBW_100,W3,"""You are a diplomat brokering alliances. Available actions: provoke X (requires goodwill, sovereignty X, and influence X to be true), appease X (requires tension X to be true), broker X Y (requires sovereignty Y and tension X to be true), negotiate X Y (requires alliance X Y, sovereignty X, and goodwill to be true). Current state: goodwill is true. influence and sovereignty are true for nations Morocco, Thailand, Uruguay, and Estonia. Goal: Morocco allies with Thailand, Thailand allies with Uruguay, and Uruguay allies with Estonia. Respond with a numbered list of actions only. Each action must be exactly one of: provoke X / appease X / broker X Y / negotiate X Y. No explanation. No extra text.""","provoke Uruguay
broker Uruguay Estonia
provoke Thailand
broker Thailand Uruguay
provoke Morocco
broker Morocco Thailand",planning_suite,mystery_blocksworld,easy,low,type=planbench_mystery | dataset=planbench | filename=instance-100.pddl | path=plan-bench/instances/blocksworld/generated/instance-100/mystery/instance-100-mystery.pddl,verify_mystery_blocksworld_plan,num_blocks=4 | requires_unstacking=false | max_initial_stack_depth=1,4 blocks clean-start mystery instance
MBW_100,W4,"FORMAL DEFINITION:
π = ⟨B, S₀, S*, A⟩

BLOCKS:
B = {b, j, l, i}

INITIAL STATE S₀:
Harmony,
Planet(b), Planet(j), Planet(l), Planet(i),
Province(b), Province(j), Province(l), Province(i)

GOAL STATE S*:
Craves(b,j), Craves(j,l), Craves(l,i)

ACTIONS (Preconditions → Add Effects | Delete Effects):

1. attack(x):
   Pre:  Harmony, Province(x), Planet(x)
   Add:  Pain(x)
   Del:  Harmony, Province(x), Planet(x)

2. succumb(x):
   Pre:  Pain(x)
   Add:  Harmony, Province(x), Planet(x)
   Del:  Pain(x)

3. overcome(x, y):
   Pre:  Province(y), Pain(x)
   Add:  Harmony, Province(x), Craves(x,y)
   Del:  Province(y), Pain(x)

4. feast(x, y):
   Pre:  Craves(x,y), Province(x), Harmony
   Add:  Pain(x), Province(y)
   Del:  Craves(x,y), Province(x), Harmony

CONSTRAINTS:
- x ≠ y for all two-argument actions
- Pre(aₖ) ⊆ Sₖ₋₁ must hold for each action aₖ

TASK:
Find plan π = (a₁, a₂, ..., aₙ) such that:
S₀ →(a₁) S₁ →(a₂) ... →(aₙ) Sₙ, where S* ⊆ Sₙ

OUTPUT FORMAT:
Return a numbered list of actions only.
Each action must be exactly one of:
  attack X
  succumb X
  overcome X Y
  feast X Y
No explanation. No extra text.","attack l
overcome l i
attack j
overcome j l
attack b
overcome b j",planning_suite,mystery_blocksworld,easy,low,type=planbench_mystery | dataset=planbench | filename=instance-100.pddl | path=plan-bench/instances/blocksworld/generated/instance-100/mystery/instance-100-mystery.pddl,verify_mystery_blocksworld_plan,num_blocks=4 | requires_unstacking=false | max_initial_stack_depth=1,4 blocks clean-start mystery instance
MBW_100,W5,"You are a robot arm. Available actions: attack X (requires harmony, province X, planet X to be true), succumb X (requires pain X to be true), overcome X Y (requires province Y and pain X to be true), feast X Y (requires craves X Y, province X, harmony to be true).
Current state: harmony is true. planet and province are true for blocks b, j, l, and i. craves b j, craves j l, and craves l i are true.
Goal: harmony is true. planet and province are true for all blocks b, j, l, and i. No craves relationships exist.
Respond with a numbered list of actions only. Each action must be exactly one of: attack X / succumb X / overcome X Y / feast X Y. No explanation. No extra text.
","feast b j
succumb b
feast j l
succumb j
feast l i
succumb l",planning_suite,mystery_blocksworld,easy,low,type=planbench_mystery | dataset=planbench | filename=instance-100.pddl | path=plan-bench/instances/blocksworld/generated/instance-100/mystery/instance-100-mystery.pddl,verify_mystery_blocksworld_plan,num_blocks=4 | requires_unstacking=false | max_initial_stack_depth=2,5 blocks clean-start mystery instance
MBW_100,W6,"""You are a robot arm. Available actions: attack X (requires harmony, province X, planet X to be true), succumb X (requires pain X to be true), overcome X Y (requires province Y and pain X to be true), feast X Y (requires craves X Y, province X, harmony to be true). Current state: harmony is true. planet and province are true for blocks b, j, l, and i. Goal: craves b j, craves j l, and craves l i are true. Respond with a numbered list of actions only. Each action must be exactly one of: attack X / succumb X / overcome X Y / feast X Y. No explanation. No extra text.""","attack l
overcome l i
attack j
overcome j l
attack b
overcome b j",planning_suite,mystery_blocksworld,easy,low,type=planbench_mystery | dataset=planbench | filename=instance-100.pddl | path=plan-bench/instances/blocksworld/generated/instance-100/mystery/instance-100-mystery.pddl | synthesized_w6_from_canonical,verify_mystery_blocksworld_plan,num_blocks=4 | requires_unstacking=false | max_initial_stack_depth=1,4 blocks clean-start mystery instance | W6 synthesized from canonical for coverage
MBW_100,canonical,"""You are a robot arm. Available actions: attack X (requires harmony, province X, planet X to be true), succumb X (requires pain X to be true), overcome X Y (requires province Y and pain X to be true), feast X Y (requires craves X Y, province X, harmony to be true). Current state: harmony is true. planet and province are true for blocks b, j, l, and i. Goal: craves b j, craves j l, and craves l i are true. Respond with a numbered list of actions only. Each action must be exactly one of: attack X / succumb X / overcome X Y / feast X Y. No explanation. No extra text.""","attack l
overcome l i
attack j
overcome j l
attack b
overcome b j",planning_suite,mystery_blocksworld,easy,low,type=planbench_mystery | dataset=planbench | filename=instance-100.pddl | path=plan-bench/instances/blocksworld/generated/instance-100/mystery/instance-100-mystery.pddl,verify_mystery_blocksworld_plan,num_blocks=4 | requires_unstacking=false | max_initial_stack_depth=1,4 blocks clean-start mystery instance
MBW_127,W1,"""You are a robotic manipulator. Permitted operations: attack X (requires harmony, province X, planet X to be true), succumb X (requires pain X to be true), overcome X Y (requires province Y and pain X to be true), feast X Y (requires craves X Y, province X, harmony to be true). Current configuration: harmony is true. planet and province are true for blocks k, g, j, e, and b. Objective: craves k g, craves g j, craves j e, and craves e b are true. Reply with a numbered sequence of operations only. Each operation must be exactly one of: attack X / succumb X / overcome X Y / feast X Y. No explanation. No extra text.""","attack e
overcome e b
attack j
overcome j e
attack g
overcome g j
attack k
overcome k g",planning_suite,mystery_blocksworld,easy,low,type=planbench_mystery | dataset=planbench | filename=instance-127.pddl | path=plan-bench/instances/blocksworld/mystery/generated/instance-127.pddl,verify_mystery_blocksworld_plan,num_blocks=5 | requires_unstacking=false | max_initial_stack_depth=1,5 blocks clean-start mystery instance
MBW_127,W2,"Action Reference:
| Action      | Preconditions                                  | Effect   |
|-------------|------------------------------------------------|----------|
| attack X    | harmony, province X, planet X are true         | pain X   |
| succumb X   | pain X is true                                 | harmony  |
| overcome X Y| province Y and pain X are true                 | craves X Y|
| feast X Y   | craves X Y, province X, and harmony are true   | pain X   |

Current State:
| Block | Planet? | Province? |
|-------|---------|-----------|
| k     | yes     | yes       |
| g     | yes     | yes       |
| j     | yes     | yes       |
| e     | yes     | yes       |
| b     | yes     | yes       |
Note: harmony is true.

Goal:
| Block | Must crave |
|-------|------------|
| k     | g          |
| g     | j          |
| j     | e          |
| e     | b          |

Respond with a numbered list of actions only. Each action must be exactly one of: attack X / succumb X / overcome X Y / feast X Y. No explanation. No extra text.","attack e
overcome e b
attack j
overcome j e
attack g
overcome g j
attack k
overcome k g",planning_suite,mystery_blocksworld,easy,low,type=planbench_mystery | dataset=planbench | filename=instance-127.pddl | path=plan-bench/instances/blocksworld/mystery/generated/instance-127.pddl,verify_mystery_blocksworld_plan,num_blocks=5 | requires_unstacking=false | max_initial_stack_depth=1,5 blocks clean-start mystery instance
MBW_127,W3,"""You are a diplomat brokering alliances. Available actions: provoke X (requires goodwill, sovereignty X, and influence X to be true), appease X (requires tension X to be true), broker X Y (requires sovereignty Y and tension X to be true), negotiate X Y (requires alliance X Y, sovereignty X, and goodwill to be true). Current state: goodwill is true. influence and sovereignty are true for nations Kenya, Germany, Japan, Egypt, and Brazil. Goal: Kenya allies with Germany, Germany allies with Japan, Japan allies with Egypt, and Egypt allies with Brazil. Respond with a numbered list of actions only. Each action must be exactly one of: provoke X / appease X / broker X Y / negotiate X Y. No explanation. No extra text.""","provoke Egypt
broker Egypt Brazil
provoke Japan
broker Japan Egypt
provoke Germany
broker Germany Japan
provoke Kenya
broker Kenya Germany",planning_suite,mystery_blocksworld,easy,low,type=planbench_mystery | dataset=planbench | filename=instance-127.pddl | path=plan-bench/instances/blocksworld/mystery/generated/instance-127.pddl,verify_mystery_blocksworld_plan,num_blocks=5 | requires_unstacking=false | max_initial_stack_depth=1,5 blocks clean-start mystery instance
MBW_127,W4,"FORMAL DEFINITION:
π = ⟨B, S₀, S*, A⟩

BLOCKS:
B = {k, g, j, e, b}

INITIAL STATE S₀:
Harmony,
Planet(k), Planet(g), Planet(j), Planet(e), Planet(b),
Province(k), Province(g), Province(j), Province(e), Province(b)

GOAL STATE S*:
Craves(k,g), Craves(g,j), Craves(j,e), Craves(e,b)

ACTIONS (Preconditions → Add Effects | Delete Effects):

1. attack(x):
   Pre:  Harmony, Province(x), Planet(x)
   Add:  Pain(x)
   Del:  Harmony, Province(x), Planet(x)

2. succumb(x):
   Pre:  Pain(x)
   Add:  Harmony, Province(x), Planet(x)
   Del:  Pain(x)

3. overcome(x, y):
   Pre:  Province(y), Pain(x)
   Add:  Harmony, Province(x), Craves(x,y)
   Del:  Province(y), Pain(x)

4. feast(x, y):
   Pre:  Craves(x,y), Province(x), Harmony
   Add:  Pain(x), Province(y)
   Del:  Craves(x,y), Province(x), Harmony

CONSTRAINTS:
- x ≠ y for all two-argument actions
- Pre(aₖ) ⊆ Sₖ₋₁ must hold for each action aₖ

TASK:
Find plan π = (a₁, a₂, ..., aₙ) such that:
S₀ →(a₁) S₁ →(a₂) ... →(aₙ) Sₙ, where S* ⊆ Sₙ

OUTPUT FORMAT:
Return a numbered list of actions only.
Each action must be exactly one of:
  attack X
  succumb X
  overcome X Y
  feast X Y
No explanation. No extra text.","attack e
overcome e b
attack j
overcome j e
attack g
overcome g j
attack k
overcome k g",planning_suite,mystery_blocksworld,easy,low,type=planbench_mystery | dataset=planbench | filename=instance-127.pddl | path=plan-bench/instances/blocksworld/mystery/generated/instance-127.pddl,verify_mystery_blocksworld_plan,num_blocks=5 | requires_unstacking=false | max_initial_stack_depth=1,5 blocks clean-start mystery instance
MBW_127,W5,"You are a robot arm. Available actions: attack X (requires harmony, province X, planet X to be true), succumb X (requires pain X to be true), overcome X Y (requires province Y and pain X to be true), feast X Y (requires craves X Y, province X, harmony to be true).
Current state: harmony is true. planet and province are true for blocks k, g, j, e, and b. craves k g, craves g j, craves j e, and craves e b are true.
Goal: harmony is true. planet and province are true for all blocks k, g, j, e, and b. No craves relationships exist.
Respond with a numbered list of actions only. Each action must be exactly one of: attack X / succumb X / overcome X Y / feast X Y. No explanation. No extra text.","feast k g
succumb k
feast g j
succumb g
feast j e
succumb j
feast e b
succumb e",planning_suite,mystery_blocksworld,easy,low,type=planbench_mystery | dataset=planbench | filename=instance-127.pddl | path=plan-bench/instances/blocksworld/mystery/generated/instance-127.pddl,verify_mystery_blocksworld_plan,num_blocks=5 | requires_unstacking=false | max_initial_stack_depth=2,6 blocks clean-start mystery instance
MBW_127,W6,"""You are a robot arm. Available actions: attack X (requires harmony, province X, planet X to be true), succumb X (requires pain X to be true), overcome X Y (requires province Y and pain X to be true), feast X Y (requires craves X Y, province X, harmony to be true). Current state: harmony is true. planet and province are true for blocks k, g, j, e, and b. Goal: craves k g, craves g j, craves j e, and craves e b are true. Respond with a numbered list of actions only. Each action must be exactly one of: attack X / succumb X / overcome X Y / feast X Y. No explanation. No extra text.""","attack e
overcome e b
attack j
overcome j e
attack g
overcome g j
attack k
overcome k g",planning_suite,mystery_blocksworld,easy,low,type=planbench_mystery | dataset=planbench | filename=instance-127.pddl | path=plan-bench/instances/blocksworld/mystery/generated/instance-127.pddl | synthesized_w6_from_canonical,verify_mystery_blocksworld_plan,num_blocks=5 | requires_unstacking=false | max_initial_stack_depth=1,5 blocks clean-start mystery instance | W6 synthesized from canonical for coverage
MBW_127,canonical,"""You are a robot arm. Available actions: attack X (requires harmony, province X, planet X to be true), succumb X (requires pain X to be true), overcome X Y (requires province Y and pain X to be true), feast X Y (requires craves X Y, province X, harmony to be true). Current state: harmony is true. planet and province are true for blocks k, g, j, e, and b. Goal: craves k g, craves g j, craves j e, and craves e b are true. Respond with a numbered list of actions only. Each action must be exactly one of: attack X / succumb X / overcome X Y / feast X Y. No explanation. No extra text.""","attack e
overcome e b
attack j
overcome j e
attack g
overcome g j
attack k
overcome k g",planning_suite,mystery_blocksworld,easy,low,type=planbench_mystery | dataset=planbench | filename=instance-127.pddl | path=plan-bench/instances/blocksworld/mystery/generated/instance-127.pddl,verify_mystery_blocksworld_plan,num_blocks=5 | requires_unstacking=false | max_initial_stack_depth=1,5 blocks clean-start mystery instance
MBW_185,W1,"""You are a robotic manipulator. Permitted operations: attack X (requires harmony, province X, planet X to be true), succumb X (requires pain X to be true), overcome X Y (requires province Y and pain X to be true), feast X Y (requires craves X Y, province X, harmony to be true). Current configuration: harmony is true. planet and province are true for blocks j, d, g, i, c, h, a, b, e, and l. Objective: craves j d, craves d g, craves g i, craves i c, craves c h, craves h a, craves a b, craves b e, and craves e l are true. Reply with a numbered sequence of operations only. Each operation must be exactly one of: attack X / succumb X / overcome X Y / feast X Y. No explanation. No extra text.""","attack e
overcome e l
attack b
overcome b e
attack a
overcome a b
attack h
overcome h a
attack c
overcome c h
attack i
overcome i c
attack g
overcome g i
attack d
overcome d g
attack j
overcome j d",planning_suite,mystery_blocksworld,hard,low,type=planbench_mystery | dataset=planbench | filename=instance-185.pddl | path=plan-bench/instances/blocksworld/mystery/generated/instance-185.pddl,verify_mystery_blocksworld_plan,num_blocks=10 | requires_unstacking=false | max_initial_stack_depth=1,10 blocks clean-start mystery instance
MBW_185,W2,"Action Reference:
| Action      | Preconditions                                  | Effect    |
|-------------|------------------------------------------------|-----------|
| attack X    | harmony, province X, planet X are true         | pain X    |
| succumb X   | pain X is true                                 | harmony   |
| overcome X Y| province Y and pain X are true                 | craves X Y|
| feast X Y   | craves X Y, province X, and harmony are true   | pain X    |

Current State:
| Block | Planet? | Province? |
|-------|---------|-----------|
| j     | yes     | yes       |
| d     | yes     | yes       |
| g     | yes     | yes       |
| i     | yes     | yes       |
| c     | yes     | yes       |
| h     | yes     | yes       |
| a     | yes     | yes       |
| b     | yes     | yes       |
| e     | yes     | yes       |
| l     | yes     | yes       |
Note: harmony is true.

Goal:
| Block | Must crave |
|-------|------------|
| j     | d          |
| d     | g          |
| g     | i          |
| i     | c          |
| c     | h          |
| h     | a          |
| a     | b          |
| b     | e          |
| e     | l          |

Respond with a numbered list of actions only. Each action must be exactly one of: attack X / succumb X / overcome X Y / feast X Y. No explanation. No extra text.","attack e
overcome e l
attack b
overcome b e
attack a
overcome a b
attack h
overcome h a
attack c
overcome c h
attack i
overcome i c
attack g
overcome g i
attack d
overcome d g
attack j
overcome j d",planning_suite,mystery_blocksworld,hard,low,type=planbench_mystery | dataset=planbench | filename=instance-185.pddl | path=plan-bench/instances/blocksworld/mystery/generated/instance-185.pddl,verify_mystery_blocksworld_plan,num_blocks=10 | requires_unstacking=false | max_initial_stack_depth=1,10 blocks clean-start mystery instance
MBW_185,W3,"""You are a diplomat brokering alliances. Available actions: provoke X (requires goodwill, sovereignty X, and influence X to be true), appease X (requires tension X to be true), broker X Y (requires sovereignty Y and tension X to be true), negotiate X Y (requires alliance X Y, sovereignty X, and goodwill to be true). Current state: goodwill is true. influence and sovereignty are true for nations Jordan, Denmark, Ghana, India, Chile, Hungary, Austria, Bolivia, Ecuador, and Latvia. Goal: Jordan allies with Denmark, Denmark allies with Ghana, Ghana allies with India, India allies with Chile, Chile allies with Hungary, Hungary allies with Austria, Austria allies with Bolivia, Bolivia allies with Ecuador, and Ecuador allies with Latvia. Respond with a numbered list of actions only. Each action must be exactly one of: provoke X / appease X / broker X Y / negotiate X Y. No explanation. No extra text.""","provoke Ecuador
broker Ecuador Latvia
provoke Bolivia
broker Bolivia Ecuador
provoke Austria
broker Austria Bolivia
provoke Hungary
broker Hungary Austria
provoke Chile
broker Chile Hungary
provoke India
broker India Chile
provoke Ghana
broker Ghana India
provoke Denmark
broker Denmark Ghana
provoke Jordan
broker Jordan Denmark",planning_suite,mystery_blocksworld,hard,low,type=planbench_mystery | dataset=planbench | filename=instance-185.pddl | path=plan-bench/instances/blocksworld/mystery/generated/instance-185.pddl,verify_mystery_blocksworld_plan,num_blocks=10 | requires_unstacking=false | max_initial_stack_depth=1,10 blocks clean-start mystery instance
MBW_185,W4,"FORMAL DEFINITION:
π = ⟨B, S₀, S*, A⟩

BLOCKS:
B = {j, d, g, i, c, h, a, b, e, l}

INITIAL STATE S₀:
Harmony,
Planet(j), Planet(d), Planet(g), Planet(i), Planet(c),
Planet(h), Planet(a), Planet(b), Planet(e), Planet(l),
Province(j), Province(d), Province(g), Province(i), Province(c),
Province(h), Province(a), Province(b), Province(e), Province(l)

GOAL STATE S*:
Craves(j,d), Craves(d,g), Craves(g,i), Craves(i,c), Craves(c,h),
Craves(h,a), Craves(a,b), Craves(b,e), Craves(e,l)

ACTIONS (Preconditions → Add Effects | Delete Effects):

1. attack(x):
   Pre:  Harmony, Province(x), Planet(x)
   Add:  Pain(x)
   Del:  Harmony, Province(x), Planet(x)

2. succumb(x):
   Pre:  Pain(x)
   Add:  Harmony, Province(x), Planet(x)
   Del:  Pain(x)

3. overcome(x, y):
   Pre:  Province(y), Pain(x)
   Add:  Harmony, Province(x), Craves(x,y)
   Del:  Province(y), Pain(x)

4. feast(x, y):
   Pre:  Craves(x,y), Province(x), Harmony
   Add:  Pain(x), Province(y)
   Del:  Craves(x,y), Province(x), Harmony

CONSTRAINTS:
- x ≠ y for all two-argument actions
- Pre(aₖ) ⊆ Sₖ₋₁ must hold for each action aₖ

TASK:
Find plan π = (a₁, a₂, ..., aₙ) such that:
S₀ →(a₁) S₁ →(a₂) ... →(aₙ) Sₙ, where S* ⊆ Sₙ

OUTPUT FORMAT:
Return a numbered list of actions only.
Each action must be exactly one of:
  attack X
  succumb X
  overcome X Y
  feast X Y
No explanation. No extra text.","attack e
overcome e l
attack b
overcome b e
attack a
overcome a b
attack h
overcome h a
attack c
overcome c h
attack i
overcome i c
attack g
overcome g i
attack d
overcome d g
attack j
overcome j d",planning_suite,mystery_blocksworld,hard,low,type=planbench_mystery | dataset=planbench | filename=instance-185.pddl | path=plan-bench/instances/blocksworld/mystery/generated/instance-185.pddl,verify_mystery_blocksworld_plan,num_blocks=10 | requires_unstacking=false | max_initial_stack_depth=1,10 blocks clean-start mystery instance
MBW_185,W5,"You are a robot arm. Available actions: attack X (requires harmony, province X, planet X to be true), succumb X (requires pain X to be true), overcome X Y (requires province Y and pain X to be true), feast X Y (requires craves X Y, province X, harmony to be true).
Current state: harmony is true. planet and province are true for blocks j, d, g, i, c, h, a, b, e, and l. craves j d, craves d g, craves g i, craves i c, craves c h, craves h a, craves a b, craves b e, and craves e l are true.
Goal: harmony is true. planet and province are true for all blocks j, d, g, i, c, h, a, b, e, and l. No craves relationships exist.
Respond with a numbered list of actions only. Each action must be exactly one of: attack X / succumb X / overcome X Y / feast X Y. No explanation. No extra text.","feast j d
succumb j
feast d g
succumb d
feast g i
succumb g
feast i c
succumb i
feast c h
succumb c
feast h a
succumb h
feast a b
succumb a
feast b e
succumb b
feast e l
succumb e",planning_suite,mystery_blocksworld,hard,low,type=planbench_mystery | dataset=planbench | filename=instance-185.pddl | path=plan-bench/instances/blocksworld/mystery/generated/instance-185.pddl,verify_mystery_blocksworld_plan,num_blocks=10 | requires_unstacking=false | max_initial_stack_depth=2,11 blocks clean-start mystery instance
MBW_185,W6,"""You are a robot arm. Available actions: attack X (requires harmony, province X, planet X to be true), succumb X (requires pain X to be true), overcome X Y (requires province Y and pain X to be true), feast X Y (requires craves X Y, province X, harmony to be true). Current state: harmony is true. planet and province are true for blocks j, d, g, i, c, h, a, b, e, and l. Goal: craves j d, craves d g, craves g i, craves i c, craves c h, craves h a, craves a b, craves b e, and craves e l are true. Respond with a numbered list of actions only. Each action must be exactly one of: attack X / succumb X / overcome X Y / feast X Y. No explanation. No extra text.""","attack e
overcome e l
attack b
overcome b e
attack a
overcome a b
attack h
overcome h a
attack c
overcome c h
attack i
overcome i c
attack g
overcome g i
attack d
overcome d g
attack j
overcome j d",planning_suite,mystery_blocksworld,hard,low,type=planbench_mystery | dataset=planbench | filename=instance-185.pddl | path=plan-bench/instances/blocksworld/mystery/generated/instance-185.pddl | synthesized_w6_from_canonical,verify_mystery_blocksworld_plan,num_blocks=10 | requires_unstacking=false | max_initial_stack_depth=1,10 blocks clean-start mystery instance | W6 synthesized from canonical for coverage
MBW_185,canonical,"""You are a robot arm. Available actions: attack X (requires harmony, province X, planet X to be true), succumb X (requires pain X to be true), overcome X Y (requires province Y and pain X to be true), feast X Y (requires craves X Y, province X, harmony to be true). Current state: harmony is true. planet and province are true for blocks j, d, g, i, c, h, a, b, e, and l. Goal: craves j d, craves d g, craves g i, craves i c, craves c h, craves h a, craves a b, craves b e, and craves e l are true. Respond with a numbered list of actions only. Each action must be exactly one of: attack X / succumb X / overcome X Y / feast X Y. No explanation. No extra text.""","attack e
overcome e l
attack b
overcome b e
attack a
overcome a b
attack h
overcome h a
attack c
overcome c h
attack i
overcome i c
attack g
overcome g i
attack d
overcome d g
attack j
overcome j d",planning_suite,mystery_blocksworld,hard,low,type=planbench_mystery | dataset=planbench | filename=instance-185.pddl | path=plan-bench/instances/blocksworld/mystery/generated/instance-185.pddl,verify_mystery_blocksworld_plan,num_blocks=10 | requires_unstacking=false | max_initial_stack_depth=1,10 blocks clean-start mystery instance
MBW_495,W1,"You are a robotic manipulator. Permitted operations: attack X (requires harmony, province X, planet X to be true), succumb X (requires pain X to be true), overcome X Y (requires province Y and pain X to be true), feast X Y (requires craves X Y, province X, harmony to be true). Current configuration: harmony is true. planet and province are true for blocks c, l, i, e, and h. Objective: craves c l, craves l i, craves i e, and craves e h are true. Reply with a numbered sequence of operations only. Each operation must be exactly one of: attack X / succumb X / overcome X Y / feast X Y. No explanation. No extra text.","attack e
 overcome e h
 attack i
 overcome i e
 attack l
 overcome l i
 attack c
 overcome c l",planning_suite,mystery_blocksworld,medium,low,plan-bench/instances/blocksworld/mystery/generated/instance-495.pddl,verify_mystery_blocksworld_plan,,
MBW_495,W2,"Action Reference:
 | Action | Preconditions | Effect |
 |--------|---------------|--------|
 | attack X | harmony, province X, planet X are true | pain X |
 | succumb X | pain X is true | harmony |
 | overcome X Y | province Y and pain X are true | craves X Y |
 | feast X Y | craves X Y, province X, and harmony are true | pain X |
 
 Current State:
 | Block | Planet? | Province? |
 |-------|---------|----------|
 | c | yes | yes |
 | l | yes | yes |
 | i | yes | yes |
 | e | yes | yes |
 | h | yes | yes |
 
 Note: harmony is true.
 
 Goal:
 | Block | Must crave |
 |-------|------------|
 | c | l |
 | l | i |
 | i | e |
 | e | h |
 
 Respond with a numbered list of actions only. Each action must be exactly one of: attack X / succumb X / overcome X Y / feast X Y. No explanation. No extra text.","attack e
 overcome e h
 attack i
 overcome i e
 attack l
 overcome l i
 attack c
 overcome c l",planning_suite,mystery_blocksworld,medium,low,plan-bench/instances/blocksworld/mystery/generated/instance-495.pddl,verify_mystery_blocksworld_plan,,
MBW_495,W3,"You are a diplomat brokering alliances. Available actions: provoke X (requires goodwill, sovereignty X, and influence X to be true), appease X (requires tension X to be true), broker X Y (requires sovereignty Y and tension X to be true), negotiate X Y (requires alliance X Y, sovereignty X, and goodwill to be true). Current state: goodwill is true. influence and sovereignty are true for nations Canada, Lithuania, Ireland, Estonia, and Hungary. Goal: Canada allies with Lithuania, Lithuania allies with Ireland, Ireland allies with Estonia, Estonia allies with Hungary. Respond with a numbered list of actions only. Each action must be exactly one of: provoke X / appease X / broker X Y / negotiate X Y. No explanation. No extra text.","provoke Canada
broker Canada Lithuania
provoke Lithuania
broker Lithuania Ireland
provoke Ireland
broker Ireland Estonia
provoke Estonia
broker Estonia Hungary",planning_suite,mystery_blocksworld,medium,low,plan-bench/instances/blocksworld/mystery/generated/instance-495.pddl,verify_mystery_blocksworld_plan,,
MBW_495,W4,"FORMAL DEFINITION:
 π = ⟨B, S₀, S*, A⟩
 
 BLOCKS:
 B = {c, l, i, e, h}
 
 INITIAL STATE S₀:
 Harmony,
 Planet(c), Planet(l), Planet(i), Planet(e), Planet(h),
 Province(c), Province(l), Province(i), Province(e), Province(h)
 
 GOAL STATE S*:
 Craves(c,l), Craves(l,i), Craves(i,e), Craves(e,h)
 
 ACTIONS (Preconditions → Add Effects | Delete Effects):
 
 1. attack(x):
  Pre: Harmony, Province(x), Planet(x)
  Add: Pain(x)
  Del: Harmony, Province(x), Planet(x)
 
 2. succumb(x):
  Pre: Pain(x)
  Add: Harmony, Province(x), Planet(x)
  Del: Pain(x)
 
 3. overcome(x, y):
  Pre: Province(y), Pain(x)
  Add: Harmony, Province(x), Craves(x,y)
  Del: Province(y), Pain(x)
 
 4. feast(x, y):
  Pre: Craves(x,y), Province(x), Harmony
  Add: Pain(x), Province(y)
  Del: Craves(x,y), Province(x), Harmony
 
 CONSTRAINTS:
 - x ≠ y for all two-argument actions
 - Pre(aₖ) ⊆ Sₖ₋₁ must hold for each action aₖ
 
 TASK:
 Find plan π = (a₁, a₂, ..., aₙ) such that:
 S₀ →(a₁) S₁ →(a₂) ... →(aₙ) Sₙ, where S* ⊆ Sₙ
 
 OUTPUT FORMAT:
 Return a numbered list of actions only.
 Each action must be exactly one of:
  attack X
  succumb X
  overcome X Y
  feast X Y
 No explanation. No extra text.","attack e
 overcome e h
 attack i
 overcome i e
 attack l
 overcome l i
 attack c
 overcome c l",planning_suite,mystery_blocksworld,medium,low,plan-bench/instances/blocksworld/mystery/generated/instance-495.pddl,verify_mystery_blocksworld_plan,,
MBW_495,W5,"You are a robot arm. Available actions: attack X (requires harmony, province X, planet X to be true), succumb X (requires pain X to be true), overcome X Y (requires province Y and pain X to be true), feast X Y (requires craves X Y, province X, harmony to be true). Current state: craves c l, craves l i, craves i e, and craves e h are true. Goal: harmony is true. planet and province are true for blocks c, l, i, e, and h. Respond with a numbered list of actions only. Each action must be exactly one of: attack X / succumb X / overcome X Y / feast X Y. No explanation. No extra text.","feast c l
succumb c
feast l i
succumb l
feast i e
succumb i
feast e h
succumb e",planning_suite,mystery_blocksworld,medium,low,plan-bench/instances/blocksworld/mystery/generated/instance-495.pddl,verify_mystery_blocksworld_plan,,
MBW_495,W6,"You are a robot arm. Available actions: attack X (requires harmony, province X, planet X to be true), succumb X (requires pain X to be true), overcome X Y (requires province Y and pain X to be true), feast X Y (requires craves j k, province X, harmony to be true). Current state: harmony is true. planet and province are true for blocks c, l, i, e, and h. Goal: craves a g, craves g f, craves f b, and craves b d are true. Respond with a numbered list of actions only. Each action must be exactly one of: attack X / succumb X / overcome X Y / feast X Y. No explanation. No extra text.","attack b
 overcome b d
 attack f
 overcome f b
 attack g
 overcome g f
 attack a
 overcome a g",planning_suite,mystery_blocksworld,medium,low,plan-bench/instances/blocksworld/mystery/generated/instance-495.pddl | variant=w6_rename,verify_mystery_blocksworld_plan,,
MBW_495,canonical,"You are a robot arm. Available actions: attack X (requires harmony, province X, planet X to be true), succumb X (requires pain X to be true), overcome X Y (requires province Y and pain X to be true), feast X Y (requires craves X Y, province X, harmony to be true). Current state: harmony is true. planet and province are true for blocks c, l, i, e, and h. Goal: craves c l, craves l i, craves i e, and craves e h are true. Respond with a numbered list of actions only. Each action must be exactly one of: attack X / succumb X / overcome X Y / feast X Y. No explanation. No extra text.","attack e
 overcome e h
 attack i
 overcome i e
 attack l
 overcome l i
 attack c
 overcome c l",planning_suite,mystery_blocksworld,medium,low,plan-bench/instances/blocksworld/mystery/generated/instance-495.pddl,verify_mystery_blocksworld_plan,"{""critical_step_index"": 4, ""plan_length"": 8, ""computed_from"": ""correct_answer_midpoint""}",
BW_496,W1,"You function as a robotic arm. Possible operations: pick-up X (X needs to be accessible and resting on the table, your hand needs to be unoccupied), put-down X (set X down on the table), stack X Y (put X on top of Y; Y needs to be accessible, you need to be grasping X), unstack X Y (lift X off of Y; X needs to be accessible, your hand needs to be unoccupied). You're capable of grasping a single block at any given moment. Present situation: Blocks a, c, d, e, f, g, h, i, j, k, and l are accessible and resting on the table, with your hand being unoccupied. Objective: Block j sits atop block h, block h sits atop block l, block l sits atop block a, block a sits atop block e, block e sits atop block g, block g sits atop block k, block k sits atop block d, block d sits atop block c, block c sits atop block f, and block f sits atop block i. Reply using only a numbered sequence of operations. Every operation should be precisely one of these: pick-up X / put-down X / stack X Y / unstack X Y. Provide no clarification. Include no additional words.","pick-up f
stack f i
pick-up c
stack c f
pick-up d
stack d c
pick-up k
stack k d
pick-up g
stack g k
pick-up e
stack e g
pick-up a
stack a e
pick-up l
stack l a
pick-up h
stack h l
pick-up j
stack j h",planning_suite,blocksworld,hard,high,type=planbench_original | dataset=planbench | filename=instance-101.pddl | path=plan-bench/instances/blocksworld/generated/instance-101.pddl,verify_blocksworld_plan,num_blocks=11,Stage1 PlanBench canonical extraction
BW_496,W2,"You are a robot arm. Available actions: pick-up X (X must be clear and on the table, hand must be empty), put-down X (place X on the table), stack X Y (place X on Y; Y must be clear, you must be holding X), unstack X Y (pick up X from Y; X must be clear, hand must be empty). You can hold one block at a time.

Initial state:
| Block | Position |
|-------|----------|
| a | on table |
| c | on table |
| d | on table |
| e | on table |
| f | on table |
| g | on table |
| h | on table |
| i | on table |
| j | on table |
| k | on table |
| l | on table |

Goal:
| Block | Target Position |
|-------|-----------------|
| a | on e |
| c | on f |
| d | on c |
| e | on g |
| f | on i |
| g | on k |
| h | on l |
| j | on h |
| k | on d |
| l | on a |

What sequence of actions achieves the goal?","pick-up f
stack f i
pick-up c
stack c f
pick-up d
stack d c
pick-up k
stack k d
pick-up g
stack g k
pick-up e
stack e g
pick-up a
stack a e
pick-up l
stack l a
pick-up h
stack h l
pick-up j
stack j h",planning_suite,blocksworld,hard,high,type=planbench_original | dataset=planbench | filename=instance-101.pddl | path=plan-bench/instances/blocksworld/generated/instance-101.pddl,verify_blocksworld_plan,num_blocks=11,Stage1 PlanBench canonical extraction
BW_496,W3,"You are Alice robot arm. Available actions: recruit X (X must be clear and on the table, hand must be empty), assign_to_base X (place X on the table), promote_over X Y (place X on Y; Y must be clear, you must be holding X), reassign_from X Y (pick up X from Y; X must be clear, hand must be empty). You can hold one block at Alice time. Current state: Blocks Alice, Carol, David, Emma, Frank, Grace, Henry, Isabel, James, Kevin, and Laura are clear and on the table, and the hand is empty. Goal: Block James is on block Henry, block Henry is on block Laura, block Laura is on block Alice, block Alice is on block Emma, block Emma is on block Grace, block Grace is on block Kevin, block Kevin is on block David, block David is on block Carol, block Carol is on block Frank, and block Frank is on block Isabel. Respond with Alice numbered list of actions only. Each action must be exactly one of: recruit X / assign_to_base X / promote_over X Y / reassign_from X Y. No explanation. No extra text.","recruit Frank
promote_over Frank Isabel
recruit Carol
promote_over Carol Frank
recruit David
promote_over David Carol
recruit Kevin
promote_over Kevin David
recruit Grace
promote_over Grace Kevin
recruit Emma
promote_over Emma Grace
recruit Alice
promote_over Alice Emma
recruit Laura
promote_over Laura Alice
recruit Henry
promote_over Henry Laura
recruit James
promote_over James Henry",planning_suite,blocksworld,hard,high,type=planbench_original | dataset=planbench | filename=instance-101.pddl | path=plan-bench/instances/blocksworld/generated/instance-101.pddl,verify_blocksworld_plan,num_blocks=11,"Stage1 PlanBench canonical extraction | {""chosen_domain"": ""hr_org"", ""entity_mapping"": {""a"": ""Alice"", ""c"": ""Carol"", ""d"": ""David"", ""e"": ""Emma"", ""f"": ""Frank"", ""g"": ""Grace"", ""h"": ""Henry"", ""i"": ""Isabel"", ""j"": ""James"", ""k"": ""Kevin"", ""l"": ""Laura""}, ""action_mapping"": {""pick-up"": ""recruit"", ""put-down"": ""assign_to_base"", ""stack"": ""promote_over"", ""unstack"": ""reassign_from""}}"
BW_496,W4,"FORMAL DEFINITION:
π = ⟨B, S₀, S*, A⟩

BLOCKS:
B = {a, c, d, e, f, g, h, i, j, k, l}

INITIAL STATE S₀:
OnTable(a)
Clear(a)
OnTable(c)
Clear(c)
OnTable(d)
Clear(d)
OnTable(e)
Clear(e)
OnTable(f)
Clear(f)
OnTable(g)
Clear(g)
OnTable(h)
Clear(h)
OnTable(i)
Clear(i)
OnTable(j)
Clear(j)
OnTable(k)
Clear(k)
OnTable(l)
Clear(l)
HandEmpty

GOAL STATE S*:
On(a,e)
On(c,f)
On(d,c)
On(e,g)
On(f,i)
On(g,k)
On(h,l)
On(j,h)
On(k,d)
On(l,a)
HandEmpty

ACTIONS (Preconditions → Add Effects | Delete Effects):
pick-up(x): Pre: Clear(x), OnTable(x), HandEmpty → Holding(x) | ¬Clear(x), ¬OnTable(x), ¬HandEmpty
put-down(x): Pre: Holding(x) → OnTable(x), Clear(x), HandEmpty | ¬Holding(x)
stack(x,y): Pre: Holding(x), Clear(y) → On(x,y), Clear(x), HandEmpty | ¬Holding(x), ¬Clear(y)
unstack(x,y): Pre: On(x,y), Clear(x), HandEmpty → Holding(x) | ¬On(x,y), ¬Clear(x), ¬HandEmpty

TASK:
Find plan π = (a₁, a₂, ..., aₙ) such that:
S₀ →(a₁) S₁ →(a₂) ... →(aₙ) Sₙ, where S* ⊆ Sₙ

OUTPUT FORMAT:
Return a numbered list of actions only.
No explanation. No extra text.","pick-up f
stack f i
pick-up c
stack c f
pick-up d
stack d c
pick-up k
stack k d
pick-up g
stack g k
pick-up e
stack e g
pick-up a
stack a e
pick-up l
stack l a
pick-up h
stack h l
pick-up j
stack j h",planning_suite,blocksworld,hard,high,type=planbench_original | dataset=planbench | filename=instance-101.pddl | path=plan-bench/instances/blocksworld/generated/instance-101.pddl,verify_blocksworld_plan,num_blocks=11,Stage1 PlanBench canonical extraction
BW_496,W5,"You are a robot arm. Available actions: pick-up X (X must be clear and on the table, hand must be empty), put-down X (place X on the table), stack X Y (place X on Y; Y must be clear, you must be holding X), unstack X Y (pick up X from Y; X must be clear, hand must be empty). You can hold one block at a time. Current state: Block j is on block h, block h is on block l, block l is on block a, block a is on block e, block e is on block g, block g is on block k, block k is on block d, block d is on block c, block c is on block f, and block f is on block i. Block j is clear. The hand is empty. Goal: Block a is on the table. Block c is on the table. Block d is on the table. Block e is on the table. Block f is on the table. Block g is on the table. Block h is on the table. Block i is on the table. Block j is on the table. Block k is on the table. Block l is on the table. The hand is empty. Respond with a numbered list of actions only. Each action must be exactly one of: pick-up X / put-down X / stack X Y / unstack X Y. No explanation. No extra text.","unstack j h
put-down j
unstack h l
put-down h
unstack l a
put-down l
unstack a e
put-down a
unstack e g
put-down e
unstack g k
put-down g
unstack k d
put-down k
unstack d c
put-down d
unstack c f
put-down c
unstack f i
put-down f",planning_suite,blocksworld,hard,high,type=planbench_original | dataset=planbench | filename=instance-101.pddl | path=plan-bench/instances/blocksworld/generated/instance-101.pddl,verify_blocksworld_plan,num_blocks=11,Stage1 PlanBench canonical extraction | W5_FD_PLAN_ACCEPTED_NL_SIM_FAILED
BW_496,W6,"You are a robot arm. Available actions: pick-up X (X must be clear and on the table, hand must be empty), put-down X (place X on the table), stack X Y (place X on Y; Y must be clear, you must be holding X), unstack X Y (pick up X from Y; X must be clear, hand must be empty). You can hold one block at a time. Current state: Blocks a, b, c, d, e, f, g, h, i, j, and k are clear and on the table. The hand is empty. Goal: Block a is on block b, block b is on block d, block c is on block f, block d is on block g, block e is on block i, block f is on block a, block g is on block h, block h is on the table, block i is on block k, block j is on block c, block k is on block j. Respond with a numbered list of actions only. Each action must be exactly one of: pick-up X / put-down X / stack X Y / unstack X Y. No explanation. No extra text.","pick-up g
stack g h
pick-up d
stack d g
pick-up b
stack b d
pick-up a
stack a b
pick-up f
stack f a
pick-up c
stack c f
pick-up j
stack j c
pick-up k
stack k j
pick-up i
stack i k
pick-up e
stack e i",planning_suite,blocksworld,hard,high,type=planbench_original | dataset=planbench | filename=instance-101.pddl | path=plan-bench/instances/blocksworld/generated/instance-101.pddl,verify_blocksworld_plan,num_blocks=11,Stage1 PlanBench canonical extraction | w6_seed=39171016
BW_497,W1,"You function as a robotic arm. Possible operations: pick-up X (requires X to be unobstructed and resting on the table, with your hand unoccupied), put-down X (set X down on the table), stack X Y (put X on top of Y; Y needs to be unobstructed, X must be in your grasp), unstack X Y (lift X off of Y; X needs to be unobstructed, your hand must be unoccupied). Your capacity is limited to grasping a single block at once. Present situation: Blocks c, e, and l are unobstructed and sitting on the table, with your hand currently free. Objective: Block l should be positioned on block e, with block e positioned on block c. Reply using only a numbered sequence of operations. Every operation must precisely match one of these formats: pick-up X / put-down X / stack X Y / unstack X Y. Provide no explanations. Include no additional content.","pick-up e
stack e c
pick-up l
stack l e",planning_suite,blocksworld,easy,high,type=planbench_original | dataset=planbench | filename=instance-102.pddl | path=plan-bench/instances/blocksworld/generated/instance-102.pddl,verify_blocksworld_plan,num_blocks=3,Stage1 PlanBench canonical extraction
BW_497,W2,"You are a robot arm. Available actions: pick-up X (X must be clear and on the table, hand must be empty), put-down X (place X on the table), stack X Y (place X on Y; Y must be clear, you must be holding X), unstack X Y (pick up X from Y; X must be clear, hand must be empty). You can hold one block at a time.

Initial state:
| Block | Position |
|-------|----------|
| c | on table |
| e | on table |
| l | on table |

Goal:
| Block | Target Position |
|-------|-----------------|
| e | on c |
| l | on e |

What sequence of actions achieves the goal?","pick-up e
stack e c
pick-up l
stack l e",planning_suite,blocksworld,easy,high,type=planbench_original | dataset=planbench | filename=instance-102.pddl | path=plan-bench/instances/blocksworld/generated/instance-102.pddl,verify_blocksworld_plan,num_blocks=3,Stage1 PlanBench canonical extraction
BW_497,W3,"You are a robot arm. Available actions: retrieve X (X must be clear and on the table, hand must be empty), shelve X (place X on the table), place_on X Y (place X on Y; Y must be clear, you must be holding X), remove_from X Y (pick up X from Y; X must be clear, hand must be empty). You can hold one block at a time. Current state: Blocks Cookbook, Encyclopedia, and Literature are clear and on the table, and the hand is empty. Goal: Block Literature is on block Encyclopedia, and block Encyclopedia is on block Cookbook. Respond with a numbered list of actions only. Each action must be exactly one of: retrieve X / shelve X / place_on X Y / remove_from X Y. No explanation. No extra text.","retrieve Encyclopedia
place_on Encyclopedia Cookbook
retrieve Literature
place_on Literature Encyclopedia",planning_suite,blocksworld,easy,high,type=planbench_original | dataset=planbench | filename=instance-102.pddl | path=plan-bench/instances/blocksworld/generated/instance-102.pddl,verify_blocksworld_plan,num_blocks=3,"Stage1 PlanBench canonical extraction | {""chosen_domain"": ""library"", ""entity_mapping"": {""c"": ""Cookbook"", ""e"": ""Encyclopedia"", ""l"": ""Literature""}, ""action_mapping"": {""pick-up"": ""retrieve"", ""put-down"": ""shelve"", ""stack"": ""place_on"", ""unstack"": ""remove_from""}}"
BW_497,W4,"FORMAL DEFINITION:
π = ⟨B, S₀, S*, A⟩

BLOCKS:
B = {c, e, l}

INITIAL STATE S₀:
OnTable(c)
Clear(c)
OnTable(e)
Clear(e)
OnTable(l)
Clear(l)
HandEmpty

GOAL STATE S*:
On(e,c)
On(l,e)
HandEmpty

ACTIONS (Preconditions → Add Effects | Delete Effects):
pick-up(x): Pre: Clear(x), OnTable(x), HandEmpty → Holding(x) | ¬Clear(x), ¬OnTable(x), ¬HandEmpty
put-down(x): Pre: Holding(x) → OnTable(x), Clear(x), HandEmpty | ¬Holding(x)
stack(x,y): Pre: Holding(x), Clear(y) → On(x,y), Clear(x), HandEmpty | ¬Holding(x), ¬Clear(y)
unstack(x,y): Pre: On(x,y), Clear(x), HandEmpty → Holding(x) | ¬On(x,y), ¬Clear(x), ¬HandEmpty

TASK:
Find plan π = (a₁, a₂, ..., aₙ) such that:
S₀ →(a₁) S₁ →(a₂) ... →(aₙ) Sₙ, where S* ⊆ Sₙ

OUTPUT FORMAT:
Return a numbered list of actions only.
No explanation. No extra text.","pick-up e
stack e c
pick-up l
stack l e",planning_suite,blocksworld,easy,high,type=planbench_original | dataset=planbench | filename=instance-102.pddl | path=plan-bench/instances/blocksworld/generated/instance-102.pddl,verify_blocksworld_plan,num_blocks=3,Stage1 PlanBench canonical extraction
BW_497,W5,"You are a robot arm. Available actions: pick-up X (X must be clear and on the table, hand must be empty), put-down X (place X on the table), stack X Y (place X on Y; Y must be clear, you must be holding X), unstack X Y (pick up X from Y; X must be clear, hand must be empty). You can hold one block at a time. Current state: Block l is on block e, and block e is on block c. Block l is clear. The hand is empty. Goal: Block c is on the table. Block e is on the table. Block l is on the table. The hand is empty. Respond with a numbered list of actions only. Each action must be exactly one of: pick-up X / put-down X / stack X Y / unstack X Y. No explanation. No extra text.","unstack l e
put-down l
unstack e c
put-down e",planning_suite,blocksworld,easy,high,type=planbench_original | dataset=planbench | filename=instance-102.pddl | path=plan-bench/instances/blocksworld/generated/instance-102.pddl,verify_blocksworld_plan,num_blocks=3,Stage1 PlanBench canonical extraction | W5_FD_PLAN_ACCEPTED_NL_SIM_FAILED
BW_497,W6,"You are a robot arm. Available actions: pick-up X (X must be clear and on the table, hand must be empty), put-down X (place X on the table), stack X Y (place X on Y; Y must be clear, you must be holding X), unstack X Y (pick up X from Y; X must be clear, hand must be empty). You can hold one block at a time. Current state: Blocks a, b, and c are clear and on the table. The hand is empty. Goal: Block a is on block b, block b is on the table, block c is on block a. Respond with a numbered list of actions only. Each action must be exactly one of: pick-up X / put-down X / stack X Y / unstack X Y. No explanation. No extra text.","pick-up a
stack a b
pick-up c
stack c a",planning_suite,blocksworld,easy,high,type=planbench_original | dataset=planbench | filename=instance-102.pddl | path=plan-bench/instances/blocksworld/generated/instance-102.pddl,verify_blocksworld_plan,num_blocks=3,Stage1 PlanBench canonical extraction | w6_seed=2102656551
BW_498,W1,"You control a robotic arm that can manipulate blocks. The arm can only hold one block at a time. Actions available: pick-up X (lift X from table; X must be clear, hand empty), put-down X (place X on table), stack X Y (place held block X onto Y; Y must be clear), unstack X Y (lift X off Y; X must be clear, hand empty). Current state: Blocks a, b, c, d, e, f, g, j, k, and l are clear and on the table, and the hand is empty. Goal: Block k is on block j, block j is on block e, block e is on block c, block c is on block b, block b is on block f, block f is on block d, block d is on block l, block l is on block a, and block a is on block g.","pick-up a
stack a g
pick-up l
stack l a
pick-up d
stack d l
pick-up f
stack f d
pick-up b
stack b f
pick-up c
stack c b
pick-up e
stack e c
pick-up j
stack j e
pick-up k
stack k j",planning_suite,blocksworld,hard,high,type=planbench_original | dataset=planbench | filename=instance-103.pddl | path=plan-bench/instances/blocksworld/generated/instance-103.pddl,verify_blocksworld_plan,num_blocks=10,Stage1 PlanBench canonical extraction | manual_w1
BW_498,W2,"You are a robot arm. Available actions: pick-up X (X must be clear and on the table, hand must be empty), put-down X (place X on the table), stack X Y (place X on Y; Y must be clear, you must be holding X), unstack X Y (pick up X from Y; X must be clear, hand must be empty). You can hold one block at a time.

Initial state:
| Block | Position |
|-------|----------|
| a | on table |
| b | on table |
| c | on table |
| d | on table |
| e | on table |
| f | on table |
| g | on table |
| j | on table |
| k | on table |
| l | on table |

Goal:
| Block | Target Position |
|-------|-----------------|
| a | on g |
| b | on f |
| c | on b |
| d | on l |
| e | on c |
| f | on d |
| j | on e |
| k | on j |
| l | on a |

What sequence of actions achieves the goal?","pick-up a
stack a g
pick-up l
stack l a
pick-up d
stack d l
pick-up f
stack f d
pick-up b
stack b f
pick-up c
stack c b
pick-up e
stack e c
pick-up j
stack j e
pick-up k
stack k j",planning_suite,blocksworld,hard,high,type=planbench_original | dataset=planbench | filename=instance-103.pddl | path=plan-bench/instances/blocksworld/generated/instance-103.pddl,verify_blocksworld_plan,num_blocks=10,Stage1 PlanBench canonical extraction
BW_498,W3,"You are Alice robot arm. Available actions: hire X (X must be clear and on the table, hand must be empty), assign_to_base X (place X on the table), promote_above X Y (place X on Y; Y must be clear, you must be holding X), reassign_from X Y (pick up X from Y; X must be clear, hand must be empty). You can hold one block at Alice time. Current state: Blocks Alice, Bob, Carol, David, Emma, Frank, Grace, Jack, Kate, and Liam are clear and on the table, and the hand is empty. Goal: Block Kate is on block Jack, block Jack is on block Emma, block Emma is on block Carol, block Carol is on block Bob, block Bob is on block Frank, block Frank is on block David, block David is on block Liam, block Liam is on block Alice, and block Alice is on block Grace. Respond with Alice numbered list of actions only. Each action must be exactly one of: hire X / assign_to_base X / promote_above X Y / reassign_from X Y. No explanation. No extra text.","hire Alice
promote_above Alice Grace
hire Liam
promote_above Liam Alice
hire David
promote_above David Liam
hire Frank
promote_above Frank David
hire Bob
promote_above Bob Frank
hire Carol
promote_above Carol Bob
hire Emma
promote_above Emma Carol
hire Jack
promote_above Jack Emma
hire Kate
promote_above Kate Jack",planning_suite,blocksworld,hard,high,type=planbench_original | dataset=planbench | filename=instance-103.pddl | path=plan-bench/instances/blocksworld/generated/instance-103.pddl,verify_blocksworld_plan,num_blocks=10,"Stage1 PlanBench canonical extraction | {""chosen_domain"": ""hr_org"", ""entity_mapping"": {""a"": ""Alice"", ""b"": ""Bob"", ""c"": ""Carol"", ""d"": ""David"", ""e"": ""Emma"", ""f"": ""Frank"", ""g"": ""Grace"", ""j"": ""Jack"", ""k"": ""Kate"", ""l"": ""Liam""}, ""action_mapping"": {""pick-up"": ""hire"", ""put-down"": ""assign_to_base"", ""stack"": ""promote_above"", ""unstack"": ""reassign_from""}}"
BW_498,W4,"FORMAL DEFINITION:
π = ⟨B, S₀, S*, A⟩

BLOCKS:
B = {a, b, c, d, e, f, g, j, k, l}

INITIAL STATE S₀:
OnTable(a)
Clear(a)
OnTable(b)
Clear(b)
OnTable(c)
Clear(c)
OnTable(d)
Clear(d)
OnTable(e)
Clear(e)
OnTable(f)
Clear(f)
OnTable(g)
Clear(g)
OnTable(j)
Clear(j)
OnTable(k)
Clear(k)
OnTable(l)
Clear(l)
HandEmpty

GOAL STATE S*:
On(a,g)
On(b,f)
On(c,b)
On(d,l)
On(e,c)
On(f,d)
On(j,e)
On(k,j)
On(l,a)
HandEmpty

ACTIONS (Preconditions → Add Effects | Delete Effects):
pick-up(x): Pre: Clear(x), OnTable(x), HandEmpty → Holding(x) | ¬Clear(x), ¬OnTable(x), ¬HandEmpty
put-down(x): Pre: Holding(x) → OnTable(x), Clear(x), HandEmpty | ¬Holding(x)
stack(x,y): Pre: Holding(x), Clear(y) → On(x,y), Clear(x), HandEmpty | ¬Holding(x), ¬Clear(y)
unstack(x,y): Pre: On(x,y), Clear(x), HandEmpty → Holding(x) | ¬On(x,y), ¬Clear(x), ¬HandEmpty

TASK:
Find plan π = (a₁, a₂, ..., aₙ) such that:
S₀ →(a₁) S₁ →(a₂) ... →(aₙ) Sₙ, where S* ⊆ Sₙ

OUTPUT FORMAT:
Return a numbered list of actions only.
No explanation. No extra text.","pick-up a
stack a g
pick-up l
stack l a
pick-up d
stack d l
pick-up f
stack f d
pick-up b
stack b f
pick-up c
stack c b
pick-up e
stack e c
pick-up j
stack j e
pick-up k
stack k j",planning_suite,blocksworld,hard,high,type=planbench_original | dataset=planbench | filename=instance-103.pddl | path=plan-bench/instances/blocksworld/generated/instance-103.pddl,verify_blocksworld_plan,num_blocks=10,Stage1 PlanBench canonical extraction
BW_498,W5,"You are a robot arm. Available actions: pick-up X (X must be clear and on the table, hand must be empty), put-down X (place X on the table), stack X Y (place X on Y; Y must be clear, you must be holding X), unstack X Y (pick up X from Y; X must be clear, hand must be empty). You can hold one block at a time. Current state: Block k is on block j, block j is on block e, block e is on block c, block c is on block b, block b is on block f, block f is on block d, block d is on block l, block l is on block a, and block a is on block g. Block k is clear. The hand is empty. Goal: Block a is on the table. Block b is on the table. Block c is on the table. Block d is on the table. Block e is on the table. Block f is on the table. Block g is on the table. Block j is on the table. Block k is on the table. Block l is on the table. The hand is empty. Respond with a numbered list of actions only. Each action must be exactly one of: pick-up X / put-down X / stack X Y / unstack X Y. No explanation. No extra text.","unstack k j
put-down k
unstack j e
put-down j
unstack e c
put-down e
unstack c b
put-down c
unstack b f
put-down b
unstack f d
put-down f
unstack d l
put-down d
unstack l a
put-down l
unstack a g
put-down a",planning_suite,blocksworld,hard,high,type=planbench_original | dataset=planbench | filename=instance-103.pddl | path=plan-bench/instances/blocksworld/generated/instance-103.pddl,verify_blocksworld_plan,num_blocks=10,Stage1 PlanBench canonical extraction | W5_FD_PLAN_ACCEPTED_NL_SIM_FAILED
BW_498,W6,"You are a robot arm. Available actions: pick-up X (X must be clear and on the table, hand must be empty), put-down X (place X on the table), stack X Y (place X on Y; Y must be clear, you must be holding X), unstack X Y (pick up X from Y; X must be clear, hand must be empty). You can hold one block at a time. Current state: Blocks a, b, c, d, e, f, g, h, i, and j are clear and on the table. The hand is empty. Goal: Block a is on block h, block b is on block f, block c is on the table, block d is on block i, block e is on block d, block f is on block a, block g is on block c, block h is on block e, block i is on block g, block j is on block b. Respond with a numbered list of actions only. Each action must be exactly one of: pick-up X / put-down X / stack X Y / unstack X Y. No explanation. No extra text.","pick-up g
stack g c
pick-up i
stack i g
pick-up d
stack d i
pick-up e
stack e d
pick-up h
stack h e
pick-up a
stack a h
pick-up f
stack f a
pick-up b
stack b f
pick-up j
stack j b",planning_suite,blocksworld,hard,high,type=planbench_original | dataset=planbench | filename=instance-103.pddl | path=plan-bench/instances/blocksworld/generated/instance-103.pddl,verify_blocksworld_plan,num_blocks=10,Stage1 PlanBench canonical extraction | w6_seed=2342166455
BW_499,W1,"You control a robot arm. Possible operations: pick-up X (grab X when it's clear and on the table with an empty hand), put-down X (set X down on the table), stack X Y (put X on top of Y; Y needs to be clear while holding X), unstack X Y (lift X off Y; X needs to be clear with an empty hand). One block can be held at once. Present situation: The hand is empty, and blocks a, c, e, j, and l are all clear and sitting on the table. Objective: Place block j on block a, place block a on block c, place block c on block e, and place block e on block l. Reply using only a numbered sequence of actions. Every action should be precisely: pick-up X / put-down X / stack X Y / unstack X Y. Don't add explanations. Don't include additional text.","pick-up e
stack e l
pick-up c
stack c e
pick-up a
stack a c
pick-up j
stack j a",planning_suite,blocksworld,medium,high,type=planbench_original | dataset=planbench | filename=instance-104.pddl | path=plan-bench/instances/blocksworld/generated/instance-104.pddl,verify_blocksworld_plan,num_blocks=5,Stage1 PlanBench canonical extraction
BW_499,W2,"You are a robot arm. Available actions: pick-up X (X must be clear and on the table, hand must be empty), put-down X (place X on the table), stack X Y (place X on Y; Y must be clear, you must be holding X), unstack X Y (pick up X from Y; X must be clear, hand must be empty). You can hold one block at a time.

Initial state:
| Block | Position |
|-------|----------|
| a | on table |
| c | on table |
| e | on table |
| j | on table |
| l | on table |

Goal:
| Block | Target Position |
|-------|-----------------|
| a | on c |
| c | on e |
| e | on l |
| j | on a |

What sequence of actions achieves the goal?","pick-up e
stack e l
pick-up c
stack c e
pick-up a
stack a c
pick-up j
stack j a",planning_suite,blocksworld,medium,high,type=planbench_original | dataset=planbench | filename=instance-104.pddl | path=plan-bench/instances/blocksworld/generated/instance-104.pddl,verify_blocksworld_plan,num_blocks=5,Stage1 PlanBench canonical extraction
BW_499,W3,"You are Alice robot arm. Available actions: recruit X (X must be clear and on the table, hand must be empty), dismiss X (place X on the table), promote X Y (place X on Y; Y must be clear, you must be holding X), demote X Y (pick up X from Y; X must be clear, hand must be empty). You can hold one block at Alice time. Current state: Blocks Alice, Carol, Emma, John, and Laura are clear and on the table, and the hand is empty. Goal: Block John is on block Alice, block Alice is on block Carol, block Carol is on block Emma, and block Emma is on block Laura. Respond with Alice numbered list of actions only. Each action must be exactly one of: recruit X / dismiss X / promote X Y / demote X Y. No explanation. No extra text.","recruit Emma
promote Emma Laura
recruit Carol
promote Carol Emma
recruit Alice
promote Alice Carol
recruit John
promote John Alice",planning_suite,blocksworld,medium,high,type=planbench_original | dataset=planbench | filename=instance-104.pddl | path=plan-bench/instances/blocksworld/generated/instance-104.pddl,verify_blocksworld_plan,num_blocks=5,"Stage1 PlanBench canonical extraction | {""chosen_domain"": ""hr_org"", ""entity_mapping"": {""a"": ""Alice"", ""c"": ""Carol"", ""e"": ""Emma"", ""j"": ""John"", ""l"": ""Laura""}, ""action_mapping"": {""pick-up"": ""recruit"", ""put-down"": ""dismiss"", ""stack"": ""promote"", ""unstack"": ""demote""}}"
BW_499,W4,"FORMAL DEFINITION:
π = ⟨B, S₀, S*, A⟩

BLOCKS:
B = {a, c, e, j, l}

INITIAL STATE S₀:
OnTable(a)
Clear(a)
OnTable(c)
Clear(c)
OnTable(e)
Clear(e)
OnTable(j)
Clear(j)
OnTable(l)
Clear(l)
HandEmpty

GOAL STATE S*:
On(a,c)
On(c,e)
On(e,l)
On(j,a)
HandEmpty

ACTIONS (Preconditions → Add Effects | Delete Effects):
pick-up(x): Pre: Clear(x), OnTable(x), HandEmpty → Holding(x) | ¬Clear(x), ¬OnTable(x), ¬HandEmpty
put-down(x): Pre: Holding(x) → OnTable(x), Clear(x), HandEmpty | ¬Holding(x)
stack(x,y): Pre: Holding(x), Clear(y) → On(x,y), Clear(x), HandEmpty | ¬Holding(x), ¬Clear(y)
unstack(x,y): Pre: On(x,y), Clear(x), HandEmpty → Holding(x) | ¬On(x,y), ¬Clear(x), ¬HandEmpty

TASK:
Find plan π = (a₁, a₂, ..., aₙ) such that:
S₀ →(a₁) S₁ →(a₂) ... →(aₙ) Sₙ, where S* ⊆ Sₙ

OUTPUT FORMAT:
Return a numbered list of actions only.
No explanation. No extra text.","pick-up e
stack e l
pick-up c
stack c e
pick-up a
stack a c
pick-up j
stack j a",planning_suite,blocksworld,medium,high,type=planbench_original | dataset=planbench | filename=instance-104.pddl | path=plan-bench/instances/blocksworld/generated/instance-104.pddl,verify_blocksworld_plan,num_blocks=5,Stage1 PlanBench canonical extraction
BW_499,W5,"You are a robot arm. Available actions: pick-up X (X must be clear and on the table, hand must be empty), put-down X (place X on the table), stack X Y (place X on Y; Y must be clear, you must be holding X), unstack X Y (pick up X from Y; X must be clear, hand must be empty). You can hold one block at a time. Current state: Block j is on block a, block a is on block c, block c is on block e, and block e is on block l. Block j is clear. The hand is empty. Goal: Block a is on the table. Block c is on the table. Block e is on the table. Block j is on the table. Block l is on the table. The hand is empty. Respond with a numbered list of actions only. Each action must be exactly one of: pick-up X / put-down X / stack X Y / unstack X Y. No explanation. No extra text.","unstack j a
put-down j
unstack a c
put-down a
unstack c e
put-down c
unstack e l
put-down e",planning_suite,blocksworld,medium,high,type=planbench_original | dataset=planbench | filename=instance-104.pddl | path=plan-bench/instances/blocksworld/generated/instance-104.pddl,verify_blocksworld_plan,num_blocks=5,Stage1 PlanBench canonical extraction | W5_FD_PLAN_ACCEPTED_NL_SIM_FAILED
BW_499,W6,"You are a robot arm. Available actions: pick-up X (X must be clear and on the table, hand must be empty), put-down X (place X on the table), stack X Y (place X on Y; Y must be clear, you must be holding X), unstack X Y (pick up X from Y; X must be clear, hand must be empty). You can hold one block at a time. Current state: Blocks a, b, c, d, and e are clear and on the table. The hand is empty. Goal: Block a is on block b, block b is on block e, block c is on block d, block d is on block a, block e is on the table. Respond with a numbered list of actions only. Each action must be exactly one of: pick-up X / put-down X / stack X Y / unstack X Y. No explanation. No extra text.","pick-up b
stack b e
pick-up a
stack a b
pick-up d
stack d a
pick-up c
stack c d",planning_suite,blocksworld,medium,high,type=planbench_original | dataset=planbench | filename=instance-104.pddl | path=plan-bench/instances/blocksworld/generated/instance-104.pddl,verify_blocksworld_plan,num_blocks=5,Stage1 PlanBench canonical extraction | w6_seed=2197442475
BW_500,W1,"As a robotic arm, you have these available operations: pick-up X (requires X to be unobstructed and resting on the table, with your gripper unoccupied), put-down X (sets X onto the table surface), stack X Y (positions X atop Y; requires Y to be unobstructed while you're grasping X), unstack X Y (lifts X off of Y; requires X to be unobstructed with your gripper free). Your capacity is limited to grasping a single block at any moment. Present situation: The blocks a, b, c, d, e, g, k, and l are all unobstructed and sitting on the table surface, with your gripper currently unoccupied. Objective: Achieve a configuration where block e rests on block k, block k rests on block d, block d rests on block a, block a rests on block g, block g rests on block c, block c rests on block b, and block b rests on block l. Provide only a sequentially numbered action list. Every action must precisely match one of these formats: pick-up X / put-down X / stack X Y / unstack X Y. Include no explanations. Add no supplementary text.","pick-up b
stack b l
pick-up c
stack c b
pick-up g
stack g c
pick-up a
stack a g
pick-up d
stack d a
pick-up k
stack k d
pick-up e
stack e k",planning_suite,blocksworld,hard,high,type=planbench_original | dataset=planbench | filename=instance-105.pddl | path=plan-bench/instances/blocksworld/generated/instance-105.pddl,verify_blocksworld_plan,num_blocks=8,Stage1 PlanBench canonical extraction
BW_500,W2,"You are a robot arm. Available actions: pick-up X (X must be clear and on the table, hand must be empty), put-down X (place X on the table), stack X Y (place X on Y; Y must be clear, you must be holding X), unstack X Y (pick up X from Y; X must be clear, hand must be empty). You can hold one block at a time.

Initial state:
| Block | Position |
|-------|----------|
| a | on table |
| b | on table |
| c | on table |
| d | on table |
| e | on table |
| g | on table |
| k | on table |
| l | on table |

Goal:
| Block | Target Position |
|-------|-----------------|
| a | on g |
| b | on l |
| c | on b |
| d | on a |
| e | on k |
| g | on c |
| k | on d |

What sequence of actions achieves the goal?","pick-up b
stack b l
pick-up c
stack c b
pick-up g
stack g c
pick-up a
stack a g
pick-up d
stack d a
pick-up k
stack k d
pick-up e
stack e k",planning_suite,blocksworld,hard,high,type=planbench_original | dataset=planbench | filename=instance-105.pddl | path=plan-bench/instances/blocksworld/generated/instance-105.pddl,verify_blocksworld_plan,num_blocks=8,Stage1 PlanBench canonical extraction
BW_500,W3,"You are Alice robot arm. Available actions: recruit X (X must be clear and on the table, hand must be empty), dismiss X (place X on the table), promote X Y (place X on Y; Y must be clear, you must be holding X), demote X Y (pick up X from Y; X must be clear, hand must be empty). You can hold one block at Alice time. Current state: Blocks Alice, Bob, Carol, David, Emily, George, Kevin, and Laura are clear and on the table, and the hand is empty. Goal: Block Emily is on block Kevin, block Kevin is on block David, block David is on block Alice, block Alice is on block George, block George is on block Carol, block Carol is on block Bob, and block Bob is on block Laura. Respond with Alice numbered list of actions only. Each action must be exactly one of: recruit X / dismiss X / promote X Y / demote X Y. No explanation. No extra text.","recruit Bob
promote Bob Laura
recruit Carol
promote Carol Bob
recruit George
promote George Carol
recruit Alice
promote Alice George
recruit David
promote David Alice
recruit Kevin
promote Kevin David
recruit Emily
promote Emily Kevin",planning_suite,blocksworld,hard,high,type=planbench_original | dataset=planbench | filename=instance-105.pddl | path=plan-bench/instances/blocksworld/generated/instance-105.pddl,verify_blocksworld_plan,num_blocks=8,"Stage1 PlanBench canonical extraction | {""chosen_domain"": ""hr_org"", ""entity_mapping"": {""a"": ""Alice"", ""b"": ""Bob"", ""c"": ""Carol"", ""d"": ""David"", ""e"": ""Emily"", ""g"": ""George"", ""k"": ""Kevin"", ""l"": ""Laura""}, ""action_mapping"": {""pick-up"": ""recruit"", ""put-down"": ""dismiss"", ""stack"": ""promote"", ""unstack"": ""demote""}}"
BW_500,W4,"FORMAL DEFINITION:
π = ⟨B, S₀, S*, A⟩

BLOCKS:
B = {a, b, c, d, e, g, k, l}

INITIAL STATE S₀:
OnTable(a)
Clear(a)
OnTable(b)
Clear(b)
OnTable(c)
Clear(c)
OnTable(d)
Clear(d)
OnTable(e)
Clear(e)
OnTable(g)
Clear(g)
OnTable(k)
Clear(k)
OnTable(l)
Clear(l)
HandEmpty

GOAL STATE S*:
On(a,g)
On(b,l)
On(c,b)
On(d,a)
On(e,k)
On(g,c)
On(k,d)
HandEmpty

ACTIONS (Preconditions → Add Effects | Delete Effects):
pick-up(x): Pre: Clear(x), OnTable(x), HandEmpty → Holding(x) | ¬Clear(x), ¬OnTable(x), ¬HandEmpty
put-down(x): Pre: Holding(x) → OnTable(x), Clear(x), HandEmpty | ¬Holding(x)
stack(x,y): Pre: Holding(x), Clear(y) → On(x,y), Clear(x), HandEmpty | ¬Holding(x), ¬Clear(y)
unstack(x,y): Pre: On(x,y), Clear(x), HandEmpty → Holding(x) | ¬On(x,y), ¬Clear(x), ¬HandEmpty

TASK:
Find plan π = (a₁, a₂, ..., aₙ) such that:
S₀ →(a₁) S₁ →(a₂) ... →(aₙ) Sₙ, where S* ⊆ Sₙ

OUTPUT FORMAT:
Return a numbered list of actions only.
No explanation. No extra text.","pick-up b
stack b l
pick-up c
stack c b
pick-up g
stack g c
pick-up a
stack a g
pick-up d
stack d a
pick-up k
stack k d
pick-up e
stack e k",planning_suite,blocksworld,hard,high,type=planbench_original | dataset=planbench | filename=instance-105.pddl | path=plan-bench/instances/blocksworld/generated/instance-105.pddl,verify_blocksworld_plan,num_blocks=8,Stage1 PlanBench canonical extraction
BW_500,W5,"You are a robot arm. Available actions: pick-up X (X must be clear and on the table, hand must be empty), put-down X (place X on the table), stack X Y (place X on Y; Y must be clear, you must be holding X), unstack X Y (pick up X from Y; X must be clear, hand must be empty). You can hold one block at a time. Current state: Block e is on block k, block k is on block d, block d is on block a, block a is on block g, block g is on block c, block c is on block b, and block b is on block l. Block e is clear. The hand is empty. Goal: Block a is on the table. Block b is on the table. Block c is on the table. Block d is on the table. Block e is on the table. Block g is on the table. Block k is on the table. Block l is on the table. The hand is empty. Respond with a numbered list of actions only. Each action must be exactly one of: pick-up X / put-down X / stack X Y / unstack X Y. No explanation. No extra text.","unstack e k
put-down e
unstack k d
put-down k
unstack d a
put-down d
unstack a g
put-down a
unstack g c
put-down g
unstack c b
put-down c
unstack b l
put-down b",planning_suite,blocksworld,hard,high,type=planbench_original | dataset=planbench | filename=instance-105.pddl | path=plan-bench/instances/blocksworld/generated/instance-105.pddl,verify_blocksworld_plan,num_blocks=8,Stage1 PlanBench canonical extraction | W5_FD_PLAN_ACCEPTED_NL_SIM_FAILED
BW_500,W6,"You are a robot arm. Available actions: pick-up X (X must be clear and on the table, hand must be empty), put-down X (place X on the table), stack X Y (place X on Y; Y must be clear, you must be holding X), unstack X Y (pick up X from Y; X must be clear, hand must be empty). You can hold one block at a time. Current state: Blocks a, b, c, d, e, f, g, and h are clear and on the table. The hand is empty. Goal: Block a is on block f, block b is on block g, block c is on block h, block d is on the table, block e is on block c, block f is on block b, block g is on block e, block h is on block d. Respond with a numbered list of actions only. Each action must be exactly one of: pick-up X / put-down X / stack X Y / unstack X Y. No explanation. No extra text.","pick-up h
stack h d
pick-up c
stack c h
pick-up e
stack e c
pick-up g
stack g e
pick-up b
stack b g
pick-up f
stack f b
pick-up a
stack a f",planning_suite,blocksworld,hard,high,type=planbench_original | dataset=planbench | filename=instance-105.pddl | path=plan-bench/instances/blocksworld/generated/instance-105.pddl,verify_blocksworld_plan,num_blocks=8,Stage1 PlanBench canonical extraction | w6_seed=3689374100
BW_501,W1,"As a robotic arm, you have these capabilities: pick-up X (requires X to be unobstructed and resting on the table, with your gripper unoccupied), put-down X (sets X onto the table), stack X Y (positions X atop Y; Y needs to be unobstructed while you grip X), unstack X Y (lifts X off Y; X needs to be unobstructed with your gripper free). Your gripper can grasp a single block at once. Present situation: The blocks a, c, d, e, g, i, j, and k sit unobstructed on the table surface, with your gripper currently free. Objective: Position block c atop block i, with block i atop block k, block k atop block a, block a atop block e, block e atop block g, block g atop block j, and block j atop block d. Reply using only a numbered sequence of actions. All actions must strictly follow: pick-up X / put-down X / stack X Y / unstack X Y. Include nothing else. Add no further words.","pick-up j
stack j d
pick-up g
stack g j
pick-up e
stack e g
pick-up a
stack a e
pick-up k
stack k a
pick-up i
stack i k
pick-up c
stack c i",planning_suite,blocksworld,hard,high,type=planbench_original | dataset=planbench | filename=instance-106.pddl | path=plan-bench/instances/blocksworld/generated/instance-106.pddl,verify_blocksworld_plan,num_blocks=8,Stage1 PlanBench canonical extraction
BW_501,W2,"You are a robot arm. Available actions: pick-up X (X must be clear and on the table, hand must be empty), put-down X (place X on the table), stack X Y (place X on Y; Y must be clear, you must be holding X), unstack X Y (pick up X from Y; X must be clear, hand must be empty). You can hold one block at a time.

Initial state:
| Block | Position |
|-------|----------|
| a | on table |
| c | on table |
| d | on table |
| e | on table |
| g | on table |
| i | on table |
| j | on table |
| k | on table |

Goal:
| Block | Target Position |
|-------|-----------------|
| a | on e |
| c | on i |
| e | on g |
| g | on j |
| i | on k |
| j | on d |
| k | on a |

What sequence of actions achieves the goal?","pick-up j
stack j d
pick-up g
stack g j
pick-up e
stack e g
pick-up a
stack a e
pick-up k
stack k a
pick-up i
stack i k
pick-up c
stack c i",planning_suite,blocksworld,hard,high,type=planbench_original | dataset=planbench | filename=instance-106.pddl | path=plan-bench/instances/blocksworld/generated/instance-106.pddl,verify_blocksworld_plan,num_blocks=8,Stage1 PlanBench canonical extraction
BW_501,W3,"You are Alice robot arm. Available actions: recruit X (X must be clear and on the table, hand must be empty), dismiss X (place X on the table), promote X Y (place X on Y; Y must be clear, you must be holding X), demote X Y (pick up X from Y; X must be clear, hand must be empty). You can hold one block at Alice time. Current state: Blocks Alice, Carol, David, Emma, George, Isabella, James, and Kevin are clear and on the table, and the hand is empty. Goal: Block Carol is on block Isabella, block Isabella is on block Kevin, block Kevin is on block Alice, block Alice is on block Emma, block Emma is on block George, block George is on block James, and block James is on block David. Respond with Alice numbered list of actions only. Each action must be exactly one of: recruit X / dismiss X / promote X Y / demote X Y. No explanation. No extra text.","recruit James
promote James David
recruit George
promote George James
recruit Emma
promote Emma George
recruit Alice
promote Alice Emma
recruit Kevin
promote Kevin Alice
recruit Isabella
promote Isabella Kevin
recruit Carol
promote Carol Isabella",planning_suite,blocksworld,hard,high,type=planbench_original | dataset=planbench | filename=instance-106.pddl | path=plan-bench/instances/blocksworld/generated/instance-106.pddl,verify_blocksworld_plan,num_blocks=8,"Stage1 PlanBench canonical extraction | {""chosen_domain"": ""hr_org"", ""entity_mapping"": {""a"": ""Alice"", ""c"": ""Carol"", ""d"": ""David"", ""e"": ""Emma"", ""g"": ""George"", ""i"": ""Isabella"", ""j"": ""James"", ""k"": ""Kevin""}, ""action_mapping"": {""pick-up"": ""recruit"", ""put-down"": ""dismiss"", ""stack"": ""promote"", ""unstack"": ""demote""}}"
BW_501,W4,"FORMAL DEFINITION:
π = ⟨B, S₀, S*, A⟩

BLOCKS:
B = {a, c, d, e, g, i, j, k}

INITIAL STATE S₀:
OnTable(a)
Clear(a)
OnTable(c)
Clear(c)
OnTable(d)
Clear(d)
OnTable(e)
Clear(e)
OnTable(g)
Clear(g)
OnTable(i)
Clear(i)
OnTable(j)
Clear(j)
OnTable(k)
Clear(k)
HandEmpty

GOAL STATE S*:
On(a,e)
On(c,i)
On(e,g)
On(g,j)
On(i,k)
On(j,d)
On(k,a)
HandEmpty

ACTIONS (Preconditions → Add Effects | Delete Effects):
pick-up(x): Pre: Clear(x), OnTable(x), HandEmpty → Holding(x) | ¬Clear(x), ¬OnTable(x), ¬HandEmpty
put-down(x): Pre: Holding(x) → OnTable(x), Clear(x), HandEmpty | ¬Holding(x)
stack(x,y): Pre: Holding(x), Clear(y) → On(x,y), Clear(x), HandEmpty | ¬Holding(x), ¬Clear(y)
unstack(x,y): Pre: On(x,y), Clear(x), HandEmpty → Holding(x) | ¬On(x,y), ¬Clear(x), ¬HandEmpty

TASK:
Find plan π = (a₁, a₂, ..., aₙ) such that:
S₀ →(a₁) S₁ →(a₂) ... →(aₙ) Sₙ, where S* ⊆ Sₙ

OUTPUT FORMAT:
Return a numbered list of actions only.
No explanation. No extra text.","pick-up j
stack j d
pick-up g
stack g j
pick-up e
stack e g
pick-up a
stack a e
pick-up k
stack k a
pick-up i
stack i k
pick-up c
stack c i",planning_suite,blocksworld,hard,high,type=planbench_original | dataset=planbench | filename=instance-106.pddl | path=plan-bench/instances/blocksworld/generated/instance-106.pddl,verify_blocksworld_plan,num_blocks=8,Stage1 PlanBench canonical extraction
BW_501,W5,"You are a robot arm. Available actions: pick-up X (X must be clear and on the table, hand must be empty), put-down X (place X on the table), stack X Y (place X on Y; Y must be clear, you must be holding X), unstack X Y (pick up X from Y; X must be clear, hand must be empty). You can hold one block at a time. Current state: Block c is on block i, block i is on block k, block k is on block a, block a is on block e, block e is on block g, block g is on block j, and block j is on block d. Block c is clear. The hand is empty. Goal: Block a is on the table. Block c is on the table. Block d is on the table. Block e is on the table. Block g is on the table. Block i is on the table. Block j is on the table. Block k is on the table. The hand is empty. Respond with a numbered list of actions only. Each action must be exactly one of: pick-up X / put-down X / stack X Y / unstack X Y. No explanation. No extra text.","unstack c i
put-down c
unstack i k
put-down i
unstack k a
put-down k
unstack a e
put-down a
unstack e g
put-down e
unstack g j
put-down g
unstack j d
put-down j",planning_suite,blocksworld,hard,high,type=planbench_original | dataset=planbench | filename=instance-106.pddl | path=plan-bench/instances/blocksworld/generated/instance-106.pddl,verify_blocksworld_plan,num_blocks=8,Stage1 PlanBench canonical extraction | W5_FD_PLAN_ACCEPTED_NL_SIM_FAILED
BW_501,W6,"You are a robot arm. Available actions: pick-up X (X must be clear and on the table, hand must be empty), put-down X (place X on the table), stack X Y (place X on Y; Y must be clear, you must be holding X), unstack X Y (pick up X from Y; X must be clear, hand must be empty). You can hold one block at a time. Current state: Blocks a, b, c, d, e, f, g, and h are clear and on the table. The hand is empty. Goal: Block a is on block g, block b is on block h, block c is on block f, block d is on the table, block e is on block a, block f is on block e, block g is on block d, block h is on block c. Respond with a numbered list of actions only. Each action must be exactly one of: pick-up X / put-down X / stack X Y / unstack X Y. No explanation. No extra text.","pick-up g
stack g d
pick-up a
stack a g
pick-up e
stack e a
pick-up f
stack f e
pick-up c
stack c f
pick-up h
stack h c
pick-up b
stack b h",planning_suite,blocksworld,hard,high,type=planbench_original | dataset=planbench | filename=instance-106.pddl | path=plan-bench/instances/blocksworld/generated/instance-106.pddl,verify_blocksworld_plan,num_blocks=8,Stage1 PlanBench canonical extraction | w6_seed=2199641976
BW_502,W1,"As a robotic arm, you have these operations: pick-up X (requires X to be unobstructed and sitting on the table, with your gripper unoccupied), put-down X (set X onto the table), stack X Y (put X on top of Y; Y needs to be unobstructed, and X must be in your grasp), unstack X Y (lift X off of Y; X needs to be unobstructed, with your gripper free). Your gripper can accommodate a single block at once. Present situation: The blocks d, e, h, and i are unobstructed and resting on the table surface, with your gripper currently free. Objective: Position block d atop block h, with block h positioned atop block i, and block i positioned atop block e. Reply using only a numbered sequence of operations. Every operation should be precisely one of these: pick-up X / put-down X / stack X Y / unstack X Y. Provide no explanations. Include no additional content.","pick-up i
stack i e
pick-up h
stack h i
pick-up d
stack d h",planning_suite,blocksworld,easy,high,type=planbench_original | dataset=planbench | filename=instance-107.pddl | path=plan-bench/instances/blocksworld/generated/instance-107.pddl,verify_blocksworld_plan,num_blocks=4,Stage1 PlanBench canonical extraction
BW_502,W2,"You are a robot arm. Available actions: pick-up X (X must be clear and on the table, hand must be empty), put-down X (place X on the table), stack X Y (place X on Y; Y must be clear, you must be holding X), unstack X Y (pick up X from Y; X must be clear, hand must be empty). You can hold one block at a time.

Initial state:
| Block | Position |
|-------|----------|
| d | on table |
| e | on table |
| h | on table |
| i | on table |

Goal:
| Block | Target Position |
|-------|-----------------|
| d | on h |
| h | on i |
| i | on e |

What sequence of actions achieves the goal?","pick-up i
stack i e
pick-up h
stack h i
pick-up d
stack d h",planning_suite,blocksworld,easy,high,type=planbench_original | dataset=planbench | filename=instance-107.pddl | path=plan-bench/instances/blocksworld/generated/instance-107.pddl,verify_blocksworld_plan,num_blocks=4,Stage1 PlanBench canonical extraction
BW_502,W3,"You are a robot arm. Available actions: recruit X (X must be clear and on the table, hand must be empty), dismiss X (place X on the table), promote X Y (place X on Y; Y must be clear, you must be holding X), demote X Y (pick up X from Y; X must be clear, hand must be empty). You can hold one block at a time. Current state: Blocks Diana, Edward, Henry, and Isabella are clear and on the table, and the hand is empty. Goal: Block Diana is on block Henry, block Henry is on block Isabella, and block Isabella is on block Edward. Respond with a numbered list of actions only. Each action must be exactly one of: recruit X / dismiss X / promote X Y / demote X Y. No explanation. No extra text.","recruit Isabella
promote Isabella Edward
recruit Henry
promote Henry Isabella
recruit Diana
promote Diana Henry",planning_suite,blocksworld,easy,high,type=planbench_original | dataset=planbench | filename=instance-107.pddl | path=plan-bench/instances/blocksworld/generated/instance-107.pddl,verify_blocksworld_plan,num_blocks=4,"Stage1 PlanBench canonical extraction | {""chosen_domain"": ""hr_org"", ""entity_mapping"": {""d"": ""Diana"", ""e"": ""Edward"", ""h"": ""Henry"", ""i"": ""Isabella""}, ""action_mapping"": {""pick-up"": ""recruit"", ""put-down"": ""dismiss"", ""stack"": ""promote"", ""unstack"": ""demote""}}"
BW_502,W4,"FORMAL DEFINITION:
π = ⟨B, S₀, S*, A⟩

BLOCKS:
B = {d, e, h, i}

INITIAL STATE S₀:
OnTable(d)
Clear(d)
OnTable(e)
Clear(e)
OnTable(h)
Clear(h)
OnTable(i)
Clear(i)
HandEmpty

GOAL STATE S*:
On(d,h)
On(h,i)
On(i,e)
HandEmpty

ACTIONS (Preconditions → Add Effects | Delete Effects):
pick-up(x): Pre: Clear(x), OnTable(x), HandEmpty → Holding(x) | ¬Clear(x), ¬OnTable(x), ¬HandEmpty
put-down(x): Pre: Holding(x) → OnTable(x), Clear(x), HandEmpty | ¬Holding(x)
stack(x,y): Pre: Holding(x), Clear(y) → On(x,y), Clear(x), HandEmpty | ¬Holding(x), ¬Clear(y)
unstack(x,y): Pre: On(x,y), Clear(x), HandEmpty → Holding(x) | ¬On(x,y), ¬Clear(x), ¬HandEmpty

TASK:
Find plan π = (a₁, a₂, ..., aₙ) such that:
S₀ →(a₁) S₁ →(a₂) ... →(aₙ) Sₙ, where S* ⊆ Sₙ

OUTPUT FORMAT:
Return a numbered list of actions only.
No explanation. No extra text.","pick-up i
stack i e
pick-up h
stack h i
pick-up d
stack d h",planning_suite,blocksworld,easy,high,type=planbench_original | dataset=planbench | filename=instance-107.pddl | path=plan-bench/instances/blocksworld/generated/instance-107.pddl,verify_blocksworld_plan,num_blocks=4,Stage1 PlanBench canonical extraction
BW_502,W5,"You are a robot arm. Available actions: pick-up X (X must be clear and on the table, hand must be empty), put-down X (place X on the table), stack X Y (place X on Y; Y must be clear, you must be holding X), unstack X Y (pick up X from Y; X must be clear, hand must be empty). You can hold one block at a time. Current state: Block d is on block h, block h is on block i, and block i is on block e. Block d is clear. The hand is empty. Goal: Block d is on the table. Block e is on the table. Block h is on the table. Block i is on the table. The hand is empty. Respond with a numbered list of actions only. Each action must be exactly one of: pick-up X / put-down X / stack X Y / unstack X Y. No explanation. No extra text.","unstack d h
put-down d
unstack h i
put-down h
unstack i e
put-down i",planning_suite,blocksworld,easy,high,type=planbench_original | dataset=planbench | filename=instance-107.pddl | path=plan-bench/instances/blocksworld/generated/instance-107.pddl,verify_blocksworld_plan,num_blocks=4,Stage1 PlanBench canonical extraction | W5_FD_PLAN_ACCEPTED_NL_SIM_FAILED
BW_502,W6,"You are a robot arm. Available actions: pick-up X (X must be clear and on the table, hand must be empty), put-down X (place X on the table), stack X Y (place X on Y; Y must be clear, you must be holding X), unstack X Y (pick up X from Y; X must be clear, hand must be empty). You can hold one block at a time. Current state: Blocks a, b, c, and d are clear and on the table. The hand is empty. Goal: Block a is on block c, block b is on block d, block c is on the table, block d is on block a. Respond with a numbered list of actions only. Each action must be exactly one of: pick-up X / put-down X / stack X Y / unstack X Y. No explanation. No extra text.","pick-up a
stack a c
pick-up d
stack d a
pick-up b
stack b d",planning_suite,blocksworld,easy,high,type=planbench_original | dataset=planbench | filename=instance-107.pddl | path=plan-bench/instances/blocksworld/generated/instance-107.pddl,verify_blocksworld_plan,num_blocks=4,Stage1 PlanBench canonical extraction | w6_seed=2118571571
BW_503,W1,"As a robotic arm, you have these available operations: pick-up X (requires X to be unobstructed and resting on the table, with your gripper unoccupied), put-down X (sets X onto the table surface), stack X Y (positions X atop Y; Y needs to be unobstructed while you're grasping X), unstack X Y (lifts X off of Y; X needs to be unobstructed with your gripper free). Your capacity is limited to grasping a single block at once. Present situation: All blocks labeled a, b, c, d, e, f, g, h, i, j, k, and l are unobstructed and positioned on the table surface, with your gripper currently unoccupied. Target configuration: Block f sits atop block g, which rests on block a, which is positioned on block c, which is placed on block d, which sits on block h, which is stacked on block k, which rests on block j, which is positioned on block b, which sits on block e, which is placed on block i, which rests on block l. Provide only a sequentially numbered action list. Every action should be precisely one of these: pick-up X / put-down X / stack X Y / unstack X Y. Include no explanations. Add no supplementary text.","pick-up i
stack i l
pick-up e
stack e i
pick-up b
stack b e
pick-up j
stack j b
pick-up k
stack k j
pick-up h
stack h k
pick-up d
stack d h
pick-up c
stack c d
pick-up a
stack a c
pick-up g
stack g a
pick-up f
stack f g",planning_suite,blocksworld,hard,high,type=planbench_original | dataset=planbench | filename=instance-108.pddl | path=plan-bench/instances/blocksworld/generated/instance-108.pddl,verify_blocksworld_plan,num_blocks=12,Stage1 PlanBench canonical extraction
BW_503,W2,"You are a robot arm. Available actions: pick-up X (X must be clear and on the table, hand must be empty), put-down X (place X on the table), stack X Y (place X on Y; Y must be clear, you must be holding X), unstack X Y (pick up X from Y; X must be clear, hand must be empty). You can hold one block at a time.

Initial state:
| Block | Position |
|-------|----------|
| a | on table |
| b | on table |
| c | on table |
| d | on table |
| e | on table |
| f | on table |
| g | on table |
| h | on table |
| i | on table |
| j | on table |
| k | on table |
| l | on table |

Goal:
| Block | Target Position |
|-------|-----------------|
| a | on c |
| b | on e |
| c | on d |
| d | on h |
| e | on i |
| f | on g |
| g | on a |
| h | on k |
| i | on l |
| j | on b |
| k | on j |

What sequence of actions achieves the goal?","pick-up i
stack i l
pick-up e
stack e i
pick-up b
stack b e
pick-up j
stack j b
pick-up k
stack k j
pick-up h
stack h k
pick-up d
stack d h
pick-up c
stack c d
pick-up a
stack a c
pick-up g
stack g a
pick-up f
stack f g",planning_suite,blocksworld,hard,high,type=planbench_original | dataset=planbench | filename=instance-108.pddl | path=plan-bench/instances/blocksworld/generated/instance-108.pddl,verify_blocksworld_plan,num_blocks=12,Stage1 PlanBench canonical extraction
BW_503,W3,"You are Alice robot arm. Available actions: recruit X (X must be clear and on the table, hand must be empty), assign_to_base X (place X on the table), promote_over X Y (place X on Y; Y must be clear, you must be holding X), reassign_from X Y (pick up X from Y; X must be clear, hand must be empty). You can hold one block at Alice time. Current state: Blocks Alice, Bob, Carol, David, Emma, Frank, Grace, Henry, Irene, James, Karen, and Larry are clear and on the table, and the hand is empty. Goal: Block Frank is on block Grace, block Grace is on block Alice, block Alice is on block Carol, block Carol is on block David, block David is on block Henry, block Henry is on block Karen, block Karen is on block James, block James is on block Bob, block Bob is on block Emma, block Emma is on block Irene, and block Irene is on block Larry. Respond with Alice numbered list of actions only. Each action must be exactly one of: recruit X / assign_to_base X / promote_over X Y / reassign_from X Y. No explanation. No extra text.","recruit Irene
promote_over Irene Larry
recruit Emma
promote_over Emma Irene
recruit Bob
promote_over Bob Emma
recruit James
promote_over James Bob
recruit Karen
promote_over Karen James
recruit Henry
promote_over Henry Karen
recruit David
promote_over David Henry
recruit Carol
promote_over Carol David
recruit Alice
promote_over Alice Carol
recruit Grace
promote_over Grace Alice
recruit Frank
promote_over Frank Grace",planning_suite,blocksworld,hard,high,type=planbench_original | dataset=planbench | filename=instance-108.pddl | path=plan-bench/instances/blocksworld/generated/instance-108.pddl,verify_blocksworld_plan,num_blocks=12,"Stage1 PlanBench canonical extraction | {""chosen_domain"": ""hr_org"", ""entity_mapping"": {""a"": ""Alice"", ""b"": ""Bob"", ""c"": ""Carol"", ""d"": ""David"", ""e"": ""Emma"", ""f"": ""Frank"", ""g"": ""Grace"", ""h"": ""Henry"", ""i"": ""Irene"", ""j"": ""James"", ""k"": ""Karen"", ""l"": ""Larry""}, ""action_mapping"": {""pick-up"": ""recruit"", ""put-down"": ""assign_to_base"", ""stack"": ""promote_over"", ""unstack"": ""reassign_from""}}"
BW_503,W4,"FORMAL DEFINITION:
π = ⟨B, S₀, S*, A⟩

BLOCKS:
B = {a, b, c, d, e, f, g, h, i, j, k, l}

INITIAL STATE S₀:
OnTable(a)
Clear(a)
OnTable(b)
Clear(b)
OnTable(c)
Clear(c)
OnTable(d)
Clear(d)
OnTable(e)
Clear(e)
OnTable(f)
Clear(f)
OnTable(g)
Clear(g)
OnTable(h)
Clear(h)
OnTable(i)
Clear(i)
OnTable(j)
Clear(j)
OnTable(k)
Clear(k)
OnTable(l)
Clear(l)
HandEmpty

GOAL STATE S*:
On(a,c)
On(b,e)
On(c,d)
On(d,h)
On(e,i)
On(f,g)
On(g,a)
On(h,k)
On(i,l)
On(j,b)
On(k,j)
HandEmpty

ACTIONS (Preconditions → Add Effects | Delete Effects):
pick-up(x): Pre: Clear(x), OnTable(x), HandEmpty → Holding(x) | ¬Clear(x), ¬OnTable(x), ¬HandEmpty
put-down(x): Pre: Holding(x) → OnTable(x), Clear(x), HandEmpty | ¬Holding(x)
stack(x,y): Pre: Holding(x), Clear(y) → On(x,y), Clear(x), HandEmpty | ¬Holding(x), ¬Clear(y)
unstack(x,y): Pre: On(x,y), Clear(x), HandEmpty → Holding(x) | ¬On(x,y), ¬Clear(x), ¬HandEmpty

TASK:
Find plan π = (a₁, a₂, ..., aₙ) such that:
S₀ →(a₁) S₁ →(a₂) ... →(aₙ) Sₙ, where S* ⊆ Sₙ

OUTPUT FORMAT:
Return a numbered list of actions only.
No explanation. No extra text.","pick-up i
stack i l
pick-up e
stack e i
pick-up b
stack b e
pick-up j
stack j b
pick-up k
stack k j
pick-up h
stack h k
pick-up d
stack d h
pick-up c
stack c d
pick-up a
stack a c
pick-up g
stack g a
pick-up f
stack f g",planning_suite,blocksworld,hard,high,type=planbench_original | dataset=planbench | filename=instance-108.pddl | path=plan-bench/instances/blocksworld/generated/instance-108.pddl,verify_blocksworld_plan,num_blocks=12,Stage1 PlanBench canonical extraction
BW_503,W5,"You are a robot arm. Available actions: pick-up X (X must be clear and on the table, hand must be empty), put-down X (place X on the table), stack X Y (place X on Y; Y must be clear, you must be holding X), unstack X Y (pick up X from Y; X must be clear, hand must be empty). You can hold one block at a time. Current state: Block f is on block g, block g is on block a, block a is on block c, block c is on block d, block d is on block h, block h is on block k, block k is on block j, block j is on block b, block b is on block e, block e is on block i, and block i is on block l. Block f is clear. The hand is empty. Goal: Block a is on the table. Block b is on the table. Block c is on the table. Block d is on the table. Block e is on the table. Block f is on the table. Block g is on the table. Block h is on the table. Block i is on the table. Block j is on the table. Block k is on the table. Block l is on the table. The hand is empty. Respond with a numbered list of actions only. Each action must be exactly one of: pick-up X / put-down X / stack X Y / unstack X Y. No explanation. No extra text.","unstack f g
put-down f
unstack g a
put-down g
unstack a c
put-down a
unstack c d
put-down c
unstack d h
put-down d
unstack h k
put-down h
unstack k j
put-down k
unstack j b
put-down j
unstack b e
put-down b
unstack e i
put-down e
unstack i l
put-down i",planning_suite,blocksworld,hard,high,type=planbench_original | dataset=planbench | filename=instance-108.pddl | path=plan-bench/instances/blocksworld/generated/instance-108.pddl,verify_blocksworld_plan,num_blocks=12,Stage1 PlanBench canonical extraction | W5_FD_PLAN_ACCEPTED_NL_SIM_FAILED
BW_503,W6,"You are a robot arm. Available actions: pick-up X (X must be clear and on the table, hand must be empty), put-down X (place X on the table), stack X Y (place X on Y; Y must be clear, you must be holding X), unstack X Y (pick up X from Y; X must be clear, hand must be empty). You can hold one block at a time. Current state: Blocks a, b, c, d, e, f, g, h, i, j, k, and l are clear and on the table. The hand is empty. Goal: Block a is on block f, block b is on block l, block c is on block k, block d is on block g, block e is on the table, block f is on block c, block g is on block b, block h is on block i, block i is on block j, block j is on block d, block k is on block e, block l is on block a. Respond with a numbered list of actions only. Each action must be exactly one of: pick-up X / put-down X / stack X Y / unstack X Y. No explanation. No extra text.","pick-up k
stack k e
pick-up c
stack c k
pick-up f
stack f c
pick-up a
stack a f
pick-up l
stack l a
pick-up b
stack b l
pick-up g
stack g b
pick-up d
stack d g
pick-up j
stack j d
pick-up i
stack i j
pick-up h
stack h i",planning_suite,blocksworld,hard,high,type=planbench_original | dataset=planbench | filename=instance-108.pddl | path=plan-bench/instances/blocksworld/generated/instance-108.pddl,verify_blocksworld_plan,num_blocks=12,Stage1 PlanBench canonical extraction | w6_seed=1832180201
BW_504,W1,"As a robotic arm, you have these operations: pick-up X (requires X to be unobstructed and resting on the table, with your gripper unoccupied), put-down X (set X onto the table surface), stack X Y (position X atop Y; Y needs to be unobstructed while you're grasping X), unstack X Y (lift X off of Y; X needs to be unobstructed with your gripper free). Your capacity is limited to grasping a single block. Present situation: The blocks a, b, e, f, h, k, and l sit unobstructed on the table surface, with your gripper currently unoccupied. Target configuration: Block a rests atop block h, which sits on block f, which is positioned on block k, which rests on block e, which sits atop block l, which is placed on block b. Provide only a sequentially numbered action list. Every action must precisely match: pick-up X / put-down X / stack X Y / unstack X Y. Exclude explanations. Exclude additional content.","pick-up l
stack l b
pick-up e
stack e l
pick-up k
stack k e
pick-up f
stack f k
pick-up h
stack h f
pick-up a
stack a h",planning_suite,blocksworld,medium,high,type=planbench_original | dataset=planbench | filename=instance-109.pddl | path=plan-bench/instances/blocksworld/generated/instance-109.pddl,verify_blocksworld_plan,num_blocks=7,Stage1 PlanBench canonical extraction
BW_504,W2,"You are a robot arm. Available actions: pick-up X (X must be clear and on the table, hand must be empty), put-down X (place X on the table), stack X Y (place X on Y; Y must be clear, you must be holding X), unstack X Y (pick up X from Y; X must be clear, hand must be empty). You can hold one block at a time.

Initial state:
| Block | Position |
|-------|----------|
| a | on table |
| b | on table |
| e | on table |
| f | on table |
| h | on table |
| k | on table |
| l | on table |

Goal:
| Block | Target Position |
|-------|-----------------|
| a | on h |
| e | on l |
| f | on k |
| h | on f |
| k | on e |
| l | on b |

What sequence of actions achieves the goal?","pick-up l
stack l b
pick-up e
stack e l
pick-up k
stack k e
pick-up f
stack f k
pick-up h
stack h f
pick-up a
stack a h",planning_suite,blocksworld,medium,high,type=planbench_original | dataset=planbench | filename=instance-109.pddl | path=plan-bench/instances/blocksworld/generated/instance-109.pddl,verify_blocksworld_plan,num_blocks=7,Stage1 PlanBench canonical extraction
BW_504,W3,"You are Alpha robot arm. Available actions: mobilize X (X must be clear and on the table, hand must be empty), deploy X (place X on the table), position X Y (place X on Y; Y must be clear, you must be holding X), withdraw X Y (pick up X from Y; X must be clear, hand must be empty). You can hold one block at Alpha time. Current state: Blocks Alpha, Bravo, Echo, Foxtrot, Hotel, Kilo, and Lima are clear and on the table, and the hand is empty. Goal: Block Alpha is on block Hotel, block Hotel is on block Foxtrot, block Foxtrot is on block Kilo, block Kilo is on block Echo, block Echo is on block Lima, and block Lima is on block Bravo. Respond with Alpha numbered list of actions only. Each action must be exactly one of: mobilize X / deploy X / position X Y / withdraw X Y. No explanation. No extra text.","mobilize Lima
position Lima Bravo
mobilize Echo
position Echo Lima
mobilize Kilo
position Kilo Echo
mobilize Foxtrot
position Foxtrot Kilo
mobilize Hotel
position Hotel Foxtrot
mobilize Alpha
position Alpha Hotel",planning_suite,blocksworld,medium,high,type=planbench_original | dataset=planbench | filename=instance-109.pddl | path=plan-bench/instances/blocksworld/generated/instance-109.pddl,verify_blocksworld_plan,num_blocks=7,"Stage1 PlanBench canonical extraction | {""chosen_domain"": ""military"", ""entity_mapping"": {""a"": ""Alpha"", ""b"": ""Bravo"", ""e"": ""Echo"", ""f"": ""Foxtrot"", ""h"": ""Hotel"", ""k"": ""Kilo"", ""l"": ""Lima""}, ""action_mapping"": {""pick-up"": ""mobilize"", ""put-down"": ""deploy"", ""stack"": ""position"", ""unstack"": ""withdraw""}}"
BW_504,W4,"FORMAL DEFINITION:
π = ⟨B, S₀, S*, A⟩

BLOCKS:
B = {a, b, e, f, h, k, l}

INITIAL STATE S₀:
OnTable(a)
Clear(a)
OnTable(b)
Clear(b)
OnTable(e)
Clear(e)
OnTable(f)
Clear(f)
OnTable(h)
Clear(h)
OnTable(k)
Clear(k)
OnTable(l)
Clear(l)
HandEmpty

GOAL STATE S*:
On(a,h)
On(e,l)
On(f,k)
On(h,f)
On(k,e)
On(l,b)
HandEmpty

ACTIONS (Preconditions → Add Effects | Delete Effects):
pick-up(x): Pre: Clear(x), OnTable(x), HandEmpty → Holding(x) | ¬Clear(x), ¬OnTable(x), ¬HandEmpty
put-down(x): Pre: Holding(x) → OnTable(x), Clear(x), HandEmpty | ¬Holding(x)
stack(x,y): Pre: Holding(x), Clear(y) → On(x,y), Clear(x), HandEmpty | ¬Holding(x), ¬Clear(y)
unstack(x,y): Pre: On(x,y), Clear(x), HandEmpty → Holding(x) | ¬On(x,y), ¬Clear(x), ¬HandEmpty

TASK:
Find plan π = (a₁, a₂, ..., aₙ) such that:
S₀ →(a₁) S₁ →(a₂) ... →(aₙ) Sₙ, where S* ⊆ Sₙ

OUTPUT FORMAT:
Return a numbered list of actions only.
No explanation. No extra text.","pick-up l
stack l b
pick-up e
stack e l
pick-up k
stack k e
pick-up f
stack f k
pick-up h
stack h f
pick-up a
stack a h",planning_suite,blocksworld,medium,high,type=planbench_original | dataset=planbench | filename=instance-109.pddl | path=plan-bench/instances/blocksworld/generated/instance-109.pddl,verify_blocksworld_plan,num_blocks=7,Stage1 PlanBench canonical extraction
BW_504,W5,"You are a robot arm. Available actions: pick-up X (X must be clear and on the table, hand must be empty), put-down X (place X on the table), stack X Y (place X on Y; Y must be clear, you must be holding X), unstack X Y (pick up X from Y; X must be clear, hand must be empty). You can hold one block at a time. Current state: Block a is on block h, block h is on block f, block f is on block k, block k is on block e, block e is on block l, and block l is on block b. Block a is clear. The hand is empty. Goal: Block a is on the table. Block b is on the table. Block e is on the table. Block f is on the table. Block h is on the table. Block k is on the table. Block l is on the table. The hand is empty. Respond with a numbered list of actions only. Each action must be exactly one of: pick-up X / put-down X / stack X Y / unstack X Y. No explanation. No extra text.","unstack a h
put-down a
unstack h f
put-down h
unstack f k
put-down f
unstack k e
put-down k
unstack e l
put-down e
unstack l b
put-down l",planning_suite,blocksworld,medium,high,type=planbench_original | dataset=planbench | filename=instance-109.pddl | path=plan-bench/instances/blocksworld/generated/instance-109.pddl,verify_blocksworld_plan,num_blocks=7,Stage1 PlanBench canonical extraction | W5_FD_PLAN_ACCEPTED_NL_SIM_FAILED
BW_504,W6,"You are a robot arm. Available actions: pick-up X (X must be clear and on the table, hand must be empty), put-down X (place X on the table), stack X Y (place X on Y; Y must be clear, you must be holding X), unstack X Y (pick up X from Y; X must be clear, hand must be empty). You can hold one block at a time. Current state: Blocks a, b, c, d, e, f, and g are clear and on the table. The hand is empty. Goal: Block a is on block g, block b is on block e, block c is on the table, block d is on block b, block e is on block a, block f is on block c, block g is on block f. Respond with a numbered list of actions only. Each action must be exactly one of: pick-up X / put-down X / stack X Y / unstack X Y. No explanation. No extra text.","pick-up f
stack f c
pick-up g
stack g f
pick-up a
stack a g
pick-up e
stack e a
pick-up b
stack b e
pick-up d
stack d b",planning_suite,blocksworld,medium,high,type=planbench_original | dataset=planbench | filename=instance-109.pddl | path=plan-bench/instances/blocksworld/generated/instance-109.pddl,verify_blocksworld_plan,num_blocks=7,Stage1 PlanBench canonical extraction | w6_seed=365599754
BW_505,W1,"You are operating a robotic arm. The possible actions are: pick-up X (requires X to be unobstructed and resting on the table, with your hand unoccupied), put-down X (set X down on the table), stack X Y (put X on top of Y; Y needs to be unobstructed, and X must be in your grasp), unstack X Y (lift X off of Y; X needs to be unobstructed, with your hand unoccupied). You have the capacity to hold a single block at any given moment. Present situation: The blocks b, c, d, g, and h are unobstructed and positioned on the table, with the hand currently free. Objective: Position block c atop block d, place block d over block g, set block g on top of block b, and put block b above block h. Reply using only a numbered sequence of actions. Every action should be precisely one of these: pick-up X / put-down X / stack X Y / unstack X Y. Provide no explanations. Include no additional text.","pick-up b
stack b h
pick-up g
stack g b
pick-up d
stack d g
pick-up c
stack c d",planning_suite,blocksworld,medium,high,type=planbench_original | dataset=planbench | filename=instance-110.pddl | path=plan-bench/instances/blocksworld/generated/instance-110.pddl,verify_blocksworld_plan,num_blocks=5,Stage1 PlanBench canonical extraction
BW_505,W2,"You are a robot arm. Available actions: pick-up X (X must be clear and on the table, hand must be empty), put-down X (place X on the table), stack X Y (place X on Y; Y must be clear, you must be holding X), unstack X Y (pick up X from Y; X must be clear, hand must be empty). You can hold one block at a time.

Initial state:
| Block | Position |
|-------|----------|
| b | on table |
| c | on table |
| d | on table |
| g | on table |
| h | on table |

Goal:
| Block | Target Position |
|-------|-----------------|
| b | on h |
| c | on d |
| d | on g |
| g | on b |

What sequence of actions achieves the goal?","pick-up b
stack b h
pick-up g
stack g b
pick-up d
stack d g
pick-up c
stack c d",planning_suite,blocksworld,medium,high,type=planbench_original | dataset=planbench | filename=instance-110.pddl | path=plan-bench/instances/blocksworld/generated/instance-110.pddl,verify_blocksworld_plan,num_blocks=5,Stage1 PlanBench canonical extraction
BW_505,W3,"You are a robot arm. Available actions: recruit X (X must be clear and on the table, hand must be empty), dismiss X (place X on the table), promote X Y (place X on Y; Y must be clear, you must be holding X), demote X Y (pick up X from Y; X must be clear, hand must be empty). You can hold one block at a time. Current state: Blocks Bob, Carol, David, Grace, and Henry are clear and on the table, and the hand is empty. Goal: Block Carol is on block David, block David is on block Grace, block Grace is on block Bob, and block Bob is on block Henry. Respond with a numbered list of actions only. Each action must be exactly one of: recruit X / dismiss X / promote X Y / demote X Y. No explanation. No extra text.","recruit Bob
promote Bob Henry
recruit Grace
promote Grace Bob
recruit David
promote David Grace
recruit Carol
promote Carol David",planning_suite,blocksworld,medium,high,type=planbench_original | dataset=planbench | filename=instance-110.pddl | path=plan-bench/instances/blocksworld/generated/instance-110.pddl,verify_blocksworld_plan,num_blocks=5,"Stage1 PlanBench canonical extraction | {""chosen_domain"": ""hr_org"", ""entity_mapping"": {""b"": ""Bob"", ""c"": ""Carol"", ""d"": ""David"", ""g"": ""Grace"", ""h"": ""Henry""}, ""action_mapping"": {""pick-up"": ""recruit"", ""put-down"": ""dismiss"", ""stack"": ""promote"", ""unstack"": ""demote""}}"
BW_505,W4,"FORMAL DEFINITION:
π = ⟨B, S₀, S*, A⟩

BLOCKS:
B = {b, c, d, g, h}

INITIAL STATE S₀:
OnTable(b)
Clear(b)
OnTable(c)
Clear(c)
OnTable(d)
Clear(d)
OnTable(g)
Clear(g)
OnTable(h)
Clear(h)
HandEmpty

GOAL STATE S*:
On(b,h)
On(c,d)
On(d,g)
On(g,b)
HandEmpty

ACTIONS (Preconditions → Add Effects | Delete Effects):
pick-up(x): Pre: Clear(x), OnTable(x), HandEmpty → Holding(x) | ¬Clear(x), ¬OnTable(x), ¬HandEmpty
put-down(x): Pre: Holding(x) → OnTable(x), Clear(x), HandEmpty | ¬Holding(x)
stack(x,y): Pre: Holding(x), Clear(y) → On(x,y), Clear(x), HandEmpty | ¬Holding(x), ¬Clear(y)
unstack(x,y): Pre: On(x,y), Clear(x), HandEmpty → Holding(x) | ¬On(x,y), ¬Clear(x), ¬HandEmpty

TASK:
Find plan π = (a₁, a₂, ..., aₙ) such that:
S₀ →(a₁) S₁ →(a₂) ... →(aₙ) Sₙ, where S* ⊆ Sₙ

OUTPUT FORMAT:
Return a numbered list of actions only.
No explanation. No extra text.","pick-up b
stack b h
pick-up g
stack g b
pick-up d
stack d g
pick-up c
stack c d",planning_suite,blocksworld,medium,high,type=planbench_original | dataset=planbench | filename=instance-110.pddl | path=plan-bench/instances/blocksworld/generated/instance-110.pddl,verify_blocksworld_plan,num_blocks=5,Stage1 PlanBench canonical extraction
BW_505,W5,"You are a robot arm. Available actions: pick-up X (X must be clear and on the table, hand must be empty), put-down X (place X on the table), stack X Y (place X on Y; Y must be clear, you must be holding X), unstack X Y (pick up X from Y; X must be clear, hand must be empty). You can hold one block at a time. Current state: Block c is on block d, block d is on block g, block g is on block b, and block b is on block h. Block c is clear. The hand is empty. Goal: Block b is on the table. Block c is on the table. Block d is on the table. Block g is on the table. Block h is on the table. The hand is empty. Respond with a numbered list of actions only. Each action must be exactly one of: pick-up X / put-down X / stack X Y / unstack X Y. No explanation. No extra text.","unstack c d
put-down c
unstack d g
put-down d
unstack g b
put-down g
unstack b h
put-down b",planning_suite,blocksworld,medium,high,type=planbench_original | dataset=planbench | filename=instance-110.pddl | path=plan-bench/instances/blocksworld/generated/instance-110.pddl,verify_blocksworld_plan,num_blocks=5,Stage1 PlanBench canonical extraction | W5_FD_PLAN_ACCEPTED_NL_SIM_FAILED
BW_505,W6,"You are a robot arm. Available actions: pick-up X (X must be clear and on the table, hand must be empty), put-down X (place X on the table), stack X Y (place X on Y; Y must be clear, you must be holding X), unstack X Y (pick up X from Y; X must be clear, hand must be empty). You can hold one block at a time. Current state: Blocks a, b, c, d, and e are clear and on the table. The hand is empty. Goal: Block a is on block e, block b is on block c, block c is on block d, block d is on the table, block e is on block b. Respond with a numbered list of actions only. Each action must be exactly one of: pick-up X / put-down X / stack X Y / unstack X Y. No explanation. No extra text.","pick-up c
stack c d
pick-up b
stack b c
pick-up e
stack e b
pick-up a
stack a e",planning_suite,blocksworld,medium,high,type=planbench_original | dataset=planbench | filename=instance-110.pddl | path=plan-bench/instances/blocksworld/generated/instance-110.pddl,verify_blocksworld_plan,num_blocks=5,Stage1 PlanBench canonical extraction | w6_seed=1000398843
BW_506,W1,"You are a robotic arm. Possible actions: pick-up X (X needs to be clear and sitting on the table, hand needs to be free), put-down X (put X onto the table), stack X Y (put X on top of Y; Y needs to be clear, you need to be holding X), unstack X Y (lift X off of Y; X needs to be clear, hand needs to be free). You're able to hold a single block at once. Present state: Blocks b, f, and g are clear and sitting on the table, with the hand being free. Objective: Block g should be on top of block b, and block b should be on top of block f. Reply using only a numbered sequence of actions. Every action has to be precisely one of these: pick-up X / put-down X / stack X Y / unstack X Y. No explanations. No additional text.","pick-up b
stack b f
pick-up g
stack g b",planning_suite,blocksworld,easy,high,type=planbench_original | dataset=planbench | filename=instance-113.pddl | path=plan-bench/instances/blocksworld/generated/instance-113.pddl,verify_blocksworld_plan,num_blocks=3,Stage1 PlanBench canonical extraction
BW_506,W2,"You are a robot arm. Available actions: pick-up X (X must be clear and on the table, hand must be empty), put-down X (place X on the table), stack X Y (place X on Y; Y must be clear, you must be holding X), unstack X Y (pick up X from Y; X must be clear, hand must be empty). You can hold one block at a time.

Initial state:
| Block | Position |
|-------|----------|
| b | on table |
| f | on table |
| g | on table |

Goal:
| Block | Target Position |
|-------|-----------------|
| b | on f |
| g | on b |

What sequence of actions achieves the goal?","pick-up b
stack b f
pick-up g
stack g b",planning_suite,blocksworld,easy,high,type=planbench_original | dataset=planbench | filename=instance-113.pddl | path=plan-bench/instances/blocksworld/generated/instance-113.pddl,verify_blocksworld_plan,num_blocks=3,Stage1 PlanBench canonical extraction
BW_506,W3,"You are a robot arm. Available actions: recruit X (X must be clear and on the table, hand must be empty), dismiss X (place X on the table), promote X Y (place X on Y; Y must be clear, you must be holding X), demote X Y (pick up X from Y; X must be clear, hand must be empty). You can hold one block at a time. Current state: Blocks Bob, Frank, and Grace are clear and on the table, and the hand is empty. Goal: Block Grace is on block Bob, and block Bob is on block Frank. Respond with a numbered list of actions only. Each action must be exactly one of: recruit X / dismiss X / promote X Y / demote X Y. No explanation. No extra text.","recruit Bob
promote Bob Frank
recruit Grace
promote Grace Bob",planning_suite,blocksworld,easy,high,type=planbench_original | dataset=planbench | filename=instance-113.pddl | path=plan-bench/instances/blocksworld/generated/instance-113.pddl,verify_blocksworld_plan,num_blocks=3,"Stage1 PlanBench canonical extraction | {""chosen_domain"": ""hr_org"", ""entity_mapping"": {""b"": ""Bob"", ""f"": ""Frank"", ""g"": ""Grace""}, ""action_mapping"": {""pick-up"": ""recruit"", ""put-down"": ""dismiss"", ""stack"": ""promote"", ""unstack"": ""demote""}}"
BW_506,W4,"FORMAL DEFINITION:
π = ⟨B, S₀, S*, A⟩

BLOCKS:
B = {b, f, g}

INITIAL STATE S₀:
OnTable(b)
Clear(b)
OnTable(f)
Clear(f)
OnTable(g)
Clear(g)
HandEmpty

GOAL STATE S*:
On(b,f)
On(g,b)
HandEmpty

ACTIONS (Preconditions → Add Effects | Delete Effects):
pick-up(x): Pre: Clear(x), OnTable(x), HandEmpty → Holding(x) | ¬Clear(x), ¬OnTable(x), ¬HandEmpty
put-down(x): Pre: Holding(x) → OnTable(x), Clear(x), HandEmpty | ¬Holding(x)
stack(x,y): Pre: Holding(x), Clear(y) → On(x,y), Clear(x), HandEmpty | ¬Holding(x), ¬Clear(y)
unstack(x,y): Pre: On(x,y), Clear(x), HandEmpty → Holding(x) | ¬On(x,y), ¬Clear(x), ¬HandEmpty

TASK:
Find plan π = (a₁, a₂, ..., aₙ) such that:
S₀ →(a₁) S₁ →(a₂) ... →(aₙ) Sₙ, where S* ⊆ Sₙ

OUTPUT FORMAT:
Return a numbered list of actions only.
No explanation. No extra text.","pick-up b
stack b f
pick-up g
stack g b",planning_suite,blocksworld,easy,high,type=planbench_original | dataset=planbench | filename=instance-113.pddl | path=plan-bench/instances/blocksworld/generated/instance-113.pddl,verify_blocksworld_plan,num_blocks=3,Stage1 PlanBench canonical extraction
BW_506,W5,"You are a robot arm. Available actions: pick-up X (X must be clear and on the table, hand must be empty), put-down X (place X on the table), stack X Y (place X on Y; Y must be clear, you must be holding X), unstack X Y (pick up X from Y; X must be clear, hand must be empty). You can hold one block at a time. Current state: Block g is on block b, and block b is on block f. Block g is clear. The hand is empty. Goal: Block b is on the table. Block f is on the table. Block g is on the table. The hand is empty. Respond with a numbered list of actions only. Each action must be exactly one of: pick-up X / put-down X / stack X Y / unstack X Y. No explanation. No extra text.","unstack g b
put-down g
unstack b f
put-down b",planning_suite,blocksworld,easy,high,type=planbench_original | dataset=planbench | filename=instance-113.pddl | path=plan-bench/instances/blocksworld/generated/instance-113.pddl,verify_blocksworld_plan,num_blocks=3,Stage1 PlanBench canonical extraction | W5_FD_PLAN_ACCEPTED_NL_SIM_FAILED
BW_506,W6,"You are a robot arm. Available actions: pick-up X (X must be clear and on the table, hand must be empty), put-down X (place X on the table), stack X Y (place X on Y; Y must be clear, you must be holding X), unstack X Y (pick up X from Y; X must be clear, hand must be empty). You can hold one block at a time. Current state: Blocks a, b, and c are clear and on the table. The hand is empty. Goal: Block a is on the table, block b is on block c, block c is on block a. Respond with a numbered list of actions only. Each action must be exactly one of: pick-up X / put-down X / stack X Y / unstack X Y. No explanation. No extra text.","pick-up c
stack c a
pick-up b
stack b c",planning_suite,blocksworld,easy,high,type=planbench_original | dataset=planbench | filename=instance-113.pddl | path=plan-bench/instances/blocksworld/generated/instance-113.pddl,verify_blocksworld_plan,num_blocks=3,Stage1 PlanBench canonical extraction | w6_seed=1831303747
BW_507,W1,"As a robotic arm, you have these available operations: pick-up X (requires X to be unobstructed and resting on the table, with your gripper unoccupied), put-down X (set X onto the table surface), stack X Y (position X atop Y; Y needs to be unobstructed while you're grasping X), unstack X Y (lift X off of Y; X needs to be unobstructed with your gripper free). Your capacity is limited to grasping a single block at once. Present situation: The blocks e, h, and j are unobstructed and positioned on the table surface, with your gripper currently unoccupied. Objective: Position block j atop block h, with block h positioned atop block e. Provide only a sequentially numbered action list. Every action must precisely match one of these formats: pick-up X / put-down X / stack X Y / unstack X Y. Exclude explanations. Exclude additional text.","pick-up h
stack h e
pick-up j
stack j h",planning_suite,blocksworld,easy,high,type=planbench_original | dataset=planbench | filename=instance-115.pddl | path=plan-bench/instances/blocksworld/generated/instance-115.pddl,verify_blocksworld_plan,num_blocks=3,Stage1 PlanBench canonical extraction
BW_507,W2,"You are a robot arm. Available actions: pick-up X (X must be clear and on the table, hand must be empty), put-down X (place X on the table), stack X Y (place X on Y; Y must be clear, you must be holding X), unstack X Y (pick up X from Y; X must be clear, hand must be empty). You can hold one block at a time.

Initial state:
| Block | Position |
|-------|----------|
| e | on table |
| h | on table |
| j | on table |

Goal:
| Block | Target Position |
|-------|-----------------|
| h | on e |
| j | on h |

What sequence of actions achieves the goal?","pick-up h
stack h e
pick-up j
stack j h",planning_suite,blocksworld,easy,high,type=planbench_original | dataset=planbench | filename=instance-115.pddl | path=plan-bench/instances/blocksworld/generated/instance-115.pddl,verify_blocksworld_plan,num_blocks=3,Stage1 PlanBench canonical extraction
BW_507,W3,"You are a robot arm. Available actions: recruit X (X must be clear and on the table, hand must be empty), dismiss X (place X on the table), promote X Y (place X on Y; Y must be clear, you must be holding X), demote X Y (pick up X from Y; X must be clear, hand must be empty). You can hold one block at a time. Current state: Blocks Eve, Henry, and Jack are clear and on the table, and the hand is empty. Goal: Block Jack is on block Henry, and block Henry is on block Eve. Respond with a numbered list of actions only. Each action must be exactly one of: recruit X / dismiss X / promote X Y / demote X Y. No explanation. No extra text.","recruit Henry
promote Henry Eve
recruit Jack
promote Jack Henry",planning_suite,blocksworld,easy,high,type=planbench_original | dataset=planbench | filename=instance-115.pddl | path=plan-bench/instances/blocksworld/generated/instance-115.pddl,verify_blocksworld_plan,num_blocks=3,"Stage1 PlanBench canonical extraction | {""chosen_domain"": ""hr_org"", ""entity_mapping"": {""e"": ""Eve"", ""h"": ""Henry"", ""j"": ""Jack""}, ""action_mapping"": {""pick-up"": ""recruit"", ""put-down"": ""dismiss"", ""stack"": ""promote"", ""unstack"": ""demote""}}"
BW_507,W4,"FORMAL DEFINITION:
π = ⟨B, S₀, S*, A⟩

BLOCKS:
B = {e, h, j}

INITIAL STATE S₀:
OnTable(e)
Clear(e)
OnTable(h)
Clear(h)
OnTable(j)
Clear(j)
HandEmpty

GOAL STATE S*:
On(h,e)
On(j,h)
HandEmpty

ACTIONS (Preconditions → Add Effects | Delete Effects):
pick-up(x): Pre: Clear(x), OnTable(x), HandEmpty → Holding(x) | ¬Clear(x), ¬OnTable(x), ¬HandEmpty
put-down(x): Pre: Holding(x) → OnTable(x), Clear(x), HandEmpty | ¬Holding(x)
stack(x,y): Pre: Holding(x), Clear(y) → On(x,y), Clear(x), HandEmpty | ¬Holding(x), ¬Clear(y)
unstack(x,y): Pre: On(x,y), Clear(x), HandEmpty → Holding(x) | ¬On(x,y), ¬Clear(x), ¬HandEmpty

TASK:
Find plan π = (a₁, a₂, ..., aₙ) such that:
S₀ →(a₁) S₁ →(a₂) ... →(aₙ) Sₙ, where S* ⊆ Sₙ

OUTPUT FORMAT:
Return a numbered list of actions only.
No explanation. No extra text.","pick-up h
stack h e
pick-up j
stack j h",planning_suite,blocksworld,easy,high,type=planbench_original | dataset=planbench | filename=instance-115.pddl | path=plan-bench/instances/blocksworld/generated/instance-115.pddl,verify_blocksworld_plan,num_blocks=3,Stage1 PlanBench canonical extraction
BW_507,W5,"You are a robot arm. Available actions: pick-up X (X must be clear and on the table, hand must be empty), put-down X (place X on the table), stack X Y (place X on Y; Y must be clear, you must be holding X), unstack X Y (pick up X from Y; X must be clear, hand must be empty). You can hold one block at a time. Current state: Block j is on block h, and block h is on block e. Block j is clear. The hand is empty. Goal: Block e is on the table. Block h is on the table. Block j is on the table. The hand is empty. Respond with a numbered list of actions only. Each action must be exactly one of: pick-up X / put-down X / stack X Y / unstack X Y. No explanation. No extra text.","unstack j h
put-down j
unstack h e
put-down h",planning_suite,blocksworld,easy,high,type=planbench_original | dataset=planbench | filename=instance-115.pddl | path=plan-bench/instances/blocksworld/generated/instance-115.pddl,verify_blocksworld_plan,num_blocks=3,Stage1 PlanBench canonical extraction | W5_FD_PLAN_ACCEPTED_NL_SIM_FAILED
BW_507,W6,"You are a robot arm. Available actions: pick-up X (X must be clear and on the table, hand must be empty), put-down X (place X on the table), stack X Y (place X on Y; Y must be clear, you must be holding X), unstack X Y (pick up X from Y; X must be clear, hand must be empty). You can hold one block at a time. Current state: Blocks a, b, and c are clear and on the table. The hand is empty. Goal: Block a is on block b, block b is on block c, block c is on the table. Respond with a numbered list of actions only. Each action must be exactly one of: pick-up X / put-down X / stack X Y / unstack X Y. No explanation. No extra text.","pick-up b
stack b c
pick-up a
stack a b",planning_suite,blocksworld,easy,high,type=planbench_original | dataset=planbench | filename=instance-115.pddl | path=plan-bench/instances/blocksworld/generated/instance-115.pddl,verify_blocksworld_plan,num_blocks=3,Stage1 PlanBench canonical extraction | w6_seed=3570650137
BW_508,W1,"As a robotic arm, you have these available actions: pick-up X (requires X to be clear and on table, with empty hand), put-down X (puts X onto table), stack X Y (puts X onto Y; requires Y to be clear while holding X), unstack X Y (lifts X off Y; requires X to be clear with empty hand). Only one block can be held at once. Present situation: The blocks b, c, e, f, and g are all clear and sitting on the table, with the hand currently empty. Target configuration: Block e should be placed on block c, block c should be placed on block g, block g should be placed on block b, and block b should be placed on block f. Provide only a numbered sequence of actions. Each action must be precisely one of these: pick-up X / put-down X / stack X Y / unstack X Y. Include no explanations or additional text.","pick-up b
stack b f
pick-up g
stack g b
pick-up c
stack c g
pick-up e
stack e c",planning_suite,blocksworld,medium,high,type=planbench_original | dataset=planbench | filename=instance-116.pddl | path=plan-bench/instances/blocksworld/generated/instance-116.pddl,verify_blocksworld_plan,num_blocks=5,Stage1 PlanBench canonical extraction
BW_508,W2,"You are a robot arm. Available actions: pick-up X (X must be clear and on the table, hand must be empty), put-down X (place X on the table), stack X Y (place X on Y; Y must be clear, you must be holding X), unstack X Y (pick up X from Y; X must be clear, hand must be empty). You can hold one block at a time.

Initial state:
| Block | Position |
|-------|----------|
| b | on table |
| c | on table |
| e | on table |
| f | on table |
| g | on table |

Goal:
| Block | Target Position |
|-------|-----------------|
| b | on f |
| c | on g |
| e | on c |
| g | on b |

What sequence of actions achieves the goal?","pick-up b
stack b f
pick-up g
stack g b
pick-up c
stack c g
pick-up e
stack e c",planning_suite,blocksworld,medium,high,type=planbench_original | dataset=planbench | filename=instance-116.pddl | path=plan-bench/instances/blocksworld/generated/instance-116.pddl,verify_blocksworld_plan,num_blocks=5,Stage1 PlanBench canonical extraction
BW_508,W3,"You are a robot arm. Available actions: recruit X (X must be clear and on the table, hand must be empty), dismiss X (place X on the table), promote X Y (place X on Y; Y must be clear, you must be holding X), demote X Y (pick up X from Y; X must be clear, hand must be empty). You can hold one block at a time. Current state: Blocks Bob, Carol, Emma, Frank, and Grace are clear and on the table, and the hand is empty. Goal: Block Emma is on block Carol, block Carol is on block Grace, block Grace is on block Bob, and block Bob is on block Frank. Respond with a numbered list of actions only. Each action must be exactly one of: recruit X / dismiss X / promote X Y / demote X Y. No explanation. No extra text.","recruit Bob
promote Bob Frank
recruit Grace
promote Grace Bob
recruit Carol
promote Carol Grace
recruit Emma
promote Emma Carol",planning_suite,blocksworld,medium,high,type=planbench_original | dataset=planbench | filename=instance-116.pddl | path=plan-bench/instances/blocksworld/generated/instance-116.pddl,verify_blocksworld_plan,num_blocks=5,"Stage1 PlanBench canonical extraction | {""chosen_domain"": ""hr_org"", ""entity_mapping"": {""b"": ""Bob"", ""c"": ""Carol"", ""e"": ""Emma"", ""f"": ""Frank"", ""g"": ""Grace""}, ""action_mapping"": {""pick-up"": ""recruit"", ""put-down"": ""dismiss"", ""stack"": ""promote"", ""unstack"": ""demote""}}"
BW_508,W4,"FORMAL DEFINITION:
π = ⟨B, S₀, S*, A⟩

BLOCKS:
B = {b, c, e, f, g}

INITIAL STATE S₀:
OnTable(b)
Clear(b)
OnTable(c)
Clear(c)
OnTable(e)
Clear(e)
OnTable(f)
Clear(f)
OnTable(g)
Clear(g)
HandEmpty

GOAL STATE S*:
On(b,f)
On(c,g)
On(e,c)
On(g,b)
HandEmpty

ACTIONS (Preconditions → Add Effects | Delete Effects):
pick-up(x): Pre: Clear(x), OnTable(x), HandEmpty → Holding(x) | ¬Clear(x), ¬OnTable(x), ¬HandEmpty
put-down(x): Pre: Holding(x) → OnTable(x), Clear(x), HandEmpty | ¬Holding(x)
stack(x,y): Pre: Holding(x), Clear(y) → On(x,y), Clear(x), HandEmpty | ¬Holding(x), ¬Clear(y)
unstack(x,y): Pre: On(x,y), Clear(x), HandEmpty → Holding(x) | ¬On(x,y), ¬Clear(x), ¬HandEmpty

TASK:
Find plan π = (a₁, a₂, ..., aₙ) such that:
S₀ →(a₁) S₁ →(a₂) ... →(aₙ) Sₙ, where S* ⊆ Sₙ

OUTPUT FORMAT:
Return a numbered list of actions only.
No explanation. No extra text.","pick-up b
stack b f
pick-up g
stack g b
pick-up c
stack c g
pick-up e
stack e c",planning_suite,blocksworld,medium,high,type=planbench_original | dataset=planbench | filename=instance-116.pddl | path=plan-bench/instances/blocksworld/generated/instance-116.pddl,verify_blocksworld_plan,num_blocks=5,Stage1 PlanBench canonical extraction
BW_508,W5,"You are a robot arm. Available actions: pick-up X (X must be clear and on the table, hand must be empty), put-down X (place X on the table), stack X Y (place X on Y; Y must be clear, you must be holding X), unstack X Y (pick up X from Y; X must be clear, hand must be empty). You can hold one block at a time. Current state: Block e is on block c, block c is on block g, block g is on block b, and block b is on block f. Block e is clear. The hand is empty. Goal: Block b is on the table. Block c is on the table. Block e is on the table. Block f is on the table. Block g is on the table. The hand is empty. Respond with a numbered list of actions only. Each action must be exactly one of: pick-up X / put-down X / stack X Y / unstack X Y. No explanation. No extra text.","unstack e c
put-down e
unstack c g
put-down c
unstack g b
put-down g
unstack b f
put-down b",planning_suite,blocksworld,medium,high,type=planbench_original | dataset=planbench | filename=instance-116.pddl | path=plan-bench/instances/blocksworld/generated/instance-116.pddl,verify_blocksworld_plan,num_blocks=5,Stage1 PlanBench canonical extraction | W5_FD_PLAN_ACCEPTED_NL_SIM_FAILED
BW_508,W6,"You are a robot arm. Available actions: pick-up X (X must be clear and on the table, hand must be empty), put-down X (place X on the table), stack X Y (place X on Y; Y must be clear, you must be holding X), unstack X Y (pick up X from Y; X must be clear, hand must be empty). You can hold one block at a time. Current state: Blocks a, b, c, d, and e are clear and on the table. The hand is empty. Goal: Block a is on block c, block b is on block d, block c is on block e, block d is on block a, block e is on the table. Respond with a numbered list of actions only. Each action must be exactly one of: pick-up X / put-down X / stack X Y / unstack X Y. No explanation. No extra text.","pick-up c
stack c e
pick-up a
stack a c
pick-up d
stack d a
pick-up b
stack b d",planning_suite,blocksworld,medium,high,type=planbench_original | dataset=planbench | filename=instance-116.pddl | path=plan-bench/instances/blocksworld/generated/instance-116.pddl,verify_blocksworld_plan,num_blocks=5,Stage1 PlanBench canonical extraction | w6_seed=182648977
BW_509,W1,"You are a robotic arm. You can perform these actions: pick-up X (X needs to be clear and sitting on the table, your hand needs to be empty), put-down X (put X onto the table), stack X Y (put X on top of Y; Y needs to be clear, you need to be holding X), unstack X Y (lift X off of Y; X needs to be clear, your hand needs to be empty). You're able to hold a single block at once. Present situation: Blocks d, f, h, i, and j are all clear and sitting on the table, with your hand currently empty. Target: Block h should be placed on block d, block d should be placed on block f, block f should be placed on block j, and block j should be placed on block i. Reply using only a numbered sequence of actions. Every action must be precisely one of these: pick-up X / put-down X / stack X Y / unstack X Y. Don't include explanations. Don't add any additional text.","pick-up j
stack j i
pick-up f
stack f j
pick-up d
stack d f
pick-up h
stack h d",planning_suite,blocksworld,medium,high,type=planbench_original | dataset=planbench | filename=instance-117.pddl | path=plan-bench/instances/blocksworld/generated/instance-117.pddl,verify_blocksworld_plan,num_blocks=5,Stage1 PlanBench canonical extraction
BW_509,W2,"You are a robot arm. Available actions: pick-up X (X must be clear and on the table, hand must be empty), put-down X (place X on the table), stack X Y (place X on Y; Y must be clear, you must be holding X), unstack X Y (pick up X from Y; X must be clear, hand must be empty). You can hold one block at a time.

Initial state:
| Block | Position |
|-------|----------|
| d | on table |
| f | on table |
| h | on table |
| i | on table |
| j | on table |

Goal:
| Block | Target Position |
|-------|-----------------|
| d | on f |
| f | on j |
| h | on d |
| j | on i |

What sequence of actions achieves the goal?","pick-up j
stack j i
pick-up f
stack f j
pick-up d
stack d f
pick-up h
stack h d",planning_suite,blocksworld,medium,high,type=planbench_original | dataset=planbench | filename=instance-117.pddl | path=plan-bench/instances/blocksworld/generated/instance-117.pddl,verify_blocksworld_plan,num_blocks=5,Stage1 PlanBench canonical extraction
BW_509,W3,"You are a robot arm. Available actions: recruit X (X must be clear and on the table, hand must be empty), release X (place X on the table), promote X Y (place X on Y; Y must be clear, you must be holding X), demote X Y (pick up X from Y; X must be clear, hand must be empty). You can hold one block at a time. Current state: Blocks David, Frank, Helen, Irene, and James are clear and on the table, and the hand is empty. Goal: Block Helen is on block David, block David is on block Frank, block Frank is on block James, and block James is on block Irene. Respond with a numbered list of actions only. Each action must be exactly one of: recruit X / release X / promote X Y / demote X Y. No explanation. No extra text.","recruit James
promote James Irene
recruit Frank
promote Frank James
recruit David
promote David Frank
recruit Helen
promote Helen David",planning_suite,blocksworld,medium,high,type=planbench_original | dataset=planbench | filename=instance-117.pddl | path=plan-bench/instances/blocksworld/generated/instance-117.pddl,verify_blocksworld_plan,num_blocks=5,"Stage1 PlanBench canonical extraction | {""chosen_domain"": ""hr_org"", ""entity_mapping"": {""d"": ""David"", ""f"": ""Frank"", ""h"": ""Helen"", ""i"": ""Irene"", ""j"": ""James""}, ""action_mapping"": {""pick-up"": ""recruit"", ""put-down"": ""release"", ""stack"": ""promote"", ""unstack"": ""demote""}}"
BW_509,W4,"FORMAL DEFINITION:
π = ⟨B, S₀, S*, A⟩

BLOCKS:
B = {d, f, h, i, j}

INITIAL STATE S₀:
OnTable(d)
Clear(d)
OnTable(f)
Clear(f)
OnTable(h)
Clear(h)
OnTable(i)
Clear(i)
OnTable(j)
Clear(j)
HandEmpty

GOAL STATE S*:
On(d,f)
On(f,j)
On(h,d)
On(j,i)
HandEmpty

ACTIONS (Preconditions → Add Effects | Delete Effects):
pick-up(x): Pre: Clear(x), OnTable(x), HandEmpty → Holding(x) | ¬Clear(x), ¬OnTable(x), ¬HandEmpty
put-down(x): Pre: Holding(x) → OnTable(x), Clear(x), HandEmpty | ¬Holding(x)
stack(x,y): Pre: Holding(x), Clear(y) → On(x,y), Clear(x), HandEmpty | ¬Holding(x), ¬Clear(y)
unstack(x,y): Pre: On(x,y), Clear(x), HandEmpty → Holding(x) | ¬On(x,y), ¬Clear(x), ¬HandEmpty

TASK:
Find plan π = (a₁, a₂, ..., aₙ) such that:
S₀ →(a₁) S₁ →(a₂) ... →(aₙ) Sₙ, where S* ⊆ Sₙ

OUTPUT FORMAT:
Return a numbered list of actions only.
No explanation. No extra text.","pick-up j
stack j i
pick-up f
stack f j
pick-up d
stack d f
pick-up h
stack h d",planning_suite,blocksworld,medium,high,type=planbench_original | dataset=planbench | filename=instance-117.pddl | path=plan-bench/instances/blocksworld/generated/instance-117.pddl,verify_blocksworld_plan,num_blocks=5,Stage1 PlanBench canonical extraction
BW_509,W5,"You are a robot arm. Available actions: pick-up X (X must be clear and on the table, hand must be empty), put-down X (place X on the table), stack X Y (place X on Y; Y must be clear, you must be holding X), unstack X Y (pick up X from Y; X must be clear, hand must be empty). You can hold one block at a time. Current state: Block h is on block d, block d is on block f, block f is on block j, and block j is on block i. Block h is clear. The hand is empty. Goal: Block d is on the table. Block f is on the table. Block h is on the table. Block i is on the table. Block j is on the table. The hand is empty. Respond with a numbered list of actions only. Each action must be exactly one of: pick-up X / put-down X / stack X Y / unstack X Y. No explanation. No extra text.","unstack h d
put-down h
unstack d f
put-down d
unstack f j
put-down f
unstack j i
put-down j",planning_suite,blocksworld,medium,high,type=planbench_original | dataset=planbench | filename=instance-117.pddl | path=plan-bench/instances/blocksworld/generated/instance-117.pddl,verify_blocksworld_plan,num_blocks=5,Stage1 PlanBench canonical extraction | W5_FD_PLAN_ACCEPTED_NL_SIM_FAILED
BW_509,W6,"You are a robot arm. Available actions: pick-up X (X must be clear and on the table, hand must be empty), put-down X (place X on the table), stack X Y (place X on Y; Y must be clear, you must be holding X), unstack X Y (pick up X from Y; X must be clear, hand must be empty). You can hold one block at a time. Current state: Blocks a, b, c, d, and e are clear and on the table. The hand is empty. Goal: Block a is on the table, block b is on block d, block c is on block e, block d is on block c, block e is on block a. Respond with a numbered list of actions only. Each action must be exactly one of: pick-up X / put-down X / stack X Y / unstack X Y. No explanation. No extra text.","pick-up e
stack e a
pick-up c
stack c e
pick-up d
stack d c
pick-up b
stack b d",planning_suite,blocksworld,medium,high,type=planbench_original | dataset=planbench | filename=instance-117.pddl | path=plan-bench/instances/blocksworld/generated/instance-117.pddl,verify_blocksworld_plan,num_blocks=5,Stage1 PlanBench canonical extraction | w6_seed=1542403203
BW_510,W1,"As a robot arm, you have these available actions: pick-up X (requires X to be clear and on the table with your hand empty), put-down X (puts X onto the table), stack X Y (puts X on top of Y; Y needs to be clear and you need to be holding X), unstack X Y (lifts X off of Y; X needs to be clear with your hand empty). You're limited to holding a single block at once. Your current situation: The blocks a, c, h, i, j, k, and l are all clear and sitting on the table, with your hand currently empty. Your objective: Achieve a configuration where block k sits on block j, block j sits on block a, block a sits on block c, block c sits on block l, block l sits on block h, and block h sits on block i. Provide only a numbered sequence of actions. Each action should be precisely one of these: pick-up X / put-down X / stack X Y / unstack X Y. Include no explanations or additional text.","pick-up h
stack h i
pick-up l
stack l h
pick-up c
stack c l
pick-up a
stack a c
pick-up j
stack j a
pick-up k
stack k j",planning_suite,blocksworld,medium,high,type=planbench_original | dataset=planbench | filename=instance-119.pddl | path=plan-bench/instances/blocksworld/generated/instance-119.pddl,verify_blocksworld_plan,num_blocks=7,Stage1 PlanBench canonical extraction
BW_510,W2,"You are a robot arm. Available actions: pick-up X (X must be clear and on the table, hand must be empty), put-down X (place X on the table), stack X Y (place X on Y; Y must be clear, you must be holding X), unstack X Y (pick up X from Y; X must be clear, hand must be empty). You can hold one block at a time.

Initial state:
| Block | Position |
|-------|----------|
| a | on table |
| c | on table |
| h | on table |
| i | on table |
| j | on table |
| k | on table |
| l | on table |

Goal:
| Block | Target Position |
|-------|-----------------|
| a | on c |
| c | on l |
| h | on i |
| j | on a |
| k | on j |
| l | on h |

What sequence of actions achieves the goal?","pick-up h
stack h i
pick-up l
stack l h
pick-up c
stack c l
pick-up a
stack a c
pick-up j
stack j a
pick-up k
stack k j",planning_suite,blocksworld,medium,high,type=planbench_original | dataset=planbench | filename=instance-119.pddl | path=plan-bench/instances/blocksworld/generated/instance-119.pddl,verify_blocksworld_plan,num_blocks=7,Stage1 PlanBench canonical extraction
BW_510,W3,"You are Alpha robot arm. Available actions: mobilize X (X must be clear and on the table, hand must be empty), deploy X (place X on the table), position X Y (place X on Y; Y must be clear, you must be holding X), withdraw X Y (pick up X from Y; X must be clear, hand must be empty). You can hold one block at Alpha time. Current state: Blocks Alpha, Charlie, Hotel, India, Juliet, Kilo, and Lima are clear and on the table, and the hand is empty. Goal: Block Kilo is on block Juliet, block Juliet is on block Alpha, block Alpha is on block Charlie, block Charlie is on block Lima, block Lima is on block Hotel, and block Hotel is on block India. Respond with Alpha numbered list of actions only. Each action must be exactly one of: mobilize X / deploy X / position X Y / withdraw X Y. No explanation. No extra text.","mobilize Hotel
position Hotel India
mobilize Lima
position Lima Hotel
mobilize Charlie
position Charlie Lima
mobilize Alpha
position Alpha Charlie
mobilize Juliet
position Juliet Alpha
mobilize Kilo
position Kilo Juliet",planning_suite,blocksworld,medium,high,type=planbench_original | dataset=planbench | filename=instance-119.pddl | path=plan-bench/instances/blocksworld/generated/instance-119.pddl,verify_blocksworld_plan,num_blocks=7,"Stage1 PlanBench canonical extraction | {""chosen_domain"": ""military"", ""entity_mapping"": {""a"": ""Alpha"", ""c"": ""Charlie"", ""h"": ""Hotel"", ""i"": ""India"", ""j"": ""Juliet"", ""k"": ""Kilo"", ""l"": ""Lima""}, ""action_mapping"": {""pick-up"": ""mobilize"", ""put-down"": ""deploy"", ""stack"": ""position"", ""unstack"": ""withdraw""}}"
BW_510,W4,"FORMAL DEFINITION:
π = ⟨B, S₀, S*, A⟩

BLOCKS:
B = {a, c, h, i, j, k, l}

INITIAL STATE S₀:
OnTable(a)
Clear(a)
OnTable(c)
Clear(c)
OnTable(h)
Clear(h)
OnTable(i)
Clear(i)
OnTable(j)
Clear(j)
OnTable(k)
Clear(k)
OnTable(l)
Clear(l)
HandEmpty

GOAL STATE S*:
On(a,c)
On(c,l)
On(h,i)
On(j,a)
On(k,j)
On(l,h)
HandEmpty

ACTIONS (Preconditions → Add Effects | Delete Effects):
pick-up(x): Pre: Clear(x), OnTable(x), HandEmpty → Holding(x) | ¬Clear(x), ¬OnTable(x), ¬HandEmpty
put-down(x): Pre: Holding(x) → OnTable(x), Clear(x), HandEmpty | ¬Holding(x)
stack(x,y): Pre: Holding(x), Clear(y) → On(x,y), Clear(x), HandEmpty | ¬Holding(x), ¬Clear(y)
unstack(x,y): Pre: On(x,y), Clear(x), HandEmpty → Holding(x) | ¬On(x,y), ¬Clear(x), ¬HandEmpty

TASK:
Find plan π = (a₁, a₂, ..., aₙ) such that:
S₀ →(a₁) S₁ →(a₂) ... →(aₙ) Sₙ, where S* ⊆ Sₙ

OUTPUT FORMAT:
Return a numbered list of actions only.
No explanation. No extra text.","pick-up h
stack h i
pick-up l
stack l h
pick-up c
stack c l
pick-up a
stack a c
pick-up j
stack j a
pick-up k
stack k j",planning_suite,blocksworld,medium,high,type=planbench_original | dataset=planbench | filename=instance-119.pddl | path=plan-bench/instances/blocksworld/generated/instance-119.pddl,verify_blocksworld_plan,num_blocks=7,Stage1 PlanBench canonical extraction
BW_510,W5,"You are a robot arm. Available actions: pick-up X (X must be clear and on the table, hand must be empty), put-down X (place X on the table), stack X Y (place X on Y; Y must be clear, you must be holding X), unstack X Y (pick up X from Y; X must be clear, hand must be empty). You can hold one block at a time. Current state: Block k is on block j, block j is on block a, block a is on block c, block c is on block l, block l is on block h, and block h is on block i. Block k is clear. The hand is empty. Goal: Block a is on the table. Block c is on the table. Block h is on the table. Block i is on the table. Block j is on the table. Block k is on the table. Block l is on the table. The hand is empty. Respond with a numbered list of actions only. Each action must be exactly one of: pick-up X / put-down X / stack X Y / unstack X Y. No explanation. No extra text.","unstack k j
put-down k
unstack j a
put-down j
unstack a c
put-down a
unstack c l
put-down c
unstack l h
put-down l
unstack h i
put-down h",planning_suite,blocksworld,medium,high,type=planbench_original | dataset=planbench | filename=instance-119.pddl | path=plan-bench/instances/blocksworld/generated/instance-119.pddl,verify_blocksworld_plan,num_blocks=7,Stage1 PlanBench canonical extraction | W5_FD_PLAN_ACCEPTED_NL_SIM_FAILED
BW_510,W6,"You are a robot arm. Available actions: pick-up X (X must be clear and on the table, hand must be empty), put-down X (place X on the table), stack X Y (place X on Y; Y must be clear, you must be holding X), unstack X Y (pick up X from Y; X must be clear, hand must be empty). You can hold one block at a time. Current state: Blocks a, b, c, d, e, f, and g are clear and on the table. The hand is empty. Goal: Block a is on block d, block b is on block e, block c is on block f, block d is on the table, block e is on block g, block f is on block a, block g is on block c. Respond with a numbered list of actions only. Each action must be exactly one of: pick-up X / put-down X / stack X Y / unstack X Y. No explanation. No extra text.","pick-up a
stack a d
pick-up f
stack f a
pick-up c
stack c f
pick-up g
stack g c
pick-up e
stack e g
pick-up b
stack b e",planning_suite,blocksworld,medium,high,type=planbench_original | dataset=planbench | filename=instance-119.pddl | path=plan-bench/instances/blocksworld/generated/instance-119.pddl,verify_blocksworld_plan,num_blocks=7,Stage1 PlanBench canonical extraction | w6_seed=934611505
BW_511,W1,"A robot arm is controlled by you. Possible actions include: pick-up X (requires X to be unobstructed and sitting on the table, with your hand unoccupied), put-down X (set X down on the table), stack X Y (put X on top of Y; Y needs to be unobstructed, and X must be in your grasp), unstack X Y (lift X off of Y; X needs to be unobstructed, with your hand unoccupied). Only a single block can be held simultaneously. Present situation: On the table sit blocks f, i, k, and l, all unobstructed, with your hand unoccupied. Objective: Place block i atop block k, position block k over block l, and set block l on top of block f. Reply using only a numbered sequence of actions. All actions must precisely match: pick-up X / put-down X / stack X Y / unstack X Y. Exclude explanations. Exclude additional text.","pick-up l
stack l f
pick-up k
stack k l
pick-up i
stack i k",planning_suite,blocksworld,easy,high,type=planbench_original | dataset=planbench | filename=instance-12.pddl | path=plan-bench/instances/blocksworld/generated/instance-12.pddl,verify_blocksworld_plan,num_blocks=4,Stage1 PlanBench canonical extraction
BW_511,W2,"You are a robot arm. Available actions: pick-up X (X must be clear and on the table, hand must be empty), put-down X (place X on the table), stack X Y (place X on Y; Y must be clear, you must be holding X), unstack X Y (pick up X from Y; X must be clear, hand must be empty). You can hold one block at a time.

Initial state:
| Block | Position |
|-------|----------|
| f | on table |
| i | on table |
| k | on table |
| l | on table |

Goal:
| Block | Target Position |
|-------|-----------------|
| i | on k |
| k | on l |
| l | on f |

What sequence of actions achieves the goal?","pick-up l
stack l f
pick-up k
stack k l
pick-up i
stack i k",planning_suite,blocksworld,easy,high,type=planbench_original | dataset=planbench | filename=instance-12.pddl | path=plan-bench/instances/blocksworld/generated/instance-12.pddl,verify_blocksworld_plan,num_blocks=4,Stage1 PlanBench canonical extraction
BW_511,W3,"You are a robot arm. Available actions: recruit X (X must be clear and on the table, hand must be empty), dismiss X (place X on the table), promote X Y (place X on Y; Y must be clear, you must be holding X), demote X Y (pick up X from Y; X must be clear, hand must be empty). You can hold one block at a time. Current state: Blocks Frank, Irene, Kevin, and Laura are clear and on the table, and the hand is empty. Goal: Block Irene is on block Kevin, block Kevin is on block Laura, and block Laura is on block Frank. Respond with a numbered list of actions only. Each action must be exactly one of: recruit X / dismiss X / promote X Y / demote X Y. No explanation. No extra text.","recruit Laura
promote Laura Frank
recruit Kevin
promote Kevin Laura
recruit Irene
promote Irene Kevin",planning_suite,blocksworld,easy,high,type=planbench_original | dataset=planbench | filename=instance-12.pddl | path=plan-bench/instances/blocksworld/generated/instance-12.pddl,verify_blocksworld_plan,num_blocks=4,"Stage1 PlanBench canonical extraction | {""chosen_domain"": ""hr_org"", ""entity_mapping"": {""f"": ""Frank"", ""i"": ""Irene"", ""k"": ""Kevin"", ""l"": ""Laura""}, ""action_mapping"": {""pick-up"": ""recruit"", ""put-down"": ""dismiss"", ""stack"": ""promote"", ""unstack"": ""demote""}}"
BW_511,W4,"FORMAL DEFINITION:
π = ⟨B, S₀, S*, A⟩

BLOCKS:
B = {f, i, k, l}

INITIAL STATE S₀:
OnTable(f)
Clear(f)
OnTable(i)
Clear(i)
OnTable(k)
Clear(k)
OnTable(l)
Clear(l)
HandEmpty

GOAL STATE S*:
On(i,k)
On(k,l)
On(l,f)
HandEmpty

ACTIONS (Preconditions → Add Effects | Delete Effects):
pick-up(x): Pre: Clear(x), OnTable(x), HandEmpty → Holding(x) | ¬Clear(x), ¬OnTable(x), ¬HandEmpty
put-down(x): Pre: Holding(x) → OnTable(x), Clear(x), HandEmpty | ¬Holding(x)
stack(x,y): Pre: Holding(x), Clear(y) → On(x,y), Clear(x), HandEmpty | ¬Holding(x), ¬Clear(y)
unstack(x,y): Pre: On(x,y), Clear(x), HandEmpty → Holding(x) | ¬On(x,y), ¬Clear(x), ¬HandEmpty

TASK:
Find plan π = (a₁, a₂, ..., aₙ) such that:
S₀ →(a₁) S₁ →(a₂) ... →(aₙ) Sₙ, where S* ⊆ Sₙ

OUTPUT FORMAT:
Return a numbered list of actions only.
No explanation. No extra text.","pick-up l
stack l f
pick-up k
stack k l
pick-up i
stack i k",planning_suite,blocksworld,easy,high,type=planbench_original | dataset=planbench | filename=instance-12.pddl | path=plan-bench/instances/blocksworld/generated/instance-12.pddl,verify_blocksworld_plan,num_blocks=4,Stage1 PlanBench canonical extraction
BW_511,W5,"You are a robot arm. Available actions: pick-up X (X must be clear and on the table, hand must be empty), put-down X (place X on the table), stack X Y (place X on Y; Y must be clear, you must be holding X), unstack X Y (pick up X from Y; X must be clear, hand must be empty). You can hold one block at a time. Current state: Block i is on block k, block k is on block l, and block l is on block f. Block i is clear. The hand is empty. Goal: Block f is on the table. Block i is on the table. Block k is on the table. Block l is on the table. The hand is empty. Respond with a numbered list of actions only. Each action must be exactly one of: pick-up X / put-down X / stack X Y / unstack X Y. No explanation. No extra text.","unstack i k
put-down i
unstack k l
put-down k
unstack l f
put-down l",planning_suite,blocksworld,easy,high,type=planbench_original | dataset=planbench | filename=instance-12.pddl | path=plan-bench/instances/blocksworld/generated/instance-12.pddl,verify_blocksworld_plan,num_blocks=4,Stage1 PlanBench canonical extraction | W5_FD_PLAN_ACCEPTED_NL_SIM_FAILED
BW_511,W6,"You are a robot arm. Available actions: pick-up X (X must be clear and on the table, hand must be empty), put-down X (place X on the table), stack X Y (place X on Y; Y must be clear, you must be holding X), unstack X Y (pick up X from Y; X must be clear, hand must be empty). You can hold one block at a time. Current state: Blocks a, b, c, and d are clear and on the table. The hand is empty. Goal: Block a is on the table, block b is on block c, block c is on block d, block d is on block a. Respond with a numbered list of actions only. Each action must be exactly one of: pick-up X / put-down X / stack X Y / unstack X Y. No explanation. No extra text.","pick-up d
stack d a
pick-up c
stack c d
pick-up b
stack b c",planning_suite,blocksworld,easy,high,type=planbench_original | dataset=planbench | filename=instance-12.pddl | path=plan-bench/instances/blocksworld/generated/instance-12.pddl,verify_blocksworld_plan,num_blocks=4,Stage1 PlanBench canonical extraction | w6_seed=2737166314
BW_512,W1,"As a robotic arm, you have these possible operations: pick-up X (requires X to be unobstructed and resting on the table while your gripper is free), put-down X (sets X onto the table surface), stack X Y (positions X atop Y; Y needs to be unobstructed and X must be in your grasp), unstack X Y (lifts X off of Y; X needs to be unobstructed with your gripper free). Your capacity is limited to grasping a single block at once. Present situation: The blocks c, e, f, h, i, and j are unobstructed and positioned on the table surface, with your gripper currently free. Objective: Achieve a configuration where block c rests on block j, block j rests on block e, block e rests on block h, block h rests on block i, and block i rests on block f. Provide only a sequentially numbered list of operations. Every operation must strictly follow one of these formats: pick-up X / put-down X / stack X Y / unstack X Y. Omit any explanations. Include no additional text.","pick-up i
stack i f
pick-up h
stack h i
pick-up e
stack e h
pick-up j
stack j e
pick-up c
stack c j",planning_suite,blocksworld,medium,high,type=planbench_original | dataset=planbench | filename=instance-121.pddl | path=plan-bench/instances/blocksworld/generated/instance-121.pddl,verify_blocksworld_plan,num_blocks=6,Stage1 PlanBench canonical extraction
BW_512,W2,"You are a robot arm. Available actions: pick-up X (X must be clear and on the table, hand must be empty), put-down X (place X on the table), stack X Y (place X on Y; Y must be clear, you must be holding X), unstack X Y (pick up X from Y; X must be clear, hand must be empty). You can hold one block at a time.

Initial state:
| Block | Position |
|-------|----------|
| c | on table |
| e | on table |
| f | on table |
| h | on table |
| i | on table |
| j | on table |

Goal:
| Block | Target Position |
|-------|-----------------|
| c | on j |
| e | on h |
| h | on i |
| i | on f |
| j | on e |

What sequence of actions achieves the goal?","pick-up i
stack i f
pick-up h
stack h i
pick-up e
stack e h
pick-up j
stack j e
pick-up c
stack c j",planning_suite,blocksworld,medium,high,type=planbench_original | dataset=planbench | filename=instance-121.pddl | path=plan-bench/instances/blocksworld/generated/instance-121.pddl,verify_blocksworld_plan,num_blocks=6,Stage1 PlanBench canonical extraction
BW_512,W3,"You are a robot arm. Available actions: retrieve X (X must be clear and on the table, hand must be empty), shelve X (place X on the table), place_on X Y (place X on Y; Y must be clear, you must be holding X), remove_from X Y (pick up X from Y; X must be clear, hand must be empty). You can hold one block at a time. Current state: Blocks Cookbook, Encyclopedia, Fiction, History, Index, and Journal are clear and on the table, and the hand is empty. Goal: Block Cookbook is on block Journal, block Journal is on block Encyclopedia, block Encyclopedia is on block History, block History is on block Index, and block Index is on block Fiction. Respond with a numbered list of actions only. Each action must be exactly one of: retrieve X / shelve X / place_on X Y / remove_from X Y. No explanation. No extra text.","retrieve Index
place_on Index Fiction
retrieve History
place_on History Index
retrieve Encyclopedia
place_on Encyclopedia History
retrieve Journal
place_on Journal Encyclopedia
retrieve Cookbook
place_on Cookbook Journal",planning_suite,blocksworld,medium,high,type=planbench_original | dataset=planbench | filename=instance-121.pddl | path=plan-bench/instances/blocksworld/generated/instance-121.pddl,verify_blocksworld_plan,num_blocks=6,"Stage1 PlanBench canonical extraction | {""chosen_domain"": ""library"", ""entity_mapping"": {""c"": ""Cookbook"", ""e"": ""Encyclopedia"", ""f"": ""Fiction"", ""h"": ""History"", ""i"": ""Index"", ""j"": ""Journal""}, ""action_mapping"": {""pick-up"": ""retrieve"", ""put-down"": ""shelve"", ""stack"": ""place_on"", ""unstack"": ""remove_from""}}"
BW_512,W4,"FORMAL DEFINITION:
π = ⟨B, S₀, S*, A⟩

BLOCKS:
B = {c, e, f, h, i, j}

INITIAL STATE S₀:
OnTable(c)
Clear(c)
OnTable(e)
Clear(e)
OnTable(f)
Clear(f)
OnTable(h)
Clear(h)
OnTable(i)
Clear(i)
OnTable(j)
Clear(j)
HandEmpty

GOAL STATE S*:
On(c,j)
On(e,h)
On(h,i)
On(i,f)
On(j,e)
HandEmpty

ACTIONS (Preconditions → Add Effects | Delete Effects):
pick-up(x): Pre: Clear(x), OnTable(x), HandEmpty → Holding(x) | ¬Clear(x), ¬OnTable(x), ¬HandEmpty
put-down(x): Pre: Holding(x) → OnTable(x), Clear(x), HandEmpty | ¬Holding(x)
stack(x,y): Pre: Holding(x), Clear(y) → On(x,y), Clear(x), HandEmpty | ¬Holding(x), ¬Clear(y)
unstack(x,y): Pre: On(x,y), Clear(x), HandEmpty → Holding(x) | ¬On(x,y), ¬Clear(x), ¬HandEmpty

TASK:
Find plan π = (a₁, a₂, ..., aₙ) such that:
S₀ →(a₁) S₁ →(a₂) ... →(aₙ) Sₙ, where S* ⊆ Sₙ

OUTPUT FORMAT:
Return a numbered list of actions only.
No explanation. No extra text.","pick-up i
stack i f
pick-up h
stack h i
pick-up e
stack e h
pick-up j
stack j e
pick-up c
stack c j",planning_suite,blocksworld,medium,high,type=planbench_original | dataset=planbench | filename=instance-121.pddl | path=plan-bench/instances/blocksworld/generated/instance-121.pddl,verify_blocksworld_plan,num_blocks=6,Stage1 PlanBench canonical extraction
BW_512,W5,"You are a robot arm. Available actions: pick-up X (X must be clear and on the table, hand must be empty), put-down X (place X on the table), stack X Y (place X on Y; Y must be clear, you must be holding X), unstack X Y (pick up X from Y; X must be clear, hand must be empty). You can hold one block at a time. Current state: Block c is on block j, block j is on block e, block e is on block h, block h is on block i, and block i is on block f. Block c is clear. The hand is empty. Goal: Block c is on the table. Block e is on the table. Block f is on the table. Block h is on the table. Block i is on the table. Block j is on the table. The hand is empty. Respond with a numbered list of actions only. Each action must be exactly one of: pick-up X / put-down X / stack X Y / unstack X Y. No explanation. No extra text.","unstack c j
put-down c
unstack j e
put-down j
unstack e h
put-down e
unstack h i
put-down h
unstack i f
put-down i",planning_suite,blocksworld,medium,high,type=planbench_original | dataset=planbench | filename=instance-121.pddl | path=plan-bench/instances/blocksworld/generated/instance-121.pddl,verify_blocksworld_plan,num_blocks=6,Stage1 PlanBench canonical extraction | W5_FD_PLAN_ACCEPTED_NL_SIM_FAILED
BW_512,W6,"You are a robot arm. Available actions: pick-up X (X must be clear and on the table, hand must be empty), put-down X (place X on the table), stack X Y (place X on Y; Y must be clear, you must be holding X), unstack X Y (pick up X from Y; X must be clear, hand must be empty). You can hold one block at a time. Current state: Blocks a, b, c, d, e, and f are clear and on the table. The hand is empty. Goal: Block a is on block f, block b is on block e, block c is on block a, block d is on block c, block e is on the table, block f is on block b. Respond with a numbered list of actions only. Each action must be exactly one of: pick-up X / put-down X / stack X Y / unstack X Y. No explanation. No extra text.","pick-up b
stack b e
pick-up f
stack f b
pick-up a
stack a f
pick-up c
stack c a
pick-up d
stack d c",planning_suite,blocksworld,medium,high,type=planbench_original | dataset=planbench | filename=instance-121.pddl | path=plan-bench/instances/blocksworld/generated/instance-121.pddl,verify_blocksworld_plan,num_blocks=6,Stage1 PlanBench canonical extraction | w6_seed=2854625806
BW_513,W1,"You are a robotic arm. Possible actions: pick-up X (X needs to be clear and sitting on the table, hand needs to be unoccupied), put-down X (set X down on the table), stack X Y (put X on top of Y; Y needs to be clear, you need to be grasping X), unstack X Y (lift X off of Y; X needs to be clear, hand needs to be unoccupied). You're able to grasp a single block at any given moment. Present situation: Blocks a, c, d, e, f, i, and l are clear and sitting on the table, and the hand is unoccupied. Objective: Block c sits on block e, block e sits on block f, block f sits on block i, block i sits on block a, block a sits on block d, and block d sits on block l. Reply using a numbered sequence of actions exclusively. Every action has to be precisely one of these: pick-up X / put-down X / stack X Y / unstack X Y. No explanations. No additional words.","pick-up d
stack d l
pick-up a
stack a d
pick-up i
stack i a
pick-up f
stack f i
pick-up e
stack e f
pick-up c
stack c e",planning_suite,blocksworld,medium,high,type=planbench_original | dataset=planbench | filename=instance-129.pddl | path=plan-bench/instances/blocksworld/generated/instance-129.pddl,verify_blocksworld_plan,num_blocks=7,Stage1 PlanBench canonical extraction
BW_513,W2,"You are a robot arm. Available actions: pick-up X (X must be clear and on the table, hand must be empty), put-down X (place X on the table), stack X Y (place X on Y; Y must be clear, you must be holding X), unstack X Y (pick up X from Y; X must be clear, hand must be empty). You can hold one block at a time.

Initial state:
| Block | Position |
|-------|----------|
| a | on table |
| c | on table |
| d | on table |
| e | on table |
| f | on table |
| i | on table |
| l | on table |

Goal:
| Block | Target Position |
|-------|-----------------|
| a | on d |
| c | on e |
| d | on l |
| e | on f |
| f | on i |
| i | on a |

What sequence of actions achieves the goal?","pick-up d
stack d l
pick-up a
stack a d
pick-up i
stack i a
pick-up f
stack f i
pick-up e
stack e f
pick-up c
stack c e",planning_suite,blocksworld,medium,high,type=planbench_original | dataset=planbench | filename=instance-129.pddl | path=plan-bench/instances/blocksworld/generated/instance-129.pddl,verify_blocksworld_plan,num_blocks=7,Stage1 PlanBench canonical extraction
BW_513,W3,"You are Alice robot arm. Available actions: recruit X (X must be clear and on the table, hand must be empty), assign_to_base X (place X on the table), promote_over X Y (place X on Y; Y must be clear, you must be holding X), reassign_from X Y (pick up X from Y; X must be clear, hand must be empty). You can hold one block at Alice time. Current state: Blocks Alice, Carol, David, Emma, Frank, Isaac, and Laura are clear and on the table, and the hand is empty. Goal: Block Carol is on block Emma, block Emma is on block Frank, block Frank is on block Isaac, block Isaac is on block Alice, block Alice is on block David, and block David is on block Laura. Respond with Alice numbered list of actions only. Each action must be exactly one of: recruit X / assign_to_base X / promote_over X Y / reassign_from X Y. No explanation. No extra text.","recruit David
promote_over David Laura
recruit Alice
promote_over Alice David
recruit Isaac
promote_over Isaac Alice
recruit Frank
promote_over Frank Isaac
recruit Emma
promote_over Emma Frank
recruit Carol
promote_over Carol Emma",planning_suite,blocksworld,medium,high,type=planbench_original | dataset=planbench | filename=instance-129.pddl | path=plan-bench/instances/blocksworld/generated/instance-129.pddl,verify_blocksworld_plan,num_blocks=7,"Stage1 PlanBench canonical extraction | {""chosen_domain"": ""hr_org"", ""entity_mapping"": {""a"": ""Alice"", ""c"": ""Carol"", ""d"": ""David"", ""e"": ""Emma"", ""f"": ""Frank"", ""i"": ""Isaac"", ""l"": ""Laura""}, ""action_mapping"": {""pick-up"": ""recruit"", ""put-down"": ""assign_to_base"", ""stack"": ""promote_over"", ""unstack"": ""reassign_from""}}"
BW_513,W4,"FORMAL DEFINITION:
π = ⟨B, S₀, S*, A⟩

BLOCKS:
B = {a, c, d, e, f, i, l}

INITIAL STATE S₀:
OnTable(a)
Clear(a)
OnTable(c)
Clear(c)
OnTable(d)
Clear(d)
OnTable(e)
Clear(e)
OnTable(f)
Clear(f)
OnTable(i)
Clear(i)
OnTable(l)
Clear(l)
HandEmpty

GOAL STATE S*:
On(a,d)
On(c,e)
On(d,l)
On(e,f)
On(f,i)
On(i,a)
HandEmpty

ACTIONS (Preconditions → Add Effects | Delete Effects):
pick-up(x): Pre: Clear(x), OnTable(x), HandEmpty → Holding(x) | ¬Clear(x), ¬OnTable(x), ¬HandEmpty
put-down(x): Pre: Holding(x) → OnTable(x), Clear(x), HandEmpty | ¬Holding(x)
stack(x,y): Pre: Holding(x), Clear(y) → On(x,y), Clear(x), HandEmpty | ¬Holding(x), ¬Clear(y)
unstack(x,y): Pre: On(x,y), Clear(x), HandEmpty → Holding(x) | ¬On(x,y), ¬Clear(x), ¬HandEmpty

TASK:
Find plan π = (a₁, a₂, ..., aₙ) such that:
S₀ →(a₁) S₁ →(a₂) ... →(aₙ) Sₙ, where S* ⊆ Sₙ

OUTPUT FORMAT:
Return a numbered list of actions only.
No explanation. No extra text.","pick-up d
stack d l
pick-up a
stack a d
pick-up i
stack i a
pick-up f
stack f i
pick-up e
stack e f
pick-up c
stack c e",planning_suite,blocksworld,medium,high,type=planbench_original | dataset=planbench | filename=instance-129.pddl | path=plan-bench/instances/blocksworld/generated/instance-129.pddl,verify_blocksworld_plan,num_blocks=7,Stage1 PlanBench canonical extraction
BW_513,W5,"You are a robot arm. Available actions: pick-up X (X must be clear and on the table, hand must be empty), put-down X (place X on the table), stack X Y (place X on Y; Y must be clear, you must be holding X), unstack X Y (pick up X from Y; X must be clear, hand must be empty). You can hold one block at a time. Current state: Block c is on block e, block e is on block f, block f is on block i, block i is on block a, block a is on block d, and block d is on block l. Block c is clear. The hand is empty. Goal: Block a is on the table. Block c is on the table. Block d is on the table. Block e is on the table. Block f is on the table. Block i is on the table. Block l is on the table. The hand is empty. Respond with a numbered list of actions only. Each action must be exactly one of: pick-up X / put-down X / stack X Y / unstack X Y. No explanation. No extra text.","unstack c e
put-down c
unstack e f
put-down e
unstack f i
put-down f
unstack i a
put-down i
unstack a d
put-down a
unstack d l
put-down d",planning_suite,blocksworld,medium,high,type=planbench_original | dataset=planbench | filename=instance-129.pddl | path=plan-bench/instances/blocksworld/generated/instance-129.pddl,verify_blocksworld_plan,num_blocks=7,Stage1 PlanBench canonical extraction | W5_FD_PLAN_ACCEPTED_NL_SIM_FAILED
BW_513,W6,"You are a robot arm. Available actions: pick-up X (X must be clear and on the table, hand must be empty), put-down X (place X on the table), stack X Y (place X on Y; Y must be clear, you must be holding X), unstack X Y (pick up X from Y; X must be clear, hand must be empty). You can hold one block at a time. Current state: Blocks a, b, c, d, e, f, and g are clear and on the table. The hand is empty. Goal: Block a is on block g, block b is on block a, block c is on block b, block d is on the table, block e is on block f, block f is on block c, block g is on block d. Respond with a numbered list of actions only. Each action must be exactly one of: pick-up X / put-down X / stack X Y / unstack X Y. No explanation. No extra text.","pick-up g
stack g d
pick-up a
stack a g
pick-up b
stack b a
pick-up c
stack c b
pick-up f
stack f c
pick-up e
stack e f",planning_suite,blocksworld,medium,high,type=planbench_original | dataset=planbench | filename=instance-129.pddl | path=plan-bench/instances/blocksworld/generated/instance-129.pddl,verify_blocksworld_plan,num_blocks=7,Stage1 PlanBench canonical extraction | w6_seed=4284175485
BW_514,W1,"You are operating a robotic arm. Possible actions: pick-up X (requires X to be unobstructed and resting on the table, gripper needs to be free), put-down X (set X down on the table), stack X Y (put X on top of Y; requires Y to be unobstructed and X to be in your grasp), unstack X Y (lift X off of Y; requires X to be unobstructed and gripper to be free). Only one block can be held at once. Present situation: The blocks a, b, c, e, g, and j are unobstructed and sitting on the table, with the gripper currently free. Objective: Position block c atop block j, with block j positioned on block a, block a resting on block g, block g placed on block e, and block e situated on block b. Reply using a numbered sequence of actions exclusively. Every action must be precisely one of these: pick-up X / put-down X / stack X Y / unstack X Y. Provide no explanations. Include no additional text.","pick-up e
stack e b
pick-up g
stack g e
pick-up a
stack a g
pick-up j
stack j a
pick-up c
stack c j",planning_suite,blocksworld,medium,high,type=planbench_original | dataset=planbench | filename=instance-144.pddl | path=plan-bench/instances/blocksworld/generated/instance-144.pddl,verify_blocksworld_plan,num_blocks=6,Stage1 PlanBench canonical extraction
BW_514,W2,"You are a robot arm. Available actions: pick-up X (X must be clear and on the table, hand must be empty), put-down X (place X on the table), stack X Y (place X on Y; Y must be clear, you must be holding X), unstack X Y (pick up X from Y; X must be clear, hand must be empty). You can hold one block at a time.

Initial state:
| Block | Position |
|-------|----------|
| a | on table |
| b | on table |
| c | on table |
| e | on table |
| g | on table |
| j | on table |

Goal:
| Block | Target Position |
|-------|-----------------|
| a | on g |
| c | on j |
| e | on b |
| g | on e |
| j | on a |

What sequence of actions achieves the goal?","pick-up e
stack e b
pick-up g
stack g e
pick-up a
stack a g
pick-up j
stack j a
pick-up c
stack c j",planning_suite,blocksworld,medium,high,type=planbench_original | dataset=planbench | filename=instance-144.pddl | path=plan-bench/instances/blocksworld/generated/instance-144.pddl,verify_blocksworld_plan,num_blocks=6,Stage1 PlanBench canonical extraction
BW_514,W3,"You are Alice robot arm. Available actions: recruit X (X must be clear and on the table, hand must be empty), assign-to-base X (place X on the table), promote-above X Y (place X on Y; Y must be clear, you must be holding X), reassign-from X Y (pick up X from Y; X must be clear, hand must be empty). You can hold one block at Alice time. Current state: Blocks Alice, Bob, Carol, Eve, Grace, and John are clear and on the table, and the hand is empty. Goal: Block Carol is on block John, block John is on block Alice, block Alice is on block Grace, block Grace is on block Eve, and block Eve is on block Bob. Respond with Alice numbered list of actions only. Each action must be exactly one of: recruit X / assign-to-base X / promote-above X Y / reassign-from X Y. No explanation. No extra text.","recruit Eve
promote-above Eve Bob
recruit Grace
promote-above Grace Eve
recruit Alice
promote-above Alice Grace
recruit John
promote-above John Alice
recruit Carol
promote-above Carol John",planning_suite,blocksworld,medium,high,type=planbench_original | dataset=planbench | filename=instance-144.pddl | path=plan-bench/instances/blocksworld/generated/instance-144.pddl,verify_blocksworld_plan,num_blocks=6,"Stage1 PlanBench canonical extraction | {""chosen_domain"": ""hr_org"", ""entity_mapping"": {""a"": ""Alice"", ""b"": ""Bob"", ""c"": ""Carol"", ""e"": ""Eve"", ""g"": ""Grace"", ""j"": ""John""}, ""action_mapping"": {""pick-up"": ""recruit"", ""put-down"": ""assign-to-base"", ""stack"": ""promote-above"", ""unstack"": ""reassign-from""}}"
BW_514,W4,"FORMAL DEFINITION:
π = ⟨B, S₀, S*, A⟩

BLOCKS:
B = {a, b, c, e, g, j}

INITIAL STATE S₀:
OnTable(a)
Clear(a)
OnTable(b)
Clear(b)
OnTable(c)
Clear(c)
OnTable(e)
Clear(e)
OnTable(g)
Clear(g)
OnTable(j)
Clear(j)
HandEmpty

GOAL STATE S*:
On(a,g)
On(c,j)
On(e,b)
On(g,e)
On(j,a)
HandEmpty

ACTIONS (Preconditions → Add Effects | Delete Effects):
pick-up(x): Pre: Clear(x), OnTable(x), HandEmpty → Holding(x) | ¬Clear(x), ¬OnTable(x), ¬HandEmpty
put-down(x): Pre: Holding(x) → OnTable(x), Clear(x), HandEmpty | ¬Holding(x)
stack(x,y): Pre: Holding(x), Clear(y) → On(x,y), Clear(x), HandEmpty | ¬Holding(x), ¬Clear(y)
unstack(x,y): Pre: On(x,y), Clear(x), HandEmpty → Holding(x) | ¬On(x,y), ¬Clear(x), ¬HandEmpty

TASK:
Find plan π = (a₁, a₂, ..., aₙ) such that:
S₀ →(a₁) S₁ →(a₂) ... →(aₙ) Sₙ, where S* ⊆ Sₙ

OUTPUT FORMAT:
Return a numbered list of actions only.
No explanation. No extra text.","pick-up e
stack e b
pick-up g
stack g e
pick-up a
stack a g
pick-up j
stack j a
pick-up c
stack c j",planning_suite,blocksworld,medium,high,type=planbench_original | dataset=planbench | filename=instance-144.pddl | path=plan-bench/instances/blocksworld/generated/instance-144.pddl,verify_blocksworld_plan,num_blocks=6,Stage1 PlanBench canonical extraction
BW_514,W5,"You are a robot arm. Available actions: pick-up X (X must be clear and on the table, hand must be empty), put-down X (place X on the table), stack X Y (place X on Y; Y must be clear, you must be holding X), unstack X Y (pick up X from Y; X must be clear, hand must be empty). You can hold one block at a time. Current state: Block c is on block j, block j is on block a, block a is on block g, block g is on block e, and block e is on block b. Block c is clear. The hand is empty. Goal: Block a is on the table. Block b is on the table. Block c is on the table. Block e is on the table. Block g is on the table. Block j is on the table. The hand is empty. Respond with a numbered list of actions only. Each action must be exactly one of: pick-up X / put-down X / stack X Y / unstack X Y. No explanation. No extra text.","unstack c j
put-down c
unstack j a
put-down j
unstack a g
put-down a
unstack g e
put-down g
unstack e b
put-down e",planning_suite,blocksworld,medium,high,type=planbench_original | dataset=planbench | filename=instance-144.pddl | path=plan-bench/instances/blocksworld/generated/instance-144.pddl,verify_blocksworld_plan,num_blocks=6,Stage1 PlanBench canonical extraction | W5_FD_PLAN_ACCEPTED_NL_SIM_FAILED
BW_514,W6,"You are a robot arm. Available actions: pick-up X (X must be clear and on the table, hand must be empty), put-down X (place X on the table), stack X Y (place X on Y; Y must be clear, you must be holding X), unstack X Y (pick up X from Y; X must be clear, hand must be empty). You can hold one block at a time. Current state: Blocks a, b, c, d, e, and f are clear and on the table. The hand is empty. Goal: Block a is on block e, block b is on the table, block c is on block b, block d is on block f, block e is on block c, block f is on block a. Respond with a numbered list of actions only. Each action must be exactly one of: pick-up X / put-down X / stack X Y / unstack X Y. No explanation. No extra text.","pick-up c
stack c b
pick-up e
stack e c
pick-up a
stack a e
pick-up f
stack f a
pick-up d
stack d f",planning_suite,blocksworld,medium,high,type=planbench_original | dataset=planbench | filename=instance-144.pddl | path=plan-bench/instances/blocksworld/generated/instance-144.pddl,verify_blocksworld_plan,num_blocks=6,Stage1 PlanBench canonical extraction | w6_seed=2413418020
BW_515,W1,"As a robot arm, you have these operations available: pick-up X (requires X to be unobstructed and sitting on the table while your hand has nothing), put-down X (set X onto the table), stack X Y (put X on top of Y where Y needs to be unobstructed and you need to be grasping X), unstack X Y (lift X off of Y where X needs to be unobstructed and your hand needs to be free). Only one block can be held at once. Present situation: The blocks a, d, e, g, i, and k are all unobstructed and resting on the table, with your hand currently holding nothing. Objective: Have block g positioned on block e, with block e positioned on block k, with block k positioned on block a, with block a positioned on block d, and block d positioned on block i. Give your answer as an enumerated sequence of operations exclusively. All operations must be precisely one of these: pick-up X / put-down X / stack X Y / unstack X Y. Provide no explanations. Include no additional text.","pick-up d
stack d i
pick-up a
stack a d
pick-up k
stack k a
pick-up e
stack e k
pick-up g
stack g e",planning_suite,blocksworld,medium,high,type=planbench_original | dataset=planbench | filename=instance-146.pddl | path=plan-bench/instances/blocksworld/generated/instance-146.pddl,verify_blocksworld_plan,num_blocks=6,Stage1 PlanBench canonical extraction
BW_515,W2,"You are a robot arm. Available actions: pick-up X (X must be clear and on the table, hand must be empty), put-down X (place X on the table), stack X Y (place X on Y; Y must be clear, you must be holding X), unstack X Y (pick up X from Y; X must be clear, hand must be empty). You can hold one block at a time.

Initial state:
| Block | Position |
|-------|----------|
| a | on table |
| d | on table |
| e | on table |
| g | on table |
| i | on table |
| k | on table |

Goal:
| Block | Target Position |
|-------|-----------------|
| a | on d |
| d | on i |
| e | on k |
| g | on e |
| k | on a |

What sequence of actions achieves the goal?","pick-up d
stack d i
pick-up a
stack a d
pick-up k
stack k a
pick-up e
stack e k
pick-up g
stack g e",planning_suite,blocksworld,medium,high,type=planbench_original | dataset=planbench | filename=instance-146.pddl | path=plan-bench/instances/blocksworld/generated/instance-146.pddl,verify_blocksworld_plan,num_blocks=6,Stage1 PlanBench canonical extraction
BW_515,W3,"You are Alice robot arm. Available actions: recruit X (X must be clear and on the table, hand must be empty), dismiss X (place X on the table), promote X Y (place X on Y; Y must be clear, you must be holding X), reassign X Y (pick up X from Y; X must be clear, hand must be empty). You can hold one block at Alice time. Current state: Blocks Alice, David, Emily, George, Isabella, and Kevin are clear and on the table, and the hand is empty. Goal: Block George is on block Emily, block Emily is on block Kevin, block Kevin is on block Alice, block Alice is on block David, and block David is on block Isabella. Respond with Alice numbered list of actions only. Each action must be exactly one of: recruit X / dismiss X / promote X Y / reassign X Y. No explanation. No extra text.","recruit David
promote David Isabella
recruit Alice
promote Alice David
recruit Kevin
promote Kevin Alice
recruit Emily
promote Emily Kevin
recruit George
promote George Emily",planning_suite,blocksworld,medium,high,type=planbench_original | dataset=planbench | filename=instance-146.pddl | path=plan-bench/instances/blocksworld/generated/instance-146.pddl,verify_blocksworld_plan,num_blocks=6,"Stage1 PlanBench canonical extraction | {""chosen_domain"": ""hr_org"", ""entity_mapping"": {""a"": ""Alice"", ""d"": ""David"", ""e"": ""Emily"", ""g"": ""George"", ""i"": ""Isabella"", ""k"": ""Kevin""}, ""action_mapping"": {""pick-up"": ""recruit"", ""put-down"": ""dismiss"", ""stack"": ""promote"", ""unstack"": ""reassign""}}"
BW_515,W4,"FORMAL DEFINITION:
π = ⟨B, S₀, S*, A⟩

BLOCKS:
B = {a, d, e, g, i, k}

INITIAL STATE S₀:
OnTable(a)
Clear(a)
OnTable(d)
Clear(d)
OnTable(e)
Clear(e)
OnTable(g)
Clear(g)
OnTable(i)
Clear(i)
OnTable(k)
Clear(k)
HandEmpty

GOAL STATE S*:
On(a,d)
On(d,i)
On(e,k)
On(g,e)
On(k,a)
HandEmpty

ACTIONS (Preconditions → Add Effects | Delete Effects):
pick-up(x): Pre: Clear(x), OnTable(x), HandEmpty → Holding(x) | ¬Clear(x), ¬OnTable(x), ¬HandEmpty
put-down(x): Pre: Holding(x) → OnTable(x), Clear(x), HandEmpty | ¬Holding(x)
stack(x,y): Pre: Holding(x), Clear(y) → On(x,y), Clear(x), HandEmpty | ¬Holding(x), ¬Clear(y)
unstack(x,y): Pre: On(x,y), Clear(x), HandEmpty → Holding(x) | ¬On(x,y), ¬Clear(x), ¬HandEmpty

TASK:
Find plan π = (a₁, a₂, ..., aₙ) such that:
S₀ →(a₁) S₁ →(a₂) ... →(aₙ) Sₙ, where S* ⊆ Sₙ

OUTPUT FORMAT:
Return a numbered list of actions only.
No explanation. No extra text.","pick-up d
stack d i
pick-up a
stack a d
pick-up k
stack k a
pick-up e
stack e k
pick-up g
stack g e",planning_suite,blocksworld,medium,high,type=planbench_original | dataset=planbench | filename=instance-146.pddl | path=plan-bench/instances/blocksworld/generated/instance-146.pddl,verify_blocksworld_plan,num_blocks=6,Stage1 PlanBench canonical extraction
BW_515,W5,"You are a robot arm. Available actions: pick-up X (X must be clear and on the table, hand must be empty), put-down X (place X on the table), stack X Y (place X on Y; Y must be clear, you must be holding X), unstack X Y (pick up X from Y; X must be clear, hand must be empty). You can hold one block at a time. Current state: Block g is on block e, block e is on block k, block k is on block a, block a is on block d, and block d is on block i. Block g is clear. The hand is empty. Goal: Block a is on the table. Block d is on the table. Block e is on the table. Block g is on the table. Block i is on the table. Block k is on the table. The hand is empty. Respond with a numbered list of actions only. Each action must be exactly one of: pick-up X / put-down X / stack X Y / unstack X Y. No explanation. No extra text.","unstack g e
put-down g
unstack e k
put-down e
unstack k a
put-down k
unstack a d
put-down a
unstack d i
put-down d",planning_suite,blocksworld,medium,high,type=planbench_original | dataset=planbench | filename=instance-146.pddl | path=plan-bench/instances/blocksworld/generated/instance-146.pddl,verify_blocksworld_plan,num_blocks=6,Stage1 PlanBench canonical extraction | W5_FD_PLAN_ACCEPTED_NL_SIM_FAILED
BW_515,W6,"You are a robot arm. Available actions: pick-up X (X must be clear and on the table, hand must be empty), put-down X (place X on the table), stack X Y (place X on Y; Y must be clear, you must be holding X), unstack X Y (pick up X from Y; X must be clear, hand must be empty). You can hold one block at a time. Current state: Blocks a, b, c, d, e, and f are clear and on the table. The hand is empty. Goal: Block a is on block e, block b is on block f, block c is on block a, block d is on block c, block e is on block b, block f is on the table. Respond with a numbered list of actions only. Each action must be exactly one of: pick-up X / put-down X / stack X Y / unstack X Y. No explanation. No extra text.","pick-up b
stack b f
pick-up e
stack e b
pick-up a
stack a e
pick-up c
stack c a
pick-up d
stack d c",planning_suite,blocksworld,medium,high,type=planbench_original | dataset=planbench | filename=instance-146.pddl | path=plan-bench/instances/blocksworld/generated/instance-146.pddl,verify_blocksworld_plan,num_blocks=6,Stage1 PlanBench canonical extraction | w6_seed=1223316754
BW_E_001,W1,"As a robotic arm, you have these possible actions: pick-up X (requires X to be unobstructed and resting on the table, with your gripper unoccupied), put-down X (sets X onto the table surface), stack X Y (positions X atop Y; requires Y to be unobstructed while you're grasping X), unstack X Y (lifts X off Y; requires X to be unobstructed with your gripper free). Your capacity is limited to grasping a single block at once. Present situation: The blocks labeled a, b, c, f, i, and j are all unobstructed and positioned on the table, with your gripper currently unoccupied. Objective: Achieve a configuration where block a sits atop block i, block i rests on block c, block c is positioned on block f, block f is placed on block j, and block j is stacked on block b. Provide only a numbered sequence of actions. Each entry must precisely match one of these formats: pick-up X / put-down X / stack X Y / unstack X Y. Exclude any explanations. Include no additional content.","pick-up j
stack j b
pick-up f
stack f j
pick-up c
stack c f
pick-up i
stack i c
pick-up a
stack a i",planning_suite,blocksworld,medium,low,type=procedural_bw_e | dataset=generated | seed=20260520 | filename=bwe-seed-20260520.pddl,verify_blocksworld_plan,num_blocks=6,Procedural BW_E generated with seed 20260520
BW_E_001,W2,"You are a robot arm. Available actions: pick-up X (X must be clear and on the table, hand must be empty), put-down X (place X on the table), stack X Y (place X on Y; Y must be clear, you must be holding X), unstack X Y (pick up X from Y; X must be clear, hand must be empty). You can hold one block at a time.

Initial state:
| Block | Position |
|-------|----------|
| a | on table |
| b | on table |
| c | on table |
| f | on table |
| i | on table |
| j | on table |

Goal:
| Block | Target Position |
|-------|-----------------|
| a | on i |
| c | on f |
| f | on j |
| i | on c |
| j | on b |

What sequence of actions achieves the goal?","pick-up j
stack j b
pick-up f
stack f j
pick-up c
stack c f
pick-up i
stack i c
pick-up a
stack a i",planning_suite,blocksworld,medium,low,type=procedural_bw_e | dataset=generated | seed=20260520 | filename=bwe-seed-20260520.pddl,verify_blocksworld_plan,num_blocks=6,Procedural BW_E generated with seed 20260520
BW_E_001,W3,"You are Alice robot arm. Available actions: recruit X (X must be clear and on the table, hand must be empty), dismiss X (place X on the table), promote X Y (place X on Y; Y must be clear, you must be holding X), demote X Y (pick up X from Y; X must be clear, hand must be empty). You can hold one block at Alice time. Current state: Blocks Alice, Bob, Carol, Frank, Isabel, and James are clear and on the table, and the hand is empty. Goal: Block Alice is on block Isabel, block Isabel is on block Carol, block Carol is on block Frank, block Frank is on block James, and block James is on block Bob. Respond with Alice numbered list of actions only. Each action must be exactly one of: recruit X / dismiss X / promote X Y / demote X Y. No explanation. No extra text.","recruit James
promote James Bob
recruit Frank
promote Frank James
recruit Carol
promote Carol Frank
recruit Isabel
promote Isabel Carol
recruit Alice
promote Alice Isabel",planning_suite,blocksworld,medium,low,type=procedural_bw_e | dataset=generated | seed=20260520 | filename=bwe-seed-20260520.pddl,verify_blocksworld_plan,num_blocks=6,"Procedural BW_E generated with seed 20260520 | {""chosen_domain"": ""hr_org"", ""entity_mapping"": {""a"": ""Alice"", ""b"": ""Bob"", ""c"": ""Carol"", ""f"": ""Frank"", ""i"": ""Isabel"", ""j"": ""James""}, ""action_mapping"": {""pick-up"": ""recruit"", ""put-down"": ""dismiss"", ""stack"": ""promote"", ""unstack"": ""demote""}}"
BW_E_001,W4,"FORMAL DEFINITION:
π = ⟨B, S₀, S*, A⟩

BLOCKS:
B = {a, b, c, f, i, j}

INITIAL STATE S₀:
OnTable(a)
Clear(a)
OnTable(b)
Clear(b)
OnTable(c)
Clear(c)
OnTable(f)
Clear(f)
OnTable(i)
Clear(i)
OnTable(j)
Clear(j)
HandEmpty

GOAL STATE S*:
On(a,i)
On(c,f)
On(f,j)
On(i,c)
On(j,b)
HandEmpty

ACTIONS (Preconditions → Add Effects | Delete Effects):
pick-up(x): Pre: Clear(x), OnTable(x), HandEmpty → Holding(x) | ¬Clear(x), ¬OnTable(x), ¬HandEmpty
put-down(x): Pre: Holding(x) → OnTable(x), Clear(x), HandEmpty | ¬Holding(x)
stack(x,y): Pre: Holding(x), Clear(y) → On(x,y), Clear(x), HandEmpty | ¬Holding(x), ¬Clear(y)
unstack(x,y): Pre: On(x,y), Clear(x), HandEmpty → Holding(x) | ¬On(x,y), ¬Clear(x), ¬HandEmpty

TASK:
Find plan π = (a₁, a₂, ..., aₙ) such that:
S₀ →(a₁) S₁ →(a₂) ... →(aₙ) Sₙ, where S* ⊆ Sₙ

OUTPUT FORMAT:
Return a numbered list of actions only.
No explanation. No extra text.","pick-up j
stack j b
pick-up f
stack f j
pick-up c
stack c f
pick-up i
stack i c
pick-up a
stack a i",planning_suite,blocksworld,medium,low,type=procedural_bw_e | dataset=generated | seed=20260520 | filename=bwe-seed-20260520.pddl,verify_blocksworld_plan,num_blocks=6,Procedural BW_E generated with seed 20260520
BW_E_001,W5,"You are a robot arm. Available actions: pick-up X (X must be clear and on the table, hand must be empty), put-down X (place X on the table), stack X Y (place X on Y; Y must be clear, you must be holding X), unstack X Y (pick up X from Y; X must be clear, hand must be empty). You can hold one block at a time. Current state: Blocks a, b, c, d, e, and f are clear and on the table. The hand is empty. Goal: Block a is on block b, block b is on block f, block c is on block a, block d is on the table, block e is on block d, block f is on block e. Respond with a numbered list of actions only. Each action must be exactly one of: pick-up X / put-down X / stack X Y / unstack X Y. No explanation. No extra text.","pick-up e
stack e d
pick-up f
stack f e
pick-up b
stack b f
pick-up a
stack a b
pick-up c
stack c a",planning_suite,blocksworld,medium,low,type=procedural_bw_e | dataset=generated | seed=20260520 | filename=bwe-seed-20260520.pddl,verify_blocksworld_plan,num_blocks=6,Procedural BW_E generated with seed 20260520 | w5_bw_e_procedural_seed=3144019903
BW_E_001,W6,"You are a robot arm. Available actions: pick-up X (X must be clear and on the table, hand must be empty), put-down X (place X on the table), stack X Y (place X on Y; Y must be clear, you must be holding X), unstack X Y (pick up X from Y; X must be clear, hand must be empty). You can hold one block at a time. Current state: Blocks a, b, c, d, e, and f are clear and on the table. The hand is empty. Goal: Block a is on block c, block b is on block f, block c is on block e, block d is on the table, block e is on block b, block f is on block d. Respond with a numbered list of actions only. Each action must be exactly one of: pick-up X / put-down X / stack X Y / unstack X Y. No explanation. No extra text.","pick-up f
stack f d
pick-up b
stack b f
pick-up e
stack e b
pick-up c
stack c e
pick-up a
stack a c",planning_suite,blocksworld,medium,low,type=procedural_bw_e | dataset=generated | seed=20260520 | filename=bwe-seed-20260520.pddl,verify_blocksworld_plan,num_blocks=6,Procedural BW_E generated with seed 20260520 | w6_seed=3926480233
BW_E_002,W1,"As a robotic arm, you can perform these actions: pick-up X (requires X to be unobstructed and sitting on the table, with your hand unoccupied), put-down X (sets X onto the table), stack X Y (puts X on top of Y; Y needs to be unobstructed while you're grasping X), unstack X Y (lifts X off of Y; X needs to be unobstructed with your hand free). Your capacity is limited to grasping a single block at once. Present situation: The blocks b, g, h, and i are unobstructed and resting on the table, with your hand currently free. Objective: Position block h atop block b, with block b positioned atop block g, and block g positioned atop block i. Provide only a sequential numbered list of actions. All actions must precisely match: pick-up X / put-down X / stack X Y / unstack X Y. Include no explanations. Add no supplementary text.","pick-up g
stack g i
pick-up b
stack b g
pick-up h
stack h b",planning_suite,blocksworld,easy,low,type=procedural_bw_e | dataset=generated | seed=20260521 | filename=bwe-seed-20260521.pddl,verify_blocksworld_plan,num_blocks=4,Procedural BW_E generated with seed 20260521
BW_E_002,W2,"You are a robot arm. Available actions: pick-up X (X must be clear and on the table, hand must be empty), put-down X (place X on the table), stack X Y (place X on Y; Y must be clear, you must be holding X), unstack X Y (pick up X from Y; X must be clear, hand must be empty). You can hold one block at a time.

Initial state:
| Block | Position |
|-------|----------|
| b | on table |
| g | on table |
| h | on table |
| i | on table |

Goal:
| Block | Target Position |
|-------|-----------------|
| b | on g |
| g | on i |
| h | on b |

What sequence of actions achieves the goal?","pick-up g
stack g i
pick-up b
stack b g
pick-up h
stack h b",planning_suite,blocksworld,easy,low,type=procedural_bw_e | dataset=generated | seed=20260521 | filename=bwe-seed-20260521.pddl,verify_blocksworld_plan,num_blocks=4,Procedural BW_E generated with seed 20260521
BW_E_002,W3,"You are a robot arm. Available actions: recruit X (X must be clear and on the table, hand must be empty), dismiss X (place X on the table), promote_above X Y (place X on Y; Y must be clear, you must be holding X), reassign_from X Y (pick up X from Y; X must be clear, hand must be empty). You can hold one block at a time. Current state: Blocks Bob, Grace, Henry, and Iris are clear and on the table, and the hand is empty. Goal: Block Henry is on block Bob, block Bob is on block Grace, and block Grace is on block Iris. Respond with a numbered list of actions only. Each action must be exactly one of: recruit X / dismiss X / promote_above X Y / reassign_from X Y. No explanation. No extra text.","recruit Grace
promote_above Grace Iris
recruit Bob
promote_above Bob Grace
recruit Henry
promote_above Henry Bob",planning_suite,blocksworld,easy,low,type=procedural_bw_e | dataset=generated | seed=20260521 | filename=bwe-seed-20260521.pddl,verify_blocksworld_plan,num_blocks=4,"Procedural BW_E generated with seed 20260521 | {""chosen_domain"": ""hr_org"", ""entity_mapping"": {""b"": ""Bob"", ""g"": ""Grace"", ""h"": ""Henry"", ""i"": ""Iris""}, ""action_mapping"": {""pick-up"": ""recruit"", ""put-down"": ""dismiss"", ""stack"": ""promote_above"", ""unstack"": ""reassign_from""}}"
BW_E_002,W4,"FORMAL DEFINITION:
π = ⟨B, S₀, S*, A⟩

BLOCKS:
B = {b, g, h, i}

INITIAL STATE S₀:
OnTable(b)
Clear(b)
OnTable(g)
Clear(g)
OnTable(h)
Clear(h)
OnTable(i)
Clear(i)
HandEmpty

GOAL STATE S*:
On(b,g)
On(g,i)
On(h,b)
HandEmpty

ACTIONS (Preconditions → Add Effects | Delete Effects):
pick-up(x): Pre: Clear(x), OnTable(x), HandEmpty → Holding(x) | ¬Clear(x), ¬OnTable(x), ¬HandEmpty
put-down(x): Pre: Holding(x) → OnTable(x), Clear(x), HandEmpty | ¬Holding(x)
stack(x,y): Pre: Holding(x), Clear(y) → On(x,y), Clear(x), HandEmpty | ¬Holding(x), ¬Clear(y)
unstack(x,y): Pre: On(x,y), Clear(x), HandEmpty → Holding(x) | ¬On(x,y), ¬Clear(x), ¬HandEmpty

TASK:
Find plan π = (a₁, a₂, ..., aₙ) such that:
S₀ →(a₁) S₁ →(a₂) ... →(aₙ) Sₙ, where S* ⊆ Sₙ

OUTPUT FORMAT:
Return a numbered list of actions only.
No explanation. No extra text.","pick-up g
stack g i
pick-up b
stack b g
pick-up h
stack h b",planning_suite,blocksworld,easy,low,type=procedural_bw_e | dataset=generated | seed=20260521 | filename=bwe-seed-20260521.pddl,verify_blocksworld_plan,num_blocks=4,Procedural BW_E generated with seed 20260521
BW_E_002,W5,"You are a robot arm. Available actions: pick-up X (X must be clear and on the table, hand must be empty), put-down X (place X on the table), stack X Y (place X on Y; Y must be clear, you must be holding X), unstack X Y (pick up X from Y; X must be clear, hand must be empty). You can hold one block at a time. Current state: Blocks a, b, c, and d are clear and on the table. The hand is empty. Goal: Block a is on block b, block b is on block d, block c is on block a, block d is on the table. Respond with a numbered list of actions only. Each action must be exactly one of: pick-up X / put-down X / stack X Y / unstack X Y. No explanation. No extra text.","pick-up b
stack b d
pick-up a
stack a b
pick-up c
stack c a",planning_suite,blocksworld,easy,low,type=procedural_bw_e | dataset=generated | seed=20260521 | filename=bwe-seed-20260521.pddl,verify_blocksworld_plan,num_blocks=4,Procedural BW_E generated with seed 20260521 | w5_bw_e_procedural_seed=3410122943
BW_E_002,W6,"You are a robot arm. Available actions: pick-up X (X must be clear and on the table, hand must be empty), put-down X (place X on the table), stack X Y (place X on Y; Y must be clear, you must be holding X), unstack X Y (pick up X from Y; X must be clear, hand must be empty). You can hold one block at a time. Current state: Blocks a, b, c, and d are clear and on the table. The hand is empty. Goal: Block a is on block d, block b is on block a, block c is on block b, block d is on the table. Respond with a numbered list of actions only. Each action must be exactly one of: pick-up X / put-down X / stack X Y / unstack X Y. No explanation. No extra text.","pick-up a
stack a d
pick-up b
stack b a
pick-up c
stack c b",planning_suite,blocksworld,easy,low,type=procedural_bw_e | dataset=generated | seed=20260521 | filename=bwe-seed-20260521.pddl,verify_blocksworld_plan,num_blocks=4,Procedural BW_E generated with seed 20260521 | w6_seed=350405007
BW_E_003,W1,"As a robotic arm, you have these possible actions: pick-up X (requires X to be unobstructed and resting on the table, with your hand unoccupied), put-down X (sets X onto the table), stack X Y (positions X atop Y; Y needs to be unobstructed while you're grasping X), unstack X Y (lifts X off of Y; X needs to be unobstructed with your hand free). Your capacity is limited to grasping a single block at once. Present situation: The blocks c, d, g, i, and j are unobstructed and positioned on the table, with your hand currently free. Objective: Position block g above block c, place block c above block i, set block i above block d, and arrange block d above block j. Reply using only a numbered sequence of actions. All actions must precisely match one of these formats: pick-up X / put-down X / stack X Y / unstack X Y. Provide no explanations. Include no additional content.","pick-up d
stack d j
pick-up i
stack i d
pick-up c
stack c i
pick-up g
stack g c",planning_suite,blocksworld,medium,low,type=procedural_bw_e | dataset=generated | seed=20260522 | filename=bwe-seed-20260522.pddl,verify_blocksworld_plan,num_blocks=5,Procedural BW_E generated with seed 20260522
BW_E_003,W2,"You are a robot arm. Available actions: pick-up X (X must be clear and on the table, hand must be empty), put-down X (place X on the table), stack X Y (place X on Y; Y must be clear, you must be holding X), unstack X Y (pick up X from Y; X must be clear, hand must be empty). You can hold one block at a time.

Initial state:
| Block | Position |
|-------|----------|
| c | on table |
| d | on table |
| g | on table |
| i | on table |
| j | on table |

Goal:
| Block | Target Position |
|-------|-----------------|
| c | on i |
| d | on j |
| g | on c |
| i | on d |

What sequence of actions achieves the goal?","pick-up d
stack d j
pick-up i
stack i d
pick-up c
stack c i
pick-up g
stack g c",planning_suite,blocksworld,medium,low,type=procedural_bw_e | dataset=generated | seed=20260522 | filename=bwe-seed-20260522.pddl,verify_blocksworld_plan,num_blocks=5,Procedural BW_E generated with seed 20260522
BW_E_003,W3,"You are a robot arm. Available actions: recruit X (X must be clear and on the table, hand must be empty), dismiss X (place X on the table), promote X Y (place X on Y; Y must be clear, you must be holding X), demote X Y (pick up X from Y; X must be clear, hand must be empty). You can hold one block at a time. Current state: Blocks Carol, David, Grace, Ivan, and Julia are clear and on the table, and the hand is empty. Goal: Block Grace is on block Carol, block Carol is on block Ivan, block Ivan is on block David, and block David is on block Julia. Respond with a numbered list of actions only. Each action must be exactly one of: recruit X / dismiss X / promote X Y / demote X Y. No explanation. No extra text.","recruit David
promote David Julia
recruit Ivan
promote Ivan David
recruit Carol
promote Carol Ivan
recruit Grace
promote Grace Carol",planning_suite,blocksworld,medium,low,type=procedural_bw_e | dataset=generated | seed=20260522 | filename=bwe-seed-20260522.pddl,verify_blocksworld_plan,num_blocks=5,"Procedural BW_E generated with seed 20260522 | {""chosen_domain"": ""hr_org"", ""entity_mapping"": {""c"": ""Carol"", ""d"": ""David"", ""g"": ""Grace"", ""i"": ""Ivan"", ""j"": ""Julia""}, ""action_mapping"": {""pick-up"": ""recruit"", ""put-down"": ""dismiss"", ""stack"": ""promote"", ""unstack"": ""demote""}}"
BW_E_003,W4,"FORMAL DEFINITION:
π = ⟨B, S₀, S*, A⟩

BLOCKS:
B = {c, d, g, i, j}

INITIAL STATE S₀:
OnTable(c)
Clear(c)
OnTable(d)
Clear(d)
OnTable(g)
Clear(g)
OnTable(i)
Clear(i)
OnTable(j)
Clear(j)
HandEmpty

GOAL STATE S*:
On(c,i)
On(d,j)
On(g,c)
On(i,d)
HandEmpty

ACTIONS (Preconditions → Add Effects | Delete Effects):
pick-up(x): Pre: Clear(x), OnTable(x), HandEmpty → Holding(x) | ¬Clear(x), ¬OnTable(x), ¬HandEmpty
put-down(x): Pre: Holding(x) → OnTable(x), Clear(x), HandEmpty | ¬Holding(x)
stack(x,y): Pre: Holding(x), Clear(y) → On(x,y), Clear(x), HandEmpty | ¬Holding(x), ¬Clear(y)
unstack(x,y): Pre: On(x,y), Clear(x), HandEmpty → Holding(x) | ¬On(x,y), ¬Clear(x), ¬HandEmpty

TASK:
Find plan π = (a₁, a₂, ..., aₙ) such that:
S₀ →(a₁) S₁ →(a₂) ... →(aₙ) Sₙ, where S* ⊆ Sₙ

OUTPUT FORMAT:
Return a numbered list of actions only.
No explanation. No extra text.","pick-up d
stack d j
pick-up i
stack i d
pick-up c
stack c i
pick-up g
stack g c",planning_suite,blocksworld,medium,low,type=procedural_bw_e | dataset=generated | seed=20260522 | filename=bwe-seed-20260522.pddl,verify_blocksworld_plan,num_blocks=5,Procedural BW_E generated with seed 20260522
BW_E_003,W5,"You are a robot arm. Available actions: pick-up X (X must be clear and on the table, hand must be empty), put-down X (place X on the table), stack X Y (place X on Y; Y must be clear, you must be holding X), unstack X Y (pick up X from Y; X must be clear, hand must be empty). You can hold one block at a time. Current state: Blocks a, b, c, d, and e are clear and on the table. The hand is empty. Goal: Block a is on the table, block b is on block c, block c is on block e, block d is on block b, block e is on block a. Respond with a numbered list of actions only. Each action must be exactly one of: pick-up X / put-down X / stack X Y / unstack X Y. No explanation. No extra text.","pick-up e
stack e a
pick-up c
stack c e
pick-up b
stack b c
pick-up d
stack d b",planning_suite,blocksworld,medium,low,type=procedural_bw_e | dataset=generated | seed=20260522 | filename=bwe-seed-20260522.pddl,verify_blocksworld_plan,num_blocks=5,Procedural BW_E generated with seed 20260522 | w5_bw_e_procedural_seed=3082037265
BW_E_003,W6,"You are a robot arm. Available actions: pick-up X (X must be clear and on the table, hand must be empty), put-down X (place X on the table), stack X Y (place X on Y; Y must be clear, you must be holding X), unstack X Y (pick up X from Y; X must be clear, hand must be empty). You can hold one block at a time. Current state: Blocks a, b, c, d, and e are clear and on the table. The hand is empty. Goal: Block a is on the table, block b is on block c, block c is on block e, block d is on block a, block e is on block d. Respond with a numbered list of actions only. Each action must be exactly one of: pick-up X / put-down X / stack X Y / unstack X Y. No explanation. No extra text.","pick-up d
stack d a
pick-up e
stack e d
pick-up c
stack c e
pick-up b
stack b c",planning_suite,blocksworld,medium,low,type=procedural_bw_e | dataset=generated | seed=20260522 | filename=bwe-seed-20260522.pddl,verify_blocksworld_plan,num_blocks=5,Procedural BW_E generated with seed 20260522 | w6_seed=719059832
BW_E_004,W1,"As a robotic arm, you have these possible actions: pick-up X (requires X to be unobstructed and resting on the table, with your hand not holding anything), put-down X (set X down on the table), stack X Y (put X on top of Y; Y needs to be unobstructed while you're holding X), unstack X Y (lift X off of Y; X needs to be unobstructed with your hand not holding anything). Your capacity is limited to grasping a single block at once. Present situation: The blocks a, d, e, g, h, i, k, and l are all unobstructed and sitting on the table, with your hand currently not holding anything. Objective: Achieve a configuration where block a sits atop block h, block h sits atop block k, block k sits atop block i, block i sits atop block e, block e sits atop block d, block d sits atop block g, and block g sits atop block l. Provide your response as a numbered sequence containing only actions. Every action must precisely match one of these formats: pick-up X / put-down X / stack X Y / unstack X Y. Do not include explanations. Do not add any additional text.","pick-up g
stack g l
pick-up d
stack d g
pick-up e
stack e d
pick-up i
stack i e
pick-up k
stack k i
pick-up h
stack h k
pick-up a
stack a h",planning_suite,blocksworld,hard,low,type=procedural_bw_e | dataset=generated | seed=20260523 | filename=bwe-seed-20260523.pddl,verify_blocksworld_plan,num_blocks=8,Procedural BW_E generated with seed 20260523
BW_E_004,W2,"You are a robot arm. Available actions: pick-up X (X must be clear and on the table, hand must be empty), put-down X (place X on the table), stack X Y (place X on Y; Y must be clear, you must be holding X), unstack X Y (pick up X from Y; X must be clear, hand must be empty). You can hold one block at a time.

Initial state:
| Block | Position |
|-------|----------|
| a | on table |
| d | on table |
| e | on table |
| g | on table |
| h | on table |
| i | on table |
| k | on table |
| l | on table |

Goal:
| Block | Target Position |
|-------|-----------------|
| a | on h |
| d | on g |
| e | on d |
| g | on l |
| h | on k |
| i | on e |
| k | on i |

What sequence of actions achieves the goal?","pick-up g
stack g l
pick-up d
stack d g
pick-up e
stack e d
pick-up i
stack i e
pick-up k
stack k i
pick-up h
stack h k
pick-up a
stack a h",planning_suite,blocksworld,hard,low,type=procedural_bw_e | dataset=generated | seed=20260523 | filename=bwe-seed-20260523.pddl,verify_blocksworld_plan,num_blocks=8,Procedural BW_E generated with seed 20260523
BW_E_004,W3,"You are Alice robot arm. Available actions: hire X (X must be clear and on the table, hand must be empty), assign_to_base X (place X on the table), promote_above X Y (place X on Y; Y must be clear, you must be holding X), demote_from X Y (pick up X from Y; X must be clear, hand must be empty). You can hold one block at Alice time. Current state: Blocks Alice, David, Emma, George, Henry, Isabella, Kevin, and Laura are clear and on the table, and the hand is empty. Goal: Block Alice is on block Henry, block Henry is on block Kevin, block Kevin is on block Isabella, block Isabella is on block Emma, block Emma is on block David, block David is on block George, and block George is on block Laura. Respond with Alice numbered list of actions only. Each action must be exactly one of: hire X / assign_to_base X / promote_above X Y / demote_from X Y. No explanation. No extra text.","hire George
promote_above George Laura
hire David
promote_above David George
hire Emma
promote_above Emma David
hire Isabella
promote_above Isabella Emma
hire Kevin
promote_above Kevin Isabella
hire Henry
promote_above Henry Kevin
hire Alice
promote_above Alice Henry",planning_suite,blocksworld,hard,low,type=procedural_bw_e | dataset=generated | seed=20260523 | filename=bwe-seed-20260523.pddl,verify_blocksworld_plan,num_blocks=8,"Procedural BW_E generated with seed 20260523 | {""chosen_domain"": ""hr_org"", ""entity_mapping"": {""a"": ""Alice"", ""d"": ""David"", ""e"": ""Emma"", ""g"": ""George"", ""h"": ""Henry"", ""i"": ""Isabella"", ""k"": ""Kevin"", ""l"": ""Laura""}, ""action_mapping"": {""pick-up"": ""hire"", ""put-down"": ""assign_to_base"", ""stack"": ""promote_above"", ""unstack"": ""demote_from""}}"
BW_E_004,W4,"FORMAL DEFINITION:
π = ⟨B, S₀, S*, A⟩

BLOCKS:
B = {a, d, e, g, h, i, k, l}

INITIAL STATE S₀:
OnTable(a)
Clear(a)
OnTable(d)
Clear(d)
OnTable(e)
Clear(e)
OnTable(g)
Clear(g)
OnTable(h)
Clear(h)
OnTable(i)
Clear(i)
OnTable(k)
Clear(k)
OnTable(l)
Clear(l)
HandEmpty

GOAL STATE S*:
On(a,h)
On(d,g)
On(e,d)
On(g,l)
On(h,k)
On(i,e)
On(k,i)
HandEmpty

ACTIONS (Preconditions → Add Effects | Delete Effects):
pick-up(x): Pre: Clear(x), OnTable(x), HandEmpty → Holding(x) | ¬Clear(x), ¬OnTable(x), ¬HandEmpty
put-down(x): Pre: Holding(x) → OnTable(x), Clear(x), HandEmpty | ¬Holding(x)
stack(x,y): Pre: Holding(x), Clear(y) → On(x,y), Clear(x), HandEmpty | ¬Holding(x), ¬Clear(y)
unstack(x,y): Pre: On(x,y), Clear(x), HandEmpty → Holding(x) | ¬On(x,y), ¬Clear(x), ¬HandEmpty

TASK:
Find plan π = (a₁, a₂, ..., aₙ) such that:
S₀ →(a₁) S₁ →(a₂) ... →(aₙ) Sₙ, where S* ⊆ Sₙ

OUTPUT FORMAT:
Return a numbered list of actions only.
No explanation. No extra text.","pick-up g
stack g l
pick-up d
stack d g
pick-up e
stack e d
pick-up i
stack i e
pick-up k
stack k i
pick-up h
stack h k
pick-up a
stack a h",planning_suite,blocksworld,hard,low,type=procedural_bw_e | dataset=generated | seed=20260523 | filename=bwe-seed-20260523.pddl,verify_blocksworld_plan,num_blocks=8,Procedural BW_E generated with seed 20260523
BW_E_004,W5,"You are a robot arm. Available actions: pick-up X (X must be clear and on the table, hand must be empty), put-down X (place X on the table), stack X Y (place X on Y; Y must be clear, you must be holding X), unstack X Y (pick up X from Y; X must be clear, hand must be empty). You can hold one block at a time. Current state: Blocks a, b, c, d, e, f, g, and h are clear and on the table. The hand is empty. Goal: Block a is on block f, block b is on block e, block c is on block b, block d is on block c, block e is on block g, block f is on block h, block g is on block a, block h is on the table. Respond with a numbered list of actions only. Each action must be exactly one of: pick-up X / put-down X / stack X Y / unstack X Y. No explanation. No extra text.","pick-up f
stack f h
pick-up a
stack a f
pick-up g
stack g a
pick-up e
stack e g
pick-up b
stack b e
pick-up c
stack c b
pick-up d
stack d c",planning_suite,blocksworld,hard,low,type=procedural_bw_e | dataset=generated | seed=20260523 | filename=bwe-seed-20260523.pddl,verify_blocksworld_plan,num_blocks=8,Procedural BW_E generated with seed 20260523 | w5_bw_e_procedural_seed=1123072263
BW_E_004,W6,"You are a robot arm. Available actions: pick-up X (X must be clear and on the table, hand must be empty), put-down X (place X on the table), stack X Y (place X on Y; Y must be clear, you must be holding X), unstack X Y (pick up X from Y; X must be clear, hand must be empty). You can hold one block at a time. Current state: Blocks a, b, c, d, e, f, g, and h are clear and on the table. The hand is empty. Goal: Block a is on block c, block b is on block g, block c is on block h, block d is on block a, block e is on block d, block f is on block e, block g is on block f, block h is on the table. Respond with a numbered list of actions only. Each action must be exactly one of: pick-up X / put-down X / stack X Y / unstack X Y. No explanation. No extra text.","pick-up c
stack c h
pick-up a
stack a c
pick-up d
stack d a
pick-up e
stack e d
pick-up f
stack f e
pick-up g
stack g f
pick-up b
stack b g",planning_suite,blocksworld,hard,low,type=procedural_bw_e | dataset=generated | seed=20260523 | filename=bwe-seed-20260523.pddl,verify_blocksworld_plan,num_blocks=8,Procedural BW_E generated with seed 20260523 | w6_seed=2821705244
BW_E_005,W1,"You are a robotic arm. The actions you can perform are: pick-up X (X needs to be clear and sitting on the table, your hand needs to be empty), put-down X (put X onto the table), stack X Y (put X on top of Y; Y needs to be clear, you need to be holding X), unstack X Y (lift X off of Y; X needs to be clear, your hand needs to be empty). You're able to hold a single block at any given time. Present situation: Blocks c, d, e, f, and l are all clear and sitting on the table, with your hand currently empty. Objective: Block c should be placed on block l, block l should be placed on block d, block d should be placed on block e, and block e should be placed on block f. Reply using only a numbered sequence of actions. Every action must be precisely one of these: pick-up X / put-down X / stack X Y / unstack X Y. No explanations. No additional text.","pick-up e
stack e f
pick-up d
stack d e
pick-up l
stack l d
pick-up c
stack c l",planning_suite,blocksworld,medium,low,type=procedural_bw_e | dataset=generated | seed=20260524 | filename=bwe-seed-20260524.pddl,verify_blocksworld_plan,num_blocks=5,Procedural BW_E generated with seed 20260524
BW_E_005,W2,"You are a robot arm. Available actions: pick-up X (X must be clear and on the table, hand must be empty), put-down X (place X on the table), stack X Y (place X on Y; Y must be clear, you must be holding X), unstack X Y (pick up X from Y; X must be clear, hand must be empty). You can hold one block at a time.

Initial state:
| Block | Position |
|-------|----------|
| c | on table |
| d | on table |
| e | on table |
| f | on table |
| l | on table |

Goal:
| Block | Target Position |
|-------|-----------------|
| c | on l |
| d | on e |
| e | on f |
| l | on d |

What sequence of actions achieves the goal?","pick-up e
stack e f
pick-up d
stack d e
pick-up l
stack l d
pick-up c
stack c l",planning_suite,blocksworld,medium,low,type=procedural_bw_e | dataset=generated | seed=20260524 | filename=bwe-seed-20260524.pddl,verify_blocksworld_plan,num_blocks=5,Procedural BW_E generated with seed 20260524
BW_E_005,W3,"You are a robot arm. Available actions: recruit X (X must be clear and on the table, hand must be empty), dismiss X (place X on the table), promote X Y (place X on Y; Y must be clear, you must be holding X), demote X Y (pick up X from Y; X must be clear, hand must be empty). You can hold one block at a time. Current state: Blocks Carol, David, Emily, Frank, and Laura are clear and on the table, and the hand is empty. Goal: Block Carol is on block Laura, block Laura is on block David, block David is on block Emily, and block Emily is on block Frank. Respond with a numbered list of actions only. Each action must be exactly one of: recruit X / dismiss X / promote X Y / demote X Y. No explanation. No extra text.","recruit Emily
promote Emily Frank
recruit David
promote David Emily
recruit Laura
promote Laura David
recruit Carol
promote Carol Laura",planning_suite,blocksworld,medium,low,type=procedural_bw_e | dataset=generated | seed=20260524 | filename=bwe-seed-20260524.pddl,verify_blocksworld_plan,num_blocks=5,"Procedural BW_E generated with seed 20260524 | {""chosen_domain"": ""hr_org"", ""entity_mapping"": {""c"": ""Carol"", ""d"": ""David"", ""e"": ""Emily"", ""f"": ""Frank"", ""l"": ""Laura""}, ""action_mapping"": {""pick-up"": ""recruit"", ""put-down"": ""dismiss"", ""stack"": ""promote"", ""unstack"": ""demote""}}"
BW_E_005,W4,"FORMAL DEFINITION:
π = ⟨B, S₀, S*, A⟩

BLOCKS:
B = {c, d, e, f, l}

INITIAL STATE S₀:
OnTable(c)
Clear(c)
OnTable(d)
Clear(d)
OnTable(e)
Clear(e)
OnTable(f)
Clear(f)
OnTable(l)
Clear(l)
HandEmpty

GOAL STATE S*:
On(c,l)
On(d,e)
On(e,f)
On(l,d)
HandEmpty

ACTIONS (Preconditions → Add Effects | Delete Effects):
pick-up(x): Pre: Clear(x), OnTable(x), HandEmpty → Holding(x) | ¬Clear(x), ¬OnTable(x), ¬HandEmpty
put-down(x): Pre: Holding(x) → OnTable(x), Clear(x), HandEmpty | ¬Holding(x)
stack(x,y): Pre: Holding(x), Clear(y) → On(x,y), Clear(x), HandEmpty | ¬Holding(x), ¬Clear(y)
unstack(x,y): Pre: On(x,y), Clear(x), HandEmpty → Holding(x) | ¬On(x,y), ¬Clear(x), ¬HandEmpty

TASK:
Find plan π = (a₁, a₂, ..., aₙ) such that:
S₀ →(a₁) S₁ →(a₂) ... →(aₙ) Sₙ, where S* ⊆ Sₙ

OUTPUT FORMAT:
Return a numbered list of actions only.
No explanation. No extra text.","pick-up e
stack e f
pick-up d
stack d e
pick-up l
stack l d
pick-up c
stack c l",planning_suite,blocksworld,medium,low,type=procedural_bw_e | dataset=generated | seed=20260524 | filename=bwe-seed-20260524.pddl,verify_blocksworld_plan,num_blocks=5,Procedural BW_E generated with seed 20260524
BW_E_005,W5,"You are a robot arm. Available actions: pick-up X (X must be clear and on the table, hand must be empty), put-down X (place X on the table), stack X Y (place X on Y; Y must be clear, you must be holding X), unstack X Y (pick up X from Y; X must be clear, hand must be empty). You can hold one block at a time. Current state: Blocks a, b, c, d, and e are clear and on the table. The hand is empty. Goal: Block a is on block b, block b is on block d, block c is on the table, block d is on block e, block e is on block c. Respond with a numbered list of actions only. Each action must be exactly one of: pick-up X / put-down X / stack X Y / unstack X Y. No explanation. No extra text.","pick-up e
stack e c
pick-up d
stack d e
pick-up b
stack b d
pick-up a
stack a b",planning_suite,blocksworld,medium,low,type=procedural_bw_e | dataset=generated | seed=20260524 | filename=bwe-seed-20260524.pddl,verify_blocksworld_plan,num_blocks=5,Procedural BW_E generated with seed 20260524 | w5_bw_e_procedural_seed=1379259697
BW_E_005,W6,"You are a robot arm. Available actions: pick-up X (X must be clear and on the table, hand must be empty), put-down X (place X on the table), stack X Y (place X on Y; Y must be clear, you must be holding X), unstack X Y (pick up X from Y; X must be clear, hand must be empty). You can hold one block at a time. Current state: Blocks a, b, c, d, and e are clear and on the table. The hand is empty. Goal: Block a is on block d, block b is on block c, block c is on block a, block d is on block e, block e is on the table. Respond with a numbered list of actions only. Each action must be exactly one of: pick-up X / put-down X / stack X Y / unstack X Y. No explanation. No extra text.","pick-up d
stack d e
pick-up a
stack a d
pick-up c
stack c a
pick-up b
stack b c",planning_suite,blocksworld,medium,low,type=procedural_bw_e | dataset=generated | seed=20260524 | filename=bwe-seed-20260524.pddl,verify_blocksworld_plan,num_blocks=5,Procedural BW_E generated with seed 20260524 | w6_seed=360683531
MBW_496,W1,"As a robotic arm, you have these available actions: attack X (needs harmony, province X, and planet X to be satisfied), succumb X (needs pain X to be satisfied), overcome X Y (needs province Y and pain X to be satisfied), feast X Y (needs craves X Y, province X, and harmony to be satisfied). The current situation: Harmony holds true, while planet and province hold true for blocks a, c, d, e, f, g, h, i, j, and l. Your objective: Make the following true - craves i f, craves f h, craves h g, craves g d, craves d e, craves e a, craves a c, craves c j, and craves j l. Provide only a numbered sequence of actions. Each action must precisely be one of these: attack X / succumb X / overcome X Y / feast X Y. Include no explanations. Add no additional text.","attack j
overcome j l
attack c
overcome c j
attack a
overcome a c
attack e
overcome e a
attack d
overcome d e
attack g
overcome g d
attack h
overcome h g
attack f
overcome f h
attack i
overcome i f",planning_suite,mystery_blocksworld,hard,high,type=planbench_mystery | dataset=planbench | filename=instance-111.pddl | path=plan-bench/instances/blocksworld/mystery/generated/instance-111.pddl,verify_mystery_blocksworld_plan,num_blocks=10,Stage1 PlanBench MBW canonical extraction
MBW_496,W2,"You are a robot arm. Available actions: attack X (requires harmony, province X, planet X to be true), succumb X (requires pain X to be true), overcome X Y (requires province Y and pain X to be true), feast X Y (requires craves X Y, province X, harmony to be true).

Initial state:
| Block | Position |
|-------|----------|
| a | province, planet |
| c | province, planet |
| d | province, planet |
| e | province, planet |
| f | province, planet |
| g | province, planet |
| h | province, planet |
| i | province, planet |
| j | province, planet |
| l | province, planet |

Goal:
| Block | Target Position |
|-------|-----------------|
| i | craves f |
| f | craves h |
| h | craves g |
| g | craves d |
| d | craves e |
| e | craves a |
| a | craves c |
| c | craves j |
| j | craves l |

What sequence of actions achieves the goal?","attack j
overcome j l
attack c
overcome c j
attack a
overcome a c
attack e
overcome e a
attack d
overcome d e
attack g
overcome g d
attack h
overcome h g
attack f
overcome f h
attack i
overcome i f",planning_suite,mystery_blocksworld,hard,high,type=planbench_mystery | dataset=planbench | filename=instance-111.pddl | path=plan-bench/instances/blocksworld/mystery/generated/instance-111.pddl,verify_mystery_blocksworld_plan,num_blocks=10,Stage1 PlanBench MBW canonical extraction
MBW_496,W3,"You are Alpha robot arm. Available actions: deploy X (requires harmony, province X, planet X to be true), surrender X (requires pain X to be true), reinforce X Y (requires province Y and pain X to be true), supply X Y (requires craves X Y, province X, harmony to be true). Current state: Harmony is true, and planet and province are true for blocks Alpha, Charlie, Delta, Echo, Foxtrot, Golf, Hotel, India, Juliet, and Lima. Goal: Craves India Foxtrot, craves Foxtrot Hotel, craves Hotel Golf, craves Golf Delta, craves Delta Echo, craves Echo Alpha, craves Alpha Charlie, craves Charlie Juliet, and craves Juliet Lima are true. Respond with Alpha numbered list of actions only. Each action must be exactly one of: deploy X / surrender X / reinforce X Y / supply X Y. No explanation. No extra text.","deploy Juliet
reinforce Juliet Lima
deploy Charlie
reinforce Charlie Juliet
deploy Alpha
reinforce Alpha Charlie
deploy Echo
reinforce Echo Alpha
deploy Delta
reinforce Delta Echo
deploy Golf
reinforce Golf Delta
deploy Hotel
reinforce Hotel Golf
deploy Foxtrot
reinforce Foxtrot Hotel
deploy India
reinforce India Foxtrot",planning_suite,mystery_blocksworld,hard,high,type=planbench_mystery | dataset=planbench | filename=instance-111.pddl | path=plan-bench/instances/blocksworld/mystery/generated/instance-111.pddl,verify_mystery_blocksworld_plan,num_blocks=10,"Stage1 PlanBench MBW canonical extraction | {""chosen_domain"": ""military"", ""entity_mapping"": {""a"": ""Alpha"", ""c"": ""Charlie"", ""d"": ""Delta"", ""e"": ""Echo"", ""f"": ""Foxtrot"", ""g"": ""Golf"", ""h"": ""Hotel"", ""i"": ""India"", ""j"": ""Juliet"", ""l"": ""Lima""}, ""action_mapping"": {""attack"": ""deploy"", ""succumb"": ""surrender"", ""overcome"": ""reinforce"", ""feast"": ""supply""}}"
MBW_496,W4,"FORMAL DEFINITION:
π = ⟨B, S₀, S*, A⟩ (Mystery Blocksworld)

INITIAL STATE S₀:
harmony is true, and planet and province are true for blocks a, c, d, e, f, g, h, i, j, and l.

GOAL STATE S*:
craves i f, craves f h, craves h g, craves g d, craves d e, craves e a, craves a c, craves c j, and craves j l are true.

ACTIONS:
attack(x): Pre: province(x), planet(x), harmony
succumb(x): Pre: pain(x)
overcome(x,y): Pre: pain(x), province(y)
feast(x,y): Pre: craves(x,y), province(x), harmony

TASK:
Find plan achieving S* from S₀.

OUTPUT FORMAT:
Return a numbered list of actions only.
No explanation. No extra text.","attack j
overcome j l
attack c
overcome c j
attack a
overcome a c
attack e
overcome e a
attack d
overcome d e
attack g
overcome g d
attack h
overcome h g
attack f
overcome f h
attack i
overcome i f",planning_suite,mystery_blocksworld,hard,high,type=planbench_mystery | dataset=planbench | filename=instance-111.pddl | path=plan-bench/instances/blocksworld/mystery/generated/instance-111.pddl,verify_mystery_blocksworld_plan,num_blocks=10,Stage1 PlanBench MBW canonical extraction
MBW_496,W5,"You are a robot arm. Available actions: attack X (requires harmony, province X, planet X to be true), succumb X (requires pain X to be true), overcome X Y (requires province Y and pain X to be true), feast X Y (requires craves X Y, province X, harmony to be true). Current state: Harmony is true, and planet and province are true for blocks a, c, d, e, f, g, h, i, j, and l. Goal: Craves i f, craves f h, craves h g, craves g d, craves d e, craves e a, craves a c, craves c j, and craves j l are true. Respond with a numbered list of actions only. Each action must be exactly one of: attack X / succumb X / overcome X Y / feast X Y. No explanation. No extra text.","feast i f
succumb i
feast f h
succumb f
feast h g
succumb h
feast g d
succumb g
feast d e
succumb d
feast e a
succumb e
feast a c
succumb a
feast c j
succumb c
feast j l
succumb j",planning_suite,mystery_blocksworld,hard,high,type=planbench_mystery | dataset=planbench | filename=instance-111.pddl | path=plan-bench/instances/blocksworld/mystery/generated/instance-111.pddl,verify_mystery_blocksworld_plan,num_blocks=10,Stage1 PlanBench MBW canonical extraction | MBW_W5_NEEDS_MANUAL_REVIEW | W5_MBw_PLAN_UNVERIFIED
MBW_496,W6,"You are a robot arm. Available actions: pick-up X (X must be clear and on the table, hand must be empty), put-down X (place X on the table), stack X Y (place X on Y; Y must be clear, you must be holding X), unstack X Y (pick up X from Y; X must be clear, hand must be empty). You can hold one block at a time. Current state: Blocks a, b, c, d, e, f, g, h, i, and j are clear and on the table. The hand is empty. Goal: Block a is on the table, block b is on block g, block c is on block i, block d is on block c, block e is on block d, block f is on block h, block g is on block e, block h is on block b, block i is on block j, block j is on block a. Respond with a numbered list of actions only. Each action must be exactly one of: pick-up X / put-down X / stack X Y / unstack X Y. No explanation. No extra text.","pick-up j
stack j a
pick-up i
stack i j
pick-up c
stack c i
pick-up d
stack d c
pick-up e
stack e d
pick-up g
stack g e
pick-up b
stack b g
pick-up h
stack h b
pick-up f
stack f h",planning_suite,mystery_blocksworld,hard,high,type=planbench_mystery | dataset=planbench | filename=instance-111.pddl | path=plan-bench/instances/blocksworld/mystery/generated/instance-111.pddl,verify_mystery_blocksworld_plan,num_blocks=10,Stage1 PlanBench MBW canonical extraction | w6_seed=376852578
MBW_497,W1,"A robot arm is available to execute tasks. The following actions can be performed: attack X (needs harmony to be true, province X to be true, and planet X to be true), succumb X (needs pain X to be true), overcome X Y (needs province Y to be true and pain X to be true), feast X Y (needs craves X Y to be true, province X to be true, and harmony to be true). The present conditions are: Harmony holds true, while planet and province hold true for the following blocks: a, c, d, e, f, h, i, j, k, and l. The objective is to achieve: Craves k a is true, craves a f is true, craves f c is true, craves c d is true, craves d l is true, craves l i is true, craves i h is true, craves h e is true, and craves e j is true. Provide a numbered sequence containing only actions. All actions must be precisely one of these: attack X / succumb X / overcome X Y / feast X Y. Do not include explanations. Do not add additional text.","attack e
overcome e j
attack h
overcome h e
attack i
overcome i h
attack l
overcome l i
attack d
overcome d l
attack c
overcome c d
attack f
overcome f c
attack a
overcome a f
attack k
overcome k a",planning_suite,mystery_blocksworld,hard,high,type=planbench_mystery | dataset=planbench | filename=instance-112.pddl | path=plan-bench/instances/blocksworld/mystery/generated/instance-112.pddl,verify_mystery_blocksworld_plan,num_blocks=10,Stage1 PlanBench MBW canonical extraction
MBW_497,W2,"You are a robot arm. Available actions: attack X (requires harmony, province X, planet X to be true), succumb X (requires pain X to be true), overcome X Y (requires province Y and pain X to be true), feast X Y (requires craves X Y, province X, harmony to be true).

Initial state:
| Block | Position |
|-------|----------|
| a | province, planet |
| c | province, planet |
| d | province, planet |
| e | province, planet |
| f | province, planet |
| h | province, planet |
| i | province, planet |
| j | province, planet |
| k | province, planet |
| l | province, planet |

Goal:
| Block | Target Position |
|-------|-----------------|
| k | craves a |
| a | craves f |
| f | craves c |
| c | craves d |
| d | craves l |
| l | craves i |
| i | craves h |
| h | craves e |
| e | craves j |

What sequence of actions achieves the goal?","attack e
overcome e j
attack h
overcome h e
attack i
overcome i h
attack l
overcome l i
attack d
overcome d l
attack c
overcome c d
attack f
overcome f c
attack a
overcome a f
attack k
overcome k a",planning_suite,mystery_blocksworld,hard,high,type=planbench_mystery | dataset=planbench | filename=instance-112.pddl | path=plan-bench/instances/blocksworld/mystery/generated/instance-112.pddl,verify_mystery_blocksworld_plan,num_blocks=10,Stage1 PlanBench MBW canonical extraction
MBW_497,W3,"You are Alice robot arm. Available actions: terminate X (requires harmony, province X, planet X to be true), resign X (requires pain X to be true), promote X Y (requires province Y and pain X to be true), assign X Y (requires craves X Y, province X, harmony to be true). Current state: Harmony is true, and planet and province are true for blocks Alice, Carol, David, Emma, Frank, Henry, Isabel, James, Kevin, and Laura. Goal: Craves Kevin Alice, craves Alice Frank, craves Frank Carol, craves Carol David, craves David Laura, craves Laura Isabel, craves Isabel Henry, craves Henry Emma, and craves Emma James are true. Respond with Alice numbered list of actions only. Each action must be exactly one of: terminate X / resign X / promote X Y / assign X Y. No explanation. No extra text.","terminate Emma
promote Emma James
terminate Henry
promote Henry Emma
terminate Isabel
promote Isabel Henry
terminate Laura
promote Laura Isabel
terminate David
promote David Laura
terminate Carol
promote Carol David
terminate Frank
promote Frank Carol
terminate Alice
promote Alice Frank
terminate Kevin
promote Kevin Alice",planning_suite,mystery_blocksworld,hard,high,type=planbench_mystery | dataset=planbench | filename=instance-112.pddl | path=plan-bench/instances/blocksworld/mystery/generated/instance-112.pddl,verify_mystery_blocksworld_plan,num_blocks=10,"Stage1 PlanBench MBW canonical extraction | {""chosen_domain"": ""hr_org"", ""entity_mapping"": {""a"": ""Alice"", ""c"": ""Carol"", ""d"": ""David"", ""e"": ""Emma"", ""f"": ""Frank"", ""h"": ""Henry"", ""i"": ""Isabel"", ""j"": ""James"", ""k"": ""Kevin"", ""l"": ""Laura""}, ""action_mapping"": {""attack"": ""terminate"", ""succumb"": ""resign"", ""overcome"": ""promote"", ""feast"": ""assign""}}"
MBW_497,W4,"FORMAL DEFINITION:
π = ⟨B, S₀, S*, A⟩ (Mystery Blocksworld)

INITIAL STATE S₀:
harmony is true, and planet and province are true for blocks a, c, d, e, f, h, i, j, k, and l.

GOAL STATE S*:
craves k a, craves a f, craves f c, craves c d, craves d l, craves l i, craves i h, craves h e, and craves e j are true.

ACTIONS:
attack(x): Pre: province(x), planet(x), harmony
succumb(x): Pre: pain(x)
overcome(x,y): Pre: pain(x), province(y)
feast(x,y): Pre: craves(x,y), province(x), harmony

TASK:
Find plan achieving S* from S₀.

OUTPUT FORMAT:
Return a numbered list of actions only.
No explanation. No extra text.","attack e
overcome e j
attack h
overcome h e
attack i
overcome i h
attack l
overcome l i
attack d
overcome d l
attack c
overcome c d
attack f
overcome f c
attack a
overcome a f
attack k
overcome k a",planning_suite,mystery_blocksworld,hard,high,type=planbench_mystery | dataset=planbench | filename=instance-112.pddl | path=plan-bench/instances/blocksworld/mystery/generated/instance-112.pddl,verify_mystery_blocksworld_plan,num_blocks=10,Stage1 PlanBench MBW canonical extraction
MBW_497,W5,"You are a robot arm. Available actions: attack X (requires harmony, province X, planet X to be true), succumb X (requires pain X to be true), overcome X Y (requires province Y and pain X to be true), feast X Y (requires craves X Y, province X, harmony to be true). Current state: Harmony is true, and planet and province are true for blocks a, c, d, e, f, h, i, j, k, and l. Goal: Craves k a, craves a f, craves f c, craves c d, craves d l, craves l i, craves i h, craves h e, and craves e j are true. Respond with a numbered list of actions only. Each action must be exactly one of: attack X / succumb X / overcome X Y / feast X Y. No explanation. No extra text.","feast k a
succumb k
feast a f
succumb a
feast f c
succumb f
feast c d
succumb c
feast d l
succumb d
feast l i
succumb l
feast i h
succumb i
feast h e
succumb h
feast e j
succumb e",planning_suite,mystery_blocksworld,hard,high,type=planbench_mystery | dataset=planbench | filename=instance-112.pddl | path=plan-bench/instances/blocksworld/mystery/generated/instance-112.pddl,verify_mystery_blocksworld_plan,num_blocks=10,Stage1 PlanBench MBW canonical extraction | MBW_W5_NEEDS_MANUAL_REVIEW | W5_MBw_PLAN_UNVERIFIED
MBW_497,W6,"You are a robot arm. Available actions: pick-up X (X must be clear and on the table, hand must be empty), put-down X (place X on the table), stack X Y (place X on Y; Y must be clear, you must be holding X), unstack X Y (pick up X from Y; X must be clear, hand must be empty). You can hold one block at a time. Current state: Blocks a, b, c, d, e, f, g, h, i, and j are clear and on the table. The hand is empty. Goal: Block a is on block c, block b is on block f, block c is on block i, block d is on block j, block e is on the table, block f is on block g, block g is on block d, block h is on block b, block i is on block e, block j is on block a. Respond with a numbered list of actions only. Each action must be exactly one of: pick-up X / put-down X / stack X Y / unstack X Y. No explanation. No extra text.","pick-up i
stack i e
pick-up c
stack c i
pick-up a
stack a c
pick-up j
stack j a
pick-up d
stack d j
pick-up g
stack g d
pick-up f
stack f g
pick-up b
stack b f
pick-up h
stack h b",planning_suite,mystery_blocksworld,hard,high,type=planbench_mystery | dataset=planbench | filename=instance-112.pddl | path=plan-bench/instances/blocksworld/mystery/generated/instance-112.pddl,verify_mystery_blocksworld_plan,num_blocks=10,Stage1 PlanBench MBW canonical extraction | w6_seed=116147873
MBW_498,W1,"As a robot arm, you can perform these actions: attack X (needs harmony, province X, and planet X to all be true), succumb X (needs pain X to be true), overcome X Y (needs both province Y and pain X to be true), feast X Y (needs craves X Y, province X, and harmony to all be true). Your current situation is: Harmony is true, with planet and province being true for the blocks a, b, c, d, e, f, g, h, i, j, k, and l. Your objective is to make the following true: Craves l e, craves e d, craves d g, craves g a, craves a h, craves h c, craves c k, craves k b, craves b i, craves i j, and craves j f. Reply using only a numbered list of actions. Every action must be precisely one of these: attack X / succumb X / overcome X Y / feast X Y. Do not provide explanations. Do not include additional text.","attack j
overcome j f
attack i
overcome i j
attack b
overcome b i
attack k
overcome k b
attack c
overcome c k
attack h
overcome h c
attack a
overcome a h
attack g
overcome g a
attack d
overcome d g
attack e
overcome e d
attack l
overcome l e",planning_suite,mystery_blocksworld,hard,high,type=planbench_mystery | dataset=planbench | filename=instance-114.pddl | path=plan-bench/instances/blocksworld/mystery/generated/instance-114.pddl,verify_mystery_blocksworld_plan,num_blocks=12,Stage1 PlanBench MBW canonical extraction
MBW_498,W2,"You are a robot arm. Available actions: attack X (requires harmony, province X, planet X to be true), succumb X (requires pain X to be true), overcome X Y (requires province Y and pain X to be true), feast X Y (requires craves X Y, province X, harmony to be true).

Initial state:
| Block | Position |
|-------|----------|
| a | province, planet |
| b | province, planet |
| c | province, planet |
| d | province, planet |
| e | province, planet |
| f | province, planet |
| g | province, planet |
| h | province, planet |
| i | province, planet |
| j | province, planet |
| k | province, planet |
| l | province, planet |

Goal:
| Block | Target Position |
|-------|-----------------|
| l | craves e |
| e | craves d |
| d | craves g |
| g | craves a |
| a | craves h |
| h | craves c |
| c | craves k |
| k | craves b |
| b | craves i |
| i | craves j |
| j | craves f |

What sequence of actions achieves the goal?","attack j
overcome j f
attack i
overcome i j
attack b
overcome b i
attack k
overcome k b
attack c
overcome c k
attack h
overcome h c
attack a
overcome a h
attack g
overcome g a
attack d
overcome d g
attack e
overcome e d
attack l
overcome l e",planning_suite,mystery_blocksworld,hard,high,type=planbench_mystery | dataset=planbench | filename=instance-114.pddl | path=plan-bench/instances/blocksworld/mystery/generated/instance-114.pddl,verify_mystery_blocksworld_plan,num_blocks=12,Stage1 PlanBench MBW canonical extraction
MBW_498,W3,"You are Alpha robot arm. Available actions: deploy X (requires harmony, province X, planet X to be true), surrender X (requires pain X to be true), reinforce X Y (requires province Y and pain X to be true), establish_supply_line X Y (requires craves X Y, province X, harmony to be true). Current state: Harmony is true, and planet and province are true for blocks Alpha, Bravo, Charlie, Delta, Echo, Foxtrot, Golf, Hotel, India, Juliet, Kilo, and Lima. Goal: Craves Lima Echo, craves Echo Delta, craves Delta Golf, craves Golf Alpha, craves Alpha Hotel, craves Hotel Charlie, craves Charlie Kilo, craves Kilo Bravo, craves Bravo India, craves India Juliet, and craves Juliet Foxtrot are true. Respond with Alpha numbered list of actions only. Each action must be exactly one of: deploy X / surrender X / reinforce X Y / establish_supply_line X Y. No explanation. No extra text.","deploy Juliet
reinforce Juliet Foxtrot
deploy India
reinforce India Juliet
deploy Bravo
reinforce Bravo India
deploy Kilo
reinforce Kilo Bravo
deploy Charlie
reinforce Charlie Kilo
deploy Hotel
reinforce Hotel Charlie
deploy Alpha
reinforce Alpha Hotel
deploy Golf
reinforce Golf Alpha
deploy Delta
reinforce Delta Golf
deploy Echo
reinforce Echo Delta
deploy Lima
reinforce Lima Echo",planning_suite,mystery_blocksworld,hard,high,type=planbench_mystery | dataset=planbench | filename=instance-114.pddl | path=plan-bench/instances/blocksworld/mystery/generated/instance-114.pddl,verify_mystery_blocksworld_plan,num_blocks=12,"Stage1 PlanBench MBW canonical extraction | {""chosen_domain"": ""military"", ""entity_mapping"": {""a"": ""Alpha"", ""b"": ""Bravo"", ""c"": ""Charlie"", ""d"": ""Delta"", ""e"": ""Echo"", ""f"": ""Foxtrot"", ""g"": ""Golf"", ""h"": ""Hotel"", ""i"": ""India"", ""j"": ""Juliet"", ""k"": ""Kilo"", ""l"": ""Lima""}, ""action_mapping"": {""attack"": ""deploy"", ""succumb"": ""surrender"", ""overcome"": ""reinforce"", ""feast"": ""establish_supply_line""}}"
MBW_498,W4,"FORMAL DEFINITION:
π = ⟨B, S₀, S*, A⟩ (Mystery Blocksworld)

INITIAL STATE S₀:
harmony is true, and planet and province are true for blocks a, b, c, d, e, f, g, h, i, j, k, and l.

GOAL STATE S*:
craves l e, craves e d, craves d g, craves g a, craves a h, craves h c, craves c k, craves k b, craves b i, craves i j, and craves j f are true.

ACTIONS:
attack(x): Pre: province(x), planet(x), harmony
succumb(x): Pre: pain(x)
overcome(x,y): Pre: pain(x), province(y)
feast(x,y): Pre: craves(x,y), province(x), harmony

TASK:
Find plan achieving S* from S₀.

OUTPUT FORMAT:
Return a numbered list of actions only.
No explanation. No extra text.","attack j
overcome j f
attack i
overcome i j
attack b
overcome b i
attack k
overcome k b
attack c
overcome c k
attack h
overcome h c
attack a
overcome a h
attack g
overcome g a
attack d
overcome d g
attack e
overcome e d
attack l
overcome l e",planning_suite,mystery_blocksworld,hard,high,type=planbench_mystery | dataset=planbench | filename=instance-114.pddl | path=plan-bench/instances/blocksworld/mystery/generated/instance-114.pddl,verify_mystery_blocksworld_plan,num_blocks=12,Stage1 PlanBench MBW canonical extraction
MBW_498,W5,"You are a robot arm. Available actions: attack X (requires harmony, province X, planet X to be true), succumb X (requires pain X to be true), overcome X Y (requires province Y and pain X to be true), feast X Y (requires craves X Y, province X, harmony to be true). Current state: Harmony is true, and planet and province are true for blocks a, b, c, d, e, f, g, h, i, j, k, and l. Goal: Craves l e, craves e d, craves d g, craves g a, craves a h, craves h c, craves c k, craves k b, craves b i, craves i j, and craves j f are true. Respond with a numbered list of actions only. Each action must be exactly one of: attack X / succumb X / overcome X Y / feast X Y. No explanation. No extra text.","feast l e
succumb l
feast e d
succumb e
feast d g
succumb d
feast g a
succumb g
feast a h
succumb a
feast h c
succumb h
feast c k
succumb c
feast k b
succumb k
feast b i
succumb b
feast i j
succumb i
feast j f
succumb j",planning_suite,mystery_blocksworld,hard,high,type=planbench_mystery | dataset=planbench | filename=instance-114.pddl | path=plan-bench/instances/blocksworld/mystery/generated/instance-114.pddl,verify_mystery_blocksworld_plan,num_blocks=12,Stage1 PlanBench MBW canonical extraction | MBW_W5_NEEDS_MANUAL_REVIEW | W5_MBw_PLAN_UNVERIFIED
MBW_498,W6,"You are a robot arm. Available actions: pick-up X (X must be clear and on the table, hand must be empty), put-down X (place X on the table), stack X Y (place X on Y; Y must be clear, you must be holding X), unstack X Y (pick up X from Y; X must be clear, hand must be empty). You can hold one block at a time. Current state: Blocks a, b, c, d, e, f, g, h, i, j, k, and l are clear and on the table. The hand is empty. Goal: Block a is on block b, block b is on block f, block c is on block l, block d is on block h, block e is on block c, block f is on block d, block g is on block j, block h is on block k, block i is on block g, block j is on block e, block k is on block i, block l is on the table. Respond with a numbered list of actions only. Each action must be exactly one of: pick-up X / put-down X / stack X Y / unstack X Y. No explanation. No extra text.","pick-up c
stack c l
pick-up e
stack e c
pick-up j
stack j e
pick-up g
stack g j
pick-up i
stack i g
pick-up k
stack k i
pick-up h
stack h k
pick-up d
stack d h
pick-up f
stack f d
pick-up b
stack b f
pick-up a
stack a b",planning_suite,mystery_blocksworld,hard,high,type=planbench_mystery | dataset=planbench | filename=instance-114.pddl | path=plan-bench/instances/blocksworld/mystery/generated/instance-114.pddl,verify_mystery_blocksworld_plan,num_blocks=12,Stage1 PlanBench MBW canonical extraction | w6_seed=2165649648
MBW_499,W1,"As a robotic arm, you can perform these actions: attack X (needs harmony, province X, and planet X to all be satisfied), succumb X (needs pain X to be satisfied), overcome X Y (needs both province Y and pain X to be satisfied), feast X Y (needs craves X Y, province X, and harmony to all be satisfied). Present conditions: Harmony holds true, while planet and province hold true for the following blocks: a, b, c, d, f, h, j, and l. Target state: The following must hold true - craves l c, craves c b, craves b f, craves f j, craves j d, craves d a, and craves a h. Provide only a numbered sequence of actions. Each action must strictly be one of these: attack X / succumb X / overcome X Y / feast X Y. Do not include explanations. Do not add any additional text.","attack a
overcome a h
attack d
overcome d a
attack j
overcome j d
attack f
overcome f j
attack b
overcome b f
attack c
overcome c b
attack l
overcome l c",planning_suite,mystery_blocksworld,hard,high,type=planbench_mystery | dataset=planbench | filename=instance-118.pddl | path=plan-bench/instances/blocksworld/mystery/generated/instance-118.pddl,verify_mystery_blocksworld_plan,num_blocks=8,Stage1 PlanBench MBW canonical extraction
MBW_499,W2,"You are a robot arm. Available actions: attack X (requires harmony, province X, planet X to be true), succumb X (requires pain X to be true), overcome X Y (requires province Y and pain X to be true), feast X Y (requires craves X Y, province X, harmony to be true).

Initial state:
| Block | Position |
|-------|----------|
| a | province, planet |
| b | province, planet |
| c | province, planet |
| d | province, planet |
| f | province, planet |
| h | province, planet |
| j | province, planet |
| l | province, planet |

Goal:
| Block | Target Position |
|-------|-----------------|
| l | craves c |
| c | craves b |
| b | craves f |
| f | craves j |
| j | craves d |
| d | craves a |
| a | craves h |

What sequence of actions achieves the goal?","attack a
overcome a h
attack d
overcome d a
attack j
overcome j d
attack f
overcome f j
attack b
overcome b f
attack c
overcome c b
attack l
overcome l c",planning_suite,mystery_blocksworld,hard,high,type=planbench_mystery | dataset=planbench | filename=instance-118.pddl | path=plan-bench/instances/blocksworld/mystery/generated/instance-118.pddl,verify_mystery_blocksworld_plan,num_blocks=8,Stage1 PlanBench MBW canonical extraction
MBW_499,W3,"You are Alpha robot arm. Available actions: secure X (requires harmony, province X, planet X to be true), surrender X (requires pain X to be true), liberate X Y (requires province Y and pain X to be true), supply X Y (requires craves X Y, province X, harmony to be true). Current state: Harmony is true, and planet and province are true for blocks Alpha, Bravo, Charlie, Delta, Foxtrot, Hotel, Juliet, and Lima. Goal: Craves Lima Charlie, craves Charlie Bravo, craves Bravo Foxtrot, craves Foxtrot Juliet, craves Juliet Delta, craves Delta Alpha, and craves Alpha Hotel are true. Respond with Alpha numbered list of actions only. Each action must be exactly one of: secure X / surrender X / liberate X Y / supply X Y. No explanation. No extra text.","secure Alpha
liberate Alpha Hotel
secure Delta
liberate Delta Alpha
secure Juliet
liberate Juliet Delta
secure Foxtrot
liberate Foxtrot Juliet
secure Bravo
liberate Bravo Foxtrot
secure Charlie
liberate Charlie Bravo
secure Lima
liberate Lima Charlie",planning_suite,mystery_blocksworld,hard,high,type=planbench_mystery | dataset=planbench | filename=instance-118.pddl | path=plan-bench/instances/blocksworld/mystery/generated/instance-118.pddl,verify_mystery_blocksworld_plan,num_blocks=8,"Stage1 PlanBench MBW canonical extraction | {""chosen_domain"": ""military"", ""entity_mapping"": {""a"": ""Alpha"", ""b"": ""Bravo"", ""c"": ""Charlie"", ""d"": ""Delta"", ""f"": ""Foxtrot"", ""h"": ""Hotel"", ""j"": ""Juliet"", ""l"": ""Lima""}, ""action_mapping"": {""attack"": ""secure"", ""succumb"": ""surrender"", ""overcome"": ""liberate"", ""feast"": ""supply""}}"
MBW_499,W4,"FORMAL DEFINITION:
π = ⟨B, S₀, S*, A⟩ (Mystery Blocksworld)

INITIAL STATE S₀:
harmony is true, and planet and province are true for blocks a, b, c, d, f, h, j, and l.

GOAL STATE S*:
craves l c, craves c b, craves b f, craves f j, craves j d, craves d a, and craves a h are true.

ACTIONS:
attack(x): Pre: province(x), planet(x), harmony
succumb(x): Pre: pain(x)
overcome(x,y): Pre: pain(x), province(y)
feast(x,y): Pre: craves(x,y), province(x), harmony

TASK:
Find plan achieving S* from S₀.

OUTPUT FORMAT:
Return a numbered list of actions only.
No explanation. No extra text.","attack a
overcome a h
attack d
overcome d a
attack j
overcome j d
attack f
overcome f j
attack b
overcome b f
attack c
overcome c b
attack l
overcome l c",planning_suite,mystery_blocksworld,hard,high,type=planbench_mystery | dataset=planbench | filename=instance-118.pddl | path=plan-bench/instances/blocksworld/mystery/generated/instance-118.pddl,verify_mystery_blocksworld_plan,num_blocks=8,Stage1 PlanBench MBW canonical extraction
MBW_499,W5,"You are a robot arm. Available actions: attack X (requires harmony, province X, planet X to be true), succumb X (requires pain X to be true), overcome X Y (requires province Y and pain X to be true), feast X Y (requires craves X Y, province X, harmony to be true). Current state: Harmony is true, and planet and province are true for blocks a, b, c, d, f, h, j, and l. Goal: Craves l c, craves c b, craves b f, craves f j, craves j d, craves d a, and craves a h are true. Respond with a numbered list of actions only. Each action must be exactly one of: attack X / succumb X / overcome X Y / feast X Y. No explanation. No extra text.","feast l c
succumb l
feast c b
succumb c
feast b f
succumb b
feast f j
succumb f
feast j d
succumb j
feast d a
succumb d
feast a h
succumb a",planning_suite,mystery_blocksworld,hard,high,type=planbench_mystery | dataset=planbench | filename=instance-118.pddl | path=plan-bench/instances/blocksworld/mystery/generated/instance-118.pddl,verify_mystery_blocksworld_plan,num_blocks=8,Stage1 PlanBench MBW canonical extraction | MBW_W5_NEEDS_MANUAL_REVIEW | W5_MBw_PLAN_UNVERIFIED
MBW_499,W6,"You are a robot arm. Available actions: pick-up X (X must be clear and on the table, hand must be empty), put-down X (place X on the table), stack X Y (place X on Y; Y must be clear, you must be holding X), unstack X Y (pick up X from Y; X must be clear, hand must be empty). You can hold one block at a time. Current state: Blocks a, b, c, d, e, f, g, and h are clear and on the table. The hand is empty. Goal: Block a is on block c, block b is on block a, block c is on block g, block d is on the table, block e is on block d, block f is on block b, block g is on block e, block h is on block f. Respond with a numbered list of actions only. Each action must be exactly one of: pick-up X / put-down X / stack X Y / unstack X Y. No explanation. No extra text.","pick-up e
stack e d
pick-up g
stack g e
pick-up c
stack c g
pick-up a
stack a c
pick-up b
stack b a
pick-up f
stack f b
pick-up h
stack h f",planning_suite,mystery_blocksworld,hard,high,type=planbench_mystery | dataset=planbench | filename=instance-118.pddl | path=plan-bench/instances/blocksworld/mystery/generated/instance-118.pddl,verify_mystery_blocksworld_plan,num_blocks=8,Stage1 PlanBench MBW canonical extraction | w6_seed=3008909726
MBW_500,W1,"A robotic arm must execute actions. The possible actions are: attack X (needs harmony, province X, planet X all true), succumb X (needs pain X true), overcome X Y (needs province Y plus pain X true), feast X Y (needs craves X Y, province X, harmony true). Present conditions: Harmony holds true, while planet and province hold true for blocks a, b, c, d, e, f, g, h, i, and k. Objective: Make true craves a e, craves e b, craves b k, craves k h, craves h c, craves c f, craves f i, craves i d, and craves d g. Give only a numbered action sequence. All actions must be precisely: attack X / succumb X / overcome X Y / feast X Y. No explanations. No additional content.","attack d
overcome d g
attack i
overcome i d
attack f
overcome f i
attack c
overcome c f
attack h
overcome h c
attack k
overcome k h
attack b
overcome b k
attack e
overcome e b
attack a
overcome a e",planning_suite,mystery_blocksworld,hard,high,type=planbench_mystery | dataset=planbench | filename=instance-122.pddl | path=plan-bench/instances/blocksworld/mystery/generated/instance-122.pddl,verify_mystery_blocksworld_plan,num_blocks=10,Stage1 PlanBench MBW canonical extraction
MBW_500,W2,"You are a robot arm. Available actions: attack X (requires harmony, province X, planet X to be true), succumb X (requires pain X to be true), overcome X Y (requires province Y and pain X to be true), feast X Y (requires craves X Y, province X, harmony to be true).

Initial state:
| Block | Position |
|-------|----------|
| a | province, planet |
| b | province, planet |
| c | province, planet |
| d | province, planet |
| e | province, planet |
| f | province, planet |
| g | province, planet |
| h | province, planet |
| i | province, planet |
| k | province, planet |

Goal:
| Block | Target Position |
|-------|-----------------|
| a | craves e |
| e | craves b |
| b | craves k |
| k | craves h |
| h | craves c |
| c | craves f |
| f | craves i |
| i | craves d |
| d | craves g |

What sequence of actions achieves the goal?","attack d
overcome d g
attack i
overcome i d
attack f
overcome f i
attack c
overcome c f
attack h
overcome h c
attack k
overcome k h
attack b
overcome b k
attack e
overcome e b
attack a
overcome a e",planning_suite,mystery_blocksworld,hard,high,type=planbench_mystery | dataset=planbench | filename=instance-122.pddl | path=plan-bench/instances/blocksworld/mystery/generated/instance-122.pddl,verify_mystery_blocksworld_plan,num_blocks=10,Stage1 PlanBench MBW canonical extraction
MBW_500,W3,"You are Alpha_Base robot arm. Available actions: deploy_forces X (requires harmony, province X, planet X to be true), surrender_position X (requires pain X to be true), capture_territory X Y (requires province Y and pain X to be true), establish_supply_line X Y (requires craves X Y, province X, harmony to be true). Current state: Harmony is true, and planet and province are true for blocks Alpha_Base, Bravo_Base, Charlie_Base, Delta_Base, Echo_Base, Foxtrot_Base, Golf_Base, Hotel_Base, India_Base, and Kilo_Base. Goal: Craves Alpha_Base Echo_Base, craves Echo_Base Bravo_Base, craves Bravo_Base Kilo_Base, craves Kilo_Base Hotel_Base, craves Hotel_Base Charlie_Base, craves Charlie_Base Foxtrot_Base, craves Foxtrot_Base India_Base, craves India_Base Delta_Base, and craves Delta_Base Golf_Base are true. Respond with Alpha_Base numbered list of actions only. Each action must be exactly one of: deploy_forces X / surrender_position X / capture_territory X Y / establish_supply_line X Y. No explanation. No extra text.","deploy_forces Delta_Base
capture_territory Delta_Base Golf_Base
deploy_forces India_Base
capture_territory India_Base Delta_Base
deploy_forces Foxtrot_Base
capture_territory Foxtrot_Base India_Base
deploy_forces Charlie_Base
capture_territory Charlie_Base Foxtrot_Base
deploy_forces Hotel_Base
capture_territory Hotel_Base Charlie_Base
deploy_forces Kilo_Base
capture_territory Kilo_Base Hotel_Base
deploy_forces Bravo_Base
capture_territory Bravo_Base Kilo_Base
deploy_forces Echo_Base
capture_territory Echo_Base Bravo_Base
deploy_forces Alpha_Base
capture_territory Alpha_Base Echo_Base",planning_suite,mystery_blocksworld,hard,high,type=planbench_mystery | dataset=planbench | filename=instance-122.pddl | path=plan-bench/instances/blocksworld/mystery/generated/instance-122.pddl,verify_mystery_blocksworld_plan,num_blocks=10,"Stage1 PlanBench MBW canonical extraction | {""chosen_domain"": ""military"", ""entity_mapping"": {""a"": ""Alpha_Base"", ""b"": ""Bravo_Base"", ""c"": ""Charlie_Base"", ""d"": ""Delta_Base"", ""e"": ""Echo_Base"", ""f"": ""Foxtrot_Base"", ""g"": ""Golf_Base"", ""h"": ""Hotel_Base"", ""i"": ""India_Base"", ""k"": ""Kilo_Base""}, ""action_mapping"": {""attack"": ""deploy_forces"", ""succumb"": ""surrender_position"", ""overcome"": ""capture_territory"", ""feast"": ""establish_supply_line""}}"
MBW_500,W4,"FORMAL DEFINITION:
π = ⟨B, S₀, S*, A⟩ (Mystery Blocksworld)

INITIAL STATE S₀:
harmony is true, and planet and province are true for blocks a, b, c, d, e, f, g, h, i, and k.

GOAL STATE S*:
craves a e, craves e b, craves b k, craves k h, craves h c, craves c f, craves f i, craves i d, and craves d g are true.

ACTIONS:
attack(x): Pre: province(x), planet(x), harmony
succumb(x): Pre: pain(x)
overcome(x,y): Pre: pain(x), province(y)
feast(x,y): Pre: craves(x,y), province(x), harmony

TASK:
Find plan achieving S* from S₀.

OUTPUT FORMAT:
Return a numbered list of actions only.
No explanation. No extra text.","attack d
overcome d g
attack i
overcome i d
attack f
overcome f i
attack c
overcome c f
attack h
overcome h c
attack k
overcome k h
attack b
overcome b k
attack e
overcome e b
attack a
overcome a e",planning_suite,mystery_blocksworld,hard,high,type=planbench_mystery | dataset=planbench | filename=instance-122.pddl | path=plan-bench/instances/blocksworld/mystery/generated/instance-122.pddl,verify_mystery_blocksworld_plan,num_blocks=10,Stage1 PlanBench MBW canonical extraction
MBW_500,W5,"You are a robot arm. Available actions: attack X (requires harmony, province X, planet X to be true), succumb X (requires pain X to be true), overcome X Y (requires province Y and pain X to be true), feast X Y (requires craves X Y, province X, harmony to be true). Current state: Harmony is true, and planet and province are true for blocks a, b, c, d, e, f, g, h, i, and k. Goal: Craves a e, craves e b, craves b k, craves k h, craves h c, craves c f, craves f i, craves i d, and craves d g are true. Respond with a numbered list of actions only. Each action must be exactly one of: attack X / succumb X / overcome X Y / feast X Y. No explanation. No extra text.","feast a e
succumb a
feast e b
succumb e
feast b k
succumb b
feast k h
succumb k
feast h c
succumb h
feast c f
succumb c
feast f i
succumb f
feast i d
succumb i
feast d g
succumb d",planning_suite,mystery_blocksworld,hard,high,type=planbench_mystery | dataset=planbench | filename=instance-122.pddl | path=plan-bench/instances/blocksworld/mystery/generated/instance-122.pddl,verify_mystery_blocksworld_plan,num_blocks=10,Stage1 PlanBench MBW canonical extraction | MBW_W5_NEEDS_MANUAL_REVIEW | W5_MBw_PLAN_UNVERIFIED
MBW_500,W6,"You are a robot arm. Available actions: pick-up X (X must be clear and on the table, hand must be empty), put-down X (place X on the table), stack X Y (place X on Y; Y must be clear, you must be holding X), unstack X Y (pick up X from Y; X must be clear, hand must be empty). You can hold one block at a time. Current state: Blocks a, b, c, d, e, f, g, h, i, and j are clear and on the table. The hand is empty. Goal: Block a is on block d, block b is on block g, block c is on block e, block d is on block j, block e is on the table, block f is on block i, block g is on block h, block h is on block f, block i is on block a, block j is on block c. Respond with a numbered list of actions only. Each action must be exactly one of: pick-up X / put-down X / stack X Y / unstack X Y. No explanation. No extra text.","pick-up c
stack c e
pick-up j
stack j c
pick-up d
stack d j
pick-up a
stack a d
pick-up i
stack i a
pick-up f
stack f i
pick-up h
stack h f
pick-up g
stack g h
pick-up b
stack b g",planning_suite,mystery_blocksworld,hard,high,type=planbench_mystery | dataset=planbench | filename=instance-122.pddl | path=plan-bench/instances/blocksworld/mystery/generated/instance-122.pddl,verify_mystery_blocksworld_plan,num_blocks=10,Stage1 PlanBench MBW canonical extraction | w6_seed=1505714011
BW_496,canonical,"You are a robot arm. Available actions: pick-up X (X must be clear and on the table, hand must be empty), put-down X (place X on the table), stack X Y (place X on Y; Y must be clear, you must be holding X), unstack X Y (pick up X from Y; X must be clear, hand must be empty). You can hold one block at a time. Current state: Blocks a, c, d, e, f, g, h, i, j, k, and l are clear and on the table, and the hand is empty. Goal: Block j is on block h, block h is on block l, block l is on block a, block a is on block e, block e is on block g, block g is on block k, block k is on block d, block d is on block c, block c is on block f, and block f is on block i. Respond with a numbered list of actions only. Each action must be exactly one of: pick-up X / put-down X / stack X Y / unstack X Y. No explanation. No extra text.","pick-up f
stack f i
pick-up c
stack c f
pick-up d
stack d c
pick-up k
stack k d
pick-up g
stack g k
pick-up e
stack e g
pick-up a
stack a e
pick-up l
stack l a
pick-up h
stack h l
pick-up j
stack j h",planning_suite,blocksworld,hard,high,type=planbench_original | dataset=planbench | filename=instance-101.pddl | path=plan-bench/instances/blocksworld/generated/instance-101.pddl,verify_blocksworld_plan,"{""critical_step_index"": 10, ""plan_length"": 20, ""computed_from"": ""correct_answer_midpoint""}",Stage1 PlanBench canonical extraction
BW_497,canonical,"You are a robot arm. Available actions: pick-up X (X must be clear and on the table, hand must be empty), put-down X (place X on the table), stack X Y (place X on Y; Y must be clear, you must be holding X), unstack X Y (pick up X from Y; X must be clear, hand must be empty). You can hold one block at a time. Current state: Blocks c, e, and l are clear and on the table, and the hand is empty. Goal: Block l is on block e, and block e is on block c. Respond with a numbered list of actions only. Each action must be exactly one of: pick-up X / put-down X / stack X Y / unstack X Y. No explanation. No extra text.","pick-up e
stack e c
pick-up l
stack l e",planning_suite,blocksworld,easy,high,type=planbench_original | dataset=planbench | filename=instance-102.pddl | path=plan-bench/instances/blocksworld/generated/instance-102.pddl,verify_blocksworld_plan,"{""critical_step_index"": 2, ""plan_length"": 4, ""computed_from"": ""correct_answer_midpoint""}",Stage1 PlanBench canonical extraction
BW_498,canonical,"You are a robot arm. Available actions: pick-up X (X must be clear and on the table, hand must be empty), put-down X (place X on the table), stack X Y (place X on Y; Y must be clear, you must be holding X), unstack X Y (pick up X from Y; X must be clear, hand must be empty). You can hold one block at a time. Current state: Blocks a, b, c, d, e, f, g, j, k, and l are clear and on the table, and the hand is empty. Goal: Block k is on block j, block j is on block e, block e is on block c, block c is on block b, block b is on block f, block f is on block d, block d is on block l, block l is on block a, and block a is on block g. Respond with a numbered list of actions only. Each action must be exactly one of: pick-up X / put-down X / stack X Y / unstack X Y. No explanation. No extra text.","pick-up a
stack a g
pick-up l
stack l a
pick-up d
stack d l
pick-up f
stack f d
pick-up b
stack b f
pick-up c
stack c b
pick-up e
stack e c
pick-up j
stack j e
pick-up k
stack k j",planning_suite,blocksworld,hard,high,type=planbench_original | dataset=planbench | filename=instance-103.pddl | path=plan-bench/instances/blocksworld/generated/instance-103.pddl,verify_blocksworld_plan,"{""critical_step_index"": 9, ""plan_length"": 18, ""computed_from"": ""correct_answer_midpoint""}",Stage1 PlanBench canonical extraction
BW_499,canonical,"You are a robot arm. Available actions: pick-up X (X must be clear and on the table, hand must be empty), put-down X (place X on the table), stack X Y (place X on Y; Y must be clear, you must be holding X), unstack X Y (pick up X from Y; X must be clear, hand must be empty). You can hold one block at a time. Current state: Blocks a, c, e, j, and l are clear and on the table, and the hand is empty. Goal: Block j is on block a, block a is on block c, block c is on block e, and block e is on block l. Respond with a numbered list of actions only. Each action must be exactly one of: pick-up X / put-down X / stack X Y / unstack X Y. No explanation. No extra text.","pick-up e
stack e l
pick-up c
stack c e
pick-up a
stack a c
pick-up j
stack j a",planning_suite,blocksworld,medium,high,type=planbench_original | dataset=planbench | filename=instance-104.pddl | path=plan-bench/instances/blocksworld/generated/instance-104.pddl,verify_blocksworld_plan,"{""critical_step_index"": 4, ""plan_length"": 8, ""computed_from"": ""correct_answer_midpoint""}",Stage1 PlanBench canonical extraction
BW_500,canonical,"You are a robot arm. Available actions: pick-up X (X must be clear and on the table, hand must be empty), put-down X (place X on the table), stack X Y (place X on Y; Y must be clear, you must be holding X), unstack X Y (pick up X from Y; X must be clear, hand must be empty). You can hold one block at a time. Current state: Blocks a, b, c, d, e, g, k, and l are clear and on the table, and the hand is empty. Goal: Block e is on block k, block k is on block d, block d is on block a, block a is on block g, block g is on block c, block c is on block b, and block b is on block l. Respond with a numbered list of actions only. Each action must be exactly one of: pick-up X / put-down X / stack X Y / unstack X Y. No explanation. No extra text.","pick-up b
stack b l
pick-up c
stack c b
pick-up g
stack g c
pick-up a
stack a g
pick-up d
stack d a
pick-up k
stack k d
pick-up e
stack e k",planning_suite,blocksworld,hard,high,type=planbench_original | dataset=planbench | filename=instance-105.pddl | path=plan-bench/instances/blocksworld/generated/instance-105.pddl,verify_blocksworld_plan,"{""critical_step_index"": 7, ""plan_length"": 14, ""computed_from"": ""correct_answer_midpoint""}",Stage1 PlanBench canonical extraction
BW_501,canonical,"You are a robot arm. Available actions: pick-up X (X must be clear and on the table, hand must be empty), put-down X (place X on the table), stack X Y (place X on Y; Y must be clear, you must be holding X), unstack X Y (pick up X from Y; X must be clear, hand must be empty). You can hold one block at a time. Current state: Blocks a, c, d, e, g, i, j, and k are clear and on the table, and the hand is empty. Goal: Block c is on block i, block i is on block k, block k is on block a, block a is on block e, block e is on block g, block g is on block j, and block j is on block d. Respond with a numbered list of actions only. Each action must be exactly one of: pick-up X / put-down X / stack X Y / unstack X Y. No explanation. No extra text.","pick-up j
stack j d
pick-up g
stack g j
pick-up e
stack e g
pick-up a
stack a e
pick-up k
stack k a
pick-up i
stack i k
pick-up c
stack c i",planning_suite,blocksworld,hard,high,type=planbench_original | dataset=planbench | filename=instance-106.pddl | path=plan-bench/instances/blocksworld/generated/instance-106.pddl,verify_blocksworld_plan,"{""critical_step_index"": 7, ""plan_length"": 14, ""computed_from"": ""correct_answer_midpoint""}",Stage1 PlanBench canonical extraction
BW_502,canonical,"You are a robot arm. Available actions: pick-up X (X must be clear and on the table, hand must be empty), put-down X (place X on the table), stack X Y (place X on Y; Y must be clear, you must be holding X), unstack X Y (pick up X from Y; X must be clear, hand must be empty). You can hold one block at a time. Current state: Blocks d, e, h, and i are clear and on the table, and the hand is empty. Goal: Block d is on block h, block h is on block i, and block i is on block e. Respond with a numbered list of actions only. Each action must be exactly one of: pick-up X / put-down X / stack X Y / unstack X Y. No explanation. No extra text.","pick-up i
stack i e
pick-up h
stack h i
pick-up d
stack d h",planning_suite,blocksworld,easy,high,type=planbench_original | dataset=planbench | filename=instance-107.pddl | path=plan-bench/instances/blocksworld/generated/instance-107.pddl,verify_blocksworld_plan,"{""critical_step_index"": 3, ""plan_length"": 6, ""computed_from"": ""correct_answer_midpoint""}",Stage1 PlanBench canonical extraction
BW_503,canonical,"You are a robot arm. Available actions: pick-up X (X must be clear and on the table, hand must be empty), put-down X (place X on the table), stack X Y (place X on Y; Y must be clear, you must be holding X), unstack X Y (pick up X from Y; X must be clear, hand must be empty). You can hold one block at a time. Current state: Blocks a, b, c, d, e, f, g, h, i, j, k, and l are clear and on the table, and the hand is empty. Goal: Block f is on block g, block g is on block a, block a is on block c, block c is on block d, block d is on block h, block h is on block k, block k is on block j, block j is on block b, block b is on block e, block e is on block i, and block i is on block l. Respond with a numbered list of actions only. Each action must be exactly one of: pick-up X / put-down X / stack X Y / unstack X Y. No explanation. No extra text.","pick-up i
stack i l
pick-up e
stack e i
pick-up b
stack b e
pick-up j
stack j b
pick-up k
stack k j
pick-up h
stack h k
pick-up d
stack d h
pick-up c
stack c d
pick-up a
stack a c
pick-up g
stack g a
pick-up f
stack f g",planning_suite,blocksworld,hard,high,type=planbench_original | dataset=planbench | filename=instance-108.pddl | path=plan-bench/instances/blocksworld/generated/instance-108.pddl,verify_blocksworld_plan,"{""critical_step_index"": 11, ""plan_length"": 22, ""computed_from"": ""correct_answer_midpoint""}",Stage1 PlanBench canonical extraction
BW_504,canonical,"You are a robot arm. Available actions: pick-up X (X must be clear and on the table, hand must be empty), put-down X (place X on the table), stack X Y (place X on Y; Y must be clear, you must be holding X), unstack X Y (pick up X from Y; X must be clear, hand must be empty). You can hold one block at a time. Current state: Blocks a, b, e, f, h, k, and l are clear and on the table, and the hand is empty. Goal: Block a is on block h, block h is on block f, block f is on block k, block k is on block e, block e is on block l, and block l is on block b. Respond with a numbered list of actions only. Each action must be exactly one of: pick-up X / put-down X / stack X Y / unstack X Y. No explanation. No extra text.","pick-up l
stack l b
pick-up e
stack e l
pick-up k
stack k e
pick-up f
stack f k
pick-up h
stack h f
pick-up a
stack a h",planning_suite,blocksworld,medium,high,type=planbench_original | dataset=planbench | filename=instance-109.pddl | path=plan-bench/instances/blocksworld/generated/instance-109.pddl,verify_blocksworld_plan,"{""critical_step_index"": 6, ""plan_length"": 12, ""computed_from"": ""correct_answer_midpoint""}",Stage1 PlanBench canonical extraction
BW_505,canonical,"You are a robot arm. Available actions: pick-up X (X must be clear and on the table, hand must be empty), put-down X (place X on the table), stack X Y (place X on Y; Y must be clear, you must be holding X), unstack X Y (pick up X from Y; X must be clear, hand must be empty). You can hold one block at a time. Current state: Blocks b, c, d, g, and h are clear and on the table, and the hand is empty. Goal: Block c is on block d, block d is on block g, block g is on block b, and block b is on block h. Respond with a numbered list of actions only. Each action must be exactly one of: pick-up X / put-down X / stack X Y / unstack X Y. No explanation. No extra text.","pick-up b
stack b h
pick-up g
stack g b
pick-up d
stack d g
pick-up c
stack c d",planning_suite,blocksworld,medium,high,type=planbench_original | dataset=planbench | filename=instance-110.pddl | path=plan-bench/instances/blocksworld/generated/instance-110.pddl,verify_blocksworld_plan,"{""critical_step_index"": 4, ""plan_length"": 8, ""computed_from"": ""correct_answer_midpoint""}",Stage1 PlanBench canonical extraction
BW_506,canonical,"You are a robot arm. Available actions: pick-up X (X must be clear and on the table, hand must be empty), put-down X (place X on the table), stack X Y (place X on Y; Y must be clear, you must be holding X), unstack X Y (pick up X from Y; X must be clear, hand must be empty). You can hold one block at a time. Current state: Blocks b, f, and g are clear and on the table, and the hand is empty. Goal: Block g is on block b, and block b is on block f. Respond with a numbered list of actions only. Each action must be exactly one of: pick-up X / put-down X / stack X Y / unstack X Y. No explanation. No extra text.","pick-up b
stack b f
pick-up g
stack g b",planning_suite,blocksworld,easy,high,type=planbench_original | dataset=planbench | filename=instance-113.pddl | path=plan-bench/instances/blocksworld/generated/instance-113.pddl,verify_blocksworld_plan,"{""critical_step_index"": 2, ""plan_length"": 4, ""computed_from"": ""correct_answer_midpoint""}",Stage1 PlanBench canonical extraction
BW_507,canonical,"You are a robot arm. Available actions: pick-up X (X must be clear and on the table, hand must be empty), put-down X (place X on the table), stack X Y (place X on Y; Y must be clear, you must be holding X), unstack X Y (pick up X from Y; X must be clear, hand must be empty). You can hold one block at a time. Current state: Blocks e, h, and j are clear and on the table, and the hand is empty. Goal: Block j is on block h, and block h is on block e. Respond with a numbered list of actions only. Each action must be exactly one of: pick-up X / put-down X / stack X Y / unstack X Y. No explanation. No extra text.","pick-up h
stack h e
pick-up j
stack j h",planning_suite,blocksworld,easy,high,type=planbench_original | dataset=planbench | filename=instance-115.pddl | path=plan-bench/instances/blocksworld/generated/instance-115.pddl,verify_blocksworld_plan,"{""critical_step_index"": 2, ""plan_length"": 4, ""computed_from"": ""correct_answer_midpoint""}",Stage1 PlanBench canonical extraction
BW_508,canonical,"You are a robot arm. Available actions: pick-up X (X must be clear and on the table, hand must be empty), put-down X (place X on the table), stack X Y (place X on Y; Y must be clear, you must be holding X), unstack X Y (pick up X from Y; X must be clear, hand must be empty). You can hold one block at a time. Current state: Blocks b, c, e, f, and g are clear and on the table, and the hand is empty. Goal: Block e is on block c, block c is on block g, block g is on block b, and block b is on block f. Respond with a numbered list of actions only. Each action must be exactly one of: pick-up X / put-down X / stack X Y / unstack X Y. No explanation. No extra text.","pick-up b
stack b f
pick-up g
stack g b
pick-up c
stack c g
pick-up e
stack e c",planning_suite,blocksworld,medium,high,type=planbench_original | dataset=planbench | filename=instance-116.pddl | path=plan-bench/instances/blocksworld/generated/instance-116.pddl,verify_blocksworld_plan,"{""critical_step_index"": 4, ""plan_length"": 8, ""computed_from"": ""correct_answer_midpoint""}",Stage1 PlanBench canonical extraction
BW_509,canonical,"You are a robot arm. Available actions: pick-up X (X must be clear and on the table, hand must be empty), put-down X (place X on the table), stack X Y (place X on Y; Y must be clear, you must be holding X), unstack X Y (pick up X from Y; X must be clear, hand must be empty). You can hold one block at a time. Current state: Blocks d, f, h, i, and j are clear and on the table, and the hand is empty. Goal: Block h is on block d, block d is on block f, block f is on block j, and block j is on block i. Respond with a numbered list of actions only. Each action must be exactly one of: pick-up X / put-down X / stack X Y / unstack X Y. No explanation. No extra text.","pick-up j
stack j i
pick-up f
stack f j
pick-up d
stack d f
pick-up h
stack h d",planning_suite,blocksworld,medium,high,type=planbench_original | dataset=planbench | filename=instance-117.pddl | path=plan-bench/instances/blocksworld/generated/instance-117.pddl,verify_blocksworld_plan,"{""critical_step_index"": 4, ""plan_length"": 8, ""computed_from"": ""correct_answer_midpoint""}",Stage1 PlanBench canonical extraction
BW_510,canonical,"You are a robot arm. Available actions: pick-up X (X must be clear and on the table, hand must be empty), put-down X (place X on the table), stack X Y (place X on Y; Y must be clear, you must be holding X), unstack X Y (pick up X from Y; X must be clear, hand must be empty). You can hold one block at a time. Current state: Blocks a, c, h, i, j, k, and l are clear and on the table, and the hand is empty. Goal: Block k is on block j, block j is on block a, block a is on block c, block c is on block l, block l is on block h, and block h is on block i. Respond with a numbered list of actions only. Each action must be exactly one of: pick-up X / put-down X / stack X Y / unstack X Y. No explanation. No extra text.","pick-up h
stack h i
pick-up l
stack l h
pick-up c
stack c l
pick-up a
stack a c
pick-up j
stack j a
pick-up k
stack k j",planning_suite,blocksworld,medium,high,type=planbench_original | dataset=planbench | filename=instance-119.pddl | path=plan-bench/instances/blocksworld/generated/instance-119.pddl,verify_blocksworld_plan,"{""critical_step_index"": 6, ""plan_length"": 12, ""computed_from"": ""correct_answer_midpoint""}",Stage1 PlanBench canonical extraction
BW_511,canonical,"You are a robot arm. Available actions: pick-up X (X must be clear and on the table, hand must be empty), put-down X (place X on the table), stack X Y (place X on Y; Y must be clear, you must be holding X), unstack X Y (pick up X from Y; X must be clear, hand must be empty). You can hold one block at a time. Current state: Blocks f, i, k, and l are clear and on the table, and the hand is empty. Goal: Block i is on block k, block k is on block l, and block l is on block f. Respond with a numbered list of actions only. Each action must be exactly one of: pick-up X / put-down X / stack X Y / unstack X Y. No explanation. No extra text.","pick-up l
stack l f
pick-up k
stack k l
pick-up i
stack i k",planning_suite,blocksworld,easy,high,type=planbench_original | dataset=planbench | filename=instance-12.pddl | path=plan-bench/instances/blocksworld/generated/instance-12.pddl,verify_blocksworld_plan,"{""critical_step_index"": 3, ""plan_length"": 6, ""computed_from"": ""correct_answer_midpoint""}",Stage1 PlanBench canonical extraction
BW_512,canonical,"You are a robot arm. Available actions: pick-up X (X must be clear and on the table, hand must be empty), put-down X (place X on the table), stack X Y (place X on Y; Y must be clear, you must be holding X), unstack X Y (pick up X from Y; X must be clear, hand must be empty). You can hold one block at a time. Current state: Blocks c, e, f, h, i, and j are clear and on the table, and the hand is empty. Goal: Block c is on block j, block j is on block e, block e is on block h, block h is on block i, and block i is on block f. Respond with a numbered list of actions only. Each action must be exactly one of: pick-up X / put-down X / stack X Y / unstack X Y. No explanation. No extra text.","pick-up i
stack i f
pick-up h
stack h i
pick-up e
stack e h
pick-up j
stack j e
pick-up c
stack c j",planning_suite,blocksworld,medium,high,type=planbench_original | dataset=planbench | filename=instance-121.pddl | path=plan-bench/instances/blocksworld/generated/instance-121.pddl,verify_blocksworld_plan,"{""critical_step_index"": 5, ""plan_length"": 10, ""computed_from"": ""correct_answer_midpoint""}",Stage1 PlanBench canonical extraction
BW_513,canonical,"You are a robot arm. Available actions: pick-up X (X must be clear and on the table, hand must be empty), put-down X (place X on the table), stack X Y (place X on Y; Y must be clear, you must be holding X), unstack X Y (pick up X from Y; X must be clear, hand must be empty). You can hold one block at a time. Current state: Blocks a, c, d, e, f, i, and l are clear and on the table, and the hand is empty. Goal: Block c is on block e, block e is on block f, block f is on block i, block i is on block a, block a is on block d, and block d is on block l. Respond with a numbered list of actions only. Each action must be exactly one of: pick-up X / put-down X / stack X Y / unstack X Y. No explanation. No extra text.","pick-up d
stack d l
pick-up a
stack a d
pick-up i
stack i a
pick-up f
stack f i
pick-up e
stack e f
pick-up c
stack c e",planning_suite,blocksworld,medium,high,type=planbench_original | dataset=planbench | filename=instance-129.pddl | path=plan-bench/instances/blocksworld/generated/instance-129.pddl,verify_blocksworld_plan,"{""critical_step_index"": 6, ""plan_length"": 12, ""computed_from"": ""correct_answer_midpoint""}",Stage1 PlanBench canonical extraction
BW_514,canonical,"You are a robot arm. Available actions: pick-up X (X must be clear and on the table, hand must be empty), put-down X (place X on the table), stack X Y (place X on Y; Y must be clear, you must be holding X), unstack X Y (pick up X from Y; X must be clear, hand must be empty). You can hold one block at a time. Current state: Blocks a, b, c, e, g, and j are clear and on the table, and the hand is empty. Goal: Block c is on block j, block j is on block a, block a is on block g, block g is on block e, and block e is on block b. Respond with a numbered list of actions only. Each action must be exactly one of: pick-up X / put-down X / stack X Y / unstack X Y. No explanation. No extra text.","pick-up e
stack e b
pick-up g
stack g e
pick-up a
stack a g
pick-up j
stack j a
pick-up c
stack c j",planning_suite,blocksworld,medium,high,type=planbench_original | dataset=planbench | filename=instance-144.pddl | path=plan-bench/instances/blocksworld/generated/instance-144.pddl,verify_blocksworld_plan,"{""critical_step_index"": 5, ""plan_length"": 10, ""computed_from"": ""correct_answer_midpoint""}",Stage1 PlanBench canonical extraction
BW_515,canonical,"You are a robot arm. Available actions: pick-up X (X must be clear and on the table, hand must be empty), put-down X (place X on the table), stack X Y (place X on Y; Y must be clear, you must be holding X), unstack X Y (pick up X from Y; X must be clear, hand must be empty). You can hold one block at a time. Current state: Blocks a, d, e, g, i, and k are clear and on the table, and the hand is empty. Goal: Block g is on block e, block e is on block k, block k is on block a, block a is on block d, and block d is on block i. Respond with a numbered list of actions only. Each action must be exactly one of: pick-up X / put-down X / stack X Y / unstack X Y. No explanation. No extra text.","pick-up d
stack d i
pick-up a
stack a d
pick-up k
stack k a
pick-up e
stack e k
pick-up g
stack g e",planning_suite,blocksworld,medium,high,type=planbench_original | dataset=planbench | filename=instance-146.pddl | path=plan-bench/instances/blocksworld/generated/instance-146.pddl,verify_blocksworld_plan,"{""critical_step_index"": 5, ""plan_length"": 10, ""computed_from"": ""correct_answer_midpoint""}",Stage1 PlanBench canonical extraction
MBW_496,canonical,"You are a robot arm. Available actions: attack X (requires harmony, province X, planet X to be true), succumb X (requires pain X to be true), overcome X Y (requires province Y and pain X to be true), feast X Y (requires craves X Y, province X, harmony to be true). Current state: Harmony is true, and planet and province are true for blocks a, c, d, e, f, g, h, i, j, and l. Goal: Craves i f, craves f h, craves h g, craves g d, craves d e, craves e a, craves a c, craves c j, and craves j l are true. Respond with a numbered list of actions only. Each action must be exactly one of: attack X / succumb X / overcome X Y / feast X Y. No explanation. No extra text.","attack j
overcome j l
attack c
overcome c j
attack a
overcome a c
attack e
overcome e a
attack d
overcome d e
attack g
overcome g d
attack h
overcome h g
attack f
overcome f h
attack i
overcome i f",planning_suite,mystery_blocksworld,hard,high,type=planbench_mystery | dataset=planbench | filename=instance-111.pddl | path=plan-bench/instances/blocksworld/mystery/generated/instance-111.pddl,verify_mystery_blocksworld_plan,"{""critical_step_index"": 9, ""plan_length"": 18, ""computed_from"": ""correct_answer_midpoint""}",Stage1 PlanBench MBW canonical extraction
MBW_497,canonical,"You are a robot arm. Available actions: attack X (requires harmony, province X, planet X to be true), succumb X (requires pain X to be true), overcome X Y (requires province Y and pain X to be true), feast X Y (requires craves X Y, province X, harmony to be true). Current state: Harmony is true, and planet and province are true for blocks a, c, d, e, f, h, i, j, k, and l. Goal: Craves k a, craves a f, craves f c, craves c d, craves d l, craves l i, craves i h, craves h e, and craves e j are true. Respond with a numbered list of actions only. Each action must be exactly one of: attack X / succumb X / overcome X Y / feast X Y. No explanation. No extra text.","attack e
overcome e j
attack h
overcome h e
attack i
overcome i h
attack l
overcome l i
attack d
overcome d l
attack c
overcome c d
attack f
overcome f c
attack a
overcome a f
attack k
overcome k a",planning_suite,mystery_blocksworld,hard,high,type=planbench_mystery | dataset=planbench | filename=instance-112.pddl | path=plan-bench/instances/blocksworld/mystery/generated/instance-112.pddl,verify_mystery_blocksworld_plan,"{""critical_step_index"": 9, ""plan_length"": 18, ""computed_from"": ""correct_answer_midpoint""}",Stage1 PlanBench MBW canonical extraction
MBW_498,canonical,"You are a robot arm. Available actions: attack X (requires harmony, province X, planet X to be true), succumb X (requires pain X to be true), overcome X Y (requires province Y and pain X to be true), feast X Y (requires craves X Y, province X, harmony to be true). Current state: Harmony is true, and planet and province are true for blocks a, b, c, d, e, f, g, h, i, j, k, and l. Goal: Craves l e, craves e d, craves d g, craves g a, craves a h, craves h c, craves c k, craves k b, craves b i, craves i j, and craves j f are true. Respond with a numbered list of actions only. Each action must be exactly one of: attack X / succumb X / overcome X Y / feast X Y. No explanation. No extra text.","attack j
overcome j f
attack i
overcome i j
attack b
overcome b i
attack k
overcome k b
attack c
overcome c k
attack h
overcome h c
attack a
overcome a h
attack g
overcome g a
attack d
overcome d g
attack e
overcome e d
attack l
overcome l e",planning_suite,mystery_blocksworld,hard,high,type=planbench_mystery | dataset=planbench | filename=instance-114.pddl | path=plan-bench/instances/blocksworld/mystery/generated/instance-114.pddl,verify_mystery_blocksworld_plan,"{""critical_step_index"": 11, ""plan_length"": 22, ""computed_from"": ""correct_answer_midpoint""}",Stage1 PlanBench MBW canonical extraction
MBW_499,canonical,"You are a robot arm. Available actions: attack X (requires harmony, province X, planet X to be true), succumb X (requires pain X to be true), overcome X Y (requires province Y and pain X to be true), feast X Y (requires craves X Y, province X, harmony to be true). Current state: Harmony is true, and planet and province are true for blocks a, b, c, d, f, h, j, and l. Goal: Craves l c, craves c b, craves b f, craves f j, craves j d, craves d a, and craves a h are true. Respond with a numbered list of actions only. Each action must be exactly one of: attack X / succumb X / overcome X Y / feast X Y. No explanation. No extra text.","attack a
overcome a h
attack d
overcome d a
attack j
overcome j d
attack f
overcome f j
attack b
overcome b f
attack c
overcome c b
attack l
overcome l c",planning_suite,mystery_blocksworld,hard,high,type=planbench_mystery | dataset=planbench | filename=instance-118.pddl | path=plan-bench/instances/blocksworld/mystery/generated/instance-118.pddl,verify_mystery_blocksworld_plan,"{""critical_step_index"": 7, ""plan_length"": 14, ""computed_from"": ""correct_answer_midpoint""}",Stage1 PlanBench MBW canonical extraction
MBW_500,canonical,"You are a robot arm. Available actions: attack X (requires harmony, province X, planet X to be true), succumb X (requires pain X to be true), overcome X Y (requires province Y and pain X to be true), feast X Y (requires craves X Y, province X, harmony to be true). Current state: Harmony is true, and planet and province are true for blocks a, b, c, d, e, f, g, h, i, and k. Goal: Craves a e, craves e b, craves b k, craves k h, craves h c, craves c f, craves f i, craves i d, and craves d g are true. Respond with a numbered list of actions only. Each action must be exactly one of: attack X / succumb X / overcome X Y / feast X Y. No explanation. No extra text.","attack d
overcome d g
attack i
overcome i d
attack f
overcome f i
attack c
overcome c f
attack h
overcome h c
attack k
overcome k h
attack b
overcome b k
attack e
overcome e b
attack a
overcome a e",planning_suite,mystery_blocksworld,hard,high,type=planbench_mystery | dataset=planbench | filename=instance-122.pddl | path=plan-bench/instances/blocksworld/mystery/generated/instance-122.pddl,verify_mystery_blocksworld_plan,"{""critical_step_index"": 9, ""plan_length"": 18, ""computed_from"": ""correct_answer_midpoint""}",Stage1 PlanBench MBW canonical extraction
BW_E_001,canonical,"You are a robot arm. Available actions: pick-up X (X must be clear and on the table, hand must be empty), put-down X (place X on the table), stack X Y (place X on Y; Y must be clear, you must be holding X), unstack X Y (pick up X from Y; X must be clear, hand must be empty). You can hold one block at a time. Current state: Blocks a, b, c, f, i, and j are clear and on the table, and the hand is empty. Goal: Block a is on block i, block i is on block c, block c is on block f, block f is on block j, and block j is on block b. Respond with a numbered list of actions only. Each action must be exactly one of: pick-up X / put-down X / stack X Y / unstack X Y. No explanation. No extra text.","pick-up j
stack j b
pick-up f
stack f j
pick-up c
stack c f
pick-up i
stack i c
pick-up a
stack a i",planning_suite,blocksworld,medium,low,type=procedural_bw_e | dataset=generated | seed=20260520 | filename=bwe-seed-20260520.pddl,verify_blocksworld_plan,"{""critical_step_index"": 5, ""plan_length"": 10, ""computed_from"": ""correct_answer_midpoint""}",Procedural BW_E generated with seed 20260520
BW_E_002,canonical,"You are a robot arm. Available actions: pick-up X (X must be clear and on the table, hand must be empty), put-down X (place X on the table), stack X Y (place X on Y; Y must be clear, you must be holding X), unstack X Y (pick up X from Y; X must be clear, hand must be empty). You can hold one block at a time. Current state: Blocks b, g, h, and i are clear and on the table, and the hand is empty. Goal: Block h is on block b, block b is on block g, and block g is on block i. Respond with a numbered list of actions only. Each action must be exactly one of: pick-up X / put-down X / stack X Y / unstack X Y. No explanation. No extra text.","pick-up g
stack g i
pick-up b
stack b g
pick-up h
stack h b",planning_suite,blocksworld,easy,low,type=procedural_bw_e | dataset=generated | seed=20260521 | filename=bwe-seed-20260521.pddl,verify_blocksworld_plan,"{""critical_step_index"": 3, ""plan_length"": 6, ""computed_from"": ""correct_answer_midpoint""}",Procedural BW_E generated with seed 20260521
BW_E_003,canonical,"You are a robot arm. Available actions: pick-up X (X must be clear and on the table, hand must be empty), put-down X (place X on the table), stack X Y (place X on Y; Y must be clear, you must be holding X), unstack X Y (pick up X from Y; X must be clear, hand must be empty). You can hold one block at a time. Current state: Blocks c, d, g, i, and j are clear and on the table, and the hand is empty. Goal: Block g is on block c, block c is on block i, block i is on block d, and block d is on block j. Respond with a numbered list of actions only. Each action must be exactly one of: pick-up X / put-down X / stack X Y / unstack X Y. No explanation. No extra text.","pick-up d
stack d j
pick-up i
stack i d
pick-up c
stack c i
pick-up g
stack g c",planning_suite,blocksworld,medium,low,type=procedural_bw_e | dataset=generated | seed=20260522 | filename=bwe-seed-20260522.pddl,verify_blocksworld_plan,"{""critical_step_index"": 4, ""plan_length"": 8, ""computed_from"": ""correct_answer_midpoint""}",Procedural BW_E generated with seed 20260522
BW_E_004,canonical,"You are a robot arm. Available actions: pick-up X (X must be clear and on the table, hand must be empty), put-down X (place X on the table), stack X Y (place X on Y; Y must be clear, you must be holding X), unstack X Y (pick up X from Y; X must be clear, hand must be empty). You can hold one block at a time. Current state: Blocks a, d, e, g, h, i, k, and l are clear and on the table, and the hand is empty. Goal: Block a is on block h, block h is on block k, block k is on block i, block i is on block e, block e is on block d, block d is on block g, and block g is on block l. Respond with a numbered list of actions only. Each action must be exactly one of: pick-up X / put-down X / stack X Y / unstack X Y. No explanation. No extra text.","pick-up g
stack g l
pick-up d
stack d g
pick-up e
stack e d
pick-up i
stack i e
pick-up k
stack k i
pick-up h
stack h k
pick-up a
stack a h",planning_suite,blocksworld,hard,low,type=procedural_bw_e | dataset=generated | seed=20260523 | filename=bwe-seed-20260523.pddl,verify_blocksworld_plan,"{""critical_step_index"": 7, ""plan_length"": 14, ""computed_from"": ""correct_answer_midpoint""}",Procedural BW_E generated with seed 20260523
BW_E_005,canonical,"You are a robot arm. Available actions: pick-up X (X must be clear and on the table, hand must be empty), put-down X (place X on the table), stack X Y (place X on Y; Y must be clear, you must be holding X), unstack X Y (pick up X from Y; X must be clear, hand must be empty). You can hold one block at a time. Current state: Blocks c, d, e, f, and l are clear and on the table, and the hand is empty. Goal: Block c is on block l, block l is on block d, block d is on block e, and block e is on block f. Respond with a numbered list of actions only. Each action must be exactly one of: pick-up X / put-down X / stack X Y / unstack X Y. No explanation. No extra text.","pick-up e
stack e f
pick-up d
stack d e
pick-up l
stack l d
pick-up c
stack c l",planning_suite,blocksworld,medium,low,type=procedural_bw_e | dataset=generated | seed=20260524 | filename=bwe-seed-20260524.pddl,verify_blocksworld_plan,"{""critical_step_index"": 4, ""plan_length"": 8, ""computed_from"": ""correct_answer_midpoint""}",Procedural BW_E generated with seed 20260524
