model,vri_structural,vri_vocabulary,vri_gap
anthropic/claude-3.7-sonnet,0.425,0.45,-0.025000000000000022
meta-llama/llama-3.1-8b-instruct,0.275,0.1,0.17500000000000002
openai/gpt-4o,0.32499999999999996,0.25,0.07499999999999996
